<?xml version="1.0"?>
<osm version="0.6" upload="false" generator="lanelet2">
  <node id="32440" visible="true" version="1" lat="49.9999325446" lon="9" />
  <node id="32441" visible="true" version="1" lat="49.9999325446" lon="9.00000697669" />
  <node id="32442" visible="true" version="1" lat="49.9999325446" lon="9.00001395339" />
  <node id="32443" visible="true" version="1" lat="49.9999325446" lon="9.00002093008" />
  <node id="32444" visible="true" version="1" lat="49.99993254459" lon="9.00002790678" />
  <node id="32445" visible="true" version="1" lat="49.99993254459" lon="9.00003488347" />
  <node id="32446" visible="true" version="1" lat="49.99993254459" lon="9.00004186017" />
  <node id="32447" visible="true" version="1" lat="49.99993254459" lon="9.00004883686" />
  <node id="32448" visible="true" version="1" lat="49.99993254458" lon="9.00005581356" />
  <node id="32449" visible="true" version="1" lat="49.99993254458" lon="9.00006279025" />
  <node id="32450" visible="true" version="1" lat="49.99993254458" lon="9.00006976695" />
  <node id="32451" visible="true" version="1" lat="49.99993254457" lon="9.00007674364" />
  <node id="32452" visible="true" version="1" lat="49.99993254457" lon="9.00008372034" />
  <node id="32453" visible="true" version="1" lat="49.99993254456" lon="9.00009069703" />
  <node id="32454" visible="true" version="1" lat="49.99993254456" lon="9.00009767372" />
  <node id="32455" visible="true" version="1" lat="49.99993254455" lon="9.00010465042" />
  <node id="32456" visible="true" version="1" lat="49.99993254454" lon="9.00011162711" />
  <node id="32457" visible="true" version="1" lat="49.99993254454" lon="9.00011860381" />
  <node id="32458" visible="true" version="1" lat="49.99993254453" lon="9.0001255805" />
  <node id="32459" visible="true" version="1" lat="49.99993254452" lon="9.0001325572" />
  <node id="32460" visible="true" version="1" lat="49.99993254451" lon="9.00013953389" />
  <node id="32461" visible="true" version="1" lat="49.99993254451" lon="9.00014651059" />
  <node id="32462" visible="true" version="1" lat="49.9999325445" lon="9.00015348728" />
  <node id="32463" visible="true" version="1" lat="49.99993254449" lon="9.00016046398" />
  <node id="32464" visible="true" version="1" lat="49.99993254448" lon="9.00016744067" />
  <node id="32465" visible="true" version="1" lat="49.99993254447" lon="9.00017441737" />
  <node id="32466" visible="true" version="1" lat="49.99993254446" lon="9.00018139406" />
  <node id="32467" visible="true" version="1" lat="49.99993254444" lon="9.00018837076" />
  <node id="32468" visible="true" version="1" lat="49.99993254443" lon="9.00019534745" />
  <node id="32469" visible="true" version="1" lat="49.99993254442" lon="9.00020232414" />
  <node id="32470" visible="true" version="1" lat="49.99993254441" lon="9.00020930084" />
  <node id="32471" visible="true" version="1" lat="49.9999325444" lon="9.00021627753" />
  <node id="32472" visible="true" version="1" lat="49.99993254438" lon="9.00022325423" />
  <node id="32473" visible="true" version="1" lat="49.99993254437" lon="9.00023023092" />
  <node id="32474" visible="true" version="1" lat="49.99993254436" lon="9.00023720762" />
  <node id="32475" visible="true" version="1" lat="49.99993254434" lon="9.00024418431" />
  <node id="32476" visible="true" version="1" lat="49.99993254433" lon="9.00025116101" />
  <node id="32477" visible="true" version="1" lat="49.99993254431" lon="9.0002581377" />
  <node id="32478" visible="true" version="1" lat="49.99993254429" lon="9.0002651144" />
  <node id="32479" visible="true" version="1" lat="49.99993254428" lon="9.00027209109" />
  <node id="32480" visible="true" version="1" lat="49.99993254426" lon="9.00027906779" />
  <node id="32481" visible="true" version="1" lat="49.99993254425" lon="9.00028604448" />
  <node id="32482" visible="true" version="1" lat="49.99993254423" lon="9.00029302117" />
  <node id="32483" visible="true" version="1" lat="49.99993254421" lon="9.00029999787" />
  <node id="32484" visible="true" version="1" lat="49.99993254419" lon="9.00030697456" />
  <node id="32485" visible="true" version="1" lat="49.99993254417" lon="9.00031395126" />
  <node id="32486" visible="true" version="1" lat="49.99993254415" lon="9.00032092795" />
  <node id="32487" visible="true" version="1" lat="49.99993254413" lon="9.00032790465" />
  <node id="32488" visible="true" version="1" lat="49.99993254411" lon="9.00033488134" />
  <node id="32489" visible="true" version="1" lat="49.99993254409" lon="9.00034185804" />
  <node id="32490" visible="true" version="1" lat="49.99993254407" lon="9.00034883473" />
  <node id="32491" visible="true" version="1" lat="49.99993254405" lon="9.00035581143" />
  <node id="32492" visible="true" version="1" lat="49.99993254403" lon="9.00036278812" />
  <node id="32493" visible="true" version="1" lat="49.99993254401" lon="9.00036976482" />
  <node id="32494" visible="true" version="1" lat="49.99993254399" lon="9.00037674151" />
  <node id="32495" visible="true" version="1" lat="49.99993254396" lon="9.00038371821" />
  <node id="32496" visible="true" version="1" lat="49.99993254394" lon="9.0003906949" />
  <node id="32497" visible="true" version="1" lat="49.99993254392" lon="9.00039767159" />
  <node id="32498" visible="true" version="1" lat="49.99993254389" lon="9.00040464829" />
  <node id="32499" visible="true" version="1" lat="49.99993254387" lon="9.00041162498" />
  <node id="32500" visible="true" version="1" lat="49.99993254384" lon="9.00041860168" />
  <node id="32501" visible="true" version="1" lat="49.99993254382" lon="9.00042557837" />
  <node id="32502" visible="true" version="1" lat="49.99993254379" lon="9.00043255507" />
  <node id="32503" visible="true" version="1" lat="49.99993254377" lon="9.00043953176" />
  <node id="32504" visible="true" version="1" lat="49.99993254374" lon="9.00044650846" />
  <node id="32505" visible="true" version="1" lat="49.99993254371" lon="9.00045348515" />
  <node id="32506" visible="true" version="1" lat="49.99993254368" lon="9.00046046185" />
  <node id="32507" visible="true" version="1" lat="49.99993254366" lon="9.00046743854" />
  <node id="32508" visible="true" version="1" lat="49.99993254363" lon="9.00047441524" />
  <node id="32509" visible="true" version="1" lat="49.9999325436" lon="9.00048139193" />
  <node id="32510" visible="true" version="1" lat="49.99993254357" lon="9.00048836862" />
  <node id="32511" visible="true" version="1" lat="49.99993254354" lon="9.00049534532" />
  <node id="32512" visible="true" version="1" lat="49.99993254351" lon="9.00050232201" />
  <node id="32513" visible="true" version="1" lat="49.99993254348" lon="9.00050929871" />
  <node id="32514" visible="true" version="1" lat="49.99993254345" lon="9.0005162754" />
  <node id="32515" visible="true" version="1" lat="49.99993254342" lon="9.0005232521" />
  <node id="32516" visible="true" version="1" lat="49.99993254339" lon="9.00053022879" />
  <node id="32517" visible="true" version="1" lat="49.99993254335" lon="9.00053720549" />
  <node id="32518" visible="true" version="1" lat="49.99993254332" lon="9.00054418218" />
  <node id="32519" visible="true" version="1" lat="49.99993254329" lon="9.00055115888" />
  <node id="32520" visible="true" version="1" lat="49.99993254326" lon="9.00055813557" />
  <node id="32521" visible="true" version="1" lat="49.99993254322" lon="9.00056511227" />
  <node id="32522" visible="true" version="1" lat="49.99993254319" lon="9.00057208896" />
  <node id="32523" visible="true" version="1" lat="49.99993254315" lon="9.00057906566" />
  <node id="32524" visible="true" version="1" lat="49.99993254312" lon="9.00058604235" />
  <node id="32525" visible="true" version="1" lat="49.99993254308" lon="9.00059301904" />
  <node id="32526" visible="true" version="1" lat="49.99993254305" lon="9.00059999574" />
  <node id="32527" visible="true" version="1" lat="49.99993254301" lon="9.00060697243" />
  <node id="32528" visible="true" version="1" lat="49.99993254297" lon="9.00061394913" />
  <node id="32529" visible="true" version="1" lat="49.99993254294" lon="9.00062092582" />
  <node id="32530" visible="true" version="1" lat="49.9999325429" lon="9.00062790252" />
  <node id="32531" visible="true" version="1" lat="49.99993254286" lon="9.00063487921" />
  <node id="32532" visible="true" version="1" lat="49.99993254282" lon="9.00064185591" />
  <node id="32533" visible="true" version="1" lat="49.99993254278" lon="9.0006488326" />
  <node id="32534" visible="true" version="1" lat="49.99993254274" lon="9.0006558093" />
  <node id="32535" visible="true" version="1" lat="49.9999325427" lon="9.00066278599" />
  <node id="32536" visible="true" version="1" lat="49.99993254266" lon="9.00066976269" />
  <node id="32537" visible="true" version="1" lat="49.99993254262" lon="9.00067673938" />
  <node id="32538" visible="true" version="1" lat="49.99993254258" lon="9.00068371607" />
  <node id="32539" visible="true" version="1" lat="49.99993254254" lon="9.00069069277" />
  <node id="32540" visible="true" version="1" lat="49.9999325425" lon="9.00069766946" />
  <node id="32541" visible="true" version="1" lat="49.99993254246" lon="9.00070464616" />
  <node id="32542" visible="true" version="1" lat="49.99993254242" lon="9.00071162285" />
  <node id="32543" visible="true" version="1" lat="49.99993254237" lon="9.00071859955" />
  <node id="32544" visible="true" version="1" lat="49.99993254233" lon="9.00072557624" />
  <node id="32545" visible="true" version="1" lat="49.99993254229" lon="9.00073255294" />
  <node id="32546" visible="true" version="1" lat="49.99993254224" lon="9.00073952963" />
  <node id="32547" visible="true" version="1" lat="49.9999325422" lon="9.00074650633" />
  <node id="32548" visible="true" version="1" lat="49.99993254215" lon="9.00075348302" />
  <node id="32549" visible="true" version="1" lat="49.99993254211" lon="9.00076045972" />
  <node id="32550" visible="true" version="1" lat="49.99993254206" lon="9.00076743641" />
  <node id="32551" visible="true" version="1" lat="49.99993254201" lon="9.00077441311" />
  <node id="32552" visible="true" version="1" lat="49.99993254197" lon="9.0007813898" />
  <node id="32553" visible="true" version="1" lat="49.99993254192" lon="9.00078836649" />
  <node id="32554" visible="true" version="1" lat="49.99993254187" lon="9.00079534319" />
  <node id="32555" visible="true" version="1" lat="49.99993254182" lon="9.00080231988" />
  <node id="32556" visible="true" version="1" lat="49.99993254178" lon="9.00080929658" />
  <node id="32557" visible="true" version="1" lat="49.99993254173" lon="9.00081627327" />
  <node id="32558" visible="true" version="1" lat="49.99993254168" lon="9.00082324997" />
  <node id="32559" visible="true" version="1" lat="49.99993254163" lon="9.00083022666" />
  <node id="32560" visible="true" version="1" lat="49.99993254158" lon="9.00083720336" />
  <node id="32561" visible="true" version="1" lat="49.99993254153" lon="9.00084418005" />
  <node id="32562" visible="true" version="1" lat="49.99993254148" lon="9.00085115675" />
  <node id="32563" visible="true" version="1" lat="49.99993254142" lon="9.00085813344" />
  <node id="32564" visible="true" version="1" lat="49.99993254137" lon="9.00086511014" />
  <node id="32565" visible="true" version="1" lat="49.99993254132" lon="9.00087208683" />
  <node id="32566" visible="true" version="1" lat="49.99993254127" lon="9.00087906352" />
  <node id="32567" visible="true" version="1" lat="49.99993254121" lon="9.00088604022" />
  <node id="32568" visible="true" version="1" lat="49.99993254116" lon="9.00089301691" />
  <node id="32569" visible="true" version="1" lat="49.99993254111" lon="9.00089999361" />
  <node id="32570" visible="true" version="1" lat="49.99993254105" lon="9.0009069703" />
  <node id="32571" visible="true" version="1" lat="49.999932541" lon="9.000913947" />
  <node id="32572" visible="true" version="1" lat="49.99993254094" lon="9.00092092369" />
  <node id="32573" visible="true" version="1" lat="49.99993254089" lon="9.00092790039" />
  <node id="32574" visible="true" version="1" lat="49.99993254083" lon="9.00093487708" />
  <node id="32575" visible="true" version="1" lat="49.99993254078" lon="9.00094185378" />
  <node id="32576" visible="true" version="1" lat="49.99993254072" lon="9.00094883047" />
  <node id="32577" visible="true" version="1" lat="49.99993254066" lon="9.00095580717" />
  <node id="32578" visible="true" version="1" lat="49.9999325406" lon="9.00096278386" />
  <node id="32579" visible="true" version="1" lat="49.99993254055" lon="9.00096976056" />
  <node id="32580" visible="true" version="1" lat="49.99993254049" lon="9.00097673725" />
  <node id="32581" visible="true" version="1" lat="49.99993254043" lon="9.00098371394" />
  <node id="32582" visible="true" version="1" lat="49.99993254037" lon="9.00099069064" />
  <node id="32583" visible="true" version="1" lat="49.99993254031" lon="9.00099766733" />
  <node id="32584" visible="true" version="1" lat="49.99993254025" lon="9.00100464403" />
  <node id="32585" visible="true" version="1" lat="49.99993254019" lon="9.00101162072" />
  <node id="32586" visible="true" version="1" lat="49.99993254013" lon="9.00101859742" />
  <node id="32587" visible="true" version="1" lat="49.99993254007" lon="9.00102557411" />
  <node id="32588" visible="true" version="1" lat="49.99993254" lon="9.00103255081" />
  <node id="32589" visible="true" version="1" lat="49.99993253994" lon="9.0010395275" />
  <node id="32590" visible="true" version="1" lat="49.99993253988" lon="9.0010465042" />
  <node id="32591" visible="true" version="1" lat="49.99993253982" lon="9.00105348089" />
  <node id="32592" visible="true" version="1" lat="49.99993253975" lon="9.00106045759" />
  <node id="32593" visible="true" version="1" lat="49.99993253969" lon="9.00106743428" />
  <node id="32594" visible="true" version="1" lat="49.99993253962" lon="9.00107441097" />
  <node id="32595" visible="true" version="1" lat="49.99993253956" lon="9.00108138767" />
  <node id="32596" visible="true" version="1" lat="49.99993253949" lon="9.00108836436" />
  <node id="32597" visible="true" version="1" lat="49.99993253943" lon="9.00109534106" />
  <node id="32598" visible="true" version="1" lat="49.99993253936" lon="9.00110231775" />
  <node id="32599" visible="true" version="1" lat="49.9999325393" lon="9.00110929445" />
  <node id="32600" visible="true" version="1" lat="49.99993253923" lon="9.00111627114" />
  <node id="32601" visible="true" version="1" lat="49.99993253916" lon="9.00112324784" />
  <node id="32602" visible="true" version="1" lat="49.99993253909" lon="9.00113022453" />
  <node id="32603" visible="true" version="1" lat="49.99993253903" lon="9.00113720123" />
  <node id="32604" visible="true" version="1" lat="49.99993253896" lon="9.00114417792" />
  <node id="32605" visible="true" version="1" lat="49.99993253889" lon="9.00115115462" />
  <node id="32606" visible="true" version="1" lat="49.99993253882" lon="9.00115813131" />
  <node id="32607" visible="true" version="1" lat="49.99993253875" lon="9.00116510801" />
  <node id="32608" visible="true" version="1" lat="49.99993253868" lon="9.0011720847" />
  <node id="32609" visible="true" version="1" lat="49.99993253861" lon="9.00117906139" />
  <node id="32610" visible="true" version="1" lat="49.99993253854" lon="9.00118603809" />
  <node id="32611" visible="true" version="1" lat="49.99993253846" lon="9.00119301478" />
  <node id="32612" visible="true" version="1" lat="49.99993253839" lon="9.00119999148" />
  <node id="32613" visible="true" version="1" lat="49.99993253832" lon="9.00120696817" />
  <node id="32614" visible="true" version="1" lat="49.99993253825" lon="9.00121394487" />
  <node id="32615" visible="true" version="1" lat="49.99993253817" lon="9.00122092156" />
  <node id="32616" visible="true" version="1" lat="49.9999325381" lon="9.00122789826" />
  <node id="32617" visible="true" version="1" lat="49.99993253803" lon="9.00123487495" />
  <node id="32618" visible="true" version="1" lat="49.99993253795" lon="9.00124185165" />
  <node id="32619" visible="true" version="1" lat="49.99993253788" lon="9.00124882834" />
  <node id="32620" visible="true" version="1" lat="49.9999325378" lon="9.00125580504" />
  <node id="32621" visible="true" version="1" lat="49.99993253773" lon="9.00126278173" />
  <node id="32622" visible="true" version="1" lat="49.99993253765" lon="9.00126975842" />
  <node id="32623" visible="true" version="1" lat="49.99993253757" lon="9.00127673512" />
  <node id="32624" visible="true" version="1" lat="49.9999325375" lon="9.00128371181" />
  <node id="32625" visible="true" version="1" lat="49.99993253742" lon="9.00129068851" />
  <node id="32626" visible="true" version="1" lat="49.99993253734" lon="9.0012976652" />
  <node id="32627" visible="true" version="1" lat="49.99993253726" lon="9.0013046419" />
  <node id="32628" visible="true" version="1" lat="49.99993253718" lon="9.00131161859" />
  <node id="32629" visible="true" version="1" lat="49.99993253711" lon="9.00131859529" />
  <node id="32630" visible="true" version="1" lat="49.99993253703" lon="9.00132557198" />
  <node id="32631" visible="true" version="1" lat="49.99993253695" lon="9.00133254868" />
  <node id="32632" visible="true" version="1" lat="49.99993253687" lon="9.00133952537" />
  <node id="32633" visible="true" version="1" lat="49.99993253679" lon="9.00134650207" />
  <node id="32634" visible="true" version="1" lat="49.9999325367" lon="9.00135347876" />
  <node id="32635" visible="true" version="1" lat="49.99993253662" lon="9.00136045546" />
  <node id="32636" visible="true" version="1" lat="49.99993253654" lon="9.00136743215" />
  <node id="32637" visible="true" version="1" lat="49.99993253646" lon="9.00137440884" />
  <node id="32638" visible="true" version="1" lat="49.99993253638" lon="9.00138138554" />
  <node id="32639" visible="true" version="1" lat="49.99993253629" lon="9.00138836223" />
  <node id="32640" visible="true" version="1" lat="49.99993253621" lon="9.00139533893" />
  <node id="32641" visible="true" version="1" lat="49.99993253612" lon="9.00140231562" />
  <node id="32642" visible="true" version="1" lat="49.99993253604" lon="9.00140929232" />
  <node id="32643" visible="true" version="1" lat="49.99993253595" lon="9.00141626901" />
  <node id="32644" visible="true" version="1" lat="49.99993253587" lon="9.00142324571" />
  <node id="32645" visible="true" version="1" lat="49.99993253578" lon="9.0014302224" />
  <node id="32646" visible="true" version="1" lat="49.9999325357" lon="9.0014371991" />
  <node id="32647" visible="true" version="1" lat="49.99993253561" lon="9.00144417579" />
  <node id="32648" visible="true" version="1" lat="49.99993253552" lon="9.00145115249" />
  <node id="32649" visible="true" version="1" lat="49.99993253544" lon="9.00145812918" />
  <node id="32650" visible="true" version="1" lat="49.99993253535" lon="9.00146510587" />
  <node id="32651" visible="true" version="1" lat="49.99993253526" lon="9.00147208257" />
  <node id="32652" visible="true" version="1" lat="49.99993253517" lon="9.00147905926" />
  <node id="32653" visible="true" version="1" lat="49.99993253508" lon="9.00148603596" />
  <node id="32654" visible="true" version="1" lat="49.99993253499" lon="9.00149301265" />
  <node id="32655" visible="true" version="1" lat="49.9999325349" lon="9.00149998935" />
  <node id="32656" visible="true" version="1" lat="49.99993253481" lon="9.00150696604" />
  <node id="32657" visible="true" version="1" lat="49.99993253472" lon="9.00151394274" />
  <node id="32658" visible="true" version="1" lat="49.99993253463" lon="9.00152091943" />
  <node id="32659" visible="true" version="1" lat="49.99993253454" lon="9.00152789613" />
  <node id="32660" visible="true" version="1" lat="49.99993253445" lon="9.00153487282" />
  <node id="32661" visible="true" version="1" lat="49.99993253435" lon="9.00154184952" />
  <node id="32662" visible="true" version="1" lat="49.99993253426" lon="9.00154882621" />
  <node id="32663" visible="true" version="1" lat="49.99993253417" lon="9.00155580291" />
  <node id="32664" visible="true" version="1" lat="49.99993253407" lon="9.0015627796" />
  <node id="32665" visible="true" version="1" lat="49.99993253398" lon="9.00156975629" />
  <node id="32666" visible="true" version="1" lat="49.99993253389" lon="9.00157673299" />
  <node id="32667" visible="true" version="1" lat="49.99993253379" lon="9.00158370968" />
  <node id="32668" visible="true" version="1" lat="49.99993253369" lon="9.00159068638" />
  <node id="32669" visible="true" version="1" lat="49.9999325336" lon="9.00159766307" />
  <node id="32670" visible="true" version="1" lat="49.9999325335" lon="9.00160463977" />
  <node id="32671" visible="true" version="1" lat="49.99993253341" lon="9.00161161646" />
  <node id="32672" visible="true" version="1" lat="49.99993253331" lon="9.00161859316" />
  <node id="32673" visible="true" version="1" lat="49.99993253321" lon="9.00162556985" />
  <node id="32674" visible="true" version="1" lat="49.99993253311" lon="9.00163254655" />
  <node id="32675" visible="true" version="1" lat="49.99993253302" lon="9.00163952324" />
  <node id="32676" visible="true" version="1" lat="49.99993253292" lon="9.00164649994" />
  <node id="32677" visible="true" version="1" lat="49.99993253282" lon="9.00165347663" />
  <node id="32678" visible="true" version="1" lat="49.99993253272" lon="9.00166045332" />
  <node id="32679" visible="true" version="1" lat="49.99993253262" lon="9.00166743002" />
  <node id="32680" visible="true" version="1" lat="49.99993253252" lon="9.00167440671" />
  <node id="32681" visible="true" version="1" lat="49.99993253242" lon="9.00168138341" />
  <node id="32682" visible="true" version="1" lat="49.99993253231" lon="9.0016883601" />
  <node id="32683" visible="true" version="1" lat="49.99993253221" lon="9.0016953368" />
  <node id="32684" visible="true" version="1" lat="49.99993253211" lon="9.00170231349" />
  <node id="32685" visible="true" version="1" lat="49.99993253201" lon="9.00170929019" />
  <node id="32686" visible="true" version="1" lat="49.99993253191" lon="9.00171626688" />
  <node id="32687" visible="true" version="1" lat="49.9999325318" lon="9.00172324358" />
  <node id="32688" visible="true" version="1" lat="49.9999325317" lon="9.00173022027" />
  <node id="32689" visible="true" version="1" lat="49.99993253159" lon="9.00173719697" />
  <node id="32690" visible="true" version="1" lat="49.99993253149" lon="9.00174417366" />
  <node id="32691" visible="true" version="1" lat="49.99993253138" lon="9.00175115035" />
  <node id="32692" visible="true" version="1" lat="49.99993253128" lon="9.00175812705" />
  <node id="32693" visible="true" version="1" lat="49.99993253117" lon="9.00176510374" />
  <node id="32694" visible="true" version="1" lat="49.99993253107" lon="9.00177208044" />
  <node id="32695" visible="true" version="1" lat="49.99993253096" lon="9.00177905713" />
  <node id="32696" visible="true" version="1" lat="49.99993253085" lon="9.00178603383" />
  <node id="32697" visible="true" version="1" lat="49.99993253074" lon="9.00179301052" />
  <node id="32698" visible="true" version="1" lat="49.99993253064" lon="9.00179998722" />
  <node id="32699" visible="true" version="1" lat="49.99993253053" lon="9.00180696391" />
  <node id="32700" visible="true" version="1" lat="49.99993253042" lon="9.00181394061" />
  <node id="32701" visible="true" version="1" lat="49.99993253031" lon="9.0018209173" />
  <node id="32702" visible="true" version="1" lat="49.9999325302" lon="9.001827894" />
  <node id="32703" visible="true" version="1" lat="49.99993253009" lon="9.00183487069" />
  <node id="32704" visible="true" version="1" lat="49.99993252998" lon="9.00184184739" />
  <node id="32705" visible="true" version="1" lat="49.99993252987" lon="9.00184882408" />
  <node id="32706" visible="true" version="1" lat="49.99993252976" lon="9.00185580077" />
  <node id="32707" visible="true" version="1" lat="49.99993252965" lon="9.00186277747" />
  <node id="32708" visible="true" version="1" lat="49.99993252953" lon="9.00186975416" />
  <node id="32709" visible="true" version="1" lat="49.99993252942" lon="9.00187673086" />
  <node id="32710" visible="true" version="1" lat="49.99993252931" lon="9.00188370755" />
  <node id="32711" visible="true" version="1" lat="49.99993252919" lon="9.00189068425" />
  <node id="32712" visible="true" version="1" lat="49.99993252908" lon="9.00189766094" />
  <node id="32713" visible="true" version="1" lat="49.99993252897" lon="9.00190463764" />
  <node id="32714" visible="true" version="1" lat="49.99993252885" lon="9.00191161433" />
  <node id="32715" visible="true" version="1" lat="49.99993252874" lon="9.00191859103" />
  <node id="32716" visible="true" version="1" lat="49.99993252862" lon="9.00192556772" />
  <node id="32717" visible="true" version="1" lat="49.9999325285" lon="9.00193254442" />
  <node id="32718" visible="true" version="1" lat="49.99993252839" lon="9.00193952111" />
  <node id="32719" visible="true" version="1" lat="49.99993252827" lon="9.0019464978" />
  <node id="32720" visible="true" version="1" lat="49.99993252815" lon="9.0019534745" />
  <node id="32721" visible="true" version="1" lat="49.99993252804" lon="9.00196045119" />
  <node id="32722" visible="true" version="1" lat="49.99993252792" lon="9.00196742789" />
  <node id="32723" visible="true" version="1" lat="49.9999325278" lon="9.00197440458" />
  <node id="32724" visible="true" version="1" lat="49.99993252768" lon="9.00198138128" />
  <node id="32725" visible="true" version="1" lat="49.99993252756" lon="9.00198835797" />
  <node id="32726" visible="true" version="1" lat="49.99993252744" lon="9.00199533467" />
  <node id="32727" visible="true" version="1" lat="49.99993252732" lon="9.00200231136" />
  <node id="32728" visible="true" version="1" lat="49.9999325272" lon="9.00200928806" />
  <node id="32729" visible="true" version="1" lat="49.99993252708" lon="9.00201626475" />
  <node id="32730" visible="true" version="1" lat="49.99993252696" lon="9.00202324145" />
  <node id="32731" visible="true" version="1" lat="49.99993252684" lon="9.00203021814" />
  <node id="32732" visible="true" version="1" lat="49.99993252671" lon="9.00203719484" />
  <node id="32733" visible="true" version="1" lat="49.99993252659" lon="9.00204417153" />
  <node id="32734" visible="true" version="1" lat="49.99993252647" lon="9.00205114822" />
  <node id="32735" visible="true" version="1" lat="49.99993252635" lon="9.00205812492" />
  <node id="32736" visible="true" version="1" lat="49.99993252622" lon="9.00206510161" />
  <node id="32737" visible="true" version="1" lat="49.9999325261" lon="9.00207207831" />
  <node id="32738" visible="true" version="1" lat="49.99993252597" lon="9.002079055" />
  <node id="32739" visible="true" version="1" lat="49.99993252585" lon="9.0020860317" />
  <node id="32740" visible="true" version="1" lat="49.99993252572" lon="9.00209300839" />
  <node id="32741" visible="true" version="1" lat="49.9999325256" lon="9.00209998509" />
  <node id="32742" visible="true" version="1" lat="49.99993252547" lon="9.00210696178" />
  <node id="32743" visible="true" version="1" lat="49.99993252534" lon="9.00211393848" />
  <node id="32744" visible="true" version="1" lat="49.99993252521" lon="9.00212091517" />
  <node id="32745" visible="true" version="1" lat="49.99993252509" lon="9.00212789187" />
  <node id="32746" visible="true" version="1" lat="49.99993252496" lon="9.00213486856" />
  <node id="32747" visible="true" version="1" lat="49.99993252483" lon="9.00214184525" />
  <node id="32748" visible="true" version="1" lat="49.9999325247" lon="9.00214882195" />
  <node id="32749" visible="true" version="1" lat="49.99993252457" lon="9.00215579864" />
  <node id="32750" visible="true" version="1" lat="49.99993252444" lon="9.00216277534" />
  <node id="32751" visible="true" version="1" lat="49.99993252431" lon="9.00216975203" />
  <node id="32752" visible="true" version="1" lat="49.99993252418" lon="9.00217672873" />
  <node id="32753" visible="true" version="1" lat="49.99993252405" lon="9.00218370542" />
  <node id="32754" visible="true" version="1" lat="49.99993252392" lon="9.00219068212" />
  <node id="32755" visible="true" version="1" lat="49.99993252379" lon="9.00219765881" />
  <node id="32756" visible="true" version="1" lat="49.99993252365" lon="9.00220463551" />
  <node id="32757" visible="true" version="1" lat="49.99993252352" lon="9.0022116122" />
  <node id="32758" visible="true" version="1" lat="49.99993252339" lon="9.0022185889" />
  <node id="32759" visible="true" version="1" lat="49.99993252325" lon="9.00222556559" />
  <node id="32760" visible="true" version="1" lat="49.99993252312" lon="9.00223254228" />
  <node id="32761" visible="true" version="1" lat="49.99993252299" lon="9.00223951898" />
  <node id="32762" visible="true" version="1" lat="49.99993252285" lon="9.00224649567" />
  <node id="32763" visible="true" version="1" lat="49.99993252272" lon="9.00225347237" />
  <node id="32764" visible="true" version="1" lat="49.99993252258" lon="9.00226044906" />
  <node id="32765" visible="true" version="1" lat="49.99993252244" lon="9.00226742576" />
  <node id="32766" visible="true" version="1" lat="49.99993252231" lon="9.00227440245" />
  <node id="32767" visible="true" version="1" lat="49.99993252217" lon="9.00228137915" />
  <node id="32768" visible="true" version="1" lat="49.99993252203" lon="9.00228835584" />
  <node id="32769" visible="true" version="1" lat="49.9999325219" lon="9.00229533254" />
  <node id="32770" visible="true" version="1" lat="49.99993252176" lon="9.00230230923" />
  <node id="32771" visible="true" version="1" lat="49.99993252162" lon="9.00230928593" />
  <node id="32772" visible="true" version="1" lat="49.99993252148" lon="9.00231626262" />
  <node id="32773" visible="true" version="1" lat="49.99993252134" lon="9.00232323932" />
  <node id="32774" visible="true" version="1" lat="49.9999325212" lon="9.00233021601" />
  <node id="32775" visible="true" version="1" lat="49.99993252106" lon="9.0023371927" />
  <node id="32776" visible="true" version="1" lat="49.99993252092" lon="9.0023441694" />
  <node id="32777" visible="true" version="1" lat="49.99993252078" lon="9.00235114609" />
  <node id="32778" visible="true" version="1" lat="49.99993252064" lon="9.00235812279" />
  <node id="32779" visible="true" version="1" lat="49.99993252049" lon="9.00236509948" />
  <node id="32780" visible="true" version="1" lat="49.99993252035" lon="9.00237207618" />
  <node id="32781" visible="true" version="1" lat="49.99993252021" lon="9.00237905287" />
  <node id="32782" visible="true" version="1" lat="49.99993252007" lon="9.00238602957" />
  <node id="32783" visible="true" version="1" lat="49.99993251992" lon="9.00239300626" />
  <node id="32784" visible="true" version="1" lat="49.99993251978" lon="9.00239998296" />
  <node id="32785" visible="true" version="1" lat="49.99993251963" lon="9.00240695965" />
  <node id="32786" visible="true" version="1" lat="49.99993251949" lon="9.00241393635" />
  <node id="32787" visible="true" version="1" lat="49.99993251934" lon="9.00242091304" />
  <node id="32788" visible="true" version="1" lat="49.9999325192" lon="9.00242788973" />
  <node id="32789" visible="true" version="1" lat="49.99993251905" lon="9.00243486643" />
  <node id="32790" visible="true" version="1" lat="49.9999325189" lon="9.00244184312" />
  <node id="32791" visible="true" version="1" lat="49.99993251876" lon="9.00244881982" />
  <node id="32792" visible="true" version="1" lat="49.99993251861" lon="9.00245579651" />
  <node id="32793" visible="true" version="1" lat="49.99993251846" lon="9.00246277321" />
  <node id="32794" visible="true" version="1" lat="49.99993251831" lon="9.0024697499" />
  <node id="32795" visible="true" version="1" lat="49.99993251817" lon="9.0024767266" />
  <node id="32796" visible="true" version="1" lat="49.99993251802" lon="9.00248370329" />
  <node id="32797" visible="true" version="1" lat="49.99993251787" lon="9.00249067999" />
  <node id="32798" visible="true" version="1" lat="49.99993251772" lon="9.00249765668" />
  <node id="32799" visible="true" version="1" lat="49.99993251757" lon="9.00250463338" />
  <node id="32800" visible="true" version="1" lat="49.99993251742" lon="9.00251161007" />
  <node id="32801" visible="true" version="1" lat="49.99993251726" lon="9.00251858676" />
  <node id="32802" visible="true" version="1" lat="49.99993251711" lon="9.00252556346" />
  <node id="32803" visible="true" version="1" lat="49.99993251696" lon="9.00253254015" />
  <node id="32804" visible="true" version="1" lat="49.99993251681" lon="9.00253951685" />
  <node id="32805" visible="true" version="1" lat="49.99993251666" lon="9.00254649354" />
  <node id="32806" visible="true" version="1" lat="49.9999325165" lon="9.00255347024" />
  <node id="32807" visible="true" version="1" lat="49.99993251635" lon="9.00256044693" />
  <node id="32808" visible="true" version="1" lat="49.99993251619" lon="9.00256742363" />
  <node id="32809" visible="true" version="1" lat="49.99993251604" lon="9.00257440032" />
  <node id="32810" visible="true" version="1" lat="49.99993251588" lon="9.00258137702" />
  <node id="32811" visible="true" version="1" lat="49.99993251573" lon="9.00258835371" />
  <node id="32812" visible="true" version="1" lat="49.99993251557" lon="9.00259533041" />
  <node id="32813" visible="true" version="1" lat="49.99993251542" lon="9.0026023071" />
  <node id="32814" visible="true" version="1" lat="49.99993251526" lon="9.00260928379" />
  <node id="32815" visible="true" version="1" lat="49.9999325151" lon="9.00261626049" />
  <node id="32816" visible="true" version="1" lat="49.99993251495" lon="9.00262323718" />
  <node id="32817" visible="true" version="1" lat="49.99993251479" lon="9.00263021388" />
  <node id="32818" visible="true" version="1" lat="49.99993251463" lon="9.00263719057" />
  <node id="32819" visible="true" version="1" lat="49.99993251447" lon="9.00264416727" />
  <node id="32820" visible="true" version="1" lat="49.99993251431" lon="9.00265114396" />
  <node id="32821" visible="true" version="1" lat="49.99993251415" lon="9.00265812066" />
  <node id="32822" visible="true" version="1" lat="49.99993251399" lon="9.00266509735" />
  <node id="32823" visible="true" version="1" lat="49.99993251383" lon="9.00267207405" />
  <node id="32824" visible="true" version="1" lat="49.99993251367" lon="9.00267905074" />
  <node id="32825" visible="true" version="1" lat="49.99993251351" lon="9.00268602744" />
  <node id="32826" visible="true" version="1" lat="49.99993251335" lon="9.00269300413" />
  <node id="32827" visible="true" version="1" lat="49.99993251319" lon="9.00269998083" />
  <node id="32828" visible="true" version="1" lat="49.99993251302" lon="9.00270695752" />
  <node id="32829" visible="true" version="1" lat="49.99993251286" lon="9.00271393421" />
  <node id="32830" visible="true" version="1" lat="49.9999325127" lon="9.00272091091" />
  <node id="32831" visible="true" version="1" lat="49.99993251253" lon="9.0027278876" />
  <node id="32832" visible="true" version="1" lat="49.99993251237" lon="9.0027348643" />
  <node id="32833" visible="true" version="1" lat="49.9999325122" lon="9.00274184099" />
  <node id="32834" visible="true" version="1" lat="49.99993251204" lon="9.00274881769" />
  <node id="32835" visible="true" version="1" lat="49.99993251187" lon="9.00275579438" />
  <node id="32836" visible="true" version="1" lat="49.99993251171" lon="9.00276277108" />
  <node id="32837" visible="true" version="1" lat="49.99993251154" lon="9.00276974777" />
  <node id="32838" visible="true" version="1" lat="49.99993251137" lon="9.00277672447" />
  <node id="32839" visible="true" version="1" lat="49.99993251121" lon="9.00278370116" />
  <node id="32840" visible="true" version="1" lat="49.99993251104" lon="9.00279067786" />
  <node id="32841" visible="true" version="1" lat="49.99993251087" lon="9.00279765455" />
  <node id="32842" visible="true" version="1" lat="49.9999325107" lon="9.00280463124" />
  <node id="32843" visible="true" version="1" lat="49.99993251053" lon="9.00281160794" />
  <node id="32844" visible="true" version="1" lat="49.99993251037" lon="9.00281858463" />
  <node id="32845" visible="true" version="1" lat="49.9999325102" lon="9.00282556133" />
  <node id="32846" visible="true" version="1" lat="49.99993251003" lon="9.00283253802" />
  <node id="32847" visible="true" version="1" lat="49.99993250986" lon="9.00283951472" />
  <node id="32848" visible="true" version="1" lat="49.99993250968" lon="9.00284649141" />
  <node id="32849" visible="true" version="1" lat="49.99993250951" lon="9.00285346811" />
  <node id="32850" visible="true" version="1" lat="49.99993250934" lon="9.0028604448" />
  <node id="32851" visible="true" version="1" lat="49.99993250917" lon="9.0028674215" />
  <node id="32852" visible="true" version="1" lat="49.999932509" lon="9.00287439819" />
  <node id="32853" visible="true" version="1" lat="49.99993250882" lon="9.00288137489" />
  <node id="32854" visible="true" version="1" lat="49.99993250865" lon="9.00288835158" />
  <node id="32855" visible="true" version="1" lat="49.99993250848" lon="9.00289532827" />
  <node id="32856" visible="true" version="1" lat="49.9999325083" lon="9.00290230497" />
  <node id="32857" visible="true" version="1" lat="49.99993250813" lon="9.00290928166" />
  <node id="32858" visible="true" version="1" lat="49.99993250795" lon="9.00291625836" />
  <node id="32859" visible="true" version="1" lat="49.99993250778" lon="9.00292323505" />
  <node id="32860" visible="true" version="1" lat="49.9999325076" lon="9.00293021175" />
  <node id="32861" visible="true" version="1" lat="49.99993250742" lon="9.00293718844" />
  <node id="32862" visible="true" version="1" lat="49.99993250725" lon="9.00294416514" />
  <node id="32863" visible="true" version="1" lat="49.99993250707" lon="9.00295114183" />
  <node id="32864" visible="true" version="1" lat="49.99993250689" lon="9.00295811853" />
  <node id="32865" visible="true" version="1" lat="49.99993250671" lon="9.00296509522" />
  <node id="32866" visible="true" version="1" lat="49.99993250654" lon="9.00297207192" />
  <node id="32867" visible="true" version="1" lat="49.99993250636" lon="9.00297904861" />
  <node id="32868" visible="true" version="1" lat="49.99993250618" lon="9.0029860253" />
  <node id="32869" visible="true" version="1" lat="49.999932506" lon="9.002993002" />
  <node id="32870" visible="true" version="1" lat="49.99993250582" lon="9.00299997869" />
  <node id="32871" visible="true" version="1" lat="49.99993250564" lon="9.00300695539" />
  <node id="32872" visible="true" version="1" lat="49.99993250546" lon="9.00301393208" />
  <node id="32873" visible="true" version="1" lat="49.99993250527" lon="9.00302090878" />
  <node id="32874" visible="true" version="1" lat="49.99993250509" lon="9.00302788547" />
  <node id="32875" visible="true" version="1" lat="49.99993250491" lon="9.00303486217" />
  <node id="32876" visible="true" version="1" lat="49.99993250473" lon="9.00304183886" />
  <node id="32877" visible="true" version="1" lat="49.99993250454" lon="9.00304881556" />
  <node id="32878" visible="true" version="1" lat="49.99993250436" lon="9.00305579225" />
  <node id="32879" visible="true" version="1" lat="49.99993250418" lon="9.00306276895" />
  <node id="32880" visible="true" version="1" lat="49.99993250399" lon="9.00306974564" />
  <node id="32881" visible="true" version="1" lat="49.99993250381" lon="9.00307672234" />
  <node id="32882" visible="true" version="1" lat="49.99993250362" lon="9.00308369903" />
  <node id="32883" visible="true" version="1" lat="49.99993250344" lon="9.00309067572" />
  <node id="32884" visible="true" version="1" lat="49.99993250325" lon="9.00309765242" />
  <node id="32885" visible="true" version="1" lat="49.99993250306" lon="9.00310462911" />
  <node id="32886" visible="true" version="1" lat="49.99993250288" lon="9.00311160581" />
  <node id="32887" visible="true" version="1" lat="49.99993250269" lon="9.0031185825" />
  <node id="32888" visible="true" version="1" lat="49.9999325025" lon="9.0031255592" />
  <node id="32889" visible="true" version="1" lat="49.99993250231" lon="9.00313253589" />
  <node id="32890" visible="true" version="1" lat="49.99993250213" lon="9.00313951259" />
  <node id="32891" visible="true" version="1" lat="49.99993250194" lon="9.00314648928" />
  <node id="32892" visible="true" version="1" lat="49.99993250175" lon="9.00315346598" />
  <node id="32893" visible="true" version="1" lat="49.99993250156" lon="9.00316044267" />
  <node id="32894" visible="true" version="1" lat="49.99993250137" lon="9.00316741937" />
  <node id="32895" visible="true" version="1" lat="49.99993250118" lon="9.00317439606" />
  <node id="32896" visible="true" version="1" lat="49.99993250099" lon="9.00318137275" />
  <node id="32897" visible="true" version="1" lat="49.99993250079" lon="9.00318834945" />
  <node id="32898" visible="true" version="1" lat="49.9999325006" lon="9.00319532614" />
  <node id="32899" visible="true" version="1" lat="49.99993250041" lon="9.00320230284" />
  <node id="32900" visible="true" version="1" lat="49.99993250022" lon="9.00320927953" />
  <node id="32901" visible="true" version="1" lat="49.99993250002" lon="9.00321625623" />
  <node id="32902" visible="true" version="1" lat="49.99993249983" lon="9.00322323292" />
  <node id="32903" visible="true" version="1" lat="49.99993249964" lon="9.00323020962" />
  <node id="32904" visible="true" version="1" lat="49.99993249944" lon="9.00323718631" />
  <node id="32905" visible="true" version="1" lat="49.99993249925" lon="9.00324416301" />
  <node id="32906" visible="true" version="1" lat="49.99993249905" lon="9.0032511397" />
  <node id="32907" visible="true" version="1" lat="49.99993249886" lon="9.0032581164" />
  <node id="32908" visible="true" version="1" lat="49.99993249866" lon="9.00326509309" />
  <node id="32909" visible="true" version="1" lat="49.99993249846" lon="9.00327206978" />
  <node id="32910" visible="true" version="1" lat="49.99993249827" lon="9.00327904648" />
  <node id="32911" visible="true" version="1" lat="49.99993249807" lon="9.00328602317" />
  <node id="32912" visible="true" version="1" lat="49.99993249787" lon="9.00329299987" />
  <node id="32913" visible="true" version="1" lat="49.99993249767" lon="9.00329997656" />
  <node id="32914" visible="true" version="1" lat="49.99993249747" lon="9.00330695326" />
  <node id="32915" visible="true" version="1" lat="49.99993249728" lon="9.00331392995" />
  <node id="32916" visible="true" version="1" lat="49.99993249708" lon="9.00332090665" />
  <node id="32917" visible="true" version="1" lat="49.99993249688" lon="9.00332788334" />
  <node id="32918" visible="true" version="1" lat="49.99993249668" lon="9.00333486004" />
  <node id="32919" visible="true" version="1" lat="49.99993249648" lon="9.00334183673" />
  <node id="32920" visible="true" version="1" lat="49.99993249627" lon="9.00334881343" />
  <node id="32921" visible="true" version="1" lat="49.99993249607" lon="9.00335579012" />
  <node id="32922" visible="true" version="1" lat="49.99993249587" lon="9.00336276681" />
  <node id="32923" visible="true" version="1" lat="49.99993249567" lon="9.00336974351" />
  <node id="32924" visible="true" version="1" lat="49.99993249547" lon="9.0033767202" />
  <node id="32925" visible="true" version="1" lat="49.99993249526" lon="9.0033836969" />
  <node id="32926" visible="true" version="1" lat="49.99993249506" lon="9.00339067359" />
  <node id="32927" visible="true" version="1" lat="49.99993249485" lon="9.00339765029" />
  <node id="32928" visible="true" version="1" lat="49.99993249465" lon="9.00340462698" />
  <node id="32929" visible="true" version="1" lat="49.99993249445" lon="9.00341160368" />
  <node id="32930" visible="true" version="1" lat="49.99993249424" lon="9.00341858037" />
  <node id="32931" visible="true" version="1" lat="49.99993249403" lon="9.00342555707" />
  <node id="32932" visible="true" version="1" lat="49.99993249383" lon="9.00343253376" />
  <node id="32933" visible="true" version="1" lat="49.99993249362" lon="9.00343951046" />
  <node id="32934" visible="true" version="1" lat="49.99993249341" lon="9.00344648715" />
  <node id="32935" visible="true" version="1" lat="49.99993249321" lon="9.00345346384" />
  <node id="32936" visible="true" version="1" lat="49.999932493" lon="9.00346044054" />
  <node id="32937" visible="true" version="1" lat="49.99993249279" lon="9.00346741723" />
  <node id="32938" visible="true" version="1" lat="49.99993249258" lon="9.00347439393" />
  <node id="32939" visible="true" version="1" lat="49.99993249237" lon="9.00348137062" />
  <node id="32940" visible="true" version="1" lat="49.99993249216" lon="9.00348834732" />
  <node id="32941" visible="true" version="1" lat="49.99993249195" lon="9.00349532401" />
  <node id="32942" visible="true" version="1" lat="49.99993249174" lon="9.00350230071" />
  <node id="32943" visible="true" version="1" lat="49.99993249153" lon="9.0035092774" />
  <node id="32944" visible="true" version="1" lat="49.99993249132" lon="9.0035162541" />
  <node id="32945" visible="true" version="1" lat="49.99993249111" lon="9.00352323079" />
  <node id="32946" visible="true" version="1" lat="49.9999324909" lon="9.00353020749" />
  <node id="32947" visible="true" version="1" lat="49.99993249069" lon="9.00353718418" />
  <node id="32948" visible="true" version="1" lat="49.99993249047" lon="9.00354416087" />
  <node id="32949" visible="true" version="1" lat="49.99993249026" lon="9.00355113757" />
  <node id="32950" visible="true" version="1" lat="49.99993249005" lon="9.00355811426" />
  <node id="32951" visible="true" version="1" lat="49.99993248983" lon="9.00356509096" />
  <node id="32952" visible="true" version="1" lat="49.99993248962" lon="9.00357206765" />
  <node id="32953" visible="true" version="1" lat="49.9999324894" lon="9.00357904435" />
  <node id="32954" visible="true" version="1" lat="49.99993248919" lon="9.00358602104" />
  <node id="32955" visible="true" version="1" lat="49.99993248897" lon="9.00359299774" />
  <node id="32956" visible="true" version="1" lat="49.99993248875" lon="9.00359997443" />
  <node id="32957" visible="true" version="1" lat="49.99993248854" lon="9.00360695113" />
  <node id="32958" visible="true" version="1" lat="49.99993248832" lon="9.00361392782" />
  <node id="32959" visible="true" version="1" lat="49.9999324881" lon="9.00362090452" />
  <node id="32960" visible="true" version="1" lat="49.99993248788" lon="9.00362788121" />
  <node id="32961" visible="true" version="1" lat="49.99993248767" lon="9.00363485791" />
  <node id="32962" visible="true" version="1" lat="49.99993248745" lon="9.0036418346" />
  <node id="32963" visible="true" version="1" lat="49.99993248723" lon="9.00364881129" />
  <node id="32964" visible="true" version="1" lat="49.99993248701" lon="9.00365578799" />
  <node id="32965" visible="true" version="1" lat="49.99993248679" lon="9.00366276468" />
  <node id="32966" visible="true" version="1" lat="49.99993248657" lon="9.00366974138" />
  <node id="32967" visible="true" version="1" lat="49.99993248635" lon="9.00367671807" />
  <node id="32968" visible="true" version="1" lat="49.99993248613" lon="9.00368369477" />
  <node id="32969" visible="true" version="1" lat="49.9999324859" lon="9.00369067146" />
  <node id="32970" visible="true" version="1" lat="49.99993248568" lon="9.00369764816" />
  <node id="32971" visible="true" version="1" lat="49.99993248546" lon="9.00370462485" />
  <node id="32972" visible="true" version="1" lat="49.99993248524" lon="9.00371160155" />
  <node id="32973" visible="true" version="1" lat="49.99993248501" lon="9.00371857824" />
  <node id="32974" visible="true" version="1" lat="49.99993248479" lon="9.00372555494" />
  <node id="32975" visible="true" version="1" lat="49.99993248457" lon="9.00373253163" />
  <node id="32976" visible="true" version="1" lat="49.99993248434" lon="9.00373950832" />
  <node id="32977" visible="true" version="1" lat="49.99993248412" lon="9.00374648502" />
  <node id="32978" visible="true" version="1" lat="49.99993248389" lon="9.00375346171" />
  <node id="32979" visible="true" version="1" lat="49.99993248366" lon="9.00376043841" />
  <node id="32980" visible="true" version="1" lat="49.99993248344" lon="9.0037674151" />
  <node id="32981" visible="true" version="1" lat="49.99993248321" lon="9.0037743918" />
  <node id="32982" visible="true" version="1" lat="49.99993248298" lon="9.00378136849" />
  <node id="32983" visible="true" version="1" lat="49.99993248276" lon="9.00378834519" />
  <node id="32984" visible="true" version="1" lat="49.99993248253" lon="9.00379532188" />
  <node id="32985" visible="true" version="1" lat="49.9999324823" lon="9.00380229858" />
  <node id="32986" visible="true" version="1" lat="49.99993248207" lon="9.00380927527" />
  <node id="32987" visible="true" version="1" lat="49.99993248184" lon="9.00381625197" />
  <node id="32988" visible="true" version="1" lat="49.99993248161" lon="9.00382322866" />
  <node id="32989" visible="true" version="1" lat="49.99993248138" lon="9.00383020535" />
  <node id="32990" visible="true" version="1" lat="49.99993248115" lon="9.00383718205" />
  <node id="32991" visible="true" version="1" lat="49.99993248092" lon="9.00384415874" />
  <node id="32992" visible="true" version="1" lat="49.99993248069" lon="9.00385113544" />
  <node id="32993" visible="true" version="1" lat="49.99993248046" lon="9.00385811213" />
  <node id="32994" visible="true" version="1" lat="49.99993248023" lon="9.00386508883" />
  <node id="32995" visible="true" version="1" lat="49.99993247999" lon="9.00387206552" />
  <node id="32996" visible="true" version="1" lat="49.99993247976" lon="9.00387904222" />
  <node id="32997" visible="true" version="1" lat="49.99993247953" lon="9.00388601891" />
  <node id="32998" visible="true" version="1" lat="49.99993247929" lon="9.00389299561" />
  <node id="32999" visible="true" version="1" lat="49.99993247906" lon="9.0038999723" />
  <node id="33000" visible="true" version="1" lat="49.99993247882" lon="9.003906949" />
  <node id="33001" visible="true" version="1" lat="49.99993247859" lon="9.00391392569" />
  <node id="33002" visible="true" version="1" lat="49.99993247835" lon="9.00392090238" />
  <node id="33003" visible="true" version="1" lat="49.99993247812" lon="9.00392787908" />
  <node id="33004" visible="true" version="1" lat="49.99993247788" lon="9.00393485577" />
  <node id="33005" visible="true" version="1" lat="49.99993247764" lon="9.00394183247" />
  <node id="33006" visible="true" version="1" lat="49.99993247741" lon="9.00394880916" />
  <node id="33007" visible="true" version="1" lat="49.99993247717" lon="9.00395578586" />
  <node id="33008" visible="true" version="1" lat="49.99993247693" lon="9.00396276255" />
  <node id="33009" visible="true" version="1" lat="49.99993247669" lon="9.00396973925" />
  <node id="33010" visible="true" version="1" lat="49.99993247645" lon="9.00397671594" />
  <node id="33011" visible="true" version="1" lat="49.99993247621" lon="9.00398369264" />
  <node id="33012" visible="true" version="1" lat="49.99993247598" lon="9.00399066933" />
  <node id="33013" visible="true" version="1" lat="49.99993247573" lon="9.00399764603" />
  <node id="33014" visible="true" version="1" lat="49.99993247549" lon="9.00400462272" />
  <node id="33015" visible="true" version="1" lat="49.99993247525" lon="9.00401159941" />
  <node id="33016" visible="true" version="1" lat="49.99993247501" lon="9.00401857611" />
  <node id="33017" visible="true" version="1" lat="49.99993247477" lon="9.0040255528" />
  <node id="33018" visible="true" version="1" lat="49.99993247453" lon="9.0040325295" />
  <node id="33019" visible="true" version="1" lat="49.99993247429" lon="9.00403950619" />
  <node id="33020" visible="true" version="1" lat="49.99993247404" lon="9.00404648289" />
  <node id="33021" visible="true" version="1" lat="49.9999324738" lon="9.00405345958" />
  <node id="33022" visible="true" version="1" lat="49.99993247355" lon="9.00406043628" />
  <node id="33023" visible="true" version="1" lat="49.99993247331" lon="9.00406741297" />
  <node id="33024" visible="true" version="1" lat="49.99993247307" lon="9.00407438967" />
  <node id="33025" visible="true" version="1" lat="49.99993247282" lon="9.00408136636" />
  <node id="33026" visible="true" version="1" lat="49.99993247257" lon="9.00408834306" />
  <node id="33027" visible="true" version="1" lat="49.99993247233" lon="9.00409531975" />
  <node id="33028" visible="true" version="1" lat="49.99993247208" lon="9.00410229644" />
  <node id="33029" visible="true" version="1" lat="49.99993247184" lon="9.00410927314" />
  <node id="33030" visible="true" version="1" lat="49.99993247159" lon="9.00411624983" />
  <node id="33031" visible="true" version="1" lat="49.99993247134" lon="9.00412322653" />
  <node id="33032" visible="true" version="1" lat="49.99993247109" lon="9.00413020322" />
  <node id="33033" visible="true" version="1" lat="49.99993247084" lon="9.00413717992" />
  <node id="33034" visible="true" version="1" lat="49.99993247059" lon="9.00414415661" />
  <node id="33035" visible="true" version="1" lat="49.99993247035" lon="9.00415113331" />
  <node id="33036" visible="true" version="1" lat="49.9999324701" lon="9.00415811" />
  <node id="33037" visible="true" version="1" lat="49.99993246985" lon="9.0041650867" />
  <node id="33038" visible="true" version="1" lat="49.99993246959" lon="9.00417206339" />
  <node id="33039" visible="true" version="1" lat="49.99993246934" lon="9.00417904009" />
  <node id="33040" visible="true" version="1" lat="49.99993246909" lon="9.00418601678" />
  <node id="33041" visible="true" version="1" lat="49.99993246884" lon="9.00419299347" />
  <node id="33042" visible="true" version="1" lat="49.99993246859" lon="9.00419997017" />
  <node id="33043" visible="true" version="1" lat="49.99993246834" lon="9.00420694686" />
  <node id="33044" visible="true" version="1" lat="49.99993246808" lon="9.00421392356" />
  <node id="33045" visible="true" version="1" lat="49.99993246783" lon="9.00422090025" />
  <node id="33046" visible="true" version="1" lat="49.99993246757" lon="9.00422787695" />
  <node id="33047" visible="true" version="1" lat="49.99993246732" lon="9.00423485364" />
  <node id="33048" visible="true" version="1" lat="49.99993246707" lon="9.00424183034" />
  <node id="33049" visible="true" version="1" lat="49.99993246681" lon="9.00424880703" />
  <node id="33050" visible="true" version="1" lat="49.99993246655" lon="9.00425578373" />
  <node id="33051" visible="true" version="1" lat="49.9999324663" lon="9.00426276042" />
  <node id="33052" visible="true" version="1" lat="49.99993246604" lon="9.00426973712" />
  <node id="33053" visible="true" version="1" lat="49.99993246578" lon="9.00427671381" />
  <node id="33054" visible="true" version="1" lat="49.99993246553" lon="9.0042836905" />
  <node id="33055" visible="true" version="1" lat="49.99993246527" lon="9.0042906672" />
  <node id="33056" visible="true" version="1" lat="49.99993246501" lon="9.00429764389" />
  <node id="33057" visible="true" version="1" lat="49.99993246475" lon="9.00430462059" />
  <node id="33058" visible="true" version="1" lat="49.99993246449" lon="9.00431159728" />
  <node id="33059" visible="true" version="1" lat="49.99993246423" lon="9.00431857398" />
  <node id="33060" visible="true" version="1" lat="49.99993246397" lon="9.00432555067" />
  <node id="33061" visible="true" version="1" lat="49.99993246371" lon="9.00433252737" />
  <node id="33062" visible="true" version="1" lat="49.99993246345" lon="9.00433950406" />
  <node id="33063" visible="true" version="1" lat="49.99993246319" lon="9.00434648076" />
  <node id="33064" visible="true" version="1" lat="49.99993246293" lon="9.00435345745" />
  <node id="33065" visible="true" version="1" lat="49.99993246267" lon="9.00436043415" />
  <node id="33066" visible="true" version="1" lat="49.99993246241" lon="9.00436741084" />
  <node id="33067" visible="true" version="1" lat="49.99993246214" lon="9.00437438753" />
  <node id="33068" visible="true" version="1" lat="49.99993246188" lon="9.00438136423" />
  <node id="33069" visible="true" version="1" lat="49.99993246162" lon="9.00438834092" />
  <node id="33070" visible="true" version="1" lat="49.99993246135" lon="9.00439531762" />
  <node id="33071" visible="true" version="1" lat="49.99993246109" lon="9.00440229431" />
  <node id="33072" visible="true" version="1" lat="49.99993246082" lon="9.00440927101" />
  <node id="33073" visible="true" version="1" lat="49.99993246056" lon="9.0044162477" />
  <node id="33074" visible="true" version="1" lat="49.99993246029" lon="9.0044232244" />
  <node id="33075" visible="true" version="1" lat="49.99993246003" lon="9.00443020109" />
  <node id="33076" visible="true" version="1" lat="49.99993245976" lon="9.00443717779" />
  <node id="33077" visible="true" version="1" lat="49.99993245949" lon="9.00444415448" />
  <node id="33078" visible="true" version="1" lat="49.99993245923" lon="9.00445113117" />
  <node id="33079" visible="true" version="1" lat="49.99993245896" lon="9.00445810787" />
  <node id="33080" visible="true" version="1" lat="49.99993245869" lon="9.00446508456" />
  <node id="33081" visible="true" version="1" lat="49.99993245842" lon="9.00447206126" />
  <node id="33082" visible="true" version="1" lat="49.99993245815" lon="9.00447903795" />
  <node id="33083" visible="true" version="1" lat="49.99993245788" lon="9.00448601465" />
  <node id="33084" visible="true" version="1" lat="49.99993245761" lon="9.00449299134" />
  <node id="33085" visible="true" version="1" lat="49.99993245734" lon="9.00449996804" />
  <node id="33086" visible="true" version="1" lat="49.99993245707" lon="9.00450694473" />
  <node id="33087" visible="true" version="1" lat="49.9999324568" lon="9.00451392143" />
  <node id="33088" visible="true" version="1" lat="49.99993245653" lon="9.00452089812" />
  <node id="33089" visible="true" version="1" lat="49.99993245626" lon="9.00452787482" />
  <node id="33090" visible="true" version="1" lat="49.99993245598" lon="9.00453485151" />
  <node id="33091" visible="true" version="1" lat="49.99993245571" lon="9.0045418282" />
  <node id="33092" visible="true" version="1" lat="49.99993245544" lon="9.0045488049" />
  <node id="33093" visible="true" version="1" lat="49.99993245516" lon="9.00455578159" />
  <node id="33094" visible="true" version="1" lat="49.99993245489" lon="9.00456275829" />
  <node id="33095" visible="true" version="1" lat="49.99993245462" lon="9.00456973498" />
  <node id="33096" visible="true" version="1" lat="49.99993245434" lon="9.00457671168" />
  <node id="33097" visible="true" version="1" lat="49.99993245406" lon="9.00458368837" />
  <node id="33098" visible="true" version="1" lat="49.99993245379" lon="9.00459066507" />
  <node id="33099" visible="true" version="1" lat="49.99993245351" lon="9.00459764176" />
  <node id="33100" visible="true" version="1" lat="49.99993245324" lon="9.00460461846" />
  <node id="33101" visible="true" version="1" lat="49.99993245296" lon="9.00461159515" />
  <node id="33102" visible="true" version="1" lat="49.99993245268" lon="9.00461857185" />
  <node id="33103" visible="true" version="1" lat="49.9999324524" lon="9.00462554854" />
  <node id="33104" visible="true" version="1" lat="49.99993245213" lon="9.00463252523" />
  <node id="33105" visible="true" version="1" lat="49.99993245185" lon="9.00463950193" />
  <node id="33106" visible="true" version="1" lat="49.99993245157" lon="9.00464647862" />
  <node id="33107" visible="true" version="1" lat="49.99993245129" lon="9.00465345532" />
  <node id="33108" visible="true" version="1" lat="49.99993245101" lon="9.00466043201" />
  <node id="33109" visible="true" version="1" lat="49.99993245073" lon="9.00466740871" />
  <node id="33110" visible="true" version="1" lat="49.99993245045" lon="9.0046743854" />
  <node id="33111" visible="true" version="1" lat="49.99993245017" lon="9.0046813621" />
  <node id="33112" visible="true" version="1" lat="49.99993244988" lon="9.00468833879" />
  <node id="33113" visible="true" version="1" lat="49.9999324496" lon="9.00469531549" />
  <node id="33114" visible="true" version="1" lat="49.99993244932" lon="9.00470229218" />
  <node id="33115" visible="true" version="1" lat="49.99993244904" lon="9.00470926888" />
  <node id="33116" visible="true" version="1" lat="49.99993244875" lon="9.00471624557" />
  <node id="33117" visible="true" version="1" lat="49.99993244847" lon="9.00472322226" />
  <node id="33118" visible="true" version="1" lat="49.99993244818" lon="9.00473019896" />
  <node id="33119" visible="true" version="1" lat="49.9999324479" lon="9.00473717565" />
  <node id="33120" visible="true" version="1" lat="49.99993244762" lon="9.00474415235" />
  <node id="33121" visible="true" version="1" lat="49.99993244733" lon="9.00475112904" />
  <node id="33122" visible="true" version="1" lat="49.99993244704" lon="9.00475810574" />
  <node id="33123" visible="true" version="1" lat="49.99993244676" lon="9.00476508243" />
  <node id="33124" visible="true" version="1" lat="49.99993244647" lon="9.00477205913" />
  <node id="33125" visible="true" version="1" lat="49.99993244618" lon="9.00477903582" />
  <node id="33126" visible="true" version="1" lat="49.9999324459" lon="9.00478601252" />
  <node id="33127" visible="true" version="1" lat="49.99993244561" lon="9.00479298921" />
  <node id="33128" visible="true" version="1" lat="49.99993244532" lon="9.00479996591" />
  <node id="33129" visible="true" version="1" lat="49.99993244503" lon="9.0048069426" />
  <node id="33130" visible="true" version="1" lat="49.99993244474" lon="9.00481391929" />
  <node id="33131" visible="true" version="1" lat="49.99993244445" lon="9.00482089599" />
  <node id="33132" visible="true" version="1" lat="49.99993244416" lon="9.00482787268" />
  <node id="33133" visible="true" version="1" lat="49.99993244387" lon="9.00483484938" />
  <node id="33134" visible="true" version="1" lat="49.99993244358" lon="9.00484182607" />
  <node id="33135" visible="true" version="1" lat="49.99993244329" lon="9.00484880277" />
  <node id="33136" visible="true" version="1" lat="49.999932443" lon="9.00485577946" />
  <node id="33137" visible="true" version="1" lat="49.99993244271" lon="9.00486275616" />
  <node id="33138" visible="true" version="1" lat="49.99993244241" lon="9.00486973285" />
  <node id="33139" visible="true" version="1" lat="49.99993244212" lon="9.00487670955" />
  <node id="33140" visible="true" version="1" lat="49.99993244183" lon="9.00488368624" />
  <node id="33141" visible="true" version="1" lat="49.99993244153" lon="9.00489066294" />
  <node id="33142" visible="true" version="1" lat="49.99993244124" lon="9.00489763963" />
  <node id="33143" visible="true" version="1" lat="49.99993244094" lon="9.00490461632" />
  <node id="33144" visible="true" version="1" lat="49.99993244065" lon="9.00491159302" />
  <node id="33145" visible="true" version="1" lat="49.99993244035" lon="9.00491856971" />
  <node id="33146" visible="true" version="1" lat="49.99993244006" lon="9.00492554641" />
  <node id="33147" visible="true" version="1" lat="49.99993243976" lon="9.0049325231" />
  <node id="33148" visible="true" version="1" lat="49.99993243946" lon="9.0049394998" />
  <node id="33149" visible="true" version="1" lat="49.99993243917" lon="9.00494647649" />
  <node id="33150" visible="true" version="1" lat="49.99993243887" lon="9.00495345319" />
  <node id="33151" visible="true" version="1" lat="49.99993243857" lon="9.00496042988" />
  <node id="33152" visible="true" version="1" lat="49.99993243827" lon="9.00496740658" />
  <node id="33153" visible="true" version="1" lat="49.99993243797" lon="9.00497438327" />
  <node id="33154" visible="true" version="1" lat="49.99993243767" lon="9.00498135996" />
  <node id="33155" visible="true" version="1" lat="49.99993243737" lon="9.00498833666" />
  <node id="33156" visible="true" version="1" lat="49.99993243707" lon="9.00499531335" />
  <node id="33157" visible="true" version="1" lat="49.99993243677" lon="9.00500229005" />
  <node id="33158" visible="true" version="1" lat="49.99993243647" lon="9.00500926674" />
  <node id="33159" visible="true" version="1" lat="49.99993243617" lon="9.00501624344" />
  <node id="33160" visible="true" version="1" lat="49.99993243587" lon="9.00502322013" />
  <node id="33161" visible="true" version="1" lat="49.99993243557" lon="9.00503019683" />
  <node id="33162" visible="true" version="1" lat="49.99993243527" lon="9.00503717352" />
  <node id="33163" visible="true" version="1" lat="49.99993243496" lon="9.00504415022" />
  <node id="33164" visible="true" version="1" lat="49.99993243466" lon="9.00505112691" />
  <node id="33165" visible="true" version="1" lat="49.99993243435" lon="9.00505810361" />
  <node id="33166" visible="true" version="1" lat="49.99993243405" lon="9.0050650803" />
  <node id="33167" visible="true" version="1" lat="49.99993243375" lon="9.00507205699" />
  <node id="33168" visible="true" version="1" lat="49.99993243344" lon="9.00507903369" />
  <node id="33169" visible="true" version="1" lat="49.99993243313" lon="9.00508601038" />
  <node id="33170" visible="true" version="1" lat="49.99993243283" lon="9.00509298708" />
  <node id="33171" visible="true" version="1" lat="49.99993243252" lon="9.00509996377" />
  <node id="33172" visible="true" version="1" lat="49.99993243222" lon="9.00510694047" />
  <node id="33173" visible="true" version="1" lat="49.99993243191" lon="9.00511391716" />
  <node id="33174" visible="true" version="1" lat="49.9999324316" lon="9.00512089386" />
  <node id="33175" visible="true" version="1" lat="49.99993243129" lon="9.00512787055" />
  <node id="33176" visible="true" version="1" lat="49.99993243098" lon="9.00513484725" />
  <node id="33177" visible="true" version="1" lat="49.99993243067" lon="9.00514182394" />
  <node id="33178" visible="true" version="1" lat="49.99993243037" lon="9.00514880064" />
  <node id="33179" visible="true" version="1" lat="49.99993243006" lon="9.00515577733" />
  <node id="33180" visible="true" version="1" lat="49.99993242975" lon="9.00516275402" />
  <node id="33181" visible="true" version="1" lat="49.99993242943" lon="9.00516973072" />
  <node id="33182" visible="true" version="1" lat="49.99993242912" lon="9.00517670741" />
  <node id="33183" visible="true" version="1" lat="49.99993242881" lon="9.00518368411" />
  <node id="33184" visible="true" version="1" lat="49.9999324285" lon="9.0051906608" />
  <node id="33185" visible="true" version="1" lat="49.99993242819" lon="9.0051976375" />
  <node id="33186" visible="true" version="1" lat="49.99993242788" lon="9.00520461419" />
  <node id="33187" visible="true" version="1" lat="49.99993242756" lon="9.00521159089" />
  <node id="33188" visible="true" version="1" lat="49.99993242725" lon="9.00521856758" />
  <node id="33189" visible="true" version="1" lat="49.99993242693" lon="9.00522554428" />
  <node id="33190" visible="true" version="1" lat="49.99993242662" lon="9.00523252097" />
  <node id="33191" visible="true" version="1" lat="49.99993242631" lon="9.00523949767" />
  <node id="33192" visible="true" version="1" lat="49.99993242599" lon="9.00524647436" />
  <node id="33193" visible="true" version="1" lat="49.99993242567" lon="9.00525345105" />
  <node id="33194" visible="true" version="1" lat="49.99993242536" lon="9.00526042775" />
  <node id="33195" visible="true" version="1" lat="49.99993242504" lon="9.00526740444" />
  <node id="33196" visible="true" version="1" lat="49.99993242473" lon="9.00527438114" />
  <node id="33197" visible="true" version="1" lat="49.99993242441" lon="9.00528135783" />
  <node id="33198" visible="true" version="1" lat="49.99993242409" lon="9.00528833453" />
  <node id="33199" visible="true" version="1" lat="49.99993242377" lon="9.00529531122" />
  <node id="33200" visible="true" version="1" lat="49.99993242345" lon="9.00530228792" />
  <node id="33201" visible="true" version="1" lat="49.99993242313" lon="9.00530926461" />
  <node id="33202" visible="true" version="1" lat="49.99993242282" lon="9.00531624131" />
  <node id="33203" visible="true" version="1" lat="49.9999324225" lon="9.005323218" />
  <node id="33204" visible="true" version="1" lat="49.99993242217" lon="9.00533019469" />
  <node id="33205" visible="true" version="1" lat="49.99993242185" lon="9.00533717139" />
  <node id="33206" visible="true" version="1" lat="49.99993242153" lon="9.00534414808" />
  <node id="33207" visible="true" version="1" lat="49.99993242121" lon="9.00535112478" />
  <node id="33208" visible="true" version="1" lat="49.99993242089" lon="9.00535810147" />
  <node id="33209" visible="true" version="1" lat="49.99993242057" lon="9.00536507817" />
  <node id="33210" visible="true" version="1" lat="49.99993242024" lon="9.00537205486" />
  <node id="33211" visible="true" version="1" lat="49.99993241992" lon="9.00537903156" />
  <node id="33212" visible="true" version="1" lat="49.9999324196" lon="9.00538600825" />
  <node id="33213" visible="true" version="1" lat="49.99993241927" lon="9.00539298495" />
  <node id="33214" visible="true" version="1" lat="49.99993241895" lon="9.00539996164" />
  <node id="33215" visible="true" version="1" lat="49.99993241862" lon="9.00540693834" />
  <node id="33216" visible="true" version="1" lat="49.9999324183" lon="9.00541391503" />
  <node id="33217" visible="true" version="1" lat="49.99993241797" lon="9.00542089172" />
  <node id="33218" visible="true" version="1" lat="49.99993241765" lon="9.00542786842" />
  <node id="33219" visible="true" version="1" lat="49.99993241732" lon="9.00543484511" />
  <node id="33220" visible="true" version="1" lat="49.99993241699" lon="9.00544182181" />
  <node id="33221" visible="true" version="1" lat="49.99993241667" lon="9.0054487985" />
  <node id="33222" visible="true" version="1" lat="49.99993241634" lon="9.0054557752" />
  <node id="33223" visible="true" version="1" lat="49.99993241601" lon="9.00546275189" />
  <node id="33224" visible="true" version="1" lat="49.99993241568" lon="9.00546972859" />
  <node id="33225" visible="true" version="1" lat="49.99993241535" lon="9.00547670528" />
  <node id="33226" visible="true" version="1" lat="49.99993241502" lon="9.00548368198" />
  <node id="33227" visible="true" version="1" lat="49.99993241469" lon="9.00549065867" />
  <node id="33228" visible="true" version="1" lat="49.99993241436" lon="9.00549763537" />
  <node id="33229" visible="true" version="1" lat="49.99993241403" lon="9.00550461206" />
  <node id="33230" visible="true" version="1" lat="49.9999324137" lon="9.00551158875" />
  <node id="33231" visible="true" version="1" lat="49.99993241337" lon="9.00551856545" />
  <node id="33232" visible="true" version="1" lat="49.99993241304" lon="9.00552554214" />
  <node id="33233" visible="true" version="1" lat="49.9999324127" lon="9.00553251884" />
  <node id="33234" visible="true" version="1" lat="49.99993241237" lon="9.00553949553" />
  <node id="33235" visible="true" version="1" lat="49.99993241204" lon="9.00554647223" />
  <node id="33236" visible="true" version="1" lat="49.9999324117" lon="9.00555344892" />
  <node id="33237" visible="true" version="1" lat="49.99993241137" lon="9.00556042562" />
  <node id="33238" visible="true" version="1" lat="49.99993241104" lon="9.00556740231" />
  <node id="33239" visible="true" version="1" lat="49.9999324107" lon="9.00557437901" />
  <node id="33240" visible="true" version="1" lat="49.99993241037" lon="9.0055813557" />
  <node id="33241" visible="true" version="1" lat="49.99993241003" lon="9.00558833239" />
  <node id="33242" visible="true" version="1" lat="49.99993240969" lon="9.00559530909" />
  <node id="33243" visible="true" version="1" lat="49.99993240936" lon="9.00560228578" />
  <node id="33244" visible="true" version="1" lat="49.99993240902" lon="9.00560926248" />
  <node id="33245" visible="true" version="1" lat="49.99993240868" lon="9.00561623917" />
  <node id="33246" visible="true" version="1" lat="49.99993240834" lon="9.00562321587" />
  <node id="33247" visible="true" version="1" lat="49.99993240801" lon="9.00563019256" />
  <node id="33248" visible="true" version="1" lat="49.99993240767" lon="9.00563716926" />
  <node id="33249" visible="true" version="1" lat="49.99993240733" lon="9.00564414595" />
  <node id="33250" visible="true" version="1" lat="49.99993240699" lon="9.00565112265" />
  <node id="33251" visible="true" version="1" lat="49.99993240665" lon="9.00565809934" />
  <node id="33252" visible="true" version="1" lat="49.99993240631" lon="9.00566507604" />
  <node id="33253" visible="true" version="1" lat="49.99993240597" lon="9.00567205273" />
  <node id="33254" visible="true" version="1" lat="49.99993240563" lon="9.00567902942" />
  <node id="33255" visible="true" version="1" lat="49.99993240528" lon="9.00568600612" />
  <node id="33256" visible="true" version="1" lat="49.99993240494" lon="9.00569298281" />
  <node id="33257" visible="true" version="1" lat="49.9999324046" lon="9.00569995951" />
  <node id="33258" visible="true" version="1" lat="49.99993240426" lon="9.0057069362" />
  <node id="33259" visible="true" version="1" lat="49.99993240391" lon="9.0057139129" />
  <node id="33260" visible="true" version="1" lat="49.99993240357" lon="9.00572088959" />
  <node id="33261" visible="true" version="1" lat="49.99993240323" lon="9.00572786629" />
  <node id="33262" visible="true" version="1" lat="49.99993240288" lon="9.00573484298" />
  <node id="33263" visible="true" version="1" lat="49.99993240254" lon="9.00574181968" />
  <node id="33264" visible="true" version="1" lat="49.99993240219" lon="9.00574879637" />
  <node id="33265" visible="true" version="1" lat="49.99993240185" lon="9.00575577306" />
  <node id="33266" visible="true" version="1" lat="49.9999324015" lon="9.00576274976" />
  <node id="33267" visible="true" version="1" lat="49.99993240115" lon="9.00576972645" />
  <node id="33268" visible="true" version="1" lat="49.99993240081" lon="9.00577670315" />
  <node id="33269" visible="true" version="1" lat="49.99993240046" lon="9.00578367984" />
  <node id="33270" visible="true" version="1" lat="49.99993240011" lon="9.00579065654" />
  <node id="33271" visible="true" version="1" lat="49.99993239976" lon="9.00579763323" />
  <node id="33272" visible="true" version="1" lat="49.99993239941" lon="9.00580460993" />
  <node id="33273" visible="true" version="1" lat="49.99993239906" lon="9.00581158662" />
  <node id="33274" visible="true" version="1" lat="49.99993239871" lon="9.00581856332" />
  <node id="33275" visible="true" version="1" lat="49.99993239836" lon="9.00582554001" />
  <node id="33276" visible="true" version="1" lat="49.99993239801" lon="9.00583251671" />
  <node id="33277" visible="true" version="1" lat="49.99993239766" lon="9.0058394934" />
  <node id="33278" visible="true" version="1" lat="49.99993239731" lon="9.00584647009" />
  <node id="33279" visible="true" version="1" lat="49.99993239696" lon="9.00585344679" />
  <node id="33280" visible="true" version="1" lat="49.99993239661" lon="9.00586042348" />
  <node id="33281" visible="true" version="1" lat="49.99993239625" lon="9.00586740018" />
  <node id="33282" visible="true" version="1" lat="49.9999323959" lon="9.00587437687" />
  <node id="33283" visible="true" version="1" lat="49.99993239555" lon="9.00588135357" />
  <node id="33284" visible="true" version="1" lat="49.99993239519" lon="9.00588833026" />
  <node id="33285" visible="true" version="1" lat="49.99993239484" lon="9.00589530696" />
  <node id="33286" visible="true" version="1" lat="49.99993239449" lon="9.00590228365" />
  <node id="33287" visible="true" version="1" lat="49.99993239413" lon="9.00590926035" />
  <node id="33288" visible="true" version="1" lat="49.99993239377" lon="9.00591623704" />
  <node id="33289" visible="true" version="1" lat="49.99993239342" lon="9.00592321373" />
  <node id="33290" visible="true" version="1" lat="49.99993239306" lon="9.00593019043" />
  <node id="33291" visible="true" version="1" lat="49.99993239271" lon="9.00593716712" />
  <node id="33292" visible="true" version="1" lat="49.99993239235" lon="9.00594414382" />
  <node id="33293" visible="true" version="1" lat="49.99993239199" lon="9.00595112051" />
  <node id="33294" visible="true" version="1" lat="49.99993239163" lon="9.00595809721" />
  <node id="33295" visible="true" version="1" lat="49.99993239127" lon="9.0059650739" />
  <node id="33296" visible="true" version="1" lat="49.99993239092" lon="9.0059720506" />
  <node id="33297" visible="true" version="1" lat="49.99993239056" lon="9.00597902729" />
  <node id="33298" visible="true" version="1" lat="49.9999323902" lon="9.00598600399" />
  <node id="33299" visible="true" version="1" lat="49.99993238984" lon="9.00599298068" />
  <node id="33300" visible="true" version="1" lat="49.99993238948" lon="9.00599995738" />
  <node id="33301" visible="true" version="1" lat="49.99993238912" lon="9.00600693407" />
  <node id="33302" visible="true" version="1" lat="49.99993238875" lon="9.00601391076" />
  <node id="33303" visible="true" version="1" lat="49.99993238839" lon="9.00602088746" />
  <node id="33304" visible="true" version="1" lat="49.99993238803" lon="9.00602786415" />
  <node id="33305" visible="true" version="1" lat="49.99993238767" lon="9.00603484085" />
  <node id="33306" visible="true" version="1" lat="49.9999323873" lon="9.00604181754" />
  <node id="33307" visible="true" version="1" lat="49.99993238694" lon="9.00604879424" />
  <node id="33308" visible="true" version="1" lat="49.99993238658" lon="9.00605577093" />
  <node id="33309" visible="true" version="1" lat="49.99993238621" lon="9.00606274763" />
  <node id="33310" visible="true" version="1" lat="49.99993238585" lon="9.00606972432" />
  <node id="33311" visible="true" version="1" lat="49.99993238548" lon="9.00607670102" />
  <node id="33312" visible="true" version="1" lat="49.99993238512" lon="9.00608367771" />
  <node id="33313" visible="true" version="1" lat="49.99993238475" lon="9.0060906544" />
  <node id="33314" visible="true" version="1" lat="49.99993238438" lon="9.0060976311" />
  <node id="33315" visible="true" version="1" lat="49.99993238402" lon="9.00610460779" />
  <node id="33316" visible="true" version="1" lat="49.99993238365" lon="9.00611158449" />
  <node id="33317" visible="true" version="1" lat="49.99993238328" lon="9.00611856118" />
  <node id="33318" visible="true" version="1" lat="49.99993238291" lon="9.00612553788" />
  <node id="33319" visible="true" version="1" lat="49.99993238255" lon="9.00613251457" />
  <node id="33320" visible="true" version="1" lat="49.99993238218" lon="9.00613949127" />
  <node id="33321" visible="true" version="1" lat="49.99993238181" lon="9.00614646796" />
  <node id="33322" visible="true" version="1" lat="49.99993238144" lon="9.00615344466" />
  <node id="33323" visible="true" version="1" lat="49.99993238107" lon="9.00616042135" />
  <node id="33324" visible="true" version="1" lat="49.9999323807" lon="9.00616739805" />
  <node id="33325" visible="true" version="1" lat="49.99993238033" lon="9.00617437474" />
  <node id="33326" visible="true" version="1" lat="49.99993237995" lon="9.00618135143" />
  <node id="33327" visible="true" version="1" lat="49.99993237958" lon="9.00618832813" />
  <node id="33328" visible="true" version="1" lat="49.99993237921" lon="9.00619530482" />
  <node id="33329" visible="true" version="1" lat="49.99993237884" lon="9.00620228152" />
  <node id="33330" visible="true" version="1" lat="49.99993237846" lon="9.00620925821" />
  <node id="33331" visible="true" version="1" lat="49.99993237809" lon="9.00621623491" />
  <node id="33332" visible="true" version="1" lat="49.99993237772" lon="9.0062232116" />
  <node id="33333" visible="true" version="1" lat="49.99993237734" lon="9.0062301883" />
  <node id="33334" visible="true" version="1" lat="49.99993237697" lon="9.00623716499" />
  <node id="33335" visible="true" version="1" lat="49.99993237659" lon="9.00624414169" />
  <node id="33336" visible="true" version="1" lat="49.99993237622" lon="9.00625111838" />
  <node id="33337" visible="true" version="1" lat="49.99993237584" lon="9.00625809507" />
  <node id="33338" visible="true" version="1" lat="49.99993237546" lon="9.00626507177" />
  <node id="33339" visible="true" version="1" lat="49.99993237509" lon="9.00627204846" />
  <node id="33340" visible="true" version="1" lat="49.99993237471" lon="9.00627902516" />
  <node id="33341" visible="true" version="1" lat="49.99993237433" lon="9.00628600185" />
  <node id="33342" visible="true" version="1" lat="49.99993237395" lon="9.00629297855" />
  <node id="33343" visible="true" version="1" lat="49.99993237358" lon="9.00629995524" />
  <node id="33344" visible="true" version="1" lat="49.9999323732" lon="9.00630693194" />
  <node id="33345" visible="true" version="1" lat="49.99993237282" lon="9.00631390863" />
  <node id="33346" visible="true" version="1" lat="49.99993237244" lon="9.00632088533" />
  <node id="33347" visible="true" version="1" lat="49.99993237206" lon="9.00632786202" />
  <node id="33348" visible="true" version="1" lat="49.99993237168" lon="9.00633483872" />
  <node id="33349" visible="true" version="1" lat="49.9999323713" lon="9.00634181541" />
  <node id="33350" visible="true" version="1" lat="49.99993237091" lon="9.0063487921" />
  <node id="33351" visible="true" version="1" lat="49.99993237053" lon="9.0063557688" />
  <node id="33352" visible="true" version="1" lat="49.99993237015" lon="9.00636274549" />
  <node id="33353" visible="true" version="1" lat="49.99993236977" lon="9.00636972219" />
  <node id="33354" visible="true" version="1" lat="49.99993236938" lon="9.00637669888" />
  <node id="33355" visible="true" version="1" lat="49.999932369" lon="9.00638367558" />
  <node id="33356" visible="true" version="1" lat="49.99993236862" lon="9.00639065227" />
  <node id="33357" visible="true" version="1" lat="49.99993236823" lon="9.00639762897" />
  <node id="33358" visible="true" version="1" lat="49.99993236785" lon="9.00640460566" />
  <node id="33359" visible="true" version="1" lat="49.99993236746" lon="9.00641158236" />
  <node id="33360" visible="true" version="1" lat="49.99993236708" lon="9.00641855905" />
  <node id="33361" visible="true" version="1" lat="49.99993236669" lon="9.00642553574" />
  <node id="33362" visible="true" version="1" lat="49.9999323663" lon="9.00643251244" />
  <node id="33363" visible="true" version="1" lat="49.99993236592" lon="9.00643948913" />
  <node id="33364" visible="true" version="1" lat="49.99993236553" lon="9.00644646583" />
  <node id="33365" visible="true" version="1" lat="49.99993236514" lon="9.00645344252" />
  <node id="33366" visible="true" version="1" lat="49.99993236475" lon="9.00646041922" />
  <node id="33367" visible="true" version="1" lat="49.99993236436" lon="9.00646739591" />
  <node id="33368" visible="true" version="1" lat="49.99993236398" lon="9.00647437261" />
  <node id="33369" visible="true" version="1" lat="49.99993236359" lon="9.0064813493" />
  <node id="33370" visible="true" version="1" lat="49.9999323632" lon="9.006488326" />
  <node id="33371" visible="true" version="1" lat="49.99993236281" lon="9.00649530269" />
  <node id="33372" visible="true" version="1" lat="49.99993236241" lon="9.00650227938" />
  <node id="33373" visible="true" version="1" lat="49.99993236202" lon="9.00650925608" />
  <node id="33374" visible="true" version="1" lat="49.99993236163" lon="9.00651623277" />
  <node id="33375" visible="true" version="1" lat="49.99993236124" lon="9.00652320947" />
  <node id="33376" visible="true" version="1" lat="49.99993236085" lon="9.00653018616" />
  <node id="33377" visible="true" version="1" lat="49.99993236045" lon="9.00653716286" />
  <node id="33378" visible="true" version="1" lat="49.99993236006" lon="9.00654413955" />
  <node id="33379" visible="true" version="1" lat="49.99993235967" lon="9.00655111625" />
  <node id="33380" visible="true" version="1" lat="49.99993235927" lon="9.00655809294" />
  <node id="33381" visible="true" version="1" lat="49.99993235888" lon="9.00656506964" />
  <node id="33382" visible="true" version="1" lat="49.99993235848" lon="9.00657204633" />
  <node id="33383" visible="true" version="1" lat="49.99993235809" lon="9.00657902303" />
  <node id="33384" visible="true" version="1" lat="49.99993235769" lon="9.00658599972" />
  <node id="33385" visible="true" version="1" lat="49.9999323573" lon="9.00659297641" />
  <node id="33386" visible="true" version="1" lat="49.9999323569" lon="9.00659995311" />
  <node id="33387" visible="true" version="1" lat="49.9999323565" lon="9.0066069298" />
  <node id="33388" visible="true" version="1" lat="49.99993235611" lon="9.0066139065" />
  <node id="33389" visible="true" version="1" lat="49.99993235571" lon="9.00662088319" />
  <node id="33390" visible="true" version="1" lat="49.99993235531" lon="9.00662785989" />
  <node id="33391" visible="true" version="1" lat="49.99993235491" lon="9.00663483658" />
  <node id="33392" visible="true" version="1" lat="49.99993235451" lon="9.00664181328" />
  <node id="33393" visible="true" version="1" lat="49.99993235411" lon="9.00664878997" />
  <node id="33394" visible="true" version="1" lat="49.99993235371" lon="9.00665576667" />
  <node id="33395" visible="true" version="1" lat="49.99993235331" lon="9.00666274336" />
  <node id="33396" visible="true" version="1" lat="49.99993235291" lon="9.00666972005" />
  <node id="33397" visible="true" version="1" lat="49.99993235251" lon="9.00667669675" />
  <node id="33398" visible="true" version="1" lat="49.99993235211" lon="9.00668367344" />
  <node id="33399" visible="true" version="1" lat="49.99993235171" lon="9.00669065014" />
  <node id="33400" visible="true" version="1" lat="49.9999323513" lon="9.00669762683" />
  <node id="33401" visible="true" version="1" lat="49.9999323509" lon="9.00670460353" />
  <node id="33402" visible="true" version="1" lat="49.9999323505" lon="9.00671158022" />
  <node id="33403" visible="true" version="1" lat="49.99993235009" lon="9.00671855692" />
  <node id="33404" visible="true" version="1" lat="49.99993234969" lon="9.00672553361" />
  <node id="33405" visible="true" version="1" lat="49.99993234929" lon="9.00673251031" />
  <node id="33406" visible="true" version="1" lat="49.99993234888" lon="9.006739487" />
  <node id="33407" visible="true" version="1" lat="49.99993234847" lon="9.00674646369" />
  <node id="33408" visible="true" version="1" lat="49.99993234807" lon="9.00675344039" />
  <node id="33409" visible="true" version="1" lat="49.99993234766" lon="9.00676041708" />
  <node id="33410" visible="true" version="1" lat="49.99993234726" lon="9.00676739378" />
  <node id="33411" visible="true" version="1" lat="49.99993234685" lon="9.00677437047" />
  <node id="33412" visible="true" version="1" lat="49.99993234644" lon="9.00678134717" />
  <node id="33413" visible="true" version="1" lat="49.99993234603" lon="9.00678832386" />
  <node id="33414" visible="true" version="1" lat="49.99993234562" lon="9.00679530056" />
  <node id="33415" visible="true" version="1" lat="49.99993234522" lon="9.00680227725" />
  <node id="33416" visible="true" version="1" lat="49.99993234481" lon="9.00680925395" />
  <node id="33417" visible="true" version="1" lat="49.9999323444" lon="9.00681623064" />
  <node id="33418" visible="true" version="1" lat="49.99993234399" lon="9.00682320734" />
  <node id="33419" visible="true" version="1" lat="49.99993234358" lon="9.00683018403" />
  <node id="33420" visible="true" version="1" lat="49.99993234317" lon="9.00683716072" />
  <node id="33421" visible="true" version="1" lat="49.99993234275" lon="9.00684413742" />
  <node id="33422" visible="true" version="1" lat="49.99993234234" lon="9.00685111411" />
  <node id="33423" visible="true" version="1" lat="49.99993234193" lon="9.00685809081" />
  <node id="33424" visible="true" version="1" lat="49.99993234152" lon="9.0068650675" />
  <node id="33425" visible="true" version="1" lat="49.99993234111" lon="9.0068720442" />
  <node id="33426" visible="true" version="1" lat="49.99993234069" lon="9.00687902089" />
  <node id="33427" visible="true" version="1" lat="49.99993234028" lon="9.00688599759" />
  <node id="33428" visible="true" version="1" lat="49.99993233986" lon="9.00689297428" />
  <node id="33429" visible="true" version="1" lat="49.99993233945" lon="9.00689995098" />
  <node id="33430" visible="true" version="1" lat="49.99993233903" lon="9.00690692767" />
  <node id="33431" visible="true" version="1" lat="49.99993233862" lon="9.00691390436" />
  <node id="33432" visible="true" version="1" lat="49.9999323382" lon="9.00692088106" />
  <node id="33433" visible="true" version="1" lat="49.99993233779" lon="9.00692785775" />
  <node id="33434" visible="true" version="1" lat="49.99993233737" lon="9.00693483445" />
  <node id="33435" visible="true" version="1" lat="49.99993233695" lon="9.00694181114" />
  <node id="33436" visible="true" version="1" lat="49.99993233653" lon="9.00694878784" />
  <node id="33437" visible="true" version="1" lat="49.99993233612" lon="9.00695576453" />
  <node id="33438" visible="true" version="1" lat="49.9999323357" lon="9.00696274123" />
  <node id="33439" visible="true" version="1" lat="49.99993233528" lon="9.00696971792" />
  <node id="33440" visible="true" version="1" lat="49.99993233486" lon="9.00697669462" />
  <node id="33442" visible="true" version="1" lat="49.99994940845" lon="9" />
  <node id="33443" visible="true" version="1" lat="49.99994940845" lon="9.0000069767" />
  <node id="33444" visible="true" version="1" lat="49.99994940845" lon="9.00001395339" />
  <node id="33445" visible="true" version="1" lat="49.99994940845" lon="9.00002093009" />
  <node id="33446" visible="true" version="1" lat="49.99994940845" lon="9.00002790679" />
  <node id="33447" visible="true" version="1" lat="49.99994940844" lon="9.00003488349" />
  <node id="33448" visible="true" version="1" lat="49.99994940844" lon="9.00004186018" />
  <node id="33449" visible="true" version="1" lat="49.99994940844" lon="9.00004883688" />
  <node id="33450" visible="true" version="1" lat="49.99994940844" lon="9.00005581358" />
  <node id="33451" visible="true" version="1" lat="49.99994940843" lon="9.00006279027" />
  <node id="33452" visible="true" version="1" lat="49.99994940843" lon="9.00006976697" />
  <node id="33453" visible="true" version="1" lat="49.99994940842" lon="9.00007674367" />
  <node id="33454" visible="true" version="1" lat="49.99994940842" lon="9.00008372036" />
  <node id="33455" visible="true" version="1" lat="49.99994940841" lon="9.00009069706" />
  <node id="33456" visible="true" version="1" lat="49.99994940841" lon="9.00009767376" />
  <node id="33457" visible="true" version="1" lat="49.9999494084" lon="9.00010465046" />
  <node id="33458" visible="true" version="1" lat="49.99994940839" lon="9.00011162715" />
  <node id="33459" visible="true" version="1" lat="49.99994940839" lon="9.00011860385" />
  <node id="33460" visible="true" version="1" lat="49.99994940838" lon="9.00012558055" />
  <node id="33461" visible="true" version="1" lat="49.99994940837" lon="9.00013255724" />
  <node id="33462" visible="true" version="1" lat="49.99994940836" lon="9.00013953394" />
  <node id="33463" visible="true" version="1" lat="49.99994940836" lon="9.00014651064" />
  <node id="33464" visible="true" version="1" lat="49.99994940835" lon="9.00015348734" />
  <node id="33465" visible="true" version="1" lat="49.99994940834" lon="9.00016046403" />
  <node id="33466" visible="true" version="1" lat="49.99994940833" lon="9.00016744073" />
  <node id="33467" visible="true" version="1" lat="49.99994940832" lon="9.00017441743" />
  <node id="33468" visible="true" version="1" lat="49.99994940831" lon="9.00018139412" />
  <node id="33469" visible="true" version="1" lat="49.9999494083" lon="9.00018837082" />
  <node id="33470" visible="true" version="1" lat="49.99994940828" lon="9.00019534752" />
  <node id="33471" visible="true" version="1" lat="49.99994940827" lon="9.00020232422" />
  <node id="33472" visible="true" version="1" lat="49.99994940826" lon="9.00020930091" />
  <node id="33473" visible="true" version="1" lat="49.99994940825" lon="9.00021627761" />
  <node id="33474" visible="true" version="1" lat="49.99994940823" lon="9.00022325431" />
  <node id="33475" visible="true" version="1" lat="49.99994940822" lon="9.000230231" />
  <node id="33476" visible="true" version="1" lat="49.99994940821" lon="9.0002372077" />
  <node id="33477" visible="true" version="1" lat="49.99994940819" lon="9.0002441844" />
  <node id="33478" visible="true" version="1" lat="49.99994940818" lon="9.00025116109" />
  <node id="33479" visible="true" version="1" lat="49.99994940816" lon="9.00025813779" />
  <node id="33480" visible="true" version="1" lat="49.99994940815" lon="9.00026511449" />
  <node id="33481" visible="true" version="1" lat="49.99994940813" lon="9.00027209119" />
  <node id="33482" visible="true" version="1" lat="49.99994940811" lon="9.00027906788" />
  <node id="33483" visible="true" version="1" lat="49.9999494081" lon="9.00028604458" />
  <node id="33484" visible="true" version="1" lat="49.99994940808" lon="9.00029302128" />
  <node id="33485" visible="true" version="1" lat="49.99994940806" lon="9.00029999797" />
  <node id="33486" visible="true" version="1" lat="49.99994940804" lon="9.00030697467" />
  <node id="33487" visible="true" version="1" lat="49.99994940802" lon="9.00031395137" />
  <node id="33488" visible="true" version="1" lat="49.999949408" lon="9.00032092807" />
  <node id="33489" visible="true" version="1" lat="49.99994940799" lon="9.00032790476" />
  <node id="33490" visible="true" version="1" lat="49.99994940797" lon="9.00033488146" />
  <node id="33491" visible="true" version="1" lat="49.99994940794" lon="9.00034185816" />
  <node id="33492" visible="true" version="1" lat="49.99994940792" lon="9.00034883485" />
  <node id="33493" visible="true" version="1" lat="49.9999494079" lon="9.00035581155" />
  <node id="33494" visible="true" version="1" lat="49.99994940788" lon="9.00036278825" />
  <node id="33495" visible="true" version="1" lat="49.99994940786" lon="9.00036976495" />
  <node id="33496" visible="true" version="1" lat="49.99994940784" lon="9.00037674164" />
  <node id="33497" visible="true" version="1" lat="49.99994940781" lon="9.00038371834" />
  <node id="33498" visible="true" version="1" lat="49.99994940779" lon="9.00039069504" />
  <node id="33499" visible="true" version="1" lat="49.99994940777" lon="9.00039767173" />
  <node id="33500" visible="true" version="1" lat="49.99994940774" lon="9.00040464843" />
  <node id="33501" visible="true" version="1" lat="49.99994940772" lon="9.00041162513" />
  <node id="33502" visible="true" version="1" lat="49.99994940769" lon="9.00041860182" />
  <node id="33503" visible="true" version="1" lat="49.99994940767" lon="9.00042557852" />
  <node id="33504" visible="true" version="1" lat="49.99994940764" lon="9.00043255522" />
  <node id="33505" visible="true" version="1" lat="49.99994940762" lon="9.00043953192" />
  <node id="33506" visible="true" version="1" lat="49.99994940759" lon="9.00044650861" />
  <node id="33507" visible="true" version="1" lat="49.99994940756" lon="9.00045348531" />
  <node id="33508" visible="true" version="1" lat="49.99994940753" lon="9.00046046201" />
  <node id="33509" visible="true" version="1" lat="49.99994940751" lon="9.0004674387" />
  <node id="33510" visible="true" version="1" lat="49.99994940748" lon="9.0004744154" />
  <node id="33511" visible="true" version="1" lat="49.99994940745" lon="9.0004813921" />
  <node id="33512" visible="true" version="1" lat="49.99994940742" lon="9.0004883688" />
  <node id="33513" visible="true" version="1" lat="49.99994940739" lon="9.00049534549" />
  <node id="33514" visible="true" version="1" lat="49.99994940736" lon="9.00050232219" />
  <node id="33515" visible="true" version="1" lat="49.99994940733" lon="9.00050929889" />
  <node id="33516" visible="true" version="1" lat="49.9999494073" lon="9.00051627558" />
  <node id="33517" visible="true" version="1" lat="49.99994940727" lon="9.00052325228" />
  <node id="33518" visible="true" version="1" lat="49.99994940724" lon="9.00053022898" />
  <node id="33519" visible="true" version="1" lat="49.9999494072" lon="9.00053720568" />
  <node id="33520" visible="true" version="1" lat="49.99994940717" lon="9.00054418237" />
  <node id="33521" visible="true" version="1" lat="49.99994940714" lon="9.00055115907" />
  <node id="33522" visible="true" version="1" lat="49.99994940711" lon="9.00055813577" />
  <node id="33523" visible="true" version="1" lat="49.99994940707" lon="9.00056511246" />
  <node id="33524" visible="true" version="1" lat="49.99994940704" lon="9.00057208916" />
  <node id="33525" visible="true" version="1" lat="49.999949407" lon="9.00057906586" />
  <node id="33526" visible="true" version="1" lat="49.99994940697" lon="9.00058604255" />
  <node id="33527" visible="true" version="1" lat="49.99994940693" lon="9.00059301925" />
  <node id="33528" visible="true" version="1" lat="49.9999494069" lon="9.00059999595" />
  <node id="33529" visible="true" version="1" lat="49.99994940686" lon="9.00060697265" />
  <node id="33530" visible="true" version="1" lat="49.99994940682" lon="9.00061394934" />
  <node id="33531" visible="true" version="1" lat="49.99994940679" lon="9.00062092604" />
  <node id="33532" visible="true" version="1" lat="49.99994940675" lon="9.00062790274" />
  <node id="33533" visible="true" version="1" lat="49.99994940671" lon="9.00063487943" />
  <node id="33534" visible="true" version="1" lat="49.99994940667" lon="9.00064185613" />
  <node id="33535" visible="true" version="1" lat="49.99994940663" lon="9.00064883283" />
  <node id="33536" visible="true" version="1" lat="49.9999494066" lon="9.00065580953" />
  <node id="33537" visible="true" version="1" lat="49.99994940656" lon="9.00066278622" />
  <node id="33538" visible="true" version="1" lat="49.99994940652" lon="9.00066976292" />
  <node id="33539" visible="true" version="1" lat="49.99994940648" lon="9.00067673962" />
  <node id="33540" visible="true" version="1" lat="49.99994940643" lon="9.00068371631" />
  <node id="33541" visible="true" version="1" lat="49.99994940639" lon="9.00069069301" />
  <node id="33542" visible="true" version="1" lat="49.99994940635" lon="9.00069766971" />
  <node id="33543" visible="true" version="1" lat="49.99994940631" lon="9.00070464641" />
  <node id="33544" visible="true" version="1" lat="49.99994940627" lon="9.0007116231" />
  <node id="33545" visible="true" version="1" lat="49.99994940622" lon="9.0007185998" />
  <node id="33546" visible="true" version="1" lat="49.99994940618" lon="9.0007255765" />
  <node id="33547" visible="true" version="1" lat="49.99994940614" lon="9.00073255319" />
  <node id="33548" visible="true" version="1" lat="49.99994940609" lon="9.00073952989" />
  <node id="33549" visible="true" version="1" lat="49.99994940605" lon="9.00074650659" />
  <node id="33550" visible="true" version="1" lat="49.999949406" lon="9.00075348328" />
  <node id="33551" visible="true" version="1" lat="49.99994940596" lon="9.00076045998" />
  <node id="33552" visible="true" version="1" lat="49.99994940591" lon="9.00076743668" />
  <node id="33553" visible="true" version="1" lat="49.99994940586" lon="9.00077441338" />
  <node id="33554" visible="true" version="1" lat="49.99994940582" lon="9.00078139007" />
  <node id="33555" visible="true" version="1" lat="49.99994940577" lon="9.00078836677" />
  <node id="33556" visible="true" version="1" lat="49.99994940572" lon="9.00079534347" />
  <node id="33557" visible="true" version="1" lat="49.99994940567" lon="9.00080232016" />
  <node id="33558" visible="true" version="1" lat="49.99994940563" lon="9.00080929686" />
  <node id="33559" visible="true" version="1" lat="49.99994940558" lon="9.00081627356" />
  <node id="33560" visible="true" version="1" lat="49.99994940553" lon="9.00082325026" />
  <node id="33561" visible="true" version="1" lat="49.99994940548" lon="9.00083022695" />
  <node id="33562" visible="true" version="1" lat="49.99994940543" lon="9.00083720365" />
  <node id="33563" visible="true" version="1" lat="49.99994940538" lon="9.00084418035" />
  <node id="33564" visible="true" version="1" lat="49.99994940533" lon="9.00085115704" />
  <node id="33565" visible="true" version="1" lat="49.99994940528" lon="9.00085813374" />
  <node id="33566" visible="true" version="1" lat="49.99994940522" lon="9.00086511044" />
  <node id="33567" visible="true" version="1" lat="49.99994940517" lon="9.00087208714" />
  <node id="33568" visible="true" version="1" lat="49.99994940512" lon="9.00087906383" />
  <node id="33569" visible="true" version="1" lat="49.99994940507" lon="9.00088604053" />
  <node id="33570" visible="true" version="1" lat="49.99994940501" lon="9.00089301723" />
  <node id="33571" visible="true" version="1" lat="49.99994940496" lon="9.00089999392" />
  <node id="33572" visible="true" version="1" lat="49.9999494049" lon="9.00090697062" />
  <node id="33573" visible="true" version="1" lat="49.99994940485" lon="9.00091394732" />
  <node id="33574" visible="true" version="1" lat="49.99994940479" lon="9.00092092401" />
  <node id="33575" visible="true" version="1" lat="49.99994940474" lon="9.00092790071" />
  <node id="33576" visible="true" version="1" lat="49.99994940468" lon="9.00093487741" />
  <node id="33577" visible="true" version="1" lat="49.99994940463" lon="9.00094185411" />
  <node id="33578" visible="true" version="1" lat="49.99994940457" lon="9.0009488308" />
  <node id="33579" visible="true" version="1" lat="49.99994940451" lon="9.0009558075" />
  <node id="33580" visible="true" version="1" lat="49.99994940445" lon="9.0009627842" />
  <node id="33581" visible="true" version="1" lat="49.9999494044" lon="9.00096976089" />
  <node id="33582" visible="true" version="1" lat="49.99994940434" lon="9.00097673759" />
  <node id="33583" visible="true" version="1" lat="49.99994940428" lon="9.00098371429" />
  <node id="33584" visible="true" version="1" lat="49.99994940422" lon="9.00099069099" />
  <node id="33585" visible="true" version="1" lat="49.99994940416" lon="9.00099766768" />
  <node id="33586" visible="true" version="1" lat="49.9999494041" lon="9.00100464438" />
  <node id="33587" visible="true" version="1" lat="49.99994940404" lon="9.00101162108" />
  <node id="33588" visible="true" version="1" lat="49.99994940398" lon="9.00101859777" />
  <node id="33589" visible="true" version="1" lat="49.99994940392" lon="9.00102557447" />
  <node id="33590" visible="true" version="1" lat="49.99994940385" lon="9.00103255117" />
  <node id="33591" visible="true" version="1" lat="49.99994940379" lon="9.00103952787" />
  <node id="33592" visible="true" version="1" lat="49.99994940373" lon="9.00104650456" />
  <node id="33593" visible="true" version="1" lat="49.99994940367" lon="9.00105348126" />
  <node id="33594" visible="true" version="1" lat="49.9999494036" lon="9.00106045796" />
  <node id="33595" visible="true" version="1" lat="49.99994940354" lon="9.00106743465" />
  <node id="33596" visible="true" version="1" lat="49.99994940347" lon="9.00107441135" />
  <node id="33597" visible="true" version="1" lat="49.99994940341" lon="9.00108138805" />
  <node id="33598" visible="true" version="1" lat="49.99994940334" lon="9.00108836474" />
  <node id="33599" visible="true" version="1" lat="49.99994940328" lon="9.00109534144" />
  <node id="33600" visible="true" version="1" lat="49.99994940321" lon="9.00110231814" />
  <node id="33601" visible="true" version="1" lat="49.99994940315" lon="9.00110929484" />
  <node id="33602" visible="true" version="1" lat="49.99994940308" lon="9.00111627153" />
  <node id="33603" visible="true" version="1" lat="49.99994940301" lon="9.00112324823" />
  <node id="33604" visible="true" version="1" lat="49.99994940294" lon="9.00113022493" />
  <node id="33605" visible="true" version="1" lat="49.99994940288" lon="9.00113720162" />
  <node id="33606" visible="true" version="1" lat="49.99994940281" lon="9.00114417832" />
  <node id="33607" visible="true" version="1" lat="49.99994940274" lon="9.00115115502" />
  <node id="33608" visible="true" version="1" lat="49.99994940267" lon="9.00115813172" />
  <node id="33609" visible="true" version="1" lat="49.9999494026" lon="9.00116510841" />
  <node id="33610" visible="true" version="1" lat="49.99994940253" lon="9.00117208511" />
  <node id="33611" visible="true" version="1" lat="49.99994940246" lon="9.00117906181" />
  <node id="33612" visible="true" version="1" lat="49.99994940239" lon="9.0011860385" />
  <node id="33613" visible="true" version="1" lat="49.99994940232" lon="9.0011930152" />
  <node id="33614" visible="true" version="1" lat="49.99994940224" lon="9.0011999919" />
  <node id="33615" visible="true" version="1" lat="49.99994940217" lon="9.0012069686" />
  <node id="33616" visible="true" version="1" lat="49.9999494021" lon="9.00121394529" />
  <node id="33617" visible="true" version="1" lat="49.99994940203" lon="9.00122092199" />
  <node id="33618" visible="true" version="1" lat="49.99994940195" lon="9.00122789869" />
  <node id="33619" visible="true" version="1" lat="49.99994940188" lon="9.00123487538" />
  <node id="33620" visible="true" version="1" lat="49.9999494018" lon="9.00124185208" />
  <node id="33621" visible="true" version="1" lat="49.99994940173" lon="9.00124882878" />
  <node id="33622" visible="true" version="1" lat="49.99994940165" lon="9.00125580547" />
  <node id="33623" visible="true" version="1" lat="49.99994940158" lon="9.00126278217" />
  <node id="33624" visible="true" version="1" lat="49.9999494015" lon="9.00126975887" />
  <node id="33625" visible="true" version="1" lat="49.99994940142" lon="9.00127673557" />
  <node id="33626" visible="true" version="1" lat="49.99994940135" lon="9.00128371226" />
  <node id="33627" visible="true" version="1" lat="49.99994940127" lon="9.00129068896" />
  <node id="33628" visible="true" version="1" lat="49.99994940119" lon="9.00129766566" />
  <node id="33629" visible="true" version="1" lat="49.99994940111" lon="9.00130464235" />
  <node id="33630" visible="true" version="1" lat="49.99994940104" lon="9.00131161905" />
  <node id="33631" visible="true" version="1" lat="49.99994940096" lon="9.00131859575" />
  <node id="33632" visible="true" version="1" lat="49.99994940088" lon="9.00132557245" />
  <node id="33633" visible="true" version="1" lat="49.9999494008" lon="9.00133254914" />
  <node id="33634" visible="true" version="1" lat="49.99994940072" lon="9.00133952584" />
  <node id="33635" visible="true" version="1" lat="49.99994940064" lon="9.00134650254" />
  <node id="33636" visible="true" version="1" lat="49.99994940055" lon="9.00135347923" />
  <node id="33637" visible="true" version="1" lat="49.99994940047" lon="9.00136045593" />
  <node id="33638" visible="true" version="1" lat="49.99994940039" lon="9.00136743263" />
  <node id="33639" visible="true" version="1" lat="49.99994940031" lon="9.00137440933" />
  <node id="33640" visible="true" version="1" lat="49.99994940023" lon="9.00138138602" />
  <node id="33641" visible="true" version="1" lat="49.99994940014" lon="9.00138836272" />
  <node id="33642" visible="true" version="1" lat="49.99994940006" lon="9.00139533942" />
  <node id="33643" visible="true" version="1" lat="49.99994939997" lon="9.00140231611" />
  <node id="33644" visible="true" version="1" lat="49.99994939989" lon="9.00140929281" />
  <node id="33645" visible="true" version="1" lat="49.99994939981" lon="9.00141626951" />
  <node id="33646" visible="true" version="1" lat="49.99994939972" lon="9.0014232462" />
  <node id="33647" visible="true" version="1" lat="49.99994939963" lon="9.0014302229" />
  <node id="33648" visible="true" version="1" lat="49.99994939955" lon="9.0014371996" />
  <node id="33649" visible="true" version="1" lat="49.99994939946" lon="9.0014441763" />
  <node id="33650" visible="true" version="1" lat="49.99994939937" lon="9.00145115299" />
  <node id="33651" visible="true" version="1" lat="49.99994939929" lon="9.00145812969" />
  <node id="33652" visible="true" version="1" lat="49.9999493992" lon="9.00146510639" />
  <node id="33653" visible="true" version="1" lat="49.99994939911" lon="9.00147208308" />
  <node id="33654" visible="true" version="1" lat="49.99994939902" lon="9.00147905978" />
  <node id="33655" visible="true" version="1" lat="49.99994939893" lon="9.00148603648" />
  <node id="33656" visible="true" version="1" lat="49.99994939884" lon="9.00149301318" />
  <node id="33657" visible="true" version="1" lat="49.99994939875" lon="9.00149998987" />
  <node id="33658" visible="true" version="1" lat="49.99994939866" lon="9.00150696657" />
  <node id="33659" visible="true" version="1" lat="49.99994939857" lon="9.00151394327" />
  <node id="33660" visible="true" version="1" lat="49.99994939848" lon="9.00152091996" />
  <node id="33661" visible="true" version="1" lat="49.99994939839" lon="9.00152789666" />
  <node id="33662" visible="true" version="1" lat="49.9999493983" lon="9.00153487336" />
  <node id="33663" visible="true" version="1" lat="49.9999493982" lon="9.00154185006" />
  <node id="33664" visible="true" version="1" lat="49.99994939811" lon="9.00154882675" />
  <node id="33665" visible="true" version="1" lat="49.99994939802" lon="9.00155580345" />
  <node id="33666" visible="true" version="1" lat="49.99994939792" lon="9.00156278015" />
  <node id="33667" visible="true" version="1" lat="49.99994939783" lon="9.00156975684" />
  <node id="33668" visible="true" version="1" lat="49.99994939774" lon="9.00157673354" />
  <node id="33669" visible="true" version="1" lat="49.99994939764" lon="9.00158371024" />
  <node id="33670" visible="true" version="1" lat="49.99994939755" lon="9.00159068693" />
  <node id="33671" visible="true" version="1" lat="49.99994939745" lon="9.00159766363" />
  <node id="33672" visible="true" version="1" lat="49.99994939735" lon="9.00160464033" />
  <node id="33673" visible="true" version="1" lat="49.99994939726" lon="9.00161161703" />
  <node id="33674" visible="true" version="1" lat="49.99994939716" lon="9.00161859372" />
  <node id="33675" visible="true" version="1" lat="49.99994939706" lon="9.00162557042" />
  <node id="33676" visible="true" version="1" lat="49.99994939696" lon="9.00163254712" />
  <node id="33677" visible="true" version="1" lat="49.99994939687" lon="9.00163952381" />
  <node id="33678" visible="true" version="1" lat="49.99994939677" lon="9.00164650051" />
  <node id="33679" visible="true" version="1" lat="49.99994939667" lon="9.00165347721" />
  <node id="33680" visible="true" version="1" lat="49.99994939657" lon="9.00166045391" />
  <node id="33681" visible="true" version="1" lat="49.99994939647" lon="9.0016674306" />
  <node id="33682" visible="true" version="1" lat="49.99994939637" lon="9.0016744073" />
  <node id="33683" visible="true" version="1" lat="49.99994939627" lon="9.001681384" />
  <node id="33684" visible="true" version="1" lat="49.99994939617" lon="9.00168836069" />
  <node id="33685" visible="true" version="1" lat="49.99994939606" lon="9.00169533739" />
  <node id="33686" visible="true" version="1" lat="49.99994939596" lon="9.00170231409" />
  <node id="33687" visible="true" version="1" lat="49.99994939586" lon="9.00170929078" />
  <node id="33688" visible="true" version="1" lat="49.99994939576" lon="9.00171626748" />
  <node id="33689" visible="true" version="1" lat="49.99994939565" lon="9.00172324418" />
  <node id="33690" visible="true" version="1" lat="49.99994939555" lon="9.00173022088" />
  <node id="33691" visible="true" version="1" lat="49.99994939544" lon="9.00173719757" />
  <node id="33692" visible="true" version="1" lat="49.99994939534" lon="9.00174417427" />
  <node id="33693" visible="true" version="1" lat="49.99994939523" lon="9.00175115097" />
  <node id="33694" visible="true" version="1" lat="49.99994939513" lon="9.00175812766" />
  <node id="33695" visible="true" version="1" lat="49.99994939502" lon="9.00176510436" />
  <node id="33696" visible="true" version="1" lat="49.99994939492" lon="9.00177208106" />
  <node id="33697" visible="true" version="1" lat="49.99994939481" lon="9.00177905776" />
  <node id="33698" visible="true" version="1" lat="49.9999493947" lon="9.00178603445" />
  <node id="33699" visible="true" version="1" lat="49.9999493946" lon="9.00179301115" />
  <node id="33700" visible="true" version="1" lat="49.99994939449" lon="9.00179998785" />
  <node id="33701" visible="true" version="1" lat="49.99994939438" lon="9.00180696454" />
  <node id="33702" visible="true" version="1" lat="49.99994939427" lon="9.00181394124" />
  <node id="33703" visible="true" version="1" lat="49.99994939416" lon="9.00182091794" />
  <node id="33704" visible="true" version="1" lat="49.99994939405" lon="9.00182789464" />
  <node id="33705" visible="true" version="1" lat="49.99994939394" lon="9.00183487133" />
  <node id="33706" visible="true" version="1" lat="49.99994939383" lon="9.00184184803" />
  <node id="33707" visible="true" version="1" lat="49.99994939372" lon="9.00184882473" />
  <node id="33708" visible="true" version="1" lat="49.99994939361" lon="9.00185580142" />
  <node id="33709" visible="true" version="1" lat="49.9999493935" lon="9.00186277812" />
  <node id="33710" visible="true" version="1" lat="49.99994939338" lon="9.00186975482" />
  <node id="33711" visible="true" version="1" lat="49.99994939327" lon="9.00187673151" />
  <node id="33712" visible="true" version="1" lat="49.99994939316" lon="9.00188370821" />
  <node id="33713" visible="true" version="1" lat="49.99994939305" lon="9.00189068491" />
  <node id="33714" visible="true" version="1" lat="49.99994939293" lon="9.00189766161" />
  <node id="33715" visible="true" version="1" lat="49.99994939282" lon="9.0019046383" />
  <node id="33716" visible="true" version="1" lat="49.9999493927" lon="9.001911615" />
  <node id="33717" visible="true" version="1" lat="49.99994939259" lon="9.0019185917" />
  <node id="33718" visible="true" version="1" lat="49.99994939247" lon="9.00192556839" />
  <node id="33719" visible="true" version="1" lat="49.99994939236" lon="9.00193254509" />
  <node id="33720" visible="true" version="1" lat="49.99994939224" lon="9.00193952179" />
  <node id="33721" visible="true" version="1" lat="49.99994939212" lon="9.00194649849" />
  <node id="33722" visible="true" version="1" lat="49.99994939201" lon="9.00195347518" />
  <node id="33723" visible="true" version="1" lat="49.99994939189" lon="9.00196045188" />
  <node id="33724" visible="true" version="1" lat="49.99994939177" lon="9.00196742858" />
  <node id="33725" visible="true" version="1" lat="49.99994939165" lon="9.00197440527" />
  <node id="33726" visible="true" version="1" lat="49.99994939153" lon="9.00198138197" />
  <node id="33727" visible="true" version="1" lat="49.99994939141" lon="9.00198835867" />
  <node id="33728" visible="true" version="1" lat="49.99994939129" lon="9.00199533537" />
  <node id="33729" visible="true" version="1" lat="49.99994939117" lon="9.00200231206" />
  <node id="33730" visible="true" version="1" lat="49.99994939105" lon="9.00200928876" />
  <node id="33731" visible="true" version="1" lat="49.99994939093" lon="9.00201626546" />
  <node id="33732" visible="true" version="1" lat="49.99994939081" lon="9.00202324215" />
  <node id="33733" visible="true" version="1" lat="49.99994939069" lon="9.00203021885" />
  <node id="33734" visible="true" version="1" lat="49.99994939057" lon="9.00203719555" />
  <node id="33735" visible="true" version="1" lat="49.99994939044" lon="9.00204417224" />
  <node id="33736" visible="true" version="1" lat="49.99994939032" lon="9.00205114894" />
  <node id="33737" visible="true" version="1" lat="49.9999493902" lon="9.00205812564" />
  <node id="33738" visible="true" version="1" lat="49.99994939007" lon="9.00206510234" />
  <node id="33739" visible="true" version="1" lat="49.99994938995" lon="9.00207207903" />
  <node id="33740" visible="true" version="1" lat="49.99994938982" lon="9.00207905573" />
  <node id="33741" visible="true" version="1" lat="49.9999493897" lon="9.00208603243" />
  <node id="33742" visible="true" version="1" lat="49.99994938957" lon="9.00209300912" />
  <node id="33743" visible="true" version="1" lat="49.99994938945" lon="9.00209998582" />
  <node id="33744" visible="true" version="1" lat="49.99994938932" lon="9.00210696252" />
  <node id="33745" visible="true" version="1" lat="49.99994938919" lon="9.00211393922" />
  <node id="33746" visible="true" version="1" lat="49.99994938907" lon="9.00212091591" />
  <node id="33747" visible="true" version="1" lat="49.99994938894" lon="9.00212789261" />
  <node id="33748" visible="true" version="1" lat="49.99994938881" lon="9.00213486931" />
  <node id="33749" visible="true" version="1" lat="49.99994938868" lon="9.002141846" />
  <node id="33750" visible="true" version="1" lat="49.99994938855" lon="9.0021488227" />
  <node id="33751" visible="true" version="1" lat="49.99994938842" lon="9.0021557994" />
  <node id="33752" visible="true" version="1" lat="49.99994938829" lon="9.00216277609" />
  <node id="33753" visible="true" version="1" lat="49.99994938816" lon="9.00216975279" />
  <node id="33754" visible="true" version="1" lat="49.99994938803" lon="9.00217672949" />
  <node id="33755" visible="true" version="1" lat="49.9999493879" lon="9.00218370619" />
  <node id="33756" visible="true" version="1" lat="49.99994938777" lon="9.00219068288" />
  <node id="33757" visible="true" version="1" lat="49.99994938764" lon="9.00219765958" />
  <node id="33758" visible="true" version="1" lat="49.9999493875" lon="9.00220463628" />
  <node id="33759" visible="true" version="1" lat="49.99994938737" lon="9.00221161297" />
  <node id="33760" visible="true" version="1" lat="49.99994938724" lon="9.00221858967" />
  <node id="33761" visible="true" version="1" lat="49.99994938711" lon="9.00222556637" />
  <node id="33762" visible="true" version="1" lat="49.99994938697" lon="9.00223254307" />
  <node id="33763" visible="true" version="1" lat="49.99994938684" lon="9.00223951976" />
  <node id="33764" visible="true" version="1" lat="49.9999493867" lon="9.00224649646" />
  <node id="33765" visible="true" version="1" lat="49.99994938657" lon="9.00225347316" />
  <node id="33766" visible="true" version="1" lat="49.99994938643" lon="9.00226044985" />
  <node id="33767" visible="true" version="1" lat="49.99994938629" lon="9.00226742655" />
  <node id="33768" visible="true" version="1" lat="49.99994938616" lon="9.00227440325" />
  <node id="33769" visible="true" version="1" lat="49.99994938602" lon="9.00228137995" />
  <node id="33770" visible="true" version="1" lat="49.99994938588" lon="9.00228835664" />
  <node id="33771" visible="true" version="1" lat="49.99994938575" lon="9.00229533334" />
  <node id="33772" visible="true" version="1" lat="49.99994938561" lon="9.00230231004" />
  <node id="33773" visible="true" version="1" lat="49.99994938547" lon="9.00230928673" />
  <node id="33774" visible="true" version="1" lat="49.99994938533" lon="9.00231626343" />
  <node id="33775" visible="true" version="1" lat="49.99994938519" lon="9.00232324013" />
  <node id="33776" visible="true" version="1" lat="49.99994938505" lon="9.00233021682" />
  <node id="33777" visible="true" version="1" lat="49.99994938491" lon="9.00233719352" />
  <node id="33778" visible="true" version="1" lat="49.99994938477" lon="9.00234417022" />
  <node id="33779" visible="true" version="1" lat="49.99994938463" lon="9.00235114692" />
  <node id="33780" visible="true" version="1" lat="49.99994938449" lon="9.00235812361" />
  <node id="33781" visible="true" version="1" lat="49.99994938435" lon="9.00236510031" />
  <node id="33782" visible="true" version="1" lat="49.9999493842" lon="9.00237207701" />
  <node id="33783" visible="true" version="1" lat="49.99994938406" lon="9.0023790537" />
  <node id="33784" visible="true" version="1" lat="49.99994938392" lon="9.0023860304" />
  <node id="33785" visible="true" version="1" lat="49.99994938377" lon="9.0023930071" />
  <node id="33786" visible="true" version="1" lat="49.99994938363" lon="9.0023999838" />
  <node id="33787" visible="true" version="1" lat="49.99994938348" lon="9.00240696049" />
  <node id="33788" visible="true" version="1" lat="49.99994938334" lon="9.00241393719" />
  <node id="33789" visible="true" version="1" lat="49.99994938319" lon="9.00242091389" />
  <node id="33790" visible="true" version="1" lat="49.99994938305" lon="9.00242789058" />
  <node id="33791" visible="true" version="1" lat="49.9999493829" lon="9.00243486728" />
  <node id="33792" visible="true" version="1" lat="49.99994938276" lon="9.00244184398" />
  <node id="33793" visible="true" version="1" lat="49.99994938261" lon="9.00244882068" />
  <node id="33794" visible="true" version="1" lat="49.99994938246" lon="9.00245579737" />
  <node id="33795" visible="true" version="1" lat="49.99994938231" lon="9.00246277407" />
  <node id="33796" visible="true" version="1" lat="49.99994938216" lon="9.00246975077" />
  <node id="33797" visible="true" version="1" lat="49.99994938202" lon="9.00247672746" />
  <node id="33798" visible="true" version="1" lat="49.99994938187" lon="9.00248370416" />
  <node id="33799" visible="true" version="1" lat="49.99994938172" lon="9.00249068086" />
  <node id="33800" visible="true" version="1" lat="49.99994938157" lon="9.00249765755" />
  <node id="33801" visible="true" version="1" lat="49.99994938142" lon="9.00250463425" />
  <node id="33802" visible="true" version="1" lat="49.99994938127" lon="9.00251161095" />
  <node id="33803" visible="true" version="1" lat="49.99994938112" lon="9.00251858765" />
  <node id="33804" visible="true" version="1" lat="49.99994938096" lon="9.00252556434" />
  <node id="33805" visible="true" version="1" lat="49.99994938081" lon="9.00253254104" />
  <node id="33806" visible="true" version="1" lat="49.99994938066" lon="9.00253951774" />
  <node id="33807" visible="true" version="1" lat="49.99994938051" lon="9.00254649443" />
  <node id="33808" visible="true" version="1" lat="49.99994938035" lon="9.00255347113" />
  <node id="33809" visible="true" version="1" lat="49.9999493802" lon="9.00256044783" />
  <node id="33810" visible="true" version="1" lat="49.99994938004" lon="9.00256742453" />
  <node id="33811" visible="true" version="1" lat="49.99994937989" lon="9.00257440122" />
  <node id="33812" visible="true" version="1" lat="49.99994937974" lon="9.00258137792" />
  <node id="33813" visible="true" version="1" lat="49.99994937958" lon="9.00258835462" />
  <node id="33814" visible="true" version="1" lat="49.99994937942" lon="9.00259533131" />
  <node id="33815" visible="true" version="1" lat="49.99994937927" lon="9.00260230801" />
  <node id="33816" visible="true" version="1" lat="49.99994937911" lon="9.00260928471" />
  <node id="33817" visible="true" version="1" lat="49.99994937895" lon="9.0026162614" />
  <node id="33818" visible="true" version="1" lat="49.9999493788" lon="9.0026232381" />
  <node id="33819" visible="true" version="1" lat="49.99994937864" lon="9.0026302148" />
  <node id="33820" visible="true" version="1" lat="49.99994937848" lon="9.0026371915" />
  <node id="33821" visible="true" version="1" lat="49.99994937832" lon="9.00264416819" />
  <node id="33822" visible="true" version="1" lat="49.99994937816" lon="9.00265114489" />
  <node id="33823" visible="true" version="1" lat="49.999949378" lon="9.00265812159" />
  <node id="33824" visible="true" version="1" lat="49.99994937784" lon="9.00266509828" />
  <node id="33825" visible="true" version="1" lat="49.99994937768" lon="9.00267207498" />
  <node id="33826" visible="true" version="1" lat="49.99994937752" lon="9.00267905168" />
  <node id="33827" visible="true" version="1" lat="49.99994937736" lon="9.00268602838" />
  <node id="33828" visible="true" version="1" lat="49.9999493772" lon="9.00269300507" />
  <node id="33829" visible="true" version="1" lat="49.99994937704" lon="9.00269998177" />
  <node id="33830" visible="true" version="1" lat="49.99994937687" lon="9.00270695847" />
  <node id="33831" visible="true" version="1" lat="49.99994937671" lon="9.00271393516" />
  <node id="33832" visible="true" version="1" lat="49.99994937655" lon="9.00272091186" />
  <node id="33833" visible="true" version="1" lat="49.99994937638" lon="9.00272788856" />
  <node id="33834" visible="true" version="1" lat="49.99994937622" lon="9.00273486525" />
  <node id="33835" visible="true" version="1" lat="49.99994937605" lon="9.00274184195" />
  <node id="33836" visible="true" version="1" lat="49.99994937589" lon="9.00274881865" />
  <node id="33837" visible="true" version="1" lat="49.99994937572" lon="9.00275579535" />
  <node id="33838" visible="true" version="1" lat="49.99994937556" lon="9.00276277204" />
  <node id="33839" visible="true" version="1" lat="49.99994937539" lon="9.00276974874" />
  <node id="33840" visible="true" version="1" lat="49.99994937523" lon="9.00277672544" />
  <node id="33841" visible="true" version="1" lat="49.99994937506" lon="9.00278370213" />
  <node id="33842" visible="true" version="1" lat="49.99994937489" lon="9.00279067883" />
  <node id="33843" visible="true" version="1" lat="49.99994937472" lon="9.00279765553" />
  <node id="33844" visible="true" version="1" lat="49.99994937455" lon="9.00280463223" />
  <node id="33845" visible="true" version="1" lat="49.99994937439" lon="9.00281160892" />
  <node id="33846" visible="true" version="1" lat="49.99994937422" lon="9.00281858562" />
  <node id="33847" visible="true" version="1" lat="49.99994937405" lon="9.00282556232" />
  <node id="33848" visible="true" version="1" lat="49.99994937388" lon="9.00283253901" />
  <node id="33849" visible="true" version="1" lat="49.99994937371" lon="9.00283951571" />
  <node id="33850" visible="true" version="1" lat="49.99994937353" lon="9.00284649241" />
  <node id="33851" visible="true" version="1" lat="49.99994937336" lon="9.00285346911" />
  <node id="33852" visible="true" version="1" lat="49.99994937319" lon="9.0028604458" />
  <node id="33853" visible="true" version="1" lat="49.99994937302" lon="9.0028674225" />
  <node id="33854" visible="true" version="1" lat="49.99994937285" lon="9.0028743992" />
  <node id="33855" visible="true" version="1" lat="49.99994937267" lon="9.00288137589" />
  <node id="33856" visible="true" version="1" lat="49.9999493725" lon="9.00288835259" />
  <node id="33857" visible="true" version="1" lat="49.99994937233" lon="9.00289532929" />
  <node id="33858" visible="true" version="1" lat="49.99994937215" lon="9.00290230598" />
  <node id="33859" visible="true" version="1" lat="49.99994937198" lon="9.00290928268" />
  <node id="33860" visible="true" version="1" lat="49.9999493718" lon="9.00291625938" />
  <node id="33861" visible="true" version="1" lat="49.99994937163" lon="9.00292323608" />
  <node id="33862" visible="true" version="1" lat="49.99994937145" lon="9.00293021277" />
  <node id="33863" visible="true" version="1" lat="49.99994937127" lon="9.00293718947" />
  <node id="33864" visible="true" version="1" lat="49.9999493711" lon="9.00294416617" />
  <node id="33865" visible="true" version="1" lat="49.99994937092" lon="9.00295114286" />
  <node id="33866" visible="true" version="1" lat="49.99994937074" lon="9.00295811956" />
  <node id="33867" visible="true" version="1" lat="49.99994937056" lon="9.00296509626" />
  <node id="33868" visible="true" version="1" lat="49.99994937039" lon="9.00297207296" />
  <node id="33869" visible="true" version="1" lat="49.99994937021" lon="9.00297904965" />
  <node id="33870" visible="true" version="1" lat="49.99994937003" lon="9.00298602635" />
  <node id="33871" visible="true" version="1" lat="49.99994936985" lon="9.00299300305" />
  <node id="33872" visible="true" version="1" lat="49.99994936967" lon="9.00299997974" />
  <node id="33873" visible="true" version="1" lat="49.99994936949" lon="9.00300695644" />
  <node id="33874" visible="true" version="1" lat="49.99994936931" lon="9.00301393314" />
  <node id="33875" visible="true" version="1" lat="49.99994936912" lon="9.00302090983" />
  <node id="33876" visible="true" version="1" lat="49.99994936894" lon="9.00302788653" />
  <node id="33877" visible="true" version="1" lat="49.99994936876" lon="9.00303486323" />
  <node id="33878" visible="true" version="1" lat="49.99994936858" lon="9.00304183993" />
  <node id="33879" visible="true" version="1" lat="49.9999493684" lon="9.00304881662" />
  <node id="33880" visible="true" version="1" lat="49.99994936821" lon="9.00305579332" />
  <node id="33881" visible="true" version="1" lat="49.99994936803" lon="9.00306277002" />
  <node id="33882" visible="true" version="1" lat="49.99994936784" lon="9.00306974671" />
  <node id="33883" visible="true" version="1" lat="49.99994936766" lon="9.00307672341" />
  <node id="33884" visible="true" version="1" lat="49.99994936747" lon="9.00308370011" />
  <node id="33885" visible="true" version="1" lat="49.99994936729" lon="9.00309067681" />
  <node id="33886" visible="true" version="1" lat="49.9999493671" lon="9.0030976535" />
  <node id="33887" visible="true" version="1" lat="49.99994936692" lon="9.0031046302" />
  <node id="33888" visible="true" version="1" lat="49.99994936673" lon="9.0031116069" />
  <node id="33889" visible="true" version="1" lat="49.99994936654" lon="9.00311858359" />
  <node id="33890" visible="true" version="1" lat="49.99994936635" lon="9.00312556029" />
  <node id="33891" visible="true" version="1" lat="49.99994936617" lon="9.00313253699" />
  <node id="33892" visible="true" version="1" lat="49.99994936598" lon="9.00313951368" />
  <node id="33893" visible="true" version="1" lat="49.99994936579" lon="9.00314649038" />
  <node id="33894" visible="true" version="1" lat="49.9999493656" lon="9.00315346708" />
  <node id="33895" visible="true" version="1" lat="49.99994936541" lon="9.00316044378" />
  <node id="33896" visible="true" version="1" lat="49.99994936522" lon="9.00316742047" />
  <node id="33897" visible="true" version="1" lat="49.99994936503" lon="9.00317439717" />
  <node id="33898" visible="true" version="1" lat="49.99994936484" lon="9.00318137387" />
  <node id="33899" visible="true" version="1" lat="49.99994936464" lon="9.00318835056" />
  <node id="33900" visible="true" version="1" lat="49.99994936445" lon="9.00319532726" />
  <node id="33901" visible="true" version="1" lat="49.99994936426" lon="9.00320230396" />
  <node id="33902" visible="true" version="1" lat="49.99994936407" lon="9.00320928066" />
  <node id="33903" visible="true" version="1" lat="49.99994936387" lon="9.00321625735" />
  <node id="33904" visible="true" version="1" lat="49.99994936368" lon="9.00322323405" />
  <node id="33905" visible="true" version="1" lat="49.99994936349" lon="9.00323021075" />
  <node id="33906" visible="true" version="1" lat="49.99994936329" lon="9.00323718744" />
  <node id="33907" visible="true" version="1" lat="49.9999493631" lon="9.00324416414" />
  <node id="33908" visible="true" version="1" lat="49.9999493629" lon="9.00325114084" />
  <node id="33909" visible="true" version="1" lat="49.99994936271" lon="9.00325811754" />
  <node id="33910" visible="true" version="1" lat="49.99994936251" lon="9.00326509423" />
  <node id="33911" visible="true" version="1" lat="49.99994936231" lon="9.00327207093" />
  <node id="33912" visible="true" version="1" lat="49.99994936212" lon="9.00327904763" />
  <node id="33913" visible="true" version="1" lat="49.99994936192" lon="9.00328602432" />
  <node id="33914" visible="true" version="1" lat="49.99994936172" lon="9.00329300102" />
  <node id="33915" visible="true" version="1" lat="49.99994936152" lon="9.00329997772" />
  <node id="33916" visible="true" version="1" lat="49.99994936133" lon="9.00330695441" />
  <node id="33917" visible="true" version="1" lat="49.99994936113" lon="9.00331393111" />
  <node id="33918" visible="true" version="1" lat="49.99994936093" lon="9.00332090781" />
  <node id="33919" visible="true" version="1" lat="49.99994936073" lon="9.00332788451" />
  <node id="33920" visible="true" version="1" lat="49.99994936053" lon="9.0033348612" />
  <node id="33921" visible="true" version="1" lat="49.99994936033" lon="9.0033418379" />
  <node id="33922" visible="true" version="1" lat="49.99994936012" lon="9.0033488146" />
  <node id="33923" visible="true" version="1" lat="49.99994935992" lon="9.00335579129" />
  <node id="33924" visible="true" version="1" lat="49.99994935972" lon="9.00336276799" />
  <node id="33925" visible="true" version="1" lat="49.99994935952" lon="9.00336974469" />
  <node id="33926" visible="true" version="1" lat="49.99994935932" lon="9.00337672139" />
  <node id="33927" visible="true" version="1" lat="49.99994935911" lon="9.00338369808" />
  <node id="33928" visible="true" version="1" lat="49.99994935891" lon="9.00339067478" />
  <node id="33929" visible="true" version="1" lat="49.99994935871" lon="9.00339765148" />
  <node id="33930" visible="true" version="1" lat="49.9999493585" lon="9.00340462817" />
  <node id="33931" visible="true" version="1" lat="49.9999493583" lon="9.00341160487" />
  <node id="33932" visible="true" version="1" lat="49.99994935809" lon="9.00341858157" />
  <node id="33933" visible="true" version="1" lat="49.99994935788" lon="9.00342555826" />
  <node id="33934" visible="true" version="1" lat="49.99994935768" lon="9.00343253496" />
  <node id="33935" visible="true" version="1" lat="49.99994935747" lon="9.00343951166" />
  <node id="33936" visible="true" version="1" lat="49.99994935726" lon="9.00344648836" />
  <node id="33937" visible="true" version="1" lat="49.99994935706" lon="9.00345346505" />
  <node id="33938" visible="true" version="1" lat="49.99994935685" lon="9.00346044175" />
  <node id="33939" visible="true" version="1" lat="49.99994935664" lon="9.00346741845" />
  <node id="33940" visible="true" version="1" lat="49.99994935643" lon="9.00347439514" />
  <node id="33941" visible="true" version="1" lat="49.99994935622" lon="9.00348137184" />
  <node id="33942" visible="true" version="1" lat="49.99994935601" lon="9.00348834854" />
  <node id="33943" visible="true" version="1" lat="49.9999493558" lon="9.00349532524" />
  <node id="33944" visible="true" version="1" lat="49.99994935559" lon="9.00350230193" />
  <node id="33945" visible="true" version="1" lat="49.99994935538" lon="9.00350927863" />
  <node id="33946" visible="true" version="1" lat="49.99994935517" lon="9.00351625533" />
  <node id="33947" visible="true" version="1" lat="49.99994935496" lon="9.00352323202" />
  <node id="33948" visible="true" version="1" lat="49.99994935475" lon="9.00353020872" />
  <node id="33949" visible="true" version="1" lat="49.99994935454" lon="9.00353718542" />
  <node id="33950" visible="true" version="1" lat="49.99994935432" lon="9.00354416211" />
  <node id="33951" visible="true" version="1" lat="49.99994935411" lon="9.00355113881" />
  <node id="33952" visible="true" version="1" lat="49.9999493539" lon="9.00355811551" />
  <node id="33953" visible="true" version="1" lat="49.99994935368" lon="9.00356509221" />
  <node id="33954" visible="true" version="1" lat="49.99994935347" lon="9.0035720689" />
  <node id="33955" visible="true" version="1" lat="49.99994935325" lon="9.0035790456" />
  <node id="33956" visible="true" version="1" lat="49.99994935304" lon="9.0035860223" />
  <node id="33957" visible="true" version="1" lat="49.99994935282" lon="9.00359299899" />
  <node id="33958" visible="true" version="1" lat="49.9999493526" lon="9.00359997569" />
  <node id="33959" visible="true" version="1" lat="49.99994935239" lon="9.00360695239" />
  <node id="33960" visible="true" version="1" lat="49.99994935217" lon="9.00361392909" />
  <node id="33961" visible="true" version="1" lat="49.99994935195" lon="9.00362090578" />
  <node id="33962" visible="true" version="1" lat="49.99994935174" lon="9.00362788248" />
  <node id="33963" visible="true" version="1" lat="49.99994935152" lon="9.00363485918" />
  <node id="33964" visible="true" version="1" lat="49.9999493513" lon="9.00364183587" />
  <node id="33965" visible="true" version="1" lat="49.99994935108" lon="9.00364881257" />
  <node id="33966" visible="true" version="1" lat="49.99994935086" lon="9.00365578927" />
  <node id="33967" visible="true" version="1" lat="49.99994935064" lon="9.00366276596" />
  <node id="33968" visible="true" version="1" lat="49.99994935042" lon="9.00366974266" />
  <node id="33969" visible="true" version="1" lat="49.9999493502" lon="9.00367671936" />
  <node id="33970" visible="true" version="1" lat="49.99994934998" lon="9.00368369606" />
  <node id="33971" visible="true" version="1" lat="49.99994934976" lon="9.00369067275" />
  <node id="33972" visible="true" version="1" lat="49.99994934953" lon="9.00369764945" />
  <node id="33973" visible="true" version="1" lat="49.99994934931" lon="9.00370462615" />
  <node id="33974" visible="true" version="1" lat="49.99994934909" lon="9.00371160284" />
  <node id="33975" visible="true" version="1" lat="49.99994934886" lon="9.00371857954" />
  <node id="33976" visible="true" version="1" lat="49.99994934864" lon="9.00372555624" />
  <node id="33977" visible="true" version="1" lat="49.99994934842" lon="9.00373253294" />
  <node id="33978" visible="true" version="1" lat="49.99994934819" lon="9.00373950963" />
  <node id="33979" visible="true" version="1" lat="49.99994934797" lon="9.00374648633" />
  <node id="33980" visible="true" version="1" lat="49.99994934774" lon="9.00375346303" />
  <node id="33981" visible="true" version="1" lat="49.99994934752" lon="9.00376043972" />
  <node id="33982" visible="true" version="1" lat="49.99994934729" lon="9.00376741642" />
  <node id="33983" visible="true" version="1" lat="49.99994934706" lon="9.00377439312" />
  <node id="33984" visible="true" version="1" lat="49.99994934684" lon="9.00378136981" />
  <node id="33985" visible="true" version="1" lat="49.99994934661" lon="9.00378834651" />
  <node id="33986" visible="true" version="1" lat="49.99994934638" lon="9.00379532321" />
  <node id="33987" visible="true" version="1" lat="49.99994934615" lon="9.00380229991" />
  <node id="33988" visible="true" version="1" lat="49.99994934592" lon="9.0038092766" />
  <node id="33989" visible="true" version="1" lat="49.99994934569" lon="9.0038162533" />
  <node id="33990" visible="true" version="1" lat="49.99994934546" lon="9.00382323" />
  <node id="33991" visible="true" version="1" lat="49.99994934523" lon="9.00383020669" />
  <node id="33992" visible="true" version="1" lat="49.999949345" lon="9.00383718339" />
  <node id="33993" visible="true" version="1" lat="49.99994934477" lon="9.00384416009" />
  <node id="33994" visible="true" version="1" lat="49.99994934454" lon="9.00385113679" />
  <node id="33995" visible="true" version="1" lat="49.99994934431" lon="9.00385811348" />
  <node id="33996" visible="true" version="1" lat="49.99994934408" lon="9.00386509018" />
  <node id="33997" visible="true" version="1" lat="49.99994934384" lon="9.00387206688" />
  <node id="33998" visible="true" version="1" lat="49.99994934361" lon="9.00387904357" />
  <node id="33999" visible="true" version="1" lat="49.99994934338" lon="9.00388602027" />
  <node id="34000" visible="true" version="1" lat="49.99994934314" lon="9.00389299697" />
  <node id="34001" visible="true" version="1" lat="49.99994934291" lon="9.00389997366" />
  <node id="34002" visible="true" version="1" lat="49.99994934267" lon="9.00390695036" />
  <node id="34003" visible="true" version="1" lat="49.99994934244" lon="9.00391392706" />
  <node id="34004" visible="true" version="1" lat="49.9999493422" lon="9.00392090376" />
  <node id="34005" visible="true" version="1" lat="49.99994934197" lon="9.00392788045" />
  <node id="34006" visible="true" version="1" lat="49.99994934173" lon="9.00393485715" />
  <node id="34007" visible="true" version="1" lat="49.99994934149" lon="9.00394183385" />
  <node id="34008" visible="true" version="1" lat="49.99994934126" lon="9.00394881054" />
  <node id="34009" visible="true" version="1" lat="49.99994934102" lon="9.00395578724" />
  <node id="34010" visible="true" version="1" lat="49.99994934078" lon="9.00396276394" />
  <node id="34011" visible="true" version="1" lat="49.99994934054" lon="9.00396974064" />
  <node id="34012" visible="true" version="1" lat="49.9999493403" lon="9.00397671733" />
  <node id="34013" visible="true" version="1" lat="49.99994934007" lon="9.00398369403" />
  <node id="34014" visible="true" version="1" lat="49.99994933983" lon="9.00399067073" />
  <node id="34015" visible="true" version="1" lat="49.99994933959" lon="9.00399764742" />
  <node id="34016" visible="true" version="1" lat="49.99994933934" lon="9.00400462412" />
  <node id="34017" visible="true" version="1" lat="49.9999493391" lon="9.00401160082" />
  <node id="34018" visible="true" version="1" lat="49.99994933886" lon="9.00401857751" />
  <node id="34019" visible="true" version="1" lat="49.99994933862" lon="9.00402555421" />
  <node id="34020" visible="true" version="1" lat="49.99994933838" lon="9.00403253091" />
  <node id="34021" visible="true" version="1" lat="49.99994933814" lon="9.00403950761" />
  <node id="34022" visible="true" version="1" lat="49.99994933789" lon="9.0040464843" />
  <node id="34023" visible="true" version="1" lat="49.99994933765" lon="9.004053461" />
  <node id="34024" visible="true" version="1" lat="49.99994933741" lon="9.0040604377" />
  <node id="34025" visible="true" version="1" lat="49.99994933716" lon="9.00406741439" />
  <node id="34026" visible="true" version="1" lat="49.99994933692" lon="9.00407439109" />
  <node id="34027" visible="true" version="1" lat="49.99994933667" lon="9.00408136779" />
  <node id="34028" visible="true" version="1" lat="49.99994933643" lon="9.00408834449" />
  <node id="34029" visible="true" version="1" lat="49.99994933618" lon="9.00409532118" />
  <node id="34030" visible="true" version="1" lat="49.99994933593" lon="9.00410229788" />
  <node id="34031" visible="true" version="1" lat="49.99994933569" lon="9.00410927458" />
  <node id="34032" visible="true" version="1" lat="49.99994933544" lon="9.00411625127" />
  <node id="34033" visible="true" version="1" lat="49.99994933519" lon="9.00412322797" />
  <node id="34034" visible="true" version="1" lat="49.99994933494" lon="9.00413020467" />
  <node id="34035" visible="true" version="1" lat="49.99994933469" lon="9.00413718136" />
  <node id="34036" visible="true" version="1" lat="49.99994933445" lon="9.00414415806" />
  <node id="34037" visible="true" version="1" lat="49.9999493342" lon="9.00415113476" />
  <node id="34038" visible="true" version="1" lat="49.99994933395" lon="9.00415811146" />
  <node id="34039" visible="true" version="1" lat="49.9999493337" lon="9.00416508815" />
  <node id="34040" visible="true" version="1" lat="49.99994933345" lon="9.00417206485" />
  <node id="34041" visible="true" version="1" lat="49.99994933319" lon="9.00417904155" />
  <node id="34042" visible="true" version="1" lat="49.99994933294" lon="9.00418601824" />
  <node id="34043" visible="true" version="1" lat="49.99994933269" lon="9.00419299494" />
  <node id="34044" visible="true" version="1" lat="49.99994933244" lon="9.00419997164" />
  <node id="34045" visible="true" version="1" lat="49.99994933219" lon="9.00420694834" />
  <node id="34046" visible="true" version="1" lat="49.99994933193" lon="9.00421392503" />
  <node id="34047" visible="true" version="1" lat="49.99994933168" lon="9.00422090173" />
  <node id="34048" visible="true" version="1" lat="49.99994933143" lon="9.00422787843" />
  <node id="34049" visible="true" version="1" lat="49.99994933117" lon="9.00423485512" />
  <node id="34050" visible="true" version="1" lat="49.99994933092" lon="9.00424183182" />
  <node id="34051" visible="true" version="1" lat="49.99994933066" lon="9.00424880852" />
  <node id="34052" visible="true" version="1" lat="49.99994933041" lon="9.00425578521" />
  <node id="34053" visible="true" version="1" lat="49.99994933015" lon="9.00426276191" />
  <node id="34054" visible="true" version="1" lat="49.99994932989" lon="9.00426973861" />
  <node id="34055" visible="true" version="1" lat="49.99994932964" lon="9.00427671531" />
  <node id="34056" visible="true" version="1" lat="49.99994932938" lon="9.004283692" />
  <node id="34057" visible="true" version="1" lat="49.99994932912" lon="9.0042906687" />
  <node id="34058" visible="true" version="1" lat="49.99994932886" lon="9.0042976454" />
  <node id="34059" visible="true" version="1" lat="49.9999493286" lon="9.00430462209" />
  <node id="34060" visible="true" version="1" lat="49.99994932834" lon="9.00431159879" />
  <node id="34061" visible="true" version="1" lat="49.99994932809" lon="9.00431857549" />
  <node id="34062" visible="true" version="1" lat="49.99994932783" lon="9.00432555219" />
  <node id="34063" visible="true" version="1" lat="49.99994932757" lon="9.00433252888" />
  <node id="34064" visible="true" version="1" lat="49.9999493273" lon="9.00433950558" />
  <node id="34065" visible="true" version="1" lat="49.99994932704" lon="9.00434648228" />
  <node id="34066" visible="true" version="1" lat="49.99994932678" lon="9.00435345897" />
  <node id="34067" visible="true" version="1" lat="49.99994932652" lon="9.00436043567" />
  <node id="34068" visible="true" version="1" lat="49.99994932626" lon="9.00436741237" />
  <node id="34069" visible="true" version="1" lat="49.99994932599" lon="9.00437438906" />
  <node id="34070" visible="true" version="1" lat="49.99994932573" lon="9.00438136576" />
  <node id="34071" visible="true" version="1" lat="49.99994932547" lon="9.00438834246" />
  <node id="34072" visible="true" version="1" lat="49.9999493252" lon="9.00439531916" />
  <node id="34073" visible="true" version="1" lat="49.99994932494" lon="9.00440229585" />
  <node id="34074" visible="true" version="1" lat="49.99994932467" lon="9.00440927255" />
  <node id="34075" visible="true" version="1" lat="49.99994932441" lon="9.00441624925" />
  <node id="34076" visible="true" version="1" lat="49.99994932414" lon="9.00442322594" />
  <node id="34077" visible="true" version="1" lat="49.99994932388" lon="9.00443020264" />
  <node id="34078" visible="true" version="1" lat="49.99994932361" lon="9.00443717934" />
  <node id="34079" visible="true" version="1" lat="49.99994932334" lon="9.00444415603" />
  <node id="34080" visible="true" version="1" lat="49.99994932308" lon="9.00445113273" />
  <node id="34081" visible="true" version="1" lat="49.99994932281" lon="9.00445810943" />
  <node id="34082" visible="true" version="1" lat="49.99994932254" lon="9.00446508613" />
  <node id="34083" visible="true" version="1" lat="49.99994932227" lon="9.00447206282" />
  <node id="34084" visible="true" version="1" lat="49.999949322" lon="9.00447903952" />
  <node id="34085" visible="true" version="1" lat="49.99994932173" lon="9.00448601622" />
  <node id="34086" visible="true" version="1" lat="49.99994932146" lon="9.00449299291" />
  <node id="34087" visible="true" version="1" lat="49.99994932119" lon="9.00449996961" />
  <node id="34088" visible="true" version="1" lat="49.99994932092" lon="9.00450694631" />
  <node id="34089" visible="true" version="1" lat="49.99994932065" lon="9.00451392301" />
  <node id="34090" visible="true" version="1" lat="49.99994932038" lon="9.0045208997" />
  <node id="34091" visible="true" version="1" lat="49.99994932011" lon="9.0045278764" />
  <node id="34092" visible="true" version="1" lat="49.99994931983" lon="9.0045348531" />
  <node id="34093" visible="true" version="1" lat="49.99994931956" lon="9.00454182979" />
  <node id="34094" visible="true" version="1" lat="49.99994931929" lon="9.00454880649" />
  <node id="34095" visible="true" version="1" lat="49.99994931901" lon="9.00455578319" />
  <node id="34096" visible="true" version="1" lat="49.99994931874" lon="9.00456275988" />
  <node id="34097" visible="true" version="1" lat="49.99994931847" lon="9.00456973658" />
  <node id="34098" visible="true" version="1" lat="49.99994931819" lon="9.00457671328" />
  <node id="34099" visible="true" version="1" lat="49.99994931792" lon="9.00458368998" />
  <node id="34100" visible="true" version="1" lat="49.99994931764" lon="9.00459066667" />
  <node id="34101" visible="true" version="1" lat="49.99994931736" lon="9.00459764337" />
  <node id="34102" visible="true" version="1" lat="49.99994931709" lon="9.00460462007" />
  <node id="34103" visible="true" version="1" lat="49.99994931681" lon="9.00461159676" />
  <node id="34104" visible="true" version="1" lat="49.99994931653" lon="9.00461857346" />
  <node id="34105" visible="true" version="1" lat="49.99994931625" lon="9.00462555016" />
  <node id="34106" visible="true" version="1" lat="49.99994931598" lon="9.00463252686" />
  <node id="34107" visible="true" version="1" lat="49.9999493157" lon="9.00463950355" />
  <node id="34108" visible="true" version="1" lat="49.99994931542" lon="9.00464648025" />
  <node id="34109" visible="true" version="1" lat="49.99994931514" lon="9.00465345695" />
  <node id="34110" visible="true" version="1" lat="49.99994931486" lon="9.00466043364" />
  <node id="34111" visible="true" version="1" lat="49.99994931458" lon="9.00466741034" />
  <node id="34112" visible="true" version="1" lat="49.9999493143" lon="9.00467438704" />
  <node id="34113" visible="true" version="1" lat="49.99994931402" lon="9.00468136373" />
  <node id="34114" visible="true" version="1" lat="49.99994931373" lon="9.00468834043" />
  <node id="34115" visible="true" version="1" lat="49.99994931345" lon="9.00469531713" />
  <node id="34116" visible="true" version="1" lat="49.99994931317" lon="9.00470229383" />
  <node id="34117" visible="true" version="1" lat="49.99994931289" lon="9.00470927052" />
  <node id="34118" visible="true" version="1" lat="49.9999493126" lon="9.00471624722" />
  <node id="34119" visible="true" version="1" lat="49.99994931232" lon="9.00472322392" />
  <node id="34120" visible="true" version="1" lat="49.99994931204" lon="9.00473020061" />
  <node id="34121" visible="true" version="1" lat="49.99994931175" lon="9.00473717731" />
  <node id="34122" visible="true" version="1" lat="49.99994931147" lon="9.00474415401" />
  <node id="34123" visible="true" version="1" lat="49.99994931118" lon="9.00475113071" />
  <node id="34124" visible="true" version="1" lat="49.99994931089" lon="9.0047581074" />
  <node id="34125" visible="true" version="1" lat="49.99994931061" lon="9.0047650841" />
  <node id="34126" visible="true" version="1" lat="49.99994931032" lon="9.0047720608" />
  <node id="34127" visible="true" version="1" lat="49.99994931003" lon="9.00477903749" />
  <node id="34128" visible="true" version="1" lat="49.99994930975" lon="9.00478601419" />
  <node id="34129" visible="true" version="1" lat="49.99994930946" lon="9.00479299089" />
  <node id="34130" visible="true" version="1" lat="49.99994930917" lon="9.00479996758" />
  <node id="34131" visible="true" version="1" lat="49.99994930888" lon="9.00480694428" />
  <node id="34132" visible="true" version="1" lat="49.99994930859" lon="9.00481392098" />
  <node id="34133" visible="true" version="1" lat="49.9999493083" lon="9.00482089768" />
  <node id="34134" visible="true" version="1" lat="49.99994930801" lon="9.00482787437" />
  <node id="34135" visible="true" version="1" lat="49.99994930772" lon="9.00483485107" />
  <node id="34136" visible="true" version="1" lat="49.99994930743" lon="9.00484182777" />
  <node id="34137" visible="true" version="1" lat="49.99994930714" lon="9.00484880446" />
  <node id="34138" visible="true" version="1" lat="49.99994930685" lon="9.00485578116" />
  <node id="34139" visible="true" version="1" lat="49.99994930656" lon="9.00486275786" />
  <node id="34140" visible="true" version="1" lat="49.99994930626" lon="9.00486973455" />
  <node id="34141" visible="true" version="1" lat="49.99994930597" lon="9.00487671125" />
  <node id="34142" visible="true" version="1" lat="49.99994930568" lon="9.00488368795" />
  <node id="34143" visible="true" version="1" lat="49.99994930538" lon="9.00489066465" />
  <node id="34144" visible="true" version="1" lat="49.99994930509" lon="9.00489764134" />
  <node id="34145" visible="true" version="1" lat="49.99994930479" lon="9.00490461804" />
  <node id="34146" visible="true" version="1" lat="49.9999493045" lon="9.00491159474" />
  <node id="34147" visible="true" version="1" lat="49.9999493042" lon="9.00491857143" />
  <node id="34148" visible="true" version="1" lat="49.99994930391" lon="9.00492554813" />
  <node id="34149" visible="true" version="1" lat="49.99994930361" lon="9.00493252483" />
  <node id="34150" visible="true" version="1" lat="49.99994930331" lon="9.00493950153" />
  <node id="34151" visible="true" version="1" lat="49.99994930302" lon="9.00494647822" />
  <node id="34152" visible="true" version="1" lat="49.99994930272" lon="9.00495345492" />
  <node id="34153" visible="true" version="1" lat="49.99994930242" lon="9.00496043162" />
  <node id="34154" visible="true" version="1" lat="49.99994930212" lon="9.00496740831" />
  <node id="34155" visible="true" version="1" lat="49.99994930182" lon="9.00497438501" />
  <node id="34156" visible="true" version="1" lat="49.99994930153" lon="9.00498136171" />
  <node id="34157" visible="true" version="1" lat="49.99994930123" lon="9.0049883384" />
  <node id="34158" visible="true" version="1" lat="49.99994930093" lon="9.0049953151" />
  <node id="34159" visible="true" version="1" lat="49.99994930062" lon="9.0050022918" />
  <node id="34160" visible="true" version="1" lat="49.99994930032" lon="9.0050092685" />
  <node id="34161" visible="true" version="1" lat="49.99994930002" lon="9.00501624519" />
  <node id="34162" visible="true" version="1" lat="49.99994929972" lon="9.00502322189" />
  <node id="34163" visible="true" version="1" lat="49.99994929942" lon="9.00503019859" />
  <node id="34164" visible="true" version="1" lat="49.99994929912" lon="9.00503717528" />
  <node id="34165" visible="true" version="1" lat="49.99994929881" lon="9.00504415198" />
  <node id="34166" visible="true" version="1" lat="49.99994929851" lon="9.00505112868" />
  <node id="34167" visible="true" version="1" lat="49.99994929821" lon="9.00505810537" />
  <node id="34168" visible="true" version="1" lat="49.9999492979" lon="9.00506508207" />
  <node id="34169" visible="true" version="1" lat="49.9999492976" lon="9.00507205877" />
  <node id="34170" visible="true" version="1" lat="49.99994929729" lon="9.00507903547" />
  <node id="34171" visible="true" version="1" lat="49.99994929699" lon="9.00508601216" />
  <node id="34172" visible="true" version="1" lat="49.99994929668" lon="9.00509298886" />
  <node id="34173" visible="true" version="1" lat="49.99994929637" lon="9.00509996556" />
  <node id="34174" visible="true" version="1" lat="49.99994929607" lon="9.00510694225" />
  <node id="34175" visible="true" version="1" lat="49.99994929576" lon="9.00511391895" />
  <node id="34176" visible="true" version="1" lat="49.99994929545" lon="9.00512089565" />
  <node id="34177" visible="true" version="1" lat="49.99994929514" lon="9.00512787235" />
  <node id="34178" visible="true" version="1" lat="49.99994929483" lon="9.00513484904" />
  <node id="34179" visible="true" version="1" lat="49.99994929453" lon="9.00514182574" />
  <node id="34180" visible="true" version="1" lat="49.99994929422" lon="9.00514880244" />
  <node id="34181" visible="true" version="1" lat="49.99994929391" lon="9.00515577913" />
  <node id="34182" visible="true" version="1" lat="49.9999492936" lon="9.00516275583" />
  <node id="34183" visible="true" version="1" lat="49.99994929329" lon="9.00516973253" />
  <node id="34184" visible="true" version="1" lat="49.99994929297" lon="9.00517670922" />
  <node id="34185" visible="true" version="1" lat="49.99994929266" lon="9.00518368592" />
  <node id="34186" visible="true" version="1" lat="49.99994929235" lon="9.00519066262" />
  <node id="34187" visible="true" version="1" lat="49.99994929204" lon="9.00519763932" />
  <node id="34188" visible="true" version="1" lat="49.99994929173" lon="9.00520461601" />
  <node id="34189" visible="true" version="1" lat="49.99994929141" lon="9.00521159271" />
  <node id="34190" visible="true" version="1" lat="49.9999492911" lon="9.00521856941" />
  <node id="34191" visible="true" version="1" lat="49.99994929079" lon="9.0052255461" />
  <node id="34192" visible="true" version="1" lat="49.99994929047" lon="9.0052325228" />
  <node id="34193" visible="true" version="1" lat="49.99994929016" lon="9.0052394995" />
  <node id="34194" visible="true" version="1" lat="49.99994928984" lon="9.00524647619" />
  <node id="34195" visible="true" version="1" lat="49.99994928953" lon="9.00525345289" />
  <node id="34196" visible="true" version="1" lat="49.99994928921" lon="9.00526042959" />
  <node id="34197" visible="true" version="1" lat="49.99994928889" lon="9.00526740629" />
  <node id="34198" visible="true" version="1" lat="49.99994928858" lon="9.00527438298" />
  <node id="34199" visible="true" version="1" lat="49.99994928826" lon="9.00528135968" />
  <node id="34200" visible="true" version="1" lat="49.99994928794" lon="9.00528833638" />
  <node id="34201" visible="true" version="1" lat="49.99994928762" lon="9.00529531307" />
  <node id="34202" visible="true" version="1" lat="49.9999492873" lon="9.00530228977" />
  <node id="34203" visible="true" version="1" lat="49.99994928698" lon="9.00530926647" />
  <node id="34204" visible="true" version="1" lat="49.99994928667" lon="9.00531624317" />
  <node id="34205" visible="true" version="1" lat="49.99994928635" lon="9.00532321986" />
  <node id="34206" visible="true" version="1" lat="49.99994928603" lon="9.00533019656" />
  <node id="34207" visible="true" version="1" lat="49.9999492857" lon="9.00533717326" />
  <node id="34208" visible="true" version="1" lat="49.99994928538" lon="9.00534414995" />
  <node id="34209" visible="true" version="1" lat="49.99994928506" lon="9.00535112665" />
  <node id="34210" visible="true" version="1" lat="49.99994928474" lon="9.00535810335" />
  <node id="34211" visible="true" version="1" lat="49.99994928442" lon="9.00536508004" />
  <node id="34212" visible="true" version="1" lat="49.99994928409" lon="9.00537205674" />
  <node id="34213" visible="true" version="1" lat="49.99994928377" lon="9.00537903344" />
  <node id="34214" visible="true" version="1" lat="49.99994928345" lon="9.00538601014" />
  <node id="34215" visible="true" version="1" lat="49.99994928312" lon="9.00539298683" />
  <node id="34216" visible="true" version="1" lat="49.9999492828" lon="9.00539996353" />
  <node id="34217" visible="true" version="1" lat="49.99994928247" lon="9.00540694023" />
  <node id="34218" visible="true" version="1" lat="49.99994928215" lon="9.00541391692" />
  <node id="34219" visible="true" version="1" lat="49.99994928182" lon="9.00542089362" />
  <node id="34220" visible="true" version="1" lat="49.9999492815" lon="9.00542787032" />
  <node id="34221" visible="true" version="1" lat="49.99994928117" lon="9.00543484701" />
  <node id="34222" visible="true" version="1" lat="49.99994928084" lon="9.00544182371" />
  <node id="34223" visible="true" version="1" lat="49.99994928052" lon="9.00544880041" />
  <node id="34224" visible="true" version="1" lat="49.99994928019" lon="9.00545577711" />
  <node id="34225" visible="true" version="1" lat="49.99994927986" lon="9.0054627538" />
  <node id="34226" visible="true" version="1" lat="49.99994927953" lon="9.0054697305" />
  <node id="34227" visible="true" version="1" lat="49.9999492792" lon="9.0054767072" />
  <node id="34228" visible="true" version="1" lat="49.99994927887" lon="9.00548368389" />
  <node id="34229" visible="true" version="1" lat="49.99994927854" lon="9.00549066059" />
  <node id="34230" visible="true" version="1" lat="49.99994927821" lon="9.00549763729" />
  <node id="34231" visible="true" version="1" lat="49.99994927788" lon="9.00550461399" />
  <node id="34232" visible="true" version="1" lat="49.99994927755" lon="9.00551159068" />
  <node id="34233" visible="true" version="1" lat="49.99994927722" lon="9.00551856738" />
  <node id="34234" visible="true" version="1" lat="49.99994927689" lon="9.00552554408" />
  <node id="34235" visible="true" version="1" lat="49.99994927656" lon="9.00553252077" />
  <node id="34236" visible="true" version="1" lat="49.99994927622" lon="9.00553949747" />
  <node id="34237" visible="true" version="1" lat="49.99994927589" lon="9.00554647417" />
  <node id="34238" visible="true" version="1" lat="49.99994927556" lon="9.00555345086" />
  <node id="34239" visible="true" version="1" lat="49.99994927522" lon="9.00556042756" />
  <node id="34240" visible="true" version="1" lat="49.99994927489" lon="9.00556740426" />
  <node id="34241" visible="true" version="1" lat="49.99994927455" lon="9.00557438096" />
  <node id="34242" visible="true" version="1" lat="49.99994927422" lon="9.00558135765" />
  <node id="34243" visible="true" version="1" lat="49.99994927388" lon="9.00558833435" />
  <node id="34244" visible="true" version="1" lat="49.99994927354" lon="9.00559531105" />
  <node id="34245" visible="true" version="1" lat="49.99994927321" lon="9.00560228774" />
  <node id="34246" visible="true" version="1" lat="49.99994927287" lon="9.00560926444" />
  <node id="34247" visible="true" version="1" lat="49.99994927253" lon="9.00561624114" />
  <node id="34248" visible="true" version="1" lat="49.9999492722" lon="9.00562321783" />
  <node id="34249" visible="true" version="1" lat="49.99994927186" lon="9.00563019453" />
  <node id="34250" visible="true" version="1" lat="49.99994927152" lon="9.00563717123" />
  <node id="34251" visible="true" version="1" lat="49.99994927118" lon="9.00564414793" />
  <node id="34252" visible="true" version="1" lat="49.99994927084" lon="9.00565112462" />
  <node id="34253" visible="true" version="1" lat="49.9999492705" lon="9.00565810132" />
  <node id="34254" visible="true" version="1" lat="49.99994927016" lon="9.00566507802" />
  <node id="34255" visible="true" version="1" lat="49.99994926982" lon="9.00567205471" />
  <node id="34256" visible="true" version="1" lat="49.99994926948" lon="9.00567903141" />
  <node id="34257" visible="true" version="1" lat="49.99994926914" lon="9.00568600811" />
  <node id="34258" visible="true" version="1" lat="49.99994926879" lon="9.00569298481" />
  <node id="34259" visible="true" version="1" lat="49.99994926845" lon="9.0056999615" />
  <node id="34260" visible="true" version="1" lat="49.99994926811" lon="9.0057069382" />
  <node id="34261" visible="true" version="1" lat="49.99994926776" lon="9.0057139149" />
  <node id="34262" visible="true" version="1" lat="49.99994926742" lon="9.00572089159" />
  <node id="34263" visible="true" version="1" lat="49.99994926708" lon="9.00572786829" />
  <node id="34264" visible="true" version="1" lat="49.99994926673" lon="9.00573484499" />
  <node id="34265" visible="true" version="1" lat="49.99994926639" lon="9.00574182168" />
  <node id="34266" visible="true" version="1" lat="49.99994926604" lon="9.00574879838" />
  <node id="34267" visible="true" version="1" lat="49.9999492657" lon="9.00575577508" />
  <node id="34268" visible="true" version="1" lat="49.99994926535" lon="9.00576275178" />
  <node id="34269" visible="true" version="1" lat="49.999949265" lon="9.00576972847" />
  <node id="34270" visible="true" version="1" lat="49.99994926466" lon="9.00577670517" />
  <node id="34271" visible="true" version="1" lat="49.99994926431" lon="9.00578368187" />
  <node id="34272" visible="true" version="1" lat="49.99994926396" lon="9.00579065856" />
  <node id="34273" visible="true" version="1" lat="49.99994926361" lon="9.00579763526" />
  <node id="34274" visible="true" version="1" lat="49.99994926326" lon="9.00580461196" />
  <node id="34275" visible="true" version="1" lat="49.99994926291" lon="9.00581158865" />
  <node id="34276" visible="true" version="1" lat="49.99994926256" lon="9.00581856535" />
  <node id="34277" visible="true" version="1" lat="49.99994926221" lon="9.00582554205" />
  <node id="34278" visible="true" version="1" lat="49.99994926186" lon="9.00583251875" />
  <node id="34279" visible="true" version="1" lat="49.99994926151" lon="9.00583949544" />
  <node id="34280" visible="true" version="1" lat="49.99994926116" lon="9.00584647214" />
  <node id="34281" visible="true" version="1" lat="49.99994926081" lon="9.00585344884" />
  <node id="34282" visible="true" version="1" lat="49.99994926046" lon="9.00586042553" />
  <node id="34283" visible="true" version="1" lat="49.9999492601" lon="9.00586740223" />
  <node id="34284" visible="true" version="1" lat="49.99994925975" lon="9.00587437893" />
  <node id="34285" visible="true" version="1" lat="49.9999492594" lon="9.00588135562" />
  <node id="34286" visible="true" version="1" lat="49.99994925904" lon="9.00588833232" />
  <node id="34287" visible="true" version="1" lat="49.99994925869" lon="9.00589530902" />
  <node id="34288" visible="true" version="1" lat="49.99994925834" lon="9.00590228572" />
  <node id="34289" visible="true" version="1" lat="49.99994925798" lon="9.00590926241" />
  <node id="34290" visible="true" version="1" lat="49.99994925763" lon="9.00591623911" />
  <node id="34291" visible="true" version="1" lat="49.99994925727" lon="9.00592321581" />
  <node id="34292" visible="true" version="1" lat="49.99994925691" lon="9.0059301925" />
  <node id="34293" visible="true" version="1" lat="49.99994925656" lon="9.0059371692" />
  <node id="34294" visible="true" version="1" lat="49.9999492562" lon="9.0059441459" />
  <node id="34295" visible="true" version="1" lat="49.99994925584" lon="9.00595112259" />
  <node id="34296" visible="true" version="1" lat="49.99994925548" lon="9.00595809929" />
  <node id="34297" visible="true" version="1" lat="49.99994925512" lon="9.00596507599" />
  <node id="34298" visible="true" version="1" lat="49.99994925477" lon="9.00597205269" />
  <node id="34299" visible="true" version="1" lat="49.99994925441" lon="9.00597902938" />
  <node id="34300" visible="true" version="1" lat="49.99994925405" lon="9.00598600608" />
  <node id="34301" visible="true" version="1" lat="49.99994925369" lon="9.00599298278" />
  <node id="34302" visible="true" version="1" lat="49.99994925333" lon="9.00599995947" />
  <node id="34303" visible="true" version="1" lat="49.99994925297" lon="9.00600693617" />
  <node id="34304" visible="true" version="1" lat="49.9999492526" lon="9.00601391287" />
  <node id="34305" visible="true" version="1" lat="49.99994925224" lon="9.00602088957" />
  <node id="34306" visible="true" version="1" lat="49.99994925188" lon="9.00602786626" />
  <node id="34307" visible="true" version="1" lat="49.99994925152" lon="9.00603484296" />
  <node id="34308" visible="true" version="1" lat="49.99994925115" lon="9.00604181966" />
  <node id="34309" visible="true" version="1" lat="49.99994925079" lon="9.00604879635" />
  <node id="34310" visible="true" version="1" lat="49.99994925043" lon="9.00605577305" />
  <node id="34311" visible="true" version="1" lat="49.99994925006" lon="9.00606274975" />
  <node id="34312" visible="true" version="1" lat="49.9999492497" lon="9.00606972644" />
  <node id="34313" visible="true" version="1" lat="49.99994924933" lon="9.00607670314" />
  <node id="34314" visible="true" version="1" lat="49.99994924897" lon="9.00608367984" />
  <node id="34315" visible="true" version="1" lat="49.9999492486" lon="9.00609065654" />
  <node id="34316" visible="true" version="1" lat="49.99994924823" lon="9.00609763323" />
  <node id="34317" visible="true" version="1" lat="49.99994924787" lon="9.00610460993" />
  <node id="34318" visible="true" version="1" lat="49.9999492475" lon="9.00611158663" />
  <node id="34319" visible="true" version="1" lat="49.99994924713" lon="9.00611856332" />
  <node id="34320" visible="true" version="1" lat="49.99994924677" lon="9.00612554002" />
  <node id="34321" visible="true" version="1" lat="49.9999492464" lon="9.00613251672" />
  <node id="34322" visible="true" version="1" lat="49.99994924603" lon="9.00613949341" />
  <node id="34323" visible="true" version="1" lat="49.99994924566" lon="9.00614647011" />
  <node id="34324" visible="true" version="1" lat="49.99994924529" lon="9.00615344681" />
  <node id="34325" visible="true" version="1" lat="49.99994924492" lon="9.00616042351" />
  <node id="34326" visible="true" version="1" lat="49.99994924455" lon="9.0061674002" />
  <node id="34327" visible="true" version="1" lat="49.99994924418" lon="9.0061743769" />
  <node id="34328" visible="true" version="1" lat="49.99994924381" lon="9.0061813536" />
  <node id="34329" visible="true" version="1" lat="49.99994924343" lon="9.00618833029" />
  <node id="34330" visible="true" version="1" lat="49.99994924306" lon="9.00619530699" />
  <node id="34331" visible="true" version="1" lat="49.99994924269" lon="9.00620228369" />
  <node id="34332" visible="true" version="1" lat="49.99994924232" lon="9.00620926038" />
  <node id="34333" visible="true" version="1" lat="49.99994924194" lon="9.00621623708" />
  <node id="34334" visible="true" version="1" lat="49.99994924157" lon="9.00622321378" />
  <node id="34335" visible="true" version="1" lat="49.99994924119" lon="9.00623019048" />
  <node id="34336" visible="true" version="1" lat="49.99994924082" lon="9.00623716717" />
  <node id="34337" visible="true" version="1" lat="49.99994924044" lon="9.00624414387" />
  <node id="34338" visible="true" version="1" lat="49.99994924007" lon="9.00625112057" />
  <node id="34339" visible="true" version="1" lat="49.99994923969" lon="9.00625809726" />
  <node id="34340" visible="true" version="1" lat="49.99994923932" lon="9.00626507396" />
  <node id="34341" visible="true" version="1" lat="49.99994923894" lon="9.00627205066" />
  <node id="34342" visible="true" version="1" lat="49.99994923856" lon="9.00627902735" />
  <node id="34343" visible="true" version="1" lat="49.99994923818" lon="9.00628600405" />
  <node id="34344" visible="true" version="1" lat="49.99994923781" lon="9.00629298075" />
  <node id="34345" visible="true" version="1" lat="49.99994923743" lon="9.00629995745" />
  <node id="34346" visible="true" version="1" lat="49.99994923705" lon="9.00630693414" />
  <node id="34347" visible="true" version="1" lat="49.99994923667" lon="9.00631391084" />
  <node id="34348" visible="true" version="1" lat="49.99994923629" lon="9.00632088754" />
  <node id="34349" visible="true" version="1" lat="49.99994923591" lon="9.00632786423" />
  <node id="34350" visible="true" version="1" lat="49.99994923553" lon="9.00633484093" />
  <node id="34351" visible="true" version="1" lat="49.99994923515" lon="9.00634181763" />
  <node id="34352" visible="true" version="1" lat="49.99994923476" lon="9.00634879433" />
  <node id="34353" visible="true" version="1" lat="49.99994923438" lon="9.00635577102" />
  <node id="34354" visible="true" version="1" lat="49.999949234" lon="9.00636274772" />
  <node id="34355" visible="true" version="1" lat="49.99994923362" lon="9.00636972442" />
  <node id="34356" visible="true" version="1" lat="49.99994923323" lon="9.00637670111" />
  <node id="34357" visible="true" version="1" lat="49.99994923285" lon="9.00638367781" />
  <node id="34358" visible="true" version="1" lat="49.99994923247" lon="9.00639065451" />
  <node id="34359" visible="true" version="1" lat="49.99994923208" lon="9.0063976312" />
  <node id="34360" visible="true" version="1" lat="49.9999492317" lon="9.0064046079" />
  <node id="34361" visible="true" version="1" lat="49.99994923131" lon="9.0064115846" />
  <node id="34362" visible="true" version="1" lat="49.99994923093" lon="9.0064185613" />
  <node id="34363" visible="true" version="1" lat="49.99994923054" lon="9.00642553799" />
  <node id="34364" visible="true" version="1" lat="49.99994923015" lon="9.00643251469" />
  <node id="34365" visible="true" version="1" lat="49.99994922977" lon="9.00643949139" />
  <node id="34366" visible="true" version="1" lat="49.99994922938" lon="9.00644646808" />
  <node id="34367" visible="true" version="1" lat="49.99994922899" lon="9.00645344478" />
  <node id="34368" visible="true" version="1" lat="49.9999492286" lon="9.00646042148" />
  <node id="34369" visible="true" version="1" lat="49.99994922821" lon="9.00646739817" />
  <node id="34370" visible="true" version="1" lat="49.99994922783" lon="9.00647437487" />
  <node id="34371" visible="true" version="1" lat="49.99994922744" lon="9.00648135157" />
  <node id="34372" visible="true" version="1" lat="49.99994922705" lon="9.00648832827" />
  <node id="34373" visible="true" version="1" lat="49.99994922666" lon="9.00649530496" />
  <node id="34374" visible="true" version="1" lat="49.99994922627" lon="9.00650228166" />
  <node id="34375" visible="true" version="1" lat="49.99994922587" lon="9.00650925836" />
  <node id="34376" visible="true" version="1" lat="49.99994922548" lon="9.00651623505" />
  <node id="34377" visible="true" version="1" lat="49.99994922509" lon="9.00652321175" />
  <node id="34378" visible="true" version="1" lat="49.9999492247" lon="9.00653018845" />
  <node id="34379" visible="true" version="1" lat="49.99994922431" lon="9.00653716514" />
  <node id="34380" visible="true" version="1" lat="49.99994922391" lon="9.00654414184" />
  <node id="34381" visible="true" version="1" lat="49.99994922352" lon="9.00655111854" />
  <node id="34382" visible="true" version="1" lat="49.99994922312" lon="9.00655809524" />
  <node id="34383" visible="true" version="1" lat="49.99994922273" lon="9.00656507193" />
  <node id="34384" visible="true" version="1" lat="49.99994922233" lon="9.00657204863" />
  <node id="34385" visible="true" version="1" lat="49.99994922194" lon="9.00657902533" />
  <node id="34386" visible="true" version="1" lat="49.99994922154" lon="9.00658600202" />
  <node id="34387" visible="true" version="1" lat="49.99994922115" lon="9.00659297872" />
  <node id="34388" visible="true" version="1" lat="49.99994922075" lon="9.00659995542" />
  <node id="34389" visible="true" version="1" lat="49.99994922035" lon="9.00660693211" />
  <node id="34390" visible="true" version="1" lat="49.99994921996" lon="9.00661390881" />
  <node id="34391" visible="true" version="1" lat="49.99994921956" lon="9.00662088551" />
  <node id="34392" visible="true" version="1" lat="49.99994921916" lon="9.00662786221" />
  <node id="34393" visible="true" version="1" lat="49.99994921876" lon="9.0066348389" />
  <node id="34394" visible="true" version="1" lat="49.99994921836" lon="9.0066418156" />
  <node id="34395" visible="true" version="1" lat="49.99994921796" lon="9.0066487923" />
  <node id="34396" visible="true" version="1" lat="49.99994921756" lon="9.00665576899" />
  <node id="34397" visible="true" version="1" lat="49.99994921716" lon="9.00666274569" />
  <node id="34398" visible="true" version="1" lat="49.99994921676" lon="9.00666972239" />
  <node id="34399" visible="true" version="1" lat="49.99994921636" lon="9.00667669908" />
  <node id="34400" visible="true" version="1" lat="49.99994921596" lon="9.00668367578" />
  <node id="34401" visible="true" version="1" lat="49.99994921556" lon="9.00669065248" />
  <node id="34402" visible="true" version="1" lat="49.99994921515" lon="9.00669762918" />
  <node id="34403" visible="true" version="1" lat="49.99994921475" lon="9.00670460587" />
  <node id="34404" visible="true" version="1" lat="49.99994921435" lon="9.00671158257" />
  <node id="34405" visible="true" version="1" lat="49.99994921394" lon="9.00671855927" />
  <node id="34406" visible="true" version="1" lat="49.99994921354" lon="9.00672553596" />
  <node id="34407" visible="true" version="1" lat="49.99994921314" lon="9.00673251266" />
  <node id="34408" visible="true" version="1" lat="49.99994921273" lon="9.00673948936" />
  <node id="34409" visible="true" version="1" lat="49.99994921233" lon="9.00674646605" />
  <node id="34410" visible="true" version="1" lat="49.99994921192" lon="9.00675344275" />
  <node id="34411" visible="true" version="1" lat="49.99994921151" lon="9.00676041945" />
  <node id="34412" visible="true" version="1" lat="49.99994921111" lon="9.00676739615" />
  <node id="34413" visible="true" version="1" lat="49.9999492107" lon="9.00677437284" />
  <node id="34414" visible="true" version="1" lat="49.99994921029" lon="9.00678134954" />
  <node id="34415" visible="true" version="1" lat="49.99994920988" lon="9.00678832624" />
  <node id="34416" visible="true" version="1" lat="49.99994920948" lon="9.00679530293" />
  <node id="34417" visible="true" version="1" lat="49.99994920907" lon="9.00680227963" />
  <node id="34418" visible="true" version="1" lat="49.99994920866" lon="9.00680925633" />
  <node id="34419" visible="true" version="1" lat="49.99994920825" lon="9.00681623302" />
  <node id="34420" visible="true" version="1" lat="49.99994920784" lon="9.00682320972" />
  <node id="34421" visible="true" version="1" lat="49.99994920743" lon="9.00683018642" />
  <node id="34422" visible="true" version="1" lat="49.99994920702" lon="9.00683716312" />
  <node id="34423" visible="true" version="1" lat="49.99994920661" lon="9.00684413981" />
  <node id="34424" visible="true" version="1" lat="49.99994920619" lon="9.00685111651" />
  <node id="34425" visible="true" version="1" lat="49.99994920578" lon="9.00685809321" />
  <node id="34426" visible="true" version="1" lat="49.99994920537" lon="9.0068650699" />
  <node id="34427" visible="true" version="1" lat="49.99994920496" lon="9.0068720466" />
  <node id="34428" visible="true" version="1" lat="49.99994920454" lon="9.0068790233" />
  <node id="34429" visible="true" version="1" lat="49.99994920413" lon="9.00688599999" />
  <node id="34430" visible="true" version="1" lat="49.99994920371" lon="9.00689297669" />
  <node id="34431" visible="true" version="1" lat="49.9999492033" lon="9.00689995339" />
  <node id="34432" visible="true" version="1" lat="49.99994920288" lon="9.00690693009" />
  <node id="34433" visible="true" version="1" lat="49.99994920247" lon="9.00691390678" />
  <node id="34434" visible="true" version="1" lat="49.99994920205" lon="9.00692088348" />
  <node id="34435" visible="true" version="1" lat="49.99994920164" lon="9.00692786018" />
  <node id="34436" visible="true" version="1" lat="49.99994920122" lon="9.00693483687" />
  <node id="34437" visible="true" version="1" lat="49.9999492008" lon="9.00694181357" />
  <node id="34438" visible="true" version="1" lat="49.99994920039" lon="9.00694879027" />
  <node id="34439" visible="true" version="1" lat="49.99994919997" lon="9.00695576696" />
  <node id="34440" visible="true" version="1" lat="49.99994919955" lon="9.00696274366" />
  <node id="34441" visible="true" version="1" lat="49.99994919913" lon="9.00696972036" />
  <node id="34442" visible="true" version="1" lat="49.99994919871" lon="9.00697669706" />
  <node id="34444" visible="true" version="1" lat="49.9999662723" lon="9" />
  <node id="34445" visible="true" version="1" lat="49.9999662723" lon="9.0000069767" />
  <node id="34446" visible="true" version="1" lat="49.9999662723" lon="9.0000139534" />
  <node id="34447" visible="true" version="1" lat="49.9999662723" lon="9.0000209301" />
  <node id="34448" visible="true" version="1" lat="49.9999662723" lon="9.0000279068" />
  <node id="34449" visible="true" version="1" lat="49.99996627229" lon="9.0000348835" />
  <node id="34450" visible="true" version="1" lat="49.99996627229" lon="9.0000418602" />
  <node id="34451" visible="true" version="1" lat="49.99996627229" lon="9.0000488369" />
  <node id="34452" visible="true" version="1" lat="49.99996627229" lon="9.0000558136" />
  <node id="34453" visible="true" version="1" lat="49.99996627228" lon="9.0000627903" />
  <node id="34454" visible="true" version="1" lat="49.99996627228" lon="9.000069767" />
  <node id="34455" visible="true" version="1" lat="49.99996627227" lon="9.00007674369" />
  <node id="34456" visible="true" version="1" lat="49.99996627227" lon="9.00008372039" />
  <node id="34457" visible="true" version="1" lat="49.99996627226" lon="9.00009069709" />
  <node id="34458" visible="true" version="1" lat="49.99996627226" lon="9.00009767379" />
  <node id="34459" visible="true" version="1" lat="49.99996627225" lon="9.00010465049" />
  <node id="34460" visible="true" version="1" lat="49.99996627225" lon="9.00011162719" />
  <node id="34461" visible="true" version="1" lat="49.99996627224" lon="9.00011860389" />
  <node id="34462" visible="true" version="1" lat="49.99996627223" lon="9.00012558059" />
  <node id="34463" visible="true" version="1" lat="49.99996627222" lon="9.00013255729" />
  <node id="34464" visible="true" version="1" lat="49.99996627222" lon="9.00013953399" />
  <node id="34465" visible="true" version="1" lat="49.99996627221" lon="9.00014651069" />
  <node id="34466" visible="true" version="1" lat="49.9999662722" lon="9.00015348739" />
  <node id="34467" visible="true" version="1" lat="49.99996627219" lon="9.00016046409" />
  <node id="34468" visible="true" version="1" lat="49.99996627218" lon="9.00016744079" />
  <node id="34469" visible="true" version="1" lat="49.99996627217" lon="9.00017441749" />
  <node id="34470" visible="true" version="1" lat="49.99996627216" lon="9.00018139419" />
  <node id="34471" visible="true" version="1" lat="49.99996627215" lon="9.00018837089" />
  <node id="34472" visible="true" version="1" lat="49.99996627213" lon="9.00019534759" />
  <node id="34473" visible="true" version="1" lat="49.99996627212" lon="9.00020232429" />
  <node id="34474" visible="true" version="1" lat="49.99996627211" lon="9.00020930099" />
  <node id="34475" visible="true" version="1" lat="49.9999662721" lon="9.00021627769" />
  <node id="34476" visible="true" version="1" lat="49.99996627208" lon="9.00022325438" />
  <node id="34477" visible="true" version="1" lat="49.99996627207" lon="9.00023023108" />
  <node id="34478" visible="true" version="1" lat="49.99996627206" lon="9.00023720778" />
  <node id="34479" visible="true" version="1" lat="49.99996627204" lon="9.00024418448" />
  <node id="34480" visible="true" version="1" lat="49.99996627203" lon="9.00025116118" />
  <node id="34481" visible="true" version="1" lat="49.99996627201" lon="9.00025813788" />
  <node id="34482" visible="true" version="1" lat="49.999966272" lon="9.00026511458" />
  <node id="34483" visible="true" version="1" lat="49.99996627198" lon="9.00027209128" />
  <node id="34484" visible="true" version="1" lat="49.99996627196" lon="9.00027906798" />
  <node id="34485" visible="true" version="1" lat="49.99996627195" lon="9.00028604468" />
  <node id="34486" visible="true" version="1" lat="49.99996627193" lon="9.00029302138" />
  <node id="34487" visible="true" version="1" lat="49.99996627191" lon="9.00029999808" />
  <node id="34488" visible="true" version="1" lat="49.99996627189" lon="9.00030697478" />
  <node id="34489" visible="true" version="1" lat="49.99996627187" lon="9.00031395148" />
  <node id="34490" visible="true" version="1" lat="49.99996627186" lon="9.00032092818" />
  <node id="34491" visible="true" version="1" lat="49.99996627184" lon="9.00032790488" />
  <node id="34492" visible="true" version="1" lat="49.99996627182" lon="9.00033488158" />
  <node id="34493" visible="true" version="1" lat="49.9999662718" lon="9.00034185828" />
  <node id="34494" visible="true" version="1" lat="49.99996627177" lon="9.00034883498" />
  <node id="34495" visible="true" version="1" lat="49.99996627175" lon="9.00035581168" />
  <node id="34496" visible="true" version="1" lat="49.99996627173" lon="9.00036278838" />
  <node id="34497" visible="true" version="1" lat="49.99996627171" lon="9.00036976507" />
  <node id="34498" visible="true" version="1" lat="49.99996627169" lon="9.00037674177" />
  <node id="34499" visible="true" version="1" lat="49.99996627166" lon="9.00038371847" />
  <node id="34500" visible="true" version="1" lat="49.99996627164" lon="9.00039069517" />
  <node id="34501" visible="true" version="1" lat="49.99996627162" lon="9.00039767187" />
  <node id="34502" visible="true" version="1" lat="49.99996627159" lon="9.00040464857" />
  <node id="34503" visible="true" version="1" lat="49.99996627157" lon="9.00041162527" />
  <node id="34504" visible="true" version="1" lat="49.99996627154" lon="9.00041860197" />
  <node id="34505" visible="true" version="1" lat="49.99996627152" lon="9.00042557867" />
  <node id="34506" visible="true" version="1" lat="49.99996627149" lon="9.00043255537" />
  <node id="34507" visible="true" version="1" lat="49.99996627147" lon="9.00043953207" />
  <node id="34508" visible="true" version="1" lat="49.99996627144" lon="9.00044650877" />
  <node id="34509" visible="true" version="1" lat="49.99996627141" lon="9.00045348547" />
  <node id="34510" visible="true" version="1" lat="49.99996627139" lon="9.00046046217" />
  <node id="34511" visible="true" version="1" lat="49.99996627136" lon="9.00046743887" />
  <node id="34512" visible="true" version="1" lat="49.99996627133" lon="9.00047441557" />
  <node id="34513" visible="true" version="1" lat="49.9999662713" lon="9.00048139227" />
  <node id="34514" visible="true" version="1" lat="49.99996627127" lon="9.00048836897" />
  <node id="34515" visible="true" version="1" lat="49.99996627124" lon="9.00049534567" />
  <node id="34516" visible="true" version="1" lat="49.99996627121" lon="9.00050232237" />
  <node id="34517" visible="true" version="1" lat="49.99996627118" lon="9.00050929907" />
  <node id="34518" visible="true" version="1" lat="49.99996627115" lon="9.00051627576" />
  <node id="34519" visible="true" version="1" lat="49.99996627112" lon="9.00052325246" />
  <node id="34520" visible="true" version="1" lat="49.99996627109" lon="9.00053022916" />
  <node id="34521" visible="true" version="1" lat="49.99996627106" lon="9.00053720586" />
  <node id="34522" visible="true" version="1" lat="49.99996627102" lon="9.00054418256" />
  <node id="34523" visible="true" version="1" lat="49.99996627099" lon="9.00055115926" />
  <node id="34524" visible="true" version="1" lat="49.99996627096" lon="9.00055813596" />
  <node id="34525" visible="true" version="1" lat="49.99996627092" lon="9.00056511266" />
  <node id="34526" visible="true" version="1" lat="49.99996627089" lon="9.00057208936" />
  <node id="34527" visible="true" version="1" lat="49.99996627085" lon="9.00057906606" />
  <node id="34528" visible="true" version="1" lat="49.99996627082" lon="9.00058604276" />
  <node id="34529" visible="true" version="1" lat="49.99996627078" lon="9.00059301946" />
  <node id="34530" visible="true" version="1" lat="49.99996627075" lon="9.00059999616" />
  <node id="34531" visible="true" version="1" lat="49.99996627071" lon="9.00060697286" />
  <node id="34532" visible="true" version="1" lat="49.99996627067" lon="9.00061394956" />
  <node id="34533" visible="true" version="1" lat="49.99996627064" lon="9.00062092626" />
  <node id="34534" visible="true" version="1" lat="49.9999662706" lon="9.00062790296" />
  <node id="34535" visible="true" version="1" lat="49.99996627056" lon="9.00063487966" />
  <node id="34536" visible="true" version="1" lat="49.99996627052" lon="9.00064185636" />
  <node id="34537" visible="true" version="1" lat="49.99996627048" lon="9.00064883306" />
  <node id="34538" visible="true" version="1" lat="49.99996627045" lon="9.00065580976" />
  <node id="34539" visible="true" version="1" lat="49.99996627041" lon="9.00066278645" />
  <node id="34540" visible="true" version="1" lat="49.99996627037" lon="9.00066976315" />
  <node id="34541" visible="true" version="1" lat="49.99996627033" lon="9.00067673985" />
  <node id="34542" visible="true" version="1" lat="49.99996627028" lon="9.00068371655" />
  <node id="34543" visible="true" version="1" lat="49.99996627024" lon="9.00069069325" />
  <node id="34544" visible="true" version="1" lat="49.9999662702" lon="9.00069766995" />
  <node id="34545" visible="true" version="1" lat="49.99996627016" lon="9.00070464665" />
  <node id="34546" visible="true" version="1" lat="49.99996627012" lon="9.00071162335" />
  <node id="34547" visible="true" version="1" lat="49.99996627007" lon="9.00071860005" />
  <node id="34548" visible="true" version="1" lat="49.99996627003" lon="9.00072557675" />
  <node id="34549" visible="true" version="1" lat="49.99996626999" lon="9.00073255345" />
  <node id="34550" visible="true" version="1" lat="49.99996626994" lon="9.00073953015" />
  <node id="34551" visible="true" version="1" lat="49.9999662699" lon="9.00074650685" />
  <node id="34552" visible="true" version="1" lat="49.99996626985" lon="9.00075348355" />
  <node id="34553" visible="true" version="1" lat="49.99996626981" lon="9.00076046025" />
  <node id="34554" visible="true" version="1" lat="49.99996626976" lon="9.00076743695" />
  <node id="34555" visible="true" version="1" lat="49.99996626971" lon="9.00077441365" />
  <node id="34556" visible="true" version="1" lat="49.99996626967" lon="9.00078139035" />
  <node id="34557" visible="true" version="1" lat="49.99996626962" lon="9.00078836705" />
  <node id="34558" visible="true" version="1" lat="49.99996626957" lon="9.00079534375" />
  <node id="34559" visible="true" version="1" lat="49.99996626953" lon="9.00080232045" />
  <node id="34560" visible="true" version="1" lat="49.99996626948" lon="9.00080929714" />
  <node id="34561" visible="true" version="1" lat="49.99996626943" lon="9.00081627384" />
  <node id="34562" visible="true" version="1" lat="49.99996626938" lon="9.00082325054" />
  <node id="34563" visible="true" version="1" lat="49.99996626933" lon="9.00083022724" />
  <node id="34564" visible="true" version="1" lat="49.99996626928" lon="9.00083720394" />
  <node id="34565" visible="true" version="1" lat="49.99996626923" lon="9.00084418064" />
  <node id="34566" visible="true" version="1" lat="49.99996626918" lon="9.00085115734" />
  <node id="34567" visible="true" version="1" lat="49.99996626913" lon="9.00085813404" />
  <node id="34568" visible="true" version="1" lat="49.99996626907" lon="9.00086511074" />
  <node id="34569" visible="true" version="1" lat="49.99996626902" lon="9.00087208744" />
  <node id="34570" visible="true" version="1" lat="49.99996626897" lon="9.00087906414" />
  <node id="34571" visible="true" version="1" lat="49.99996626892" lon="9.00088604084" />
  <node id="34572" visible="true" version="1" lat="49.99996626886" lon="9.00089301754" />
  <node id="34573" visible="true" version="1" lat="49.99996626881" lon="9.00089999424" />
  <node id="34574" visible="true" version="1" lat="49.99996626875" lon="9.00090697094" />
  <node id="34575" visible="true" version="1" lat="49.9999662687" lon="9.00091394764" />
  <node id="34576" visible="true" version="1" lat="49.99996626864" lon="9.00092092434" />
  <node id="34577" visible="true" version="1" lat="49.99996626859" lon="9.00092790104" />
  <node id="34578" visible="true" version="1" lat="49.99996626853" lon="9.00093487774" />
  <node id="34579" visible="true" version="1" lat="49.99996626848" lon="9.00094185444" />
  <node id="34580" visible="true" version="1" lat="49.99996626842" lon="9.00094883114" />
  <node id="34581" visible="true" version="1" lat="49.99996626836" lon="9.00095580783" />
  <node id="34582" visible="true" version="1" lat="49.9999662683" lon="9.00096278453" />
  <node id="34583" visible="true" version="1" lat="49.99996626825" lon="9.00096976123" />
  <node id="34584" visible="true" version="1" lat="49.99996626819" lon="9.00097673793" />
  <node id="34585" visible="true" version="1" lat="49.99996626813" lon="9.00098371463" />
  <node id="34586" visible="true" version="1" lat="49.99996626807" lon="9.00099069133" />
  <node id="34587" visible="true" version="1" lat="49.99996626801" lon="9.00099766803" />
  <node id="34588" visible="true" version="1" lat="49.99996626795" lon="9.00100464473" />
  <node id="34589" visible="true" version="1" lat="49.99996626789" lon="9.00101162143" />
  <node id="34590" visible="true" version="1" lat="49.99996626783" lon="9.00101859813" />
  <node id="34591" visible="true" version="1" lat="49.99996626777" lon="9.00102557483" />
  <node id="34592" visible="true" version="1" lat="49.9999662677" lon="9.00103255153" />
  <node id="34593" visible="true" version="1" lat="49.99996626764" lon="9.00103952823" />
  <node id="34594" visible="true" version="1" lat="49.99996626758" lon="9.00104650493" />
  <node id="34595" visible="true" version="1" lat="49.99996626752" lon="9.00105348163" />
  <node id="34596" visible="true" version="1" lat="49.99996626745" lon="9.00106045833" />
  <node id="34597" visible="true" version="1" lat="49.99996626739" lon="9.00106743503" />
  <node id="34598" visible="true" version="1" lat="49.99996626732" lon="9.00107441173" />
  <node id="34599" visible="true" version="1" lat="49.99996626726" lon="9.00108138843" />
  <node id="34600" visible="true" version="1" lat="49.99996626719" lon="9.00108836513" />
  <node id="34601" visible="true" version="1" lat="49.99996626713" lon="9.00109534183" />
  <node id="34602" visible="true" version="1" lat="49.99996626706" lon="9.00110231852" />
  <node id="34603" visible="true" version="1" lat="49.999966267" lon="9.00110929522" />
  <node id="34604" visible="true" version="1" lat="49.99996626693" lon="9.00111627192" />
  <node id="34605" visible="true" version="1" lat="49.99996626686" lon="9.00112324862" />
  <node id="34606" visible="true" version="1" lat="49.99996626679" lon="9.00113022532" />
  <node id="34607" visible="true" version="1" lat="49.99996626673" lon="9.00113720202" />
  <node id="34608" visible="true" version="1" lat="49.99996626666" lon="9.00114417872" />
  <node id="34609" visible="true" version="1" lat="49.99996626659" lon="9.00115115542" />
  <node id="34610" visible="true" version="1" lat="49.99996626652" lon="9.00115813212" />
  <node id="34611" visible="true" version="1" lat="49.99996626645" lon="9.00116510882" />
  <node id="34612" visible="true" version="1" lat="49.99996626638" lon="9.00117208552" />
  <node id="34613" visible="true" version="1" lat="49.99996626631" lon="9.00117906222" />
  <node id="34614" visible="true" version="1" lat="49.99996626624" lon="9.00118603892" />
  <node id="34615" visible="true" version="1" lat="49.99996626617" lon="9.00119301562" />
  <node id="34616" visible="true" version="1" lat="49.99996626609" lon="9.00119999232" />
  <node id="34617" visible="true" version="1" lat="49.99996626602" lon="9.00120696902" />
  <node id="34618" visible="true" version="1" lat="49.99996626595" lon="9.00121394572" />
  <node id="34619" visible="true" version="1" lat="49.99996626588" lon="9.00122092242" />
  <node id="34620" visible="true" version="1" lat="49.9999662658" lon="9.00122789912" />
  <node id="34621" visible="true" version="1" lat="49.99996626573" lon="9.00123487582" />
  <node id="34622" visible="true" version="1" lat="49.99996626565" lon="9.00124185252" />
  <node id="34623" visible="true" version="1" lat="49.99996626558" lon="9.00124882921" />
  <node id="34624" visible="true" version="1" lat="49.9999662655" lon="9.00125580591" />
  <node id="34625" visible="true" version="1" lat="49.99996626543" lon="9.00126278261" />
  <node id="34626" visible="true" version="1" lat="49.99996626535" lon="9.00126975931" />
  <node id="34627" visible="true" version="1" lat="49.99996626528" lon="9.00127673601" />
  <node id="34628" visible="true" version="1" lat="49.9999662652" lon="9.00128371271" />
  <node id="34629" visible="true" version="1" lat="49.99996626512" lon="9.00129068941" />
  <node id="34630" visible="true" version="1" lat="49.99996626504" lon="9.00129766611" />
  <node id="34631" visible="true" version="1" lat="49.99996626496" lon="9.00130464281" />
  <node id="34632" visible="true" version="1" lat="49.99996626489" lon="9.00131161951" />
  <node id="34633" visible="true" version="1" lat="49.99996626481" lon="9.00131859621" />
  <node id="34634" visible="true" version="1" lat="49.99996626473" lon="9.00132557291" />
  <node id="34635" visible="true" version="1" lat="49.99996626465" lon="9.00133254961" />
  <node id="34636" visible="true" version="1" lat="49.99996626457" lon="9.00133952631" />
  <node id="34637" visible="true" version="1" lat="49.99996626449" lon="9.00134650301" />
  <node id="34638" visible="true" version="1" lat="49.99996626441" lon="9.00135347971" />
  <node id="34639" visible="true" version="1" lat="49.99996626432" lon="9.00136045641" />
  <node id="34640" visible="true" version="1" lat="49.99996626424" lon="9.00136743311" />
  <node id="34641" visible="true" version="1" lat="49.99996626416" lon="9.00137440981" />
  <node id="34642" visible="true" version="1" lat="49.99996626408" lon="9.00138138651" />
  <node id="34643" visible="true" version="1" lat="49.99996626399" lon="9.0013883632" />
  <node id="34644" visible="true" version="1" lat="49.99996626391" lon="9.0013953399" />
  <node id="34645" visible="true" version="1" lat="49.99996626383" lon="9.0014023166" />
  <node id="34646" visible="true" version="1" lat="49.99996626374" lon="9.0014092933" />
  <node id="34647" visible="true" version="1" lat="49.99996626366" lon="9.00141627" />
  <node id="34648" visible="true" version="1" lat="49.99996626357" lon="9.0014232467" />
  <node id="34649" visible="true" version="1" lat="49.99996626348" lon="9.0014302234" />
  <node id="34650" visible="true" version="1" lat="49.9999662634" lon="9.0014372001" />
  <node id="34651" visible="true" version="1" lat="49.99996626331" lon="9.0014441768" />
  <node id="34652" visible="true" version="1" lat="49.99996626322" lon="9.0014511535" />
  <node id="34653" visible="true" version="1" lat="49.99996626314" lon="9.0014581302" />
  <node id="34654" visible="true" version="1" lat="49.99996626305" lon="9.0014651069" />
  <node id="34655" visible="true" version="1" lat="49.99996626296" lon="9.0014720836" />
  <node id="34656" visible="true" version="1" lat="49.99996626287" lon="9.0014790603" />
  <node id="34657" visible="true" version="1" lat="49.99996626278" lon="9.001486037" />
  <node id="34658" visible="true" version="1" lat="49.99996626269" lon="9.0014930137" />
  <node id="34659" visible="true" version="1" lat="49.9999662626" lon="9.0014999904" />
  <node id="34660" visible="true" version="1" lat="49.99996626251" lon="9.0015069671" />
  <node id="34661" visible="true" version="1" lat="49.99996626242" lon="9.0015139438" />
  <node id="34662" visible="true" version="1" lat="49.99996626233" lon="9.0015209205" />
  <node id="34663" visible="true" version="1" lat="49.99996626224" lon="9.0015278972" />
  <node id="34664" visible="true" version="1" lat="49.99996626215" lon="9.00153487389" />
  <node id="34665" visible="true" version="1" lat="49.99996626206" lon="9.00154185059" />
  <node id="34666" visible="true" version="1" lat="49.99996626196" lon="9.00154882729" />
  <node id="34667" visible="true" version="1" lat="49.99996626187" lon="9.00155580399" />
  <node id="34668" visible="true" version="1" lat="49.99996626178" lon="9.00156278069" />
  <node id="34669" visible="true" version="1" lat="49.99996626168" lon="9.00156975739" />
  <node id="34670" visible="true" version="1" lat="49.99996626159" lon="9.00157673409" />
  <node id="34671" visible="true" version="1" lat="49.99996626149" lon="9.00158371079" />
  <node id="34672" visible="true" version="1" lat="49.9999662614" lon="9.00159068749" />
  <node id="34673" visible="true" version="1" lat="49.9999662613" lon="9.00159766419" />
  <node id="34674" visible="true" version="1" lat="49.9999662612" lon="9.00160464089" />
  <node id="34675" visible="true" version="1" lat="49.99996626111" lon="9.00161161759" />
  <node id="34676" visible="true" version="1" lat="49.99996626101" lon="9.00161859429" />
  <node id="34677" visible="true" version="1" lat="49.99996626091" lon="9.00162557099" />
  <node id="34678" visible="true" version="1" lat="49.99996626081" lon="9.00163254769" />
  <node id="34679" visible="true" version="1" lat="49.99996626072" lon="9.00163952439" />
  <node id="34680" visible="true" version="1" lat="49.99996626062" lon="9.00164650109" />
  <node id="34681" visible="true" version="1" lat="49.99996626052" lon="9.00165347779" />
  <node id="34682" visible="true" version="1" lat="49.99996626042" lon="9.00166045449" />
  <node id="34683" visible="true" version="1" lat="49.99996626032" lon="9.00166743119" />
  <node id="34684" visible="true" version="1" lat="49.99996626022" lon="9.00167440789" />
  <node id="34685" visible="true" version="1" lat="49.99996626012" lon="9.00168138458" />
  <node id="34686" visible="true" version="1" lat="49.99996626002" lon="9.00168836128" />
  <node id="34687" visible="true" version="1" lat="49.99996625991" lon="9.00169533798" />
  <node id="34688" visible="true" version="1" lat="49.99996625981" lon="9.00170231468" />
  <node id="34689" visible="true" version="1" lat="49.99996625971" lon="9.00170929138" />
  <node id="34690" visible="true" version="1" lat="49.99996625961" lon="9.00171626808" />
  <node id="34691" visible="true" version="1" lat="49.9999662595" lon="9.00172324478" />
  <node id="34692" visible="true" version="1" lat="49.9999662594" lon="9.00173022148" />
  <node id="34693" visible="true" version="1" lat="49.9999662593" lon="9.00173719818" />
  <node id="34694" visible="true" version="1" lat="49.99996625919" lon="9.00174417488" />
  <node id="34695" visible="true" version="1" lat="49.99996625909" lon="9.00175115158" />
  <node id="34696" visible="true" version="1" lat="49.99996625898" lon="9.00175812828" />
  <node id="34697" visible="true" version="1" lat="49.99996625887" lon="9.00176510498" />
  <node id="34698" visible="true" version="1" lat="49.99996625877" lon="9.00177208168" />
  <node id="34699" visible="true" version="1" lat="49.99996625866" lon="9.00177905838" />
  <node id="34700" visible="true" version="1" lat="49.99996625855" lon="9.00178603508" />
  <node id="34701" visible="true" version="1" lat="49.99996625845" lon="9.00179301178" />
  <node id="34702" visible="true" version="1" lat="49.99996625834" lon="9.00179998848" />
  <node id="34703" visible="true" version="1" lat="49.99996625823" lon="9.00180696518" />
  <node id="34704" visible="true" version="1" lat="49.99996625812" lon="9.00181394188" />
  <node id="34705" visible="true" version="1" lat="49.99996625801" lon="9.00182091858" />
  <node id="34706" visible="true" version="1" lat="49.9999662579" lon="9.00182789527" />
  <node id="34707" visible="true" version="1" lat="49.99996625779" lon="9.00183487197" />
  <node id="34708" visible="true" version="1" lat="49.99996625768" lon="9.00184184867" />
  <node id="34709" visible="true" version="1" lat="49.99996625757" lon="9.00184882537" />
  <node id="34710" visible="true" version="1" lat="49.99996625746" lon="9.00185580207" />
  <node id="34711" visible="true" version="1" lat="49.99996625735" lon="9.00186277877" />
  <node id="34712" visible="true" version="1" lat="49.99996625723" lon="9.00186975547" />
  <node id="34713" visible="true" version="1" lat="49.99996625712" lon="9.00187673217" />
  <node id="34714" visible="true" version="1" lat="49.99996625701" lon="9.00188370887" />
  <node id="34715" visible="true" version="1" lat="49.9999662569" lon="9.00189068557" />
  <node id="34716" visible="true" version="1" lat="49.99996625678" lon="9.00189766227" />
  <node id="34717" visible="true" version="1" lat="49.99996625667" lon="9.00190463897" />
  <node id="34718" visible="true" version="1" lat="49.99996625655" lon="9.00191161567" />
  <node id="34719" visible="true" version="1" lat="49.99996625644" lon="9.00191859237" />
  <node id="34720" visible="true" version="1" lat="49.99996625632" lon="9.00192556907" />
  <node id="34721" visible="true" version="1" lat="49.99996625621" lon="9.00193254577" />
  <node id="34722" visible="true" version="1" lat="49.99996625609" lon="9.00193952247" />
  <node id="34723" visible="true" version="1" lat="49.99996625597" lon="9.00194649917" />
  <node id="34724" visible="true" version="1" lat="49.99996625586" lon="9.00195347587" />
  <node id="34725" visible="true" version="1" lat="49.99996625574" lon="9.00196045257" />
  <node id="34726" visible="true" version="1" lat="49.99996625562" lon="9.00196742927" />
  <node id="34727" visible="true" version="1" lat="49.9999662555" lon="9.00197440596" />
  <node id="34728" visible="true" version="1" lat="49.99996625538" lon="9.00198138266" />
  <node id="34729" visible="true" version="1" lat="49.99996625526" lon="9.00198835936" />
  <node id="34730" visible="true" version="1" lat="49.99996625514" lon="9.00199533606" />
  <node id="34731" visible="true" version="1" lat="49.99996625502" lon="9.00200231276" />
  <node id="34732" visible="true" version="1" lat="49.9999662549" lon="9.00200928946" />
  <node id="34733" visible="true" version="1" lat="49.99996625478" lon="9.00201626616" />
  <node id="34734" visible="true" version="1" lat="49.99996625466" lon="9.00202324286" />
  <node id="34735" visible="true" version="1" lat="49.99996625454" lon="9.00203021956" />
  <node id="34736" visible="true" version="1" lat="49.99996625442" lon="9.00203719626" />
  <node id="34737" visible="true" version="1" lat="49.99996625429" lon="9.00204417296" />
  <node id="34738" visible="true" version="1" lat="49.99996625417" lon="9.00205114966" />
  <node id="34739" visible="true" version="1" lat="49.99996625405" lon="9.00205812636" />
  <node id="34740" visible="true" version="1" lat="49.99996625392" lon="9.00206510306" />
  <node id="34741" visible="true" version="1" lat="49.9999662538" lon="9.00207207976" />
  <node id="34742" visible="true" version="1" lat="49.99996625367" lon="9.00207905646" />
  <node id="34743" visible="true" version="1" lat="49.99996625355" lon="9.00208603316" />
  <node id="34744" visible="true" version="1" lat="49.99996625342" lon="9.00209300986" />
  <node id="34745" visible="true" version="1" lat="49.9999662533" lon="9.00209998656" />
  <node id="34746" visible="true" version="1" lat="49.99996625317" lon="9.00210696326" />
  <node id="34747" visible="true" version="1" lat="49.99996625304" lon="9.00211393995" />
  <node id="34748" visible="true" version="1" lat="49.99996625292" lon="9.00212091665" />
  <node id="34749" visible="true" version="1" lat="49.99996625279" lon="9.00212789335" />
  <node id="34750" visible="true" version="1" lat="49.99996625266" lon="9.00213487005" />
  <node id="34751" visible="true" version="1" lat="49.99996625253" lon="9.00214184675" />
  <node id="34752" visible="true" version="1" lat="49.9999662524" lon="9.00214882345" />
  <node id="34753" visible="true" version="1" lat="49.99996625227" lon="9.00215580015" />
  <node id="34754" visible="true" version="1" lat="49.99996625214" lon="9.00216277685" />
  <node id="34755" visible="true" version="1" lat="49.99996625201" lon="9.00216975355" />
  <node id="34756" visible="true" version="1" lat="49.99996625188" lon="9.00217673025" />
  <node id="34757" visible="true" version="1" lat="49.99996625175" lon="9.00218370695" />
  <node id="34758" visible="true" version="1" lat="49.99996625162" lon="9.00219068365" />
  <node id="34759" visible="true" version="1" lat="49.99996625149" lon="9.00219766035" />
  <node id="34760" visible="true" version="1" lat="49.99996625136" lon="9.00220463705" />
  <node id="34761" visible="true" version="1" lat="49.99996625122" lon="9.00221161375" />
  <node id="34762" visible="true" version="1" lat="49.99996625109" lon="9.00221859045" />
  <node id="34763" visible="true" version="1" lat="49.99996625096" lon="9.00222556715" />
  <node id="34764" visible="true" version="1" lat="49.99996625082" lon="9.00223254385" />
  <node id="34765" visible="true" version="1" lat="49.99996625069" lon="9.00223952055" />
  <node id="34766" visible="true" version="1" lat="49.99996625055" lon="9.00224649725" />
  <node id="34767" visible="true" version="1" lat="49.99996625042" lon="9.00225347395" />
  <node id="34768" visible="true" version="1" lat="49.99996625028" lon="9.00226045064" />
  <node id="34769" visible="true" version="1" lat="49.99996625015" lon="9.00226742734" />
  <node id="34770" visible="true" version="1" lat="49.99996625001" lon="9.00227440404" />
  <node id="34771" visible="true" version="1" lat="49.99996624987" lon="9.00228138074" />
  <node id="34772" visible="true" version="1" lat="49.99996624973" lon="9.00228835744" />
  <node id="34773" visible="true" version="1" lat="49.9999662496" lon="9.00229533414" />
  <node id="34774" visible="true" version="1" lat="49.99996624946" lon="9.00230231084" />
  <node id="34775" visible="true" version="1" lat="49.99996624932" lon="9.00230928754" />
  <node id="34776" visible="true" version="1" lat="49.99996624918" lon="9.00231626424" />
  <node id="34777" visible="true" version="1" lat="49.99996624904" lon="9.00232324094" />
  <node id="34778" visible="true" version="1" lat="49.9999662489" lon="9.00233021764" />
  <node id="34779" visible="true" version="1" lat="49.99996624876" lon="9.00233719434" />
  <node id="34780" visible="true" version="1" lat="49.99996624862" lon="9.00234417104" />
  <node id="34781" visible="true" version="1" lat="49.99996624848" lon="9.00235114774" />
  <node id="34782" visible="true" version="1" lat="49.99996624834" lon="9.00235812444" />
  <node id="34783" visible="true" version="1" lat="49.9999662482" lon="9.00236510114" />
  <node id="34784" visible="true" version="1" lat="49.99996624805" lon="9.00237207784" />
  <node id="34785" visible="true" version="1" lat="49.99996624791" lon="9.00237905454" />
  <node id="34786" visible="true" version="1" lat="49.99996624777" lon="9.00238603124" />
  <node id="34787" visible="true" version="1" lat="49.99996624762" lon="9.00239300794" />
  <node id="34788" visible="true" version="1" lat="49.99996624748" lon="9.00239998464" />
  <node id="34789" visible="true" version="1" lat="49.99996624733" lon="9.00240696133" />
  <node id="34790" visible="true" version="1" lat="49.99996624719" lon="9.00241393803" />
  <node id="34791" visible="true" version="1" lat="49.99996624704" lon="9.00242091473" />
  <node id="34792" visible="true" version="1" lat="49.9999662469" lon="9.00242789143" />
  <node id="34793" visible="true" version="1" lat="49.99996624675" lon="9.00243486813" />
  <node id="34794" visible="true" version="1" lat="49.99996624661" lon="9.00244184483" />
  <node id="34795" visible="true" version="1" lat="49.99996624646" lon="9.00244882153" />
  <node id="34796" visible="true" version="1" lat="49.99996624631" lon="9.00245579823" />
  <node id="34797" visible="true" version="1" lat="49.99996624616" lon="9.00246277493" />
  <node id="34798" visible="true" version="1" lat="49.99996624602" lon="9.00246975163" />
  <node id="34799" visible="true" version="1" lat="49.99996624587" lon="9.00247672833" />
  <node id="34800" visible="true" version="1" lat="49.99996624572" lon="9.00248370503" />
  <node id="34801" visible="true" version="1" lat="49.99996624557" lon="9.00249068173" />
  <node id="34802" visible="true" version="1" lat="49.99996624542" lon="9.00249765843" />
  <node id="34803" visible="true" version="1" lat="49.99996624527" lon="9.00250463513" />
  <node id="34804" visible="true" version="1" lat="49.99996624512" lon="9.00251161183" />
  <node id="34805" visible="true" version="1" lat="49.99996624497" lon="9.00251858853" />
  <node id="34806" visible="true" version="1" lat="49.99996624481" lon="9.00252556523" />
  <node id="34807" visible="true" version="1" lat="49.99996624466" lon="9.00253254193" />
  <node id="34808" visible="true" version="1" lat="49.99996624451" lon="9.00253951863" />
  <node id="34809" visible="true" version="1" lat="49.99996624436" lon="9.00254649532" />
  <node id="34810" visible="true" version="1" lat="49.9999662442" lon="9.00255347202" />
  <node id="34811" visible="true" version="1" lat="49.99996624405" lon="9.00256044872" />
  <node id="34812" visible="true" version="1" lat="49.9999662439" lon="9.00256742542" />
  <node id="34813" visible="true" version="1" lat="49.99996624374" lon="9.00257440212" />
  <node id="34814" visible="true" version="1" lat="49.99996624359" lon="9.00258137882" />
  <node id="34815" visible="true" version="1" lat="49.99996624343" lon="9.00258835552" />
  <node id="34816" visible="true" version="1" lat="49.99996624327" lon="9.00259533222" />
  <node id="34817" visible="true" version="1" lat="49.99996624312" lon="9.00260230892" />
  <node id="34818" visible="true" version="1" lat="49.99996624296" lon="9.00260928562" />
  <node id="34819" visible="true" version="1" lat="49.9999662428" lon="9.00261626232" />
  <node id="34820" visible="true" version="1" lat="49.99996624265" lon="9.00262323902" />
  <node id="34821" visible="true" version="1" lat="49.99996624249" lon="9.00263021572" />
  <node id="34822" visible="true" version="1" lat="49.99996624233" lon="9.00263719242" />
  <node id="34823" visible="true" version="1" lat="49.99996624217" lon="9.00264416912" />
  <node id="34824" visible="true" version="1" lat="49.99996624201" lon="9.00265114582" />
  <node id="34825" visible="true" version="1" lat="49.99996624185" lon="9.00265812252" />
  <node id="34826" visible="true" version="1" lat="49.99996624169" lon="9.00266509922" />
  <node id="34827" visible="true" version="1" lat="49.99996624153" lon="9.00267207592" />
  <node id="34828" visible="true" version="1" lat="49.99996624137" lon="9.00267905262" />
  <node id="34829" visible="true" version="1" lat="49.99996624121" lon="9.00268602932" />
  <node id="34830" visible="true" version="1" lat="49.99996624105" lon="9.00269300601" />
  <node id="34831" visible="true" version="1" lat="49.99996624089" lon="9.00269998271" />
  <node id="34832" visible="true" version="1" lat="49.99996624072" lon="9.00270695941" />
  <node id="34833" visible="true" version="1" lat="49.99996624056" lon="9.00271393611" />
  <node id="34834" visible="true" version="1" lat="49.9999662404" lon="9.00272091281" />
  <node id="34835" visible="true" version="1" lat="49.99996624023" lon="9.00272788951" />
  <node id="34836" visible="true" version="1" lat="49.99996624007" lon="9.00273486621" />
  <node id="34837" visible="true" version="1" lat="49.99996623991" lon="9.00274184291" />
  <node id="34838" visible="true" version="1" lat="49.99996623974" lon="9.00274881961" />
  <node id="34839" visible="true" version="1" lat="49.99996623957" lon="9.00275579631" />
  <node id="34840" visible="true" version="1" lat="49.99996623941" lon="9.00276277301" />
  <node id="34841" visible="true" version="1" lat="49.99996623924" lon="9.00276974971" />
  <node id="34842" visible="true" version="1" lat="49.99996623908" lon="9.00277672641" />
  <node id="34843" visible="true" version="1" lat="49.99996623891" lon="9.00278370311" />
  <node id="34844" visible="true" version="1" lat="49.99996623874" lon="9.00279067981" />
  <node id="34845" visible="true" version="1" lat="49.99996623857" lon="9.00279765651" />
  <node id="34846" visible="true" version="1" lat="49.9999662384" lon="9.00280463321" />
  <node id="34847" visible="true" version="1" lat="49.99996623824" lon="9.00281160991" />
  <node id="34848" visible="true" version="1" lat="49.99996623807" lon="9.00281858661" />
  <node id="34849" visible="true" version="1" lat="49.9999662379" lon="9.00282556331" />
  <node id="34850" visible="true" version="1" lat="49.99996623773" lon="9.00283254" />
  <node id="34851" visible="true" version="1" lat="49.99996623756" lon="9.0028395167" />
  <node id="34852" visible="true" version="1" lat="49.99996623739" lon="9.0028464934" />
  <node id="34853" visible="true" version="1" lat="49.99996623721" lon="9.0028534701" />
  <node id="34854" visible="true" version="1" lat="49.99996623704" lon="9.0028604468" />
  <node id="34855" visible="true" version="1" lat="49.99996623687" lon="9.0028674235" />
  <node id="34856" visible="true" version="1" lat="49.9999662367" lon="9.0028744002" />
  <node id="34857" visible="true" version="1" lat="49.99996623652" lon="9.0028813769" />
  <node id="34858" visible="true" version="1" lat="49.99996623635" lon="9.0028883536" />
  <node id="34859" visible="true" version="1" lat="49.99996623618" lon="9.0028953303" />
  <node id="34860" visible="true" version="1" lat="49.999966236" lon="9.002902307" />
  <node id="34861" visible="true" version="1" lat="49.99996623583" lon="9.0029092837" />
  <node id="34862" visible="true" version="1" lat="49.99996623565" lon="9.0029162604" />
  <node id="34863" visible="true" version="1" lat="49.99996623548" lon="9.0029232371" />
  <node id="34864" visible="true" version="1" lat="49.9999662353" lon="9.0029302138" />
  <node id="34865" visible="true" version="1" lat="49.99996623512" lon="9.0029371905" />
  <node id="34866" visible="true" version="1" lat="49.99996623495" lon="9.0029441672" />
  <node id="34867" visible="true" version="1" lat="49.99996623477" lon="9.0029511439" />
  <node id="34868" visible="true" version="1" lat="49.99996623459" lon="9.0029581206" />
  <node id="34869" visible="true" version="1" lat="49.99996623442" lon="9.0029650973" />
  <node id="34870" visible="true" version="1" lat="49.99996623424" lon="9.00297207399" />
  <node id="34871" visible="true" version="1" lat="49.99996623406" lon="9.00297905069" />
  <node id="34872" visible="true" version="1" lat="49.99996623388" lon="9.00298602739" />
  <node id="34873" visible="true" version="1" lat="49.9999662337" lon="9.00299300409" />
  <node id="34874" visible="true" version="1" lat="49.99996623352" lon="9.00299998079" />
  <node id="34875" visible="true" version="1" lat="49.99996623334" lon="9.00300695749" />
  <node id="34876" visible="true" version="1" lat="49.99996623316" lon="9.00301393419" />
  <node id="34877" visible="true" version="1" lat="49.99996623298" lon="9.00302091089" />
  <node id="34878" visible="true" version="1" lat="49.99996623279" lon="9.00302788759" />
  <node id="34879" visible="true" version="1" lat="49.99996623261" lon="9.00303486429" />
  <node id="34880" visible="true" version="1" lat="49.99996623243" lon="9.00304184099" />
  <node id="34881" visible="true" version="1" lat="49.99996623225" lon="9.00304881769" />
  <node id="34882" visible="true" version="1" lat="49.99996623206" lon="9.00305579439" />
  <node id="34883" visible="true" version="1" lat="49.99996623188" lon="9.00306277109" />
  <node id="34884" visible="true" version="1" lat="49.99996623169" lon="9.00306974779" />
  <node id="34885" visible="true" version="1" lat="49.99996623151" lon="9.00307672449" />
  <node id="34886" visible="true" version="1" lat="49.99996623132" lon="9.00308370119" />
  <node id="34887" visible="true" version="1" lat="49.99996623114" lon="9.00309067789" />
  <node id="34888" visible="true" version="1" lat="49.99996623095" lon="9.00309765459" />
  <node id="34889" visible="true" version="1" lat="49.99996623077" lon="9.00310463129" />
  <node id="34890" visible="true" version="1" lat="49.99996623058" lon="9.00311160799" />
  <node id="34891" visible="true" version="1" lat="49.99996623039" lon="9.00311858468" />
  <node id="34892" visible="true" version="1" lat="49.9999662302" lon="9.00312556138" />
  <node id="34893" visible="true" version="1" lat="49.99996623002" lon="9.00313253808" />
  <node id="34894" visible="true" version="1" lat="49.99996622983" lon="9.00313951478" />
  <node id="34895" visible="true" version="1" lat="49.99996622964" lon="9.00314649148" />
  <node id="34896" visible="true" version="1" lat="49.99996622945" lon="9.00315346818" />
  <node id="34897" visible="true" version="1" lat="49.99996622926" lon="9.00316044488" />
  <node id="34898" visible="true" version="1" lat="49.99996622907" lon="9.00316742158" />
  <node id="34899" visible="true" version="1" lat="49.99996622888" lon="9.00317439828" />
  <node id="34900" visible="true" version="1" lat="49.99996622869" lon="9.00318137498" />
  <node id="34901" visible="true" version="1" lat="49.9999662285" lon="9.00318835168" />
  <node id="34902" visible="true" version="1" lat="49.9999662283" lon="9.00319532838" />
  <node id="34903" visible="true" version="1" lat="49.99996622811" lon="9.00320230508" />
  <node id="34904" visible="true" version="1" lat="49.99996622792" lon="9.00320928178" />
  <node id="34905" visible="true" version="1" lat="49.99996622773" lon="9.00321625848" />
  <node id="34906" visible="true" version="1" lat="49.99996622753" lon="9.00322323518" />
  <node id="34907" visible="true" version="1" lat="49.99996622734" lon="9.00323021188" />
  <node id="34908" visible="true" version="1" lat="49.99996622714" lon="9.00323718858" />
  <node id="34909" visible="true" version="1" lat="49.99996622695" lon="9.00324416528" />
  <node id="34910" visible="true" version="1" lat="49.99996622675" lon="9.00325114198" />
  <node id="34911" visible="true" version="1" lat="49.99996622656" lon="9.00325811867" />
  <node id="34912" visible="true" version="1" lat="49.99996622636" lon="9.00326509537" />
  <node id="34913" visible="true" version="1" lat="49.99996622616" lon="9.00327207207" />
  <node id="34914" visible="true" version="1" lat="49.99996622597" lon="9.00327904877" />
  <node id="34915" visible="true" version="1" lat="49.99996622577" lon="9.00328602547" />
  <node id="34916" visible="true" version="1" lat="49.99996622557" lon="9.00329300217" />
  <node id="34917" visible="true" version="1" lat="49.99996622537" lon="9.00329997887" />
  <node id="34918" visible="true" version="1" lat="49.99996622518" lon="9.00330695557" />
  <node id="34919" visible="true" version="1" lat="49.99996622498" lon="9.00331393227" />
  <node id="34920" visible="true" version="1" lat="49.99996622478" lon="9.00332090897" />
  <node id="34921" visible="true" version="1" lat="49.99996622458" lon="9.00332788567" />
  <node id="34922" visible="true" version="1" lat="49.99996622438" lon="9.00333486237" />
  <node id="34923" visible="true" version="1" lat="49.99996622418" lon="9.00334183907" />
  <node id="34924" visible="true" version="1" lat="49.99996622398" lon="9.00334881577" />
  <node id="34925" visible="true" version="1" lat="49.99996622377" lon="9.00335579247" />
  <node id="34926" visible="true" version="1" lat="49.99996622357" lon="9.00336276917" />
  <node id="34927" visible="true" version="1" lat="49.99996622337" lon="9.00336974587" />
  <node id="34928" visible="true" version="1" lat="49.99996622317" lon="9.00337672257" />
  <node id="34929" visible="true" version="1" lat="49.99996622296" lon="9.00338369927" />
  <node id="34930" visible="true" version="1" lat="49.99996622276" lon="9.00339067597" />
  <node id="34931" visible="true" version="1" lat="49.99996622256" lon="9.00339765266" />
  <node id="34932" visible="true" version="1" lat="49.99996622235" lon="9.00340462936" />
  <node id="34933" visible="true" version="1" lat="49.99996622215" lon="9.00341160606" />
  <node id="34934" visible="true" version="1" lat="49.99996622194" lon="9.00341858276" />
  <node id="34935" visible="true" version="1" lat="49.99996622174" lon="9.00342555946" />
  <node id="34936" visible="true" version="1" lat="49.99996622153" lon="9.00343253616" />
  <node id="34937" visible="true" version="1" lat="49.99996622132" lon="9.00343951286" />
  <node id="34938" visible="true" version="1" lat="49.99996622112" lon="9.00344648956" />
  <node id="34939" visible="true" version="1" lat="49.99996622091" lon="9.00345346626" />
  <node id="34940" visible="true" version="1" lat="49.9999662207" lon="9.00346044296" />
  <node id="34941" visible="true" version="1" lat="49.99996622049" lon="9.00346741966" />
  <node id="34942" visible="true" version="1" lat="49.99996622028" lon="9.00347439636" />
  <node id="34943" visible="true" version="1" lat="49.99996622007" lon="9.00348137306" />
  <node id="34944" visible="true" version="1" lat="49.99996621986" lon="9.00348834976" />
  <node id="34945" visible="true" version="1" lat="49.99996621965" lon="9.00349532646" />
  <node id="34946" visible="true" version="1" lat="49.99996621944" lon="9.00350230316" />
  <node id="34947" visible="true" version="1" lat="49.99996621923" lon="9.00350927986" />
  <node id="34948" visible="true" version="1" lat="49.99996621902" lon="9.00351625656" />
  <node id="34949" visible="true" version="1" lat="49.99996621881" lon="9.00352323326" />
  <node id="34950" visible="true" version="1" lat="49.9999662186" lon="9.00353020996" />
  <node id="34951" visible="true" version="1" lat="49.99996621839" lon="9.00353718665" />
  <node id="34952" visible="true" version="1" lat="49.99996621817" lon="9.00354416335" />
  <node id="34953" visible="true" version="1" lat="49.99996621796" lon="9.00355114005" />
  <node id="34954" visible="true" version="1" lat="49.99996621775" lon="9.00355811675" />
  <node id="34955" visible="true" version="1" lat="49.99996621753" lon="9.00356509345" />
  <node id="34956" visible="true" version="1" lat="49.99996621732" lon="9.00357207015" />
  <node id="34957" visible="true" version="1" lat="49.9999662171" lon="9.00357904685" />
  <node id="34958" visible="true" version="1" lat="49.99996621689" lon="9.00358602355" />
  <node id="34959" visible="true" version="1" lat="49.99996621667" lon="9.00359300025" />
  <node id="34960" visible="true" version="1" lat="49.99996621646" lon="9.00359997695" />
  <node id="34961" visible="true" version="1" lat="49.99996621624" lon="9.00360695365" />
  <node id="34962" visible="true" version="1" lat="49.99996621602" lon="9.00361393035" />
  <node id="34963" visible="true" version="1" lat="49.9999662158" lon="9.00362090705" />
  <node id="34964" visible="true" version="1" lat="49.99996621559" lon="9.00362788375" />
  <node id="34965" visible="true" version="1" lat="49.99996621537" lon="9.00363486045" />
  <node id="34966" visible="true" version="1" lat="49.99996621515" lon="9.00364183715" />
  <node id="34967" visible="true" version="1" lat="49.99996621493" lon="9.00364881385" />
  <node id="34968" visible="true" version="1" lat="49.99996621471" lon="9.00365579055" />
  <node id="34969" visible="true" version="1" lat="49.99996621449" lon="9.00366276725" />
  <node id="34970" visible="true" version="1" lat="49.99996621427" lon="9.00366974395" />
  <node id="34971" visible="true" version="1" lat="49.99996621405" lon="9.00367672064" />
  <node id="34972" visible="true" version="1" lat="49.99996621383" lon="9.00368369734" />
  <node id="34973" visible="true" version="1" lat="49.99996621361" lon="9.00369067404" />
  <node id="34974" visible="true" version="1" lat="49.99996621338" lon="9.00369765074" />
  <node id="34975" visible="true" version="1" lat="49.99996621316" lon="9.00370462744" />
  <node id="34976" visible="true" version="1" lat="49.99996621294" lon="9.00371160414" />
  <node id="34977" visible="true" version="1" lat="49.99996621271" lon="9.00371858084" />
  <node id="34978" visible="true" version="1" lat="49.99996621249" lon="9.00372555754" />
  <node id="34979" visible="true" version="1" lat="49.99996621227" lon="9.00373253424" />
  <node id="34980" visible="true" version="1" lat="49.99996621204" lon="9.00373951094" />
  <node id="34981" visible="true" version="1" lat="49.99996621182" lon="9.00374648764" />
  <node id="34982" visible="true" version="1" lat="49.99996621159" lon="9.00375346434" />
  <node id="34983" visible="true" version="1" lat="49.99996621137" lon="9.00376044104" />
  <node id="34984" visible="true" version="1" lat="49.99996621114" lon="9.00376741774" />
  <node id="34985" visible="true" version="1" lat="49.99996621091" lon="9.00377439444" />
  <node id="34986" visible="true" version="1" lat="49.99996621069" lon="9.00378137114" />
  <node id="34987" visible="true" version="1" lat="49.99996621046" lon="9.00378834784" />
  <node id="34988" visible="true" version="1" lat="49.99996621023" lon="9.00379532454" />
  <node id="34989" visible="true" version="1" lat="49.99996621" lon="9.00380230124" />
  <node id="34990" visible="true" version="1" lat="49.99996620977" lon="9.00380927794" />
  <node id="34991" visible="true" version="1" lat="49.99996620954" lon="9.00381625463" />
  <node id="34992" visible="true" version="1" lat="49.99996620931" lon="9.00382323133" />
  <node id="34993" visible="true" version="1" lat="49.99996620908" lon="9.00383020803" />
  <node id="34994" visible="true" version="1" lat="49.99996620885" lon="9.00383718473" />
  <node id="34995" visible="true" version="1" lat="49.99996620862" lon="9.00384416143" />
  <node id="34996" visible="true" version="1" lat="49.99996620839" lon="9.00385113813" />
  <node id="34997" visible="true" version="1" lat="49.99996620816" lon="9.00385811483" />
  <node id="34998" visible="true" version="1" lat="49.99996620793" lon="9.00386509153" />
  <node id="34999" visible="true" version="1" lat="49.99996620769" lon="9.00387206823" />
  <node id="35000" visible="true" version="1" lat="49.99996620746" lon="9.00387904493" />
  <node id="35001" visible="true" version="1" lat="49.99996620723" lon="9.00388602163" />
  <node id="35002" visible="true" version="1" lat="49.99996620699" lon="9.00389299833" />
  <node id="35003" visible="true" version="1" lat="49.99996620676" lon="9.00389997503" />
  <node id="35004" visible="true" version="1" lat="49.99996620653" lon="9.00390695173" />
  <node id="35005" visible="true" version="1" lat="49.99996620629" lon="9.00391392843" />
  <node id="35006" visible="true" version="1" lat="49.99996620605" lon="9.00392090513" />
  <node id="35007" visible="true" version="1" lat="49.99996620582" lon="9.00392788183" />
  <node id="35008" visible="true" version="1" lat="49.99996620558" lon="9.00393485853" />
  <node id="35009" visible="true" version="1" lat="49.99996620535" lon="9.00394183523" />
  <node id="35010" visible="true" version="1" lat="49.99996620511" lon="9.00394881193" />
  <node id="35011" visible="true" version="1" lat="49.99996620487" lon="9.00395578862" />
  <node id="35012" visible="true" version="1" lat="49.99996620463" lon="9.00396276532" />
  <node id="35013" visible="true" version="1" lat="49.99996620439" lon="9.00396974202" />
  <node id="35014" visible="true" version="1" lat="49.99996620416" lon="9.00397671872" />
  <node id="35015" visible="true" version="1" lat="49.99996620392" lon="9.00398369542" />
  <node id="35016" visible="true" version="1" lat="49.99996620368" lon="9.00399067212" />
  <node id="35017" visible="true" version="1" lat="49.99996620344" lon="9.00399764882" />
  <node id="35018" visible="true" version="1" lat="49.9999662032" lon="9.00400462552" />
  <node id="35019" visible="true" version="1" lat="49.99996620295" lon="9.00401160222" />
  <node id="35020" visible="true" version="1" lat="49.99996620271" lon="9.00401857892" />
  <node id="35021" visible="true" version="1" lat="49.99996620247" lon="9.00402555562" />
  <node id="35022" visible="true" version="1" lat="49.99996620223" lon="9.00403253232" />
  <node id="35023" visible="true" version="1" lat="49.99996620199" lon="9.00403950902" />
  <node id="35024" visible="true" version="1" lat="49.99996620174" lon="9.00404648572" />
  <node id="35025" visible="true" version="1" lat="49.9999662015" lon="9.00405346242" />
  <node id="35026" visible="true" version="1" lat="49.99996620126" lon="9.00406043912" />
  <node id="35027" visible="true" version="1" lat="49.99996620101" lon="9.00406741582" />
  <node id="35028" visible="true" version="1" lat="49.99996620077" lon="9.00407439252" />
  <node id="35029" visible="true" version="1" lat="49.99996620052" lon="9.00408136922" />
  <node id="35030" visible="true" version="1" lat="49.99996620028" lon="9.00408834592" />
  <node id="35031" visible="true" version="1" lat="49.99996620003" lon="9.00409532261" />
  <node id="35032" visible="true" version="1" lat="49.99996619978" lon="9.00410229931" />
  <node id="35033" visible="true" version="1" lat="49.99996619954" lon="9.00410927601" />
  <node id="35034" visible="true" version="1" lat="49.99996619929" lon="9.00411625271" />
  <node id="35035" visible="true" version="1" lat="49.99996619904" lon="9.00412322941" />
  <node id="35036" visible="true" version="1" lat="49.99996619879" lon="9.00413020611" />
  <node id="35037" visible="true" version="1" lat="49.99996619854" lon="9.00413718281" />
  <node id="35038" visible="true" version="1" lat="49.9999661983" lon="9.00414415951" />
  <node id="35039" visible="true" version="1" lat="49.99996619805" lon="9.00415113621" />
  <node id="35040" visible="true" version="1" lat="49.9999661978" lon="9.00415811291" />
  <node id="35041" visible="true" version="1" lat="49.99996619755" lon="9.00416508961" />
  <node id="35042" visible="true" version="1" lat="49.9999661973" lon="9.00417206631" />
  <node id="35043" visible="true" version="1" lat="49.99996619704" lon="9.00417904301" />
  <node id="35044" visible="true" version="1" lat="49.99996619679" lon="9.00418601971" />
  <node id="35045" visible="true" version="1" lat="49.99996619654" lon="9.00419299641" />
  <node id="35046" visible="true" version="1" lat="49.99996619629" lon="9.00419997311" />
  <node id="35047" visible="true" version="1" lat="49.99996619604" lon="9.00420694981" />
  <node id="35048" visible="true" version="1" lat="49.99996619578" lon="9.00421392651" />
  <node id="35049" visible="true" version="1" lat="49.99996619553" lon="9.00422090321" />
  <node id="35050" visible="true" version="1" lat="49.99996619528" lon="9.00422787991" />
  <node id="35051" visible="true" version="1" lat="49.99996619502" lon="9.0042348566" />
  <node id="35052" visible="true" version="1" lat="49.99996619477" lon="9.0042418333" />
  <node id="35053" visible="true" version="1" lat="49.99996619451" lon="9.00424881" />
  <node id="35054" visible="true" version="1" lat="49.99996619426" lon="9.0042557867" />
  <node id="35055" visible="true" version="1" lat="49.999966194" lon="9.0042627634" />
  <node id="35056" visible="true" version="1" lat="49.99996619374" lon="9.0042697401" />
  <node id="35057" visible="true" version="1" lat="49.99996619349" lon="9.0042767168" />
  <node id="35058" visible="true" version="1" lat="49.99996619323" lon="9.0042836935" />
  <node id="35059" visible="true" version="1" lat="49.99996619297" lon="9.0042906702" />
  <node id="35060" visible="true" version="1" lat="49.99996619271" lon="9.0042976469" />
  <node id="35061" visible="true" version="1" lat="49.99996619245" lon="9.0043046236" />
  <node id="35062" visible="true" version="1" lat="49.9999661922" lon="9.0043116003" />
  <node id="35063" visible="true" version="1" lat="49.99996619194" lon="9.004318577" />
  <node id="35064" visible="true" version="1" lat="49.99996619168" lon="9.0043255537" />
  <node id="35065" visible="true" version="1" lat="49.99996619142" lon="9.0043325304" />
  <node id="35066" visible="true" version="1" lat="49.99996619115" lon="9.0043395071" />
  <node id="35067" visible="true" version="1" lat="49.99996619089" lon="9.0043464838" />
  <node id="35068" visible="true" version="1" lat="49.99996619063" lon="9.0043534605" />
  <node id="35069" visible="true" version="1" lat="49.99996619037" lon="9.0043604372" />
  <node id="35070" visible="true" version="1" lat="49.99996619011" lon="9.0043674139" />
  <node id="35071" visible="true" version="1" lat="49.99996618985" lon="9.00437439059" />
  <node id="35072" visible="true" version="1" lat="49.99996618958" lon="9.00438136729" />
  <node id="35073" visible="true" version="1" lat="49.99996618932" lon="9.00438834399" />
  <node id="35074" visible="true" version="1" lat="49.99996618905" lon="9.00439532069" />
  <node id="35075" visible="true" version="1" lat="49.99996618879" lon="9.00440229739" />
  <node id="35076" visible="true" version="1" lat="49.99996618852" lon="9.00440927409" />
  <node id="35077" visible="true" version="1" lat="49.99996618826" lon="9.00441625079" />
  <node id="35078" visible="true" version="1" lat="49.99996618799" lon="9.00442322749" />
  <node id="35079" visible="true" version="1" lat="49.99996618773" lon="9.00443020419" />
  <node id="35080" visible="true" version="1" lat="49.99996618746" lon="9.00443718089" />
  <node id="35081" visible="true" version="1" lat="49.99996618719" lon="9.00444415759" />
  <node id="35082" visible="true" version="1" lat="49.99996618693" lon="9.00445113429" />
  <node id="35083" visible="true" version="1" lat="49.99996618666" lon="9.00445811099" />
  <node id="35084" visible="true" version="1" lat="49.99996618639" lon="9.00446508769" />
  <node id="35085" visible="true" version="1" lat="49.99996618612" lon="9.00447206439" />
  <node id="35086" visible="true" version="1" lat="49.99996618585" lon="9.00447904109" />
  <node id="35087" visible="true" version="1" lat="49.99996618558" lon="9.00448601779" />
  <node id="35088" visible="true" version="1" lat="49.99996618531" lon="9.00449299449" />
  <node id="35089" visible="true" version="1" lat="49.99996618504" lon="9.00449997119" />
  <node id="35090" visible="true" version="1" lat="49.99996618477" lon="9.00450694788" />
  <node id="35091" visible="true" version="1" lat="49.9999661845" lon="9.00451392458" />
  <node id="35092" visible="true" version="1" lat="49.99996618423" lon="9.00452090128" />
  <node id="35093" visible="true" version="1" lat="49.99996618396" lon="9.00452787798" />
  <node id="35094" visible="true" version="1" lat="49.99996618368" lon="9.00453485468" />
  <node id="35095" visible="true" version="1" lat="49.99996618341" lon="9.00454183138" />
  <node id="35096" visible="true" version="1" lat="49.99996618314" lon="9.00454880808" />
  <node id="35097" visible="true" version="1" lat="49.99996618286" lon="9.00455578478" />
  <node id="35098" visible="true" version="1" lat="49.99996618259" lon="9.00456276148" />
  <node id="35099" visible="true" version="1" lat="49.99996618232" lon="9.00456973818" />
  <node id="35100" visible="true" version="1" lat="49.99996618204" lon="9.00457671488" />
  <node id="35101" visible="true" version="1" lat="49.99996618177" lon="9.00458369158" />
  <node id="35102" visible="true" version="1" lat="49.99996618149" lon="9.00459066828" />
  <node id="35103" visible="true" version="1" lat="49.99996618121" lon="9.00459764498" />
  <node id="35104" visible="true" version="1" lat="49.99996618094" lon="9.00460462168" />
  <node id="35105" visible="true" version="1" lat="49.99996618066" lon="9.00461159838" />
  <node id="35106" visible="true" version="1" lat="49.99996618038" lon="9.00461857508" />
  <node id="35107" visible="true" version="1" lat="49.9999661801" lon="9.00462555178" />
  <node id="35108" visible="true" version="1" lat="49.99996617983" lon="9.00463252848" />
  <node id="35109" visible="true" version="1" lat="49.99996617955" lon="9.00463950518" />
  <node id="35110" visible="true" version="1" lat="49.99996617927" lon="9.00464648187" />
  <node id="35111" visible="true" version="1" lat="49.99996617899" lon="9.00465345857" />
  <node id="35112" visible="true" version="1" lat="49.99996617871" lon="9.00466043527" />
  <node id="35113" visible="true" version="1" lat="49.99996617843" lon="9.00466741197" />
  <node id="35114" visible="true" version="1" lat="49.99996617815" lon="9.00467438867" />
  <node id="35115" visible="true" version="1" lat="49.99996617787" lon="9.00468136537" />
  <node id="35116" visible="true" version="1" lat="49.99996617758" lon="9.00468834207" />
  <node id="35117" visible="true" version="1" lat="49.9999661773" lon="9.00469531877" />
  <node id="35118" visible="true" version="1" lat="49.99996617702" lon="9.00470229547" />
  <node id="35119" visible="true" version="1" lat="49.99996617674" lon="9.00470927217" />
  <node id="35120" visible="true" version="1" lat="49.99996617645" lon="9.00471624887" />
  <node id="35121" visible="true" version="1" lat="49.99996617617" lon="9.00472322557" />
  <node id="35122" visible="true" version="1" lat="49.99996617589" lon="9.00473020227" />
  <node id="35123" visible="true" version="1" lat="49.9999661756" lon="9.00473717897" />
  <node id="35124" visible="true" version="1" lat="49.99996617532" lon="9.00474415567" />
  <node id="35125" visible="true" version="1" lat="49.99996617503" lon="9.00475113237" />
  <node id="35126" visible="true" version="1" lat="49.99996617474" lon="9.00475810907" />
  <node id="35127" visible="true" version="1" lat="49.99996617446" lon="9.00476508577" />
  <node id="35128" visible="true" version="1" lat="49.99996617417" lon="9.00477206247" />
  <node id="35129" visible="true" version="1" lat="49.99996617388" lon="9.00477903916" />
  <node id="35130" visible="true" version="1" lat="49.9999661736" lon="9.00478601586" />
  <node id="35131" visible="true" version="1" lat="49.99996617331" lon="9.00479299256" />
  <node id="35132" visible="true" version="1" lat="49.99996617302" lon="9.00479996926" />
  <node id="35133" visible="true" version="1" lat="49.99996617273" lon="9.00480694596" />
  <node id="35134" visible="true" version="1" lat="49.99996617244" lon="9.00481392266" />
  <node id="35135" visible="true" version="1" lat="49.99996617215" lon="9.00482089936" />
  <node id="35136" visible="true" version="1" lat="49.99996617186" lon="9.00482787606" />
  <node id="35137" visible="true" version="1" lat="49.99996617157" lon="9.00483485276" />
  <node id="35138" visible="true" version="1" lat="49.99996617128" lon="9.00484182946" />
  <node id="35139" visible="true" version="1" lat="49.99996617099" lon="9.00484880616" />
  <node id="35140" visible="true" version="1" lat="49.9999661707" lon="9.00485578286" />
  <node id="35141" visible="true" version="1" lat="49.99996617041" lon="9.00486275956" />
  <node id="35142" visible="true" version="1" lat="49.99996617011" lon="9.00486973626" />
  <node id="35143" visible="true" version="1" lat="49.99996616982" lon="9.00487671296" />
  <node id="35144" visible="true" version="1" lat="49.99996616953" lon="9.00488368966" />
  <node id="35145" visible="true" version="1" lat="49.99996616923" lon="9.00489066636" />
  <node id="35146" visible="true" version="1" lat="49.99996616894" lon="9.00489764306" />
  <node id="35147" visible="true" version="1" lat="49.99996616864" lon="9.00490461976" />
  <node id="35148" visible="true" version="1" lat="49.99996616835" lon="9.00491159646" />
  <node id="35149" visible="true" version="1" lat="49.99996616805" lon="9.00491857315" />
  <node id="35150" visible="true" version="1" lat="49.99996616776" lon="9.00492554985" />
  <node id="35151" visible="true" version="1" lat="49.99996616746" lon="9.00493252655" />
  <node id="35152" visible="true" version="1" lat="49.99996616717" lon="9.00493950325" />
  <node id="35153" visible="true" version="1" lat="49.99996616687" lon="9.00494647995" />
  <node id="35154" visible="true" version="1" lat="49.99996616657" lon="9.00495345665" />
  <node id="35155" visible="true" version="1" lat="49.99996616627" lon="9.00496043335" />
  <node id="35156" visible="true" version="1" lat="49.99996616597" lon="9.00496741005" />
  <node id="35157" visible="true" version="1" lat="49.99996616567" lon="9.00497438675" />
  <node id="35158" visible="true" version="1" lat="49.99996616538" lon="9.00498136345" />
  <node id="35159" visible="true" version="1" lat="49.99996616508" lon="9.00498834015" />
  <node id="35160" visible="true" version="1" lat="49.99996616478" lon="9.00499531685" />
  <node id="35161" visible="true" version="1" lat="49.99996616448" lon="9.00500229355" />
  <node id="35162" visible="true" version="1" lat="49.99996616417" lon="9.00500927025" />
  <node id="35163" visible="true" version="1" lat="49.99996616387" lon="9.00501624695" />
  <node id="35164" visible="true" version="1" lat="49.99996616357" lon="9.00502322365" />
  <node id="35165" visible="true" version="1" lat="49.99996616327" lon="9.00503020035" />
  <node id="35166" visible="true" version="1" lat="49.99996616297" lon="9.00503717705" />
  <node id="35167" visible="true" version="1" lat="49.99996616266" lon="9.00504415375" />
  <node id="35168" visible="true" version="1" lat="49.99996616236" lon="9.00505113044" />
  <node id="35169" visible="true" version="1" lat="49.99996616206" lon="9.00505810714" />
  <node id="35170" visible="true" version="1" lat="49.99996616175" lon="9.00506508384" />
  <node id="35171" visible="true" version="1" lat="49.99996616145" lon="9.00507206054" />
  <node id="35172" visible="true" version="1" lat="49.99996616114" lon="9.00507903724" />
  <node id="35173" visible="true" version="1" lat="49.99996616084" lon="9.00508601394" />
  <node id="35174" visible="true" version="1" lat="49.99996616053" lon="9.00509299064" />
  <node id="35175" visible="true" version="1" lat="49.99996616022" lon="9.00509996734" />
  <node id="35176" visible="true" version="1" lat="49.99996615992" lon="9.00510694404" />
  <node id="35177" visible="true" version="1" lat="49.99996615961" lon="9.00511392074" />
  <node id="35178" visible="true" version="1" lat="49.9999661593" lon="9.00512089744" />
  <node id="35179" visible="true" version="1" lat="49.99996615899" lon="9.00512787414" />
  <node id="35180" visible="true" version="1" lat="49.99996615868" lon="9.00513485084" />
  <node id="35181" visible="true" version="1" lat="49.99996615838" lon="9.00514182754" />
  <node id="35182" visible="true" version="1" lat="49.99996615807" lon="9.00514880424" />
  <node id="35183" visible="true" version="1" lat="49.99996615776" lon="9.00515578094" />
  <node id="35184" visible="true" version="1" lat="49.99996615745" lon="9.00516275764" />
  <node id="35185" visible="true" version="1" lat="49.99996615714" lon="9.00516973434" />
  <node id="35186" visible="true" version="1" lat="49.99996615682" lon="9.00517671104" />
  <node id="35187" visible="true" version="1" lat="49.99996615651" lon="9.00518368773" />
  <node id="35188" visible="true" version="1" lat="49.9999661562" lon="9.00519066443" />
  <node id="35189" visible="true" version="1" lat="49.99996615589" lon="9.00519764113" />
  <node id="35190" visible="true" version="1" lat="49.99996615558" lon="9.00520461783" />
  <node id="35191" visible="true" version="1" lat="49.99996615526" lon="9.00521159453" />
  <node id="35192" visible="true" version="1" lat="49.99996615495" lon="9.00521857123" />
  <node id="35193" visible="true" version="1" lat="49.99996615464" lon="9.00522554793" />
  <node id="35194" visible="true" version="1" lat="49.99996615432" lon="9.00523252463" />
  <node id="35195" visible="true" version="1" lat="49.99996615401" lon="9.00523950133" />
  <node id="35196" visible="true" version="1" lat="49.99996615369" lon="9.00524647803" />
  <node id="35197" visible="true" version="1" lat="49.99996615338" lon="9.00525345473" />
  <node id="35198" visible="true" version="1" lat="49.99996615306" lon="9.00526043143" />
  <node id="35199" visible="true" version="1" lat="49.99996615274" lon="9.00526740813" />
  <node id="35200" visible="true" version="1" lat="49.99996615243" lon="9.00527438483" />
  <node id="35201" visible="true" version="1" lat="49.99996615211" lon="9.00528136153" />
  <node id="35202" visible="true" version="1" lat="49.99996615179" lon="9.00528833823" />
  <node id="35203" visible="true" version="1" lat="49.99996615147" lon="9.00529531493" />
  <node id="35204" visible="true" version="1" lat="49.99996615115" lon="9.00530229163" />
  <node id="35205" visible="true" version="1" lat="49.99996615084" lon="9.00530926833" />
  <node id="35206" visible="true" version="1" lat="49.99996615052" lon="9.00531624502" />
  <node id="35207" visible="true" version="1" lat="49.9999661502" lon="9.00532322172" />
  <node id="35208" visible="true" version="1" lat="49.99996614988" lon="9.00533019842" />
  <node id="35209" visible="true" version="1" lat="49.99996614956" lon="9.00533717512" />
  <node id="35210" visible="true" version="1" lat="49.99996614923" lon="9.00534415182" />
  <node id="35211" visible="true" version="1" lat="49.99996614891" lon="9.00535112852" />
  <node id="35212" visible="true" version="1" lat="49.99996614859" lon="9.00535810522" />
  <node id="35213" visible="true" version="1" lat="49.99996614827" lon="9.00536508192" />
  <node id="35214" visible="true" version="1" lat="49.99996614795" lon="9.00537205862" />
  <node id="35215" visible="true" version="1" lat="49.99996614762" lon="9.00537903532" />
  <node id="35216" visible="true" version="1" lat="49.9999661473" lon="9.00538601202" />
  <node id="35217" visible="true" version="1" lat="49.99996614697" lon="9.00539298872" />
  <node id="35218" visible="true" version="1" lat="49.99996614665" lon="9.00539996542" />
  <node id="35219" visible="true" version="1" lat="49.99996614633" lon="9.00540694212" />
  <node id="35220" visible="true" version="1" lat="49.999966146" lon="9.00541391882" />
  <node id="35221" visible="true" version="1" lat="49.99996614567" lon="9.00542089552" />
  <node id="35222" visible="true" version="1" lat="49.99996614535" lon="9.00542787222" />
  <node id="35223" visible="true" version="1" lat="49.99996614502" lon="9.00543484892" />
  <node id="35224" visible="true" version="1" lat="49.99996614469" lon="9.00544182562" />
  <node id="35225" visible="true" version="1" lat="49.99996614437" lon="9.00544880231" />
  <node id="35226" visible="true" version="1" lat="49.99996614404" lon="9.00545577901" />
  <node id="35227" visible="true" version="1" lat="49.99996614371" lon="9.00546275571" />
  <node id="35228" visible="true" version="1" lat="49.99996614338" lon="9.00546973241" />
  <node id="35229" visible="true" version="1" lat="49.99996614305" lon="9.00547670911" />
  <node id="35230" visible="true" version="1" lat="49.99996614272" lon="9.00548368581" />
  <node id="35231" visible="true" version="1" lat="49.99996614239" lon="9.00549066251" />
  <node id="35232" visible="true" version="1" lat="49.99996614206" lon="9.00549763921" />
  <node id="35233" visible="true" version="1" lat="49.99996614173" lon="9.00550461591" />
  <node id="35234" visible="true" version="1" lat="49.9999661414" lon="9.00551159261" />
  <node id="35235" visible="true" version="1" lat="49.99996614107" lon="9.00551856931" />
  <node id="35236" visible="true" version="1" lat="49.99996614074" lon="9.00552554601" />
  <node id="35237" visible="true" version="1" lat="49.99996614041" lon="9.00553252271" />
  <node id="35238" visible="true" version="1" lat="49.99996614007" lon="9.00553949941" />
  <node id="35239" visible="true" version="1" lat="49.99996613974" lon="9.00554647611" />
  <node id="35240" visible="true" version="1" lat="49.99996613941" lon="9.00555345281" />
  <node id="35241" visible="true" version="1" lat="49.99996613907" lon="9.00556042951" />
  <node id="35242" visible="true" version="1" lat="49.99996613874" lon="9.00556740621" />
  <node id="35243" visible="true" version="1" lat="49.9999661384" lon="9.00557438291" />
  <node id="35244" visible="true" version="1" lat="49.99996613807" lon="9.0055813596" />
  <node id="35245" visible="true" version="1" lat="49.99996613773" lon="9.0055883363" />
  <node id="35246" visible="true" version="1" lat="49.99996613739" lon="9.005595313" />
  <node id="35247" visible="true" version="1" lat="49.99996613706" lon="9.0056022897" />
  <node id="35248" visible="true" version="1" lat="49.99996613672" lon="9.0056092664" />
  <node id="35249" visible="true" version="1" lat="49.99996613638" lon="9.0056162431" />
  <node id="35250" visible="true" version="1" lat="49.99996613605" lon="9.0056232198" />
  <node id="35251" visible="true" version="1" lat="49.99996613571" lon="9.0056301965" />
  <node id="35252" visible="true" version="1" lat="49.99996613537" lon="9.0056371732" />
  <node id="35253" visible="true" version="1" lat="49.99996613503" lon="9.0056441499" />
  <node id="35254" visible="true" version="1" lat="49.99996613469" lon="9.0056511266" />
  <node id="35255" visible="true" version="1" lat="49.99996613435" lon="9.0056581033" />
  <node id="35256" visible="true" version="1" lat="49.99996613401" lon="9.00566508" />
  <node id="35257" visible="true" version="1" lat="49.99996613367" lon="9.0056720567" />
  <node id="35258" visible="true" version="1" lat="49.99996613333" lon="9.0056790334" />
  <node id="35259" visible="true" version="1" lat="49.99996613299" lon="9.0056860101" />
  <node id="35260" visible="true" version="1" lat="49.99996613264" lon="9.0056929868" />
  <node id="35261" visible="true" version="1" lat="49.9999661323" lon="9.0056999635" />
  <node id="35262" visible="true" version="1" lat="49.99996613196" lon="9.0057069402" />
  <node id="35263" visible="true" version="1" lat="49.99996613162" lon="9.00571391689" />
  <node id="35264" visible="true" version="1" lat="49.99996613127" lon="9.00572089359" />
  <node id="35265" visible="true" version="1" lat="49.99996613093" lon="9.00572787029" />
  <node id="35266" visible="true" version="1" lat="49.99996613058" lon="9.00573484699" />
  <node id="35267" visible="true" version="1" lat="49.99996613024" lon="9.00574182369" />
  <node id="35268" visible="true" version="1" lat="49.99996612989" lon="9.00574880039" />
  <node id="35269" visible="true" version="1" lat="49.99996612955" lon="9.00575577709" />
  <node id="35270" visible="true" version="1" lat="49.9999661292" lon="9.00576275379" />
  <node id="35271" visible="true" version="1" lat="49.99996612885" lon="9.00576973049" />
  <node id="35272" visible="true" version="1" lat="49.99996612851" lon="9.00577670719" />
  <node id="35273" visible="true" version="1" lat="49.99996612816" lon="9.00578368389" />
  <node id="35274" visible="true" version="1" lat="49.99996612781" lon="9.00579066059" />
  <node id="35275" visible="true" version="1" lat="49.99996612746" lon="9.00579763729" />
  <node id="35276" visible="true" version="1" lat="49.99996612711" lon="9.00580461399" />
  <node id="35277" visible="true" version="1" lat="49.99996612676" lon="9.00581159069" />
  <node id="35278" visible="true" version="1" lat="49.99996612641" lon="9.00581856739" />
  <node id="35279" visible="true" version="1" lat="49.99996612606" lon="9.00582554409" />
  <node id="35280" visible="true" version="1" lat="49.99996612571" lon="9.00583252079" />
  <node id="35281" visible="true" version="1" lat="49.99996612536" lon="9.00583949749" />
  <node id="35282" visible="true" version="1" lat="49.99996612501" lon="9.00584647418" />
  <node id="35283" visible="true" version="1" lat="49.99996612466" lon="9.00585345088" />
  <node id="35284" visible="true" version="1" lat="49.99996612431" lon="9.00586042758" />
  <node id="35285" visible="true" version="1" lat="49.99996612396" lon="9.00586740428" />
  <node id="35286" visible="true" version="1" lat="49.9999661236" lon="9.00587438098" />
  <node id="35287" visible="true" version="1" lat="49.99996612325" lon="9.00588135768" />
  <node id="35288" visible="true" version="1" lat="49.9999661229" lon="9.00588833438" />
  <node id="35289" visible="true" version="1" lat="49.99996612254" lon="9.00589531108" />
  <node id="35290" visible="true" version="1" lat="49.99996612219" lon="9.00590228778" />
  <node id="35291" visible="true" version="1" lat="49.99996612183" lon="9.00590926448" />
  <node id="35292" visible="true" version="1" lat="49.99996612148" lon="9.00591624118" />
  <node id="35293" visible="true" version="1" lat="49.99996612112" lon="9.00592321788" />
  <node id="35294" visible="true" version="1" lat="49.99996612076" lon="9.00593019458" />
  <node id="35295" visible="true" version="1" lat="49.99996612041" lon="9.00593717128" />
  <node id="35296" visible="true" version="1" lat="49.99996612005" lon="9.00594414798" />
  <node id="35297" visible="true" version="1" lat="49.99996611969" lon="9.00595112468" />
  <node id="35298" visible="true" version="1" lat="49.99996611933" lon="9.00595810138" />
  <node id="35299" visible="true" version="1" lat="49.99996611898" lon="9.00596507808" />
  <node id="35300" visible="true" version="1" lat="49.99996611862" lon="9.00597205478" />
  <node id="35301" visible="true" version="1" lat="49.99996611826" lon="9.00597903147" />
  <node id="35302" visible="true" version="1" lat="49.9999661179" lon="9.00598600817" />
  <node id="35303" visible="true" version="1" lat="49.99996611754" lon="9.00599298487" />
  <node id="35304" visible="true" version="1" lat="49.99996611718" lon="9.00599996157" />
  <node id="35305" visible="true" version="1" lat="49.99996611682" lon="9.00600693827" />
  <node id="35306" visible="true" version="1" lat="49.99996611645" lon="9.00601391497" />
  <node id="35307" visible="true" version="1" lat="49.99996611609" lon="9.00602089167" />
  <node id="35308" visible="true" version="1" lat="49.99996611573" lon="9.00602786837" />
  <node id="35309" visible="true" version="1" lat="49.99996611537" lon="9.00603484507" />
  <node id="35310" visible="true" version="1" lat="49.999966115" lon="9.00604182177" />
  <node id="35311" visible="true" version="1" lat="49.99996611464" lon="9.00604879847" />
  <node id="35312" visible="true" version="1" lat="49.99996611428" lon="9.00605577517" />
  <node id="35313" visible="true" version="1" lat="49.99996611391" lon="9.00606275187" />
  <node id="35314" visible="true" version="1" lat="49.99996611355" lon="9.00606972857" />
  <node id="35315" visible="true" version="1" lat="49.99996611318" lon="9.00607670527" />
  <node id="35316" visible="true" version="1" lat="49.99996611282" lon="9.00608368197" />
  <node id="35317" visible="true" version="1" lat="49.99996611245" lon="9.00609065867" />
  <node id="35318" visible="true" version="1" lat="49.99996611209" lon="9.00609763537" />
  <node id="35319" visible="true" version="1" lat="49.99996611172" lon="9.00610461206" />
  <node id="35320" visible="true" version="1" lat="49.99996611135" lon="9.00611158876" />
  <node id="35321" visible="true" version="1" lat="49.99996611098" lon="9.00611856546" />
  <node id="35322" visible="true" version="1" lat="49.99996611062" lon="9.00612554216" />
  <node id="35323" visible="true" version="1" lat="49.99996611025" lon="9.00613251886" />
  <node id="35324" visible="true" version="1" lat="49.99996610988" lon="9.00613949556" />
  <node id="35325" visible="true" version="1" lat="49.99996610951" lon="9.00614647226" />
  <node id="35326" visible="true" version="1" lat="49.99996610914" lon="9.00615344896" />
  <node id="35327" visible="true" version="1" lat="49.99996610877" lon="9.00616042566" />
  <node id="35328" visible="true" version="1" lat="49.9999661084" lon="9.00616740236" />
  <node id="35329" visible="true" version="1" lat="49.99996610803" lon="9.00617437906" />
  <node id="35330" visible="true" version="1" lat="49.99996610766" lon="9.00618135576" />
  <node id="35331" visible="true" version="1" lat="49.99996610728" lon="9.00618833246" />
  <node id="35332" visible="true" version="1" lat="49.99996610691" lon="9.00619530916" />
  <node id="35333" visible="true" version="1" lat="49.99996610654" lon="9.00620228586" />
  <node id="35334" visible="true" version="1" lat="49.99996610617" lon="9.00620926256" />
  <node id="35335" visible="true" version="1" lat="49.99996610579" lon="9.00621623926" />
  <node id="35336" visible="true" version="1" lat="49.99996610542" lon="9.00622321596" />
  <node id="35337" visible="true" version="1" lat="49.99996610504" lon="9.00623019266" />
  <node id="35338" visible="true" version="1" lat="49.99996610467" lon="9.00623716935" />
  <node id="35339" visible="true" version="1" lat="49.99996610429" lon="9.00624414605" />
  <node id="35340" visible="true" version="1" lat="49.99996610392" lon="9.00625112275" />
  <node id="35341" visible="true" version="1" lat="49.99996610354" lon="9.00625809945" />
  <node id="35342" visible="true" version="1" lat="49.99996610317" lon="9.00626507615" />
  <node id="35343" visible="true" version="1" lat="49.99996610279" lon="9.00627205285" />
  <node id="35344" visible="true" version="1" lat="49.99996610241" lon="9.00627902955" />
  <node id="35345" visible="true" version="1" lat="49.99996610203" lon="9.00628600625" />
  <node id="35346" visible="true" version="1" lat="49.99996610166" lon="9.00629298295" />
  <node id="35347" visible="true" version="1" lat="49.99996610128" lon="9.00629995965" />
  <node id="35348" visible="true" version="1" lat="49.9999661009" lon="9.00630693635" />
  <node id="35349" visible="true" version="1" lat="49.99996610052" lon="9.00631391305" />
  <node id="35350" visible="true" version="1" lat="49.99996610014" lon="9.00632088975" />
  <node id="35351" visible="true" version="1" lat="49.99996609976" lon="9.00632786645" />
  <node id="35352" visible="true" version="1" lat="49.99996609938" lon="9.00633484315" />
  <node id="35353" visible="true" version="1" lat="49.999966099" lon="9.00634181985" />
  <node id="35354" visible="true" version="1" lat="49.99996609862" lon="9.00634879655" />
  <node id="35355" visible="true" version="1" lat="49.99996609823" lon="9.00635577325" />
  <node id="35356" visible="true" version="1" lat="49.99996609785" lon="9.00636274994" />
  <node id="35357" visible="true" version="1" lat="49.99996609747" lon="9.00636972664" />
  <node id="35358" visible="true" version="1" lat="49.99996609708" lon="9.00637670334" />
  <node id="35359" visible="true" version="1" lat="49.9999660967" lon="9.00638368004" />
  <node id="35360" visible="true" version="1" lat="49.99996609632" lon="9.00639065674" />
  <node id="35361" visible="true" version="1" lat="49.99996609593" lon="9.00639763344" />
  <node id="35362" visible="true" version="1" lat="49.99996609555" lon="9.00640461014" />
  <node id="35363" visible="true" version="1" lat="49.99996609516" lon="9.00641158684" />
  <node id="35364" visible="true" version="1" lat="49.99996609478" lon="9.00641856354" />
  <node id="35365" visible="true" version="1" lat="49.99996609439" lon="9.00642554024" />
  <node id="35366" visible="true" version="1" lat="49.999966094" lon="9.00643251694" />
  <node id="35367" visible="true" version="1" lat="49.99996609362" lon="9.00643949364" />
  <node id="35368" visible="true" version="1" lat="49.99996609323" lon="9.00644647034" />
  <node id="35369" visible="true" version="1" lat="49.99996609284" lon="9.00645344704" />
  <node id="35370" visible="true" version="1" lat="49.99996609245" lon="9.00646042374" />
  <node id="35371" visible="true" version="1" lat="49.99996609207" lon="9.00646740044" />
  <node id="35372" visible="true" version="1" lat="49.99996609168" lon="9.00647437714" />
  <node id="35373" visible="true" version="1" lat="49.99996609129" lon="9.00648135384" />
  <node id="35374" visible="true" version="1" lat="49.9999660909" lon="9.00648833053" />
  <node id="35375" visible="true" version="1" lat="49.99996609051" lon="9.00649530723" />
  <node id="35376" visible="true" version="1" lat="49.99996609012" lon="9.00650228393" />
  <node id="35377" visible="true" version="1" lat="49.99996608972" lon="9.00650926063" />
  <node id="35378" visible="true" version="1" lat="49.99996608933" lon="9.00651623733" />
  <node id="35379" visible="true" version="1" lat="49.99996608894" lon="9.00652321403" />
  <node id="35380" visible="true" version="1" lat="49.99996608855" lon="9.00653019073" />
  <node id="35381" visible="true" version="1" lat="49.99996608816" lon="9.00653716743" />
  <node id="35382" visible="true" version="1" lat="49.99996608776" lon="9.00654414413" />
  <node id="35383" visible="true" version="1" lat="49.99996608737" lon="9.00655112083" />
  <node id="35384" visible="true" version="1" lat="49.99996608697" lon="9.00655809753" />
  <node id="35385" visible="true" version="1" lat="49.99996608658" lon="9.00656507423" />
  <node id="35386" visible="true" version="1" lat="49.99996608619" lon="9.00657205093" />
  <node id="35387" visible="true" version="1" lat="49.99996608579" lon="9.00657902763" />
  <node id="35388" visible="true" version="1" lat="49.99996608539" lon="9.00658600433" />
  <node id="35389" visible="true" version="1" lat="49.999966085" lon="9.00659298103" />
  <node id="35390" visible="true" version="1" lat="49.9999660846" lon="9.00659995773" />
  <node id="35391" visible="true" version="1" lat="49.9999660842" lon="9.00660693443" />
  <node id="35392" visible="true" version="1" lat="49.99996608381" lon="9.00661391113" />
  <node id="35393" visible="true" version="1" lat="49.99996608341" lon="9.00662088782" />
  <node id="35394" visible="true" version="1" lat="49.99996608301" lon="9.00662786452" />
  <node id="35395" visible="true" version="1" lat="49.99996608261" lon="9.00663484122" />
  <node id="35396" visible="true" version="1" lat="49.99996608221" lon="9.00664181792" />
  <node id="35397" visible="true" version="1" lat="49.99996608181" lon="9.00664879462" />
  <node id="35398" visible="true" version="1" lat="49.99996608141" lon="9.00665577132" />
  <node id="35399" visible="true" version="1" lat="49.99996608101" lon="9.00666274802" />
  <node id="35400" visible="true" version="1" lat="49.99996608061" lon="9.00666972472" />
  <node id="35401" visible="true" version="1" lat="49.99996608021" lon="9.00667670142" />
  <node id="35402" visible="true" version="1" lat="49.99996607981" lon="9.00668367812" />
  <node id="35403" visible="true" version="1" lat="49.99996607941" lon="9.00669065482" />
  <node id="35404" visible="true" version="1" lat="49.999966079" lon="9.00669763152" />
  <node id="35405" visible="true" version="1" lat="49.9999660786" lon="9.00670460822" />
  <node id="35406" visible="true" version="1" lat="49.9999660782" lon="9.00671158492" />
  <node id="35407" visible="true" version="1" lat="49.99996607779" lon="9.00671856162" />
  <node id="35408" visible="true" version="1" lat="49.99996607739" lon="9.00672553832" />
  <node id="35409" visible="true" version="1" lat="49.99996607699" lon="9.00673251502" />
  <node id="35410" visible="true" version="1" lat="49.99996607658" lon="9.00673949172" />
  <node id="35411" visible="true" version="1" lat="49.99996607618" lon="9.00674646841" />
  <node id="35412" visible="true" version="1" lat="49.99996607577" lon="9.00675344511" />
  <node id="35413" visible="true" version="1" lat="49.99996607536" lon="9.00676042181" />
  <node id="35414" visible="true" version="1" lat="49.99996607496" lon="9.00676739851" />
  <node id="35415" visible="true" version="1" lat="49.99996607455" lon="9.00677437521" />
  <node id="35416" visible="true" version="1" lat="49.99996607414" lon="9.00678135191" />
  <node id="35417" visible="true" version="1" lat="49.99996607373" lon="9.00678832861" />
  <node id="35418" visible="true" version="1" lat="49.99996607333" lon="9.00679530531" />
  <node id="35419" visible="true" version="1" lat="49.99996607292" lon="9.00680228201" />
  <node id="35420" visible="true" version="1" lat="49.99996607251" lon="9.00680925871" />
  <node id="35421" visible="true" version="1" lat="49.9999660721" lon="9.00681623541" />
  <node id="35422" visible="true" version="1" lat="49.99996607169" lon="9.00682321211" />
  <node id="35423" visible="true" version="1" lat="49.99996607128" lon="9.00683018881" />
  <node id="35424" visible="true" version="1" lat="49.99996607087" lon="9.00683716551" />
  <node id="35425" visible="true" version="1" lat="49.99996607046" lon="9.00684414221" />
  <node id="35426" visible="true" version="1" lat="49.99996607004" lon="9.00685111891" />
  <node id="35427" visible="true" version="1" lat="49.99996606963" lon="9.00685809561" />
  <node id="35428" visible="true" version="1" lat="49.99996606922" lon="9.00686507231" />
  <node id="35429" visible="true" version="1" lat="49.99996606881" lon="9.006872049" />
  <node id="35430" visible="true" version="1" lat="49.99996606839" lon="9.0068790257" />
  <node id="35431" visible="true" version="1" lat="49.99996606798" lon="9.0068860024" />
  <node id="35432" visible="true" version="1" lat="49.99996606756" lon="9.0068929791" />
  <node id="35433" visible="true" version="1" lat="49.99996606715" lon="9.0068999558" />
  <node id="35434" visible="true" version="1" lat="49.99996606674" lon="9.0069069325" />
  <node id="35435" visible="true" version="1" lat="49.99996606632" lon="9.0069139092" />
  <node id="35436" visible="true" version="1" lat="49.9999660659" lon="9.0069208859" />
  <node id="35437" visible="true" version="1" lat="49.99996606549" lon="9.0069278626" />
  <node id="35438" visible="true" version="1" lat="49.99996606507" lon="9.0069348393" />
  <node id="35439" visible="true" version="1" lat="49.99996606465" lon="9.006941816" />
  <node id="35440" visible="true" version="1" lat="49.99996606424" lon="9.0069487927" />
  <node id="35441" visible="true" version="1" lat="49.99996606382" lon="9.0069557694" />
  <node id="35442" visible="true" version="1" lat="49.9999660634" lon="9.0069627461" />
  <node id="35443" visible="true" version="1" lat="49.99996606298" lon="9.0069697228" />
  <node id="35444" visible="true" version="1" lat="49.99996606256" lon="9.0069766995" />
  <node id="35446" visible="true" version="1" lat="49.99998313615" lon="9" />
  <node id="35447" visible="true" version="1" lat="49.99998313615" lon="9.0000069767" />
  <node id="35448" visible="true" version="1" lat="49.99998313615" lon="9.0000139534" />
  <node id="35449" visible="true" version="1" lat="49.99998313615" lon="9.00002093011" />
  <node id="35450" visible="true" version="1" lat="49.99998313615" lon="9.00002790681" />
  <node id="35451" visible="true" version="1" lat="49.99998313614" lon="9.00003488351" />
  <node id="35452" visible="true" version="1" lat="49.99998313614" lon="9.00004186021" />
  <node id="35453" visible="true" version="1" lat="49.99998313614" lon="9.00004883691" />
  <node id="35454" visible="true" version="1" lat="49.99998313614" lon="9.00005581362" />
  <node id="35455" visible="true" version="1" lat="49.99998313613" lon="9.00006279032" />
  <node id="35456" visible="true" version="1" lat="49.99998313613" lon="9.00006976702" />
  <node id="35457" visible="true" version="1" lat="49.99998313612" lon="9.00007674372" />
  <node id="35458" visible="true" version="1" lat="49.99998313612" lon="9.00008372042" />
  <node id="35459" visible="true" version="1" lat="49.99998313611" lon="9.00009069713" />
  <node id="35460" visible="true" version="1" lat="49.99998313611" lon="9.00009767383" />
  <node id="35461" visible="true" version="1" lat="49.9999831361" lon="9.00010465053" />
  <node id="35462" visible="true" version="1" lat="49.9999831361" lon="9.00011162723" />
  <node id="35463" visible="true" version="1" lat="49.99998313609" lon="9.00011860393" />
  <node id="35464" visible="true" version="1" lat="49.99998313608" lon="9.00012558064" />
  <node id="35465" visible="true" version="1" lat="49.99998313607" lon="9.00013255734" />
  <node id="35466" visible="true" version="1" lat="49.99998313607" lon="9.00013953404" />
  <node id="35467" visible="true" version="1" lat="49.99998313606" lon="9.00014651074" />
  <node id="35468" visible="true" version="1" lat="49.99998313605" lon="9.00015348744" />
  <node id="35469" visible="true" version="1" lat="49.99998313604" lon="9.00016046415" />
  <node id="35470" visible="true" version="1" lat="49.99998313603" lon="9.00016744085" />
  <node id="35471" visible="true" version="1" lat="49.99998313602" lon="9.00017441755" />
  <node id="35472" visible="true" version="1" lat="49.99998313601" lon="9.00018139425" />
  <node id="35473" visible="true" version="1" lat="49.999983136" lon="9.00018837095" />
  <node id="35474" visible="true" version="1" lat="49.99998313599" lon="9.00019534765" />
  <node id="35475" visible="true" version="1" lat="49.99998313597" lon="9.00020232436" />
  <node id="35476" visible="true" version="1" lat="49.99998313596" lon="9.00020930106" />
  <node id="35477" visible="true" version="1" lat="49.99998313595" lon="9.00021627776" />
  <node id="35478" visible="true" version="1" lat="49.99998313593" lon="9.00022325446" />
  <node id="35479" visible="true" version="1" lat="49.99998313592" lon="9.00023023116" />
  <node id="35480" visible="true" version="1" lat="49.99998313591" lon="9.00023720787" />
  <node id="35481" visible="true" version="1" lat="49.99998313589" lon="9.00024418457" />
  <node id="35482" visible="true" version="1" lat="49.99998313588" lon="9.00025116127" />
  <node id="35483" visible="true" version="1" lat="49.99998313586" lon="9.00025813797" />
  <node id="35484" visible="true" version="1" lat="49.99998313585" lon="9.00026511467" />
  <node id="35485" visible="true" version="1" lat="49.99998313583" lon="9.00027209138" />
  <node id="35486" visible="true" version="1" lat="49.99998313581" lon="9.00027906808" />
  <node id="35487" visible="true" version="1" lat="49.9999831358" lon="9.00028604478" />
  <node id="35488" visible="true" version="1" lat="49.99998313578" lon="9.00029302148" />
  <node id="35489" visible="true" version="1" lat="49.99998313576" lon="9.00029999818" />
  <node id="35490" visible="true" version="1" lat="49.99998313574" lon="9.00030697489" />
  <node id="35491" visible="true" version="1" lat="49.99998313572" lon="9.00031395159" />
  <node id="35492" visible="true" version="1" lat="49.99998313571" lon="9.00032092829" />
  <node id="35493" visible="true" version="1" lat="49.99998313569" lon="9.00032790499" />
  <node id="35494" visible="true" version="1" lat="49.99998313567" lon="9.00033488169" />
  <node id="35495" visible="true" version="1" lat="49.99998313565" lon="9.0003418584" />
  <node id="35496" visible="true" version="1" lat="49.99998313563" lon="9.0003488351" />
  <node id="35497" visible="true" version="1" lat="49.9999831356" lon="9.0003558118" />
  <node id="35498" visible="true" version="1" lat="49.99998313558" lon="9.0003627885" />
  <node id="35499" visible="true" version="1" lat="49.99998313556" lon="9.0003697652" />
  <node id="35500" visible="true" version="1" lat="49.99998313554" lon="9.00037674191" />
  <node id="35501" visible="true" version="1" lat="49.99998313552" lon="9.00038371861" />
  <node id="35502" visible="true" version="1" lat="49.99998313549" lon="9.00039069531" />
  <node id="35503" visible="true" version="1" lat="49.99998313547" lon="9.00039767201" />
  <node id="35504" visible="true" version="1" lat="49.99998313544" lon="9.00040464871" />
  <node id="35505" visible="true" version="1" lat="49.99998313542" lon="9.00041162542" />
  <node id="35506" visible="true" version="1" lat="49.99998313539" lon="9.00041860212" />
  <node id="35507" visible="true" version="1" lat="49.99998313537" lon="9.00042557882" />
  <node id="35508" visible="true" version="1" lat="49.99998313534" lon="9.00043255552" />
  <node id="35509" visible="true" version="1" lat="49.99998313532" lon="9.00043953222" />
  <node id="35510" visible="true" version="1" lat="49.99998313529" lon="9.00044650893" />
  <node id="35511" visible="true" version="1" lat="49.99998313526" lon="9.00045348563" />
  <node id="35512" visible="true" version="1" lat="49.99998313524" lon="9.00046046233" />
  <node id="35513" visible="true" version="1" lat="49.99998313521" lon="9.00046743903" />
  <node id="35514" visible="true" version="1" lat="49.99998313518" lon="9.00047441573" />
  <node id="35515" visible="true" version="1" lat="49.99998313515" lon="9.00048139244" />
  <node id="35516" visible="true" version="1" lat="49.99998313512" lon="9.00048836914" />
  <node id="35517" visible="true" version="1" lat="49.99998313509" lon="9.00049534584" />
  <node id="35518" visible="true" version="1" lat="49.99998313506" lon="9.00050232254" />
  <node id="35519" visible="true" version="1" lat="49.99998313503" lon="9.00050929924" />
  <node id="35520" visible="true" version="1" lat="49.999983135" lon="9.00051627595" />
  <node id="35521" visible="true" version="1" lat="49.99998313497" lon="9.00052325265" />
  <node id="35522" visible="true" version="1" lat="49.99998313494" lon="9.00053022935" />
  <node id="35523" visible="true" version="1" lat="49.99998313491" lon="9.00053720605" />
  <node id="35524" visible="true" version="1" lat="49.99998313487" lon="9.00054418275" />
  <node id="35525" visible="true" version="1" lat="49.99998313484" lon="9.00055115946" />
  <node id="35526" visible="true" version="1" lat="49.99998313481" lon="9.00055813616" />
  <node id="35527" visible="true" version="1" lat="49.99998313477" lon="9.00056511286" />
  <node id="35528" visible="true" version="1" lat="49.99998313474" lon="9.00057208956" />
  <node id="35529" visible="true" version="1" lat="49.9999831347" lon="9.00057906626" />
  <node id="35530" visible="true" version="1" lat="49.99998313467" lon="9.00058604296" />
  <node id="35531" visible="true" version="1" lat="49.99998313463" lon="9.00059301967" />
  <node id="35532" visible="true" version="1" lat="49.9999831346" lon="9.00059999637" />
  <node id="35533" visible="true" version="1" lat="49.99998313456" lon="9.00060697307" />
  <node id="35534" visible="true" version="1" lat="49.99998313453" lon="9.00061394977" />
  <node id="35535" visible="true" version="1" lat="49.99998313449" lon="9.00062092647" />
  <node id="35536" visible="true" version="1" lat="49.99998313445" lon="9.00062790318" />
  <node id="35537" visible="true" version="1" lat="49.99998313441" lon="9.00063487988" />
  <node id="35538" visible="true" version="1" lat="49.99998313437" lon="9.00064185658" />
  <node id="35539" visible="true" version="1" lat="49.99998313434" lon="9.00064883328" />
  <node id="35540" visible="true" version="1" lat="49.9999831343" lon="9.00065580998" />
  <node id="35541" visible="true" version="1" lat="49.99998313426" lon="9.00066278669" />
  <node id="35542" visible="true" version="1" lat="49.99998313422" lon="9.00066976339" />
  <node id="35543" visible="true" version="1" lat="49.99998313418" lon="9.00067674009" />
  <node id="35544" visible="true" version="1" lat="49.99998313414" lon="9.00068371679" />
  <node id="35545" visible="true" version="1" lat="49.99998313409" lon="9.00069069349" />
  <node id="35546" visible="true" version="1" lat="49.99998313405" lon="9.0006976702" />
  <node id="35547" visible="true" version="1" lat="49.99998313401" lon="9.0007046469" />
  <node id="35548" visible="true" version="1" lat="49.99998313397" lon="9.0007116236" />
  <node id="35549" visible="true" version="1" lat="49.99998313392" lon="9.0007186003" />
  <node id="35550" visible="true" version="1" lat="49.99998313388" lon="9.000725577" />
  <node id="35551" visible="true" version="1" lat="49.99998313384" lon="9.00073255371" />
  <node id="35552" visible="true" version="1" lat="49.99998313379" lon="9.00073953041" />
  <node id="35553" visible="true" version="1" lat="49.99998313375" lon="9.00074650711" />
  <node id="35554" visible="true" version="1" lat="49.9999831337" lon="9.00075348381" />
  <node id="35555" visible="true" version="1" lat="49.99998313366" lon="9.00076046051" />
  <node id="35556" visible="true" version="1" lat="49.99998313361" lon="9.00076743722" />
  <node id="35557" visible="true" version="1" lat="49.99998313357" lon="9.00077441392" />
  <node id="35558" visible="true" version="1" lat="49.99998313352" lon="9.00078139062" />
  <node id="35559" visible="true" version="1" lat="49.99998313347" lon="9.00078836732" />
  <node id="35560" visible="true" version="1" lat="49.99998313342" lon="9.00079534402" />
  <node id="35561" visible="true" version="1" lat="49.99998313338" lon="9.00080232073" />
  <node id="35562" visible="true" version="1" lat="49.99998313333" lon="9.00080929743" />
  <node id="35563" visible="true" version="1" lat="49.99998313328" lon="9.00081627413" />
  <node id="35564" visible="true" version="1" lat="49.99998313323" lon="9.00082325083" />
  <node id="35565" visible="true" version="1" lat="49.99998313318" lon="9.00083022753" />
  <node id="35566" visible="true" version="1" lat="49.99998313313" lon="9.00083720424" />
  <node id="35567" visible="true" version="1" lat="49.99998313308" lon="9.00084418094" />
  <node id="35568" visible="true" version="1" lat="49.99998313303" lon="9.00085115764" />
  <node id="35569" visible="true" version="1" lat="49.99998313298" lon="9.00085813434" />
  <node id="35570" visible="true" version="1" lat="49.99998313292" lon="9.00086511104" />
  <node id="35571" visible="true" version="1" lat="49.99998313287" lon="9.00087208775" />
  <node id="35572" visible="true" version="1" lat="49.99998313282" lon="9.00087906445" />
  <node id="35573" visible="true" version="1" lat="49.99998313277" lon="9.00088604115" />
  <node id="35574" visible="true" version="1" lat="49.99998313271" lon="9.00089301785" />
  <node id="35575" visible="true" version="1" lat="49.99998313266" lon="9.00089999455" />
  <node id="35576" visible="true" version="1" lat="49.9999831326" lon="9.00090697126" />
  <node id="35577" visible="true" version="1" lat="49.99998313255" lon="9.00091394796" />
  <node id="35578" visible="true" version="1" lat="49.9999831325" lon="9.00092092466" />
  <node id="35579" visible="true" version="1" lat="49.99998313244" lon="9.00092790136" />
  <node id="35580" visible="true" version="1" lat="49.99998313238" lon="9.00093487806" />
  <node id="35581" visible="true" version="1" lat="49.99998313233" lon="9.00094185477" />
  <node id="35582" visible="true" version="1" lat="49.99998313227" lon="9.00094883147" />
  <node id="35583" visible="true" version="1" lat="49.99998313221" lon="9.00095580817" />
  <node id="35584" visible="true" version="1" lat="49.99998313216" lon="9.00096278487" />
  <node id="35585" visible="true" version="1" lat="49.9999831321" lon="9.00096976157" />
  <node id="35586" visible="true" version="1" lat="49.99998313204" lon="9.00097673827" />
  <node id="35587" visible="true" version="1" lat="49.99998313198" lon="9.00098371498" />
  <node id="35588" visible="true" version="1" lat="49.99998313192" lon="9.00099069168" />
  <node id="35589" visible="true" version="1" lat="49.99998313186" lon="9.00099766838" />
  <node id="35590" visible="true" version="1" lat="49.9999831318" lon="9.00100464508" />
  <node id="35591" visible="true" version="1" lat="49.99998313174" lon="9.00101162178" />
  <node id="35592" visible="true" version="1" lat="49.99998313168" lon="9.00101859849" />
  <node id="35593" visible="true" version="1" lat="49.99998313162" lon="9.00102557519" />
  <node id="35594" visible="true" version="1" lat="49.99998313156" lon="9.00103255189" />
  <node id="35595" visible="true" version="1" lat="49.99998313149" lon="9.00103952859" />
  <node id="35596" visible="true" version="1" lat="49.99998313143" lon="9.00104650529" />
  <node id="35597" visible="true" version="1" lat="49.99998313137" lon="9.001053482" />
  <node id="35598" visible="true" version="1" lat="49.9999831313" lon="9.0010604587" />
  <node id="35599" visible="true" version="1" lat="49.99998313124" lon="9.0010674354" />
  <node id="35600" visible="true" version="1" lat="49.99998313118" lon="9.0010744121" />
  <node id="35601" visible="true" version="1" lat="49.99998313111" lon="9.0010813888" />
  <node id="35602" visible="true" version="1" lat="49.99998313105" lon="9.00108836551" />
  <node id="35603" visible="true" version="1" lat="49.99998313098" lon="9.00109534221" />
  <node id="35604" visible="true" version="1" lat="49.99998313091" lon="9.00110231891" />
  <node id="35605" visible="true" version="1" lat="49.99998313085" lon="9.00110929561" />
  <node id="35606" visible="true" version="1" lat="49.99998313078" lon="9.00111627231" />
  <node id="35607" visible="true" version="1" lat="49.99998313071" lon="9.00112324902" />
  <node id="35608" visible="true" version="1" lat="49.99998313065" lon="9.00113022572" />
  <node id="35609" visible="true" version="1" lat="49.99998313058" lon="9.00113720242" />
  <node id="35610" visible="true" version="1" lat="49.99998313051" lon="9.00114417912" />
  <node id="35611" visible="true" version="1" lat="49.99998313044" lon="9.00115115582" />
  <node id="35612" visible="true" version="1" lat="49.99998313037" lon="9.00115813253" />
  <node id="35613" visible="true" version="1" lat="49.9999831303" lon="9.00116510923" />
  <node id="35614" visible="true" version="1" lat="49.99998313023" lon="9.00117208593" />
  <node id="35615" visible="true" version="1" lat="49.99998313016" lon="9.00117906263" />
  <node id="35616" visible="true" version="1" lat="49.99998313009" lon="9.00118603933" />
  <node id="35617" visible="true" version="1" lat="49.99998313002" lon="9.00119301604" />
  <node id="35618" visible="true" version="1" lat="49.99998312994" lon="9.00119999274" />
  <node id="35619" visible="true" version="1" lat="49.99998312987" lon="9.00120696944" />
  <node id="35620" visible="true" version="1" lat="49.9999831298" lon="9.00121394614" />
  <node id="35621" visible="true" version="1" lat="49.99998312973" lon="9.00122092284" />
  <node id="35622" visible="true" version="1" lat="49.99998312965" lon="9.00122789955" />
  <node id="35623" visible="true" version="1" lat="49.99998312958" lon="9.00123487625" />
  <node id="35624" visible="true" version="1" lat="49.9999831295" lon="9.00124185295" />
  <node id="35625" visible="true" version="1" lat="49.99998312943" lon="9.00124882965" />
  <node id="35626" visible="true" version="1" lat="49.99998312935" lon="9.00125580635" />
  <node id="35627" visible="true" version="1" lat="49.99998312928" lon="9.00126278306" />
  <node id="35628" visible="true" version="1" lat="49.9999831292" lon="9.00126975976" />
  <node id="35629" visible="true" version="1" lat="49.99998312913" lon="9.00127673646" />
  <node id="35630" visible="true" version="1" lat="49.99998312905" lon="9.00128371316" />
  <node id="35631" visible="true" version="1" lat="49.99998312897" lon="9.00129068986" />
  <node id="35632" visible="true" version="1" lat="49.99998312889" lon="9.00129766657" />
  <node id="35633" visible="true" version="1" lat="49.99998312882" lon="9.00130464327" />
  <node id="35634" visible="true" version="1" lat="49.99998312874" lon="9.00131161997" />
  <node id="35635" visible="true" version="1" lat="49.99998312866" lon="9.00131859667" />
  <node id="35636" visible="true" version="1" lat="49.99998312858" lon="9.00132557337" />
  <node id="35637" visible="true" version="1" lat="49.9999831285" lon="9.00133255007" />
  <node id="35638" visible="true" version="1" lat="49.99998312842" lon="9.00133952678" />
  <node id="35639" visible="true" version="1" lat="49.99998312834" lon="9.00134650348" />
  <node id="35640" visible="true" version="1" lat="49.99998312826" lon="9.00135348018" />
  <node id="35641" visible="true" version="1" lat="49.99998312817" lon="9.00136045688" />
  <node id="35642" visible="true" version="1" lat="49.99998312809" lon="9.00136743358" />
  <node id="35643" visible="true" version="1" lat="49.99998312801" lon="9.00137441029" />
  <node id="35644" visible="true" version="1" lat="49.99998312793" lon="9.00138138699" />
  <node id="35645" visible="true" version="1" lat="49.99998312784" lon="9.00138836369" />
  <node id="35646" visible="true" version="1" lat="49.99998312776" lon="9.00139534039" />
  <node id="35647" visible="true" version="1" lat="49.99998312768" lon="9.00140231709" />
  <node id="35648" visible="true" version="1" lat="49.99998312759" lon="9.0014092938" />
  <node id="35649" visible="true" version="1" lat="49.99998312751" lon="9.0014162705" />
  <node id="35650" visible="true" version="1" lat="49.99998312742" lon="9.0014232472" />
  <node id="35651" visible="true" version="1" lat="49.99998312734" lon="9.0014302239" />
  <node id="35652" visible="true" version="1" lat="49.99998312725" lon="9.0014372006" />
  <node id="35653" visible="true" version="1" lat="49.99998312716" lon="9.00144417731" />
  <node id="35654" visible="true" version="1" lat="49.99998312708" lon="9.00145115401" />
  <node id="35655" visible="true" version="1" lat="49.99998312699" lon="9.00145813071" />
  <node id="35656" visible="true" version="1" lat="49.9999831269" lon="9.00146510741" />
  <node id="35657" visible="true" version="1" lat="49.99998312681" lon="9.00147208411" />
  <node id="35658" visible="true" version="1" lat="49.99998312672" lon="9.00147906082" />
  <node id="35659" visible="true" version="1" lat="49.99998312663" lon="9.00148603752" />
  <node id="35660" visible="true" version="1" lat="49.99998312654" lon="9.00149301422" />
  <node id="35661" visible="true" version="1" lat="49.99998312645" lon="9.00149999092" />
  <node id="35662" visible="true" version="1" lat="49.99998312636" lon="9.00150696762" />
  <node id="35663" visible="true" version="1" lat="49.99998312627" lon="9.00151394433" />
  <node id="35664" visible="true" version="1" lat="49.99998312618" lon="9.00152092103" />
  <node id="35665" visible="true" version="1" lat="49.99998312609" lon="9.00152789773" />
  <node id="35666" visible="true" version="1" lat="49.999983126" lon="9.00153487443" />
  <node id="35667" visible="true" version="1" lat="49.99998312591" lon="9.00154185113" />
  <node id="35668" visible="true" version="1" lat="49.99998312581" lon="9.00154882784" />
  <node id="35669" visible="true" version="1" lat="49.99998312572" lon="9.00155580454" />
  <node id="35670" visible="true" version="1" lat="49.99998312563" lon="9.00156278124" />
  <node id="35671" visible="true" version="1" lat="49.99998312553" lon="9.00156975794" />
  <node id="35672" visible="true" version="1" lat="49.99998312544" lon="9.00157673464" />
  <node id="35673" visible="true" version="1" lat="49.99998312534" lon="9.00158371135" />
  <node id="35674" visible="true" version="1" lat="49.99998312525" lon="9.00159068805" />
  <node id="35675" visible="true" version="1" lat="49.99998312515" lon="9.00159766475" />
  <node id="35676" visible="true" version="1" lat="49.99998312505" lon="9.00160464145" />
  <node id="35677" visible="true" version="1" lat="49.99998312496" lon="9.00161161815" />
  <node id="35678" visible="true" version="1" lat="49.99998312486" lon="9.00161859486" />
  <node id="35679" visible="true" version="1" lat="49.99998312476" lon="9.00162557156" />
  <node id="35680" visible="true" version="1" lat="49.99998312467" lon="9.00163254826" />
  <node id="35681" visible="true" version="1" lat="49.99998312457" lon="9.00163952496" />
  <node id="35682" visible="true" version="1" lat="49.99998312447" lon="9.00164650166" />
  <node id="35683" visible="true" version="1" lat="49.99998312437" lon="9.00165347837" />
  <node id="35684" visible="true" version="1" lat="49.99998312427" lon="9.00166045507" />
  <node id="35685" visible="true" version="1" lat="49.99998312417" lon="9.00166743177" />
  <node id="35686" visible="true" version="1" lat="49.99998312407" lon="9.00167440847" />
  <node id="35687" visible="true" version="1" lat="49.99998312397" lon="9.00168138517" />
  <node id="35688" visible="true" version="1" lat="49.99998312387" lon="9.00168836187" />
  <node id="35689" visible="true" version="1" lat="49.99998312376" lon="9.00169533858" />
  <node id="35690" visible="true" version="1" lat="49.99998312366" lon="9.00170231528" />
  <node id="35691" visible="true" version="1" lat="49.99998312356" lon="9.00170929198" />
  <node id="35692" visible="true" version="1" lat="49.99998312346" lon="9.00171626868" />
  <node id="35693" visible="true" version="1" lat="49.99998312335" lon="9.00172324538" />
  <node id="35694" visible="true" version="1" lat="49.99998312325" lon="9.00173022209" />
  <node id="35695" visible="true" version="1" lat="49.99998312315" lon="9.00173719879" />
  <node id="35696" visible="true" version="1" lat="49.99998312304" lon="9.00174417549" />
  <node id="35697" visible="true" version="1" lat="49.99998312294" lon="9.00175115219" />
  <node id="35698" visible="true" version="1" lat="49.99998312283" lon="9.00175812889" />
  <node id="35699" visible="true" version="1" lat="49.99998312272" lon="9.0017651056" />
  <node id="35700" visible="true" version="1" lat="49.99998312262" lon="9.0017720823" />
  <node id="35701" visible="true" version="1" lat="49.99998312251" lon="9.001779059" />
  <node id="35702" visible="true" version="1" lat="49.9999831224" lon="9.0017860357" />
  <node id="35703" visible="true" version="1" lat="49.9999831223" lon="9.0017930124" />
  <node id="35704" visible="true" version="1" lat="49.99998312219" lon="9.00179998911" />
  <node id="35705" visible="true" version="1" lat="49.99998312208" lon="9.00180696581" />
  <node id="35706" visible="true" version="1" lat="49.99998312197" lon="9.00181394251" />
  <node id="35707" visible="true" version="1" lat="49.99998312186" lon="9.00182091921" />
  <node id="35708" visible="true" version="1" lat="49.99998312175" lon="9.00182789591" />
  <node id="35709" visible="true" version="1" lat="49.99998312164" lon="9.00183487262" />
  <node id="35710" visible="true" version="1" lat="49.99998312153" lon="9.00184184932" />
  <node id="35711" visible="true" version="1" lat="49.99998312142" lon="9.00184882602" />
  <node id="35712" visible="true" version="1" lat="49.99998312131" lon="9.00185580272" />
  <node id="35713" visible="true" version="1" lat="49.9999831212" lon="9.00186277942" />
  <node id="35714" visible="true" version="1" lat="49.99998312109" lon="9.00186975613" />
  <node id="35715" visible="true" version="1" lat="49.99998312097" lon="9.00187673283" />
  <node id="35716" visible="true" version="1" lat="49.99998312086" lon="9.00188370953" />
  <node id="35717" visible="true" version="1" lat="49.99998312075" lon="9.00189068623" />
  <node id="35718" visible="true" version="1" lat="49.99998312063" lon="9.00189766293" />
  <node id="35719" visible="true" version="1" lat="49.99998312052" lon="9.00190463964" />
  <node id="35720" visible="true" version="1" lat="49.9999831204" lon="9.00191161634" />
  <node id="35721" visible="true" version="1" lat="49.99998312029" lon="9.00191859304" />
  <node id="35722" visible="true" version="1" lat="49.99998312017" lon="9.00192556974" />
  <node id="35723" visible="true" version="1" lat="49.99998312006" lon="9.00193254644" />
  <node id="35724" visible="true" version="1" lat="49.99998311994" lon="9.00193952315" />
  <node id="35725" visible="true" version="1" lat="49.99998311982" lon="9.00194649985" />
  <node id="35726" visible="true" version="1" lat="49.99998311971" lon="9.00195347655" />
  <node id="35727" visible="true" version="1" lat="49.99998311959" lon="9.00196045325" />
  <node id="35728" visible="true" version="1" lat="49.99998311947" lon="9.00196742995" />
  <node id="35729" visible="true" version="1" lat="49.99998311935" lon="9.00197440666" />
  <node id="35730" visible="true" version="1" lat="49.99998311923" lon="9.00198138336" />
  <node id="35731" visible="true" version="1" lat="49.99998311911" lon="9.00198836006" />
  <node id="35732" visible="true" version="1" lat="49.99998311899" lon="9.00199533676" />
  <node id="35733" visible="true" version="1" lat="49.99998311887" lon="9.00200231346" />
  <node id="35734" visible="true" version="1" lat="49.99998311875" lon="9.00200929016" />
  <node id="35735" visible="true" version="1" lat="49.99998311863" lon="9.00201626687" />
  <node id="35736" visible="true" version="1" lat="49.99998311851" lon="9.00202324357" />
  <node id="35737" visible="true" version="1" lat="49.99998311839" lon="9.00203022027" />
  <node id="35738" visible="true" version="1" lat="49.99998311827" lon="9.00203719697" />
  <node id="35739" visible="true" version="1" lat="49.99998311814" lon="9.00204417367" />
  <node id="35740" visible="true" version="1" lat="49.99998311802" lon="9.00205115038" />
  <node id="35741" visible="true" version="1" lat="49.9999831179" lon="9.00205812708" />
  <node id="35742" visible="true" version="1" lat="49.99998311777" lon="9.00206510378" />
  <node id="35743" visible="true" version="1" lat="49.99998311765" lon="9.00207208048" />
  <node id="35744" visible="true" version="1" lat="49.99998311752" lon="9.00207905718" />
  <node id="35745" visible="true" version="1" lat="49.9999831174" lon="9.00208603389" />
  <node id="35746" visible="true" version="1" lat="49.99998311727" lon="9.00209301059" />
  <node id="35747" visible="true" version="1" lat="49.99998311715" lon="9.00209998729" />
  <node id="35748" visible="true" version="1" lat="49.99998311702" lon="9.00210696399" />
  <node id="35749" visible="true" version="1" lat="49.99998311689" lon="9.00211394069" />
  <node id="35750" visible="true" version="1" lat="49.99998311677" lon="9.0021209174" />
  <node id="35751" visible="true" version="1" lat="49.99998311664" lon="9.0021278941" />
  <node id="35752" visible="true" version="1" lat="49.99998311651" lon="9.0021348708" />
  <node id="35753" visible="true" version="1" lat="49.99998311638" lon="9.0021418475" />
  <node id="35754" visible="true" version="1" lat="49.99998311625" lon="9.0021488242" />
  <node id="35755" visible="true" version="1" lat="49.99998311612" lon="9.00215580091" />
  <node id="35756" visible="true" version="1" lat="49.99998311599" lon="9.00216277761" />
  <node id="35757" visible="true" version="1" lat="49.99998311586" lon="9.00216975431" />
  <node id="35758" visible="true" version="1" lat="49.99998311573" lon="9.00217673101" />
  <node id="35759" visible="true" version="1" lat="49.9999831156" lon="9.00218370771" />
  <node id="35760" visible="true" version="1" lat="49.99998311547" lon="9.00219068442" />
  <node id="35761" visible="true" version="1" lat="49.99998311534" lon="9.00219766112" />
  <node id="35762" visible="true" version="1" lat="49.99998311521" lon="9.00220463782" />
  <node id="35763" visible="true" version="1" lat="49.99998311507" lon="9.00221161452" />
  <node id="35764" visible="true" version="1" lat="49.99998311494" lon="9.00221859122" />
  <node id="35765" visible="true" version="1" lat="49.99998311481" lon="9.00222556793" />
  <node id="35766" visible="true" version="1" lat="49.99998311467" lon="9.00223254463" />
  <node id="35767" visible="true" version="1" lat="49.99998311454" lon="9.00223952133" />
  <node id="35768" visible="true" version="1" lat="49.9999831144" lon="9.00224649803" />
  <node id="35769" visible="true" version="1" lat="49.99998311427" lon="9.00225347473" />
  <node id="35770" visible="true" version="1" lat="49.99998311413" lon="9.00226045144" />
  <node id="35771" visible="true" version="1" lat="49.999983114" lon="9.00226742814" />
  <node id="35772" visible="true" version="1" lat="49.99998311386" lon="9.00227440484" />
  <node id="35773" visible="true" version="1" lat="49.99998311372" lon="9.00228138154" />
  <node id="35774" visible="true" version="1" lat="49.99998311359" lon="9.00228835824" />
  <node id="35775" visible="true" version="1" lat="49.99998311345" lon="9.00229533495" />
  <node id="35776" visible="true" version="1" lat="49.99998311331" lon="9.00230231165" />
  <node id="35777" visible="true" version="1" lat="49.99998311317" lon="9.00230928835" />
  <node id="35778" visible="true" version="1" lat="49.99998311303" lon="9.00231626505" />
  <node id="35779" visible="true" version="1" lat="49.99998311289" lon="9.00232324175" />
  <node id="35780" visible="true" version="1" lat="49.99998311275" lon="9.00233021845" />
  <node id="35781" visible="true" version="1" lat="49.99998311261" lon="9.00233719516" />
  <node id="35782" visible="true" version="1" lat="49.99998311247" lon="9.00234417186" />
  <node id="35783" visible="true" version="1" lat="49.99998311233" lon="9.00235114856" />
  <node id="35784" visible="true" version="1" lat="49.99998311219" lon="9.00235812526" />
  <node id="35785" visible="true" version="1" lat="49.99998311205" lon="9.00236510196" />
  <node id="35786" visible="true" version="1" lat="49.9999831119" lon="9.00237207867" />
  <node id="35787" visible="true" version="1" lat="49.99998311176" lon="9.00237905537" />
  <node id="35788" visible="true" version="1" lat="49.99998311162" lon="9.00238603207" />
  <node id="35789" visible="true" version="1" lat="49.99998311147" lon="9.00239300877" />
  <node id="35790" visible="true" version="1" lat="49.99998311133" lon="9.00239998547" />
  <node id="35791" visible="true" version="1" lat="49.99998311119" lon="9.00240696218" />
  <node id="35792" visible="true" version="1" lat="49.99998311104" lon="9.00241393888" />
  <node id="35793" visible="true" version="1" lat="49.9999831109" lon="9.00242091558" />
  <node id="35794" visible="true" version="1" lat="49.99998311075" lon="9.00242789228" />
  <node id="35795" visible="true" version="1" lat="49.9999831106" lon="9.00243486898" />
  <node id="35796" visible="true" version="1" lat="49.99998311046" lon="9.00244184569" />
  <node id="35797" visible="true" version="1" lat="49.99998311031" lon="9.00244882239" />
  <node id="35798" visible="true" version="1" lat="49.99998311016" lon="9.00245579909" />
  <node id="35799" visible="true" version="1" lat="49.99998311001" lon="9.00246277579" />
  <node id="35800" visible="true" version="1" lat="49.99998310987" lon="9.00246975249" />
  <node id="35801" visible="true" version="1" lat="49.99998310972" lon="9.0024767292" />
  <node id="35802" visible="true" version="1" lat="49.99998310957" lon="9.0024837059" />
  <node id="35803" visible="true" version="1" lat="49.99998310942" lon="9.0024906826" />
  <node id="35804" visible="true" version="1" lat="49.99998310927" lon="9.0024976593" />
  <node id="35805" visible="true" version="1" lat="49.99998310912" lon="9.002504636" />
  <node id="35806" visible="true" version="1" lat="49.99998310897" lon="9.00251161271" />
  <node id="35807" visible="true" version="1" lat="49.99998310882" lon="9.00251858941" />
  <node id="35808" visible="true" version="1" lat="49.99998310866" lon="9.00252556611" />
  <node id="35809" visible="true" version="1" lat="49.99998310851" lon="9.00253254281" />
  <node id="35810" visible="true" version="1" lat="49.99998310836" lon="9.00253951951" />
  <node id="35811" visible="true" version="1" lat="49.99998310821" lon="9.00254649622" />
  <node id="35812" visible="true" version="1" lat="49.99998310805" lon="9.00255347292" />
  <node id="35813" visible="true" version="1" lat="49.9999831079" lon="9.00256044962" />
  <node id="35814" visible="true" version="1" lat="49.99998310775" lon="9.00256742632" />
  <node id="35815" visible="true" version="1" lat="49.99998310759" lon="9.00257440302" />
  <node id="35816" visible="true" version="1" lat="49.99998310744" lon="9.00258137973" />
  <node id="35817" visible="true" version="1" lat="49.99998310728" lon="9.00258835643" />
  <node id="35818" visible="true" version="1" lat="49.99998310713" lon="9.00259533313" />
  <node id="35819" visible="true" version="1" lat="49.99998310697" lon="9.00260230983" />
  <node id="35820" visible="true" version="1" lat="49.99998310681" lon="9.00260928653" />
  <node id="35821" visible="true" version="1" lat="49.99998310666" lon="9.00261626324" />
  <node id="35822" visible="true" version="1" lat="49.9999831065" lon="9.00262323994" />
  <node id="35823" visible="true" version="1" lat="49.99998310634" lon="9.00263021664" />
  <node id="35824" visible="true" version="1" lat="49.99998310618" lon="9.00263719334" />
  <node id="35825" visible="true" version="1" lat="49.99998310602" lon="9.00264417004" />
  <node id="35826" visible="true" version="1" lat="49.99998310586" lon="9.00265114674" />
  <node id="35827" visible="true" version="1" lat="49.9999831057" lon="9.00265812345" />
  <node id="35828" visible="true" version="1" lat="49.99998310554" lon="9.00266510015" />
  <node id="35829" visible="true" version="1" lat="49.99998310538" lon="9.00267207685" />
  <node id="35830" visible="true" version="1" lat="49.99998310522" lon="9.00267905355" />
  <node id="35831" visible="true" version="1" lat="49.99998310506" lon="9.00268603025" />
  <node id="35832" visible="true" version="1" lat="49.9999831049" lon="9.00269300696" />
  <node id="35833" visible="true" version="1" lat="49.99998310474" lon="9.00269998366" />
  <node id="35834" visible="true" version="1" lat="49.99998310457" lon="9.00270696036" />
  <node id="35835" visible="true" version="1" lat="49.99998310441" lon="9.00271393706" />
  <node id="35836" visible="true" version="1" lat="49.99998310425" lon="9.00272091376" />
  <node id="35837" visible="true" version="1" lat="49.99998310408" lon="9.00272789047" />
  <node id="35838" visible="true" version="1" lat="49.99998310392" lon="9.00273486717" />
  <node id="35839" visible="true" version="1" lat="49.99998310376" lon="9.00274184387" />
  <node id="35840" visible="true" version="1" lat="49.99998310359" lon="9.00274882057" />
  <node id="35841" visible="true" version="1" lat="49.99998310343" lon="9.00275579727" />
  <node id="35842" visible="true" version="1" lat="49.99998310326" lon="9.00276277398" />
  <node id="35843" visible="true" version="1" lat="49.99998310309" lon="9.00276975068" />
  <node id="35844" visible="true" version="1" lat="49.99998310293" lon="9.00277672738" />
  <node id="35845" visible="true" version="1" lat="49.99998310276" lon="9.00278370408" />
  <node id="35846" visible="true" version="1" lat="49.99998310259" lon="9.00279068078" />
  <node id="35847" visible="true" version="1" lat="49.99998310242" lon="9.00279765749" />
  <node id="35848" visible="true" version="1" lat="49.99998310226" lon="9.00280463419" />
  <node id="35849" visible="true" version="1" lat="49.99998310209" lon="9.00281161089" />
  <node id="35850" visible="true" version="1" lat="49.99998310192" lon="9.00281858759" />
  <node id="35851" visible="true" version="1" lat="49.99998310175" lon="9.00282556429" />
  <node id="35852" visible="true" version="1" lat="49.99998310158" lon="9.002832541" />
  <node id="35853" visible="true" version="1" lat="49.99998310141" lon="9.0028395177" />
  <node id="35854" visible="true" version="1" lat="49.99998310124" lon="9.0028464944" />
  <node id="35855" visible="true" version="1" lat="49.99998310106" lon="9.0028534711" />
  <node id="35856" visible="true" version="1" lat="49.99998310089" lon="9.0028604478" />
  <node id="35857" visible="true" version="1" lat="49.99998310072" lon="9.00286742451" />
  <node id="35858" visible="true" version="1" lat="49.99998310055" lon="9.00287440121" />
  <node id="35859" visible="true" version="1" lat="49.99998310037" lon="9.00288137791" />
  <node id="35860" visible="true" version="1" lat="49.9999831002" lon="9.00288835461" />
  <node id="35861" visible="true" version="1" lat="49.99998310003" lon="9.00289533131" />
  <node id="35862" visible="true" version="1" lat="49.99998309985" lon="9.00290230802" />
  <node id="35863" visible="true" version="1" lat="49.99998309968" lon="9.00290928472" />
  <node id="35864" visible="true" version="1" lat="49.9999830995" lon="9.00291626142" />
  <node id="35865" visible="true" version="1" lat="49.99998309933" lon="9.00292323812" />
  <node id="35866" visible="true" version="1" lat="49.99998309915" lon="9.00293021482" />
  <node id="35867" visible="true" version="1" lat="49.99998309898" lon="9.00293719152" />
  <node id="35868" visible="true" version="1" lat="49.9999830988" lon="9.00294416823" />
  <node id="35869" visible="true" version="1" lat="49.99998309862" lon="9.00295114493" />
  <node id="35870" visible="true" version="1" lat="49.99998309844" lon="9.00295812163" />
  <node id="35871" visible="true" version="1" lat="49.99998309827" lon="9.00296509833" />
  <node id="35872" visible="true" version="1" lat="49.99998309809" lon="9.00297207503" />
  <node id="35873" visible="true" version="1" lat="49.99998309791" lon="9.00297905174" />
  <node id="35874" visible="true" version="1" lat="49.99998309773" lon="9.00298602844" />
  <node id="35875" visible="true" version="1" lat="49.99998309755" lon="9.00299300514" />
  <node id="35876" visible="true" version="1" lat="49.99998309737" lon="9.00299998184" />
  <node id="35877" visible="true" version="1" lat="49.99998309719" lon="9.00300695854" />
  <node id="35878" visible="true" version="1" lat="49.99998309701" lon="9.00301393525" />
  <node id="35879" visible="true" version="1" lat="49.99998309683" lon="9.00302091195" />
  <node id="35880" visible="true" version="1" lat="49.99998309664" lon="9.00302788865" />
  <node id="35881" visible="true" version="1" lat="49.99998309646" lon="9.00303486535" />
  <node id="35882" visible="true" version="1" lat="49.99998309628" lon="9.00304184205" />
  <node id="35883" visible="true" version="1" lat="49.9999830961" lon="9.00304881876" />
  <node id="35884" visible="true" version="1" lat="49.99998309591" lon="9.00305579546" />
  <node id="35885" visible="true" version="1" lat="49.99998309573" lon="9.00306277216" />
  <node id="35886" visible="true" version="1" lat="49.99998309554" lon="9.00306974886" />
  <node id="35887" visible="true" version="1" lat="49.99998309536" lon="9.00307672556" />
  <node id="35888" visible="true" version="1" lat="49.99998309517" lon="9.00308370227" />
  <node id="35889" visible="true" version="1" lat="49.99998309499" lon="9.00309067897" />
  <node id="35890" visible="true" version="1" lat="49.9999830948" lon="9.00309765567" />
  <node id="35891" visible="true" version="1" lat="49.99998309462" lon="9.00310463237" />
  <node id="35892" visible="true" version="1" lat="49.99998309443" lon="9.00311160907" />
  <node id="35893" visible="true" version="1" lat="49.99998309424" lon="9.00311858578" />
  <node id="35894" visible="true" version="1" lat="49.99998309405" lon="9.00312556248" />
  <node id="35895" visible="true" version="1" lat="49.99998309387" lon="9.00313253918" />
  <node id="35896" visible="true" version="1" lat="49.99998309368" lon="9.00313951588" />
  <node id="35897" visible="true" version="1" lat="49.99998309349" lon="9.00314649258" />
  <node id="35898" visible="true" version="1" lat="49.9999830933" lon="9.00315346929" />
  <node id="35899" visible="true" version="1" lat="49.99998309311" lon="9.00316044599" />
  <node id="35900" visible="true" version="1" lat="49.99998309292" lon="9.00316742269" />
  <node id="35901" visible="true" version="1" lat="49.99998309273" lon="9.00317439939" />
  <node id="35902" visible="true" version="1" lat="49.99998309254" lon="9.00318137609" />
  <node id="35903" visible="true" version="1" lat="49.99998309235" lon="9.00318835279" />
  <node id="35904" visible="true" version="1" lat="49.99998309215" lon="9.0031953295" />
  <node id="35905" visible="true" version="1" lat="49.99998309196" lon="9.0032023062" />
  <node id="35906" visible="true" version="1" lat="49.99998309177" lon="9.0032092829" />
  <node id="35907" visible="true" version="1" lat="49.99998309158" lon="9.0032162596" />
  <node id="35908" visible="true" version="1" lat="49.99998309138" lon="9.0032232363" />
  <node id="35909" visible="true" version="1" lat="49.99998309119" lon="9.00323021301" />
  <node id="35910" visible="true" version="1" lat="49.99998309099" lon="9.00323718971" />
  <node id="35911" visible="true" version="1" lat="49.9999830908" lon="9.00324416641" />
  <node id="35912" visible="true" version="1" lat="49.9999830906" lon="9.00325114311" />
  <node id="35913" visible="true" version="1" lat="49.99998309041" lon="9.00325811981" />
  <node id="35914" visible="true" version="1" lat="49.99998309021" lon="9.00326509652" />
  <node id="35915" visible="true" version="1" lat="49.99998309002" lon="9.00327207322" />
  <node id="35916" visible="true" version="1" lat="49.99998308982" lon="9.00327904992" />
  <node id="35917" visible="true" version="1" lat="49.99998308962" lon="9.00328602662" />
  <node id="35918" visible="true" version="1" lat="49.99998308942" lon="9.00329300332" />
  <node id="35919" visible="true" version="1" lat="49.99998308923" lon="9.00329998003" />
  <node id="35920" visible="true" version="1" lat="49.99998308903" lon="9.00330695673" />
  <node id="35921" visible="true" version="1" lat="49.99998308883" lon="9.00331393343" />
  <node id="35922" visible="true" version="1" lat="49.99998308863" lon="9.00332091013" />
  <node id="35923" visible="true" version="1" lat="49.99998308843" lon="9.00332788683" />
  <node id="35924" visible="true" version="1" lat="49.99998308823" lon="9.00333486354" />
  <node id="35925" visible="true" version="1" lat="49.99998308803" lon="9.00334184024" />
  <node id="35926" visible="true" version="1" lat="49.99998308783" lon="9.00334881694" />
  <node id="35927" visible="true" version="1" lat="49.99998308762" lon="9.00335579364" />
  <node id="35928" visible="true" version="1" lat="49.99998308742" lon="9.00336277034" />
  <node id="35929" visible="true" version="1" lat="49.99998308722" lon="9.00336974705" />
  <node id="35930" visible="true" version="1" lat="49.99998308702" lon="9.00337672375" />
  <node id="35931" visible="true" version="1" lat="49.99998308681" lon="9.00338370045" />
  <node id="35932" visible="true" version="1" lat="49.99998308661" lon="9.00339067715" />
  <node id="35933" visible="true" version="1" lat="49.99998308641" lon="9.00339765385" />
  <node id="35934" visible="true" version="1" lat="49.9999830862" lon="9.00340463056" />
  <node id="35935" visible="true" version="1" lat="49.999983086" lon="9.00341160726" />
  <node id="35936" visible="true" version="1" lat="49.99998308579" lon="9.00341858396" />
  <node id="35937" visible="true" version="1" lat="49.99998308559" lon="9.00342556066" />
  <node id="35938" visible="true" version="1" lat="49.99998308538" lon="9.00343253736" />
  <node id="35939" visible="true" version="1" lat="49.99998308517" lon="9.00343951406" />
  <node id="35940" visible="true" version="1" lat="49.99998308497" lon="9.00344649077" />
  <node id="35941" visible="true" version="1" lat="49.99998308476" lon="9.00345346747" />
  <node id="35942" visible="true" version="1" lat="49.99998308455" lon="9.00346044417" />
  <node id="35943" visible="true" version="1" lat="49.99998308434" lon="9.00346742087" />
  <node id="35944" visible="true" version="1" lat="49.99998308413" lon="9.00347439757" />
  <node id="35945" visible="true" version="1" lat="49.99998308392" lon="9.00348137428" />
  <node id="35946" visible="true" version="1" lat="49.99998308372" lon="9.00348835098" />
  <node id="35947" visible="true" version="1" lat="49.99998308351" lon="9.00349532768" />
  <node id="35948" visible="true" version="1" lat="49.99998308329" lon="9.00350230438" />
  <node id="35949" visible="true" version="1" lat="49.99998308308" lon="9.00350928108" />
  <node id="35950" visible="true" version="1" lat="49.99998308287" lon="9.00351625779" />
  <node id="35951" visible="true" version="1" lat="49.99998308266" lon="9.00352323449" />
  <node id="35952" visible="true" version="1" lat="49.99998308245" lon="9.00353021119" />
  <node id="35953" visible="true" version="1" lat="49.99998308224" lon="9.00353718789" />
  <node id="35954" visible="true" version="1" lat="49.99998308202" lon="9.00354416459" />
  <node id="35955" visible="true" version="1" lat="49.99998308181" lon="9.0035511413" />
  <node id="35956" visible="true" version="1" lat="49.9999830816" lon="9.003558118" />
  <node id="35957" visible="true" version="1" lat="49.99998308138" lon="9.0035650947" />
  <node id="35958" visible="true" version="1" lat="49.99998308117" lon="9.0035720714" />
  <node id="35959" visible="true" version="1" lat="49.99998308095" lon="9.0035790481" />
  <node id="35960" visible="true" version="1" lat="49.99998308074" lon="9.00358602481" />
  <node id="35961" visible="true" version="1" lat="49.99998308052" lon="9.00359300151" />
  <node id="35962" visible="true" version="1" lat="49.99998308031" lon="9.00359997821" />
  <node id="35963" visible="true" version="1" lat="49.99998308009" lon="9.00360695491" />
  <node id="35964" visible="true" version="1" lat="49.99998307987" lon="9.00361393161" />
  <node id="35965" visible="true" version="1" lat="49.99998307965" lon="9.00362090832" />
  <node id="35966" visible="true" version="1" lat="49.99998307944" lon="9.00362788502" />
  <node id="35967" visible="true" version="1" lat="49.99998307922" lon="9.00363486172" />
  <node id="35968" visible="true" version="1" lat="49.999983079" lon="9.00364183842" />
  <node id="35969" visible="true" version="1" lat="49.99998307878" lon="9.00364881512" />
  <node id="35970" visible="true" version="1" lat="49.99998307856" lon="9.00365579183" />
  <node id="35971" visible="true" version="1" lat="49.99998307834" lon="9.00366276853" />
  <node id="35972" visible="true" version="1" lat="49.99998307812" lon="9.00366974523" />
  <node id="35973" visible="true" version="1" lat="49.9999830779" lon="9.00367672193" />
  <node id="35974" visible="true" version="1" lat="49.99998307768" lon="9.00368369863" />
  <node id="35975" visible="true" version="1" lat="49.99998307746" lon="9.00369067533" />
  <node id="35976" visible="true" version="1" lat="49.99998307723" lon="9.00369765204" />
  <node id="35977" visible="true" version="1" lat="49.99998307701" lon="9.00370462874" />
  <node id="35978" visible="true" version="1" lat="49.99998307679" lon="9.00371160544" />
  <node id="35979" visible="true" version="1" lat="49.99998307657" lon="9.00371858214" />
  <node id="35980" visible="true" version="1" lat="49.99998307634" lon="9.00372555884" />
  <node id="35981" visible="true" version="1" lat="49.99998307612" lon="9.00373253555" />
  <node id="35982" visible="true" version="1" lat="49.99998307589" lon="9.00373951225" />
  <node id="35983" visible="true" version="1" lat="49.99998307567" lon="9.00374648895" />
  <node id="35984" visible="true" version="1" lat="49.99998307544" lon="9.00375346565" />
  <node id="35985" visible="true" version="1" lat="49.99998307522" lon="9.00376044235" />
  <node id="35986" visible="true" version="1" lat="49.99998307499" lon="9.00376741906" />
  <node id="35987" visible="true" version="1" lat="49.99998307476" lon="9.00377439576" />
  <node id="35988" visible="true" version="1" lat="49.99998307454" lon="9.00378137246" />
  <node id="35989" visible="true" version="1" lat="49.99998307431" lon="9.00378834916" />
  <node id="35990" visible="true" version="1" lat="49.99998307408" lon="9.00379532586" />
  <node id="35991" visible="true" version="1" lat="49.99998307385" lon="9.00380230257" />
  <node id="35992" visible="true" version="1" lat="49.99998307362" lon="9.00380927927" />
  <node id="35993" visible="true" version="1" lat="49.99998307339" lon="9.00381625597" />
  <node id="35994" visible="true" version="1" lat="49.99998307316" lon="9.00382323267" />
  <node id="35995" visible="true" version="1" lat="49.99998307293" lon="9.00383020937" />
  <node id="35996" visible="true" version="1" lat="49.9999830727" lon="9.00383718608" />
  <node id="35997" visible="true" version="1" lat="49.99998307247" lon="9.00384416278" />
  <node id="35998" visible="true" version="1" lat="49.99998307224" lon="9.00385113948" />
  <node id="35999" visible="true" version="1" lat="49.99998307201" lon="9.00385811618" />
  <node id="36000" visible="true" version="1" lat="49.99998307178" lon="9.00386509288" />
  <node id="36001" visible="true" version="1" lat="49.99998307155" lon="9.00387206959" />
  <node id="36002" visible="true" version="1" lat="49.99998307131" lon="9.00387904629" />
  <node id="36003" visible="true" version="1" lat="49.99998307108" lon="9.00388602299" />
  <node id="36004" visible="true" version="1" lat="49.99998307084" lon="9.00389299969" />
  <node id="36005" visible="true" version="1" lat="49.99998307061" lon="9.00389997639" />
  <node id="36006" visible="true" version="1" lat="49.99998307038" lon="9.0039069531" />
  <node id="36007" visible="true" version="1" lat="49.99998307014" lon="9.0039139298" />
  <node id="36008" visible="true" version="1" lat="49.99998306991" lon="9.0039209065" />
  <node id="36009" visible="true" version="1" lat="49.99998306967" lon="9.0039278832" />
  <node id="36010" visible="true" version="1" lat="49.99998306943" lon="9.0039348599" />
  <node id="36011" visible="true" version="1" lat="49.9999830692" lon="9.0039418366" />
  <node id="36012" visible="true" version="1" lat="49.99998306896" lon="9.00394881331" />
  <node id="36013" visible="true" version="1" lat="49.99998306872" lon="9.00395579001" />
  <node id="36014" visible="true" version="1" lat="49.99998306848" lon="9.00396276671" />
  <node id="36015" visible="true" version="1" lat="49.99998306824" lon="9.00396974341" />
  <node id="36016" visible="true" version="1" lat="49.99998306801" lon="9.00397672011" />
  <node id="36017" visible="true" version="1" lat="49.99998306777" lon="9.00398369682" />
  <node id="36018" visible="true" version="1" lat="49.99998306753" lon="9.00399067352" />
  <node id="36019" visible="true" version="1" lat="49.99998306729" lon="9.00399765022" />
  <node id="36020" visible="true" version="1" lat="49.99998306705" lon="9.00400462692" />
  <node id="36021" visible="true" version="1" lat="49.9999830668" lon="9.00401160362" />
  <node id="36022" visible="true" version="1" lat="49.99998306656" lon="9.00401858033" />
  <node id="36023" visible="true" version="1" lat="49.99998306632" lon="9.00402555703" />
  <node id="36024" visible="true" version="1" lat="49.99998306608" lon="9.00403253373" />
  <node id="36025" visible="true" version="1" lat="49.99998306584" lon="9.00403951043" />
  <node id="36026" visible="true" version="1" lat="49.99998306559" lon="9.00404648713" />
  <node id="36027" visible="true" version="1" lat="49.99998306535" lon="9.00405346384" />
  <node id="36028" visible="true" version="1" lat="49.99998306511" lon="9.00406044054" />
  <node id="36029" visible="true" version="1" lat="49.99998306486" lon="9.00406741724" />
  <node id="36030" visible="true" version="1" lat="49.99998306462" lon="9.00407439394" />
  <node id="36031" visible="true" version="1" lat="49.99998306437" lon="9.00408137064" />
  <node id="36032" visible="true" version="1" lat="49.99998306413" lon="9.00408834735" />
  <node id="36033" visible="true" version="1" lat="49.99998306388" lon="9.00409532405" />
  <node id="36034" visible="true" version="1" lat="49.99998306363" lon="9.00410230075" />
  <node id="36035" visible="true" version="1" lat="49.99998306339" lon="9.00410927745" />
  <node id="36036" visible="true" version="1" lat="49.99998306314" lon="9.00411625415" />
  <node id="36037" visible="true" version="1" lat="49.99998306289" lon="9.00412323086" />
  <node id="36038" visible="true" version="1" lat="49.99998306264" lon="9.00413020756" />
  <node id="36039" visible="true" version="1" lat="49.9999830624" lon="9.00413718426" />
  <node id="36040" visible="true" version="1" lat="49.99998306215" lon="9.00414416096" />
  <node id="36041" visible="true" version="1" lat="49.9999830619" lon="9.00415113766" />
  <node id="36042" visible="true" version="1" lat="49.99998306165" lon="9.00415811436" />
  <node id="36043" visible="true" version="1" lat="49.9999830614" lon="9.00416509107" />
  <node id="36044" visible="true" version="1" lat="49.99998306115" lon="9.00417206777" />
  <node id="36045" visible="true" version="1" lat="49.9999830609" lon="9.00417904447" />
  <node id="36046" visible="true" version="1" lat="49.99998306064" lon="9.00418602117" />
  <node id="36047" visible="true" version="1" lat="49.99998306039" lon="9.00419299787" />
  <node id="36048" visible="true" version="1" lat="49.99998306014" lon="9.00419997458" />
  <node id="36049" visible="true" version="1" lat="49.99998305989" lon="9.00420695128" />
  <node id="36050" visible="true" version="1" lat="49.99998305963" lon="9.00421392798" />
  <node id="36051" visible="true" version="1" lat="49.99998305938" lon="9.00422090468" />
  <node id="36052" visible="true" version="1" lat="49.99998305913" lon="9.00422788138" />
  <node id="36053" visible="true" version="1" lat="49.99998305887" lon="9.00423485809" />
  <node id="36054" visible="true" version="1" lat="49.99998305862" lon="9.00424183479" />
  <node id="36055" visible="true" version="1" lat="49.99998305836" lon="9.00424881149" />
  <node id="36056" visible="true" version="1" lat="49.99998305811" lon="9.00425578819" />
  <node id="36057" visible="true" version="1" lat="49.99998305785" lon="9.00426276489" />
  <node id="36058" visible="true" version="1" lat="49.99998305759" lon="9.0042697416" />
  <node id="36059" visible="true" version="1" lat="49.99998305734" lon="9.0042767183" />
  <node id="36060" visible="true" version="1" lat="49.99998305708" lon="9.004283695" />
  <node id="36061" visible="true" version="1" lat="49.99998305682" lon="9.0042906717" />
  <node id="36062" visible="true" version="1" lat="49.99998305656" lon="9.0042976484" />
  <node id="36063" visible="true" version="1" lat="49.9999830563" lon="9.00430462511" />
  <node id="36064" visible="true" version="1" lat="49.99998305605" lon="9.00431160181" />
  <node id="36065" visible="true" version="1" lat="49.99998305579" lon="9.00431857851" />
  <node id="36066" visible="true" version="1" lat="49.99998305553" lon="9.00432555521" />
  <node id="36067" visible="true" version="1" lat="49.99998305527" lon="9.00433253191" />
  <node id="36068" visible="true" version="1" lat="49.99998305501" lon="9.00433950862" />
  <node id="36069" visible="true" version="1" lat="49.99998305474" lon="9.00434648532" />
  <node id="36070" visible="true" version="1" lat="49.99998305448" lon="9.00435346202" />
  <node id="36071" visible="true" version="1" lat="49.99998305422" lon="9.00436043872" />
  <node id="36072" visible="true" version="1" lat="49.99998305396" lon="9.00436741542" />
  <node id="36073" visible="true" version="1" lat="49.9999830537" lon="9.00437439212" />
  <node id="36074" visible="true" version="1" lat="49.99998305343" lon="9.00438136883" />
  <node id="36075" visible="true" version="1" lat="49.99998305317" lon="9.00438834553" />
  <node id="36076" visible="true" version="1" lat="49.9999830529" lon="9.00439532223" />
  <node id="36077" visible="true" version="1" lat="49.99998305264" lon="9.00440229893" />
  <node id="36078" visible="true" version="1" lat="49.99998305238" lon="9.00440927563" />
  <node id="36079" visible="true" version="1" lat="49.99998305211" lon="9.00441625234" />
  <node id="36080" visible="true" version="1" lat="49.99998305184" lon="9.00442322904" />
  <node id="36081" visible="true" version="1" lat="49.99998305158" lon="9.00443020574" />
  <node id="36082" visible="true" version="1" lat="49.99998305131" lon="9.00443718244" />
  <node id="36083" visible="true" version="1" lat="49.99998305104" lon="9.00444415914" />
  <node id="36084" visible="true" version="1" lat="49.99998305078" lon="9.00445113585" />
  <node id="36085" visible="true" version="1" lat="49.99998305051" lon="9.00445811255" />
  <node id="36086" visible="true" version="1" lat="49.99998305024" lon="9.00446508925" />
  <node id="36087" visible="true" version="1" lat="49.99998304997" lon="9.00447206595" />
  <node id="36088" visible="true" version="1" lat="49.9999830497" lon="9.00447904265" />
  <node id="36089" visible="true" version="1" lat="49.99998304943" lon="9.00448601936" />
  <node id="36090" visible="true" version="1" lat="49.99998304916" lon="9.00449299606" />
  <node id="36091" visible="true" version="1" lat="49.99998304889" lon="9.00449997276" />
  <node id="36092" visible="true" version="1" lat="49.99998304862" lon="9.00450694946" />
  <node id="36093" visible="true" version="1" lat="49.99998304835" lon="9.00451392616" />
  <node id="36094" visible="true" version="1" lat="49.99998304808" lon="9.00452090287" />
  <node id="36095" visible="true" version="1" lat="49.99998304781" lon="9.00452787957" />
  <node id="36096" visible="true" version="1" lat="49.99998304754" lon="9.00453485627" />
  <node id="36097" visible="true" version="1" lat="49.99998304726" lon="9.00454183297" />
  <node id="36098" visible="true" version="1" lat="49.99998304699" lon="9.00454880967" />
  <node id="36099" visible="true" version="1" lat="49.99998304672" lon="9.00455578637" />
  <node id="36100" visible="true" version="1" lat="49.99998304644" lon="9.00456276308" />
  <node id="36101" visible="true" version="1" lat="49.99998304617" lon="9.00456973978" />
  <node id="36102" visible="true" version="1" lat="49.99998304589" lon="9.00457671648" />
  <node id="36103" visible="true" version="1" lat="49.99998304562" lon="9.00458369318" />
  <node id="36104" visible="true" version="1" lat="49.99998304534" lon="9.00459066988" />
  <node id="36105" visible="true" version="1" lat="49.99998304506" lon="9.00459764659" />
  <node id="36106" visible="true" version="1" lat="49.99998304479" lon="9.00460462329" />
  <node id="36107" visible="true" version="1" lat="49.99998304451" lon="9.00461159999" />
  <node id="36108" visible="true" version="1" lat="49.99998304423" lon="9.00461857669" />
  <node id="36109" visible="true" version="1" lat="49.99998304396" lon="9.00462555339" />
  <node id="36110" visible="true" version="1" lat="49.99998304368" lon="9.0046325301" />
  <node id="36111" visible="true" version="1" lat="49.9999830434" lon="9.0046395068" />
  <node id="36112" visible="true" version="1" lat="49.99998304312" lon="9.0046464835" />
  <node id="36113" visible="true" version="1" lat="49.99998304284" lon="9.0046534602" />
  <node id="36114" visible="true" version="1" lat="49.99998304256" lon="9.0046604369" />
  <node id="36115" visible="true" version="1" lat="49.99998304228" lon="9.00466741361" />
  <node id="36116" visible="true" version="1" lat="49.999983042" lon="9.00467439031" />
  <node id="36117" visible="true" version="1" lat="49.99998304172" lon="9.00468136701" />
  <node id="36118" visible="true" version="1" lat="49.99998304144" lon="9.00468834371" />
  <node id="36119" visible="true" version="1" lat="49.99998304115" lon="9.00469532041" />
  <node id="36120" visible="true" version="1" lat="49.99998304087" lon="9.00470229712" />
  <node id="36121" visible="true" version="1" lat="49.99998304059" lon="9.00470927382" />
  <node id="36122" visible="true" version="1" lat="49.9999830403" lon="9.00471625052" />
  <node id="36123" visible="true" version="1" lat="49.99998304002" lon="9.00472322722" />
  <node id="36124" visible="true" version="1" lat="49.99998303974" lon="9.00473020392" />
  <node id="36125" visible="true" version="1" lat="49.99998303945" lon="9.00473718063" />
  <node id="36126" visible="true" version="1" lat="49.99998303917" lon="9.00474415733" />
  <node id="36127" visible="true" version="1" lat="49.99998303888" lon="9.00475113403" />
  <node id="36128" visible="true" version="1" lat="49.9999830386" lon="9.00475811073" />
  <node id="36129" visible="true" version="1" lat="49.99998303831" lon="9.00476508743" />
  <node id="36130" visible="true" version="1" lat="49.99998303802" lon="9.00477206413" />
  <node id="36131" visible="true" version="1" lat="49.99998303774" lon="9.00477904084" />
  <node id="36132" visible="true" version="1" lat="49.99998303745" lon="9.00478601754" />
  <node id="36133" visible="true" version="1" lat="49.99998303716" lon="9.00479299424" />
  <node id="36134" visible="true" version="1" lat="49.99998303687" lon="9.00479997094" />
  <node id="36135" visible="true" version="1" lat="49.99998303658" lon="9.00480694764" />
  <node id="36136" visible="true" version="1" lat="49.99998303629" lon="9.00481392435" />
  <node id="36137" visible="true" version="1" lat="49.999983036" lon="9.00482090105" />
  <node id="36138" visible="true" version="1" lat="49.99998303571" lon="9.00482787775" />
  <node id="36139" visible="true" version="1" lat="49.99998303542" lon="9.00483485445" />
  <node id="36140" visible="true" version="1" lat="49.99998303513" lon="9.00484183115" />
  <node id="36141" visible="true" version="1" lat="49.99998303484" lon="9.00484880786" />
  <node id="36142" visible="true" version="1" lat="49.99998303455" lon="9.00485578456" />
  <node id="36143" visible="true" version="1" lat="49.99998303426" lon="9.00486276126" />
  <node id="36144" visible="true" version="1" lat="49.99998303396" lon="9.00486973796" />
  <node id="36145" visible="true" version="1" lat="49.99998303367" lon="9.00487671466" />
  <node id="36146" visible="true" version="1" lat="49.99998303338" lon="9.00488369137" />
  <node id="36147" visible="true" version="1" lat="49.99998303308" lon="9.00489066807" />
  <node id="36148" visible="true" version="1" lat="49.99998303279" lon="9.00489764477" />
  <node id="36149" visible="true" version="1" lat="49.9999830325" lon="9.00490462147" />
  <node id="36150" visible="true" version="1" lat="49.9999830322" lon="9.00491159817" />
  <node id="36151" visible="true" version="1" lat="49.9999830319" lon="9.00491857488" />
  <node id="36152" visible="true" version="1" lat="49.99998303161" lon="9.00492555158" />
  <node id="36153" visible="true" version="1" lat="49.99998303131" lon="9.00493252828" />
  <node id="36154" visible="true" version="1" lat="49.99998303102" lon="9.00493950498" />
  <node id="36155" visible="true" version="1" lat="49.99998303072" lon="9.00494648168" />
  <node id="36156" visible="true" version="1" lat="49.99998303042" lon="9.00495345838" />
  <node id="36157" visible="true" version="1" lat="49.99998303012" lon="9.00496043509" />
  <node id="36158" visible="true" version="1" lat="49.99998302982" lon="9.00496741179" />
  <node id="36159" visible="true" version="1" lat="49.99998302953" lon="9.00497438849" />
  <node id="36160" visible="true" version="1" lat="49.99998302923" lon="9.00498136519" />
  <node id="36161" visible="true" version="1" lat="49.99998302893" lon="9.00498834189" />
  <node id="36162" visible="true" version="1" lat="49.99998302863" lon="9.0049953186" />
  <node id="36163" visible="true" version="1" lat="49.99998302833" lon="9.0050022953" />
  <node id="36164" visible="true" version="1" lat="49.99998302802" lon="9.005009272" />
  <node id="36165" visible="true" version="1" lat="49.99998302772" lon="9.0050162487" />
  <node id="36166" visible="true" version="1" lat="49.99998302742" lon="9.0050232254" />
  <node id="36167" visible="true" version="1" lat="49.99998302712" lon="9.00503020211" />
  <node id="36168" visible="true" version="1" lat="49.99998302682" lon="9.00503717881" />
  <node id="36169" visible="true" version="1" lat="49.99998302651" lon="9.00504415551" />
  <node id="36170" visible="true" version="1" lat="49.99998302621" lon="9.00505113221" />
  <node id="36171" visible="true" version="1" lat="49.99998302591" lon="9.00505810891" />
  <node id="36172" visible="true" version="1" lat="49.9999830256" lon="9.00506508562" />
  <node id="36173" visible="true" version="1" lat="49.9999830253" lon="9.00507206232" />
  <node id="36174" visible="true" version="1" lat="49.99998302499" lon="9.00507903902" />
  <node id="36175" visible="true" version="1" lat="49.99998302469" lon="9.00508601572" />
  <node id="36176" visible="true" version="1" lat="49.99998302438" lon="9.00509299242" />
  <node id="36177" visible="true" version="1" lat="49.99998302407" lon="9.00509996913" />
  <node id="36178" visible="true" version="1" lat="49.99998302377" lon="9.00510694583" />
  <node id="36179" visible="true" version="1" lat="49.99998302346" lon="9.00511392253" />
  <node id="36180" visible="true" version="1" lat="49.99998302315" lon="9.00512089923" />
  <node id="36181" visible="true" version="1" lat="49.99998302284" lon="9.00512787593" />
  <node id="36182" visible="true" version="1" lat="49.99998302254" lon="9.00513485263" />
  <node id="36183" visible="true" version="1" lat="49.99998302223" lon="9.00514182934" />
  <node id="36184" visible="true" version="1" lat="49.99998302192" lon="9.00514880604" />
  <node id="36185" visible="true" version="1" lat="49.99998302161" lon="9.00515578274" />
  <node id="36186" visible="true" version="1" lat="49.9999830213" lon="9.00516275944" />
  <node id="36187" visible="true" version="1" lat="49.99998302099" lon="9.00516973614" />
  <node id="36188" visible="true" version="1" lat="49.99998302068" lon="9.00517671285" />
  <node id="36189" visible="true" version="1" lat="49.99998302036" lon="9.00518368955" />
  <node id="36190" visible="true" version="1" lat="49.99998302005" lon="9.00519066625" />
  <node id="36191" visible="true" version="1" lat="49.99998301974" lon="9.00519764295" />
  <node id="36192" visible="true" version="1" lat="49.99998301943" lon="9.00520461965" />
  <node id="36193" visible="true" version="1" lat="49.99998301911" lon="9.00521159636" />
  <node id="36194" visible="true" version="1" lat="49.9999830188" lon="9.00521857306" />
  <node id="36195" visible="true" version="1" lat="49.99998301849" lon="9.00522554976" />
  <node id="36196" visible="true" version="1" lat="49.99998301817" lon="9.00523252646" />
  <node id="36197" visible="true" version="1" lat="49.99998301786" lon="9.00523950316" />
  <node id="36198" visible="true" version="1" lat="49.99998301754" lon="9.00524647987" />
  <node id="36199" visible="true" version="1" lat="49.99998301723" lon="9.00525345657" />
  <node id="36200" visible="true" version="1" lat="49.99998301691" lon="9.00526043327" />
  <node id="36201" visible="true" version="1" lat="49.99998301659" lon="9.00526740997" />
  <node id="36202" visible="true" version="1" lat="49.99998301628" lon="9.00527438667" />
  <node id="36203" visible="true" version="1" lat="49.99998301596" lon="9.00528136337" />
  <node id="36204" visible="true" version="1" lat="49.99998301564" lon="9.00528834008" />
  <node id="36205" visible="true" version="1" lat="49.99998301532" lon="9.00529531678" />
  <node id="36206" visible="true" version="1" lat="49.999983015" lon="9.00530229348" />
  <node id="36207" visible="true" version="1" lat="49.99998301469" lon="9.00530927018" />
  <node id="36208" visible="true" version="1" lat="49.99998301437" lon="9.00531624688" />
  <node id="36209" visible="true" version="1" lat="49.99998301405" lon="9.00532322359" />
  <node id="36210" visible="true" version="1" lat="49.99998301373" lon="9.00533020029" />
  <node id="36211" visible="true" version="1" lat="49.99998301341" lon="9.00533717699" />
  <node id="36212" visible="true" version="1" lat="49.99998301308" lon="9.00534415369" />
  <node id="36213" visible="true" version="1" lat="49.99998301276" lon="9.00535113039" />
  <node id="36214" visible="true" version="1" lat="49.99998301244" lon="9.0053581071" />
  <node id="36215" visible="true" version="1" lat="49.99998301212" lon="9.0053650838" />
  <node id="36216" visible="true" version="1" lat="49.9999830118" lon="9.0053720605" />
  <node id="36217" visible="true" version="1" lat="49.99998301147" lon="9.0053790372" />
  <node id="36218" visible="true" version="1" lat="49.99998301115" lon="9.0053860139" />
  <node id="36219" visible="true" version="1" lat="49.99998301083" lon="9.00539299061" />
  <node id="36220" visible="true" version="1" lat="49.9999830105" lon="9.00539996731" />
  <node id="36221" visible="true" version="1" lat="49.99998301018" lon="9.00540694401" />
  <node id="36222" visible="true" version="1" lat="49.99998300985" lon="9.00541392071" />
  <node id="36223" visible="true" version="1" lat="49.99998300952" lon="9.00542089741" />
  <node id="36224" visible="true" version="1" lat="49.9999830092" lon="9.00542787412" />
  <node id="36225" visible="true" version="1" lat="49.99998300887" lon="9.00543485082" />
  <node id="36226" visible="true" version="1" lat="49.99998300855" lon="9.00544182752" />
  <node id="36227" visible="true" version="1" lat="49.99998300822" lon="9.00544880422" />
  <node id="36228" visible="true" version="1" lat="49.99998300789" lon="9.00545578092" />
  <node id="36229" visible="true" version="1" lat="49.99998300756" lon="9.00546275762" />
  <node id="36230" visible="true" version="1" lat="49.99998300723" lon="9.00546973433" />
  <node id="36231" visible="true" version="1" lat="49.9999830069" lon="9.00547671103" />
  <node id="36232" visible="true" version="1" lat="49.99998300657" lon="9.00548368773" />
  <node id="36233" visible="true" version="1" lat="49.99998300624" lon="9.00549066443" />
  <node id="36234" visible="true" version="1" lat="49.99998300591" lon="9.00549764113" />
  <node id="36235" visible="true" version="1" lat="49.99998300558" lon="9.00550461784" />
  <node id="36236" visible="true" version="1" lat="49.99998300525" lon="9.00551159454" />
  <node id="36237" visible="true" version="1" lat="49.99998300492" lon="9.00551857124" />
  <node id="36238" visible="true" version="1" lat="49.99998300459" lon="9.00552554794" />
  <node id="36239" visible="true" version="1" lat="49.99998300426" lon="9.00553252464" />
  <node id="36240" visible="true" version="1" lat="49.99998300392" lon="9.00553950135" />
  <node id="36241" visible="true" version="1" lat="49.99998300359" lon="9.00554647805" />
  <node id="36242" visible="true" version="1" lat="49.99998300326" lon="9.00555345475" />
  <node id="36243" visible="true" version="1" lat="49.99998300292" lon="9.00556043145" />
  <node id="36244" visible="true" version="1" lat="49.99998300259" lon="9.00556740815" />
  <node id="36245" visible="true" version="1" lat="49.99998300225" lon="9.00557438486" />
  <node id="36246" visible="true" version="1" lat="49.99998300192" lon="9.00558136156" />
  <node id="36247" visible="true" version="1" lat="49.99998300158" lon="9.00558833826" />
  <node id="36248" visible="true" version="1" lat="49.99998300125" lon="9.00559531496" />
  <node id="36249" visible="true" version="1" lat="49.99998300091" lon="9.00560229166" />
  <node id="36250" visible="true" version="1" lat="49.99998300057" lon="9.00560926836" />
  <node id="36251" visible="true" version="1" lat="49.99998300023" lon="9.00561624507" />
  <node id="36252" visible="true" version="1" lat="49.9999829999" lon="9.00562322177" />
  <node id="36253" visible="true" version="1" lat="49.99998299956" lon="9.00563019847" />
  <node id="36254" visible="true" version="1" lat="49.99998299922" lon="9.00563717517" />
  <node id="36255" visible="true" version="1" lat="49.99998299888" lon="9.00564415187" />
  <node id="36256" visible="true" version="1" lat="49.99998299854" lon="9.00565112858" />
  <node id="36257" visible="true" version="1" lat="49.9999829982" lon="9.00565810528" />
  <node id="36258" visible="true" version="1" lat="49.99998299786" lon="9.00566508198" />
  <node id="36259" visible="true" version="1" lat="49.99998299752" lon="9.00567205868" />
  <node id="36260" visible="true" version="1" lat="49.99998299718" lon="9.00567903538" />
  <node id="36261" visible="true" version="1" lat="49.99998299684" lon="9.00568601209" />
  <node id="36262" visible="true" version="1" lat="49.99998299649" lon="9.00569298879" />
  <node id="36263" visible="true" version="1" lat="49.99998299615" lon="9.00569996549" />
  <node id="36264" visible="true" version="1" lat="49.99998299581" lon="9.00570694219" />
  <node id="36265" visible="true" version="1" lat="49.99998299547" lon="9.00571391889" />
  <node id="36266" visible="true" version="1" lat="49.99998299512" lon="9.0057208956" />
  <node id="36267" visible="true" version="1" lat="49.99998299478" lon="9.0057278723" />
  <node id="36268" visible="true" version="1" lat="49.99998299443" lon="9.005734849" />
  <node id="36269" visible="true" version="1" lat="49.99998299409" lon="9.0057418257" />
  <node id="36270" visible="true" version="1" lat="49.99998299374" lon="9.0057488024" />
  <node id="36271" visible="true" version="1" lat="49.9999829934" lon="9.0057557791" />
  <node id="36272" visible="true" version="1" lat="49.99998299305" lon="9.00576275581" />
  <node id="36273" visible="true" version="1" lat="49.9999829927" lon="9.00576973251" />
  <node id="36274" visible="true" version="1" lat="49.99998299236" lon="9.00577670921" />
  <node id="36275" visible="true" version="1" lat="49.99998299201" lon="9.00578368591" />
  <node id="36276" visible="true" version="1" lat="49.99998299166" lon="9.00579066261" />
  <node id="36277" visible="true" version="1" lat="49.99998299131" lon="9.00579763932" />
  <node id="36278" visible="true" version="1" lat="49.99998299096" lon="9.00580461602" />
  <node id="36279" visible="true" version="1" lat="49.99998299061" lon="9.00581159272" />
  <node id="36280" visible="true" version="1" lat="49.99998299027" lon="9.00581856942" />
  <node id="36281" visible="true" version="1" lat="49.99998298992" lon="9.00582554612" />
  <node id="36282" visible="true" version="1" lat="49.99998298956" lon="9.00583252283" />
  <node id="36283" visible="true" version="1" lat="49.99998298921" lon="9.00583949953" />
  <node id="36284" visible="true" version="1" lat="49.99998298886" lon="9.00584647623" />
  <node id="36285" visible="true" version="1" lat="49.99998298851" lon="9.00585345293" />
  <node id="36286" visible="true" version="1" lat="49.99998298816" lon="9.00586042963" />
  <node id="36287" visible="true" version="1" lat="49.99998298781" lon="9.00586740634" />
  <node id="36288" visible="true" version="1" lat="49.99998298745" lon="9.00587438304" />
  <node id="36289" visible="true" version="1" lat="49.9999829871" lon="9.00588135974" />
  <node id="36290" visible="true" version="1" lat="49.99998298675" lon="9.00588833644" />
  <node id="36291" visible="true" version="1" lat="49.99998298639" lon="9.00589531314" />
  <node id="36292" visible="true" version="1" lat="49.99998298604" lon="9.00590228984" />
  <node id="36293" visible="true" version="1" lat="49.99998298568" lon="9.00590926655" />
  <node id="36294" visible="true" version="1" lat="49.99998298533" lon="9.00591624325" />
  <node id="36295" visible="true" version="1" lat="49.99998298497" lon="9.00592321995" />
  <node id="36296" visible="true" version="1" lat="49.99998298461" lon="9.00593019665" />
  <node id="36297" visible="true" version="1" lat="49.99998298426" lon="9.00593717335" />
  <node id="36298" visible="true" version="1" lat="49.9999829839" lon="9.00594415006" />
  <node id="36299" visible="true" version="1" lat="49.99998298354" lon="9.00595112676" />
  <node id="36300" visible="true" version="1" lat="49.99998298318" lon="9.00595810346" />
  <node id="36301" visible="true" version="1" lat="49.99998298283" lon="9.00596508016" />
  <node id="36302" visible="true" version="1" lat="49.99998298247" lon="9.00597205686" />
  <node id="36303" visible="true" version="1" lat="49.99998298211" lon="9.00597903357" />
  <node id="36304" visible="true" version="1" lat="49.99998298175" lon="9.00598601027" />
  <node id="36305" visible="true" version="1" lat="49.99998298139" lon="9.00599298697" />
  <node id="36306" visible="true" version="1" lat="49.99998298103" lon="9.00599996367" />
  <node id="36307" visible="true" version="1" lat="49.99998298067" lon="9.00600694037" />
  <node id="36308" visible="true" version="1" lat="49.99998298031" lon="9.00601391708" />
  <node id="36309" visible="true" version="1" lat="49.99998297994" lon="9.00602089378" />
  <node id="36310" visible="true" version="1" lat="49.99998297958" lon="9.00602787048" />
  <node id="36311" visible="true" version="1" lat="49.99998297922" lon="9.00603484718" />
  <node id="36312" visible="true" version="1" lat="49.99998297886" lon="9.00604182388" />
  <node id="36313" visible="true" version="1" lat="49.99998297849" lon="9.00604880058" />
  <node id="36314" visible="true" version="1" lat="49.99998297813" lon="9.00605577729" />
  <node id="36315" visible="true" version="1" lat="49.99998297776" lon="9.00606275399" />
  <node id="36316" visible="true" version="1" lat="49.9999829774" lon="9.00606973069" />
  <node id="36317" visible="true" version="1" lat="49.99998297703" lon="9.00607670739" />
  <node id="36318" visible="true" version="1" lat="49.99998297667" lon="9.00608368409" />
  <node id="36319" visible="true" version="1" lat="49.9999829763" lon="9.0060906608" />
  <node id="36320" visible="true" version="1" lat="49.99998297594" lon="9.0060976375" />
  <node id="36321" visible="true" version="1" lat="49.99998297557" lon="9.0061046142" />
  <node id="36322" visible="true" version="1" lat="49.9999829752" lon="9.0061115909" />
  <node id="36323" visible="true" version="1" lat="49.99998297483" lon="9.0061185676" />
  <node id="36324" visible="true" version="1" lat="49.99998297447" lon="9.00612554431" />
  <node id="36325" visible="true" version="1" lat="49.9999829741" lon="9.00613252101" />
  <node id="36326" visible="true" version="1" lat="49.99998297373" lon="9.00613949771" />
  <node id="36327" visible="true" version="1" lat="49.99998297336" lon="9.00614647441" />
  <node id="36328" visible="true" version="1" lat="49.99998297299" lon="9.00615345111" />
  <node id="36329" visible="true" version="1" lat="49.99998297262" lon="9.00616042782" />
  <node id="36330" visible="true" version="1" lat="49.99998297225" lon="9.00616740452" />
  <node id="36331" visible="true" version="1" lat="49.99998297188" lon="9.00617438122" />
  <node id="36332" visible="true" version="1" lat="49.99998297151" lon="9.00618135792" />
  <node id="36333" visible="true" version="1" lat="49.99998297113" lon="9.00618833462" />
  <node id="36334" visible="true" version="1" lat="49.99998297076" lon="9.00619531132" />
  <node id="36335" visible="true" version="1" lat="49.99998297039" lon="9.00620228803" />
  <node id="36336" visible="true" version="1" lat="49.99998297002" lon="9.00620926473" />
  <node id="36337" visible="true" version="1" lat="49.99998296964" lon="9.00621624143" />
  <node id="36338" visible="true" version="1" lat="49.99998296927" lon="9.00622321813" />
  <node id="36339" visible="true" version="1" lat="49.99998296889" lon="9.00623019483" />
  <node id="36340" visible="true" version="1" lat="49.99998296852" lon="9.00623717154" />
  <node id="36341" visible="true" version="1" lat="49.99998296814" lon="9.00624414824" />
  <node id="36342" visible="true" version="1" lat="49.99998296777" lon="9.00625112494" />
  <node id="36343" visible="true" version="1" lat="49.99998296739" lon="9.00625810164" />
  <node id="36344" visible="true" version="1" lat="49.99998296702" lon="9.00626507834" />
  <node id="36345" visible="true" version="1" lat="49.99998296664" lon="9.00627205505" />
  <node id="36346" visible="true" version="1" lat="49.99998296626" lon="9.00627903175" />
  <node id="36347" visible="true" version="1" lat="49.99998296588" lon="9.00628600845" />
  <node id="36348" visible="true" version="1" lat="49.99998296551" lon="9.00629298515" />
  <node id="36349" visible="true" version="1" lat="49.99998296513" lon="9.00629996185" />
  <node id="36350" visible="true" version="1" lat="49.99998296475" lon="9.00630693856" />
  <node id="36351" visible="true" version="1" lat="49.99998296437" lon="9.00631391526" />
  <node id="36352" visible="true" version="1" lat="49.99998296399" lon="9.00632089196" />
  <node id="36353" visible="true" version="1" lat="49.99998296361" lon="9.00632786866" />
  <node id="36354" visible="true" version="1" lat="49.99998296323" lon="9.00633484536" />
  <node id="36355" visible="true" version="1" lat="49.99998296285" lon="9.00634182206" />
  <node id="36356" visible="true" version="1" lat="49.99998296247" lon="9.00634879877" />
  <node id="36357" visible="true" version="1" lat="49.99998296208" lon="9.00635577547" />
  <node id="36358" visible="true" version="1" lat="49.9999829617" lon="9.00636275217" />
  <node id="36359" visible="true" version="1" lat="49.99998296132" lon="9.00636972887" />
  <node id="36360" visible="true" version="1" lat="49.99998296094" lon="9.00637670557" />
  <node id="36361" visible="true" version="1" lat="49.99998296055" lon="9.00638368228" />
  <node id="36362" visible="true" version="1" lat="49.99998296017" lon="9.00639065898" />
  <node id="36363" visible="true" version="1" lat="49.99998295978" lon="9.00639763568" />
  <node id="36364" visible="true" version="1" lat="49.9999829594" lon="9.00640461238" />
  <node id="36365" visible="true" version="1" lat="49.99998295901" lon="9.00641158908" />
  <node id="36366" visible="true" version="1" lat="49.99998295863" lon="9.00641856579" />
  <node id="36367" visible="true" version="1" lat="49.99998295824" lon="9.00642554249" />
  <node id="36368" visible="true" version="1" lat="49.99998295785" lon="9.00643251919" />
  <node id="36369" visible="true" version="1" lat="49.99998295747" lon="9.00643949589" />
  <node id="36370" visible="true" version="1" lat="49.99998295708" lon="9.00644647259" />
  <node id="36371" visible="true" version="1" lat="49.99998295669" lon="9.0064534493" />
  <node id="36372" visible="true" version="1" lat="49.9999829563" lon="9.006460426" />
  <node id="36373" visible="true" version="1" lat="49.99998295592" lon="9.0064674027" />
  <node id="36374" visible="true" version="1" lat="49.99998295553" lon="9.0064743794" />
  <node id="36375" visible="true" version="1" lat="49.99998295514" lon="9.0064813561" />
  <node id="36376" visible="true" version="1" lat="49.99998295475" lon="9.0064883328" />
  <node id="36377" visible="true" version="1" lat="49.99998295436" lon="9.00649530951" />
  <node id="36378" visible="true" version="1" lat="49.99998295397" lon="9.00650228621" />
  <node id="36379" visible="true" version="1" lat="49.99998295358" lon="9.00650926291" />
  <node id="36380" visible="true" version="1" lat="49.99998295318" lon="9.00651623961" />
  <node id="36381" visible="true" version="1" lat="49.99998295279" lon="9.00652321631" />
  <node id="36382" visible="true" version="1" lat="49.9999829524" lon="9.00653019302" />
  <node id="36383" visible="true" version="1" lat="49.99998295201" lon="9.00653716972" />
  <node id="36384" visible="true" version="1" lat="49.99998295161" lon="9.00654414642" />
  <node id="36385" visible="true" version="1" lat="49.99998295122" lon="9.00655112312" />
  <node id="36386" visible="true" version="1" lat="49.99998295083" lon="9.00655809982" />
  <node id="36387" visible="true" version="1" lat="49.99998295043" lon="9.00656507653" />
  <node id="36388" visible="true" version="1" lat="49.99998295004" lon="9.00657205323" />
  <node id="36389" visible="true" version="1" lat="49.99998294964" lon="9.00657902993" />
  <node id="36390" visible="true" version="1" lat="49.99998294924" lon="9.00658600663" />
  <node id="36391" visible="true" version="1" lat="49.99998294885" lon="9.00659298333" />
  <node id="36392" visible="true" version="1" lat="49.99998294845" lon="9.00659996003" />
  <node id="36393" visible="true" version="1" lat="49.99998294805" lon="9.00660693674" />
  <node id="36394" visible="true" version="1" lat="49.99998294766" lon="9.00661391344" />
  <node id="36395" visible="true" version="1" lat="49.99998294726" lon="9.00662089014" />
  <node id="36396" visible="true" version="1" lat="49.99998294686" lon="9.00662786684" />
  <node id="36397" visible="true" version="1" lat="49.99998294646" lon="9.00663484354" />
  <node id="36398" visible="true" version="1" lat="49.99998294606" lon="9.00664182025" />
  <node id="36399" visible="true" version="1" lat="49.99998294566" lon="9.00664879695" />
  <node id="36400" visible="true" version="1" lat="49.99998294526" lon="9.00665577365" />
  <node id="36401" visible="true" version="1" lat="49.99998294486" lon="9.00666275035" />
  <node id="36402" visible="true" version="1" lat="49.99998294446" lon="9.00666972705" />
  <node id="36403" visible="true" version="1" lat="49.99998294406" lon="9.00667670376" />
  <node id="36404" visible="true" version="1" lat="49.99998294366" lon="9.00668368046" />
  <node id="36405" visible="true" version="1" lat="49.99998294326" lon="9.00669065716" />
  <node id="36406" visible="true" version="1" lat="49.99998294286" lon="9.00669763386" />
  <node id="36407" visible="true" version="1" lat="49.99998294245" lon="9.00670461056" />
  <node id="36408" visible="true" version="1" lat="49.99998294205" lon="9.00671158727" />
  <node id="36409" visible="true" version="1" lat="49.99998294165" lon="9.00671856397" />
  <node id="36410" visible="true" version="1" lat="49.99998294124" lon="9.00672554067" />
  <node id="36411" visible="true" version="1" lat="49.99998294084" lon="9.00673251737" />
  <node id="36412" visible="true" version="1" lat="49.99998294043" lon="9.00673949407" />
  <node id="36413" visible="true" version="1" lat="49.99998294003" lon="9.00674647077" />
  <node id="36414" visible="true" version="1" lat="49.99998293962" lon="9.00675344748" />
  <node id="36415" visible="true" version="1" lat="49.99998293921" lon="9.00676042418" />
  <node id="36416" visible="true" version="1" lat="49.99998293881" lon="9.00676740088" />
  <node id="36417" visible="true" version="1" lat="49.9999829384" lon="9.00677437758" />
  <node id="36418" visible="true" version="1" lat="49.99998293799" lon="9.00678135428" />
  <node id="36419" visible="true" version="1" lat="49.99998293758" lon="9.00678833099" />
  <node id="36420" visible="true" version="1" lat="49.99998293718" lon="9.00679530769" />
  <node id="36421" visible="true" version="1" lat="49.99998293677" lon="9.00680228439" />
  <node id="36422" visible="true" version="1" lat="49.99998293636" lon="9.00680926109" />
  <node id="36423" visible="true" version="1" lat="49.99998293595" lon="9.00681623779" />
  <node id="36424" visible="true" version="1" lat="49.99998293554" lon="9.0068232145" />
  <node id="36425" visible="true" version="1" lat="49.99998293513" lon="9.0068301912" />
  <node id="36426" visible="true" version="1" lat="49.99998293472" lon="9.0068371679" />
  <node id="36427" visible="true" version="1" lat="49.99998293431" lon="9.0068441446" />
  <node id="36428" visible="true" version="1" lat="49.99998293389" lon="9.0068511213" />
  <node id="36429" visible="true" version="1" lat="49.99998293348" lon="9.006858098" />
  <node id="36430" visible="true" version="1" lat="49.99998293307" lon="9.00686507471" />
  <node id="36431" visible="true" version="1" lat="49.99998293266" lon="9.00687205141" />
  <node id="36432" visible="true" version="1" lat="49.99998293224" lon="9.00687902811" />
  <node id="36433" visible="true" version="1" lat="49.99998293183" lon="9.00688600481" />
  <node id="36434" visible="true" version="1" lat="49.99998293142" lon="9.00689298151" />
  <node id="36435" visible="true" version="1" lat="49.999982931" lon="9.00689995822" />
  <node id="36436" visible="true" version="1" lat="49.99998293059" lon="9.00690693492" />
  <node id="36437" visible="true" version="1" lat="49.99998293017" lon="9.00691391162" />
  <node id="36438" visible="true" version="1" lat="49.99998292975" lon="9.00692088832" />
  <node id="36439" visible="true" version="1" lat="49.99998292934" lon="9.00692786502" />
  <node id="36440" visible="true" version="1" lat="49.99998292892" lon="9.00693484173" />
  <node id="36441" visible="true" version="1" lat="49.9999829285" lon="9.00694181843" />
  <node id="36442" visible="true" version="1" lat="49.99998292809" lon="9.00694879513" />
  <node id="36443" visible="true" version="1" lat="49.99998292767" lon="9.00695577183" />
  <node id="36444" visible="true" version="1" lat="49.99998292725" lon="9.00696274853" />
  <node id="36445" visible="true" version="1" lat="49.99998292683" lon="9.00696972523" />
  <node id="36446" visible="true" version="1" lat="49.99998292641" lon="9.00697670194" />
  <node id="36448" visible="true" version="1" lat="50" lon="9" />
  <node id="36449" visible="true" version="1" lat="50" lon="9.0000069767" />
  <node id="36450" visible="true" version="1" lat="50" lon="9.00001395341" />
  <node id="36451" visible="true" version="1" lat="50" lon="9.00002093011" />
  <node id="36452" visible="true" version="1" lat="50" lon="9.00002790682" />
  <node id="36453" visible="true" version="1" lat="49.99999999999" lon="9.00003488352" />
  <node id="36454" visible="true" version="1" lat="49.99999999999" lon="9.00004186023" />
  <node id="36455" visible="true" version="1" lat="49.99999999999" lon="9.00004883693" />
  <node id="36456" visible="true" version="1" lat="49.99999999999" lon="9.00005581364" />
  <node id="36457" visible="true" version="1" lat="49.99999999998" lon="9.00006279034" />
  <node id="36458" visible="true" version="1" lat="49.99999999998" lon="9.00006976704" />
  <node id="36459" visible="true" version="1" lat="49.99999999997" lon="9.00007674375" />
  <node id="36460" visible="true" version="1" lat="49.99999999997" lon="9.00008372045" />
  <node id="36461" visible="true" version="1" lat="49.99999999996" lon="9.00009069716" />
  <node id="36462" visible="true" version="1" lat="49.99999999996" lon="9.00009767386" />
  <node id="36463" visible="true" version="1" lat="49.99999999995" lon="9.00010465057" />
  <node id="36464" visible="true" version="1" lat="49.99999999995" lon="9.00011162727" />
  <node id="36465" visible="true" version="1" lat="49.99999999994" lon="9.00011860397" />
  <node id="36466" visible="true" version="1" lat="49.99999999993" lon="9.00012558068" />
  <node id="36467" visible="true" version="1" lat="49.99999999992" lon="9.00013255738" />
  <node id="36468" visible="true" version="1" lat="49.99999999992" lon="9.00013953409" />
  <node id="36469" visible="true" version="1" lat="49.99999999991" lon="9.00014651079" />
  <node id="36470" visible="true" version="1" lat="49.9999999999" lon="9.0001534875" />
  <node id="36471" visible="true" version="1" lat="49.99999999989" lon="9.0001604642" />
  <node id="36472" visible="true" version="1" lat="49.99999999988" lon="9.00016744091" />
  <node id="36473" visible="true" version="1" lat="49.99999999987" lon="9.00017441761" />
  <node id="36474" visible="true" version="1" lat="49.99999999986" lon="9.00018139431" />
  <node id="36475" visible="true" version="1" lat="49.99999999985" lon="9.00018837102" />
  <node id="36476" visible="true" version="1" lat="49.99999999984" lon="9.00019534772" />
  <node id="36477" visible="true" version="1" lat="49.99999999982" lon="9.00020232443" />
  <node id="36478" visible="true" version="1" lat="49.99999999981" lon="9.00020930113" />
  <node id="36479" visible="true" version="1" lat="49.9999999998" lon="9.00021627784" />
  <node id="36480" visible="true" version="1" lat="49.99999999979" lon="9.00022325454" />
  <node id="36481" visible="true" version="1" lat="49.99999999977" lon="9.00023023125" />
  <node id="36482" visible="true" version="1" lat="49.99999999976" lon="9.00023720795" />
  <node id="36483" visible="true" version="1" lat="49.99999999974" lon="9.00024418465" />
  <node id="36484" visible="true" version="1" lat="49.99999999973" lon="9.00025116136" />
  <node id="36485" visible="true" version="1" lat="49.99999999971" lon="9.00025813806" />
  <node id="36486" visible="true" version="1" lat="49.9999999997" lon="9.00026511477" />
  <node id="36487" visible="true" version="1" lat="49.99999999968" lon="9.00027209147" />
  <node id="36488" visible="true" version="1" lat="49.99999999966" lon="9.00027906818" />
  <node id="36489" visible="true" version="1" lat="49.99999999965" lon="9.00028604488" />
  <node id="36490" visible="true" version="1" lat="49.99999999963" lon="9.00029302158" />
  <node id="36491" visible="true" version="1" lat="49.99999999961" lon="9.00029999829" />
  <node id="36492" visible="true" version="1" lat="49.99999999959" lon="9.00030697499" />
  <node id="36493" visible="true" version="1" lat="49.99999999958" lon="9.0003139517" />
  <node id="36494" visible="true" version="1" lat="49.99999999956" lon="9.0003209284" />
  <node id="36495" visible="true" version="1" lat="49.99999999954" lon="9.00032790511" />
  <node id="36496" visible="true" version="1" lat="49.99999999952" lon="9.00033488181" />
  <node id="36497" visible="true" version="1" lat="49.9999999995" lon="9.00034185852" />
  <node id="36498" visible="true" version="1" lat="49.99999999948" lon="9.00034883522" />
  <node id="36499" visible="true" version="1" lat="49.99999999945" lon="9.00035581192" />
  <node id="36500" visible="true" version="1" lat="49.99999999943" lon="9.00036278863" />
  <node id="36501" visible="true" version="1" lat="49.99999999941" lon="9.00036976533" />
  <node id="36502" visible="true" version="1" lat="49.99999999939" lon="9.00037674204" />
  <node id="36503" visible="true" version="1" lat="49.99999999937" lon="9.00038371874" />
  <node id="36504" visible="true" version="1" lat="49.99999999934" lon="9.00039069545" />
  <node id="36505" visible="true" version="1" lat="49.99999999932" lon="9.00039767215" />
  <node id="36506" visible="true" version="1" lat="49.99999999929" lon="9.00040464886" />
  <node id="36507" visible="true" version="1" lat="49.99999999927" lon="9.00041162556" />
  <node id="36508" visible="true" version="1" lat="49.99999999924" lon="9.00041860226" />
  <node id="36509" visible="true" version="1" lat="49.99999999922" lon="9.00042557897" />
  <node id="36510" visible="true" version="1" lat="49.99999999919" lon="9.00043255567" />
  <node id="36511" visible="true" version="1" lat="49.99999999917" lon="9.00043953238" />
  <node id="36512" visible="true" version="1" lat="49.99999999914" lon="9.00044650908" />
  <node id="36513" visible="true" version="1" lat="49.99999999911" lon="9.00045348579" />
  <node id="36514" visible="true" version="1" lat="49.99999999909" lon="9.00046046249" />
  <node id="36515" visible="true" version="1" lat="49.99999999906" lon="9.0004674392" />
  <node id="36516" visible="true" version="1" lat="49.99999999903" lon="9.0004744159" />
  <node id="36517" visible="true" version="1" lat="49.999999999" lon="9.0004813926" />
  <node id="36518" visible="true" version="1" lat="49.99999999897" lon="9.00048836931" />
  <node id="36519" visible="true" version="1" lat="49.99999999894" lon="9.00049534601" />
  <node id="36520" visible="true" version="1" lat="49.99999999891" lon="9.00050232272" />
  <node id="36521" visible="true" version="1" lat="49.99999999888" lon="9.00050929942" />
  <node id="36522" visible="true" version="1" lat="49.99999999885" lon="9.00051627613" />
  <node id="36523" visible="true" version="1" lat="49.99999999882" lon="9.00052325283" />
  <node id="36524" visible="true" version="1" lat="49.99999999879" lon="9.00053022953" />
  <node id="36525" visible="true" version="1" lat="49.99999999876" lon="9.00053720624" />
  <node id="36526" visible="true" version="1" lat="49.99999999872" lon="9.00054418294" />
  <node id="36527" visible="true" version="1" lat="49.99999999869" lon="9.00055115965" />
  <node id="36528" visible="true" version="1" lat="49.99999999866" lon="9.00055813635" />
  <node id="36529" visible="true" version="1" lat="49.99999999862" lon="9.00056511306" />
  <node id="36530" visible="true" version="1" lat="49.99999999859" lon="9.00057208976" />
  <node id="36531" visible="true" version="1" lat="49.99999999856" lon="9.00057906647" />
  <node id="36532" visible="true" version="1" lat="49.99999999852" lon="9.00058604317" />
  <node id="36533" visible="true" version="1" lat="49.99999999848" lon="9.00059301987" />
  <node id="36534" visible="true" version="1" lat="49.99999999845" lon="9.00059999658" />
  <node id="36535" visible="true" version="1" lat="49.99999999841" lon="9.00060697328" />
  <node id="36536" visible="true" version="1" lat="49.99999999838" lon="9.00061394999" />
  <node id="36537" visible="true" version="1" lat="49.99999999834" lon="9.00062092669" />
  <node id="36538" visible="true" version="1" lat="49.9999999983" lon="9.0006279034" />
  <node id="36539" visible="true" version="1" lat="49.99999999826" lon="9.0006348801" />
  <node id="36540" visible="true" version="1" lat="49.99999999822" lon="9.00064185681" />
  <node id="36541" visible="true" version="1" lat="49.99999999819" lon="9.00064883351" />
  <node id="36542" visible="true" version="1" lat="49.99999999815" lon="9.00065581021" />
  <node id="36543" visible="true" version="1" lat="49.99999999811" lon="9.00066278692" />
  <node id="36544" visible="true" version="1" lat="49.99999999807" lon="9.00066976362" />
  <node id="36545" visible="true" version="1" lat="49.99999999803" lon="9.00067674033" />
  <node id="36546" visible="true" version="1" lat="49.99999999799" lon="9.00068371703" />
  <node id="36547" visible="true" version="1" lat="49.99999999794" lon="9.00069069374" />
  <node id="36548" visible="true" version="1" lat="49.9999999979" lon="9.00069767044" />
  <node id="36549" visible="true" version="1" lat="49.99999999786" lon="9.00070464714" />
  <node id="36550" visible="true" version="1" lat="49.99999999782" lon="9.00071162385" />
  <node id="36551" visible="true" version="1" lat="49.99999999777" lon="9.00071860055" />
  <node id="36552" visible="true" version="1" lat="49.99999999773" lon="9.00072557726" />
  <node id="36553" visible="true" version="1" lat="49.99999999769" lon="9.00073255396" />
  <node id="36554" visible="true" version="1" lat="49.99999999764" lon="9.00073953067" />
  <node id="36555" visible="true" version="1" lat="49.9999999976" lon="9.00074650737" />
  <node id="36556" visible="true" version="1" lat="49.99999999755" lon="9.00075348408" />
  <node id="36557" visible="true" version="1" lat="49.99999999751" lon="9.00076046078" />
  <node id="36558" visible="true" version="1" lat="49.99999999746" lon="9.00076743748" />
  <node id="36559" visible="true" version="1" lat="49.99999999742" lon="9.00077441419" />
  <node id="36560" visible="true" version="1" lat="49.99999999737" lon="9.00078139089" />
  <node id="36561" visible="true" version="1" lat="49.99999999732" lon="9.0007883676" />
  <node id="36562" visible="true" version="1" lat="49.99999999727" lon="9.0007953443" />
  <node id="36563" visible="true" version="1" lat="49.99999999723" lon="9.00080232101" />
  <node id="36564" visible="true" version="1" lat="49.99999999718" lon="9.00080929771" />
  <node id="36565" visible="true" version="1" lat="49.99999999713" lon="9.00081627442" />
  <node id="36566" visible="true" version="1" lat="49.99999999708" lon="9.00082325112" />
  <node id="36567" visible="true" version="1" lat="49.99999999703" lon="9.00083022782" />
  <node id="36568" visible="true" version="1" lat="49.99999999698" lon="9.00083720453" />
  <node id="36569" visible="true" version="1" lat="49.99999999693" lon="9.00084418123" />
  <node id="36570" visible="true" version="1" lat="49.99999999688" lon="9.00085115794" />
  <node id="36571" visible="true" version="1" lat="49.99999999683" lon="9.00085813464" />
  <node id="36572" visible="true" version="1" lat="49.99999999678" lon="9.00086511135" />
  <node id="36573" visible="true" version="1" lat="49.99999999672" lon="9.00087208805" />
  <node id="36574" visible="true" version="1" lat="49.99999999667" lon="9.00087906475" />
  <node id="36575" visible="true" version="1" lat="49.99999999662" lon="9.00088604146" />
  <node id="36576" visible="true" version="1" lat="49.99999999656" lon="9.00089301816" />
  <node id="36577" visible="true" version="1" lat="49.99999999651" lon="9.00089999487" />
  <node id="36578" visible="true" version="1" lat="49.99999999646" lon="9.00090697157" />
  <node id="36579" visible="true" version="1" lat="49.9999999964" lon="9.00091394828" />
  <node id="36580" visible="true" version="1" lat="49.99999999635" lon="9.00092092498" />
  <node id="36581" visible="true" version="1" lat="49.99999999629" lon="9.00092790169" />
  <node id="36582" visible="true" version="1" lat="49.99999999623" lon="9.00093487839" />
  <node id="36583" visible="true" version="1" lat="49.99999999618" lon="9.00094185509" />
  <node id="36584" visible="true" version="1" lat="49.99999999612" lon="9.0009488318" />
  <node id="36585" visible="true" version="1" lat="49.99999999606" lon="9.0009558085" />
  <node id="36586" visible="true" version="1" lat="49.99999999601" lon="9.00096278521" />
  <node id="36587" visible="true" version="1" lat="49.99999999595" lon="9.00096976191" />
  <node id="36588" visible="true" version="1" lat="49.99999999589" lon="9.00097673862" />
  <node id="36589" visible="true" version="1" lat="49.99999999583" lon="9.00098371532" />
  <node id="36590" visible="true" version="1" lat="49.99999999577" lon="9.00099069203" />
  <node id="36591" visible="true" version="1" lat="49.99999999571" lon="9.00099766873" />
  <node id="36592" visible="true" version="1" lat="49.99999999565" lon="9.00100464543" />
  <node id="36593" visible="true" version="1" lat="49.99999999559" lon="9.00101162214" />
  <node id="36594" visible="true" version="1" lat="49.99999999553" lon="9.00101859884" />
  <node id="36595" visible="true" version="1" lat="49.99999999547" lon="9.00102557555" />
  <node id="36596" visible="true" version="1" lat="49.99999999541" lon="9.00103255225" />
  <node id="36597" visible="true" version="1" lat="49.99999999534" lon="9.00103952896" />
  <node id="36598" visible="true" version="1" lat="49.99999999528" lon="9.00104650566" />
  <node id="36599" visible="true" version="1" lat="49.99999999522" lon="9.00105348236" />
  <node id="36600" visible="true" version="1" lat="49.99999999515" lon="9.00106045907" />
  <node id="36601" visible="true" version="1" lat="49.99999999509" lon="9.00106743577" />
  <node id="36602" visible="true" version="1" lat="49.99999999503" lon="9.00107441248" />
  <node id="36603" visible="true" version="1" lat="49.99999999496" lon="9.00108138918" />
  <node id="36604" visible="true" version="1" lat="49.9999999949" lon="9.00108836589" />
  <node id="36605" visible="true" version="1" lat="49.99999999483" lon="9.00109534259" />
  <node id="36606" visible="true" version="1" lat="49.99999999476" lon="9.0011023193" />
  <node id="36607" visible="true" version="1" lat="49.9999999947" lon="9.001109296" />
  <node id="36608" visible="true" version="1" lat="49.99999999463" lon="9.0011162727" />
  <node id="36609" visible="true" version="1" lat="49.99999999456" lon="9.00112324941" />
  <node id="36610" visible="true" version="1" lat="49.9999999945" lon="9.00113022611" />
  <node id="36611" visible="true" version="1" lat="49.99999999443" lon="9.00113720282" />
  <node id="36612" visible="true" version="1" lat="49.99999999436" lon="9.00114417952" />
  <node id="36613" visible="true" version="1" lat="49.99999999429" lon="9.00115115623" />
  <node id="36614" visible="true" version="1" lat="49.99999999422" lon="9.00115813293" />
  <node id="36615" visible="true" version="1" lat="49.99999999415" lon="9.00116510964" />
  <node id="36616" visible="true" version="1" lat="49.99999999408" lon="9.00117208634" />
  <node id="36617" visible="true" version="1" lat="49.99999999401" lon="9.00117906304" />
  <node id="36618" visible="true" version="1" lat="49.99999999394" lon="9.00118603975" />
  <node id="36619" visible="true" version="1" lat="49.99999999387" lon="9.00119301645" />
  <node id="36620" visible="true" version="1" lat="49.9999999938" lon="9.00119999316" />
  <node id="36621" visible="true" version="1" lat="49.99999999372" lon="9.00120696986" />
  <node id="36622" visible="true" version="1" lat="49.99999999365" lon="9.00121394657" />
  <node id="36623" visible="true" version="1" lat="49.99999999358" lon="9.00122092327" />
  <node id="36624" visible="true" version="1" lat="49.9999999935" lon="9.00122789998" />
  <node id="36625" visible="true" version="1" lat="49.99999999343" lon="9.00123487668" />
  <node id="36626" visible="true" version="1" lat="49.99999999335" lon="9.00124185338" />
  <node id="36627" visible="true" version="1" lat="49.99999999328" lon="9.00124883009" />
  <node id="36628" visible="true" version="1" lat="49.9999999932" lon="9.00125580679" />
  <node id="36629" visible="true" version="1" lat="49.99999999313" lon="9.0012627835" />
  <node id="36630" visible="true" version="1" lat="49.99999999305" lon="9.0012697602" />
  <node id="36631" visible="true" version="1" lat="49.99999999298" lon="9.00127673691" />
  <node id="36632" visible="true" version="1" lat="49.9999999929" lon="9.00128371361" />
  <node id="36633" visible="true" version="1" lat="49.99999999282" lon="9.00129069031" />
  <node id="36634" visible="true" version="1" lat="49.99999999274" lon="9.00129766702" />
  <node id="36635" visible="true" version="1" lat="49.99999999267" lon="9.00130464372" />
  <node id="36636" visible="true" version="1" lat="49.99999999259" lon="9.00131162043" />
  <node id="36637" visible="true" version="1" lat="49.99999999251" lon="9.00131859713" />
  <node id="36638" visible="true" version="1" lat="49.99999999243" lon="9.00132557384" />
  <node id="36639" visible="true" version="1" lat="49.99999999235" lon="9.00133255054" />
  <node id="36640" visible="true" version="1" lat="49.99999999227" lon="9.00133952725" />
  <node id="36641" visible="true" version="1" lat="49.99999999219" lon="9.00134650395" />
  <node id="36642" visible="true" version="1" lat="49.99999999211" lon="9.00135348065" />
  <node id="36643" visible="true" version="1" lat="49.99999999202" lon="9.00136045736" />
  <node id="36644" visible="true" version="1" lat="49.99999999194" lon="9.00136743406" />
  <node id="36645" visible="true" version="1" lat="49.99999999186" lon="9.00137441077" />
  <node id="36646" visible="true" version="1" lat="49.99999999178" lon="9.00138138747" />
  <node id="36647" visible="true" version="1" lat="49.99999999169" lon="9.00138836418" />
  <node id="36648" visible="true" version="1" lat="49.99999999161" lon="9.00139534088" />
  <node id="36649" visible="true" version="1" lat="49.99999999153" lon="9.00140231759" />
  <node id="36650" visible="true" version="1" lat="49.99999999144" lon="9.00140929429" />
  <node id="36651" visible="true" version="1" lat="49.99999999136" lon="9.00141627099" />
  <node id="36652" visible="true" version="1" lat="49.99999999127" lon="9.0014232477" />
  <node id="36653" visible="true" version="1" lat="49.99999999119" lon="9.0014302244" />
  <node id="36654" visible="true" version="1" lat="49.9999999911" lon="9.00143720111" />
  <node id="36655" visible="true" version="1" lat="49.99999999101" lon="9.00144417781" />
  <node id="36656" visible="true" version="1" lat="49.99999999093" lon="9.00145115452" />
  <node id="36657" visible="true" version="1" lat="49.99999999084" lon="9.00145813122" />
  <node id="36658" visible="true" version="1" lat="49.99999999075" lon="9.00146510792" />
  <node id="36659" visible="true" version="1" lat="49.99999999066" lon="9.00147208463" />
  <node id="36660" visible="true" version="1" lat="49.99999999057" lon="9.00147906133" />
  <node id="36661" visible="true" version="1" lat="49.99999999048" lon="9.00148603804" />
  <node id="36662" visible="true" version="1" lat="49.99999999039" lon="9.00149301474" />
  <node id="36663" visible="true" version="1" lat="49.9999999903" lon="9.00149999145" />
  <node id="36664" visible="true" version="1" lat="49.99999999021" lon="9.00150696815" />
  <node id="36665" visible="true" version="1" lat="49.99999999012" lon="9.00151394486" />
  <node id="36666" visible="true" version="1" lat="49.99999999003" lon="9.00152092156" />
  <node id="36667" visible="true" version="1" lat="49.99999998994" lon="9.00152789826" />
  <node id="36668" visible="true" version="1" lat="49.99999998985" lon="9.00153487497" />
  <node id="36669" visible="true" version="1" lat="49.99999998976" lon="9.00154185167" />
  <node id="36670" visible="true" version="1" lat="49.99999998966" lon="9.00154882838" />
  <node id="36671" visible="true" version="1" lat="49.99999998957" lon="9.00155580508" />
  <node id="36672" visible="true" version="1" lat="49.99999998948" lon="9.00156278179" />
  <node id="36673" visible="true" version="1" lat="49.99999998938" lon="9.00156975849" />
  <node id="36674" visible="true" version="1" lat="49.99999998929" lon="9.0015767352" />
  <node id="36675" visible="true" version="1" lat="49.99999998919" lon="9.0015837119" />
  <node id="36676" visible="true" version="1" lat="49.9999999891" lon="9.0015906886" />
  <node id="36677" visible="true" version="1" lat="49.999999989" lon="9.00159766531" />
  <node id="36678" visible="true" version="1" lat="49.9999999889" lon="9.00160464201" />
  <node id="36679" visible="true" version="1" lat="49.99999998881" lon="9.00161161872" />
  <node id="36680" visible="true" version="1" lat="49.99999998871" lon="9.00161859542" />
  <node id="36681" visible="true" version="1" lat="49.99999998861" lon="9.00162557213" />
  <node id="36682" visible="true" version="1" lat="49.99999998852" lon="9.00163254883" />
  <node id="36683" visible="true" version="1" lat="49.99999998842" lon="9.00163952553" />
  <node id="36684" visible="true" version="1" lat="49.99999998832" lon="9.00164650224" />
  <node id="36685" visible="true" version="1" lat="49.99999998822" lon="9.00165347894" />
  <node id="36686" visible="true" version="1" lat="49.99999998812" lon="9.00166045565" />
  <node id="36687" visible="true" version="1" lat="49.99999998802" lon="9.00166743235" />
  <node id="36688" visible="true" version="1" lat="49.99999998792" lon="9.00167440906" />
  <node id="36689" visible="true" version="1" lat="49.99999998782" lon="9.00168138576" />
  <node id="36690" visible="true" version="1" lat="49.99999998772" lon="9.00168836247" />
  <node id="36691" visible="true" version="1" lat="49.99999998762" lon="9.00169533917" />
  <node id="36692" visible="true" version="1" lat="49.99999998751" lon="9.00170231587" />
  <node id="36693" visible="true" version="1" lat="49.99999998741" lon="9.00170929258" />
  <node id="36694" visible="true" version="1" lat="49.99999998731" lon="9.00171626928" />
  <node id="36695" visible="true" version="1" lat="49.9999999872" lon="9.00172324599" />
  <node id="36696" visible="true" version="1" lat="49.9999999871" lon="9.00173022269" />
  <node id="36697" visible="true" version="1" lat="49.999999987" lon="9.0017371994" />
  <node id="36698" visible="true" version="1" lat="49.99999998689" lon="9.0017441761" />
  <node id="36699" visible="true" version="1" lat="49.99999998679" lon="9.00175115281" />
  <node id="36700" visible="true" version="1" lat="49.99999998668" lon="9.00175812951" />
  <node id="36701" visible="true" version="1" lat="49.99999998657" lon="9.00176510621" />
  <node id="36702" visible="true" version="1" lat="49.99999998647" lon="9.00177208292" />
  <node id="36703" visible="true" version="1" lat="49.99999998636" lon="9.00177905962" />
  <node id="36704" visible="true" version="1" lat="49.99999998625" lon="9.00178603633" />
  <node id="36705" visible="true" version="1" lat="49.99999998615" lon="9.00179301303" />
  <node id="36706" visible="true" version="1" lat="49.99999998604" lon="9.00179998974" />
  <node id="36707" visible="true" version="1" lat="49.99999998593" lon="9.00180696644" />
  <node id="36708" visible="true" version="1" lat="49.99999998582" lon="9.00181394314" />
  <node id="36709" visible="true" version="1" lat="49.99999998571" lon="9.00182091985" />
  <node id="36710" visible="true" version="1" lat="49.9999999856" lon="9.00182789655" />
  <node id="36711" visible="true" version="1" lat="49.99999998549" lon="9.00183487326" />
  <node id="36712" visible="true" version="1" lat="49.99999998538" lon="9.00184184996" />
  <node id="36713" visible="true" version="1" lat="49.99999998527" lon="9.00184882667" />
  <node id="36714" visible="true" version="1" lat="49.99999998516" lon="9.00185580337" />
  <node id="36715" visible="true" version="1" lat="49.99999998505" lon="9.00186278008" />
  <node id="36716" visible="true" version="1" lat="49.99999998494" lon="9.00186975678" />
  <node id="36717" visible="true" version="1" lat="49.99999998482" lon="9.00187673348" />
  <node id="36718" visible="true" version="1" lat="49.99999998471" lon="9.00188371019" />
  <node id="36719" visible="true" version="1" lat="49.9999999846" lon="9.00189068689" />
  <node id="36720" visible="true" version="1" lat="49.99999998448" lon="9.0018976636" />
  <node id="36721" visible="true" version="1" lat="49.99999998437" lon="9.0019046403" />
  <node id="36722" visible="true" version="1" lat="49.99999998425" lon="9.00191161701" />
  <node id="36723" visible="true" version="1" lat="49.99999998414" lon="9.00191859371" />
  <node id="36724" visible="true" version="1" lat="49.99999998402" lon="9.00192557042" />
  <node id="36725" visible="true" version="1" lat="49.99999998391" lon="9.00193254712" />
  <node id="36726" visible="true" version="1" lat="49.99999998379" lon="9.00193952382" />
  <node id="36727" visible="true" version="1" lat="49.99999998367" lon="9.00194650053" />
  <node id="36728" visible="true" version="1" lat="49.99999998356" lon="9.00195347723" />
  <node id="36729" visible="true" version="1" lat="49.99999998344" lon="9.00196045394" />
  <node id="36730" visible="true" version="1" lat="49.99999998332" lon="9.00196743064" />
  <node id="36731" visible="true" version="1" lat="49.9999999832" lon="9.00197440735" />
  <node id="36732" visible="true" version="1" lat="49.99999998308" lon="9.00198138405" />
  <node id="36733" visible="true" version="1" lat="49.99999998296" lon="9.00198836075" />
  <node id="36734" visible="true" version="1" lat="49.99999998284" lon="9.00199533746" />
  <node id="36735" visible="true" version="1" lat="49.99999998272" lon="9.00200231416" />
  <node id="36736" visible="true" version="1" lat="49.9999999826" lon="9.00200929087" />
  <node id="36737" visible="true" version="1" lat="49.99999998248" lon="9.00201626757" />
  <node id="36738" visible="true" version="1" lat="49.99999998236" lon="9.00202324428" />
  <node id="36739" visible="true" version="1" lat="49.99999998224" lon="9.00203022098" />
  <node id="36740" visible="true" version="1" lat="49.99999998212" lon="9.00203719769" />
  <node id="36741" visible="true" version="1" lat="49.99999998199" lon="9.00204417439" />
  <node id="36742" visible="true" version="1" lat="49.99999998187" lon="9.00205115109" />
  <node id="36743" visible="true" version="1" lat="49.99999998175" lon="9.0020581278" />
  <node id="36744" visible="true" version="1" lat="49.99999998162" lon="9.0020651045" />
  <node id="36745" visible="true" version="1" lat="49.9999999815" lon="9.00207208121" />
  <node id="36746" visible="true" version="1" lat="49.99999998137" lon="9.00207905791" />
  <node id="36747" visible="true" version="1" lat="49.99999998125" lon="9.00208603462" />
  <node id="36748" visible="true" version="1" lat="49.99999998112" lon="9.00209301132" />
  <node id="36749" visible="true" version="1" lat="49.999999981" lon="9.00209998802" />
  <node id="36750" visible="true" version="1" lat="49.99999998087" lon="9.00210696473" />
  <node id="36751" visible="true" version="1" lat="49.99999998074" lon="9.00211394143" />
  <node id="36752" visible="true" version="1" lat="49.99999998062" lon="9.00212091814" />
  <node id="36753" visible="true" version="1" lat="49.99999998049" lon="9.00212789484" />
  <node id="36754" visible="true" version="1" lat="49.99999998036" lon="9.00213487155" />
  <node id="36755" visible="true" version="1" lat="49.99999998023" lon="9.00214184825" />
  <node id="36756" visible="true" version="1" lat="49.9999999801" lon="9.00214882496" />
  <node id="36757" visible="true" version="1" lat="49.99999997997" lon="9.00215580166" />
  <node id="36758" visible="true" version="1" lat="49.99999997984" lon="9.00216277836" />
  <node id="36759" visible="true" version="1" lat="49.99999997971" lon="9.00216975507" />
  <node id="36760" visible="true" version="1" lat="49.99999997958" lon="9.00217673177" />
  <node id="36761" visible="true" version="1" lat="49.99999997945" lon="9.00218370848" />
  <node id="36762" visible="true" version="1" lat="49.99999997932" lon="9.00219068518" />
  <node id="36763" visible="true" version="1" lat="49.99999997919" lon="9.00219766189" />
  <node id="36764" visible="true" version="1" lat="49.99999997906" lon="9.00220463859" />
  <node id="36765" visible="true" version="1" lat="49.99999997892" lon="9.0022116153" />
  <node id="36766" visible="true" version="1" lat="49.99999997879" lon="9.002218592" />
  <node id="36767" visible="true" version="1" lat="49.99999997866" lon="9.0022255687" />
  <node id="36768" visible="true" version="1" lat="49.99999997852" lon="9.00223254541" />
  <node id="36769" visible="true" version="1" lat="49.99999997839" lon="9.00223952211" />
  <node id="36770" visible="true" version="1" lat="49.99999997825" lon="9.00224649882" />
  <node id="36771" visible="true" version="1" lat="49.99999997812" lon="9.00225347552" />
  <node id="36772" visible="true" version="1" lat="49.99999997798" lon="9.00226045223" />
  <node id="36773" visible="true" version="1" lat="49.99999997785" lon="9.00226742893" />
  <node id="36774" visible="true" version="1" lat="49.99999997771" lon="9.00227440563" />
  <node id="36775" visible="true" version="1" lat="49.99999997757" lon="9.00228138234" />
  <node id="36776" visible="true" version="1" lat="49.99999997744" lon="9.00228835904" />
  <node id="36777" visible="true" version="1" lat="49.9999999773" lon="9.00229533575" />
  <node id="36778" visible="true" version="1" lat="49.99999997716" lon="9.00230231245" />
  <node id="36779" visible="true" version="1" lat="49.99999997702" lon="9.00230928916" />
  <node id="36780" visible="true" version="1" lat="49.99999997688" lon="9.00231626586" />
  <node id="36781" visible="true" version="1" lat="49.99999997674" lon="9.00232324257" />
  <node id="36782" visible="true" version="1" lat="49.9999999766" lon="9.00233021927" />
  <node id="36783" visible="true" version="1" lat="49.99999997646" lon="9.00233719597" />
  <node id="36784" visible="true" version="1" lat="49.99999997632" lon="9.00234417268" />
  <node id="36785" visible="true" version="1" lat="49.99999997618" lon="9.00235114938" />
  <node id="36786" visible="true" version="1" lat="49.99999997604" lon="9.00235812609" />
  <node id="36787" visible="true" version="1" lat="49.9999999759" lon="9.00236510279" />
  <node id="36788" visible="true" version="1" lat="49.99999997575" lon="9.0023720795" />
  <node id="36789" visible="true" version="1" lat="49.99999997561" lon="9.0023790562" />
  <node id="36790" visible="true" version="1" lat="49.99999997547" lon="9.00238603291" />
  <node id="36791" visible="true" version="1" lat="49.99999997532" lon="9.00239300961" />
  <node id="36792" visible="true" version="1" lat="49.99999997518" lon="9.00239998631" />
  <node id="36793" visible="true" version="1" lat="49.99999997504" lon="9.00240696302" />
  <node id="36794" visible="true" version="1" lat="49.99999997489" lon="9.00241393972" />
  <node id="36795" visible="true" version="1" lat="49.99999997475" lon="9.00242091643" />
  <node id="36796" visible="true" version="1" lat="49.9999999746" lon="9.00242789313" />
  <node id="36797" visible="true" version="1" lat="49.99999997445" lon="9.00243486984" />
  <node id="36798" visible="true" version="1" lat="49.99999997431" lon="9.00244184654" />
  <node id="36799" visible="true" version="1" lat="49.99999997416" lon="9.00244882324" />
  <node id="36800" visible="true" version="1" lat="49.99999997401" lon="9.00245579995" />
  <node id="36801" visible="true" version="1" lat="49.99999997386" lon="9.00246277665" />
  <node id="36802" visible="true" version="1" lat="49.99999997372" lon="9.00246975336" />
  <node id="36803" visible="true" version="1" lat="49.99999997357" lon="9.00247673006" />
  <node id="36804" visible="true" version="1" lat="49.99999997342" lon="9.00248370677" />
  <node id="36805" visible="true" version="1" lat="49.99999997327" lon="9.00249068347" />
  <node id="36806" visible="true" version="1" lat="49.99999997312" lon="9.00249766018" />
  <node id="36807" visible="true" version="1" lat="49.99999997297" lon="9.00250463688" />
  <node id="36808" visible="true" version="1" lat="49.99999997282" lon="9.00251161358" />
  <node id="36809" visible="true" version="1" lat="49.99999997267" lon="9.00251859029" />
  <node id="36810" visible="true" version="1" lat="49.99999997252" lon="9.00252556699" />
  <node id="36811" visible="true" version="1" lat="49.99999997236" lon="9.0025325437" />
  <node id="36812" visible="true" version="1" lat="49.99999997221" lon="9.0025395204" />
  <node id="36813" visible="true" version="1" lat="49.99999997206" lon="9.00254649711" />
  <node id="36814" visible="true" version="1" lat="49.9999999719" lon="9.00255347381" />
  <node id="36815" visible="true" version="1" lat="49.99999997175" lon="9.00256045052" />
  <node id="36816" visible="true" version="1" lat="49.9999999716" lon="9.00256742722" />
  <node id="36817" visible="true" version="1" lat="49.99999997144" lon="9.00257440392" />
  <node id="36818" visible="true" version="1" lat="49.99999997129" lon="9.00258138063" />
  <node id="36819" visible="true" version="1" lat="49.99999997113" lon="9.00258835733" />
  <node id="36820" visible="true" version="1" lat="49.99999997098" lon="9.00259533404" />
  <node id="36821" visible="true" version="1" lat="49.99999997082" lon="9.00260231074" />
  <node id="36822" visible="true" version="1" lat="49.99999997066" lon="9.00260928745" />
  <node id="36823" visible="true" version="1" lat="49.99999997051" lon="9.00261626415" />
  <node id="36824" visible="true" version="1" lat="49.99999997035" lon="9.00262324085" />
  <node id="36825" visible="true" version="1" lat="49.99999997019" lon="9.00263021756" />
  <node id="36826" visible="true" version="1" lat="49.99999997003" lon="9.00263719426" />
  <node id="36827" visible="true" version="1" lat="49.99999996987" lon="9.00264417097" />
  <node id="36828" visible="true" version="1" lat="49.99999996971" lon="9.00265114767" />
  <node id="36829" visible="true" version="1" lat="49.99999996955" lon="9.00265812438" />
  <node id="36830" visible="true" version="1" lat="49.99999996939" lon="9.00266510108" />
  <node id="36831" visible="true" version="1" lat="49.99999996923" lon="9.00267207779" />
  <node id="36832" visible="true" version="1" lat="49.99999996907" lon="9.00267905449" />
  <node id="36833" visible="true" version="1" lat="49.99999996891" lon="9.00268603119" />
  <node id="36834" visible="true" version="1" lat="49.99999996875" lon="9.0026930079" />
  <node id="36835" visible="true" version="1" lat="49.99999996859" lon="9.0026999846" />
  <node id="36836" visible="true" version="1" lat="49.99999996843" lon="9.00270696131" />
  <node id="36837" visible="true" version="1" lat="49.99999996826" lon="9.00271393801" />
  <node id="36838" visible="true" version="1" lat="49.9999999681" lon="9.00272091472" />
  <node id="36839" visible="true" version="1" lat="49.99999996794" lon="9.00272789142" />
  <node id="36840" visible="true" version="1" lat="49.99999996777" lon="9.00273486812" />
  <node id="36841" visible="true" version="1" lat="49.99999996761" lon="9.00274184483" />
  <node id="36842" visible="true" version="1" lat="49.99999996744" lon="9.00274882153" />
  <node id="36843" visible="true" version="1" lat="49.99999996728" lon="9.00275579824" />
  <node id="36844" visible="true" version="1" lat="49.99999996711" lon="9.00276277494" />
  <node id="36845" visible="true" version="1" lat="49.99999996694" lon="9.00276975165" />
  <node id="36846" visible="true" version="1" lat="49.99999996678" lon="9.00277672835" />
  <node id="36847" visible="true" version="1" lat="49.99999996661" lon="9.00278370506" />
  <node id="36848" visible="true" version="1" lat="49.99999996644" lon="9.00279068176" />
  <node id="36849" visible="true" version="1" lat="49.99999996627" lon="9.00279765846" />
  <node id="36850" visible="true" version="1" lat="49.99999996611" lon="9.00280463517" />
  <node id="36851" visible="true" version="1" lat="49.99999996594" lon="9.00281161187" />
  <node id="36852" visible="true" version="1" lat="49.99999996577" lon="9.00281858858" />
  <node id="36853" visible="true" version="1" lat="49.9999999656" lon="9.00282556528" />
  <node id="36854" visible="true" version="1" lat="49.99999996543" lon="9.00283254199" />
  <node id="36855" visible="true" version="1" lat="49.99999996526" lon="9.00283951869" />
  <node id="36856" visible="true" version="1" lat="49.99999996509" lon="9.0028464954" />
  <node id="36857" visible="true" version="1" lat="49.99999996491" lon="9.0028534721" />
  <node id="36858" visible="true" version="1" lat="49.99999996474" lon="9.0028604488" />
  <node id="36859" visible="true" version="1" lat="49.99999996457" lon="9.00286742551" />
  <node id="36860" visible="true" version="1" lat="49.9999999644" lon="9.00287440221" />
  <node id="36861" visible="true" version="1" lat="49.99999996423" lon="9.00288137892" />
  <node id="36862" visible="true" version="1" lat="49.99999996405" lon="9.00288835562" />
  <node id="36863" visible="true" version="1" lat="49.99999996388" lon="9.00289533233" />
  <node id="36864" visible="true" version="1" lat="49.9999999637" lon="9.00290230903" />
  <node id="36865" visible="true" version="1" lat="49.99999996353" lon="9.00290928573" />
  <node id="36866" visible="true" version="1" lat="49.99999996335" lon="9.00291626244" />
  <node id="36867" visible="true" version="1" lat="49.99999996318" lon="9.00292323914" />
  <node id="36868" visible="true" version="1" lat="49.999999963" lon="9.00293021585" />
  <node id="36869" visible="true" version="1" lat="49.99999996283" lon="9.00293719255" />
  <node id="36870" visible="true" version="1" lat="49.99999996265" lon="9.00294416926" />
  <node id="36871" visible="true" version="1" lat="49.99999996247" lon="9.00295114596" />
  <node id="36872" visible="true" version="1" lat="49.99999996229" lon="9.00295812267" />
  <node id="36873" visible="true" version="1" lat="49.99999996212" lon="9.00296509937" />
  <node id="36874" visible="true" version="1" lat="49.99999996194" lon="9.00297207607" />
  <node id="36875" visible="true" version="1" lat="49.99999996176" lon="9.00297905278" />
  <node id="36876" visible="true" version="1" lat="49.99999996158" lon="9.00298602948" />
  <node id="36877" visible="true" version="1" lat="49.9999999614" lon="9.00299300619" />
  <node id="36878" visible="true" version="1" lat="49.99999996122" lon="9.00299998289" />
  <node id="36879" visible="true" version="1" lat="49.99999996104" lon="9.0030069596" />
  <node id="36880" visible="true" version="1" lat="49.99999996086" lon="9.0030139363" />
  <node id="36881" visible="true" version="1" lat="49.99999996068" lon="9.003020913" />
  <node id="36882" visible="true" version="1" lat="49.99999996049" lon="9.00302788971" />
  <node id="36883" visible="true" version="1" lat="49.99999996031" lon="9.00303486641" />
  <node id="36884" visible="true" version="1" lat="49.99999996013" lon="9.00304184312" />
  <node id="36885" visible="true" version="1" lat="49.99999995995" lon="9.00304881982" />
  <node id="36886" visible="true" version="1" lat="49.99999995976" lon="9.00305579653" />
  <node id="36887" visible="true" version="1" lat="49.99999995958" lon="9.00306277323" />
  <node id="36888" visible="true" version="1" lat="49.99999995939" lon="9.00306974994" />
  <node id="36889" visible="true" version="1" lat="49.99999995921" lon="9.00307672664" />
  <node id="36890" visible="true" version="1" lat="49.99999995902" lon="9.00308370334" />
  <node id="36891" visible="true" version="1" lat="49.99999995884" lon="9.00309068005" />
  <node id="36892" visible="true" version="1" lat="49.99999995865" lon="9.00309765675" />
  <node id="36893" visible="true" version="1" lat="49.99999995847" lon="9.00310463346" />
  <node id="36894" visible="true" version="1" lat="49.99999995828" lon="9.00311161016" />
  <node id="36895" visible="true" version="1" lat="49.99999995809" lon="9.00311858687" />
  <node id="36896" visible="true" version="1" lat="49.9999999579" lon="9.00312556357" />
  <node id="36897" visible="true" version="1" lat="49.99999995772" lon="9.00313254028" />
  <node id="36898" visible="true" version="1" lat="49.99999995753" lon="9.00313951698" />
  <node id="36899" visible="true" version="1" lat="49.99999995734" lon="9.00314649368" />
  <node id="36900" visible="true" version="1" lat="49.99999995715" lon="9.00315347039" />
  <node id="36901" visible="true" version="1" lat="49.99999995696" lon="9.00316044709" />
  <node id="36902" visible="true" version="1" lat="49.99999995677" lon="9.0031674238" />
  <node id="36903" visible="true" version="1" lat="49.99999995658" lon="9.0031744005" />
  <node id="36904" visible="true" version="1" lat="49.99999995639" lon="9.00318137721" />
  <node id="36905" visible="true" version="1" lat="49.9999999562" lon="9.00318835391" />
  <node id="36906" visible="true" version="1" lat="49.999999956" lon="9.00319533061" />
  <node id="36907" visible="true" version="1" lat="49.99999995581" lon="9.00320230732" />
  <node id="36908" visible="true" version="1" lat="49.99999995562" lon="9.00320928402" />
  <node id="36909" visible="true" version="1" lat="49.99999995543" lon="9.00321626073" />
  <node id="36910" visible="true" version="1" lat="49.99999995523" lon="9.00322323743" />
  <node id="36911" visible="true" version="1" lat="49.99999995504" lon="9.00323021414" />
  <node id="36912" visible="true" version="1" lat="49.99999995484" lon="9.00323719084" />
  <node id="36913" visible="true" version="1" lat="49.99999995465" lon="9.00324416755" />
  <node id="36914" visible="true" version="1" lat="49.99999995445" lon="9.00325114425" />
  <node id="36915" visible="true" version="1" lat="49.99999995426" lon="9.00325812095" />
  <node id="36916" visible="true" version="1" lat="49.99999995406" lon="9.00326509766" />
  <node id="36917" visible="true" version="1" lat="49.99999995387" lon="9.00327207436" />
  <node id="36918" visible="true" version="1" lat="49.99999995367" lon="9.00327905107" />
  <node id="36919" visible="true" version="1" lat="49.99999995347" lon="9.00328602777" />
  <node id="36920" visible="true" version="1" lat="49.99999995327" lon="9.00329300448" />
  <node id="36921" visible="true" version="1" lat="49.99999995308" lon="9.00329998118" />
  <node id="36922" visible="true" version="1" lat="49.99999995288" lon="9.00330695788" />
  <node id="36923" visible="true" version="1" lat="49.99999995268" lon="9.00331393459" />
  <node id="36924" visible="true" version="1" lat="49.99999995248" lon="9.00332091129" />
  <node id="36925" visible="true" version="1" lat="49.99999995228" lon="9.003327888" />
  <node id="36926" visible="true" version="1" lat="49.99999995208" lon="9.0033348647" />
  <node id="36927" visible="true" version="1" lat="49.99999995188" lon="9.00334184141" />
  <node id="36928" visible="true" version="1" lat="49.99999995168" lon="9.00334881811" />
  <node id="36929" visible="true" version="1" lat="49.99999995147" lon="9.00335579482" />
  <node id="36930" visible="true" version="1" lat="49.99999995127" lon="9.00336277152" />
  <node id="36931" visible="true" version="1" lat="49.99999995107" lon="9.00336974822" />
  <node id="36932" visible="true" version="1" lat="49.99999995087" lon="9.00337672493" />
  <node id="36933" visible="true" version="1" lat="49.99999995066" lon="9.00338370163" />
  <node id="36934" visible="true" version="1" lat="49.99999995046" lon="9.00339067834" />
  <node id="36935" visible="true" version="1" lat="49.99999995026" lon="9.00339765504" />
  <node id="36936" visible="true" version="1" lat="49.99999995005" lon="9.00340463175" />
  <node id="36937" visible="true" version="1" lat="49.99999994985" lon="9.00341160845" />
  <node id="36938" visible="true" version="1" lat="49.99999994964" lon="9.00341858515" />
  <node id="36939" visible="true" version="1" lat="49.99999994944" lon="9.00342556186" />
  <node id="36940" visible="true" version="1" lat="49.99999994923" lon="9.00343253856" />
  <node id="36941" visible="true" version="1" lat="49.99999994902" lon="9.00343951527" />
  <node id="36942" visible="true" version="1" lat="49.99999994882" lon="9.00344649197" />
  <node id="36943" visible="true" version="1" lat="49.99999994861" lon="9.00345346868" />
  <node id="36944" visible="true" version="1" lat="49.9999999484" lon="9.00346044538" />
  <node id="36945" visible="true" version="1" lat="49.99999994819" lon="9.00346742209" />
  <node id="36946" visible="true" version="1" lat="49.99999994798" lon="9.00347439879" />
  <node id="36947" visible="true" version="1" lat="49.99999994778" lon="9.00348137549" />
  <node id="36948" visible="true" version="1" lat="49.99999994757" lon="9.0034883522" />
  <node id="36949" visible="true" version="1" lat="49.99999994736" lon="9.0034953289" />
  <node id="36950" visible="true" version="1" lat="49.99999994715" lon="9.00350230561" />
  <node id="36951" visible="true" version="1" lat="49.99999994693" lon="9.00350928231" />
  <node id="36952" visible="true" version="1" lat="49.99999994672" lon="9.00351625902" />
  <node id="36953" visible="true" version="1" lat="49.99999994651" lon="9.00352323572" />
  <node id="36954" visible="true" version="1" lat="49.9999999463" lon="9.00353021243" />
  <node id="36955" visible="true" version="1" lat="49.99999994609" lon="9.00353718913" />
  <node id="36956" visible="true" version="1" lat="49.99999994587" lon="9.00354416583" />
  <node id="36957" visible="true" version="1" lat="49.99999994566" lon="9.00355114254" />
  <node id="36958" visible="true" version="1" lat="49.99999994545" lon="9.00355811924" />
  <node id="36959" visible="true" version="1" lat="49.99999994523" lon="9.00356509595" />
  <node id="36960" visible="true" version="1" lat="49.99999994502" lon="9.00357207265" />
  <node id="36961" visible="true" version="1" lat="49.9999999448" lon="9.00357904936" />
  <node id="36962" visible="true" version="1" lat="49.99999994459" lon="9.00358602606" />
  <node id="36963" visible="true" version="1" lat="49.99999994437" lon="9.00359300276" />
  <node id="36964" visible="true" version="1" lat="49.99999994416" lon="9.00359997947" />
  <node id="36965" visible="true" version="1" lat="49.99999994394" lon="9.00360695617" />
  <node id="36966" visible="true" version="1" lat="49.99999994372" lon="9.00361393288" />
  <node id="36967" visible="true" version="1" lat="49.9999999435" lon="9.00362090958" />
  <node id="36968" visible="true" version="1" lat="49.99999994329" lon="9.00362788629" />
  <node id="36969" visible="true" version="1" lat="49.99999994307" lon="9.00363486299" />
  <node id="36970" visible="true" version="1" lat="49.99999994285" lon="9.0036418397" />
  <node id="36971" visible="true" version="1" lat="49.99999994263" lon="9.0036488164" />
  <node id="36972" visible="true" version="1" lat="49.99999994241" lon="9.0036557931" />
  <node id="36973" visible="true" version="1" lat="49.99999994219" lon="9.00366276981" />
  <node id="36974" visible="true" version="1" lat="49.99999994197" lon="9.00366974651" />
  <node id="36975" visible="true" version="1" lat="49.99999994175" lon="9.00367672322" />
  <node id="36976" visible="true" version="1" lat="49.99999994153" lon="9.00368369992" />
  <node id="36977" visible="true" version="1" lat="49.99999994131" lon="9.00369067663" />
  <node id="36978" visible="true" version="1" lat="49.99999994108" lon="9.00369765333" />
  <node id="36979" visible="true" version="1" lat="49.99999994086" lon="9.00370463003" />
  <node id="36980" visible="true" version="1" lat="49.99999994064" lon="9.00371160674" />
  <node id="36981" visible="true" version="1" lat="49.99999994042" lon="9.00371858344" />
  <node id="36982" visible="true" version="1" lat="49.99999994019" lon="9.00372556015" />
  <node id="36983" visible="true" version="1" lat="49.99999993997" lon="9.00373253685" />
  <node id="36984" visible="true" version="1" lat="49.99999993974" lon="9.00373951356" />
  <node id="36985" visible="true" version="1" lat="49.99999993952" lon="9.00374649026" />
  <node id="36986" visible="true" version="1" lat="49.99999993929" lon="9.00375346697" />
  <node id="36987" visible="true" version="1" lat="49.99999993907" lon="9.00376044367" />
  <node id="36988" visible="true" version="1" lat="49.99999993884" lon="9.00376742037" />
  <node id="36989" visible="true" version="1" lat="49.99999993861" lon="9.00377439708" />
  <node id="36990" visible="true" version="1" lat="49.99999993839" lon="9.00378137378" />
  <node id="36991" visible="true" version="1" lat="49.99999993816" lon="9.00378835049" />
  <node id="36992" visible="true" version="1" lat="49.99999993793" lon="9.00379532719" />
  <node id="36993" visible="true" version="1" lat="49.9999999377" lon="9.0038023039" />
  <node id="36994" visible="true" version="1" lat="49.99999993747" lon="9.0038092806" />
  <node id="36995" visible="true" version="1" lat="49.99999993724" lon="9.0038162573" />
  <node id="36996" visible="true" version="1" lat="49.99999993701" lon="9.00382323401" />
  <node id="36997" visible="true" version="1" lat="49.99999993678" lon="9.00383021071" />
  <node id="36998" visible="true" version="1" lat="49.99999993655" lon="9.00383718742" />
  <node id="36999" visible="true" version="1" lat="49.99999993632" lon="9.00384416412" />
  <node id="37000" visible="true" version="1" lat="49.99999993609" lon="9.00385114083" />
  <node id="37001" visible="true" version="1" lat="49.99999993586" lon="9.00385811753" />
  <node id="37002" visible="true" version="1" lat="49.99999993563" lon="9.00386509424" />
  <node id="37003" visible="true" version="1" lat="49.9999999354" lon="9.00387207094" />
  <node id="37004" visible="true" version="1" lat="49.99999993516" lon="9.00387904764" />
  <node id="37005" visible="true" version="1" lat="49.99999993493" lon="9.00388602435" />
  <node id="37006" visible="true" version="1" lat="49.9999999347" lon="9.00389300105" />
  <node id="37007" visible="true" version="1" lat="49.99999993446" lon="9.00389997776" />
  <node id="37008" visible="true" version="1" lat="49.99999993423" lon="9.00390695446" />
  <node id="37009" visible="true" version="1" lat="49.99999993399" lon="9.00391393117" />
  <node id="37010" visible="true" version="1" lat="49.99999993376" lon="9.00392090787" />
  <node id="37011" visible="true" version="1" lat="49.99999993352" lon="9.00392788457" />
  <node id="37012" visible="true" version="1" lat="49.99999993328" lon="9.00393486128" />
  <node id="37013" visible="true" version="1" lat="49.99999993305" lon="9.00394183798" />
  <node id="37014" visible="true" version="1" lat="49.99999993281" lon="9.00394881469" />
  <node id="37015" visible="true" version="1" lat="49.99999993257" lon="9.00395579139" />
  <node id="37016" visible="true" version="1" lat="49.99999993233" lon="9.0039627681" />
  <node id="37017" visible="true" version="1" lat="49.9999999321" lon="9.0039697448" />
  <node id="37018" visible="true" version="1" lat="49.99999993186" lon="9.00397672151" />
  <node id="37019" visible="true" version="1" lat="49.99999993162" lon="9.00398369821" />
  <node id="37020" visible="true" version="1" lat="49.99999993138" lon="9.00399067491" />
  <node id="37021" visible="true" version="1" lat="49.99999993114" lon="9.00399765162" />
  <node id="37022" visible="true" version="1" lat="49.9999999309" lon="9.00400462832" />
  <node id="37023" visible="true" version="1" lat="49.99999993066" lon="9.00401160503" />
  <node id="37024" visible="true" version="1" lat="49.99999993041" lon="9.00401858173" />
  <node id="37025" visible="true" version="1" lat="49.99999993017" lon="9.00402555844" />
  <node id="37026" visible="true" version="1" lat="49.99999992993" lon="9.00403253514" />
  <node id="37027" visible="true" version="1" lat="49.99999992969" lon="9.00403951184" />
  <node id="37028" visible="true" version="1" lat="49.99999992944" lon="9.00404648855" />
  <node id="37029" visible="true" version="1" lat="49.9999999292" lon="9.00405346525" />
  <node id="37030" visible="true" version="1" lat="49.99999992896" lon="9.00406044196" />
  <node id="37031" visible="true" version="1" lat="49.99999992871" lon="9.00406741866" />
  <node id="37032" visible="true" version="1" lat="49.99999992847" lon="9.00407439537" />
  <node id="37033" visible="true" version="1" lat="49.99999992822" lon="9.00408137207" />
  <node id="37034" visible="true" version="1" lat="49.99999992798" lon="9.00408834878" />
  <node id="37035" visible="true" version="1" lat="49.99999992773" lon="9.00409532548" />
  <node id="37036" visible="true" version="1" lat="49.99999992748" lon="9.00410230218" />
  <node id="37037" visible="true" version="1" lat="49.99999992724" lon="9.00410927889" />
  <node id="37038" visible="true" version="1" lat="49.99999992699" lon="9.00411625559" />
  <node id="37039" visible="true" version="1" lat="49.99999992674" lon="9.0041232323" />
  <node id="37040" visible="true" version="1" lat="49.99999992649" lon="9.004130209" />
  <node id="37041" visible="true" version="1" lat="49.99999992625" lon="9.00413718571" />
  <node id="37042" visible="true" version="1" lat="49.999999926" lon="9.00414416241" />
  <node id="37043" visible="true" version="1" lat="49.99999992575" lon="9.00415113911" />
  <node id="37044" visible="true" version="1" lat="49.9999999255" lon="9.00415811582" />
  <node id="37045" visible="true" version="1" lat="49.99999992525" lon="9.00416509252" />
  <node id="37046" visible="true" version="1" lat="49.999999925" lon="9.00417206923" />
  <node id="37047" visible="true" version="1" lat="49.99999992475" lon="9.00417904593" />
  <node id="37048" visible="true" version="1" lat="49.99999992449" lon="9.00418602264" />
  <node id="37049" visible="true" version="1" lat="49.99999992424" lon="9.00419299934" />
  <node id="37050" visible="true" version="1" lat="49.99999992399" lon="9.00419997605" />
  <node id="37051" visible="true" version="1" lat="49.99999992374" lon="9.00420695275" />
  <node id="37052" visible="true" version="1" lat="49.99999992348" lon="9.00421392945" />
  <node id="37053" visible="true" version="1" lat="49.99999992323" lon="9.00422090616" />
  <node id="37054" visible="true" version="1" lat="49.99999992298" lon="9.00422788286" />
  <node id="37055" visible="true" version="1" lat="49.99999992272" lon="9.00423485957" />
  <node id="37056" visible="true" version="1" lat="49.99999992247" lon="9.00424183627" />
  <node id="37057" visible="true" version="1" lat="49.99999992221" lon="9.00424881298" />
  <node id="37058" visible="true" version="1" lat="49.99999992196" lon="9.00425578968" />
  <node id="37059" visible="true" version="1" lat="49.9999999217" lon="9.00426276638" />
  <node id="37060" visible="true" version="1" lat="49.99999992144" lon="9.00426974309" />
  <node id="37061" visible="true" version="1" lat="49.99999992119" lon="9.00427671979" />
  <node id="37062" visible="true" version="1" lat="49.99999992093" lon="9.0042836965" />
  <node id="37063" visible="true" version="1" lat="49.99999992067" lon="9.0042906732" />
  <node id="37064" visible="true" version="1" lat="49.99999992041" lon="9.00429764991" />
  <node id="37065" visible="true" version="1" lat="49.99999992016" lon="9.00430462661" />
  <node id="37066" visible="true" version="1" lat="49.9999999199" lon="9.00431160332" />
  <node id="37067" visible="true" version="1" lat="49.99999991964" lon="9.00431858002" />
  <node id="37068" visible="true" version="1" lat="49.99999991938" lon="9.00432555672" />
  <node id="37069" visible="true" version="1" lat="49.99999991912" lon="9.00433253343" />
  <node id="37070" visible="true" version="1" lat="49.99999991886" lon="9.00433951013" />
  <node id="37071" visible="true" version="1" lat="49.99999991859" lon="9.00434648684" />
  <node id="37072" visible="true" version="1" lat="49.99999991833" lon="9.00435346354" />
  <node id="37073" visible="true" version="1" lat="49.99999991807" lon="9.00436044025" />
  <node id="37074" visible="true" version="1" lat="49.99999991781" lon="9.00436741695" />
  <node id="37075" visible="true" version="1" lat="49.99999991755" lon="9.00437439365" />
  <node id="37076" visible="true" version="1" lat="49.99999991728" lon="9.00438137036" />
  <node id="37077" visible="true" version="1" lat="49.99999991702" lon="9.00438834706" />
  <node id="37078" visible="true" version="1" lat="49.99999991675" lon="9.00439532377" />
  <node id="37079" visible="true" version="1" lat="49.99999991649" lon="9.00440230047" />
  <node id="37080" visible="true" version="1" lat="49.99999991623" lon="9.00440927718" />
  <node id="37081" visible="true" version="1" lat="49.99999991596" lon="9.00441625388" />
  <node id="37082" visible="true" version="1" lat="49.99999991569" lon="9.00442323059" />
  <node id="37083" visible="true" version="1" lat="49.99999991543" lon="9.00443020729" />
  <node id="37084" visible="true" version="1" lat="49.99999991516" lon="9.00443718399" />
  <node id="37085" visible="true" version="1" lat="49.99999991489" lon="9.0044441607" />
  <node id="37086" visible="true" version="1" lat="49.99999991463" lon="9.0044511374" />
  <node id="37087" visible="true" version="1" lat="49.99999991436" lon="9.00445811411" />
  <node id="37088" visible="true" version="1" lat="49.99999991409" lon="9.00446509081" />
  <node id="37089" visible="true" version="1" lat="49.99999991382" lon="9.00447206752" />
  <node id="37090" visible="true" version="1" lat="49.99999991355" lon="9.00447904422" />
  <node id="37091" visible="true" version="1" lat="49.99999991328" lon="9.00448602092" />
  <node id="37092" visible="true" version="1" lat="49.99999991301" lon="9.00449299763" />
  <node id="37093" visible="true" version="1" lat="49.99999991274" lon="9.00449997433" />
  <node id="37094" visible="true" version="1" lat="49.99999991247" lon="9.00450695104" />
  <node id="37095" visible="true" version="1" lat="49.9999999122" lon="9.00451392774" />
  <node id="37096" visible="true" version="1" lat="49.99999991193" lon="9.00452090445" />
  <node id="37097" visible="true" version="1" lat="49.99999991166" lon="9.00452788115" />
  <node id="37098" visible="true" version="1" lat="49.99999991139" lon="9.00453485786" />
  <node id="37099" visible="true" version="1" lat="49.99999991111" lon="9.00454183456" />
  <node id="37100" visible="true" version="1" lat="49.99999991084" lon="9.00454881126" />
  <node id="37101" visible="true" version="1" lat="49.99999991057" lon="9.00455578797" />
  <node id="37102" visible="true" version="1" lat="49.99999991029" lon="9.00456276467" />
  <node id="37103" visible="true" version="1" lat="49.99999991002" lon="9.00456974138" />
  <node id="37104" visible="true" version="1" lat="49.99999990974" lon="9.00457671808" />
  <node id="37105" visible="true" version="1" lat="49.99999990947" lon="9.00458369479" />
  <node id="37106" visible="true" version="1" lat="49.99999990919" lon="9.00459067149" />
  <node id="37107" visible="true" version="1" lat="49.99999990891" lon="9.00459764819" />
  <node id="37108" visible="true" version="1" lat="49.99999990864" lon="9.0046046249" />
  <node id="37109" visible="true" version="1" lat="49.99999990836" lon="9.0046116016" />
  <node id="37110" visible="true" version="1" lat="49.99999990808" lon="9.00461857831" />
  <node id="37111" visible="true" version="1" lat="49.99999990781" lon="9.00462555501" />
  <node id="37112" visible="true" version="1" lat="49.99999990753" lon="9.00463253172" />
  <node id="37113" visible="true" version="1" lat="49.99999990725" lon="9.00463950842" />
  <node id="37114" visible="true" version="1" lat="49.99999990697" lon="9.00464648513" />
  <node id="37115" visible="true" version="1" lat="49.99999990669" lon="9.00465346183" />
  <node id="37116" visible="true" version="1" lat="49.99999990641" lon="9.00466043853" />
  <node id="37117" visible="true" version="1" lat="49.99999990613" lon="9.00466741524" />
  <node id="37118" visible="true" version="1" lat="49.99999990585" lon="9.00467439194" />
  <node id="37119" visible="true" version="1" lat="49.99999990557" lon="9.00468136865" />
  <node id="37120" visible="true" version="1" lat="49.99999990529" lon="9.00468834535" />
  <node id="37121" visible="true" version="1" lat="49.999999905" lon="9.00469532206" />
  <node id="37122" visible="true" version="1" lat="49.99999990472" lon="9.00470229876" />
  <node id="37123" visible="true" version="1" lat="49.99999990444" lon="9.00470927546" />
  <node id="37124" visible="true" version="1" lat="49.99999990415" lon="9.00471625217" />
  <node id="37125" visible="true" version="1" lat="49.99999990387" lon="9.00472322887" />
  <node id="37126" visible="true" version="1" lat="49.99999990359" lon="9.00473020558" />
  <node id="37127" visible="true" version="1" lat="49.9999999033" lon="9.00473718228" />
  <node id="37128" visible="true" version="1" lat="49.99999990302" lon="9.00474415899" />
  <node id="37129" visible="true" version="1" lat="49.99999990273" lon="9.00475113569" />
  <node id="37130" visible="true" version="1" lat="49.99999990245" lon="9.0047581124" />
  <node id="37131" visible="true" version="1" lat="49.99999990216" lon="9.0047650891" />
  <node id="37132" visible="true" version="1" lat="49.99999990187" lon="9.0047720658" />
  <node id="37133" visible="true" version="1" lat="49.99999990159" lon="9.00477904251" />
  <node id="37134" visible="true" version="1" lat="49.9999999013" lon="9.00478601921" />
  <node id="37135" visible="true" version="1" lat="49.99999990101" lon="9.00479299592" />
  <node id="37136" visible="true" version="1" lat="49.99999990072" lon="9.00479997262" />
  <node id="37137" visible="true" version="1" lat="49.99999990043" lon="9.00480694933" />
  <node id="37138" visible="true" version="1" lat="49.99999990014" lon="9.00481392603" />
  <node id="37139" visible="true" version="1" lat="49.99999989985" lon="9.00482090273" />
  <node id="37140" visible="true" version="1" lat="49.99999989956" lon="9.00482787944" />
  <node id="37141" visible="true" version="1" lat="49.99999989927" lon="9.00483485614" />
  <node id="37142" visible="true" version="1" lat="49.99999989898" lon="9.00484183285" />
  <node id="37143" visible="true" version="1" lat="49.99999989869" lon="9.00484880955" />
  <node id="37144" visible="true" version="1" lat="49.9999998984" lon="9.00485578626" />
  <node id="37145" visible="true" version="1" lat="49.99999989811" lon="9.00486276296" />
  <node id="37146" visible="true" version="1" lat="49.99999989781" lon="9.00486973966" />
  <node id="37147" visible="true" version="1" lat="49.99999989752" lon="9.00487671637" />
  <node id="37148" visible="true" version="1" lat="49.99999989723" lon="9.00488369307" />
  <node id="37149" visible="true" version="1" lat="49.99999989693" lon="9.00489066978" />
  <node id="37150" visible="true" version="1" lat="49.99999989664" lon="9.00489764648" />
  <node id="37151" visible="true" version="1" lat="49.99999989635" lon="9.00490462319" />
  <node id="37152" visible="true" version="1" lat="49.99999989605" lon="9.00491159989" />
  <node id="37153" visible="true" version="1" lat="49.99999989575" lon="9.0049185766" />
  <node id="37154" visible="true" version="1" lat="49.99999989546" lon="9.0049255533" />
  <node id="37155" visible="true" version="1" lat="49.99999989516" lon="9.00493253" />
  <node id="37156" visible="true" version="1" lat="49.99999989487" lon="9.00493950671" />
  <node id="37157" visible="true" version="1" lat="49.99999989457" lon="9.00494648341" />
  <node id="37158" visible="true" version="1" lat="49.99999989427" lon="9.00495346012" />
  <node id="37159" visible="true" version="1" lat="49.99999989397" lon="9.00496043682" />
  <node id="37160" visible="true" version="1" lat="49.99999989367" lon="9.00496741353" />
  <node id="37161" visible="true" version="1" lat="49.99999989338" lon="9.00497439023" />
  <node id="37162" visible="true" version="1" lat="49.99999989308" lon="9.00498136693" />
  <node id="37163" visible="true" version="1" lat="49.99999989278" lon="9.00498834364" />
  <node id="37164" visible="true" version="1" lat="49.99999989248" lon="9.00499532034" />
  <node id="37165" visible="true" version="1" lat="49.99999989218" lon="9.00500229705" />
  <node id="37166" visible="true" version="1" lat="49.99999989188" lon="9.00500927375" />
  <node id="37167" visible="true" version="1" lat="49.99999989157" lon="9.00501625046" />
  <node id="37168" visible="true" version="1" lat="49.99999989127" lon="9.00502322716" />
  <node id="37169" visible="true" version="1" lat="49.99999989097" lon="9.00503020387" />
  <node id="37170" visible="true" version="1" lat="49.99999989067" lon="9.00503718057" />
  <node id="37171" visible="true" version="1" lat="49.99999989036" lon="9.00504415727" />
  <node id="37172" visible="true" version="1" lat="49.99999989006" lon="9.00505113398" />
  <node id="37173" visible="true" version="1" lat="49.99999988976" lon="9.00505811068" />
  <node id="37174" visible="true" version="1" lat="49.99999988945" lon="9.00506508739" />
  <node id="37175" visible="true" version="1" lat="49.99999988915" lon="9.00507206409" />
  <node id="37176" visible="true" version="1" lat="49.99999988884" lon="9.0050790408" />
  <node id="37177" visible="true" version="1" lat="49.99999988854" lon="9.0050860175" />
  <node id="37178" visible="true" version="1" lat="49.99999988823" lon="9.0050929942" />
  <node id="37179" visible="true" version="1" lat="49.99999988792" lon="9.00509997091" />
  <node id="37180" visible="true" version="1" lat="49.99999988762" lon="9.00510694761" />
  <node id="37181" visible="true" version="1" lat="49.99999988731" lon="9.00511392432" />
  <node id="37182" visible="true" version="1" lat="49.999999887" lon="9.00512090102" />
  <node id="37183" visible="true" version="1" lat="49.99999988669" lon="9.00512787773" />
  <node id="37184" visible="true" version="1" lat="49.99999988639" lon="9.00513485443" />
  <node id="37185" visible="true" version="1" lat="49.99999988608" lon="9.00514183114" />
  <node id="37186" visible="true" version="1" lat="49.99999988577" lon="9.00514880784" />
  <node id="37187" visible="true" version="1" lat="49.99999988546" lon="9.00515578454" />
  <node id="37188" visible="true" version="1" lat="49.99999988515" lon="9.00516276125" />
  <node id="37189" visible="true" version="1" lat="49.99999988484" lon="9.00516973795" />
  <node id="37190" visible="true" version="1" lat="49.99999988453" lon="9.00517671466" />
  <node id="37191" visible="true" version="1" lat="49.99999988421" lon="9.00518369136" />
  <node id="37192" visible="true" version="1" lat="49.9999998839" lon="9.00519066807" />
  <node id="37193" visible="true" version="1" lat="49.99999988359" lon="9.00519764477" />
  <node id="37194" visible="true" version="1" lat="49.99999988328" lon="9.00520462147" />
  <node id="37195" visible="true" version="1" lat="49.99999988296" lon="9.00521159818" />
  <node id="37196" visible="true" version="1" lat="49.99999988265" lon="9.00521857488" />
  <node id="37197" visible="true" version="1" lat="49.99999988234" lon="9.00522555159" />
  <node id="37198" visible="true" version="1" lat="49.99999988202" lon="9.00523252829" />
  <node id="37199" visible="true" version="1" lat="49.99999988171" lon="9.005239505" />
  <node id="37200" visible="true" version="1" lat="49.99999988139" lon="9.0052464817" />
  <node id="37201" visible="true" version="1" lat="49.99999988108" lon="9.0052534584" />
  <node id="37202" visible="true" version="1" lat="49.99999988076" lon="9.00526043511" />
  <node id="37203" visible="true" version="1" lat="49.99999988044" lon="9.00526741181" />
  <node id="37204" visible="true" version="1" lat="49.99999988013" lon="9.00527438852" />
  <node id="37205" visible="true" version="1" lat="49.99999987981" lon="9.00528136522" />
  <node id="37206" visible="true" version="1" lat="49.99999987949" lon="9.00528834193" />
  <node id="37207" visible="true" version="1" lat="49.99999987917" lon="9.00529531863" />
  <node id="37208" visible="true" version="1" lat="49.99999987886" lon="9.00530229534" />
  <node id="37209" visible="true" version="1" lat="49.99999987854" lon="9.00530927204" />
  <node id="37210" visible="true" version="1" lat="49.99999987822" lon="9.00531624874" />
  <node id="37211" visible="true" version="1" lat="49.9999998779" lon="9.00532322545" />
  <node id="37212" visible="true" version="1" lat="49.99999987758" lon="9.00533020215" />
  <node id="37213" visible="true" version="1" lat="49.99999987726" lon="9.00533717886" />
  <node id="37214" visible="true" version="1" lat="49.99999987693" lon="9.00534415556" />
  <node id="37215" visible="true" version="1" lat="49.99999987661" lon="9.00535113227" />
  <node id="37216" visible="true" version="1" lat="49.99999987629" lon="9.00535810897" />
  <node id="37217" visible="true" version="1" lat="49.99999987597" lon="9.00536508567" />
  <node id="37218" visible="true" version="1" lat="49.99999987565" lon="9.00537206238" />
  <node id="37219" visible="true" version="1" lat="49.99999987532" lon="9.00537903908" />
  <node id="37220" visible="true" version="1" lat="49.999999875" lon="9.00538601579" />
  <node id="37221" visible="true" version="1" lat="49.99999987468" lon="9.00539299249" />
  <node id="37222" visible="true" version="1" lat="49.99999987435" lon="9.0053999692" />
  <node id="37223" visible="true" version="1" lat="49.99999987403" lon="9.0054069459" />
  <node id="37224" visible="true" version="1" lat="49.9999998737" lon="9.00541392261" />
  <node id="37225" visible="true" version="1" lat="49.99999987338" lon="9.00542089931" />
  <node id="37226" visible="true" version="1" lat="49.99999987305" lon="9.00542787601" />
  <node id="37227" visible="true" version="1" lat="49.99999987272" lon="9.00543485272" />
  <node id="37228" visible="true" version="1" lat="49.9999998724" lon="9.00544182942" />
  <node id="37229" visible="true" version="1" lat="49.99999987207" lon="9.00544880613" />
  <node id="37230" visible="true" version="1" lat="49.99999987174" lon="9.00545578283" />
  <node id="37231" visible="true" version="1" lat="49.99999987141" lon="9.00546275954" />
  <node id="37232" visible="true" version="1" lat="49.99999987108" lon="9.00546973624" />
  <node id="37233" visible="true" version="1" lat="49.99999987075" lon="9.00547671294" />
  <node id="37234" visible="true" version="1" lat="49.99999987042" lon="9.00548368965" />
  <node id="37235" visible="true" version="1" lat="49.99999987009" lon="9.00549066635" />
  <node id="37236" visible="true" version="1" lat="49.99999986976" lon="9.00549764306" />
  <node id="37237" visible="true" version="1" lat="49.99999986943" lon="9.00550461976" />
  <node id="37238" visible="true" version="1" lat="49.9999998691" lon="9.00551159647" />
  <node id="37239" visible="true" version="1" lat="49.99999986877" lon="9.00551857317" />
  <node id="37240" visible="true" version="1" lat="49.99999986844" lon="9.00552554987" />
  <node id="37241" visible="true" version="1" lat="49.99999986811" lon="9.00553252658" />
  <node id="37242" visible="true" version="1" lat="49.99999986777" lon="9.00553950328" />
  <node id="37243" visible="true" version="1" lat="49.99999986744" lon="9.00554647999" />
  <node id="37244" visible="true" version="1" lat="49.99999986711" lon="9.00555345669" />
  <node id="37245" visible="true" version="1" lat="49.99999986677" lon="9.0055604334" />
  <node id="37246" visible="true" version="1" lat="49.99999986644" lon="9.0055674101" />
  <node id="37247" visible="true" version="1" lat="49.9999998661" lon="9.00557438681" />
  <node id="37248" visible="true" version="1" lat="49.99999986577" lon="9.00558136351" />
  <node id="37249" visible="true" version="1" lat="49.99999986543" lon="9.00558834021" />
  <node id="37250" visible="true" version="1" lat="49.9999998651" lon="9.00559531692" />
  <node id="37251" visible="true" version="1" lat="49.99999986476" lon="9.00560229362" />
  <node id="37252" visible="true" version="1" lat="49.99999986442" lon="9.00560927033" />
  <node id="37253" visible="true" version="1" lat="49.99999986408" lon="9.00561624703" />
  <node id="37254" visible="true" version="1" lat="49.99999986375" lon="9.00562322374" />
  <node id="37255" visible="true" version="1" lat="49.99999986341" lon="9.00563020044" />
  <node id="37256" visible="true" version="1" lat="49.99999986307" lon="9.00563717714" />
  <node id="37257" visible="true" version="1" lat="49.99999986273" lon="9.00564415385" />
  <node id="37258" visible="true" version="1" lat="49.99999986239" lon="9.00565113055" />
  <node id="37259" visible="true" version="1" lat="49.99999986205" lon="9.00565810726" />
  <node id="37260" visible="true" version="1" lat="49.99999986171" lon="9.00566508396" />
  <node id="37261" visible="true" version="1" lat="49.99999986137" lon="9.00567206067" />
  <node id="37262" visible="true" version="1" lat="49.99999986103" lon="9.00567903737" />
  <node id="37263" visible="true" version="1" lat="49.99999986069" lon="9.00568601407" />
  <node id="37264" visible="true" version="1" lat="49.99999986034" lon="9.00569299078" />
  <node id="37265" visible="true" version="1" lat="49.99999986" lon="9.00569996748" />
  <node id="37266" visible="true" version="1" lat="49.99999985966" lon="9.00570694419" />
  <node id="37267" visible="true" version="1" lat="49.99999985932" lon="9.00571392089" />
  <node id="37268" visible="true" version="1" lat="49.99999985897" lon="9.0057208976" />
  <node id="37269" visible="true" version="1" lat="49.99999985863" lon="9.0057278743" />
  <node id="37270" visible="true" version="1" lat="49.99999985828" lon="9.00573485101" />
  <node id="37271" visible="true" version="1" lat="49.99999985794" lon="9.00574182771" />
  <node id="37272" visible="true" version="1" lat="49.99999985759" lon="9.00574880441" />
  <node id="37273" visible="true" version="1" lat="49.99999985725" lon="9.00575578112" />
  <node id="37274" visible="true" version="1" lat="49.9999998569" lon="9.00576275782" />
  <node id="37275" visible="true" version="1" lat="49.99999985655" lon="9.00576973453" />
  <node id="37276" visible="true" version="1" lat="49.99999985621" lon="9.00577671123" />
  <node id="37277" visible="true" version="1" lat="49.99999985586" lon="9.00578368794" />
  <node id="37278" visible="true" version="1" lat="49.99999985551" lon="9.00579066464" />
  <node id="37279" visible="true" version="1" lat="49.99999985516" lon="9.00579764134" />
  <node id="37280" visible="true" version="1" lat="49.99999985481" lon="9.00580461805" />
  <node id="37281" visible="true" version="1" lat="49.99999985447" lon="9.00581159475" />
  <node id="37282" visible="true" version="1" lat="49.99999985412" lon="9.00581857146" />
  <node id="37283" visible="true" version="1" lat="49.99999985377" lon="9.00582554816" />
  <node id="37284" visible="true" version="1" lat="49.99999985341" lon="9.00583252487" />
  <node id="37285" visible="true" version="1" lat="49.99999985306" lon="9.00583950157" />
  <node id="37286" visible="true" version="1" lat="49.99999985271" lon="9.00584647827" />
  <node id="37287" visible="true" version="1" lat="49.99999985236" lon="9.00585345498" />
  <node id="37288" visible="true" version="1" lat="49.99999985201" lon="9.00586043168" />
  <node id="37289" visible="true" version="1" lat="49.99999985166" lon="9.00586740839" />
  <node id="37290" visible="true" version="1" lat="49.9999998513" lon="9.00587438509" />
  <node id="37291" visible="true" version="1" lat="49.99999985095" lon="9.0058813618" />
  <node id="37292" visible="true" version="1" lat="49.9999998506" lon="9.0058883385" />
  <node id="37293" visible="true" version="1" lat="49.99999985024" lon="9.00589531521" />
  <node id="37294" visible="true" version="1" lat="49.99999984989" lon="9.00590229191" />
  <node id="37295" visible="true" version="1" lat="49.99999984953" lon="9.00590926861" />
  <node id="37296" visible="true" version="1" lat="49.99999984918" lon="9.00591624532" />
  <node id="37297" visible="true" version="1" lat="49.99999984882" lon="9.00592322202" />
  <node id="37298" visible="true" version="1" lat="49.99999984846" lon="9.00593019873" />
  <node id="37299" visible="true" version="1" lat="49.99999984811" lon="9.00593717543" />
  <node id="37300" visible="true" version="1" lat="49.99999984775" lon="9.00594415214" />
  <node id="37301" visible="true" version="1" lat="49.99999984739" lon="9.00595112884" />
  <node id="37302" visible="true" version="1" lat="49.99999984703" lon="9.00595810554" />
  <node id="37303" visible="true" version="1" lat="49.99999984668" lon="9.00596508225" />
  <node id="37304" visible="true" version="1" lat="49.99999984632" lon="9.00597205895" />
  <node id="37305" visible="true" version="1" lat="49.99999984596" lon="9.00597903566" />
  <node id="37306" visible="true" version="1" lat="49.9999998456" lon="9.00598601236" />
  <node id="37307" visible="true" version="1" lat="49.99999984524" lon="9.00599298907" />
  <node id="37308" visible="true" version="1" lat="49.99999984488" lon="9.00599996577" />
  <node id="37309" visible="true" version="1" lat="49.99999984452" lon="9.00600694247" />
  <node id="37310" visible="true" version="1" lat="49.99999984416" lon="9.00601391918" />
  <node id="37311" visible="true" version="1" lat="49.99999984379" lon="9.00602089588" />
  <node id="37312" visible="true" version="1" lat="49.99999984343" lon="9.00602787259" />
  <node id="37313" visible="true" version="1" lat="49.99999984307" lon="9.00603484929" />
  <node id="37314" visible="true" version="1" lat="49.99999984271" lon="9.006041826" />
  <node id="37315" visible="true" version="1" lat="49.99999984234" lon="9.0060488027" />
  <node id="37316" visible="true" version="1" lat="49.99999984198" lon="9.00605577941" />
  <node id="37317" visible="true" version="1" lat="49.99999984161" lon="9.00606275611" />
  <node id="37318" visible="true" version="1" lat="49.99999984125" lon="9.00606973281" />
  <node id="37319" visible="true" version="1" lat="49.99999984088" lon="9.00607670952" />
  <node id="37320" visible="true" version="1" lat="49.99999984052" lon="9.00608368622" />
  <node id="37321" visible="true" version="1" lat="49.99999984015" lon="9.00609066293" />
  <node id="37322" visible="true" version="1" lat="49.99999983979" lon="9.00609763963" />
  <node id="37323" visible="true" version="1" lat="49.99999983942" lon="9.00610461634" />
  <node id="37324" visible="true" version="1" lat="49.99999983905" lon="9.00611159304" />
  <node id="37325" visible="true" version="1" lat="49.99999983868" lon="9.00611856974" />
  <node id="37326" visible="true" version="1" lat="49.99999983832" lon="9.00612554645" />
  <node id="37327" visible="true" version="1" lat="49.99999983795" lon="9.00613252315" />
  <node id="37328" visible="true" version="1" lat="49.99999983758" lon="9.00613949986" />
  <node id="37329" visible="true" version="1" lat="49.99999983721" lon="9.00614647656" />
  <node id="37330" visible="true" version="1" lat="49.99999983684" lon="9.00615345327" />
  <node id="37331" visible="true" version="1" lat="49.99999983647" lon="9.00616042997" />
  <node id="37332" visible="true" version="1" lat="49.9999998361" lon="9.00616740667" />
  <node id="37333" visible="true" version="1" lat="49.99999983573" lon="9.00617438338" />
  <node id="37334" visible="true" version="1" lat="49.99999983536" lon="9.00618136008" />
  <node id="37335" visible="true" version="1" lat="49.99999983498" lon="9.00618833679" />
  <node id="37336" visible="true" version="1" lat="49.99999983461" lon="9.00619531349" />
  <node id="37337" visible="true" version="1" lat="49.99999983424" lon="9.0062022902" />
  <node id="37338" visible="true" version="1" lat="49.99999983387" lon="9.0062092669" />
  <node id="37339" visible="true" version="1" lat="49.99999983349" lon="9.0062162436" />
  <node id="37340" visible="true" version="1" lat="49.99999983312" lon="9.00622322031" />
  <node id="37341" visible="true" version="1" lat="49.99999983274" lon="9.00623019701" />
  <node id="37342" visible="true" version="1" lat="49.99999983237" lon="9.00623717372" />
  <node id="37343" visible="true" version="1" lat="49.99999983199" lon="9.00624415042" />
  <node id="37344" visible="true" version="1" lat="49.99999983162" lon="9.00625112713" />
  <node id="37345" visible="true" version="1" lat="49.99999983124" lon="9.00625810383" />
  <node id="37346" visible="true" version="1" lat="49.99999983087" lon="9.00626508054" />
  <node id="37347" visible="true" version="1" lat="49.99999983049" lon="9.00627205724" />
  <node id="37348" visible="true" version="1" lat="49.99999983011" lon="9.00627903394" />
  <node id="37349" visible="true" version="1" lat="49.99999982973" lon="9.00628601065" />
  <node id="37350" visible="true" version="1" lat="49.99999982936" lon="9.00629298735" />
  <node id="37351" visible="true" version="1" lat="49.99999982898" lon="9.00629996406" />
  <node id="37352" visible="true" version="1" lat="49.9999998286" lon="9.00630694076" />
  <node id="37353" visible="true" version="1" lat="49.99999982822" lon="9.00631391747" />
  <node id="37354" visible="true" version="1" lat="49.99999982784" lon="9.00632089417" />
  <node id="37355" visible="true" version="1" lat="49.99999982746" lon="9.00632787087" />
  <node id="37356" visible="true" version="1" lat="49.99999982708" lon="9.00633484758" />
  <node id="37357" visible="true" version="1" lat="49.9999998267" lon="9.00634182428" />
  <node id="37358" visible="true" version="1" lat="49.99999982632" lon="9.00634880099" />
  <node id="37359" visible="true" version="1" lat="49.99999982593" lon="9.00635577769" />
  <node id="37360" visible="true" version="1" lat="49.99999982555" lon="9.0063627544" />
  <node id="37361" visible="true" version="1" lat="49.99999982517" lon="9.0063697311" />
  <node id="37362" visible="true" version="1" lat="49.99999982479" lon="9.0063767078" />
  <node id="37363" visible="true" version="1" lat="49.9999998244" lon="9.00638368451" />
  <node id="37364" visible="true" version="1" lat="49.99999982402" lon="9.00639066121" />
  <node id="37365" visible="true" version="1" lat="49.99999982363" lon="9.00639763792" />
  <node id="37366" visible="true" version="1" lat="49.99999982325" lon="9.00640461462" />
  <node id="37367" visible="true" version="1" lat="49.99999982286" lon="9.00641159133" />
  <node id="37368" visible="true" version="1" lat="49.99999982248" lon="9.00641856803" />
  <node id="37369" visible="true" version="1" lat="49.99999982209" lon="9.00642554474" />
  <node id="37370" visible="true" version="1" lat="49.99999982171" lon="9.00643252144" />
  <node id="37371" visible="true" version="1" lat="49.99999982132" lon="9.00643949814" />
  <node id="37372" visible="true" version="1" lat="49.99999982093" lon="9.00644647485" />
  <node id="37373" visible="true" version="1" lat="49.99999982054" lon="9.00645345155" />
  <node id="37374" visible="true" version="1" lat="49.99999982015" lon="9.00646042826" />
  <node id="37375" visible="true" version="1" lat="49.99999981977" lon="9.00646740496" />
  <node id="37376" visible="true" version="1" lat="49.99999981938" lon="9.00647438167" />
  <node id="37377" visible="true" version="1" lat="49.99999981899" lon="9.00648135837" />
  <node id="37378" visible="true" version="1" lat="49.9999998186" lon="9.00648833507" />
  <node id="37379" visible="true" version="1" lat="49.99999981821" lon="9.00649531178" />
  <node id="37380" visible="true" version="1" lat="49.99999981782" lon="9.00650228848" />
  <node id="37381" visible="true" version="1" lat="49.99999981743" lon="9.00650926519" />
  <node id="37382" visible="true" version="1" lat="49.99999981703" lon="9.00651624189" />
  <node id="37383" visible="true" version="1" lat="49.99999981664" lon="9.0065232186" />
  <node id="37384" visible="true" version="1" lat="49.99999981625" lon="9.0065301953" />
  <node id="37385" visible="true" version="1" lat="49.99999981586" lon="9.006537172" />
  <node id="37386" visible="true" version="1" lat="49.99999981546" lon="9.00654414871" />
  <node id="37387" visible="true" version="1" lat="49.99999981507" lon="9.00655112541" />
  <node id="37388" visible="true" version="1" lat="49.99999981468" lon="9.00655810212" />
  <node id="37389" visible="true" version="1" lat="49.99999981428" lon="9.00656507882" />
  <node id="37390" visible="true" version="1" lat="49.99999981389" lon="9.00657205553" />
  <node id="37391" visible="true" version="1" lat="49.99999981349" lon="9.00657903223" />
  <node id="37392" visible="true" version="1" lat="49.99999981309" lon="9.00658600893" />
  <node id="37393" visible="true" version="1" lat="49.9999998127" lon="9.00659298564" />
  <node id="37394" visible="true" version="1" lat="49.9999998123" lon="9.00659996234" />
  <node id="37395" visible="true" version="1" lat="49.99999981191" lon="9.00660693905" />
  <node id="37396" visible="true" version="1" lat="49.99999981151" lon="9.00661391575" />
  <node id="37397" visible="true" version="1" lat="49.99999981111" lon="9.00662089246" />
  <node id="37398" visible="true" version="1" lat="49.99999981071" lon="9.00662786916" />
  <node id="37399" visible="true" version="1" lat="49.99999981031" lon="9.00663484587" />
  <node id="37400" visible="true" version="1" lat="49.99999980991" lon="9.00664182257" />
  <node id="37401" visible="true" version="1" lat="49.99999980951" lon="9.00664879927" />
  <node id="37402" visible="true" version="1" lat="49.99999980911" lon="9.00665577598" />
  <node id="37403" visible="true" version="1" lat="49.99999980871" lon="9.00666275268" />
  <node id="37404" visible="true" version="1" lat="49.99999980831" lon="9.00666972939" />
  <node id="37405" visible="true" version="1" lat="49.99999980791" lon="9.00667670609" />
  <node id="37406" visible="true" version="1" lat="49.99999980751" lon="9.0066836828" />
  <node id="37407" visible="true" version="1" lat="49.99999980711" lon="9.0066906595" />
  <node id="37408" visible="true" version="1" lat="49.99999980671" lon="9.0066976362" />
  <node id="37409" visible="true" version="1" lat="49.9999998063" lon="9.00670461291" />
  <node id="37410" visible="true" version="1" lat="49.9999998059" lon="9.00671158961" />
  <node id="37411" visible="true" version="1" lat="49.9999998055" lon="9.00671856632" />
  <node id="37412" visible="true" version="1" lat="49.99999980509" lon="9.00672554302" />
  <node id="37413" visible="true" version="1" lat="49.99999980469" lon="9.00673251973" />
  <node id="37414" visible="true" version="1" lat="49.99999980428" lon="9.00673949643" />
  <node id="37415" visible="true" version="1" lat="49.99999980388" lon="9.00674647313" />
  <node id="37416" visible="true" version="1" lat="49.99999980347" lon="9.00675344984" />
  <node id="37417" visible="true" version="1" lat="49.99999980306" lon="9.00676042654" />
  <node id="37418" visible="true" version="1" lat="49.99999980266" lon="9.00676740325" />
  <node id="37419" visible="true" version="1" lat="49.99999980225" lon="9.00677437995" />
  <node id="37420" visible="true" version="1" lat="49.99999980184" lon="9.00678135666" />
  <node id="37421" visible="true" version="1" lat="49.99999980143" lon="9.00678833336" />
  <node id="37422" visible="true" version="1" lat="49.99999980103" lon="9.00679531006" />
  <node id="37423" visible="true" version="1" lat="49.99999980062" lon="9.00680228677" />
  <node id="37424" visible="true" version="1" lat="49.99999980021" lon="9.00680926347" />
  <node id="37425" visible="true" version="1" lat="49.9999997998" lon="9.00681624018" />
  <node id="37426" visible="true" version="1" lat="49.99999979939" lon="9.00682321688" />
  <node id="37427" visible="true" version="1" lat="49.99999979898" lon="9.00683019359" />
  <node id="37428" visible="true" version="1" lat="49.99999979857" lon="9.00683717029" />
  <node id="37429" visible="true" version="1" lat="49.99999979816" lon="9.00684414699" />
  <node id="37430" visible="true" version="1" lat="49.99999979774" lon="9.0068511237" />
  <node id="37431" visible="true" version="1" lat="49.99999979733" lon="9.0068581004" />
  <node id="37432" visible="true" version="1" lat="49.99999979692" lon="9.00686507711" />
  <node id="37433" visible="true" version="1" lat="49.99999979651" lon="9.00687205381" />
  <node id="37434" visible="true" version="1" lat="49.99999979609" lon="9.00687903052" />
  <node id="37435" visible="true" version="1" lat="49.99999979568" lon="9.00688600722" />
  <node id="37436" visible="true" version="1" lat="49.99999979527" lon="9.00689298393" />
  <node id="37437" visible="true" version="1" lat="49.99999979485" lon="9.00689996063" />
  <node id="37438" visible="true" version="1" lat="49.99999979444" lon="9.00690693733" />
  <node id="37439" visible="true" version="1" lat="49.99999979402" lon="9.00691391404" />
  <node id="37440" visible="true" version="1" lat="49.9999997936" lon="9.00692089074" />
  <node id="37441" visible="true" version="1" lat="49.99999979319" lon="9.00692786745" />
  <node id="37442" visible="true" version="1" lat="49.99999979277" lon="9.00693484415" />
  <node id="37443" visible="true" version="1" lat="49.99999979235" lon="9.00694182086" />
  <node id="37444" visible="true" version="1" lat="49.99999979194" lon="9.00694879756" />
  <node id="37445" visible="true" version="1" lat="49.99999979152" lon="9.00695577426" />
  <node id="37446" visible="true" version="1" lat="49.9999997911" lon="9.00696275097" />
  <node id="37447" visible="true" version="1" lat="49.99999979068" lon="9.00696972767" />
  <node id="37448" visible="true" version="1" lat="49.99999979026" lon="9.00697670438" />
  <way id="33441" visible="true" version="1">
    <nd ref="32440" />
    <nd ref="32441" />
    <nd ref="32442" />
    <nd ref="32443" />
    <nd ref="32444" />
    <nd ref="32445" />
    <nd ref="32446" />
    <nd ref="32447" />
    <nd ref="32448" />
    <nd ref="32449" />
    <nd ref="32450" />
    <nd ref="32451" />
    <nd ref="32452" />
    <nd ref="32453" />
    <nd ref="32454" />
    <nd ref="32455" />
    <nd ref="32456" />
    <nd ref="32457" />
    <nd ref="32458" />
    <nd ref="32459" />
    <nd ref="32460" />
    <nd ref="32461" />
    <nd ref="32462" />
    <nd ref="32463" />
    <nd ref="32464" />
    <nd ref="32465" />
    <nd ref="32466" />
    <nd ref="32467" />
    <nd ref="32468" />
    <nd ref="32469" />
    <nd ref="32470" />
    <nd ref="32471" />
    <nd ref="32472" />
    <nd ref="32473" />
    <nd ref="32474" />
    <nd ref="32475" />
    <nd ref="32476" />
    <nd ref="32477" />
    <nd ref="32478" />
    <nd ref="32479" />
    <nd ref="32480" />
    <nd ref="32481" />
    <nd ref="32482" />
    <nd ref="32483" />
    <nd ref="32484" />
    <nd ref="32485" />
    <nd ref="32486" />
    <nd ref="32487" />
    <nd ref="32488" />
    <nd ref="32489" />
    <nd ref="32490" />
    <nd ref="32491" />
    <nd ref="32492" />
    <nd ref="32493" />
    <nd ref="32494" />
    <nd ref="32495" />
    <nd ref="32496" />
    <nd ref="32497" />
    <nd ref="32498" />
    <nd ref="32499" />
    <nd ref="32500" />
    <nd ref="32501" />
    <nd ref="32502" />
    <nd ref="32503" />
    <nd ref="32504" />
    <nd ref="32505" />
    <nd ref="32506" />
    <nd ref="32507" />
    <nd ref="32508" />
    <nd ref="32509" />
    <nd ref="32510" />
    <nd ref="32511" />
    <nd ref="32512" />
    <nd ref="32513" />
    <nd ref="32514" />
    <nd ref="32515" />
    <nd ref="32516" />
    <nd ref="32517" />
    <nd ref="32518" />
    <nd ref="32519" />
    <nd ref="32520" />
    <nd ref="32521" />
    <nd ref="32522" />
    <nd ref="32523" />
    <nd ref="32524" />
    <nd ref="32525" />
    <nd ref="32526" />
    <nd ref="32527" />
    <nd ref="32528" />
    <nd ref="32529" />
    <nd ref="32530" />
    <nd ref="32531" />
    <nd ref="32532" />
    <nd ref="32533" />
    <nd ref="32534" />
    <nd ref="32535" />
    <nd ref="32536" />
    <nd ref="32537" />
    <nd ref="32538" />
    <nd ref="32539" />
    <nd ref="32540" />
    <nd ref="32541" />
    <nd ref="32542" />
    <nd ref="32543" />
    <nd ref="32544" />
    <nd ref="32545" />
    <nd ref="32546" />
    <nd ref="32547" />
    <nd ref="32548" />
    <nd ref="32549" />
    <nd ref="32550" />
    <nd ref="32551" />
    <nd ref="32552" />
    <nd ref="32553" />
    <nd ref="32554" />
    <nd ref="32555" />
    <nd ref="32556" />
    <nd ref="32557" />
    <nd ref="32558" />
    <nd ref="32559" />
    <nd ref="32560" />
    <nd ref="32561" />
    <nd ref="32562" />
    <nd ref="32563" />
    <nd ref="32564" />
    <nd ref="32565" />
    <nd ref="32566" />
    <nd ref="32567" />
    <nd ref="32568" />
    <nd ref="32569" />
    <nd ref="32570" />
    <nd ref="32571" />
    <nd ref="32572" />
    <nd ref="32573" />
    <nd ref="32574" />
    <nd ref="32575" />
    <nd ref="32576" />
    <nd ref="32577" />
    <nd ref="32578" />
    <nd ref="32579" />
    <nd ref="32580" />
    <nd ref="32581" />
    <nd ref="32582" />
    <nd ref="32583" />
    <nd ref="32584" />
    <nd ref="32585" />
    <nd ref="32586" />
    <nd ref="32587" />
    <nd ref="32588" />
    <nd ref="32589" />
    <nd ref="32590" />
    <nd ref="32591" />
    <nd ref="32592" />
    <nd ref="32593" />
    <nd ref="32594" />
    <nd ref="32595" />
    <nd ref="32596" />
    <nd ref="32597" />
    <nd ref="32598" />
    <nd ref="32599" />
    <nd ref="32600" />
    <nd ref="32601" />
    <nd ref="32602" />
    <nd ref="32603" />
    <nd ref="32604" />
    <nd ref="32605" />
    <nd ref="32606" />
    <nd ref="32607" />
    <nd ref="32608" />
    <nd ref="32609" />
    <nd ref="32610" />
    <nd ref="32611" />
    <nd ref="32612" />
    <nd ref="32613" />
    <nd ref="32614" />
    <nd ref="32615" />
    <nd ref="32616" />
    <nd ref="32617" />
    <nd ref="32618" />
    <nd ref="32619" />
    <nd ref="32620" />
    <nd ref="32621" />
    <nd ref="32622" />
    <nd ref="32623" />
    <nd ref="32624" />
    <nd ref="32625" />
    <nd ref="32626" />
    <nd ref="32627" />
    <nd ref="32628" />
    <nd ref="32629" />
    <nd ref="32630" />
    <nd ref="32631" />
    <nd ref="32632" />
    <nd ref="32633" />
    <nd ref="32634" />
    <nd ref="32635" />
    <nd ref="32636" />
    <nd ref="32637" />
    <nd ref="32638" />
    <nd ref="32639" />
    <nd ref="32640" />
    <nd ref="32641" />
    <nd ref="32642" />
    <nd ref="32643" />
    <nd ref="32644" />
    <nd ref="32645" />
    <nd ref="32646" />
    <nd ref="32647" />
    <nd ref="32648" />
    <nd ref="32649" />
    <nd ref="32650" />
    <nd ref="32651" />
    <nd ref="32652" />
    <nd ref="32653" />
    <nd ref="32654" />
    <nd ref="32655" />
    <nd ref="32656" />
    <nd ref="32657" />
    <nd ref="32658" />
    <nd ref="32659" />
    <nd ref="32660" />
    <nd ref="32661" />
    <nd ref="32662" />
    <nd ref="32663" />
    <nd ref="32664" />
    <nd ref="32665" />
    <nd ref="32666" />
    <nd ref="32667" />
    <nd ref="32668" />
    <nd ref="32669" />
    <nd ref="32670" />
    <nd ref="32671" />
    <nd ref="32672" />
    <nd ref="32673" />
    <nd ref="32674" />
    <nd ref="32675" />
    <nd ref="32676" />
    <nd ref="32677" />
    <nd ref="32678" />
    <nd ref="32679" />
    <nd ref="32680" />
    <nd ref="32681" />
    <nd ref="32682" />
    <nd ref="32683" />
    <nd ref="32684" />
    <nd ref="32685" />
    <nd ref="32686" />
    <nd ref="32687" />
    <nd ref="32688" />
    <nd ref="32689" />
    <nd ref="32690" />
    <nd ref="32691" />
    <nd ref="32692" />
    <nd ref="32693" />
    <nd ref="32694" />
    <nd ref="32695" />
    <nd ref="32696" />
    <nd ref="32697" />
    <nd ref="32698" />
    <nd ref="32699" />
    <nd ref="32700" />
    <nd ref="32701" />
    <nd ref="32702" />
    <nd ref="32703" />
    <nd ref="32704" />
    <nd ref="32705" />
    <nd ref="32706" />
    <nd ref="32707" />
    <nd ref="32708" />
    <nd ref="32709" />
    <nd ref="32710" />
    <nd ref="32711" />
    <nd ref="32712" />
    <nd ref="32713" />
    <nd ref="32714" />
    <nd ref="32715" />
    <nd ref="32716" />
    <nd ref="32717" />
    <nd ref="32718" />
    <nd ref="32719" />
    <nd ref="32720" />
    <nd ref="32721" />
    <nd ref="32722" />
    <nd ref="32723" />
    <nd ref="32724" />
    <nd ref="32725" />
    <nd ref="32726" />
    <nd ref="32727" />
    <nd ref="32728" />
    <nd ref="32729" />
    <nd ref="32730" />
    <nd ref="32731" />
    <nd ref="32732" />
    <nd ref="32733" />
    <nd ref="32734" />
    <nd ref="32735" />
    <nd ref="32736" />
    <nd ref="32737" />
    <nd ref="32738" />
    <nd ref="32739" />
    <nd ref="32740" />
    <nd ref="32741" />
    <nd ref="32742" />
    <nd ref="32743" />
    <nd ref="32744" />
    <nd ref="32745" />
    <nd ref="32746" />
    <nd ref="32747" />
    <nd ref="32748" />
    <nd ref="32749" />
    <nd ref="32750" />
    <nd ref="32751" />
    <nd ref="32752" />
    <nd ref="32753" />
    <nd ref="32754" />
    <nd ref="32755" />
    <nd ref="32756" />
    <nd ref="32757" />
    <nd ref="32758" />
    <nd ref="32759" />
    <nd ref="32760" />
    <nd ref="32761" />
    <nd ref="32762" />
    <nd ref="32763" />
    <nd ref="32764" />
    <nd ref="32765" />
    <nd ref="32766" />
    <nd ref="32767" />
    <nd ref="32768" />
    <nd ref="32769" />
    <nd ref="32770" />
    <nd ref="32771" />
    <nd ref="32772" />
    <nd ref="32773" />
    <nd ref="32774" />
    <nd ref="32775" />
    <nd ref="32776" />
    <nd ref="32777" />
    <nd ref="32778" />
    <nd ref="32779" />
    <nd ref="32780" />
    <nd ref="32781" />
    <nd ref="32782" />
    <nd ref="32783" />
    <nd ref="32784" />
    <nd ref="32785" />
    <nd ref="32786" />
    <nd ref="32787" />
    <nd ref="32788" />
    <nd ref="32789" />
    <nd ref="32790" />
    <nd ref="32791" />
    <nd ref="32792" />
    <nd ref="32793" />
    <nd ref="32794" />
    <nd ref="32795" />
    <nd ref="32796" />
    <nd ref="32797" />
    <nd ref="32798" />
    <nd ref="32799" />
    <nd ref="32800" />
    <nd ref="32801" />
    <nd ref="32802" />
    <nd ref="32803" />
    <nd ref="32804" />
    <nd ref="32805" />
    <nd ref="32806" />
    <nd ref="32807" />
    <nd ref="32808" />
    <nd ref="32809" />
    <nd ref="32810" />
    <nd ref="32811" />
    <nd ref="32812" />
    <nd ref="32813" />
    <nd ref="32814" />
    <nd ref="32815" />
    <nd ref="32816" />
    <nd ref="32817" />
    <nd ref="32818" />
    <nd ref="32819" />
    <nd ref="32820" />
    <nd ref="32821" />
    <nd ref="32822" />
    <nd ref="32823" />
    <nd ref="32824" />
    <nd ref="32825" />
    <nd ref="32826" />
    <nd ref="32827" />
    <nd ref="32828" />
    <nd ref="32829" />
    <nd ref="32830" />
    <nd ref="32831" />
    <nd ref="32832" />
    <nd ref="32833" />
    <nd ref="32834" />
    <nd ref="32835" />
    <nd ref="32836" />
    <nd ref="32837" />
    <nd ref="32838" />
    <nd ref="32839" />
    <nd ref="32840" />
    <nd ref="32841" />
    <nd ref="32842" />
    <nd ref="32843" />
    <nd ref="32844" />
    <nd ref="32845" />
    <nd ref="32846" />
    <nd ref="32847" />
    <nd ref="32848" />
    <nd ref="32849" />
    <nd ref="32850" />
    <nd ref="32851" />
    <nd ref="32852" />
    <nd ref="32853" />
    <nd ref="32854" />
    <nd ref="32855" />
    <nd ref="32856" />
    <nd ref="32857" />
    <nd ref="32858" />
    <nd ref="32859" />
    <nd ref="32860" />
    <nd ref="32861" />
    <nd ref="32862" />
    <nd ref="32863" />
    <nd ref="32864" />
    <nd ref="32865" />
    <nd ref="32866" />
    <nd ref="32867" />
    <nd ref="32868" />
    <nd ref="32869" />
    <nd ref="32870" />
    <nd ref="32871" />
    <nd ref="32872" />
    <nd ref="32873" />
    <nd ref="32874" />
    <nd ref="32875" />
    <nd ref="32876" />
    <nd ref="32877" />
    <nd ref="32878" />
    <nd ref="32879" />
    <nd ref="32880" />
    <nd ref="32881" />
    <nd ref="32882" />
    <nd ref="32883" />
    <nd ref="32884" />
    <nd ref="32885" />
    <nd ref="32886" />
    <nd ref="32887" />
    <nd ref="32888" />
    <nd ref="32889" />
    <nd ref="32890" />
    <nd ref="32891" />
    <nd ref="32892" />
    <nd ref="32893" />
    <nd ref="32894" />
    <nd ref="32895" />
    <nd ref="32896" />
    <nd ref="32897" />
    <nd ref="32898" />
    <nd ref="32899" />
    <nd ref="32900" />
    <nd ref="32901" />
    <nd ref="32902" />
    <nd ref="32903" />
    <nd ref="32904" />
    <nd ref="32905" />
    <nd ref="32906" />
    <nd ref="32907" />
    <nd ref="32908" />
    <nd ref="32909" />
    <nd ref="32910" />
    <nd ref="32911" />
    <nd ref="32912" />
    <nd ref="32913" />
    <nd ref="32914" />
    <nd ref="32915" />
    <nd ref="32916" />
    <nd ref="32917" />
    <nd ref="32918" />
    <nd ref="32919" />
    <nd ref="32920" />
    <nd ref="32921" />
    <nd ref="32922" />
    <nd ref="32923" />
    <nd ref="32924" />
    <nd ref="32925" />
    <nd ref="32926" />
    <nd ref="32927" />
    <nd ref="32928" />
    <nd ref="32929" />
    <nd ref="32930" />
    <nd ref="32931" />
    <nd ref="32932" />
    <nd ref="32933" />
    <nd ref="32934" />
    <nd ref="32935" />
    <nd ref="32936" />
    <nd ref="32937" />
    <nd ref="32938" />
    <nd ref="32939" />
    <nd ref="32940" />
    <nd ref="32941" />
    <nd ref="32942" />
    <nd ref="32943" />
    <nd ref="32944" />
    <nd ref="32945" />
    <nd ref="32946" />
    <nd ref="32947" />
    <nd ref="32948" />
    <nd ref="32949" />
    <nd ref="32950" />
    <nd ref="32951" />
    <nd ref="32952" />
    <nd ref="32953" />
    <nd ref="32954" />
    <nd ref="32955" />
    <nd ref="32956" />
    <nd ref="32957" />
    <nd ref="32958" />
    <nd ref="32959" />
    <nd ref="32960" />
    <nd ref="32961" />
    <nd ref="32962" />
    <nd ref="32963" />
    <nd ref="32964" />
    <nd ref="32965" />
    <nd ref="32966" />
    <nd ref="32967" />
    <nd ref="32968" />
    <nd ref="32969" />
    <nd ref="32970" />
    <nd ref="32971" />
    <nd ref="32972" />
    <nd ref="32973" />
    <nd ref="32974" />
    <nd ref="32975" />
    <nd ref="32976" />
    <nd ref="32977" />
    <nd ref="32978" />
    <nd ref="32979" />
    <nd ref="32980" />
    <nd ref="32981" />
    <nd ref="32982" />
    <nd ref="32983" />
    <nd ref="32984" />
    <nd ref="32985" />
    <nd ref="32986" />
    <nd ref="32987" />
    <nd ref="32988" />
    <nd ref="32989" />
    <nd ref="32990" />
    <nd ref="32991" />
    <nd ref="32992" />
    <nd ref="32993" />
    <nd ref="32994" />
    <nd ref="32995" />
    <nd ref="32996" />
    <nd ref="32997" />
    <nd ref="32998" />
    <nd ref="32999" />
    <nd ref="33000" />
    <nd ref="33001" />
    <nd ref="33002" />
    <nd ref="33003" />
    <nd ref="33004" />
    <nd ref="33005" />
    <nd ref="33006" />
    <nd ref="33007" />
    <nd ref="33008" />
    <nd ref="33009" />
    <nd ref="33010" />
    <nd ref="33011" />
    <nd ref="33012" />
    <nd ref="33013" />
    <nd ref="33014" />
    <nd ref="33015" />
    <nd ref="33016" />
    <nd ref="33017" />
    <nd ref="33018" />
    <nd ref="33019" />
    <nd ref="33020" />
    <nd ref="33021" />
    <nd ref="33022" />
    <nd ref="33023" />
    <nd ref="33024" />
    <nd ref="33025" />
    <nd ref="33026" />
    <nd ref="33027" />
    <nd ref="33028" />
    <nd ref="33029" />
    <nd ref="33030" />
    <nd ref="33031" />
    <nd ref="33032" />
    <nd ref="33033" />
    <nd ref="33034" />
    <nd ref="33035" />
    <nd ref="33036" />
    <nd ref="33037" />
    <nd ref="33038" />
    <nd ref="33039" />
    <nd ref="33040" />
    <nd ref="33041" />
    <nd ref="33042" />
    <nd ref="33043" />
    <nd ref="33044" />
    <nd ref="33045" />
    <nd ref="33046" />
    <nd ref="33047" />
    <nd ref="33048" />
    <nd ref="33049" />
    <nd ref="33050" />
    <nd ref="33051" />
    <nd ref="33052" />
    <nd ref="33053" />
    <nd ref="33054" />
    <nd ref="33055" />
    <nd ref="33056" />
    <nd ref="33057" />
    <nd ref="33058" />
    <nd ref="33059" />
    <nd ref="33060" />
    <nd ref="33061" />
    <nd ref="33062" />
    <nd ref="33063" />
    <nd ref="33064" />
    <nd ref="33065" />
    <nd ref="33066" />
    <nd ref="33067" />
    <nd ref="33068" />
    <nd ref="33069" />
    <nd ref="33070" />
    <nd ref="33071" />
    <nd ref="33072" />
    <nd ref="33073" />
    <nd ref="33074" />
    <nd ref="33075" />
    <nd ref="33076" />
    <nd ref="33077" />
    <nd ref="33078" />
    <nd ref="33079" />
    <nd ref="33080" />
    <nd ref="33081" />
    <nd ref="33082" />
    <nd ref="33083" />
    <nd ref="33084" />
    <nd ref="33085" />
    <nd ref="33086" />
    <nd ref="33087" />
    <nd ref="33088" />
    <nd ref="33089" />
    <nd ref="33090" />
    <nd ref="33091" />
    <nd ref="33092" />
    <nd ref="33093" />
    <nd ref="33094" />
    <nd ref="33095" />
    <nd ref="33096" />
    <nd ref="33097" />
    <nd ref="33098" />
    <nd ref="33099" />
    <nd ref="33100" />
    <nd ref="33101" />
    <nd ref="33102" />
    <nd ref="33103" />
    <nd ref="33104" />
    <nd ref="33105" />
    <nd ref="33106" />
    <nd ref="33107" />
    <nd ref="33108" />
    <nd ref="33109" />
    <nd ref="33110" />
    <nd ref="33111" />
    <nd ref="33112" />
    <nd ref="33113" />
    <nd ref="33114" />
    <nd ref="33115" />
    <nd ref="33116" />
    <nd ref="33117" />
    <nd ref="33118" />
    <nd ref="33119" />
    <nd ref="33120" />
    <nd ref="33121" />
    <nd ref="33122" />
    <nd ref="33123" />
    <nd ref="33124" />
    <nd ref="33125" />
    <nd ref="33126" />
    <nd ref="33127" />
    <nd ref="33128" />
    <nd ref="33129" />
    <nd ref="33130" />
    <nd ref="33131" />
    <nd ref="33132" />
    <nd ref="33133" />
    <nd ref="33134" />
    <nd ref="33135" />
    <nd ref="33136" />
    <nd ref="33137" />
    <nd ref="33138" />
    <nd ref="33139" />
    <nd ref="33140" />
    <nd ref="33141" />
    <nd ref="33142" />
    <nd ref="33143" />
    <nd ref="33144" />
    <nd ref="33145" />
    <nd ref="33146" />
    <nd ref="33147" />
    <nd ref="33148" />
    <nd ref="33149" />
    <nd ref="33150" />
    <nd ref="33151" />
    <nd ref="33152" />
    <nd ref="33153" />
    <nd ref="33154" />
    <nd ref="33155" />
    <nd ref="33156" />
    <nd ref="33157" />
    <nd ref="33158" />
    <nd ref="33159" />
    <nd ref="33160" />
    <nd ref="33161" />
    <nd ref="33162" />
    <nd ref="33163" />
    <nd ref="33164" />
    <nd ref="33165" />
    <nd ref="33166" />
    <nd ref="33167" />
    <nd ref="33168" />
    <nd ref="33169" />
    <nd ref="33170" />
    <nd ref="33171" />
    <nd ref="33172" />
    <nd ref="33173" />
    <nd ref="33174" />
    <nd ref="33175" />
    <nd ref="33176" />
    <nd ref="33177" />
    <nd ref="33178" />
    <nd ref="33179" />
    <nd ref="33180" />
    <nd ref="33181" />
    <nd ref="33182" />
    <nd ref="33183" />
    <nd ref="33184" />
    <nd ref="33185" />
    <nd ref="33186" />
    <nd ref="33187" />
    <nd ref="33188" />
    <nd ref="33189" />
    <nd ref="33190" />
    <nd ref="33191" />
    <nd ref="33192" />
    <nd ref="33193" />
    <nd ref="33194" />
    <nd ref="33195" />
    <nd ref="33196" />
    <nd ref="33197" />
    <nd ref="33198" />
    <nd ref="33199" />
    <nd ref="33200" />
    <nd ref="33201" />
    <nd ref="33202" />
    <nd ref="33203" />
    <nd ref="33204" />
    <nd ref="33205" />
    <nd ref="33206" />
    <nd ref="33207" />
    <nd ref="33208" />
    <nd ref="33209" />
    <nd ref="33210" />
    <nd ref="33211" />
    <nd ref="33212" />
    <nd ref="33213" />
    <nd ref="33214" />
    <nd ref="33215" />
    <nd ref="33216" />
    <nd ref="33217" />
    <nd ref="33218" />
    <nd ref="33219" />
    <nd ref="33220" />
    <nd ref="33221" />
    <nd ref="33222" />
    <nd ref="33223" />
    <nd ref="33224" />
    <nd ref="33225" />
    <nd ref="33226" />
    <nd ref="33227" />
    <nd ref="33228" />
    <nd ref="33229" />
    <nd ref="33230" />
    <nd ref="33231" />
    <nd ref="33232" />
    <nd ref="33233" />
    <nd ref="33234" />
    <nd ref="33235" />
    <nd ref="33236" />
    <nd ref="33237" />
    <nd ref="33238" />
    <nd ref="33239" />
    <nd ref="33240" />
    <nd ref="33241" />
    <nd ref="33242" />
    <nd ref="33243" />
    <nd ref="33244" />
    <nd ref="33245" />
    <nd ref="33246" />
    <nd ref="33247" />
    <nd ref="33248" />
    <nd ref="33249" />
    <nd ref="33250" />
    <nd ref="33251" />
    <nd ref="33252" />
    <nd ref="33253" />
    <nd ref="33254" />
    <nd ref="33255" />
    <nd ref="33256" />
    <nd ref="33257" />
    <nd ref="33258" />
    <nd ref="33259" />
    <nd ref="33260" />
    <nd ref="33261" />
    <nd ref="33262" />
    <nd ref="33263" />
    <nd ref="33264" />
    <nd ref="33265" />
    <nd ref="33266" />
    <nd ref="33267" />
    <nd ref="33268" />
    <nd ref="33269" />
    <nd ref="33270" />
    <nd ref="33271" />
    <nd ref="33272" />
    <nd ref="33273" />
    <nd ref="33274" />
    <nd ref="33275" />
    <nd ref="33276" />
    <nd ref="33277" />
    <nd ref="33278" />
    <nd ref="33279" />
    <nd ref="33280" />
    <nd ref="33281" />
    <nd ref="33282" />
    <nd ref="33283" />
    <nd ref="33284" />
    <nd ref="33285" />
    <nd ref="33286" />
    <nd ref="33287" />
    <nd ref="33288" />
    <nd ref="33289" />
    <nd ref="33290" />
    <nd ref="33291" />
    <nd ref="33292" />
    <nd ref="33293" />
    <nd ref="33294" />
    <nd ref="33295" />
    <nd ref="33296" />
    <nd ref="33297" />
    <nd ref="33298" />
    <nd ref="33299" />
    <nd ref="33300" />
    <nd ref="33301" />
    <nd ref="33302" />
    <nd ref="33303" />
    <nd ref="33304" />
    <nd ref="33305" />
    <nd ref="33306" />
    <nd ref="33307" />
    <nd ref="33308" />
    <nd ref="33309" />
    <nd ref="33310" />
    <nd ref="33311" />
    <nd ref="33312" />
    <nd ref="33313" />
    <nd ref="33314" />
    <nd ref="33315" />
    <nd ref="33316" />
    <nd ref="33317" />
    <nd ref="33318" />
    <nd ref="33319" />
    <nd ref="33320" />
    <nd ref="33321" />
    <nd ref="33322" />
    <nd ref="33323" />
    <nd ref="33324" />
    <nd ref="33325" />
    <nd ref="33326" />
    <nd ref="33327" />
    <nd ref="33328" />
    <nd ref="33329" />
    <nd ref="33330" />
    <nd ref="33331" />
    <nd ref="33332" />
    <nd ref="33333" />
    <nd ref="33334" />
    <nd ref="33335" />
    <nd ref="33336" />
    <nd ref="33337" />
    <nd ref="33338" />
    <nd ref="33339" />
    <nd ref="33340" />
    <nd ref="33341" />
    <nd ref="33342" />
    <nd ref="33343" />
    <nd ref="33344" />
    <nd ref="33345" />
    <nd ref="33346" />
    <nd ref="33347" />
    <nd ref="33348" />
    <nd ref="33349" />
    <nd ref="33350" />
    <nd ref="33351" />
    <nd ref="33352" />
    <nd ref="33353" />
    <nd ref="33354" />
    <nd ref="33355" />
    <nd ref="33356" />
    <nd ref="33357" />
    <nd ref="33358" />
    <nd ref="33359" />
    <nd ref="33360" />
    <nd ref="33361" />
    <nd ref="33362" />
    <nd ref="33363" />
    <nd ref="33364" />
    <nd ref="33365" />
    <nd ref="33366" />
    <nd ref="33367" />
    <nd ref="33368" />
    <nd ref="33369" />
    <nd ref="33370" />
    <nd ref="33371" />
    <nd ref="33372" />
    <nd ref="33373" />
    <nd ref="33374" />
    <nd ref="33375" />
    <nd ref="33376" />
    <nd ref="33377" />
    <nd ref="33378" />
    <nd ref="33379" />
    <nd ref="33380" />
    <nd ref="33381" />
    <nd ref="33382" />
    <nd ref="33383" />
    <nd ref="33384" />
    <nd ref="33385" />
    <nd ref="33386" />
    <nd ref="33387" />
    <nd ref="33388" />
    <nd ref="33389" />
    <nd ref="33390" />
    <nd ref="33391" />
    <nd ref="33392" />
    <nd ref="33393" />
    <nd ref="33394" />
    <nd ref="33395" />
    <nd ref="33396" />
    <nd ref="33397" />
    <nd ref="33398" />
    <nd ref="33399" />
    <nd ref="33400" />
    <nd ref="33401" />
    <nd ref="33402" />
    <nd ref="33403" />
    <nd ref="33404" />
    <nd ref="33405" />
    <nd ref="33406" />
    <nd ref="33407" />
    <nd ref="33408" />
    <nd ref="33409" />
    <nd ref="33410" />
    <nd ref="33411" />
    <nd ref="33412" />
    <nd ref="33413" />
    <nd ref="33414" />
    <nd ref="33415" />
    <nd ref="33416" />
    <nd ref="33417" />
    <nd ref="33418" />
    <nd ref="33419" />
    <nd ref="33420" />
    <nd ref="33421" />
    <nd ref="33422" />
    <nd ref="33423" />
    <nd ref="33424" />
    <nd ref="33425" />
    <nd ref="33426" />
    <nd ref="33427" />
    <nd ref="33428" />
    <nd ref="33429" />
    <nd ref="33430" />
    <nd ref="33431" />
    <nd ref="33432" />
    <nd ref="33433" />
    <nd ref="33434" />
    <nd ref="33435" />
    <nd ref="33436" />
    <nd ref="33437" />
    <nd ref="33438" />
    <nd ref="33439" />
    <nd ref="33440" />
    <tag k="subtype" v="solid" />
    <tag k="type" v="line_thin" />
  </way>
  <way id="34443" visible="true" version="1">
    <nd ref="33442" />
    <nd ref="33443" />
    <nd ref="33444" />
    <nd ref="33445" />
    <nd ref="33446" />
    <nd ref="33447" />
    <nd ref="33448" />
    <nd ref="33449" />
    <nd ref="33450" />
    <nd ref="33451" />
    <nd ref="33452" />
    <nd ref="33453" />
    <nd ref="33454" />
    <nd ref="33455" />
    <nd ref="33456" />
    <nd ref="33457" />
    <nd ref="33458" />
    <nd ref="33459" />
    <nd ref="33460" />
    <nd ref="33461" />
    <nd ref="33462" />
    <nd ref="33463" />
    <nd ref="33464" />
    <nd ref="33465" />
    <nd ref="33466" />
    <nd ref="33467" />
    <nd ref="33468" />
    <nd ref="33469" />
    <nd ref="33470" />
    <nd ref="33471" />
    <nd ref="33472" />
    <nd ref="33473" />
    <nd ref="33474" />
    <nd ref="33475" />
    <nd ref="33476" />
    <nd ref="33477" />
    <nd ref="33478" />
    <nd ref="33479" />
    <nd ref="33480" />
    <nd ref="33481" />
    <nd ref="33482" />
    <nd ref="33483" />
    <nd ref="33484" />
    <nd ref="33485" />
    <nd ref="33486" />
    <nd ref="33487" />
    <nd ref="33488" />
    <nd ref="33489" />
    <nd ref="33490" />
    <nd ref="33491" />
    <nd ref="33492" />
    <nd ref="33493" />
    <nd ref="33494" />
    <nd ref="33495" />
    <nd ref="33496" />
    <nd ref="33497" />
    <nd ref="33498" />
    <nd ref="33499" />
    <nd ref="33500" />
    <nd ref="33501" />
    <nd ref="33502" />
    <nd ref="33503" />
    <nd ref="33504" />
    <nd ref="33505" />
    <nd ref="33506" />
    <nd ref="33507" />
    <nd ref="33508" />
    <nd ref="33509" />
    <nd ref="33510" />
    <nd ref="33511" />
    <nd ref="33512" />
    <nd ref="33513" />
    <nd ref="33514" />
    <nd ref="33515" />
    <nd ref="33516" />
    <nd ref="33517" />
    <nd ref="33518" />
    <nd ref="33519" />
    <nd ref="33520" />
    <nd ref="33521" />
    <nd ref="33522" />
    <nd ref="33523" />
    <nd ref="33524" />
    <nd ref="33525" />
    <nd ref="33526" />
    <nd ref="33527" />
    <nd ref="33528" />
    <nd ref="33529" />
    <nd ref="33530" />
    <nd ref="33531" />
    <nd ref="33532" />
    <nd ref="33533" />
    <nd ref="33534" />
    <nd ref="33535" />
    <nd ref="33536" />
    <nd ref="33537" />
    <nd ref="33538" />
    <nd ref="33539" />
    <nd ref="33540" />
    <nd ref="33541" />
    <nd ref="33542" />
    <nd ref="33543" />
    <nd ref="33544" />
    <nd ref="33545" />
    <nd ref="33546" />
    <nd ref="33547" />
    <nd ref="33548" />
    <nd ref="33549" />
    <nd ref="33550" />
    <nd ref="33551" />
    <nd ref="33552" />
    <nd ref="33553" />
    <nd ref="33554" />
    <nd ref="33555" />
    <nd ref="33556" />
    <nd ref="33557" />
    <nd ref="33558" />
    <nd ref="33559" />
    <nd ref="33560" />
    <nd ref="33561" />
    <nd ref="33562" />
    <nd ref="33563" />
    <nd ref="33564" />
    <nd ref="33565" />
    <nd ref="33566" />
    <nd ref="33567" />
    <nd ref="33568" />
    <nd ref="33569" />
    <nd ref="33570" />
    <nd ref="33571" />
    <nd ref="33572" />
    <nd ref="33573" />
    <nd ref="33574" />
    <nd ref="33575" />
    <nd ref="33576" />
    <nd ref="33577" />
    <nd ref="33578" />
    <nd ref="33579" />
    <nd ref="33580" />
    <nd ref="33581" />
    <nd ref="33582" />
    <nd ref="33583" />
    <nd ref="33584" />
    <nd ref="33585" />
    <nd ref="33586" />
    <nd ref="33587" />
    <nd ref="33588" />
    <nd ref="33589" />
    <nd ref="33590" />
    <nd ref="33591" />
    <nd ref="33592" />
    <nd ref="33593" />
    <nd ref="33594" />
    <nd ref="33595" />
    <nd ref="33596" />
    <nd ref="33597" />
    <nd ref="33598" />
    <nd ref="33599" />
    <nd ref="33600" />
    <nd ref="33601" />
    <nd ref="33602" />
    <nd ref="33603" />
    <nd ref="33604" />
    <nd ref="33605" />
    <nd ref="33606" />
    <nd ref="33607" />
    <nd ref="33608" />
    <nd ref="33609" />
    <nd ref="33610" />
    <nd ref="33611" />
    <nd ref="33612" />
    <nd ref="33613" />
    <nd ref="33614" />
    <nd ref="33615" />
    <nd ref="33616" />
    <nd ref="33617" />
    <nd ref="33618" />
    <nd ref="33619" />
    <nd ref="33620" />
    <nd ref="33621" />
    <nd ref="33622" />
    <nd ref="33623" />
    <nd ref="33624" />
    <nd ref="33625" />
    <nd ref="33626" />
    <nd ref="33627" />
    <nd ref="33628" />
    <nd ref="33629" />
    <nd ref="33630" />
    <nd ref="33631" />
    <nd ref="33632" />
    <nd ref="33633" />
    <nd ref="33634" />
    <nd ref="33635" />
    <nd ref="33636" />
    <nd ref="33637" />
    <nd ref="33638" />
    <nd ref="33639" />
    <nd ref="33640" />
    <nd ref="33641" />
    <nd ref="33642" />
    <nd ref="33643" />
    <nd ref="33644" />
    <nd ref="33645" />
    <nd ref="33646" />
    <nd ref="33647" />
    <nd ref="33648" />
    <nd ref="33649" />
    <nd ref="33650" />
    <nd ref="33651" />
    <nd ref="33652" />
    <nd ref="33653" />
    <nd ref="33654" />
    <nd ref="33655" />
    <nd ref="33656" />
    <nd ref="33657" />
    <nd ref="33658" />
    <nd ref="33659" />
    <nd ref="33660" />
    <nd ref="33661" />
    <nd ref="33662" />
    <nd ref="33663" />
    <nd ref="33664" />
    <nd ref="33665" />
    <nd ref="33666" />
    <nd ref="33667" />
    <nd ref="33668" />
    <nd ref="33669" />
    <nd ref="33670" />
    <nd ref="33671" />
    <nd ref="33672" />
    <nd ref="33673" />
    <nd ref="33674" />
    <nd ref="33675" />
    <nd ref="33676" />
    <nd ref="33677" />
    <nd ref="33678" />
    <nd ref="33679" />
    <nd ref="33680" />
    <nd ref="33681" />
    <nd ref="33682" />
    <nd ref="33683" />
    <nd ref="33684" />
    <nd ref="33685" />
    <nd ref="33686" />
    <nd ref="33687" />
    <nd ref="33688" />
    <nd ref="33689" />
    <nd ref="33690" />
    <nd ref="33691" />
    <nd ref="33692" />
    <nd ref="33693" />
    <nd ref="33694" />
    <nd ref="33695" />
    <nd ref="33696" />
    <nd ref="33697" />
    <nd ref="33698" />
    <nd ref="33699" />
    <nd ref="33700" />
    <nd ref="33701" />
    <nd ref="33702" />
    <nd ref="33703" />
    <nd ref="33704" />
    <nd ref="33705" />
    <nd ref="33706" />
    <nd ref="33707" />
    <nd ref="33708" />
    <nd ref="33709" />
    <nd ref="33710" />
    <nd ref="33711" />
    <nd ref="33712" />
    <nd ref="33713" />
    <nd ref="33714" />
    <nd ref="33715" />
    <nd ref="33716" />
    <nd ref="33717" />
    <nd ref="33718" />
    <nd ref="33719" />
    <nd ref="33720" />
    <nd ref="33721" />
    <nd ref="33722" />
    <nd ref="33723" />
    <nd ref="33724" />
    <nd ref="33725" />
    <nd ref="33726" />
    <nd ref="33727" />
    <nd ref="33728" />
    <nd ref="33729" />
    <nd ref="33730" />
    <nd ref="33731" />
    <nd ref="33732" />
    <nd ref="33733" />
    <nd ref="33734" />
    <nd ref="33735" />
    <nd ref="33736" />
    <nd ref="33737" />
    <nd ref="33738" />
    <nd ref="33739" />
    <nd ref="33740" />
    <nd ref="33741" />
    <nd ref="33742" />
    <nd ref="33743" />
    <nd ref="33744" />
    <nd ref="33745" />
    <nd ref="33746" />
    <nd ref="33747" />
    <nd ref="33748" />
    <nd ref="33749" />
    <nd ref="33750" />
    <nd ref="33751" />
    <nd ref="33752" />
    <nd ref="33753" />
    <nd ref="33754" />
    <nd ref="33755" />
    <nd ref="33756" />
    <nd ref="33757" />
    <nd ref="33758" />
    <nd ref="33759" />
    <nd ref="33760" />
    <nd ref="33761" />
    <nd ref="33762" />
    <nd ref="33763" />
    <nd ref="33764" />
    <nd ref="33765" />
    <nd ref="33766" />
    <nd ref="33767" />
    <nd ref="33768" />
    <nd ref="33769" />
    <nd ref="33770" />
    <nd ref="33771" />
    <nd ref="33772" />
    <nd ref="33773" />
    <nd ref="33774" />
    <nd ref="33775" />
    <nd ref="33776" />
    <nd ref="33777" />
    <nd ref="33778" />
    <nd ref="33779" />
    <nd ref="33780" />
    <nd ref="33781" />
    <nd ref="33782" />
    <nd ref="33783" />
    <nd ref="33784" />
    <nd ref="33785" />
    <nd ref="33786" />
    <nd ref="33787" />
    <nd ref="33788" />
    <nd ref="33789" />
    <nd ref="33790" />
    <nd ref="33791" />
    <nd ref="33792" />
    <nd ref="33793" />
    <nd ref="33794" />
    <nd ref="33795" />
    <nd ref="33796" />
    <nd ref="33797" />
    <nd ref="33798" />
    <nd ref="33799" />
    <nd ref="33800" />
    <nd ref="33801" />
    <nd ref="33802" />
    <nd ref="33803" />
    <nd ref="33804" />
    <nd ref="33805" />
    <nd ref="33806" />
    <nd ref="33807" />
    <nd ref="33808" />
    <nd ref="33809" />
    <nd ref="33810" />
    <nd ref="33811" />
    <nd ref="33812" />
    <nd ref="33813" />
    <nd ref="33814" />
    <nd ref="33815" />
    <nd ref="33816" />
    <nd ref="33817" />
    <nd ref="33818" />
    <nd ref="33819" />
    <nd ref="33820" />
    <nd ref="33821" />
    <nd ref="33822" />
    <nd ref="33823" />
    <nd ref="33824" />
    <nd ref="33825" />
    <nd ref="33826" />
    <nd ref="33827" />
    <nd ref="33828" />
    <nd ref="33829" />
    <nd ref="33830" />
    <nd ref="33831" />
    <nd ref="33832" />
    <nd ref="33833" />
    <nd ref="33834" />
    <nd ref="33835" />
    <nd ref="33836" />
    <nd ref="33837" />
    <nd ref="33838" />
    <nd ref="33839" />
    <nd ref="33840" />
    <nd ref="33841" />
    <nd ref="33842" />
    <nd ref="33843" />
    <nd ref="33844" />
    <nd ref="33845" />
    <nd ref="33846" />
    <nd ref="33847" />
    <nd ref="33848" />
    <nd ref="33849" />
    <nd ref="33850" />
    <nd ref="33851" />
    <nd ref="33852" />
    <nd ref="33853" />
    <nd ref="33854" />
    <nd ref="33855" />
    <nd ref="33856" />
    <nd ref="33857" />
    <nd ref="33858" />
    <nd ref="33859" />
    <nd ref="33860" />
    <nd ref="33861" />
    <nd ref="33862" />
    <nd ref="33863" />
    <nd ref="33864" />
    <nd ref="33865" />
    <nd ref="33866" />
    <nd ref="33867" />
    <nd ref="33868" />
    <nd ref="33869" />
    <nd ref="33870" />
    <nd ref="33871" />
    <nd ref="33872" />
    <nd ref="33873" />
    <nd ref="33874" />
    <nd ref="33875" />
    <nd ref="33876" />
    <nd ref="33877" />
    <nd ref="33878" />
    <nd ref="33879" />
    <nd ref="33880" />
    <nd ref="33881" />
    <nd ref="33882" />
    <nd ref="33883" />
    <nd ref="33884" />
    <nd ref="33885" />
    <nd ref="33886" />
    <nd ref="33887" />
    <nd ref="33888" />
    <nd ref="33889" />
    <nd ref="33890" />
    <nd ref="33891" />
    <nd ref="33892" />
    <nd ref="33893" />
    <nd ref="33894" />
    <nd ref="33895" />
    <nd ref="33896" />
    <nd ref="33897" />
    <nd ref="33898" />
    <nd ref="33899" />
    <nd ref="33900" />
    <nd ref="33901" />
    <nd ref="33902" />
    <nd ref="33903" />
    <nd ref="33904" />
    <nd ref="33905" />
    <nd ref="33906" />
    <nd ref="33907" />
    <nd ref="33908" />
    <nd ref="33909" />
    <nd ref="33910" />
    <nd ref="33911" />
    <nd ref="33912" />
    <nd ref="33913" />
    <nd ref="33914" />
    <nd ref="33915" />
    <nd ref="33916" />
    <nd ref="33917" />
    <nd ref="33918" />
    <nd ref="33919" />
    <nd ref="33920" />
    <nd ref="33921" />
    <nd ref="33922" />
    <nd ref="33923" />
    <nd ref="33924" />
    <nd ref="33925" />
    <nd ref="33926" />
    <nd ref="33927" />
    <nd ref="33928" />
    <nd ref="33929" />
    <nd ref="33930" />
    <nd ref="33931" />
    <nd ref="33932" />
    <nd ref="33933" />
    <nd ref="33934" />
    <nd ref="33935" />
    <nd ref="33936" />
    <nd ref="33937" />
    <nd ref="33938" />
    <nd ref="33939" />
    <nd ref="33940" />
    <nd ref="33941" />
    <nd ref="33942" />
    <nd ref="33943" />
    <nd ref="33944" />
    <nd ref="33945" />
    <nd ref="33946" />
    <nd ref="33947" />
    <nd ref="33948" />
    <nd ref="33949" />
    <nd ref="33950" />
    <nd ref="33951" />
    <nd ref="33952" />
    <nd ref="33953" />
    <nd ref="33954" />
    <nd ref="33955" />
    <nd ref="33956" />
    <nd ref="33957" />
    <nd ref="33958" />
    <nd ref="33959" />
    <nd ref="33960" />
    <nd ref="33961" />
    <nd ref="33962" />
    <nd ref="33963" />
    <nd ref="33964" />
    <nd ref="33965" />
    <nd ref="33966" />
    <nd ref="33967" />
    <nd ref="33968" />
    <nd ref="33969" />
    <nd ref="33970" />
    <nd ref="33971" />
    <nd ref="33972" />
    <nd ref="33973" />
    <nd ref="33974" />
    <nd ref="33975" />
    <nd ref="33976" />
    <nd ref="33977" />
    <nd ref="33978" />
    <nd ref="33979" />
    <nd ref="33980" />
    <nd ref="33981" />
    <nd ref="33982" />
    <nd ref="33983" />
    <nd ref="33984" />
    <nd ref="33985" />
    <nd ref="33986" />
    <nd ref="33987" />
    <nd ref="33988" />
    <nd ref="33989" />
    <nd ref="33990" />
    <nd ref="33991" />
    <nd ref="33992" />
    <nd ref="33993" />
    <nd ref="33994" />
    <nd ref="33995" />
    <nd ref="33996" />
    <nd ref="33997" />
    <nd ref="33998" />
    <nd ref="33999" />
    <nd ref="34000" />
    <nd ref="34001" />
    <nd ref="34002" />
    <nd ref="34003" />
    <nd ref="34004" />
    <nd ref="34005" />
    <nd ref="34006" />
    <nd ref="34007" />
    <nd ref="34008" />
    <nd ref="34009" />
    <nd ref="34010" />
    <nd ref="34011" />
    <nd ref="34012" />
    <nd ref="34013" />
    <nd ref="34014" />
    <nd ref="34015" />
    <nd ref="34016" />
    <nd ref="34017" />
    <nd ref="34018" />
    <nd ref="34019" />
    <nd ref="34020" />
    <nd ref="34021" />
    <nd ref="34022" />
    <nd ref="34023" />
    <nd ref="34024" />
    <nd ref="34025" />
    <nd ref="34026" />
    <nd ref="34027" />
    <nd ref="34028" />
    <nd ref="34029" />
    <nd ref="34030" />
    <nd ref="34031" />
    <nd ref="34032" />
    <nd ref="34033" />
    <nd ref="34034" />
    <nd ref="34035" />
    <nd ref="34036" />
    <nd ref="34037" />
    <nd ref="34038" />
    <nd ref="34039" />
    <nd ref="34040" />
    <nd ref="34041" />
    <nd ref="34042" />
    <nd ref="34043" />
    <nd ref="34044" />
    <nd ref="34045" />
    <nd ref="34046" />
    <nd ref="34047" />
    <nd ref="34048" />
    <nd ref="34049" />
    <nd ref="34050" />
    <nd ref="34051" />
    <nd ref="34052" />
    <nd ref="34053" />
    <nd ref="34054" />
    <nd ref="34055" />
    <nd ref="34056" />
    <nd ref="34057" />
    <nd ref="34058" />
    <nd ref="34059" />
    <nd ref="34060" />
    <nd ref="34061" />
    <nd ref="34062" />
    <nd ref="34063" />
    <nd ref="34064" />
    <nd ref="34065" />
    <nd ref="34066" />
    <nd ref="34067" />
    <nd ref="34068" />
    <nd ref="34069" />
    <nd ref="34070" />
    <nd ref="34071" />
    <nd ref="34072" />
    <nd ref="34073" />
    <nd ref="34074" />
    <nd ref="34075" />
    <nd ref="34076" />
    <nd ref="34077" />
    <nd ref="34078" />
    <nd ref="34079" />
    <nd ref="34080" />
    <nd ref="34081" />
    <nd ref="34082" />
    <nd ref="34083" />
    <nd ref="34084" />
    <nd ref="34085" />
    <nd ref="34086" />
    <nd ref="34087" />
    <nd ref="34088" />
    <nd ref="34089" />
    <nd ref="34090" />
    <nd ref="34091" />
    <nd ref="34092" />
    <nd ref="34093" />
    <nd ref="34094" />
    <nd ref="34095" />
    <nd ref="34096" />
    <nd ref="34097" />
    <nd ref="34098" />
    <nd ref="34099" />
    <nd ref="34100" />
    <nd ref="34101" />
    <nd ref="34102" />
    <nd ref="34103" />
    <nd ref="34104" />
    <nd ref="34105" />
    <nd ref="34106" />
    <nd ref="34107" />
    <nd ref="34108" />
    <nd ref="34109" />
    <nd ref="34110" />
    <nd ref="34111" />
    <nd ref="34112" />
    <nd ref="34113" />
    <nd ref="34114" />
    <nd ref="34115" />
    <nd ref="34116" />
    <nd ref="34117" />
    <nd ref="34118" />
    <nd ref="34119" />
    <nd ref="34120" />
    <nd ref="34121" />
    <nd ref="34122" />
    <nd ref="34123" />
    <nd ref="34124" />
    <nd ref="34125" />
    <nd ref="34126" />
    <nd ref="34127" />
    <nd ref="34128" />
    <nd ref="34129" />
    <nd ref="34130" />
    <nd ref="34131" />
    <nd ref="34132" />
    <nd ref="34133" />
    <nd ref="34134" />
    <nd ref="34135" />
    <nd ref="34136" />
    <nd ref="34137" />
    <nd ref="34138" />
    <nd ref="34139" />
    <nd ref="34140" />
    <nd ref="34141" />
    <nd ref="34142" />
    <nd ref="34143" />
    <nd ref="34144" />
    <nd ref="34145" />
    <nd ref="34146" />
    <nd ref="34147" />
    <nd ref="34148" />
    <nd ref="34149" />
    <nd ref="34150" />
    <nd ref="34151" />
    <nd ref="34152" />
    <nd ref="34153" />
    <nd ref="34154" />
    <nd ref="34155" />
    <nd ref="34156" />
    <nd ref="34157" />
    <nd ref="34158" />
    <nd ref="34159" />
    <nd ref="34160" />
    <nd ref="34161" />
    <nd ref="34162" />
    <nd ref="34163" />
    <nd ref="34164" />
    <nd ref="34165" />
    <nd ref="34166" />
    <nd ref="34167" />
    <nd ref="34168" />
    <nd ref="34169" />
    <nd ref="34170" />
    <nd ref="34171" />
    <nd ref="34172" />
    <nd ref="34173" />
    <nd ref="34174" />
    <nd ref="34175" />
    <nd ref="34176" />
    <nd ref="34177" />
    <nd ref="34178" />
    <nd ref="34179" />
    <nd ref="34180" />
    <nd ref="34181" />
    <nd ref="34182" />
    <nd ref="34183" />
    <nd ref="34184" />
    <nd ref="34185" />
    <nd ref="34186" />
    <nd ref="34187" />
    <nd ref="34188" />
    <nd ref="34189" />
    <nd ref="34190" />
    <nd ref="34191" />
    <nd ref="34192" />
    <nd ref="34193" />
    <nd ref="34194" />
    <nd ref="34195" />
    <nd ref="34196" />
    <nd ref="34197" />
    <nd ref="34198" />
    <nd ref="34199" />
    <nd ref="34200" />
    <nd ref="34201" />
    <nd ref="34202" />
    <nd ref="34203" />
    <nd ref="34204" />
    <nd ref="34205" />
    <nd ref="34206" />
    <nd ref="34207" />
    <nd ref="34208" />
    <nd ref="34209" />
    <nd ref="34210" />
    <nd ref="34211" />
    <nd ref="34212" />
    <nd ref="34213" />
    <nd ref="34214" />
    <nd ref="34215" />
    <nd ref="34216" />
    <nd ref="34217" />
    <nd ref="34218" />
    <nd ref="34219" />
    <nd ref="34220" />
    <nd ref="34221" />
    <nd ref="34222" />
    <nd ref="34223" />
    <nd ref="34224" />
    <nd ref="34225" />
    <nd ref="34226" />
    <nd ref="34227" />
    <nd ref="34228" />
    <nd ref="34229" />
    <nd ref="34230" />
    <nd ref="34231" />
    <nd ref="34232" />
    <nd ref="34233" />
    <nd ref="34234" />
    <nd ref="34235" />
    <nd ref="34236" />
    <nd ref="34237" />
    <nd ref="34238" />
    <nd ref="34239" />
    <nd ref="34240" />
    <nd ref="34241" />
    <nd ref="34242" />
    <nd ref="34243" />
    <nd ref="34244" />
    <nd ref="34245" />
    <nd ref="34246" />
    <nd ref="34247" />
    <nd ref="34248" />
    <nd ref="34249" />
    <nd ref="34250" />
    <nd ref="34251" />
    <nd ref="34252" />
    <nd ref="34253" />
    <nd ref="34254" />
    <nd ref="34255" />
    <nd ref="34256" />
    <nd ref="34257" />
    <nd ref="34258" />
    <nd ref="34259" />
    <nd ref="34260" />
    <nd ref="34261" />
    <nd ref="34262" />
    <nd ref="34263" />
    <nd ref="34264" />
    <nd ref="34265" />
    <nd ref="34266" />
    <nd ref="34267" />
    <nd ref="34268" />
    <nd ref="34269" />
    <nd ref="34270" />
    <nd ref="34271" />
    <nd ref="34272" />
    <nd ref="34273" />
    <nd ref="34274" />
    <nd ref="34275" />
    <nd ref="34276" />
    <nd ref="34277" />
    <nd ref="34278" />
    <nd ref="34279" />
    <nd ref="34280" />
    <nd ref="34281" />
    <nd ref="34282" />
    <nd ref="34283" />
    <nd ref="34284" />
    <nd ref="34285" />
    <nd ref="34286" />
    <nd ref="34287" />
    <nd ref="34288" />
    <nd ref="34289" />
    <nd ref="34290" />
    <nd ref="34291" />
    <nd ref="34292" />
    <nd ref="34293" />
    <nd ref="34294" />
    <nd ref="34295" />
    <nd ref="34296" />
    <nd ref="34297" />
    <nd ref="34298" />
    <nd ref="34299" />
    <nd ref="34300" />
    <nd ref="34301" />
    <nd ref="34302" />
    <nd ref="34303" />
    <nd ref="34304" />
    <nd ref="34305" />
    <nd ref="34306" />
    <nd ref="34307" />
    <nd ref="34308" />
    <nd ref="34309" />
    <nd ref="34310" />
    <nd ref="34311" />
    <nd ref="34312" />
    <nd ref="34313" />
    <nd ref="34314" />
    <nd ref="34315" />
    <nd ref="34316" />
    <nd ref="34317" />
    <nd ref="34318" />
    <nd ref="34319" />
    <nd ref="34320" />
    <nd ref="34321" />
    <nd ref="34322" />
    <nd ref="34323" />
    <nd ref="34324" />
    <nd ref="34325" />
    <nd ref="34326" />
    <nd ref="34327" />
    <nd ref="34328" />
    <nd ref="34329" />
    <nd ref="34330" />
    <nd ref="34331" />
    <nd ref="34332" />
    <nd ref="34333" />
    <nd ref="34334" />
    <nd ref="34335" />
    <nd ref="34336" />
    <nd ref="34337" />
    <nd ref="34338" />
    <nd ref="34339" />
    <nd ref="34340" />
    <nd ref="34341" />
    <nd ref="34342" />
    <nd ref="34343" />
    <nd ref="34344" />
    <nd ref="34345" />
    <nd ref="34346" />
    <nd ref="34347" />
    <nd ref="34348" />
    <nd ref="34349" />
    <nd ref="34350" />
    <nd ref="34351" />
    <nd ref="34352" />
    <nd ref="34353" />
    <nd ref="34354" />
    <nd ref="34355" />
    <nd ref="34356" />
    <nd ref="34357" />
    <nd ref="34358" />
    <nd ref="34359" />
    <nd ref="34360" />
    <nd ref="34361" />
    <nd ref="34362" />
    <nd ref="34363" />
    <nd ref="34364" />
    <nd ref="34365" />
    <nd ref="34366" />
    <nd ref="34367" />
    <nd ref="34368" />
    <nd ref="34369" />
    <nd ref="34370" />
    <nd ref="34371" />
    <nd ref="34372" />
    <nd ref="34373" />
    <nd ref="34374" />
    <nd ref="34375" />
    <nd ref="34376" />
    <nd ref="34377" />
    <nd ref="34378" />
    <nd ref="34379" />
    <nd ref="34380" />
    <nd ref="34381" />
    <nd ref="34382" />
    <nd ref="34383" />
    <nd ref="34384" />
    <nd ref="34385" />
    <nd ref="34386" />
    <nd ref="34387" />
    <nd ref="34388" />
    <nd ref="34389" />
    <nd ref="34390" />
    <nd ref="34391" />
    <nd ref="34392" />
    <nd ref="34393" />
    <nd ref="34394" />
    <nd ref="34395" />
    <nd ref="34396" />
    <nd ref="34397" />
    <nd ref="34398" />
    <nd ref="34399" />
    <nd ref="34400" />
    <nd ref="34401" />
    <nd ref="34402" />
    <nd ref="34403" />
    <nd ref="34404" />
    <nd ref="34405" />
    <nd ref="34406" />
    <nd ref="34407" />
    <nd ref="34408" />
    <nd ref="34409" />
    <nd ref="34410" />
    <nd ref="34411" />
    <nd ref="34412" />
    <nd ref="34413" />
    <nd ref="34414" />
    <nd ref="34415" />
    <nd ref="34416" />
    <nd ref="34417" />
    <nd ref="34418" />
    <nd ref="34419" />
    <nd ref="34420" />
    <nd ref="34421" />
    <nd ref="34422" />
    <nd ref="34423" />
    <nd ref="34424" />
    <nd ref="34425" />
    <nd ref="34426" />
    <nd ref="34427" />
    <nd ref="34428" />
    <nd ref="34429" />
    <nd ref="34430" />
    <nd ref="34431" />
    <nd ref="34432" />
    <nd ref="34433" />
    <nd ref="34434" />
    <nd ref="34435" />
    <nd ref="34436" />
    <nd ref="34437" />
    <nd ref="34438" />
    <nd ref="34439" />
    <nd ref="34440" />
    <nd ref="34441" />
    <nd ref="34442" />
  </way>
  <way id="35445" visible="true" version="1">
    <nd ref="34444" />
    <nd ref="34445" />
    <nd ref="34446" />
    <nd ref="34447" />
    <nd ref="34448" />
    <nd ref="34449" />
    <nd ref="34450" />
    <nd ref="34451" />
    <nd ref="34452" />
    <nd ref="34453" />
    <nd ref="34454" />
    <nd ref="34455" />
    <nd ref="34456" />
    <nd ref="34457" />
    <nd ref="34458" />
    <nd ref="34459" />
    <nd ref="34460" />
    <nd ref="34461" />
    <nd ref="34462" />
    <nd ref="34463" />
    <nd ref="34464" />
    <nd ref="34465" />
    <nd ref="34466" />
    <nd ref="34467" />
    <nd ref="34468" />
    <nd ref="34469" />
    <nd ref="34470" />
    <nd ref="34471" />
    <nd ref="34472" />
    <nd ref="34473" />
    <nd ref="34474" />
    <nd ref="34475" />
    <nd ref="34476" />
    <nd ref="34477" />
    <nd ref="34478" />
    <nd ref="34479" />
    <nd ref="34480" />
    <nd ref="34481" />
    <nd ref="34482" />
    <nd ref="34483" />
    <nd ref="34484" />
    <nd ref="34485" />
    <nd ref="34486" />
    <nd ref="34487" />
    <nd ref="34488" />
    <nd ref="34489" />
    <nd ref="34490" />
    <nd ref="34491" />
    <nd ref="34492" />
    <nd ref="34493" />
    <nd ref="34494" />
    <nd ref="34495" />
    <nd ref="34496" />
    <nd ref="34497" />
    <nd ref="34498" />
    <nd ref="34499" />
    <nd ref="34500" />
    <nd ref="34501" />
    <nd ref="34502" />
    <nd ref="34503" />
    <nd ref="34504" />
    <nd ref="34505" />
    <nd ref="34506" />
    <nd ref="34507" />
    <nd ref="34508" />
    <nd ref="34509" />
    <nd ref="34510" />
    <nd ref="34511" />
    <nd ref="34512" />
    <nd ref="34513" />
    <nd ref="34514" />
    <nd ref="34515" />
    <nd ref="34516" />
    <nd ref="34517" />
    <nd ref="34518" />
    <nd ref="34519" />
    <nd ref="34520" />
    <nd ref="34521" />
    <nd ref="34522" />
    <nd ref="34523" />
    <nd ref="34524" />
    <nd ref="34525" />
    <nd ref="34526" />
    <nd ref="34527" />
    <nd ref="34528" />
    <nd ref="34529" />
    <nd ref="34530" />
    <nd ref="34531" />
    <nd ref="34532" />
    <nd ref="34533" />
    <nd ref="34534" />
    <nd ref="34535" />
    <nd ref="34536" />
    <nd ref="34537" />
    <nd ref="34538" />
    <nd ref="34539" />
    <nd ref="34540" />
    <nd ref="34541" />
    <nd ref="34542" />
    <nd ref="34543" />
    <nd ref="34544" />
    <nd ref="34545" />
    <nd ref="34546" />
    <nd ref="34547" />
    <nd ref="34548" />
    <nd ref="34549" />
    <nd ref="34550" />
    <nd ref="34551" />
    <nd ref="34552" />
    <nd ref="34553" />
    <nd ref="34554" />
    <nd ref="34555" />
    <nd ref="34556" />
    <nd ref="34557" />
    <nd ref="34558" />
    <nd ref="34559" />
    <nd ref="34560" />
    <nd ref="34561" />
    <nd ref="34562" />
    <nd ref="34563" />
    <nd ref="34564" />
    <nd ref="34565" />
    <nd ref="34566" />
    <nd ref="34567" />
    <nd ref="34568" />
    <nd ref="34569" />
    <nd ref="34570" />
    <nd ref="34571" />
    <nd ref="34572" />
    <nd ref="34573" />
    <nd ref="34574" />
    <nd ref="34575" />
    <nd ref="34576" />
    <nd ref="34577" />
    <nd ref="34578" />
    <nd ref="34579" />
    <nd ref="34580" />
    <nd ref="34581" />
    <nd ref="34582" />
    <nd ref="34583" />
    <nd ref="34584" />
    <nd ref="34585" />
    <nd ref="34586" />
    <nd ref="34587" />
    <nd ref="34588" />
    <nd ref="34589" />
    <nd ref="34590" />
    <nd ref="34591" />
    <nd ref="34592" />
    <nd ref="34593" />
    <nd ref="34594" />
    <nd ref="34595" />
    <nd ref="34596" />
    <nd ref="34597" />
    <nd ref="34598" />
    <nd ref="34599" />
    <nd ref="34600" />
    <nd ref="34601" />
    <nd ref="34602" />
    <nd ref="34603" />
    <nd ref="34604" />
    <nd ref="34605" />
    <nd ref="34606" />
    <nd ref="34607" />
    <nd ref="34608" />
    <nd ref="34609" />
    <nd ref="34610" />
    <nd ref="34611" />
    <nd ref="34612" />
    <nd ref="34613" />
    <nd ref="34614" />
    <nd ref="34615" />
    <nd ref="34616" />
    <nd ref="34617" />
    <nd ref="34618" />
    <nd ref="34619" />
    <nd ref="34620" />
    <nd ref="34621" />
    <nd ref="34622" />
    <nd ref="34623" />
    <nd ref="34624" />
    <nd ref="34625" />
    <nd ref="34626" />
    <nd ref="34627" />
    <nd ref="34628" />
    <nd ref="34629" />
    <nd ref="34630" />
    <nd ref="34631" />
    <nd ref="34632" />
    <nd ref="34633" />
    <nd ref="34634" />
    <nd ref="34635" />
    <nd ref="34636" />
    <nd ref="34637" />
    <nd ref="34638" />
    <nd ref="34639" />
    <nd ref="34640" />
    <nd ref="34641" />
    <nd ref="34642" />
    <nd ref="34643" />
    <nd ref="34644" />
    <nd ref="34645" />
    <nd ref="34646" />
    <nd ref="34647" />
    <nd ref="34648" />
    <nd ref="34649" />
    <nd ref="34650" />
    <nd ref="34651" />
    <nd ref="34652" />
    <nd ref="34653" />
    <nd ref="34654" />
    <nd ref="34655" />
    <nd ref="34656" />
    <nd ref="34657" />
    <nd ref="34658" />
    <nd ref="34659" />
    <nd ref="34660" />
    <nd ref="34661" />
    <nd ref="34662" />
    <nd ref="34663" />
    <nd ref="34664" />
    <nd ref="34665" />
    <nd ref="34666" />
    <nd ref="34667" />
    <nd ref="34668" />
    <nd ref="34669" />
    <nd ref="34670" />
    <nd ref="34671" />
    <nd ref="34672" />
    <nd ref="34673" />
    <nd ref="34674" />
    <nd ref="34675" />
    <nd ref="34676" />
    <nd ref="34677" />
    <nd ref="34678" />
    <nd ref="34679" />
    <nd ref="34680" />
    <nd ref="34681" />
    <nd ref="34682" />
    <nd ref="34683" />
    <nd ref="34684" />
    <nd ref="34685" />
    <nd ref="34686" />
    <nd ref="34687" />
    <nd ref="34688" />
    <nd ref="34689" />
    <nd ref="34690" />
    <nd ref="34691" />
    <nd ref="34692" />
    <nd ref="34693" />
    <nd ref="34694" />
    <nd ref="34695" />
    <nd ref="34696" />
    <nd ref="34697" />
    <nd ref="34698" />
    <nd ref="34699" />
    <nd ref="34700" />
    <nd ref="34701" />
    <nd ref="34702" />
    <nd ref="34703" />
    <nd ref="34704" />
    <nd ref="34705" />
    <nd ref="34706" />
    <nd ref="34707" />
    <nd ref="34708" />
    <nd ref="34709" />
    <nd ref="34710" />
    <nd ref="34711" />
    <nd ref="34712" />
    <nd ref="34713" />
    <nd ref="34714" />
    <nd ref="34715" />
    <nd ref="34716" />
    <nd ref="34717" />
    <nd ref="34718" />
    <nd ref="34719" />
    <nd ref="34720" />
    <nd ref="34721" />
    <nd ref="34722" />
    <nd ref="34723" />
    <nd ref="34724" />
    <nd ref="34725" />
    <nd ref="34726" />
    <nd ref="34727" />
    <nd ref="34728" />
    <nd ref="34729" />
    <nd ref="34730" />
    <nd ref="34731" />
    <nd ref="34732" />
    <nd ref="34733" />
    <nd ref="34734" />
    <nd ref="34735" />
    <nd ref="34736" />
    <nd ref="34737" />
    <nd ref="34738" />
    <nd ref="34739" />
    <nd ref="34740" />
    <nd ref="34741" />
    <nd ref="34742" />
    <nd ref="34743" />
    <nd ref="34744" />
    <nd ref="34745" />
    <nd ref="34746" />
    <nd ref="34747" />
    <nd ref="34748" />
    <nd ref="34749" />
    <nd ref="34750" />
    <nd ref="34751" />
    <nd ref="34752" />
    <nd ref="34753" />
    <nd ref="34754" />
    <nd ref="34755" />
    <nd ref="34756" />
    <nd ref="34757" />
    <nd ref="34758" />
    <nd ref="34759" />
    <nd ref="34760" />
    <nd ref="34761" />
    <nd ref="34762" />
    <nd ref="34763" />
    <nd ref="34764" />
    <nd ref="34765" />
    <nd ref="34766" />
    <nd ref="34767" />
    <nd ref="34768" />
    <nd ref="34769" />
    <nd ref="34770" />
    <nd ref="34771" />
    <nd ref="34772" />
    <nd ref="34773" />
    <nd ref="34774" />
    <nd ref="34775" />
    <nd ref="34776" />
    <nd ref="34777" />
    <nd ref="34778" />
    <nd ref="34779" />
    <nd ref="34780" />
    <nd ref="34781" />
    <nd ref="34782" />
    <nd ref="34783" />
    <nd ref="34784" />
    <nd ref="34785" />
    <nd ref="34786" />
    <nd ref="34787" />
    <nd ref="34788" />
    <nd ref="34789" />
    <nd ref="34790" />
    <nd ref="34791" />
    <nd ref="34792" />
    <nd ref="34793" />
    <nd ref="34794" />
    <nd ref="34795" />
    <nd ref="34796" />
    <nd ref="34797" />
    <nd ref="34798" />
    <nd ref="34799" />
    <nd ref="34800" />
    <nd ref="34801" />
    <nd ref="34802" />
    <nd ref="34803" />
    <nd ref="34804" />
    <nd ref="34805" />
    <nd ref="34806" />
    <nd ref="34807" />
    <nd ref="34808" />
    <nd ref="34809" />
    <nd ref="34810" />
    <nd ref="34811" />
    <nd ref="34812" />
    <nd ref="34813" />
    <nd ref="34814" />
    <nd ref="34815" />
    <nd ref="34816" />
    <nd ref="34817" />
    <nd ref="34818" />
    <nd ref="34819" />
    <nd ref="34820" />
    <nd ref="34821" />
    <nd ref="34822" />
    <nd ref="34823" />
    <nd ref="34824" />
    <nd ref="34825" />
    <nd ref="34826" />
    <nd ref="34827" />
    <nd ref="34828" />
    <nd ref="34829" />
    <nd ref="34830" />
    <nd ref="34831" />
    <nd ref="34832" />
    <nd ref="34833" />
    <nd ref="34834" />
    <nd ref="34835" />
    <nd ref="34836" />
    <nd ref="34837" />
    <nd ref="34838" />
    <nd ref="34839" />
    <nd ref="34840" />
    <nd ref="34841" />
    <nd ref="34842" />
    <nd ref="34843" />
    <nd ref="34844" />
    <nd ref="34845" />
    <nd ref="34846" />
    <nd ref="34847" />
    <nd ref="34848" />
    <nd ref="34849" />
    <nd ref="34850" />
    <nd ref="34851" />
    <nd ref="34852" />
    <nd ref="34853" />
    <nd ref="34854" />
    <nd ref="34855" />
    <nd ref="34856" />
    <nd ref="34857" />
    <nd ref="34858" />
    <nd ref="34859" />
    <nd ref="34860" />
    <nd ref="34861" />
    <nd ref="34862" />
    <nd ref="34863" />
    <nd ref="34864" />
    <nd ref="34865" />
    <nd ref="34866" />
    <nd ref="34867" />
    <nd ref="34868" />
    <nd ref="34869" />
    <nd ref="34870" />
    <nd ref="34871" />
    <nd ref="34872" />
    <nd ref="34873" />
    <nd ref="34874" />
    <nd ref="34875" />
    <nd ref="34876" />
    <nd ref="34877" />
    <nd ref="34878" />
    <nd ref="34879" />
    <nd ref="34880" />
    <nd ref="34881" />
    <nd ref="34882" />
    <nd ref="34883" />
    <nd ref="34884" />
    <nd ref="34885" />
    <nd ref="34886" />
    <nd ref="34887" />
    <nd ref="34888" />
    <nd ref="34889" />
    <nd ref="34890" />
    <nd ref="34891" />
    <nd ref="34892" />
    <nd ref="34893" />
    <nd ref="34894" />
    <nd ref="34895" />
    <nd ref="34896" />
    <nd ref="34897" />
    <nd ref="34898" />
    <nd ref="34899" />
    <nd ref="34900" />
    <nd ref="34901" />
    <nd ref="34902" />
    <nd ref="34903" />
    <nd ref="34904" />
    <nd ref="34905" />
    <nd ref="34906" />
    <nd ref="34907" />
    <nd ref="34908" />
    <nd ref="34909" />
    <nd ref="34910" />
    <nd ref="34911" />
    <nd ref="34912" />
    <nd ref="34913" />
    <nd ref="34914" />
    <nd ref="34915" />
    <nd ref="34916" />
    <nd ref="34917" />
    <nd ref="34918" />
    <nd ref="34919" />
    <nd ref="34920" />
    <nd ref="34921" />
    <nd ref="34922" />
    <nd ref="34923" />
    <nd ref="34924" />
    <nd ref="34925" />
    <nd ref="34926" />
    <nd ref="34927" />
    <nd ref="34928" />
    <nd ref="34929" />
    <nd ref="34930" />
    <nd ref="34931" />
    <nd ref="34932" />
    <nd ref="34933" />
    <nd ref="34934" />
    <nd ref="34935" />
    <nd ref="34936" />
    <nd ref="34937" />
    <nd ref="34938" />
    <nd ref="34939" />
    <nd ref="34940" />
    <nd ref="34941" />
    <nd ref="34942" />
    <nd ref="34943" />
    <nd ref="34944" />
    <nd ref="34945" />
    <nd ref="34946" />
    <nd ref="34947" />
    <nd ref="34948" />
    <nd ref="34949" />
    <nd ref="34950" />
    <nd ref="34951" />
    <nd ref="34952" />
    <nd ref="34953" />
    <nd ref="34954" />
    <nd ref="34955" />
    <nd ref="34956" />
    <nd ref="34957" />
    <nd ref="34958" />
    <nd ref="34959" />
    <nd ref="34960" />
    <nd ref="34961" />
    <nd ref="34962" />
    <nd ref="34963" />
    <nd ref="34964" />
    <nd ref="34965" />
    <nd ref="34966" />
    <nd ref="34967" />
    <nd ref="34968" />
    <nd ref="34969" />
    <nd ref="34970" />
    <nd ref="34971" />
    <nd ref="34972" />
    <nd ref="34973" />
    <nd ref="34974" />
    <nd ref="34975" />
    <nd ref="34976" />
    <nd ref="34977" />
    <nd ref="34978" />
    <nd ref="34979" />
    <nd ref="34980" />
    <nd ref="34981" />
    <nd ref="34982" />
    <nd ref="34983" />
    <nd ref="34984" />
    <nd ref="34985" />
    <nd ref="34986" />
    <nd ref="34987" />
    <nd ref="34988" />
    <nd ref="34989" />
    <nd ref="34990" />
    <nd ref="34991" />
    <nd ref="34992" />
    <nd ref="34993" />
    <nd ref="34994" />
    <nd ref="34995" />
    <nd ref="34996" />
    <nd ref="34997" />
    <nd ref="34998" />
    <nd ref="34999" />
    <nd ref="35000" />
    <nd ref="35001" />
    <nd ref="35002" />
    <nd ref="35003" />
    <nd ref="35004" />
    <nd ref="35005" />
    <nd ref="35006" />
    <nd ref="35007" />
    <nd ref="35008" />
    <nd ref="35009" />
    <nd ref="35010" />
    <nd ref="35011" />
    <nd ref="35012" />
    <nd ref="35013" />
    <nd ref="35014" />
    <nd ref="35015" />
    <nd ref="35016" />
    <nd ref="35017" />
    <nd ref="35018" />
    <nd ref="35019" />
    <nd ref="35020" />
    <nd ref="35021" />
    <nd ref="35022" />
    <nd ref="35023" />
    <nd ref="35024" />
    <nd ref="35025" />
    <nd ref="35026" />
    <nd ref="35027" />
    <nd ref="35028" />
    <nd ref="35029" />
    <nd ref="35030" />
    <nd ref="35031" />
    <nd ref="35032" />
    <nd ref="35033" />
    <nd ref="35034" />
    <nd ref="35035" />
    <nd ref="35036" />
    <nd ref="35037" />
    <nd ref="35038" />
    <nd ref="35039" />
    <nd ref="35040" />
    <nd ref="35041" />
    <nd ref="35042" />
    <nd ref="35043" />
    <nd ref="35044" />
    <nd ref="35045" />
    <nd ref="35046" />
    <nd ref="35047" />
    <nd ref="35048" />
    <nd ref="35049" />
    <nd ref="35050" />
    <nd ref="35051" />
    <nd ref="35052" />
    <nd ref="35053" />
    <nd ref="35054" />
    <nd ref="35055" />
    <nd ref="35056" />
    <nd ref="35057" />
    <nd ref="35058" />
    <nd ref="35059" />
    <nd ref="35060" />
    <nd ref="35061" />
    <nd ref="35062" />
    <nd ref="35063" />
    <nd ref="35064" />
    <nd ref="35065" />
    <nd ref="35066" />
    <nd ref="35067" />
    <nd ref="35068" />
    <nd ref="35069" />
    <nd ref="35070" />
    <nd ref="35071" />
    <nd ref="35072" />
    <nd ref="35073" />
    <nd ref="35074" />
    <nd ref="35075" />
    <nd ref="35076" />
    <nd ref="35077" />
    <nd ref="35078" />
    <nd ref="35079" />
    <nd ref="35080" />
    <nd ref="35081" />
    <nd ref="35082" />
    <nd ref="35083" />
    <nd ref="35084" />
    <nd ref="35085" />
    <nd ref="35086" />
    <nd ref="35087" />
    <nd ref="35088" />
    <nd ref="35089" />
    <nd ref="35090" />
    <nd ref="35091" />
    <nd ref="35092" />
    <nd ref="35093" />
    <nd ref="35094" />
    <nd ref="35095" />
    <nd ref="35096" />
    <nd ref="35097" />
    <nd ref="35098" />
    <nd ref="35099" />
    <nd ref="35100" />
    <nd ref="35101" />
    <nd ref="35102" />
    <nd ref="35103" />
    <nd ref="35104" />
    <nd ref="35105" />
    <nd ref="35106" />
    <nd ref="35107" />
    <nd ref="35108" />
    <nd ref="35109" />
    <nd ref="35110" />
    <nd ref="35111" />
    <nd ref="35112" />
    <nd ref="35113" />
    <nd ref="35114" />
    <nd ref="35115" />
    <nd ref="35116" />
    <nd ref="35117" />
    <nd ref="35118" />
    <nd ref="35119" />
    <nd ref="35120" />
    <nd ref="35121" />
    <nd ref="35122" />
    <nd ref="35123" />
    <nd ref="35124" />
    <nd ref="35125" />
    <nd ref="35126" />
    <nd ref="35127" />
    <nd ref="35128" />
    <nd ref="35129" />
    <nd ref="35130" />
    <nd ref="35131" />
    <nd ref="35132" />
    <nd ref="35133" />
    <nd ref="35134" />
    <nd ref="35135" />
    <nd ref="35136" />
    <nd ref="35137" />
    <nd ref="35138" />
    <nd ref="35139" />
    <nd ref="35140" />
    <nd ref="35141" />
    <nd ref="35142" />
    <nd ref="35143" />
    <nd ref="35144" />
    <nd ref="35145" />
    <nd ref="35146" />
    <nd ref="35147" />
    <nd ref="35148" />
    <nd ref="35149" />
    <nd ref="35150" />
    <nd ref="35151" />
    <nd ref="35152" />
    <nd ref="35153" />
    <nd ref="35154" />
    <nd ref="35155" />
    <nd ref="35156" />
    <nd ref="35157" />
    <nd ref="35158" />
    <nd ref="35159" />
    <nd ref="35160" />
    <nd ref="35161" />
    <nd ref="35162" />
    <nd ref="35163" />
    <nd ref="35164" />
    <nd ref="35165" />
    <nd ref="35166" />
    <nd ref="35167" />
    <nd ref="35168" />
    <nd ref="35169" />
    <nd ref="35170" />
    <nd ref="35171" />
    <nd ref="35172" />
    <nd ref="35173" />
    <nd ref="35174" />
    <nd ref="35175" />
    <nd ref="35176" />
    <nd ref="35177" />
    <nd ref="35178" />
    <nd ref="35179" />
    <nd ref="35180" />
    <nd ref="35181" />
    <nd ref="35182" />
    <nd ref="35183" />
    <nd ref="35184" />
    <nd ref="35185" />
    <nd ref="35186" />
    <nd ref="35187" />
    <nd ref="35188" />
    <nd ref="35189" />
    <nd ref="35190" />
    <nd ref="35191" />
    <nd ref="35192" />
    <nd ref="35193" />
    <nd ref="35194" />
    <nd ref="35195" />
    <nd ref="35196" />
    <nd ref="35197" />
    <nd ref="35198" />
    <nd ref="35199" />
    <nd ref="35200" />
    <nd ref="35201" />
    <nd ref="35202" />
    <nd ref="35203" />
    <nd ref="35204" />
    <nd ref="35205" />
    <nd ref="35206" />
    <nd ref="35207" />
    <nd ref="35208" />
    <nd ref="35209" />
    <nd ref="35210" />
    <nd ref="35211" />
    <nd ref="35212" />
    <nd ref="35213" />
    <nd ref="35214" />
    <nd ref="35215" />
    <nd ref="35216" />
    <nd ref="35217" />
    <nd ref="35218" />
    <nd ref="35219" />
    <nd ref="35220" />
    <nd ref="35221" />
    <nd ref="35222" />
    <nd ref="35223" />
    <nd ref="35224" />
    <nd ref="35225" />
    <nd ref="35226" />
    <nd ref="35227" />
    <nd ref="35228" />
    <nd ref="35229" />
    <nd ref="35230" />
    <nd ref="35231" />
    <nd ref="35232" />
    <nd ref="35233" />
    <nd ref="35234" />
    <nd ref="35235" />
    <nd ref="35236" />
    <nd ref="35237" />
    <nd ref="35238" />
    <nd ref="35239" />
    <nd ref="35240" />
    <nd ref="35241" />
    <nd ref="35242" />
    <nd ref="35243" />
    <nd ref="35244" />
    <nd ref="35245" />
    <nd ref="35246" />
    <nd ref="35247" />
    <nd ref="35248" />
    <nd ref="35249" />
    <nd ref="35250" />
    <nd ref="35251" />
    <nd ref="35252" />
    <nd ref="35253" />
    <nd ref="35254" />
    <nd ref="35255" />
    <nd ref="35256" />
    <nd ref="35257" />
    <nd ref="35258" />
    <nd ref="35259" />
    <nd ref="35260" />
    <nd ref="35261" />
    <nd ref="35262" />
    <nd ref="35263" />
    <nd ref="35264" />
    <nd ref="35265" />
    <nd ref="35266" />
    <nd ref="35267" />
    <nd ref="35268" />
    <nd ref="35269" />
    <nd ref="35270" />
    <nd ref="35271" />
    <nd ref="35272" />
    <nd ref="35273" />
    <nd ref="35274" />
    <nd ref="35275" />
    <nd ref="35276" />
    <nd ref="35277" />
    <nd ref="35278" />
    <nd ref="35279" />
    <nd ref="35280" />
    <nd ref="35281" />
    <nd ref="35282" />
    <nd ref="35283" />
    <nd ref="35284" />
    <nd ref="35285" />
    <nd ref="35286" />
    <nd ref="35287" />
    <nd ref="35288" />
    <nd ref="35289" />
    <nd ref="35290" />
    <nd ref="35291" />
    <nd ref="35292" />
    <nd ref="35293" />
    <nd ref="35294" />
    <nd ref="35295" />
    <nd ref="35296" />
    <nd ref="35297" />
    <nd ref="35298" />
    <nd ref="35299" />
    <nd ref="35300" />
    <nd ref="35301" />
    <nd ref="35302" />
    <nd ref="35303" />
    <nd ref="35304" />
    <nd ref="35305" />
    <nd ref="35306" />
    <nd ref="35307" />
    <nd ref="35308" />
    <nd ref="35309" />
    <nd ref="35310" />
    <nd ref="35311" />
    <nd ref="35312" />
    <nd ref="35313" />
    <nd ref="35314" />
    <nd ref="35315" />
    <nd ref="35316" />
    <nd ref="35317" />
    <nd ref="35318" />
    <nd ref="35319" />
    <nd ref="35320" />
    <nd ref="35321" />
    <nd ref="35322" />
    <nd ref="35323" />
    <nd ref="35324" />
    <nd ref="35325" />
    <nd ref="35326" />
    <nd ref="35327" />
    <nd ref="35328" />
    <nd ref="35329" />
    <nd ref="35330" />
    <nd ref="35331" />
    <nd ref="35332" />
    <nd ref="35333" />
    <nd ref="35334" />
    <nd ref="35335" />
    <nd ref="35336" />
    <nd ref="35337" />
    <nd ref="35338" />
    <nd ref="35339" />
    <nd ref="35340" />
    <nd ref="35341" />
    <nd ref="35342" />
    <nd ref="35343" />
    <nd ref="35344" />
    <nd ref="35345" />
    <nd ref="35346" />
    <nd ref="35347" />
    <nd ref="35348" />
    <nd ref="35349" />
    <nd ref="35350" />
    <nd ref="35351" />
    <nd ref="35352" />
    <nd ref="35353" />
    <nd ref="35354" />
    <nd ref="35355" />
    <nd ref="35356" />
    <nd ref="35357" />
    <nd ref="35358" />
    <nd ref="35359" />
    <nd ref="35360" />
    <nd ref="35361" />
    <nd ref="35362" />
    <nd ref="35363" />
    <nd ref="35364" />
    <nd ref="35365" />
    <nd ref="35366" />
    <nd ref="35367" />
    <nd ref="35368" />
    <nd ref="35369" />
    <nd ref="35370" />
    <nd ref="35371" />
    <nd ref="35372" />
    <nd ref="35373" />
    <nd ref="35374" />
    <nd ref="35375" />
    <nd ref="35376" />
    <nd ref="35377" />
    <nd ref="35378" />
    <nd ref="35379" />
    <nd ref="35380" />
    <nd ref="35381" />
    <nd ref="35382" />
    <nd ref="35383" />
    <nd ref="35384" />
    <nd ref="35385" />
    <nd ref="35386" />
    <nd ref="35387" />
    <nd ref="35388" />
    <nd ref="35389" />
    <nd ref="35390" />
    <nd ref="35391" />
    <nd ref="35392" />
    <nd ref="35393" />
    <nd ref="35394" />
    <nd ref="35395" />
    <nd ref="35396" />
    <nd ref="35397" />
    <nd ref="35398" />
    <nd ref="35399" />
    <nd ref="35400" />
    <nd ref="35401" />
    <nd ref="35402" />
    <nd ref="35403" />
    <nd ref="35404" />
    <nd ref="35405" />
    <nd ref="35406" />
    <nd ref="35407" />
    <nd ref="35408" />
    <nd ref="35409" />
    <nd ref="35410" />
    <nd ref="35411" />
    <nd ref="35412" />
    <nd ref="35413" />
    <nd ref="35414" />
    <nd ref="35415" />
    <nd ref="35416" />
    <nd ref="35417" />
    <nd ref="35418" />
    <nd ref="35419" />
    <nd ref="35420" />
    <nd ref="35421" />
    <nd ref="35422" />
    <nd ref="35423" />
    <nd ref="35424" />
    <nd ref="35425" />
    <nd ref="35426" />
    <nd ref="35427" />
    <nd ref="35428" />
    <nd ref="35429" />
    <nd ref="35430" />
    <nd ref="35431" />
    <nd ref="35432" />
    <nd ref="35433" />
    <nd ref="35434" />
    <nd ref="35435" />
    <nd ref="35436" />
    <nd ref="35437" />
    <nd ref="35438" />
    <nd ref="35439" />
    <nd ref="35440" />
    <nd ref="35441" />
    <nd ref="35442" />
    <nd ref="35443" />
    <nd ref="35444" />
    <tag k="subtype" v="dashed" />
    <tag k="type" v="line_thin" />
  </way>
  <way id="36447" visible="true" version="1">
    <nd ref="35446" />
    <nd ref="35447" />
    <nd ref="35448" />
    <nd ref="35449" />
    <nd ref="35450" />
    <nd ref="35451" />
    <nd ref="35452" />
    <nd ref="35453" />
    <nd ref="35454" />
    <nd ref="35455" />
    <nd ref="35456" />
    <nd ref="35457" />
    <nd ref="35458" />
    <nd ref="35459" />
    <nd ref="35460" />
    <nd ref="35461" />
    <nd ref="35462" />
    <nd ref="35463" />
    <nd ref="35464" />
    <nd ref="35465" />
    <nd ref="35466" />
    <nd ref="35467" />
    <nd ref="35468" />
    <nd ref="35469" />
    <nd ref="35470" />
    <nd ref="35471" />
    <nd ref="35472" />
    <nd ref="35473" />
    <nd ref="35474" />
    <nd ref="35475" />
    <nd ref="35476" />
    <nd ref="35477" />
    <nd ref="35478" />
    <nd ref="35479" />
    <nd ref="35480" />
    <nd ref="35481" />
    <nd ref="35482" />
    <nd ref="35483" />
    <nd ref="35484" />
    <nd ref="35485" />
    <nd ref="35486" />
    <nd ref="35487" />
    <nd ref="35488" />
    <nd ref="35489" />
    <nd ref="35490" />
    <nd ref="35491" />
    <nd ref="35492" />
    <nd ref="35493" />
    <nd ref="35494" />
    <nd ref="35495" />
    <nd ref="35496" />
    <nd ref="35497" />
    <nd ref="35498" />
    <nd ref="35499" />
    <nd ref="35500" />
    <nd ref="35501" />
    <nd ref="35502" />
    <nd ref="35503" />
    <nd ref="35504" />
    <nd ref="35505" />
    <nd ref="35506" />
    <nd ref="35507" />
    <nd ref="35508" />
    <nd ref="35509" />
    <nd ref="35510" />
    <nd ref="35511" />
    <nd ref="35512" />
    <nd ref="35513" />
    <nd ref="35514" />
    <nd ref="35515" />
    <nd ref="35516" />
    <nd ref="35517" />
    <nd ref="35518" />
    <nd ref="35519" />
    <nd ref="35520" />
    <nd ref="35521" />
    <nd ref="35522" />
    <nd ref="35523" />
    <nd ref="35524" />
    <nd ref="35525" />
    <nd ref="35526" />
    <nd ref="35527" />
    <nd ref="35528" />
    <nd ref="35529" />
    <nd ref="35530" />
    <nd ref="35531" />
    <nd ref="35532" />
    <nd ref="35533" />
    <nd ref="35534" />
    <nd ref="35535" />
    <nd ref="35536" />
    <nd ref="35537" />
    <nd ref="35538" />
    <nd ref="35539" />
    <nd ref="35540" />
    <nd ref="35541" />
    <nd ref="35542" />
    <nd ref="35543" />
    <nd ref="35544" />
    <nd ref="35545" />
    <nd ref="35546" />
    <nd ref="35547" />
    <nd ref="35548" />
    <nd ref="35549" />
    <nd ref="35550" />
    <nd ref="35551" />
    <nd ref="35552" />
    <nd ref="35553" />
    <nd ref="35554" />
    <nd ref="35555" />
    <nd ref="35556" />
    <nd ref="35557" />
    <nd ref="35558" />
    <nd ref="35559" />
    <nd ref="35560" />
    <nd ref="35561" />
    <nd ref="35562" />
    <nd ref="35563" />
    <nd ref="35564" />
    <nd ref="35565" />
    <nd ref="35566" />
    <nd ref="35567" />
    <nd ref="35568" />
    <nd ref="35569" />
    <nd ref="35570" />
    <nd ref="35571" />
    <nd ref="35572" />
    <nd ref="35573" />
    <nd ref="35574" />
    <nd ref="35575" />
    <nd ref="35576" />
    <nd ref="35577" />
    <nd ref="35578" />
    <nd ref="35579" />
    <nd ref="35580" />
    <nd ref="35581" />
    <nd ref="35582" />
    <nd ref="35583" />
    <nd ref="35584" />
    <nd ref="35585" />
    <nd ref="35586" />
    <nd ref="35587" />
    <nd ref="35588" />
    <nd ref="35589" />
    <nd ref="35590" />
    <nd ref="35591" />
    <nd ref="35592" />
    <nd ref="35593" />
    <nd ref="35594" />
    <nd ref="35595" />
    <nd ref="35596" />
    <nd ref="35597" />
    <nd ref="35598" />
    <nd ref="35599" />
    <nd ref="35600" />
    <nd ref="35601" />
    <nd ref="35602" />
    <nd ref="35603" />
    <nd ref="35604" />
    <nd ref="35605" />
    <nd ref="35606" />
    <nd ref="35607" />
    <nd ref="35608" />
    <nd ref="35609" />
    <nd ref="35610" />
    <nd ref="35611" />
    <nd ref="35612" />
    <nd ref="35613" />
    <nd ref="35614" />
    <nd ref="35615" />
    <nd ref="35616" />
    <nd ref="35617" />
    <nd ref="35618" />
    <nd ref="35619" />
    <nd ref="35620" />
    <nd ref="35621" />
    <nd ref="35622" />
    <nd ref="35623" />
    <nd ref="35624" />
    <nd ref="35625" />
    <nd ref="35626" />
    <nd ref="35627" />
    <nd ref="35628" />
    <nd ref="35629" />
    <nd ref="35630" />
    <nd ref="35631" />
    <nd ref="35632" />
    <nd ref="35633" />
    <nd ref="35634" />
    <nd ref="35635" />
    <nd ref="35636" />
    <nd ref="35637" />
    <nd ref="35638" />
    <nd ref="35639" />
    <nd ref="35640" />
    <nd ref="35641" />
    <nd ref="35642" />
    <nd ref="35643" />
    <nd ref="35644" />
    <nd ref="35645" />
    <nd ref="35646" />
    <nd ref="35647" />
    <nd ref="35648" />
    <nd ref="35649" />
    <nd ref="35650" />
    <nd ref="35651" />
    <nd ref="35652" />
    <nd ref="35653" />
    <nd ref="35654" />
    <nd ref="35655" />
    <nd ref="35656" />
    <nd ref="35657" />
    <nd ref="35658" />
    <nd ref="35659" />
    <nd ref="35660" />
    <nd ref="35661" />
    <nd ref="35662" />
    <nd ref="35663" />
    <nd ref="35664" />
    <nd ref="35665" />
    <nd ref="35666" />
    <nd ref="35667" />
    <nd ref="35668" />
    <nd ref="35669" />
    <nd ref="35670" />
    <nd ref="35671" />
    <nd ref="35672" />
    <nd ref="35673" />
    <nd ref="35674" />
    <nd ref="35675" />
    <nd ref="35676" />
    <nd ref="35677" />
    <nd ref="35678" />
    <nd ref="35679" />
    <nd ref="35680" />
    <nd ref="35681" />
    <nd ref="35682" />
    <nd ref="35683" />
    <nd ref="35684" />
    <nd ref="35685" />
    <nd ref="35686" />
    <nd ref="35687" />
    <nd ref="35688" />
    <nd ref="35689" />
    <nd ref="35690" />
    <nd ref="35691" />
    <nd ref="35692" />
    <nd ref="35693" />
    <nd ref="35694" />
    <nd ref="35695" />
    <nd ref="35696" />
    <nd ref="35697" />
    <nd ref="35698" />
    <nd ref="35699" />
    <nd ref="35700" />
    <nd ref="35701" />
    <nd ref="35702" />
    <nd ref="35703" />
    <nd ref="35704" />
    <nd ref="35705" />
    <nd ref="35706" />
    <nd ref="35707" />
    <nd ref="35708" />
    <nd ref="35709" />
    <nd ref="35710" />
    <nd ref="35711" />
    <nd ref="35712" />
    <nd ref="35713" />
    <nd ref="35714" />
    <nd ref="35715" />
    <nd ref="35716" />
    <nd ref="35717" />
    <nd ref="35718" />
    <nd ref="35719" />
    <nd ref="35720" />
    <nd ref="35721" />
    <nd ref="35722" />
    <nd ref="35723" />
    <nd ref="35724" />
    <nd ref="35725" />
    <nd ref="35726" />
    <nd ref="35727" />
    <nd ref="35728" />
    <nd ref="35729" />
    <nd ref="35730" />
    <nd ref="35731" />
    <nd ref="35732" />
    <nd ref="35733" />
    <nd ref="35734" />
    <nd ref="35735" />
    <nd ref="35736" />
    <nd ref="35737" />
    <nd ref="35738" />
    <nd ref="35739" />
    <nd ref="35740" />
    <nd ref="35741" />
    <nd ref="35742" />
    <nd ref="35743" />
    <nd ref="35744" />
    <nd ref="35745" />
    <nd ref="35746" />
    <nd ref="35747" />
    <nd ref="35748" />
    <nd ref="35749" />
    <nd ref="35750" />
    <nd ref="35751" />
    <nd ref="35752" />
    <nd ref="35753" />
    <nd ref="35754" />
    <nd ref="35755" />
    <nd ref="35756" />
    <nd ref="35757" />
    <nd ref="35758" />
    <nd ref="35759" />
    <nd ref="35760" />
    <nd ref="35761" />
    <nd ref="35762" />
    <nd ref="35763" />
    <nd ref="35764" />
    <nd ref="35765" />
    <nd ref="35766" />
    <nd ref="35767" />
    <nd ref="35768" />
    <nd ref="35769" />
    <nd ref="35770" />
    <nd ref="35771" />
    <nd ref="35772" />
    <nd ref="35773" />
    <nd ref="35774" />
    <nd ref="35775" />
    <nd ref="35776" />
    <nd ref="35777" />
    <nd ref="35778" />
    <nd ref="35779" />
    <nd ref="35780" />
    <nd ref="35781" />
    <nd ref="35782" />
    <nd ref="35783" />
    <nd ref="35784" />
    <nd ref="35785" />
    <nd ref="35786" />
    <nd ref="35787" />
    <nd ref="35788" />
    <nd ref="35789" />
    <nd ref="35790" />
    <nd ref="35791" />
    <nd ref="35792" />
    <nd ref="35793" />
    <nd ref="35794" />
    <nd ref="35795" />
    <nd ref="35796" />
    <nd ref="35797" />
    <nd ref="35798" />
    <nd ref="35799" />
    <nd ref="35800" />
    <nd ref="35801" />
    <nd ref="35802" />
    <nd ref="35803" />
    <nd ref="35804" />
    <nd ref="35805" />
    <nd ref="35806" />
    <nd ref="35807" />
    <nd ref="35808" />
    <nd ref="35809" />
    <nd ref="35810" />
    <nd ref="35811" />
    <nd ref="35812" />
    <nd ref="35813" />
    <nd ref="35814" />
    <nd ref="35815" />
    <nd ref="35816" />
    <nd ref="35817" />
    <nd ref="35818" />
    <nd ref="35819" />
    <nd ref="35820" />
    <nd ref="35821" />
    <nd ref="35822" />
    <nd ref="35823" />
    <nd ref="35824" />
    <nd ref="35825" />
    <nd ref="35826" />
    <nd ref="35827" />
    <nd ref="35828" />
    <nd ref="35829" />
    <nd ref="35830" />
    <nd ref="35831" />
    <nd ref="35832" />
    <nd ref="35833" />
    <nd ref="35834" />
    <nd ref="35835" />
    <nd ref="35836" />
    <nd ref="35837" />
    <nd ref="35838" />
    <nd ref="35839" />
    <nd ref="35840" />
    <nd ref="35841" />
    <nd ref="35842" />
    <nd ref="35843" />
    <nd ref="35844" />
    <nd ref="35845" />
    <nd ref="35846" />
    <nd ref="35847" />
    <nd ref="35848" />
    <nd ref="35849" />
    <nd ref="35850" />
    <nd ref="35851" />
    <nd ref="35852" />
    <nd ref="35853" />
    <nd ref="35854" />
    <nd ref="35855" />
    <nd ref="35856" />
    <nd ref="35857" />
    <nd ref="35858" />
    <nd ref="35859" />
    <nd ref="35860" />
    <nd ref="35861" />
    <nd ref="35862" />
    <nd ref="35863" />
    <nd ref="35864" />
    <nd ref="35865" />
    <nd ref="35866" />
    <nd ref="35867" />
    <nd ref="35868" />
    <nd ref="35869" />
    <nd ref="35870" />
    <nd ref="35871" />
    <nd ref="35872" />
    <nd ref="35873" />
    <nd ref="35874" />
    <nd ref="35875" />
    <nd ref="35876" />
    <nd ref="35877" />
    <nd ref="35878" />
    <nd ref="35879" />
    <nd ref="35880" />
    <nd ref="35881" />
    <nd ref="35882" />
    <nd ref="35883" />
    <nd ref="35884" />
    <nd ref="35885" />
    <nd ref="35886" />
    <nd ref="35887" />
    <nd ref="35888" />
    <nd ref="35889" />
    <nd ref="35890" />
    <nd ref="35891" />
    <nd ref="35892" />
    <nd ref="35893" />
    <nd ref="35894" />
    <nd ref="35895" />
    <nd ref="35896" />
    <nd ref="35897" />
    <nd ref="35898" />
    <nd ref="35899" />
    <nd ref="35900" />
    <nd ref="35901" />
    <nd ref="35902" />
    <nd ref="35903" />
    <nd ref="35904" />
    <nd ref="35905" />
    <nd ref="35906" />
    <nd ref="35907" />
    <nd ref="35908" />
    <nd ref="35909" />
    <nd ref="35910" />
    <nd ref="35911" />
    <nd ref="35912" />
    <nd ref="35913" />
    <nd ref="35914" />
    <nd ref="35915" />
    <nd ref="35916" />
    <nd ref="35917" />
    <nd ref="35918" />
    <nd ref="35919" />
    <nd ref="35920" />
    <nd ref="35921" />
    <nd ref="35922" />
    <nd ref="35923" />
    <nd ref="35924" />
    <nd ref="35925" />
    <nd ref="35926" />
    <nd ref="35927" />
    <nd ref="35928" />
    <nd ref="35929" />
    <nd ref="35930" />
    <nd ref="35931" />
    <nd ref="35932" />
    <nd ref="35933" />
    <nd ref="35934" />
    <nd ref="35935" />
    <nd ref="35936" />
    <nd ref="35937" />
    <nd ref="35938" />
    <nd ref="35939" />
    <nd ref="35940" />
    <nd ref="35941" />
    <nd ref="35942" />
    <nd ref="35943" />
    <nd ref="35944" />
    <nd ref="35945" />
    <nd ref="35946" />
    <nd ref="35947" />
    <nd ref="35948" />
    <nd ref="35949" />
    <nd ref="35950" />
    <nd ref="35951" />
    <nd ref="35952" />
    <nd ref="35953" />
    <nd ref="35954" />
    <nd ref="35955" />
    <nd ref="35956" />
    <nd ref="35957" />
    <nd ref="35958" />
    <nd ref="35959" />
    <nd ref="35960" />
    <nd ref="35961" />
    <nd ref="35962" />
    <nd ref="35963" />
    <nd ref="35964" />
    <nd ref="35965" />
    <nd ref="35966" />
    <nd ref="35967" />
    <nd ref="35968" />
    <nd ref="35969" />
    <nd ref="35970" />
    <nd ref="35971" />
    <nd ref="35972" />
    <nd ref="35973" />
    <nd ref="35974" />
    <nd ref="35975" />
    <nd ref="35976" />
    <nd ref="35977" />
    <nd ref="35978" />
    <nd ref="35979" />
    <nd ref="35980" />
    <nd ref="35981" />
    <nd ref="35982" />
    <nd ref="35983" />
    <nd ref="35984" />
    <nd ref="35985" />
    <nd ref="35986" />
    <nd ref="35987" />
    <nd ref="35988" />
    <nd ref="35989" />
    <nd ref="35990" />
    <nd ref="35991" />
    <nd ref="35992" />
    <nd ref="35993" />
    <nd ref="35994" />
    <nd ref="35995" />
    <nd ref="35996" />
    <nd ref="35997" />
    <nd ref="35998" />
    <nd ref="35999" />
    <nd ref="36000" />
    <nd ref="36001" />
    <nd ref="36002" />
    <nd ref="36003" />
    <nd ref="36004" />
    <nd ref="36005" />
    <nd ref="36006" />
    <nd ref="36007" />
    <nd ref="36008" />
    <nd ref="36009" />
    <nd ref="36010" />
    <nd ref="36011" />
    <nd ref="36012" />
    <nd ref="36013" />
    <nd ref="36014" />
    <nd ref="36015" />
    <nd ref="36016" />
    <nd ref="36017" />
    <nd ref="36018" />
    <nd ref="36019" />
    <nd ref="36020" />
    <nd ref="36021" />
    <nd ref="36022" />
    <nd ref="36023" />
    <nd ref="36024" />
    <nd ref="36025" />
    <nd ref="36026" />
    <nd ref="36027" />
    <nd ref="36028" />
    <nd ref="36029" />
    <nd ref="36030" />
    <nd ref="36031" />
    <nd ref="36032" />
    <nd ref="36033" />
    <nd ref="36034" />
    <nd ref="36035" />
    <nd ref="36036" />
    <nd ref="36037" />
    <nd ref="36038" />
    <nd ref="36039" />
    <nd ref="36040" />
    <nd ref="36041" />
    <nd ref="36042" />
    <nd ref="36043" />
    <nd ref="36044" />
    <nd ref="36045" />
    <nd ref="36046" />
    <nd ref="36047" />
    <nd ref="36048" />
    <nd ref="36049" />
    <nd ref="36050" />
    <nd ref="36051" />
    <nd ref="36052" />
    <nd ref="36053" />
    <nd ref="36054" />
    <nd ref="36055" />
    <nd ref="36056" />
    <nd ref="36057" />
    <nd ref="36058" />
    <nd ref="36059" />
    <nd ref="36060" />
    <nd ref="36061" />
    <nd ref="36062" />
    <nd ref="36063" />
    <nd ref="36064" />
    <nd ref="36065" />
    <nd ref="36066" />
    <nd ref="36067" />
    <nd ref="36068" />
    <nd ref="36069" />
    <nd ref="36070" />
    <nd ref="36071" />
    <nd ref="36072" />
    <nd ref="36073" />
    <nd ref="36074" />
    <nd ref="36075" />
    <nd ref="36076" />
    <nd ref="36077" />
    <nd ref="36078" />
    <nd ref="36079" />
    <nd ref="36080" />
    <nd ref="36081" />
    <nd ref="36082" />
    <nd ref="36083" />
    <nd ref="36084" />
    <nd ref="36085" />
    <nd ref="36086" />
    <nd ref="36087" />
    <nd ref="36088" />
    <nd ref="36089" />
    <nd ref="36090" />
    <nd ref="36091" />
    <nd ref="36092" />
    <nd ref="36093" />
    <nd ref="36094" />
    <nd ref="36095" />
    <nd ref="36096" />
    <nd ref="36097" />
    <nd ref="36098" />
    <nd ref="36099" />
    <nd ref="36100" />
    <nd ref="36101" />
    <nd ref="36102" />
    <nd ref="36103" />
    <nd ref="36104" />
    <nd ref="36105" />
    <nd ref="36106" />
    <nd ref="36107" />
    <nd ref="36108" />
    <nd ref="36109" />
    <nd ref="36110" />
    <nd ref="36111" />
    <nd ref="36112" />
    <nd ref="36113" />
    <nd ref="36114" />
    <nd ref="36115" />
    <nd ref="36116" />
    <nd ref="36117" />
    <nd ref="36118" />
    <nd ref="36119" />
    <nd ref="36120" />
    <nd ref="36121" />
    <nd ref="36122" />
    <nd ref="36123" />
    <nd ref="36124" />
    <nd ref="36125" />
    <nd ref="36126" />
    <nd ref="36127" />
    <nd ref="36128" />
    <nd ref="36129" />
    <nd ref="36130" />
    <nd ref="36131" />
    <nd ref="36132" />
    <nd ref="36133" />
    <nd ref="36134" />
    <nd ref="36135" />
    <nd ref="36136" />
    <nd ref="36137" />
    <nd ref="36138" />
    <nd ref="36139" />
    <nd ref="36140" />
    <nd ref="36141" />
    <nd ref="36142" />
    <nd ref="36143" />
    <nd ref="36144" />
    <nd ref="36145" />
    <nd ref="36146" />
    <nd ref="36147" />
    <nd ref="36148" />
    <nd ref="36149" />
    <nd ref="36150" />
    <nd ref="36151" />
    <nd ref="36152" />
    <nd ref="36153" />
    <nd ref="36154" />
    <nd ref="36155" />
    <nd ref="36156" />
    <nd ref="36157" />
    <nd ref="36158" />
    <nd ref="36159" />
    <nd ref="36160" />
    <nd ref="36161" />
    <nd ref="36162" />
    <nd ref="36163" />
    <nd ref="36164" />
    <nd ref="36165" />
    <nd ref="36166" />
    <nd ref="36167" />
    <nd ref="36168" />
    <nd ref="36169" />
    <nd ref="36170" />
    <nd ref="36171" />
    <nd ref="36172" />
    <nd ref="36173" />
    <nd ref="36174" />
    <nd ref="36175" />
    <nd ref="36176" />
    <nd ref="36177" />
    <nd ref="36178" />
    <nd ref="36179" />
    <nd ref="36180" />
    <nd ref="36181" />
    <nd ref="36182" />
    <nd ref="36183" />
    <nd ref="36184" />
    <nd ref="36185" />
    <nd ref="36186" />
    <nd ref="36187" />
    <nd ref="36188" />
    <nd ref="36189" />
    <nd ref="36190" />
    <nd ref="36191" />
    <nd ref="36192" />
    <nd ref="36193" />
    <nd ref="36194" />
    <nd ref="36195" />
    <nd ref="36196" />
    <nd ref="36197" />
    <nd ref="36198" />
    <nd ref="36199" />
    <nd ref="36200" />
    <nd ref="36201" />
    <nd ref="36202" />
    <nd ref="36203" />
    <nd ref="36204" />
    <nd ref="36205" />
    <nd ref="36206" />
    <nd ref="36207" />
    <nd ref="36208" />
    <nd ref="36209" />
    <nd ref="36210" />
    <nd ref="36211" />
    <nd ref="36212" />
    <nd ref="36213" />
    <nd ref="36214" />
    <nd ref="36215" />
    <nd ref="36216" />
    <nd ref="36217" />
    <nd ref="36218" />
    <nd ref="36219" />
    <nd ref="36220" />
    <nd ref="36221" />
    <nd ref="36222" />
    <nd ref="36223" />
    <nd ref="36224" />
    <nd ref="36225" />
    <nd ref="36226" />
    <nd ref="36227" />
    <nd ref="36228" />
    <nd ref="36229" />
    <nd ref="36230" />
    <nd ref="36231" />
    <nd ref="36232" />
    <nd ref="36233" />
    <nd ref="36234" />
    <nd ref="36235" />
    <nd ref="36236" />
    <nd ref="36237" />
    <nd ref="36238" />
    <nd ref="36239" />
    <nd ref="36240" />
    <nd ref="36241" />
    <nd ref="36242" />
    <nd ref="36243" />
    <nd ref="36244" />
    <nd ref="36245" />
    <nd ref="36246" />
    <nd ref="36247" />
    <nd ref="36248" />
    <nd ref="36249" />
    <nd ref="36250" />
    <nd ref="36251" />
    <nd ref="36252" />
    <nd ref="36253" />
    <nd ref="36254" />
    <nd ref="36255" />
    <nd ref="36256" />
    <nd ref="36257" />
    <nd ref="36258" />
    <nd ref="36259" />
    <nd ref="36260" />
    <nd ref="36261" />
    <nd ref="36262" />
    <nd ref="36263" />
    <nd ref="36264" />
    <nd ref="36265" />
    <nd ref="36266" />
    <nd ref="36267" />
    <nd ref="36268" />
    <nd ref="36269" />
    <nd ref="36270" />
    <nd ref="36271" />
    <nd ref="36272" />
    <nd ref="36273" />
    <nd ref="36274" />
    <nd ref="36275" />
    <nd ref="36276" />
    <nd ref="36277" />
    <nd ref="36278" />
    <nd ref="36279" />
    <nd ref="36280" />
    <nd ref="36281" />
    <nd ref="36282" />
    <nd ref="36283" />
    <nd ref="36284" />
    <nd ref="36285" />
    <nd ref="36286" />
    <nd ref="36287" />
    <nd ref="36288" />
    <nd ref="36289" />
    <nd ref="36290" />
    <nd ref="36291" />
    <nd ref="36292" />
    <nd ref="36293" />
    <nd ref="36294" />
    <nd ref="36295" />
    <nd ref="36296" />
    <nd ref="36297" />
    <nd ref="36298" />
    <nd ref="36299" />
    <nd ref="36300" />
    <nd ref="36301" />
    <nd ref="36302" />
    <nd ref="36303" />
    <nd ref="36304" />
    <nd ref="36305" />
    <nd ref="36306" />
    <nd ref="36307" />
    <nd ref="36308" />
    <nd ref="36309" />
    <nd ref="36310" />
    <nd ref="36311" />
    <nd ref="36312" />
    <nd ref="36313" />
    <nd ref="36314" />
    <nd ref="36315" />
    <nd ref="36316" />
    <nd ref="36317" />
    <nd ref="36318" />
    <nd ref="36319" />
    <nd ref="36320" />
    <nd ref="36321" />
    <nd ref="36322" />
    <nd ref="36323" />
    <nd ref="36324" />
    <nd ref="36325" />
    <nd ref="36326" />
    <nd ref="36327" />
    <nd ref="36328" />
    <nd ref="36329" />
    <nd ref="36330" />
    <nd ref="36331" />
    <nd ref="36332" />
    <nd ref="36333" />
    <nd ref="36334" />
    <nd ref="36335" />
    <nd ref="36336" />
    <nd ref="36337" />
    <nd ref="36338" />
    <nd ref="36339" />
    <nd ref="36340" />
    <nd ref="36341" />
    <nd ref="36342" />
    <nd ref="36343" />
    <nd ref="36344" />
    <nd ref="36345" />
    <nd ref="36346" />
    <nd ref="36347" />
    <nd ref="36348" />
    <nd ref="36349" />
    <nd ref="36350" />
    <nd ref="36351" />
    <nd ref="36352" />
    <nd ref="36353" />
    <nd ref="36354" />
    <nd ref="36355" />
    <nd ref="36356" />
    <nd ref="36357" />
    <nd ref="36358" />
    <nd ref="36359" />
    <nd ref="36360" />
    <nd ref="36361" />
    <nd ref="36362" />
    <nd ref="36363" />
    <nd ref="36364" />
    <nd ref="36365" />
    <nd ref="36366" />
    <nd ref="36367" />
    <nd ref="36368" />
    <nd ref="36369" />
    <nd ref="36370" />
    <nd ref="36371" />
    <nd ref="36372" />
    <nd ref="36373" />
    <nd ref="36374" />
    <nd ref="36375" />
    <nd ref="36376" />
    <nd ref="36377" />
    <nd ref="36378" />
    <nd ref="36379" />
    <nd ref="36380" />
    <nd ref="36381" />
    <nd ref="36382" />
    <nd ref="36383" />
    <nd ref="36384" />
    <nd ref="36385" />
    <nd ref="36386" />
    <nd ref="36387" />
    <nd ref="36388" />
    <nd ref="36389" />
    <nd ref="36390" />
    <nd ref="36391" />
    <nd ref="36392" />
    <nd ref="36393" />
    <nd ref="36394" />
    <nd ref="36395" />
    <nd ref="36396" />
    <nd ref="36397" />
    <nd ref="36398" />
    <nd ref="36399" />
    <nd ref="36400" />
    <nd ref="36401" />
    <nd ref="36402" />
    <nd ref="36403" />
    <nd ref="36404" />
    <nd ref="36405" />
    <nd ref="36406" />
    <nd ref="36407" />
    <nd ref="36408" />
    <nd ref="36409" />
    <nd ref="36410" />
    <nd ref="36411" />
    <nd ref="36412" />
    <nd ref="36413" />
    <nd ref="36414" />
    <nd ref="36415" />
    <nd ref="36416" />
    <nd ref="36417" />
    <nd ref="36418" />
    <nd ref="36419" />
    <nd ref="36420" />
    <nd ref="36421" />
    <nd ref="36422" />
    <nd ref="36423" />
    <nd ref="36424" />
    <nd ref="36425" />
    <nd ref="36426" />
    <nd ref="36427" />
    <nd ref="36428" />
    <nd ref="36429" />
    <nd ref="36430" />
    <nd ref="36431" />
    <nd ref="36432" />
    <nd ref="36433" />
    <nd ref="36434" />
    <nd ref="36435" />
    <nd ref="36436" />
    <nd ref="36437" />
    <nd ref="36438" />
    <nd ref="36439" />
    <nd ref="36440" />
    <nd ref="36441" />
    <nd ref="36442" />
    <nd ref="36443" />
    <nd ref="36444" />
    <nd ref="36445" />
    <nd ref="36446" />
  </way>
  <way id="37449" visible="true" version="1">
    <nd ref="36448" />
    <nd ref="36449" />
    <nd ref="36450" />
    <nd ref="36451" />
    <nd ref="36452" />
    <nd ref="36453" />
    <nd ref="36454" />
    <nd ref="36455" />
    <nd ref="36456" />
    <nd ref="36457" />
    <nd ref="36458" />
    <nd ref="36459" />
    <nd ref="36460" />
    <nd ref="36461" />
    <nd ref="36462" />
    <nd ref="36463" />
    <nd ref="36464" />
    <nd ref="36465" />
    <nd ref="36466" />
    <nd ref="36467" />
    <nd ref="36468" />
    <nd ref="36469" />
    <nd ref="36470" />
    <nd ref="36471" />
    <nd ref="36472" />
    <nd ref="36473" />
    <nd ref="36474" />
    <nd ref="36475" />
    <nd ref="36476" />
    <nd ref="36477" />
    <nd ref="36478" />
    <nd ref="36479" />
    <nd ref="36480" />
    <nd ref="36481" />
    <nd ref="36482" />
    <nd ref="36483" />
    <nd ref="36484" />
    <nd ref="36485" />
    <nd ref="36486" />
    <nd ref="36487" />
    <nd ref="36488" />
    <nd ref="36489" />
    <nd ref="36490" />
    <nd ref="36491" />
    <nd ref="36492" />
    <nd ref="36493" />
    <nd ref="36494" />
    <nd ref="36495" />
    <nd ref="36496" />
    <nd ref="36497" />
    <nd ref="36498" />
    <nd ref="36499" />
    <nd ref="36500" />
    <nd ref="36501" />
    <nd ref="36502" />
    <nd ref="36503" />
    <nd ref="36504" />
    <nd ref="36505" />
    <nd ref="36506" />
    <nd ref="36507" />
    <nd ref="36508" />
    <nd ref="36509" />
    <nd ref="36510" />
    <nd ref="36511" />
    <nd ref="36512" />
    <nd ref="36513" />
    <nd ref="36514" />
    <nd ref="36515" />
    <nd ref="36516" />
    <nd ref="36517" />
    <nd ref="36518" />
    <nd ref="36519" />
    <nd ref="36520" />
    <nd ref="36521" />
    <nd ref="36522" />
    <nd ref="36523" />
    <nd ref="36524" />
    <nd ref="36525" />
    <nd ref="36526" />
    <nd ref="36527" />
    <nd ref="36528" />
    <nd ref="36529" />
    <nd ref="36530" />
    <nd ref="36531" />
    <nd ref="36532" />
    <nd ref="36533" />
    <nd ref="36534" />
    <nd ref="36535" />
    <nd ref="36536" />
    <nd ref="36537" />
    <nd ref="36538" />
    <nd ref="36539" />
    <nd ref="36540" />
    <nd ref="36541" />
    <nd ref="36542" />
    <nd ref="36543" />
    <nd ref="36544" />
    <nd ref="36545" />
    <nd ref="36546" />
    <nd ref="36547" />
    <nd ref="36548" />
    <nd ref="36549" />
    <nd ref="36550" />
    <nd ref="36551" />
    <nd ref="36552" />
    <nd ref="36553" />
    <nd ref="36554" />
    <nd ref="36555" />
    <nd ref="36556" />
    <nd ref="36557" />
    <nd ref="36558" />
    <nd ref="36559" />
    <nd ref="36560" />
    <nd ref="36561" />
    <nd ref="36562" />
    <nd ref="36563" />
    <nd ref="36564" />
    <nd ref="36565" />
    <nd ref="36566" />
    <nd ref="36567" />
    <nd ref="36568" />
    <nd ref="36569" />
    <nd ref="36570" />
    <nd ref="36571" />
    <nd ref="36572" />
    <nd ref="36573" />
    <nd ref="36574" />
    <nd ref="36575" />
    <nd ref="36576" />
    <nd ref="36577" />
    <nd ref="36578" />
    <nd ref="36579" />
    <nd ref="36580" />
    <nd ref="36581" />
    <nd ref="36582" />
    <nd ref="36583" />
    <nd ref="36584" />
    <nd ref="36585" />
    <nd ref="36586" />
    <nd ref="36587" />
    <nd ref="36588" />
    <nd ref="36589" />
    <nd ref="36590" />
    <nd ref="36591" />
    <nd ref="36592" />
    <nd ref="36593" />
    <nd ref="36594" />
    <nd ref="36595" />
    <nd ref="36596" />
    <nd ref="36597" />
    <nd ref="36598" />
    <nd ref="36599" />
    <nd ref="36600" />
    <nd ref="36601" />
    <nd ref="36602" />
    <nd ref="36603" />
    <nd ref="36604" />
    <nd ref="36605" />
    <nd ref="36606" />
    <nd ref="36607" />
    <nd ref="36608" />
    <nd ref="36609" />
    <nd ref="36610" />
    <nd ref="36611" />
    <nd ref="36612" />
    <nd ref="36613" />
    <nd ref="36614" />
    <nd ref="36615" />
    <nd ref="36616" />
    <nd ref="36617" />
    <nd ref="36618" />
    <nd ref="36619" />
    <nd ref="36620" />
    <nd ref="36621" />
    <nd ref="36622" />
    <nd ref="36623" />
    <nd ref="36624" />
    <nd ref="36625" />
    <nd ref="36626" />
    <nd ref="36627" />
    <nd ref="36628" />
    <nd ref="36629" />
    <nd ref="36630" />
    <nd ref="36631" />
    <nd ref="36632" />
    <nd ref="36633" />
    <nd ref="36634" />
    <nd ref="36635" />
    <nd ref="36636" />
    <nd ref="36637" />
    <nd ref="36638" />
    <nd ref="36639" />
    <nd ref="36640" />
    <nd ref="36641" />
    <nd ref="36642" />
    <nd ref="36643" />
    <nd ref="36644" />
    <nd ref="36645" />
    <nd ref="36646" />
    <nd ref="36647" />
    <nd ref="36648" />
    <nd ref="36649" />
    <nd ref="36650" />
    <nd ref="36651" />
    <nd ref="36652" />
    <nd ref="36653" />
    <nd ref="36654" />
    <nd ref="36655" />
    <nd ref="36656" />
    <nd ref="36657" />
    <nd ref="36658" />
    <nd ref="36659" />
    <nd ref="36660" />
    <nd ref="36661" />
    <nd ref="36662" />
    <nd ref="36663" />
    <nd ref="36664" />
    <nd ref="36665" />
    <nd ref="36666" />
    <nd ref="36667" />
    <nd ref="36668" />
    <nd ref="36669" />
    <nd ref="36670" />
    <nd ref="36671" />
    <nd ref="36672" />
    <nd ref="36673" />
    <nd ref="36674" />
    <nd ref="36675" />
    <nd ref="36676" />
    <nd ref="36677" />
    <nd ref="36678" />
    <nd ref="36679" />
    <nd ref="36680" />
    <nd ref="36681" />
    <nd ref="36682" />
    <nd ref="36683" />
    <nd ref="36684" />
    <nd ref="36685" />
    <nd ref="36686" />
    <nd ref="36687" />
    <nd ref="36688" />
    <nd ref="36689" />
    <nd ref="36690" />
    <nd ref="36691" />
    <nd ref="36692" />
    <nd ref="36693" />
    <nd ref="36694" />
    <nd ref="36695" />
    <nd ref="36696" />
    <nd ref="36697" />
    <nd ref="36698" />
    <nd ref="36699" />
    <nd ref="36700" />
    <nd ref="36701" />
    <nd ref="36702" />
    <nd ref="36703" />
    <nd ref="36704" />
    <nd ref="36705" />
    <nd ref="36706" />
    <nd ref="36707" />
    <nd ref="36708" />
    <nd ref="36709" />
    <nd ref="36710" />
    <nd ref="36711" />
    <nd ref="36712" />
    <nd ref="36713" />
    <nd ref="36714" />
    <nd ref="36715" />
    <nd ref="36716" />
    <nd ref="36717" />
    <nd ref="36718" />
    <nd ref="36719" />
    <nd ref="36720" />
    <nd ref="36721" />
    <nd ref="36722" />
    <nd ref="36723" />
    <nd ref="36724" />
    <nd ref="36725" />
    <nd ref="36726" />
    <nd ref="36727" />
    <nd ref="36728" />
    <nd ref="36729" />
    <nd ref="36730" />
    <nd ref="36731" />
    <nd ref="36732" />
    <nd ref="36733" />
    <nd ref="36734" />
    <nd ref="36735" />
    <nd ref="36736" />
    <nd ref="36737" />
    <nd ref="36738" />
    <nd ref="36739" />
    <nd ref="36740" />
    <nd ref="36741" />
    <nd ref="36742" />
    <nd ref="36743" />
    <nd ref="36744" />
    <nd ref="36745" />
    <nd ref="36746" />
    <nd ref="36747" />
    <nd ref="36748" />
    <nd ref="36749" />
    <nd ref="36750" />
    <nd ref="36751" />
    <nd ref="36752" />
    <nd ref="36753" />
    <nd ref="36754" />
    <nd ref="36755" />
    <nd ref="36756" />
    <nd ref="36757" />
    <nd ref="36758" />
    <nd ref="36759" />
    <nd ref="36760" />
    <nd ref="36761" />
    <nd ref="36762" />
    <nd ref="36763" />
    <nd ref="36764" />
    <nd ref="36765" />
    <nd ref="36766" />
    <nd ref="36767" />
    <nd ref="36768" />
    <nd ref="36769" />
    <nd ref="36770" />
    <nd ref="36771" />
    <nd ref="36772" />
    <nd ref="36773" />
    <nd ref="36774" />
    <nd ref="36775" />
    <nd ref="36776" />
    <nd ref="36777" />
    <nd ref="36778" />
    <nd ref="36779" />
    <nd ref="36780" />
    <nd ref="36781" />
    <nd ref="36782" />
    <nd ref="36783" />
    <nd ref="36784" />
    <nd ref="36785" />
    <nd ref="36786" />
    <nd ref="36787" />
    <nd ref="36788" />
    <nd ref="36789" />
    <nd ref="36790" />
    <nd ref="36791" />
    <nd ref="36792" />
    <nd ref="36793" />
    <nd ref="36794" />
    <nd ref="36795" />
    <nd ref="36796" />
    <nd ref="36797" />
    <nd ref="36798" />
    <nd ref="36799" />
    <nd ref="36800" />
    <nd ref="36801" />
    <nd ref="36802" />
    <nd ref="36803" />
    <nd ref="36804" />
    <nd ref="36805" />
    <nd ref="36806" />
    <nd ref="36807" />
    <nd ref="36808" />
    <nd ref="36809" />
    <nd ref="36810" />
    <nd ref="36811" />
    <nd ref="36812" />
    <nd ref="36813" />
    <nd ref="36814" />
    <nd ref="36815" />
    <nd ref="36816" />
    <nd ref="36817" />
    <nd ref="36818" />
    <nd ref="36819" />
    <nd ref="36820" />
    <nd ref="36821" />
    <nd ref="36822" />
    <nd ref="36823" />
    <nd ref="36824" />
    <nd ref="36825" />
    <nd ref="36826" />
    <nd ref="36827" />
    <nd ref="36828" />
    <nd ref="36829" />
    <nd ref="36830" />
    <nd ref="36831" />
    <nd ref="36832" />
    <nd ref="36833" />
    <nd ref="36834" />
    <nd ref="36835" />
    <nd ref="36836" />
    <nd ref="36837" />
    <nd ref="36838" />
    <nd ref="36839" />
    <nd ref="36840" />
    <nd ref="36841" />
    <nd ref="36842" />
    <nd ref="36843" />
    <nd ref="36844" />
    <nd ref="36845" />
    <nd ref="36846" />
    <nd ref="36847" />
    <nd ref="36848" />
    <nd ref="36849" />
    <nd ref="36850" />
    <nd ref="36851" />
    <nd ref="36852" />
    <nd ref="36853" />
    <nd ref="36854" />
    <nd ref="36855" />
    <nd ref="36856" />
    <nd ref="36857" />
    <nd ref="36858" />
    <nd ref="36859" />
    <nd ref="36860" />
    <nd ref="36861" />
    <nd ref="36862" />
    <nd ref="36863" />
    <nd ref="36864" />
    <nd ref="36865" />
    <nd ref="36866" />
    <nd ref="36867" />
    <nd ref="36868" />
    <nd ref="36869" />
    <nd ref="36870" />
    <nd ref="36871" />
    <nd ref="36872" />
    <nd ref="36873" />
    <nd ref="36874" />
    <nd ref="36875" />
    <nd ref="36876" />
    <nd ref="36877" />
    <nd ref="36878" />
    <nd ref="36879" />
    <nd ref="36880" />
    <nd ref="36881" />
    <nd ref="36882" />
    <nd ref="36883" />
    <nd ref="36884" />
    <nd ref="36885" />
    <nd ref="36886" />
    <nd ref="36887" />
    <nd ref="36888" />
    <nd ref="36889" />
    <nd ref="36890" />
    <nd ref="36891" />
    <nd ref="36892" />
    <nd ref="36893" />
    <nd ref="36894" />
    <nd ref="36895" />
    <nd ref="36896" />
    <nd ref="36897" />
    <nd ref="36898" />
    <nd ref="36899" />
    <nd ref="36900" />
    <nd ref="36901" />
    <nd ref="36902" />
    <nd ref="36903" />
    <nd ref="36904" />
    <nd ref="36905" />
    <nd ref="36906" />
    <nd ref="36907" />
    <nd ref="36908" />
    <nd ref="36909" />
    <nd ref="36910" />
    <nd ref="36911" />
    <nd ref="36912" />
    <nd ref="36913" />
    <nd ref="36914" />
    <nd ref="36915" />
    <nd ref="36916" />
    <nd ref="36917" />
    <nd ref="36918" />
    <nd ref="36919" />
    <nd ref="36920" />
    <nd ref="36921" />
    <nd ref="36922" />
    <nd ref="36923" />
    <nd ref="36924" />
    <nd ref="36925" />
    <nd ref="36926" />
    <nd ref="36927" />
    <nd ref="36928" />
    <nd ref="36929" />
    <nd ref="36930" />
    <nd ref="36931" />
    <nd ref="36932" />
    <nd ref="36933" />
    <nd ref="36934" />
    <nd ref="36935" />
    <nd ref="36936" />
    <nd ref="36937" />
    <nd ref="36938" />
    <nd ref="36939" />
    <nd ref="36940" />
    <nd ref="36941" />
    <nd ref="36942" />
    <nd ref="36943" />
    <nd ref="36944" />
    <nd ref="36945" />
    <nd ref="36946" />
    <nd ref="36947" />
    <nd ref="36948" />
    <nd ref="36949" />
    <nd ref="36950" />
    <nd ref="36951" />
    <nd ref="36952" />
    <nd ref="36953" />
    <nd ref="36954" />
    <nd ref="36955" />
    <nd ref="36956" />
    <nd ref="36957" />
    <nd ref="36958" />
    <nd ref="36959" />
    <nd ref="36960" />
    <nd ref="36961" />
    <nd ref="36962" />
    <nd ref="36963" />
    <nd ref="36964" />
    <nd ref="36965" />
    <nd ref="36966" />
    <nd ref="36967" />
    <nd ref="36968" />
    <nd ref="36969" />
    <nd ref="36970" />
    <nd ref="36971" />
    <nd ref="36972" />
    <nd ref="36973" />
    <nd ref="36974" />
    <nd ref="36975" />
    <nd ref="36976" />
    <nd ref="36977" />
    <nd ref="36978" />
    <nd ref="36979" />
    <nd ref="36980" />
    <nd ref="36981" />
    <nd ref="36982" />
    <nd ref="36983" />
    <nd ref="36984" />
    <nd ref="36985" />
    <nd ref="36986" />
    <nd ref="36987" />
    <nd ref="36988" />
    <nd ref="36989" />
    <nd ref="36990" />
    <nd ref="36991" />
    <nd ref="36992" />
    <nd ref="36993" />
    <nd ref="36994" />
    <nd ref="36995" />
    <nd ref="36996" />
    <nd ref="36997" />
    <nd ref="36998" />
    <nd ref="36999" />
    <nd ref="37000" />
    <nd ref="37001" />
    <nd ref="37002" />
    <nd ref="37003" />
    <nd ref="37004" />
    <nd ref="37005" />
    <nd ref="37006" />
    <nd ref="37007" />
    <nd ref="37008" />
    <nd ref="37009" />
    <nd ref="37010" />
    <nd ref="37011" />
    <nd ref="37012" />
    <nd ref="37013" />
    <nd ref="37014" />
    <nd ref="37015" />
    <nd ref="37016" />
    <nd ref="37017" />
    <nd ref="37018" />
    <nd ref="37019" />
    <nd ref="37020" />
    <nd ref="37021" />
    <nd ref="37022" />
    <nd ref="37023" />
    <nd ref="37024" />
    <nd ref="37025" />
    <nd ref="37026" />
    <nd ref="37027" />
    <nd ref="37028" />
    <nd ref="37029" />
    <nd ref="37030" />
    <nd ref="37031" />
    <nd ref="37032" />
    <nd ref="37033" />
    <nd ref="37034" />
    <nd ref="37035" />
    <nd ref="37036" />
    <nd ref="37037" />
    <nd ref="37038" />
    <nd ref="37039" />
    <nd ref="37040" />
    <nd ref="37041" />
    <nd ref="37042" />
    <nd ref="37043" />
    <nd ref="37044" />
    <nd ref="37045" />
    <nd ref="37046" />
    <nd ref="37047" />
    <nd ref="37048" />
    <nd ref="37049" />
    <nd ref="37050" />
    <nd ref="37051" />
    <nd ref="37052" />
    <nd ref="37053" />
    <nd ref="37054" />
    <nd ref="37055" />
    <nd ref="37056" />
    <nd ref="37057" />
    <nd ref="37058" />
    <nd ref="37059" />
    <nd ref="37060" />
    <nd ref="37061" />
    <nd ref="37062" />
    <nd ref="37063" />
    <nd ref="37064" />
    <nd ref="37065" />
    <nd ref="37066" />
    <nd ref="37067" />
    <nd ref="37068" />
    <nd ref="37069" />
    <nd ref="37070" />
    <nd ref="37071" />
    <nd ref="37072" />
    <nd ref="37073" />
    <nd ref="37074" />
    <nd ref="37075" />
    <nd ref="37076" />
    <nd ref="37077" />
    <nd ref="37078" />
    <nd ref="37079" />
    <nd ref="37080" />
    <nd ref="37081" />
    <nd ref="37082" />
    <nd ref="37083" />
    <nd ref="37084" />
    <nd ref="37085" />
    <nd ref="37086" />
    <nd ref="37087" />
    <nd ref="37088" />
    <nd ref="37089" />
    <nd ref="37090" />
    <nd ref="37091" />
    <nd ref="37092" />
    <nd ref="37093" />
    <nd ref="37094" />
    <nd ref="37095" />
    <nd ref="37096" />
    <nd ref="37097" />
    <nd ref="37098" />
    <nd ref="37099" />
    <nd ref="37100" />
    <nd ref="37101" />
    <nd ref="37102" />
    <nd ref="37103" />
    <nd ref="37104" />
    <nd ref="37105" />
    <nd ref="37106" />
    <nd ref="37107" />
    <nd ref="37108" />
    <nd ref="37109" />
    <nd ref="37110" />
    <nd ref="37111" />
    <nd ref="37112" />
    <nd ref="37113" />
    <nd ref="37114" />
    <nd ref="37115" />
    <nd ref="37116" />
    <nd ref="37117" />
    <nd ref="37118" />
    <nd ref="37119" />
    <nd ref="37120" />
    <nd ref="37121" />
    <nd ref="37122" />
    <nd ref="37123" />
    <nd ref="37124" />
    <nd ref="37125" />
    <nd ref="37126" />
    <nd ref="37127" />
    <nd ref="37128" />
    <nd ref="37129" />
    <nd ref="37130" />
    <nd ref="37131" />
    <nd ref="37132" />
    <nd ref="37133" />
    <nd ref="37134" />
    <nd ref="37135" />
    <nd ref="37136" />
    <nd ref="37137" />
    <nd ref="37138" />
    <nd ref="37139" />
    <nd ref="37140" />
    <nd ref="37141" />
    <nd ref="37142" />
    <nd ref="37143" />
    <nd ref="37144" />
    <nd ref="37145" />
    <nd ref="37146" />
    <nd ref="37147" />
    <nd ref="37148" />
    <nd ref="37149" />
    <nd ref="37150" />
    <nd ref="37151" />
    <nd ref="37152" />
    <nd ref="37153" />
    <nd ref="37154" />
    <nd ref="37155" />
    <nd ref="37156" />
    <nd ref="37157" />
    <nd ref="37158" />
    <nd ref="37159" />
    <nd ref="37160" />
    <nd ref="37161" />
    <nd ref="37162" />
    <nd ref="37163" />
    <nd ref="37164" />
    <nd ref="37165" />
    <nd ref="37166" />
    <nd ref="37167" />
    <nd ref="37168" />
    <nd ref="37169" />
    <nd ref="37170" />
    <nd ref="37171" />
    <nd ref="37172" />
    <nd ref="37173" />
    <nd ref="37174" />
    <nd ref="37175" />
    <nd ref="37176" />
    <nd ref="37177" />
    <nd ref="37178" />
    <nd ref="37179" />
    <nd ref="37180" />
    <nd ref="37181" />
    <nd ref="37182" />
    <nd ref="37183" />
    <nd ref="37184" />
    <nd ref="37185" />
    <nd ref="37186" />
    <nd ref="37187" />
    <nd ref="37188" />
    <nd ref="37189" />
    <nd ref="37190" />
    <nd ref="37191" />
    <nd ref="37192" />
    <nd ref="37193" />
    <nd ref="37194" />
    <nd ref="37195" />
    <nd ref="37196" />
    <nd ref="37197" />
    <nd ref="37198" />
    <nd ref="37199" />
    <nd ref="37200" />
    <nd ref="37201" />
    <nd ref="37202" />
    <nd ref="37203" />
    <nd ref="37204" />
    <nd ref="37205" />
    <nd ref="37206" />
    <nd ref="37207" />
    <nd ref="37208" />
    <nd ref="37209" />
    <nd ref="37210" />
    <nd ref="37211" />
    <nd ref="37212" />
    <nd ref="37213" />
    <nd ref="37214" />
    <nd ref="37215" />
    <nd ref="37216" />
    <nd ref="37217" />
    <nd ref="37218" />
    <nd ref="37219" />
    <nd ref="37220" />
    <nd ref="37221" />
    <nd ref="37222" />
    <nd ref="37223" />
    <nd ref="37224" />
    <nd ref="37225" />
    <nd ref="37226" />
    <nd ref="37227" />
    <nd ref="37228" />
    <nd ref="37229" />
    <nd ref="37230" />
    <nd ref="37231" />
    <nd ref="37232" />
    <nd ref="37233" />
    <nd ref="37234" />
    <nd ref="37235" />
    <nd ref="37236" />
    <nd ref="37237" />
    <nd ref="37238" />
    <nd ref="37239" />
    <nd ref="37240" />
    <nd ref="37241" />
    <nd ref="37242" />
    <nd ref="37243" />
    <nd ref="37244" />
    <nd ref="37245" />
    <nd ref="37246" />
    <nd ref="37247" />
    <nd ref="37248" />
    <nd ref="37249" />
    <nd ref="37250" />
    <nd ref="37251" />
    <nd ref="37252" />
    <nd ref="37253" />
    <nd ref="37254" />
    <nd ref="37255" />
    <nd ref="37256" />
    <nd ref="37257" />
    <nd ref="37258" />
    <nd ref="37259" />
    <nd ref="37260" />
    <nd ref="37261" />
    <nd ref="37262" />
    <nd ref="37263" />
    <nd ref="37264" />
    <nd ref="37265" />
    <nd ref="37266" />
    <nd ref="37267" />
    <nd ref="37268" />
    <nd ref="37269" />
    <nd ref="37270" />
    <nd ref="37271" />
    <nd ref="37272" />
    <nd ref="37273" />
    <nd ref="37274" />
    <nd ref="37275" />
    <nd ref="37276" />
    <nd ref="37277" />
    <nd ref="37278" />
    <nd ref="37279" />
    <nd ref="37280" />
    <nd ref="37281" />
    <nd ref="37282" />
    <nd ref="37283" />
    <nd ref="37284" />
    <nd ref="37285" />
    <nd ref="37286" />
    <nd ref="37287" />
    <nd ref="37288" />
    <nd ref="37289" />
    <nd ref="37290" />
    <nd ref="37291" />
    <nd ref="37292" />
    <nd ref="37293" />
    <nd ref="37294" />
    <nd ref="37295" />
    <nd ref="37296" />
    <nd ref="37297" />
    <nd ref="37298" />
    <nd ref="37299" />
    <nd ref="37300" />
    <nd ref="37301" />
    <nd ref="37302" />
    <nd ref="37303" />
    <nd ref="37304" />
    <nd ref="37305" />
    <nd ref="37306" />
    <nd ref="37307" />
    <nd ref="37308" />
    <nd ref="37309" />
    <nd ref="37310" />
    <nd ref="37311" />
    <nd ref="37312" />
    <nd ref="37313" />
    <nd ref="37314" />
    <nd ref="37315" />
    <nd ref="37316" />
    <nd ref="37317" />
    <nd ref="37318" />
    <nd ref="37319" />
    <nd ref="37320" />
    <nd ref="37321" />
    <nd ref="37322" />
    <nd ref="37323" />
    <nd ref="37324" />
    <nd ref="37325" />
    <nd ref="37326" />
    <nd ref="37327" />
    <nd ref="37328" />
    <nd ref="37329" />
    <nd ref="37330" />
    <nd ref="37331" />
    <nd ref="37332" />
    <nd ref="37333" />
    <nd ref="37334" />
    <nd ref="37335" />
    <nd ref="37336" />
    <nd ref="37337" />
    <nd ref="37338" />
    <nd ref="37339" />
    <nd ref="37340" />
    <nd ref="37341" />
    <nd ref="37342" />
    <nd ref="37343" />
    <nd ref="37344" />
    <nd ref="37345" />
    <nd ref="37346" />
    <nd ref="37347" />
    <nd ref="37348" />
    <nd ref="37349" />
    <nd ref="37350" />
    <nd ref="37351" />
    <nd ref="37352" />
    <nd ref="37353" />
    <nd ref="37354" />
    <nd ref="37355" />
    <nd ref="37356" />
    <nd ref="37357" />
    <nd ref="37358" />
    <nd ref="37359" />
    <nd ref="37360" />
    <nd ref="37361" />
    <nd ref="37362" />
    <nd ref="37363" />
    <nd ref="37364" />
    <nd ref="37365" />
    <nd ref="37366" />
    <nd ref="37367" />
    <nd ref="37368" />
    <nd ref="37369" />
    <nd ref="37370" />
    <nd ref="37371" />
    <nd ref="37372" />
    <nd ref="37373" />
    <nd ref="37374" />
    <nd ref="37375" />
    <nd ref="37376" />
    <nd ref="37377" />
    <nd ref="37378" />
    <nd ref="37379" />
    <nd ref="37380" />
    <nd ref="37381" />
    <nd ref="37382" />
    <nd ref="37383" />
    <nd ref="37384" />
    <nd ref="37385" />
    <nd ref="37386" />
    <nd ref="37387" />
    <nd ref="37388" />
    <nd ref="37389" />
    <nd ref="37390" />
    <nd ref="37391" />
    <nd ref="37392" />
    <nd ref="37393" />
    <nd ref="37394" />
    <nd ref="37395" />
    <nd ref="37396" />
    <nd ref="37397" />
    <nd ref="37398" />
    <nd ref="37399" />
    <nd ref="37400" />
    <nd ref="37401" />
    <nd ref="37402" />
    <nd ref="37403" />
    <nd ref="37404" />
    <nd ref="37405" />
    <nd ref="37406" />
    <nd ref="37407" />
    <nd ref="37408" />
    <nd ref="37409" />
    <nd ref="37410" />
    <nd ref="37411" />
    <nd ref="37412" />
    <nd ref="37413" />
    <nd ref="37414" />
    <nd ref="37415" />
    <nd ref="37416" />
    <nd ref="37417" />
    <nd ref="37418" />
    <nd ref="37419" />
    <nd ref="37420" />
    <nd ref="37421" />
    <nd ref="37422" />
    <nd ref="37423" />
    <nd ref="37424" />
    <nd ref="37425" />
    <nd ref="37426" />
    <nd ref="37427" />
    <nd ref="37428" />
    <nd ref="37429" />
    <nd ref="37430" />
    <nd ref="37431" />
    <nd ref="37432" />
    <nd ref="37433" />
    <nd ref="37434" />
    <nd ref="37435" />
    <nd ref="37436" />
    <nd ref="37437" />
    <nd ref="37438" />
    <nd ref="37439" />
    <nd ref="37440" />
    <nd ref="37441" />
    <nd ref="37442" />
    <nd ref="37443" />
    <nd ref="37444" />
    <nd ref="37445" />
    <nd ref="37446" />
    <nd ref="37447" />
    <nd ref="37448" />
    <tag k="subtype" v="solid" />
    <tag k="type" v="line_thin" />
  </way>
  <relation id="1000" visible="true" version="1">
    <member type="way" ref="35445" role="left" />
    <member type="way" ref="33441" role="right" />
    <member type="way" ref="34443" role="centerline" />
    <tag k="location" v="nonurban" />
    <tag k="one_way" v="yes" />
    <tag k="region" v="de" />
    <tag k="speed_limit" v="18.0" />
    <tag k="subtype" v="highway" />
    <tag k="type" v="lanelet" />
  </relation>
  <relation id="1001" visible="true" version="1">
    <member type="way" ref="37449" role="left" />
    <member type="way" ref="35445" role="right" />
    <member type="way" ref="36447" role="centerline" />
    <tag k="location" v="nonurban" />
    <tag k="one_way" v="yes" />
    <tag k="region" v="de" />
    <tag k="speed_limit" v="18.0" />
    <tag k="subtype" v="highway" />
    <tag k="type" v="lanelet" />
  </relation>
</osm>
