<?xml version="1.0"?>
<osm version="0.6" upload="false" generator="lanelet2">
  <node id="18150" visible="true" version="1" lat="49.9999325446" lon="9" />
  <node id="18151" visible="true" version="1" lat="49.9999325446" lon="9.00000697669" />
  <node id="18152" visible="true" version="1" lat="49.9999325446" lon="9.00001395339" />
  <node id="18153" visible="true" version="1" lat="49.9999325446" lon="9.00002093008" />
  <node id="18154" visible="true" version="1" lat="49.99993254459" lon="9.00002790678" />
  <node id="18155" visible="true" version="1" lat="49.99993254459" lon="9.00003488347" />
  <node id="18156" visible="true" version="1" lat="49.99993254459" lon="9.00004186017" />
  <node id="18157" visible="true" version="1" lat="49.99993254459" lon="9.00004883686" />
  <node id="18158" visible="true" version="1" lat="49.99993254458" lon="9.00005581356" />
  <node id="18159" visible="true" version="1" lat="49.99993254458" lon="9.00006279025" />
  <node id="18160" visible="true" version="1" lat="49.99993254458" lon="9.00006976695" />
  <node id="18161" visible="true" version="1" lat="49.99993254457" lon="9.00007674364" />
  <node id="18162" visible="true" version="1" lat="49.99993254457" lon="9.00008372034" />
  <node id="18163" visible="true" version="1" lat="49.99993254456" lon="9.00009069703" />
  <node id="18164" visible="true" version="1" lat="49.99993254456" lon="9.00009767372" />
  <node id="18165" visible="true" version="1" lat="49.99993254455" lon="9.00010465042" />
  <node id="18166" visible="true" version="1" lat="49.99993254454" lon="9.00011162711" />
  <node id="18167" visible="true" version="1" lat="49.99993254454" lon="9.00011860381" />
  <node id="18168" visible="true" version="1" lat="49.99993254453" lon="9.0001255805" />
  <node id="18169" visible="true" version="1" lat="49.99993254452" lon="9.0001325572" />
  <node id="18170" visible="true" version="1" lat="49.99993254451" lon="9.00013953389" />
  <node id="18171" visible="true" version="1" lat="49.99993254451" lon="9.00014651059" />
  <node id="18172" visible="true" version="1" lat="49.9999325445" lon="9.00015348728" />
  <node id="18173" visible="true" version="1" lat="49.99993254449" lon="9.00016046398" />
  <node id="18174" visible="true" version="1" lat="49.99993254448" lon="9.00016744067" />
  <node id="18175" visible="true" version="1" lat="49.99993254447" lon="9.00017441737" />
  <node id="18176" visible="true" version="1" lat="49.99993254446" lon="9.00018139406" />
  <node id="18177" visible="true" version="1" lat="49.99993254444" lon="9.00018837076" />
  <node id="18178" visible="true" version="1" lat="49.99993254443" lon="9.00019534745" />
  <node id="18179" visible="true" version="1" lat="49.99993254442" lon="9.00020232414" />
  <node id="18180" visible="true" version="1" lat="49.99993254441" lon="9.00020930084" />
  <node id="18181" visible="true" version="1" lat="49.9999325444" lon="9.00021627753" />
  <node id="18182" visible="true" version="1" lat="49.99993254438" lon="9.00022325423" />
  <node id="18183" visible="true" version="1" lat="49.99993254437" lon="9.00023023092" />
  <node id="18184" visible="true" version="1" lat="49.99993254436" lon="9.00023720762" />
  <node id="18185" visible="true" version="1" lat="49.99993254434" lon="9.00024418431" />
  <node id="18186" visible="true" version="1" lat="49.99993254433" lon="9.00025116101" />
  <node id="18187" visible="true" version="1" lat="49.99993254431" lon="9.0002581377" />
  <node id="18188" visible="true" version="1" lat="49.99993254429" lon="9.0002651144" />
  <node id="18189" visible="true" version="1" lat="49.99993254428" lon="9.00027209109" />
  <node id="18190" visible="true" version="1" lat="49.99993254426" lon="9.00027906779" />
  <node id="18191" visible="true" version="1" lat="49.99993254425" lon="9.00028604448" />
  <node id="18192" visible="true" version="1" lat="49.99993254423" lon="9.00029302117" />
  <node id="18193" visible="true" version="1" lat="49.99993254421" lon="9.00029999787" />
  <node id="18194" visible="true" version="1" lat="49.99993254419" lon="9.00030697456" />
  <node id="18195" visible="true" version="1" lat="49.99993254417" lon="9.00031395126" />
  <node id="18196" visible="true" version="1" lat="49.99993254415" lon="9.00032092795" />
  <node id="18197" visible="true" version="1" lat="49.99993254413" lon="9.00032790465" />
  <node id="18198" visible="true" version="1" lat="49.99993254411" lon="9.00033488134" />
  <node id="18199" visible="true" version="1" lat="49.99993254409" lon="9.00034185804" />
  <node id="18200" visible="true" version="1" lat="49.99993254407" lon="9.00034883473" />
  <node id="18201" visible="true" version="1" lat="49.99993254405" lon="9.00035581143" />
  <node id="18202" visible="true" version="1" lat="49.99993254403" lon="9.00036278812" />
  <node id="18203" visible="true" version="1" lat="49.99993254401" lon="9.00036976482" />
  <node id="18204" visible="true" version="1" lat="49.99993254399" lon="9.00037674151" />
  <node id="18205" visible="true" version="1" lat="49.99993254396" lon="9.00038371821" />
  <node id="18206" visible="true" version="1" lat="49.99993254394" lon="9.0003906949" />
  <node id="18207" visible="true" version="1" lat="49.99993254392" lon="9.00039767159" />
  <node id="18208" visible="true" version="1" lat="49.99993254389" lon="9.00040464829" />
  <node id="18209" visible="true" version="1" lat="49.99993254387" lon="9.00041162498" />
  <node id="18210" visible="true" version="1" lat="49.99993254384" lon="9.00041860168" />
  <node id="18211" visible="true" version="1" lat="49.99993254382" lon="9.00042557837" />
  <node id="18212" visible="true" version="1" lat="49.99993254379" lon="9.00043255507" />
  <node id="18213" visible="true" version="1" lat="49.99993254377" lon="9.00043953176" />
  <node id="18214" visible="true" version="1" lat="49.99993254374" lon="9.00044650846" />
  <node id="18215" visible="true" version="1" lat="49.99993254371" lon="9.00045348515" />
  <node id="18216" visible="true" version="1" lat="49.99993254368" lon="9.00046046185" />
  <node id="18217" visible="true" version="1" lat="49.99993254366" lon="9.00046743854" />
  <node id="18218" visible="true" version="1" lat="49.99993254363" lon="9.00047441524" />
  <node id="18219" visible="true" version="1" lat="49.9999325436" lon="9.00048139193" />
  <node id="18220" visible="true" version="1" lat="49.99993254357" lon="9.00048836862" />
  <node id="18221" visible="true" version="1" lat="49.99993254354" lon="9.00049534532" />
  <node id="18222" visible="true" version="1" lat="49.99993254351" lon="9.00050232201" />
  <node id="18223" visible="true" version="1" lat="49.99993254348" lon="9.00050929871" />
  <node id="18224" visible="true" version="1" lat="49.99993254345" lon="9.0005162754" />
  <node id="18225" visible="true" version="1" lat="49.99993254342" lon="9.0005232521" />
  <node id="18226" visible="true" version="1" lat="49.99993254339" lon="9.00053022879" />
  <node id="18227" visible="true" version="1" lat="49.99993254335" lon="9.00053720549" />
  <node id="18228" visible="true" version="1" lat="49.99993254332" lon="9.00054418218" />
  <node id="18229" visible="true" version="1" lat="49.99993254329" lon="9.00055115888" />
  <node id="18230" visible="true" version="1" lat="49.99993254326" lon="9.00055813557" />
  <node id="18231" visible="true" version="1" lat="49.99993254322" lon="9.00056511227" />
  <node id="18232" visible="true" version="1" lat="49.99993254319" lon="9.00057208896" />
  <node id="18233" visible="true" version="1" lat="49.99993254315" lon="9.00057906566" />
  <node id="18234" visible="true" version="1" lat="49.99993254312" lon="9.00058604235" />
  <node id="18235" visible="true" version="1" lat="49.99993254308" lon="9.00059301904" />
  <node id="18236" visible="true" version="1" lat="49.99993254305" lon="9.00059999574" />
  <node id="18237" visible="true" version="1" lat="49.99993254301" lon="9.00060697243" />
  <node id="18238" visible="true" version="1" lat="49.99993254297" lon="9.00061394913" />
  <node id="18239" visible="true" version="1" lat="49.99993254294" lon="9.00062092582" />
  <node id="18240" visible="true" version="1" lat="49.9999325429" lon="9.00062790252" />
  <node id="18241" visible="true" version="1" lat="49.99993254286" lon="9.00063487921" />
  <node id="18242" visible="true" version="1" lat="49.99993254282" lon="9.00064185591" />
  <node id="18243" visible="true" version="1" lat="49.99993254278" lon="9.0006488326" />
  <node id="18244" visible="true" version="1" lat="49.99993254274" lon="9.0006558093" />
  <node id="18245" visible="true" version="1" lat="49.9999325427" lon="9.00066278599" />
  <node id="18246" visible="true" version="1" lat="49.99993254266" lon="9.00066976269" />
  <node id="18247" visible="true" version="1" lat="49.99993254262" lon="9.00067673938" />
  <node id="18248" visible="true" version="1" lat="49.99993254258" lon="9.00068371607" />
  <node id="18249" visible="true" version="1" lat="49.99993254254" lon="9.00069069277" />
  <node id="18250" visible="true" version="1" lat="49.9999325425" lon="9.00069766946" />
  <node id="18251" visible="true" version="1" lat="49.99993254246" lon="9.00070464616" />
  <node id="18252" visible="true" version="1" lat="49.99993254242" lon="9.00071162285" />
  <node id="18253" visible="true" version="1" lat="49.99993254237" lon="9.00071859955" />
  <node id="18254" visible="true" version="1" lat="49.99993254233" lon="9.00072557624" />
  <node id="18255" visible="true" version="1" lat="49.99993254229" lon="9.00073255294" />
  <node id="18256" visible="true" version="1" lat="49.99993254224" lon="9.00073952963" />
  <node id="18257" visible="true" version="1" lat="49.9999325422" lon="9.00074650633" />
  <node id="18258" visible="true" version="1" lat="49.99993254215" lon="9.00075348302" />
  <node id="18259" visible="true" version="1" lat="49.99993254211" lon="9.00076045972" />
  <node id="18260" visible="true" version="1" lat="49.99993254206" lon="9.00076743641" />
  <node id="18261" visible="true" version="1" lat="49.99993254201" lon="9.00077441311" />
  <node id="18262" visible="true" version="1" lat="49.99993254197" lon="9.0007813898" />
  <node id="18263" visible="true" version="1" lat="49.99993254192" lon="9.00078836649" />
  <node id="18264" visible="true" version="1" lat="49.99993254187" lon="9.00079534319" />
  <node id="18265" visible="true" version="1" lat="49.99993254182" lon="9.00080231988" />
  <node id="18266" visible="true" version="1" lat="49.99993254178" lon="9.00080929658" />
  <node id="18267" visible="true" version="1" lat="49.99993254173" lon="9.00081627327" />
  <node id="18268" visible="true" version="1" lat="49.99993254168" lon="9.00082324997" />
  <node id="18269" visible="true" version="1" lat="49.99993254163" lon="9.00083022666" />
  <node id="18270" visible="true" version="1" lat="49.99993254158" lon="9.00083720336" />
  <node id="18271" visible="true" version="1" lat="49.99993254153" lon="9.00084418005" />
  <node id="18272" visible="true" version="1" lat="49.99993254148" lon="9.00085115675" />
  <node id="18273" visible="true" version="1" lat="49.99993254142" lon="9.00085813344" />
  <node id="18274" visible="true" version="1" lat="49.99993254137" lon="9.00086511014" />
  <node id="18275" visible="true" version="1" lat="49.99993254132" lon="9.00087208683" />
  <node id="18276" visible="true" version="1" lat="49.99993254127" lon="9.00087906352" />
  <node id="18277" visible="true" version="1" lat="49.99993254121" lon="9.00088604022" />
  <node id="18278" visible="true" version="1" lat="49.99993254116" lon="9.00089301691" />
  <node id="18279" visible="true" version="1" lat="49.99993254111" lon="9.00089999361" />
  <node id="18280" visible="true" version="1" lat="49.99993254105" lon="9.0009069703" />
  <node id="18281" visible="true" version="1" lat="49.999932541" lon="9.000913947" />
  <node id="18282" visible="true" version="1" lat="49.99993254094" lon="9.00092092369" />
  <node id="18283" visible="true" version="1" lat="49.99993254089" lon="9.00092790039" />
  <node id="18284" visible="true" version="1" lat="49.99993254083" lon="9.00093487708" />
  <node id="18285" visible="true" version="1" lat="49.99993254078" lon="9.00094185378" />
  <node id="18286" visible="true" version="1" lat="49.99993254072" lon="9.00094883047" />
  <node id="18287" visible="true" version="1" lat="49.99993254066" lon="9.00095580717" />
  <node id="18288" visible="true" version="1" lat="49.9999325406" lon="9.00096278386" />
  <node id="18289" visible="true" version="1" lat="49.99993254055" lon="9.00096976056" />
  <node id="18290" visible="true" version="1" lat="49.99993254049" lon="9.00097673725" />
  <node id="18291" visible="true" version="1" lat="49.99993254043" lon="9.00098371394" />
  <node id="18292" visible="true" version="1" lat="49.99993254037" lon="9.00099069064" />
  <node id="18293" visible="true" version="1" lat="49.99993254031" lon="9.00099766733" />
  <node id="18294" visible="true" version="1" lat="49.99993254025" lon="9.00100464403" />
  <node id="18295" visible="true" version="1" lat="49.99993254019" lon="9.00101162072" />
  <node id="18296" visible="true" version="1" lat="49.99993254013" lon="9.00101859742" />
  <node id="18297" visible="true" version="1" lat="49.99993254007" lon="9.00102557411" />
  <node id="18298" visible="true" version="1" lat="49.99993254" lon="9.00103255081" />
  <node id="18299" visible="true" version="1" lat="49.99993253994" lon="9.0010395275" />
  <node id="18300" visible="true" version="1" lat="49.99993253988" lon="9.0010465042" />
  <node id="18301" visible="true" version="1" lat="49.99993253982" lon="9.00105348089" />
  <node id="18302" visible="true" version="1" lat="49.99993253975" lon="9.00106045759" />
  <node id="18303" visible="true" version="1" lat="49.99993253969" lon="9.00106743428" />
  <node id="18304" visible="true" version="1" lat="49.99993253962" lon="9.00107441097" />
  <node id="18305" visible="true" version="1" lat="49.99993253956" lon="9.00108138767" />
  <node id="18306" visible="true" version="1" lat="49.99993253949" lon="9.00108836436" />
  <node id="18307" visible="true" version="1" lat="49.99993253943" lon="9.00109534106" />
  <node id="18308" visible="true" version="1" lat="49.99993253936" lon="9.00110231775" />
  <node id="18309" visible="true" version="1" lat="49.9999325393" lon="9.00110929445" />
  <node id="18310" visible="true" version="1" lat="49.99993253923" lon="9.00111627114" />
  <node id="18311" visible="true" version="1" lat="49.99993253916" lon="9.00112324784" />
  <node id="18312" visible="true" version="1" lat="49.99993253909" lon="9.00113022453" />
  <node id="18313" visible="true" version="1" lat="49.99993253903" lon="9.00113720123" />
  <node id="18314" visible="true" version="1" lat="49.99993253896" lon="9.00114417792" />
  <node id="18315" visible="true" version="1" lat="49.99993253889" lon="9.00115115462" />
  <node id="18316" visible="true" version="1" lat="49.99993253882" lon="9.00115813131" />
  <node id="18317" visible="true" version="1" lat="49.99993253875" lon="9.00116510801" />
  <node id="18318" visible="true" version="1" lat="49.99993253868" lon="9.0011720847" />
  <node id="18319" visible="true" version="1" lat="49.99993253861" lon="9.00117906139" />
  <node id="18320" visible="true" version="1" lat="49.99993253854" lon="9.00118603809" />
  <node id="18321" visible="true" version="1" lat="49.99993253846" lon="9.00119301478" />
  <node id="18322" visible="true" version="1" lat="49.99993253839" lon="9.00119999148" />
  <node id="18323" visible="true" version="1" lat="49.99993253832" lon="9.00120696817" />
  <node id="18324" visible="true" version="1" lat="49.99993253825" lon="9.00121394487" />
  <node id="18325" visible="true" version="1" lat="49.99993253817" lon="9.00122092156" />
  <node id="18326" visible="true" version="1" lat="49.9999325381" lon="9.00122789826" />
  <node id="18327" visible="true" version="1" lat="49.99993253803" lon="9.00123487495" />
  <node id="18328" visible="true" version="1" lat="49.99993253795" lon="9.00124185165" />
  <node id="18329" visible="true" version="1" lat="49.99993253788" lon="9.00124882834" />
  <node id="18330" visible="true" version="1" lat="49.9999325378" lon="9.00125580504" />
  <node id="18331" visible="true" version="1" lat="49.99993253773" lon="9.00126278173" />
  <node id="18332" visible="true" version="1" lat="49.99993253765" lon="9.00126975842" />
  <node id="18333" visible="true" version="1" lat="49.99993253757" lon="9.00127673512" />
  <node id="18334" visible="true" version="1" lat="49.9999325375" lon="9.00128371181" />
  <node id="18335" visible="true" version="1" lat="49.99993253742" lon="9.00129068851" />
  <node id="18336" visible="true" version="1" lat="49.99993253734" lon="9.0012976652" />
  <node id="18337" visible="true" version="1" lat="49.99993253726" lon="9.0013046419" />
  <node id="18338" visible="true" version="1" lat="49.99993253718" lon="9.00131161859" />
  <node id="18339" visible="true" version="1" lat="49.99993253711" lon="9.00131859529" />
  <node id="18340" visible="true" version="1" lat="49.99993253703" lon="9.00132557198" />
  <node id="18341" visible="true" version="1" lat="49.99993253695" lon="9.00133254868" />
  <node id="18342" visible="true" version="1" lat="49.99993253687" lon="9.00133952537" />
  <node id="18343" visible="true" version="1" lat="49.99993253679" lon="9.00134650207" />
  <node id="18344" visible="true" version="1" lat="49.9999325367" lon="9.00135347876" />
  <node id="18345" visible="true" version="1" lat="49.99993253662" lon="9.00136045546" />
  <node id="18346" visible="true" version="1" lat="49.99993253654" lon="9.00136743215" />
  <node id="18347" visible="true" version="1" lat="49.99993253646" lon="9.00137440884" />
  <node id="18348" visible="true" version="1" lat="49.99993253638" lon="9.00138138554" />
  <node id="18349" visible="true" version="1" lat="49.99993253629" lon="9.00138836223" />
  <node id="18350" visible="true" version="1" lat="49.99993253621" lon="9.00139533893" />
  <node id="18351" visible="true" version="1" lat="49.99993253621" lon="9.00139533893" />
  <node id="18352" visible="true" version="1" lat="49.99993253641" lon="9.00140257718" />
  <node id="18353" visible="true" version="1" lat="49.99993253748" lon="9.00140981544" />
  <node id="18354" visible="true" version="1" lat="49.99993253987" lon="9.00141705369" />
  <node id="18355" visible="true" version="1" lat="49.99993254403" lon="9.00142429194" />
  <node id="18356" visible="true" version="1" lat="49.99993255041" lon="9.00143153019" />
  <node id="18357" visible="true" version="1" lat="49.99993255946" lon="9.00143876843" />
  <node id="18358" visible="true" version="1" lat="49.99993257162" lon="9.00144600666" />
  <node id="18359" visible="true" version="1" lat="49.99993258736" lon="9.00145324488" />
  <node id="18360" visible="true" version="1" lat="49.99993260712" lon="9.00146048307" />
  <node id="18361" visible="true" version="1" lat="49.99993263134" lon="9.00146772122" />
  <node id="18362" visible="true" version="1" lat="49.99993266049" lon="9.00147495934" />
  <node id="18363" visible="true" version="1" lat="49.999932695" lon="9.00148219739" />
  <node id="18364" visible="true" version="1" lat="49.99993273533" lon="9.00148943538" />
  <node id="18365" visible="true" version="1" lat="49.99993278192" lon="9.00149667327" />
  <node id="18366" visible="true" version="1" lat="49.99993283523" lon="9.00150391105" />
  <node id="18367" visible="true" version="1" lat="49.99993289571" lon="9.0015111487" />
  <node id="18368" visible="true" version="1" lat="49.9999329638" lon="9.00151838618" />
  <node id="18369" visible="true" version="1" lat="49.99993303996" lon="9.00152562347" />
  <node id="18370" visible="true" version="1" lat="49.99993312463" lon="9.00153286053" />
  <node id="18371" visible="true" version="1" lat="49.99993321827" lon="9.00154009733" />
  <node id="18372" visible="true" version="1" lat="49.99993332132" lon="9.00154733382" />
  <node id="18373" visible="true" version="1" lat="49.99993343423" lon="9.00155456995" />
  <node id="18374" visible="true" version="1" lat="49.99993355745" lon="9.00156180568" />
  <node id="18375" visible="true" version="1" lat="49.99993369144" lon="9.00156904095" />
  <node id="18376" visible="true" version="1" lat="49.99993383663" lon="9.0015762757" />
  <node id="18377" visible="true" version="1" lat="49.99993399348" lon="9.00158350986" />
  <node id="18378" visible="true" version="1" lat="49.99993416243" lon="9.00159074336" />
  <node id="18379" visible="true" version="1" lat="49.99993434394" lon="9.00159797614" />
  <node id="18380" visible="true" version="1" lat="49.99993453845" lon="9.0016052081" />
  <node id="18381" visible="true" version="1" lat="49.99993474642" lon="9.00161243916" />
  <node id="18382" visible="true" version="1" lat="49.99993496827" lon="9.00161966922" />
  <node id="18383" visible="true" version="1" lat="49.99993520448" lon="9.00162689819" />
  <node id="18384" visible="true" version="1" lat="49.99993545547" lon="9.00163412596" />
  <node id="18385" visible="true" version="1" lat="49.9999357217" lon="9.00164135242" />
  <node id="18386" visible="true" version="1" lat="49.99993600362" lon="9.00164857745" />
  <node id="18387" visible="true" version="1" lat="49.99993630166" lon="9.00165580091" />
  <node id="18388" visible="true" version="1" lat="49.99993661628" lon="9.00166302269" />
  <node id="18389" visible="true" version="1" lat="49.99993694792" lon="9.00167024263" />
  <node id="18390" visible="true" version="1" lat="49.99993729702" lon="9.00167746059" />
  <node id="18391" visible="true" version="1" lat="49.99993766403" lon="9.00168467642" />
  <node id="18392" visible="true" version="1" lat="49.99993804939" lon="9.00169188994" />
  <node id="18393" visible="true" version="1" lat="49.99993845354" lon="9.00169910098" />
  <node id="18394" visible="true" version="1" lat="49.99993887692" lon="9.00170630937" />
  <node id="18395" visible="true" version="1" lat="49.99993931997" lon="9.00171351491" />
  <node id="18396" visible="true" version="1" lat="49.99993978314" lon="9.0017207174" />
  <node id="18397" visible="true" version="1" lat="49.99994026685" lon="9.00172791665" />
  <node id="18398" visible="true" version="1" lat="49.99994077156" lon="9.00173511242" />
  <node id="18399" visible="true" version="1" lat="49.99994129769" lon="9.0017423045" />
  <node id="18400" visible="true" version="1" lat="49.99994184568" lon="9.00174949265" />
  <node id="18401" visible="true" version="1" lat="49.99994241596" lon="9.00175667662" />
  <node id="18402" visible="true" version="1" lat="49.99994241596" lon="9.00175667662" />
  <node id="18403" visible="true" version="1" lat="49.99994303056" lon="9.00176411571" />
  <node id="18404" visible="true" version="1" lat="49.99994366912" lon="9.00177154993" />
  <node id="18405" visible="true" version="1" lat="49.99994433163" lon="9.00177897911" />
  <node id="18406" visible="true" version="1" lat="49.99994501807" lon="9.00178640306" />
  <node id="18407" visible="true" version="1" lat="49.99994572843" lon="9.00179382159" />
  <node id="18408" visible="true" version="1" lat="49.99994646269" lon="9.00180123452" />
  <node id="18409" visible="true" version="1" lat="49.99994722084" lon="9.00180864166" />
  <node id="18410" visible="true" version="1" lat="49.99994800284" lon="9.00181604282" />
  <node id="18411" visible="true" version="1" lat="49.99994880869" lon="9.00182343783" />
  <node id="18412" visible="true" version="1" lat="49.99994963836" lon="9.00183082649" />
  <node id="18413" visible="true" version="1" lat="49.99995049183" lon="9.00183820863" />
  <node id="18414" visible="true" version="1" lat="49.99995136909" lon="9.00184558405" />
  <node id="18415" visible="true" version="1" lat="49.9999522701" lon="9.00185295258" />
  <node id="18416" visible="true" version="1" lat="49.99995319485" lon="9.00186031403" />
  <node id="18417" visible="true" version="1" lat="49.99995414331" lon="9.00186766821" />
  <node id="18418" visible="true" version="1" lat="49.99995511546" lon="9.00187501494" />
  <node id="18419" visible="true" version="1" lat="49.99995611127" lon="9.00188235404" />
  <node id="18420" visible="true" version="1" lat="49.99995713073" lon="9.00188968533" />
  <node id="18421" visible="true" version="1" lat="49.9999581738" lon="9.00189700861" />
  <node id="18422" visible="true" version="1" lat="49.99995924046" lon="9.00190432371" />
  <node id="18423" visible="true" version="1" lat="49.99996033068" lon="9.00191163045" />
  <node id="18424" visible="true" version="1" lat="49.99996144443" lon="9.00191892864" />
  <node id="18425" visible="true" version="1" lat="49.99996258169" lon="9.0019262181" />
  <node id="18426" visible="true" version="1" lat="49.99996374243" lon="9.00193349865" />
  <node id="18427" visible="true" version="1" lat="49.99996492662" lon="9.0019407701" />
  <node id="18428" visible="true" version="1" lat="49.99996613423" lon="9.00194803228" />
  <node id="18429" visible="true" version="1" lat="49.99996736523" lon="9.00195528499" />
  <node id="18430" visible="true" version="1" lat="49.99996861959" lon="9.00196252807" />
  <node id="18431" visible="true" version="1" lat="49.99996989727" lon="9.00196976133" />
  <node id="18432" visible="true" version="1" lat="49.99997119825" lon="9.00197698459" />
  <node id="18433" visible="true" version="1" lat="49.9999725225" lon="9.00198419767" />
  <node id="18434" visible="true" version="1" lat="49.99997386997" lon="9.00199140038" />
  <node id="18435" visible="true" version="1" lat="49.99997524064" lon="9.00199859255" />
  <node id="18436" visible="true" version="1" lat="49.99997663447" lon="9.002005774" />
  <node id="18437" visible="true" version="1" lat="49.99997805143" lon="9.00201294455" />
  <node id="18438" visible="true" version="1" lat="49.99997949148" lon="9.00202010402" />
  <node id="18439" visible="true" version="1" lat="49.99998095458" lon="9.00202725223" />
  <node id="18440" visible="true" version="1" lat="49.99998244071" lon="9.002034389" />
  <node id="18441" visible="true" version="1" lat="49.99998394982" lon="9.00204151416" />
  <node id="18442" visible="true" version="1" lat="49.99998548187" lon="9.00204862752" />
  <node id="18443" visible="true" version="1" lat="49.99998703682" lon="9.00205572891" />
  <node id="18444" visible="true" version="1" lat="49.99998861465" lon="9.00206281814" />
  <node id="18445" visible="true" version="1" lat="49.9999902153" lon="9.00206989505" />
  <node id="18446" visible="true" version="1" lat="49.99999183874" lon="9.00207695946" />
  <node id="18447" visible="true" version="1" lat="49.99999348492" lon="9.00208401118" />
  <node id="18448" visible="true" version="1" lat="49.99999515382" lon="9.00209105005" />
  <node id="18449" visible="true" version="1" lat="49.99999684537" lon="9.00209807589" />
  <node id="18450" visible="true" version="1" lat="49.99999855955" lon="9.00210508851" />
  <node id="18451" visible="true" version="1" lat="50.0000002963" lon="9.00211208776" />
  <node id="18452" visible="true" version="1" lat="50.0000020556" lon="9.00211907344" />
  <node id="18453" visible="true" version="1" lat="50.00000383738" lon="9.00212604539" />
  <node id="18454" visible="true" version="1" lat="50.00000564161" lon="9.00213300343" />
  <node id="18455" visible="true" version="1" lat="50.00000746824" lon="9.00213994739" />
  <node id="18456" visible="true" version="1" lat="50.00000931723" lon="9.00214687709" />
  <node id="18457" visible="true" version="1" lat="50.00001118853" lon="9.00215379237" />
  <node id="18458" visible="true" version="1" lat="50.00001308209" lon="9.00216069304" />
  <node id="18459" visible="true" version="1" lat="50.00001499787" lon="9.00216757894" />
  <node id="18460" visible="true" version="1" lat="50.00001693582" lon="9.0021744499" />
  <node id="18461" visible="true" version="1" lat="50.00001889588" lon="9.00218130573" />
  <node id="18462" visible="true" version="1" lat="50.00002087802" lon="9.00218814628" />
  <node id="18463" visible="true" version="1" lat="50.00002288218" lon="9.00219497137" />
  <node id="18464" visible="true" version="1" lat="50.00002490831" lon="9.00220178082" />
  <node id="18465" visible="true" version="1" lat="50.00002695635" lon="9.00220857448" />
  <node id="18466" visible="true" version="1" lat="50.00002902627" lon="9.00221535216" />
  <node id="18467" visible="true" version="1" lat="50.00003111801" lon="9.0022221137" />
  <node id="18468" visible="true" version="1" lat="50.00003323151" lon="9.00222885894" />
  <node id="18469" visible="true" version="1" lat="50.00003536672" lon="9.00223558769" />
  <node id="18470" visible="true" version="1" lat="50.00003752359" lon="9.0022422998" />
  <node id="18471" visible="true" version="1" lat="50.00003970207" lon="9.00224899509" />
  <node id="18472" visible="true" version="1" lat="50.00004190209" lon="9.00225567341" />
  <node id="18473" visible="true" version="1" lat="50.00004412361" lon="9.00226233457" />
  <node id="18474" visible="true" version="1" lat="50.00004636658" lon="9.00226897842" />
  <node id="18475" visible="true" version="1" lat="50.00004863092" lon="9.00227560479" />
  <node id="18476" visible="true" version="1" lat="50.00005091659" lon="9.00228221351" />
  <node id="18477" visible="true" version="1" lat="50.00005322354" lon="9.00228880442" />
  <node id="18478" visible="true" version="1" lat="50.00005555169" lon="9.00229537736" />
  <node id="18479" visible="true" version="1" lat="50.000057901" lon="9.00230193215" />
  <node id="18480" visible="true" version="1" lat="50.00006027141" lon="9.00230846863" />
  <node id="18481" visible="true" version="1" lat="50.00006266285" lon="9.00231498665" />
  <node id="18482" visible="true" version="1" lat="50.00006507527" lon="9.00232148604" />
  <node id="18483" visible="true" version="1" lat="50.0000675086" lon="9.00232796664" />
  <node id="18484" visible="true" version="1" lat="50.00006996279" lon="9.00233442827" />
  <node id="18485" visible="true" version="1" lat="50.00007243777" lon="9.0023408708" />
  <node id="18486" visible="true" version="1" lat="50.00007493349" lon="9.00234729404" />
  <node id="18487" visible="true" version="1" lat="50.00007744987" lon="9.00235369784" />
  <node id="18488" visible="true" version="1" lat="50.00007998687" lon="9.00236008205" />
  <node id="18489" visible="true" version="1" lat="50.0000825444" lon="9.00236644649" />
  <node id="18490" visible="true" version="1" lat="50.00008512242" lon="9.00237279102" />
  <node id="18491" visible="true" version="1" lat="50.00008772085" lon="9.00237911547" />
  <node id="18492" visible="true" version="1" lat="50.00009033963" lon="9.00238541969" />
  <node id="18493" visible="true" version="1" lat="50.00009297869" lon="9.00239170352" />
  <node id="18494" visible="true" version="1" lat="50.00009563797" lon="9.0023979668" />
  <node id="18495" visible="true" version="1" lat="50.00009831741" lon="9.00240420937" />
  <node id="18496" visible="true" version="1" lat="50.00010101693" lon="9.00241043108" />
  <node id="18497" visible="true" version="1" lat="50.00010373647" lon="9.00241663177" />
  <node id="18498" visible="true" version="1" lat="50.00010647595" lon="9.00242281129" />
  <node id="18499" visible="true" version="1" lat="50.00010923532" lon="9.00242896948" />
  <node id="18500" visible="true" version="1" lat="50.0001120145" lon="9.00243510619" />
  <node id="18501" visible="true" version="1" lat="50.00011481343" lon="9.00244122127" />
  <node id="18502" visible="true" version="1" lat="50.00011763203" lon="9.00244731456" />
  <node id="18503" visible="true" version="1" lat="50.00012047022" lon="9.00245338592" />
  <node id="18504" visible="true" version="1" lat="50.00012332795" lon="9.00245943518" />
  <node id="18505" visible="true" version="1" lat="50.00012620515" lon="9.0024654622" />
  <node id="18506" visible="true" version="1" lat="50.00012910172" lon="9.00247146682" />
  <node id="18507" visible="true" version="1" lat="50.00013201762" lon="9.0024774489" />
  <node id="18508" visible="true" version="1" lat="50.00013495275" lon="9.00248340829" />
  <node id="18509" visible="true" version="1" lat="50.00013790706" lon="9.00248934484" />
  <node id="18510" visible="true" version="1" lat="50.00014088046" lon="9.0024952584" />
  <node id="18511" visible="true" version="1" lat="50.00014387288" lon="9.00250114882" />
  <node id="18512" visible="true" version="1" lat="50.00014688425" lon="9.00250701596" />
  <node id="18513" visible="true" version="1" lat="50.00014991449" lon="9.00251285966" />
  <node id="18514" visible="true" version="1" lat="50.00015296353" lon="9.00251867979" />
  <node id="18515" visible="true" version="1" lat="50.00015603128" lon="9.00252447619" />
  <node id="18516" visible="true" version="1" lat="50.00015911768" lon="9.00253024872" />
  <node id="18517" visible="true" version="1" lat="50.00016222264" lon="9.00253599724" />
  <node id="18518" visible="true" version="1" lat="50.00016534609" lon="9.00254172161" />
  <node id="18519" visible="true" version="1" lat="50.00016848795" lon="9.00254742167" />
  <node id="18520" visible="true" version="1" lat="50.00017164814" lon="9.0025530973" />
  <node id="18521" visible="true" version="1" lat="50.00017482658" lon="9.00255874834" />
  <node id="18522" visible="true" version="1" lat="50.00017802319" lon="9.00256437465" />
  <node id="18523" visible="true" version="1" lat="50.0001812379" lon="9.0025699761" />
  <node id="18524" visible="true" version="1" lat="50.00018447062" lon="9.00257555254" />
  <node id="18525" visible="true" version="1" lat="50.00018772127" lon="9.00258110384" />
  <node id="18526" visible="true" version="1" lat="50.00019098977" lon="9.00258662985" />
  <node id="18527" visible="true" version="1" lat="50.00019427604" lon="9.00259213044" />
  <node id="18528" visible="true" version="1" lat="50.00019758" lon="9.00259760548" />
  <node id="18529" visible="true" version="1" lat="50.00020090156" lon="9.00260305481" />
  <node id="18530" visible="true" version="1" lat="50.00020424064" lon="9.00260847831" />
  <node id="18531" visible="true" version="1" lat="50.00020759715" lon="9.00261387585" />
  <node id="18532" visible="true" version="1" lat="50.00021097102" lon="9.00261924728" />
  <node id="18533" visible="true" version="1" lat="50.00021436216" lon="9.00262459247" />
  <node id="18534" visible="true" version="1" lat="50.00021777049" lon="9.00262991129" />
  <node id="18535" visible="true" version="1" lat="50.00022119591" lon="9.00263520361" />
  <node id="18536" visible="true" version="1" lat="50.00022463834" lon="9.00264046929" />
  <node id="18537" visible="true" version="1" lat="50.00022809771" lon="9.00264570821" />
  <node id="18538" visible="true" version="1" lat="50.00023157391" lon="9.00265092022" />
  <node id="18539" visible="true" version="1" lat="50.00023506687" lon="9.00265610521" />
  <node id="18540" visible="true" version="1" lat="50.00023857649" lon="9.00266126303" />
  <node id="18541" visible="true" version="1" lat="50.0002421027" lon="9.00266639357" />
  <node id="18542" visible="true" version="1" lat="50.00024564539" lon="9.00267149669" />
  <node id="18543" visible="true" version="1" lat="50.00024920449" lon="9.00267657227" />
  <node id="18544" visible="true" version="1" lat="50.0002527799" lon="9.00268162018" />
  <node id="18545" visible="true" version="1" lat="50.00025637153" lon="9.00268664029" />
  <node id="18546" visible="true" version="1" lat="50.0002599793" lon="9.00269163247" />
  <node id="18547" visible="true" version="1" lat="50.00026360311" lon="9.00269659661" />
  <node id="18548" visible="true" version="1" lat="50.00026724287" lon="9.00270153258" />
  <node id="18549" visible="true" version="1" lat="50.0002708985" lon="9.00270644026" />
  <node id="18550" visible="true" version="1" lat="50.00027456989" lon="9.00271131952" />
  <node id="18551" visible="true" version="1" lat="50.00027825697" lon="9.00271617023" />
  <node id="18552" visible="true" version="1" lat="50.00028195963" lon="9.00272099229" />
  <node id="18553" visible="true" version="1" lat="50.00028567779" lon="9.00272578557" />
  <node id="18554" visible="true" version="1" lat="50.00028941135" lon="9.00273054994" />
  <node id="18555" visible="true" version="1" lat="50.00029316022" lon="9.0027352853" />
  <node id="18556" visible="true" version="1" lat="50.0002969243" lon="9.00273999151" />
  <node id="18557" visible="true" version="1" lat="50.0003007035" lon="9.00274466847" />
  <node id="18558" visible="true" version="1" lat="50.00030449772" lon="9.00274931606" />
  <node id="18559" visible="true" version="1" lat="50.00030830688" lon="9.00275393416" />
  <node id="18560" visible="true" version="1" lat="50.00031213088" lon="9.00275852265" />
  <node id="18561" visible="true" version="1" lat="50.00031596961" lon="9.00276308142" />
  <node id="18562" visible="true" version="1" lat="50.00031982299" lon="9.00276761036" />
  <node id="18563" visible="true" version="1" lat="50.00032369091" lon="9.00277210936" />
  <node id="18564" visible="true" version="1" lat="50.00032757329" lon="9.00277657829" />
  <node id="18565" visible="true" version="1" lat="50.00033147002" lon="9.00278101705" />
  <node id="18566" visible="true" version="1" lat="50.00033538101" lon="9.00278542553" />
  <node id="18567" visible="true" version="1" lat="50.00033930615" lon="9.00278980362" />
  <node id="18568" visible="true" version="1" lat="50.00034324536" lon="9.00279415121" />
  <node id="18569" visible="true" version="1" lat="50.00034719853" lon="9.00279846819" />
  <node id="18570" visible="true" version="1" lat="50.00035116556" lon="9.00280275445" />
  <node id="18571" visible="true" version="1" lat="50.00035514636" lon="9.00280700988" />
  <node id="18572" visible="true" version="1" lat="50.00035914082" lon="9.00281123438" />
  <node id="18573" visible="true" version="1" lat="50.00036314884" lon="9.00281542785" />
  <node id="18574" visible="true" version="1" lat="50.00036717033" lon="9.00281959017" />
  <node id="18575" visible="true" version="1" lat="50.00037120519" lon="9.00282372125" />
  <node id="18576" visible="true" version="1" lat="50.00037525331" lon="9.00282782097" />
  <node id="18577" visible="true" version="1" lat="50.00037931459" lon="9.00283188925" />
  <node id="18578" visible="true" version="1" lat="50.00038338893" lon="9.00283592597" />
  <node id="18579" visible="true" version="1" lat="50.00038747623" lon="9.00283993104" />
  <node id="18580" visible="true" version="1" lat="50.00039157638" lon="9.00284390435" />
  <node id="18581" visible="true" version="1" lat="50.00039568929" lon="9.00284784581" />
  <node id="18582" visible="true" version="1" lat="50.00039981485" lon="9.00285175531" />
  <node id="18583" visible="true" version="1" lat="50.00040395296" lon="9.00285563277" />
  <node id="18584" visible="true" version="1" lat="50.00040810351" lon="9.00285947807" />
  <node id="18585" visible="true" version="1" lat="50.00041226641" lon="9.00286329114" />
  <node id="18586" visible="true" version="1" lat="50.00041644154" lon="9.00286707186" />
  <node id="18587" visible="true" version="1" lat="50.0004206288" lon="9.00287082015" />
  <node id="18588" visible="true" version="1" lat="50.00042482809" lon="9.00287453592" />
  <node id="18589" visible="true" version="1" lat="50.00042903931" lon="9.00287821906" />
  <node id="18590" visible="true" version="1" lat="50.00043326234" lon="9.0028818695" />
  <node id="18591" visible="true" version="1" lat="50.00043749708" lon="9.00288548713" />
  <node id="18592" visible="true" version="1" lat="50.00044174343" lon="9.00288907186" />
  <node id="18593" visible="true" version="1" lat="50.00044600128" lon="9.00289262361" />
  <node id="18594" visible="true" version="1" lat="50.00045027052" lon="9.0028961423" />
  <node id="18595" visible="true" version="1" lat="50.00045455105" lon="9.00289962782" />
  <node id="18596" visible="true" version="1" lat="50.00045884276" lon="9.00290308009" />
  <node id="18597" visible="true" version="1" lat="50.00046314554" lon="9.00290649903" />
  <node id="18598" visible="true" version="1" lat="50.00046745929" lon="9.00290988455" />
  <node id="18599" visible="true" version="1" lat="50.00047178389" lon="9.00291323656" />
  <node id="18600" visible="true" version="1" lat="50.00047611924" lon="9.00291655499" />
  <node id="18601" visible="true" version="1" lat="50.00048046524" lon="9.00291983975" />
  <node id="18602" visible="true" version="1" lat="50.00048482176" lon="9.00292309076" />
  <node id="18603" visible="true" version="1" lat="50.00048918871" lon="9.00292630793" />
  <node id="18604" visible="true" version="1" lat="50.00049356597" lon="9.00292949119" />
  <node id="18605" visible="true" version="1" lat="50.00049795343" lon="9.00293264045" />
  <node id="18606" visible="true" version="1" lat="50.00050235099" lon="9.00293575564" />
  <node id="18607" visible="true" version="1" lat="50.00050675854" lon="9.00293883668" />
  <node id="18608" visible="true" version="1" lat="50.00051117596" lon="9.0029418835" />
  <node id="18609" visible="true" version="1" lat="50.00051560314" lon="9.002944896" />
  <node id="18610" visible="true" version="1" lat="50.00052003998" lon="9.00294787414" />
  <node id="18611" visible="true" version="1" lat="50.00052448635" lon="9.00295081781" />
  <node id="18612" visible="true" version="1" lat="50.00052894217" lon="9.00295372696" />
  <node id="18613" visible="true" version="1" lat="50.0005334073" lon="9.00295660151" />
  <node id="18614" visible="true" version="1" lat="50.00053788163" lon="9.00295944139" />
  <node id="18615" visible="true" version="1" lat="50.00054236507" lon="9.00296224652" />
  <node id="18616" visible="true" version="1" lat="50.00054685749" lon="9.00296501685" />
  <node id="18617" visible="true" version="1" lat="50.00055135878" lon="9.00296775229" />
  <node id="18618" visible="true" version="1" lat="50.00055586883" lon="9.00297045278" />
  <node id="18619" visible="true" version="1" lat="50.00056038753" lon="9.00297311825" />
  <node id="18620" visible="true" version="1" lat="50.00056491476" lon="9.00297574863" />
  <node id="18621" visible="true" version="1" lat="50.00056945041" lon="9.00297834387" />
  <node id="18622" visible="true" version="1" lat="50.00057399437" lon="9.00298090389" />
  <node id="18623" visible="true" version="1" lat="50.00057854653" lon="9.00298342863" />
  <node id="18624" visible="true" version="1" lat="50.00058310676" lon="9.00298591803" />
  <node id="18625" visible="true" version="1" lat="50.00058767496" lon="9.00298837203" />
  <node id="18626" visible="true" version="1" lat="50.00059225101" lon="9.00299079055" />
  <node id="18627" visible="true" version="1" lat="50.0005968348" lon="9.00299317356" />
  <node id="18628" visible="true" version="1" lat="50.00060142621" lon="9.00299552097" />
  <node id="18629" visible="true" version="1" lat="50.00060602513" lon="9.00299783274" />
  <node id="18630" visible="true" version="1" lat="50.00061063144" lon="9.00300010881" />
  <node id="18631" visible="true" version="1" lat="50.00061524503" lon="9.00300234912" />
  <node id="18632" visible="true" version="1" lat="50.00061986578" lon="9.00300455361" />
  <node id="18633" visible="true" version="1" lat="50.00062449358" lon="9.00300672223" />
  <node id="18634" visible="true" version="1" lat="50.00062912831" lon="9.00300885493" />
  <node id="18635" visible="true" version="1" lat="50.00063376985" lon="9.00301095165" />
  <node id="18636" visible="true" version="1" lat="50.0006384181" lon="9.00301301234" />
  <node id="18637" visible="true" version="1" lat="50.00064307293" lon="9.00301503694" />
  <node id="18638" visible="true" version="1" lat="50.00064773422" lon="9.00301702542" />
  <node id="18639" visible="true" version="1" lat="50.00065240186" lon="9.00301897771" />
  <node id="18640" visible="true" version="1" lat="50.00065707574" lon="9.00302089376" />
  <node id="18641" visible="true" version="1" lat="50.00066175574" lon="9.00302277354" />
  <node id="18642" visible="true" version="1" lat="50.00066644173" lon="9.003024617" />
  <node id="18643" visible="true" version="1" lat="50.00067113361" lon="9.00302642408" />
  <node id="18644" visible="true" version="1" lat="50.00067583125" lon="9.00302819474" />
  <node id="18645" visible="true" version="1" lat="50.00068053454" lon="9.00302992894" />
  <node id="18646" visible="true" version="1" lat="50.00068524336" lon="9.00303162664" />
  <node id="18647" visible="true" version="1" lat="50.00068995759" lon="9.00303328779" />
  <node id="18648" visible="true" version="1" lat="50.00069467712" lon="9.00303491235" />
  <node id="18649" visible="true" version="1" lat="50.00069940182" lon="9.00303650028" />
  <node id="18650" visible="true" version="1" lat="50.00070413159" lon="9.00303805154" />
  <node id="18651" visible="true" version="1" lat="50.00070886629" lon="9.00303956609" />
  <node id="18652" visible="true" version="1" lat="50.00071360581" lon="9.0030410439" />
  <node id="18653" visible="true" version="1" lat="50.00071835004" lon="9.00304248492" />
  <node id="18654" visible="true" version="1" lat="50.00072309886" lon="9.00304388912" />
  <node id="18655" visible="true" version="1" lat="50.00072785213" lon="9.00304525647" />
  <node id="18656" visible="true" version="1" lat="50.00073260976" lon="9.00304658693" />
  <node id="18657" visible="true" version="1" lat="50.00073737162" lon="9.00304788047" />
  <node id="18658" visible="true" version="1" lat="50.00074213758" lon="9.00304913706" />
  <node id="18659" visible="true" version="1" lat="50.00074690753" lon="9.00305035666" />
  <node id="18660" visible="true" version="1" lat="50.00075168136" lon="9.00305153924" />
  <node id="18661" visible="true" version="1" lat="50.00075645894" lon="9.00305268478" />
  <node id="18662" visible="true" version="1" lat="50.00076124014" lon="9.00305379324" />
  <node id="18663" visible="true" version="1" lat="50.00076602487" lon="9.0030548646" />
  <node id="18664" visible="true" version="1" lat="50.00077081298" lon="9.00305589883" />
  <node id="18665" visible="true" version="1" lat="50.00077560437" lon="9.00305689591" />
  <node id="18666" visible="true" version="1" lat="50.00078039891" lon="9.00305785581" />
  <node id="18667" visible="true" version="1" lat="50.00078519648" lon="9.0030587785" />
  <node id="18668" visible="true" version="1" lat="50.00078999697" lon="9.00305966397" />
  <node id="18669" visible="true" version="1" lat="50.00079480025" lon="9.00306051219" />
  <node id="18670" visible="true" version="1" lat="50.00079960621" lon="9.00306132314" />
  <node id="18671" visible="true" version="1" lat="50.00080441472" lon="9.0030620968" />
  <node id="18672" visible="true" version="1" lat="50.00080922566" lon="9.00306283314" />
  <node id="18673" visible="true" version="1" lat="50.00081403892" lon="9.00306353217" />
  <node id="18674" visible="true" version="1" lat="50.00081885437" lon="9.00306419384" />
  <node id="18675" visible="true" version="1" lat="50.00082367189" lon="9.00306481815" />
  <node id="18676" visible="true" version="1" lat="50.00082849136" lon="9.00306540509" />
  <node id="18677" visible="true" version="1" lat="50.00083331266" lon="9.00306595463" />
  <node id="18678" visible="true" version="1" lat="50.00083813568" lon="9.00306646677" />
  <node id="18679" visible="true" version="1" lat="50.00084296028" lon="9.00306694149" />
  <node id="18680" visible="true" version="1" lat="50.00084778636" lon="9.00306737877" />
  <node id="18681" visible="true" version="1" lat="50.00085261378" lon="9.00306777862" />
  <node id="18682" visible="true" version="1" lat="50.00085744243" lon="9.00306814101" />
  <node id="18683" visible="true" version="1" lat="50.00086227219" lon="9.00306846594" />
  <node id="18684" visible="true" version="1" lat="50.00086710294" lon="9.0030687534" />
  <node id="18685" visible="true" version="1" lat="50.00087193455" lon="9.00306900339" />
  <node id="18686" visible="true" version="1" lat="50.0008767669" lon="9.0030692159" />
  <node id="18687" visible="true" version="1" lat="50.00088159989" lon="9.00306939091" />
  <node id="18688" visible="true" version="1" lat="50.00088643337" lon="9.00306952844" />
  <node id="18689" visible="true" version="1" lat="50.00089126724" lon="9.00306962846" />
  <node id="18690" visible="true" version="1" lat="50.00089610137" lon="9.00306969099" />
  <node id="18691" visible="true" version="1" lat="50.00090093564" lon="9.00306971603" />
  <node id="18692" visible="true" version="1" lat="50.00090576993" lon="9.00306970356" />
  <node id="18693" visible="true" version="1" lat="50.00091060412" lon="9.00306965359" />
  <node id="18694" visible="true" version="1" lat="50.00091543809" lon="9.00306956612" />
  <node id="18695" visible="true" version="1" lat="50.00092027172" lon="9.00306944115" />
  <node id="18696" visible="true" version="1" lat="50.00092510488" lon="9.00306927869" />
  <node id="18697" visible="true" version="1" lat="50.00092993746" lon="9.00306907874" />
  <node id="18698" visible="true" version="1" lat="50.00093476934" lon="9.00306884131" />
  <node id="18699" visible="true" version="1" lat="50.00093960039" lon="9.0030685664" />
  <node id="18700" visible="true" version="1" lat="50.00094443049" lon="9.00306825401" />
  <node id="18701" visible="true" version="1" lat="50.00094925952" lon="9.00306790417" />
  <node id="18702" visible="true" version="1" lat="50.00095408737" lon="9.00306751686" />
  <node id="18703" visible="true" version="1" lat="50.00095891391" lon="9.00306709212" />
  <node id="18704" visible="true" version="1" lat="50.00096373902" lon="9.00306662993" />
  <node id="18705" visible="true" version="1" lat="50.00096856258" lon="9.00306613033" />
  <node id="18706" visible="true" version="1" lat="50.00097338447" lon="9.00306559331" />
  <node id="18707" visible="true" version="1" lat="50.00097820457" lon="9.00306501889" />
  <node id="18708" visible="true" version="1" lat="50.00098302276" lon="9.0030644071" />
  <node id="18709" visible="true" version="1" lat="50.00098783891" lon="9.00306375793" />
  <node id="18710" visible="true" version="1" lat="50.00099265292" lon="9.00306307141" />
  <node id="18711" visible="true" version="1" lat="50.00099746465" lon="9.00306234756" />
  <node id="18712" visible="true" version="1" lat="50.00100227399" lon="9.00306158639" />
  <node id="18713" visible="true" version="1" lat="50.00100708081" lon="9.00306078793" />
  <node id="18714" visible="true" version="1" lat="50.001011885" lon="9.00305995218" />
  <node id="18715" visible="true" version="1" lat="50.00101668644" lon="9.00305907918" />
  <node id="18716" visible="true" version="1" lat="50.001021485" lon="9.00305816895" />
  <node id="18717" visible="true" version="1" lat="50.00102628057" lon="9.0030572215" />
  <node id="18718" visible="true" version="1" lat="50.00103107303" lon="9.00305623687" />
  <node id="18719" visible="true" version="1" lat="50.00103586225" lon="9.00305521507" />
  <node id="18720" visible="true" version="1" lat="50.00104064812" lon="9.00305415613" />
  <node id="18721" visible="true" version="1" lat="50.00104543052" lon="9.00305306008" />
  <node id="18722" visible="true" version="1" lat="50.00105020933" lon="9.00305192695" />
  <node id="18723" visible="true" version="1" lat="50.00105498442" lon="9.00305075676" />
  <node id="18724" visible="true" version="1" lat="50.00105975569" lon="9.00304954955" />
  <node id="18725" visible="true" version="1" lat="50.001064523" lon="9.00304830533" />
  <node id="18726" visible="true" version="1" lat="50.00106928624" lon="9.00304702416" />
  <node id="18727" visible="true" version="1" lat="50.0010740453" lon="9.00304570605" />
  <node id="18728" visible="true" version="1" lat="50.00107880004" lon="9.00304435103" />
  <node id="18729" visible="true" version="1" lat="50.00108355037" lon="9.00304295916" />
  <node id="18730" visible="true" version="1" lat="50.00108829614" lon="9.00304153045" />
  <node id="18731" visible="true" version="1" lat="50.00109303725" lon="9.00304006494" />
  <node id="18732" visible="true" version="1" lat="50.00109777358" lon="9.00303856267" />
  <node id="18733" visible="true" version="1" lat="50.00110250501" lon="9.00303702368" />
  <node id="18734" visible="true" version="1" lat="50.00110723142" lon="9.00303544801" />
  <node id="18735" visible="true" version="1" lat="50.0011119527" lon="9.0030338357" />
  <node id="18736" visible="true" version="1" lat="50.00111666871" lon="9.00303218678" />
  <node id="18737" visible="true" version="1" lat="50.00112137936" lon="9.00303050129" />
  <node id="18738" visible="true" version="1" lat="50.00112608451" lon="9.00302877929" />
  <node id="18739" visible="true" version="1" lat="50.00113078406" lon="9.00302702081" />
  <node id="18740" visible="true" version="1" lat="50.00113547788" lon="9.0030252259" />
  <node id="18741" visible="true" version="1" lat="50.00114016585" lon="9.0030233946" />
  <node id="18742" visible="true" version="1" lat="50.00114484787" lon="9.00302152695" />
  <node id="18743" visible="true" version="1" lat="50.00114952381" lon="9.00301962301" />
  <node id="18744" visible="true" version="1" lat="50.00115419355" lon="9.00301768282" />
  <node id="18745" visible="true" version="1" lat="50.00115885698" lon="9.00301570643" />
  <node id="18746" visible="true" version="1" lat="50.00116351399" lon="9.00301369389" />
  <node id="18747" visible="true" version="1" lat="50.00116816445" lon="9.00301164524" />
  <node id="18748" visible="true" version="1" lat="50.00117280825" lon="9.00300956055" />
  <node id="18749" visible="true" version="1" lat="50.00117744527" lon="9.00300743987" />
  <node id="18750" visible="true" version="1" lat="50.0011820754" lon="9.00300528323" />
  <node id="18751" visible="true" version="1" lat="50.00118669852" lon="9.00300309071" />
  <node id="18752" visible="true" version="1" lat="50.00119131452" lon="9.00300086235" />
  <node id="18753" visible="true" version="1" lat="50.00119592328" lon="9.00299859822" />
  <node id="18754" visible="true" version="1" lat="50.00120052468" lon="9.00299629836" />
  <node id="18755" visible="true" version="1" lat="50.00120511862" lon="9.00299396283" />
  <node id="18756" visible="true" version="1" lat="50.00120970497" lon="9.0029915917" />
  <node id="18757" visible="true" version="1" lat="50.00121428362" lon="9.00298918502" />
  <node id="18758" visible="true" version="1" lat="50.00121885446" lon="9.00298674285" />
  <node id="18759" visible="true" version="1" lat="50.00122341737" lon="9.00298426525" />
  <node id="18760" visible="true" version="1" lat="50.00122797223" lon="9.00298175229" />
  <node id="18761" visible="true" version="1" lat="50.00123251895" lon="9.00297920403" />
  <node id="18762" visible="true" version="1" lat="50.00123705739" lon="9.00297662053" />
  <node id="18763" visible="true" version="1" lat="50.00124158745" lon="9.00297400185" />
  <node id="18764" visible="true" version="1" lat="50.00124610901" lon="9.00297134807" />
  <node id="18765" visible="true" version="1" lat="50.00125062197" lon="9.00296865924" />
  <node id="18766" visible="true" version="1" lat="50.0012551262" lon="9.00296593544" />
  <node id="18767" visible="true" version="1" lat="50.0012596216" lon="9.00296317674" />
  <node id="18768" visible="true" version="1" lat="50.00126410805" lon="9.00296038319" />
  <node id="18769" visible="true" version="1" lat="50.00126858544" lon="9.00295755488" />
  <node id="18770" visible="true" version="1" lat="50.00127305366" lon="9.00295469187" />
  <node id="18771" visible="true" version="1" lat="50.0012775126" lon="9.00295179424" />
  <node id="18772" visible="true" version="1" lat="50.00128196215" lon="9.00294886205" />
  <node id="18773" visible="true" version="1" lat="50.00128640218" lon="9.00294589538" />
  <node id="18774" visible="true" version="1" lat="50.00129083261" lon="9.00294289431" />
  <node id="18775" visible="true" version="1" lat="50.0012952533" lon="9.0029398589" />
  <node id="18776" visible="true" version="1" lat="50.00129966416" lon="9.00293678924" />
  <node id="18777" visible="true" version="1" lat="50.00130406507" lon="9.00293368541" />
  <node id="18778" visible="true" version="1" lat="50.00130845592" lon="9.00293054747" />
  <node id="18779" visible="true" version="1" lat="50.0013128366" lon="9.00292737551" />
  <node id="18780" visible="true" version="1" lat="50.001317207" lon="9.00292416961" />
  <node id="18781" visible="true" version="1" lat="50.00132156702" lon="9.00292092984" />
  <node id="18782" visible="true" version="1" lat="50.00132591655" lon="9.00291765629" />
  <node id="18783" visible="true" version="1" lat="50.00133025546" lon="9.00291434905" />
  <node id="18784" visible="true" version="1" lat="50.00133458367" lon="9.00291100818" />
  <node id="18785" visible="true" version="1" lat="50.00133890105" lon="9.00290763379" />
  <node id="18786" visible="true" version="1" lat="50.00134320751" lon="9.00290422594" />
  <node id="18787" visible="true" version="1" lat="50.00134750293" lon="9.00290078473" />
  <node id="18788" visible="true" version="1" lat="50.0013517872" lon="9.00289731024" />
  <node id="18789" visible="true" version="1" lat="50.00135606023" lon="9.00289380256" />
  <node id="18790" visible="true" version="1" lat="50.00136032189" lon="9.00289026178" />
  <node id="18791" visible="true" version="1" lat="50.00136457209" lon="9.00288668798" />
  <node id="18792" visible="true" version="1" lat="50.00136881072" lon="9.00288308126" />
  <node id="18793" visible="true" version="1" lat="50.00137303768" lon="9.0028794417" />
  <node id="18794" visible="true" version="1" lat="50.00137725285" lon="9.00287576939" />
  <node id="18795" visible="true" version="1" lat="50.00138145613" lon="9.00287206444" />
  <node id="18796" visible="true" version="1" lat="50.00138564742" lon="9.00286832692" />
  <node id="18797" visible="true" version="1" lat="50.00138982661" lon="9.00286455694" />
  <node id="18798" visible="true" version="1" lat="50.0013939936" lon="9.00286075458" />
  <node id="18799" visible="true" version="1" lat="50.00139814829" lon="9.00285691995" />
  <node id="18800" visible="true" version="1" lat="50.00140229056" lon="9.00285305313" />
  <node id="18801" visible="true" version="1" lat="50.00140642032" lon="9.00284915423" />
  <node id="18802" visible="true" version="1" lat="50.00141053746" lon="9.00284522335" />
  <node id="18803" visible="true" version="1" lat="50.00141464189" lon="9.00284126057" />
  <node id="18804" visible="true" version="1" lat="50.00141873349" lon="9.002837266" />
  <node id="18805" visible="true" version="1" lat="50.00142281216" lon="9.00283323975" />
  <node id="18806" visible="true" version="1" lat="50.00142687781" lon="9.0028291819" />
  <node id="18807" visible="true" version="1" lat="50.00143093033" lon="9.00282509257" />
  <node id="18808" visible="true" version="1" lat="50.00143496962" lon="9.00282097185" />
  <node id="18809" visible="true" version="1" lat="50.00143899558" lon="9.00281681985" />
  <node id="18810" visible="true" version="1" lat="50.00144300811" lon="9.00281263666" />
  <node id="18811" visible="true" version="1" lat="50.00144700711" lon="9.00280842241" />
  <node id="18812" visible="true" version="1" lat="50.00145099247" lon="9.00280417718" />
  <node id="18813" visible="true" version="1" lat="50.0014549641" lon="9.00279990109" />
  <node id="18814" visible="true" version="1" lat="50.00145892191" lon="9.00279559425" />
  <node id="18815" visible="true" version="1" lat="50.00146286578" lon="9.00279125676" />
  <node id="18816" visible="true" version="1" lat="50.00146679562" lon="9.00278688873" />
  <node id="18817" visible="true" version="1" lat="50.00147071134" lon="9.00278249026" />
  <node id="18818" visible="true" version="1" lat="50.00147461283" lon="9.00277806148" />
  <node id="18819" visible="true" version="1" lat="50.00147850001" lon="9.00277360248" />
  <node id="18820" visible="true" version="1" lat="50.00148237276" lon="9.00276911339" />
  <node id="18821" visible="true" version="1" lat="50.00148623099" lon="9.00276459431" />
  <node id="18822" visible="true" version="1" lat="50.00149007462" lon="9.00276004536" />
  <node id="18823" visible="true" version="1" lat="50.00149390353" lon="9.00275546665" />
  <node id="18824" visible="true" version="1" lat="50.00149771765" lon="9.00275085829" />
  <node id="18825" visible="true" version="1" lat="50.00150151686" lon="9.0027462204" />
  <node id="18826" visible="true" version="1" lat="50.00150530108" lon="9.0027415531" />
  <node id="18827" visible="true" version="1" lat="50.0015090702" lon="9.0027368565" />
  <node id="18828" visible="true" version="1" lat="50.00151282415" lon="9.00273213072" />
  <node id="18829" visible="true" version="1" lat="50.00151656282" lon="9.00272737588" />
  <node id="18830" visible="true" version="1" lat="50.00152028611" lon="9.00272259209" />
  <node id="18831" visible="true" version="1" lat="50.00152399395" lon="9.00271777948" />
  <node id="18832" visible="true" version="1" lat="50.00152768622" lon="9.00271293817" />
  <node id="18833" visible="true" version="1" lat="50.00153136285" lon="9.00270806828" />
  <node id="18834" visible="true" version="1" lat="50.00153502374" lon="9.00270316993" />
  <node id="18835" visible="true" version="1" lat="50.00153866879" lon="9.00269824323" />
  <node id="18836" visible="true" version="1" lat="50.00154229793" lon="9.00269328833" />
  <node id="18837" visible="true" version="1" lat="50.00154591104" lon="9.00268830533" />
  <node id="18838" visible="true" version="1" lat="50.00154950806" lon="9.00268329437" />
  <node id="18839" visible="true" version="1" lat="50.00155308888" lon="9.00267825556" />
  <node id="18840" visible="true" version="1" lat="50.00155665341" lon="9.00267318905" />
  <node id="18841" visible="true" version="1" lat="50.00156020157" lon="9.00266809494" />
  <node id="18842" visible="true" version="1" lat="50.00156373327" lon="9.00266297337" />
  <node id="18843" visible="true" version="1" lat="50.00156724842" lon="9.00265782447" />
  <node id="18844" visible="true" version="1" lat="50.00157074693" lon="9.00265264836" />
  <node id="18845" visible="true" version="1" lat="50.00157422872" lon="9.00264744518" />
  <node id="18846" visible="true" version="1" lat="50.0015776937" lon="9.00264221506" />
  <node id="18847" visible="true" version="1" lat="50.00158114177" lon="9.00263695812" />
  <node id="18848" visible="true" version="1" lat="50.00158457286" lon="9.00263167449" />
  <node id="18849" visible="true" version="1" lat="50.00158798688" lon="9.00262636432" />
  <node id="18850" visible="true" version="1" lat="50.00159138374" lon="9.00262102773" />
  <node id="18851" visible="true" version="1" lat="50.00159476337" lon="9.00261566486" />
  <node id="18852" visible="true" version="1" lat="50.00159812566" lon="9.00261027583" />
  <node id="18853" visible="true" version="1" lat="50.00160147055" lon="9.00260486079" />
  <node id="18854" visible="true" version="1" lat="50.00160479794" lon="9.00259941987" />
  <node id="18855" visible="true" version="1" lat="50.00160810775" lon="9.00259395321" />
  <node id="18856" visible="true" version="1" lat="50.00161139991" lon="9.00258846093" />
  <node id="18857" visible="true" version="1" lat="50.00161467433" lon="9.00258294319" />
  <node id="18858" visible="true" version="1" lat="50.00161793092" lon="9.00257740012" />
  <node id="18859" visible="true" version="1" lat="50.0016211696" lon="9.00257183185" />
  <node id="18860" visible="true" version="1" lat="50.0016243903" lon="9.00256623852" />
  <node id="18861" visible="true" version="1" lat="50.00162759294" lon="9.00256062029" />
  <node id="18862" visible="true" version="1" lat="50.00163077742" lon="9.00255497728" />
  <node id="18863" visible="true" version="1" lat="50.00163394368" lon="9.00254930963" />
  <node id="18864" visible="true" version="1" lat="50.00163709164" lon="9.0025436175" />
  <node id="18865" visible="true" version="1" lat="50.00164022121" lon="9.00253790101" />
  <node id="18866" visible="true" version="1" lat="50.00164333232" lon="9.00253216032" />
  <node id="18867" visible="true" version="1" lat="50.00164642489" lon="9.00252639557" />
  <node id="18868" visible="true" version="1" lat="50.00164949884" lon="9.00252060689" />
  <node id="18869" visible="true" version="1" lat="50.0016525541" lon="9.00251479445" />
  <node id="18870" visible="true" version="1" lat="50.00165559058" lon="9.00250895837" />
  <node id="18871" visible="true" version="1" lat="50.00165860823" lon="9.00250309881" />
  <node id="18872" visible="true" version="1" lat="50.00166160694" lon="9.00249721592" />
  <node id="18873" visible="true" version="1" lat="50.00166458666" lon="9.00249130984" />
  <node id="18874" visible="true" version="1" lat="50.00166754731" lon="9.00248538072" />
  <node id="18875" visible="true" version="1" lat="50.00167048882" lon="9.0024794287" />
  <node id="18876" visible="true" version="1" lat="50.0016734111" lon="9.00247345394" />
  <node id="18877" visible="true" version="1" lat="50.0016763141" lon="9.00246745658" />
  <node id="18878" visible="true" version="1" lat="50.00167919773" lon="9.00246143678" />
  <node id="18879" visible="true" version="1" lat="50.00168206192" lon="9.00245539468" />
  <node id="18880" visible="true" version="1" lat="50.0016849066" lon="9.00244933045" />
  <node id="18881" visible="true" version="1" lat="50.00168773171" lon="9.00244324421" />
  <node id="18882" visible="true" version="1" lat="50.00169053716" lon="9.00243713614" />
  <node id="18883" visible="true" version="1" lat="50.00169332289" lon="9.00243100639" />
  <node id="18884" visible="true" version="1" lat="50.00169608884" lon="9.00242485509" />
  <node id="18885" visible="true" version="1" lat="50.00169883492" lon="9.00241868242" />
  <node id="18886" visible="true" version="1" lat="50.00170156108" lon="9.00241248853" />
  <node id="18887" visible="true" version="1" lat="50.00170426724" lon="9.00240627356" />
  <node id="18888" visible="true" version="1" lat="50.00170695334" lon="9.00240003767" />
  <node id="18889" visible="true" version="1" lat="50.00170961931" lon="9.00239378103" />
  <node id="18890" visible="true" version="1" lat="50.00171226508" lon="9.00238750379" />
  <node id="18891" visible="true" version="1" lat="50.00171489058" lon="9.00238120609" />
  <node id="18892" visible="true" version="1" lat="50.00171749576" lon="9.00237488811" />
  <node id="18893" visible="true" version="1" lat="50.00172008054" lon="9.00236855" />
  <node id="18894" visible="true" version="1" lat="50.00172264487" lon="9.00236219192" />
  <node id="18895" visible="true" version="1" lat="50.00172518867" lon="9.00235581402" />
  <node id="18896" visible="true" version="1" lat="50.00172771188" lon="9.00234941647" />
  <node id="18897" visible="true" version="1" lat="50.00173021445" lon="9.00234299942" />
  <node id="18898" visible="true" version="1" lat="50.0017326963" lon="9.00233656305" />
  <node id="18899" visible="true" version="1" lat="50.00173515738" lon="9.00233010749" />
  <node id="18900" visible="true" version="1" lat="50.00173759762" lon="9.00232363293" />
  <node id="18901" visible="true" version="1" lat="50.00174001697" lon="9.00231713952" />
  <node id="18902" visible="true" version="1" lat="50.00174241536" lon="9.00231062742" />
  <node id="18903" visible="true" version="1" lat="50.00174479273" lon="9.0023040968" />
  <node id="18904" visible="true" version="1" lat="50.00174714902" lon="9.00229754782" />
  <node id="18905" visible="true" version="1" lat="50.00174948418" lon="9.00229098063" />
  <node id="18906" visible="true" version="1" lat="50.00175179815" lon="9.00228439542" />
  <node id="18907" visible="true" version="1" lat="50.00175409086" lon="9.00227779234" />
  <node id="18908" visible="true" version="1" lat="50.00175636226" lon="9.00227117155" />
  <node id="18909" visible="true" version="1" lat="50.0017586123" lon="9.00226453323" />
  <node id="18910" visible="true" version="1" lat="50.00176084092" lon="9.00225787753" />
  <node id="18911" visible="true" version="1" lat="50.00176304806" lon="9.00225120463" />
  <node id="18912" visible="true" version="1" lat="50.00176523366" lon="9.00224451469" />
  <node id="18913" visible="true" version="1" lat="50.00176739768" lon="9.00223780788" />
  <node id="18914" visible="true" version="1" lat="50.00176954005" lon="9.00223108437" />
  <node id="18915" visible="true" version="1" lat="50.00177166073" lon="9.00222434432" />
  <node id="18916" visible="true" version="1" lat="50.00177375966" lon="9.0022175879" />
  <node id="18917" visible="true" version="1" lat="50.00177583679" lon="9.00221081529" />
  <node id="18918" visible="true" version="1" lat="50.00177789207" lon="9.00220402665" />
  <node id="18919" visible="true" version="1" lat="50.00177992545" lon="9.00219722214" />
  <node id="18920" visible="true" version="1" lat="50.00178193686" lon="9.00219040195" />
  <node id="18921" visible="true" version="1" lat="50.00178392628" lon="9.00218356624" />
  <node id="18922" visible="true" version="1" lat="50.00178589364" lon="9.00217671518" />
  <node id="18923" visible="true" version="1" lat="50.00178783889" lon="9.00216984895" />
  <node id="18924" visible="true" version="1" lat="50.00178976199" lon="9.00216296771" />
  <node id="18925" visible="true" version="1" lat="50.00179166289" lon="9.00215607164" />
  <node id="18926" visible="true" version="1" lat="50.00179354154" lon="9.00214916091" />
  <node id="18927" visible="true" version="1" lat="50.0017953979" lon="9.00214223569" />
  <node id="18928" visible="true" version="1" lat="50.00179723191" lon="9.00213529616" />
  <node id="18929" visible="true" version="1" lat="50.00179904354" lon="9.00212834248" />
  <node id="18930" visible="true" version="1" lat="50.00180083273" lon="9.00212137484" />
  <node id="18931" visible="true" version="1" lat="50.00180259945" lon="9.00211439341" />
  <node id="18932" visible="true" version="1" lat="50.00180434364" lon="9.00210739836" />
  <node id="18933" visible="true" version="1" lat="50.00180606527" lon="9.00210038987" />
  <node id="18934" visible="true" version="1" lat="50.00180776429" lon="9.0020933681" />
  <node id="18935" visible="true" version="1" lat="50.00180944066" lon="9.00208633325" />
  <node id="18936" visible="true" version="1" lat="50.00181109433" lon="9.00207928548" />
  <node id="18937" visible="true" version="1" lat="50.00181272527" lon="9.00207222496" />
  <node id="18938" visible="true" version="1" lat="50.00181433344" lon="9.00206515189" />
  <node id="18939" visible="true" version="1" lat="50.00181591879" lon="9.00205806643" />
  <node id="18940" visible="true" version="1" lat="50.00181748128" lon="9.00205096875" />
  <node id="18941" visible="true" version="1" lat="50.00181902088" lon="9.00204385905" />
  <node id="18942" visible="true" version="1" lat="50.00182053755" lon="9.00203673749" />
  <node id="18943" visible="true" version="1" lat="50.00182203125" lon="9.00202960425" />
  <node id="18944" visible="true" version="1" lat="50.00182350194" lon="9.00202245952" />
  <node id="18945" visible="true" version="1" lat="50.00182494959" lon="9.00201530346" />
  <node id="18946" visible="true" version="1" lat="50.00182637416" lon="9.00200813627" />
  <node id="18947" visible="true" version="1" lat="50.00182777561" lon="9.00200095811" />
  <node id="18948" visible="true" version="1" lat="50.0018291539" lon="9.00199376917" />
  <node id="18949" visible="true" version="1" lat="50.00183050902" lon="9.00198656963" />
  <node id="18950" visible="true" version="1" lat="50.00183184091" lon="9.00197935966" />
  <node id="18951" visible="true" version="1" lat="50.00183314955" lon="9.00197213946" />
  <node id="18952" visible="true" version="1" lat="50.0018344349" lon="9.00196490919" />
  <node id="18953" visible="true" version="1" lat="50.00183569694" lon="9.00195766904" />
  <node id="18954" visible="true" version="1" lat="50.00183693562" lon="9.00195041919" />
  <node id="18955" visible="true" version="1" lat="50.00183815093" lon="9.00194315983" />
  <node id="18956" visible="true" version="1" lat="50.00183934282" lon="9.00193589112" />
  <node id="18957" visible="true" version="1" lat="50.00184051128" lon="9.00192861326" />
  <node id="18958" visible="true" version="1" lat="50.00184165626" lon="9.00192132643" />
  <node id="18959" visible="true" version="1" lat="50.00184277775" lon="9.00191403081" />
  <node id="18960" visible="true" version="1" lat="50.00184387571" lon="9.00190672657" />
  <node id="18961" visible="true" version="1" lat="50.00184495012" lon="9.00189941392" />
  <node id="18962" visible="true" version="1" lat="50.00184600094" lon="9.00189209301" />
  <node id="18963" visible="true" version="1" lat="50.00184702816" lon="9.00188476405" />
  <node id="18964" visible="true" version="1" lat="50.00184803175" lon="9.00187742721" />
  <node id="18965" visible="true" version="1" lat="50.00184901167" lon="9.00187008268" />
  <node id="18966" visible="true" version="1" lat="50.00184996792" lon="9.00186273063" />
  <node id="18967" visible="true" version="1" lat="50.00185090046" lon="9.00185537126" />
  <node id="18968" visible="true" version="1" lat="50.00185180927" lon="9.00184800475" />
  <node id="18969" visible="true" version="1" lat="50.00185269433" lon="9.00184063128" />
  <node id="18970" visible="true" version="1" lat="50.00185355561" lon="9.00183325104" />
  <node id="18971" visible="true" version="1" lat="50.0018543931" lon="9.0018258642" />
  <node id="18972" visible="true" version="1" lat="50.00185520677" lon="9.00181847096" />
  <node id="18973" visible="true" version="1" lat="50.0018559966" lon="9.00181107151" />
  <node id="18974" visible="true" version="1" lat="50.00185676258" lon="9.00180366601" />
  <node id="18975" visible="true" version="1" lat="50.00185750468" lon="9.00179625467" />
  <node id="18976" visible="true" version="1" lat="50.00185822288" lon="9.00178883767" />
  <node id="18977" visible="true" version="1" lat="50.00185891717" lon="9.00178141518" />
  <node id="18978" visible="true" version="1" lat="50.00185958754" lon="9.0017739874" />
  <node id="18979" visible="true" version="1" lat="50.00186023395" lon="9.00176655452" />
  <node id="18980" visible="true" version="1" lat="50.00186085641" lon="9.00175911671" />
  <node id="18981" visible="true" version="1" lat="50.00186145488" lon="9.00175167417" />
  <node id="18982" visible="true" version="1" lat="50.00186202936" lon="9.00174422707" />
  <node id="18983" visible="true" version="1" lat="50.00186257984" lon="9.00173677562" />
  <node id="18984" visible="true" version="1" lat="50.00186310629" lon="9.00172931998" />
  <node id="18985" visible="true" version="1" lat="50.00186360871" lon="9.00172186036" />
  <node id="18986" visible="true" version="1" lat="50.00186408708" lon="9.00171439693" />
  <node id="18987" visible="true" version="1" lat="50.00186454139" lon="9.00170692989" />
  <node id="18988" visible="true" version="1" lat="50.00186497163" lon="9.00169945941" />
  <node id="18989" visible="true" version="1" lat="50.00186537779" lon="9.00169198569" />
  <node id="18990" visible="true" version="1" lat="50.00186575986" lon="9.00168450891" />
  <node id="18991" visible="true" version="1" lat="50.00186611782" lon="9.00167702926" />
  <node id="18992" visible="true" version="1" lat="50.00186645168" lon="9.00166954692" />
  <node id="18993" visible="true" version="1" lat="50.00186676142" lon="9.00166206209" />
  <node id="18994" visible="true" version="1" lat="50.00186704703" lon="9.00165457496" />
  <node id="18995" visible="true" version="1" lat="50.00186730851" lon="9.0016470857" />
  <node id="18996" visible="true" version="1" lat="50.00186754585" lon="9.0016395945" />
  <node id="18997" visible="true" version="1" lat="50.00186775904" lon="9.00163210156" />
  <node id="18998" visible="true" version="1" lat="50.00186794808" lon="9.00162460705" />
  <node id="18999" visible="true" version="1" lat="50.00186811297" lon="9.00161711118" />
  <node id="19000" visible="true" version="1" lat="50.0018682537" lon="9.00160961412" />
  <node id="19001" visible="true" version="1" lat="50.00186837026" lon="9.00160211606" />
  <node id="19002" visible="true" version="1" lat="50.00186846266" lon="9.00159461719" />
  <node id="19004" visible="true" version="1" lat="49.99994940845" lon="9" />
  <node id="19005" visible="true" version="1" lat="49.99994940845" lon="9.0000069767" />
  <node id="19006" visible="true" version="1" lat="49.99994940845" lon="9.00001395339" />
  <node id="19007" visible="true" version="1" lat="49.99994940845" lon="9.00002093009" />
  <node id="19008" visible="true" version="1" lat="49.99994940845" lon="9.00002790679" />
  <node id="19009" visible="true" version="1" lat="49.99994940844" lon="9.00003488349" />
  <node id="19010" visible="true" version="1" lat="49.99994940844" lon="9.00004186018" />
  <node id="19011" visible="true" version="1" lat="49.99994940844" lon="9.00004883688" />
  <node id="19012" visible="true" version="1" lat="49.99994940844" lon="9.00005581358" />
  <node id="19013" visible="true" version="1" lat="49.99994940843" lon="9.00006279027" />
  <node id="19014" visible="true" version="1" lat="49.99994940843" lon="9.00006976697" />
  <node id="19015" visible="true" version="1" lat="49.99994940842" lon="9.00007674367" />
  <node id="19016" visible="true" version="1" lat="49.99994940842" lon="9.00008372036" />
  <node id="19017" visible="true" version="1" lat="49.99994940841" lon="9.00009069706" />
  <node id="19018" visible="true" version="1" lat="49.99994940841" lon="9.00009767376" />
  <node id="19019" visible="true" version="1" lat="49.9999494084" lon="9.00010465046" />
  <node id="19020" visible="true" version="1" lat="49.99994940839" lon="9.00011162715" />
  <node id="19021" visible="true" version="1" lat="49.99994940839" lon="9.00011860385" />
  <node id="19022" visible="true" version="1" lat="49.99994940838" lon="9.00012558055" />
  <node id="19023" visible="true" version="1" lat="49.99994940837" lon="9.00013255724" />
  <node id="19024" visible="true" version="1" lat="49.99994940836" lon="9.00013953394" />
  <node id="19025" visible="true" version="1" lat="49.99994940836" lon="9.00014651064" />
  <node id="19026" visible="true" version="1" lat="49.99994940835" lon="9.00015348734" />
  <node id="19027" visible="true" version="1" lat="49.99994940834" lon="9.00016046403" />
  <node id="19028" visible="true" version="1" lat="49.99994940833" lon="9.00016744073" />
  <node id="19029" visible="true" version="1" lat="49.99994940832" lon="9.00017441743" />
  <node id="19030" visible="true" version="1" lat="49.99994940831" lon="9.00018139412" />
  <node id="19031" visible="true" version="1" lat="49.9999494083" lon="9.00018837082" />
  <node id="19032" visible="true" version="1" lat="49.99994940828" lon="9.00019534752" />
  <node id="19033" visible="true" version="1" lat="49.99994940827" lon="9.00020232422" />
  <node id="19034" visible="true" version="1" lat="49.99994940826" lon="9.00020930091" />
  <node id="19035" visible="true" version="1" lat="49.99994940825" lon="9.00021627761" />
  <node id="19036" visible="true" version="1" lat="49.99994940823" lon="9.00022325431" />
  <node id="19037" visible="true" version="1" lat="49.99994940822" lon="9.000230231" />
  <node id="19038" visible="true" version="1" lat="49.99994940821" lon="9.0002372077" />
  <node id="19039" visible="true" version="1" lat="49.99994940819" lon="9.0002441844" />
  <node id="19040" visible="true" version="1" lat="49.99994940818" lon="9.00025116109" />
  <node id="19041" visible="true" version="1" lat="49.99994940816" lon="9.00025813779" />
  <node id="19042" visible="true" version="1" lat="49.99994940815" lon="9.00026511449" />
  <node id="19043" visible="true" version="1" lat="49.99994940813" lon="9.00027209119" />
  <node id="19044" visible="true" version="1" lat="49.99994940811" lon="9.00027906788" />
  <node id="19045" visible="true" version="1" lat="49.9999494081" lon="9.00028604458" />
  <node id="19046" visible="true" version="1" lat="49.99994940808" lon="9.00029302128" />
  <node id="19047" visible="true" version="1" lat="49.99994940806" lon="9.00029999797" />
  <node id="19048" visible="true" version="1" lat="49.99994940804" lon="9.00030697467" />
  <node id="19049" visible="true" version="1" lat="49.99994940802" lon="9.00031395137" />
  <node id="19050" visible="true" version="1" lat="49.999949408" lon="9.00032092807" />
  <node id="19051" visible="true" version="1" lat="49.99994940799" lon="9.00032790476" />
  <node id="19052" visible="true" version="1" lat="49.99994940797" lon="9.00033488146" />
  <node id="19053" visible="true" version="1" lat="49.99994940794" lon="9.00034185816" />
  <node id="19054" visible="true" version="1" lat="49.99994940792" lon="9.00034883485" />
  <node id="19055" visible="true" version="1" lat="49.9999494079" lon="9.00035581155" />
  <node id="19056" visible="true" version="1" lat="49.99994940788" lon="9.00036278825" />
  <node id="19057" visible="true" version="1" lat="49.99994940786" lon="9.00036976495" />
  <node id="19058" visible="true" version="1" lat="49.99994940784" lon="9.00037674164" />
  <node id="19059" visible="true" version="1" lat="49.99994940781" lon="9.00038371834" />
  <node id="19060" visible="true" version="1" lat="49.99994940779" lon="9.00039069504" />
  <node id="19061" visible="true" version="1" lat="49.99994940777" lon="9.00039767173" />
  <node id="19062" visible="true" version="1" lat="49.99994940774" lon="9.00040464843" />
  <node id="19063" visible="true" version="1" lat="49.99994940772" lon="9.00041162513" />
  <node id="19064" visible="true" version="1" lat="49.99994940769" lon="9.00041860182" />
  <node id="19065" visible="true" version="1" lat="49.99994940767" lon="9.00042557852" />
  <node id="19066" visible="true" version="1" lat="49.99994940764" lon="9.00043255522" />
  <node id="19067" visible="true" version="1" lat="49.99994940762" lon="9.00043953192" />
  <node id="19068" visible="true" version="1" lat="49.99994940759" lon="9.00044650861" />
  <node id="19069" visible="true" version="1" lat="49.99994940756" lon="9.00045348531" />
  <node id="19070" visible="true" version="1" lat="49.99994940753" lon="9.00046046201" />
  <node id="19071" visible="true" version="1" lat="49.99994940751" lon="9.0004674387" />
  <node id="19072" visible="true" version="1" lat="49.99994940748" lon="9.0004744154" />
  <node id="19073" visible="true" version="1" lat="49.99994940745" lon="9.0004813921" />
  <node id="19074" visible="true" version="1" lat="49.99994940742" lon="9.0004883688" />
  <node id="19075" visible="true" version="1" lat="49.99994940739" lon="9.00049534549" />
  <node id="19076" visible="true" version="1" lat="49.99994940736" lon="9.00050232219" />
  <node id="19077" visible="true" version="1" lat="49.99994940733" lon="9.00050929889" />
  <node id="19078" visible="true" version="1" lat="49.9999494073" lon="9.00051627558" />
  <node id="19079" visible="true" version="1" lat="49.99994940727" lon="9.00052325228" />
  <node id="19080" visible="true" version="1" lat="49.99994940724" lon="9.00053022898" />
  <node id="19081" visible="true" version="1" lat="49.9999494072" lon="9.00053720568" />
  <node id="19082" visible="true" version="1" lat="49.99994940717" lon="9.00054418237" />
  <node id="19083" visible="true" version="1" lat="49.99994940714" lon="9.00055115907" />
  <node id="19084" visible="true" version="1" lat="49.99994940711" lon="9.00055813577" />
  <node id="19085" visible="true" version="1" lat="49.99994940707" lon="9.00056511246" />
  <node id="19086" visible="true" version="1" lat="49.99994940704" lon="9.00057208916" />
  <node id="19087" visible="true" version="1" lat="49.999949407" lon="9.00057906586" />
  <node id="19088" visible="true" version="1" lat="49.99994940697" lon="9.00058604255" />
  <node id="19089" visible="true" version="1" lat="49.99994940693" lon="9.00059301925" />
  <node id="19090" visible="true" version="1" lat="49.9999494069" lon="9.00059999595" />
  <node id="19091" visible="true" version="1" lat="49.99994940686" lon="9.00060697265" />
  <node id="19092" visible="true" version="1" lat="49.99994940682" lon="9.00061394934" />
  <node id="19093" visible="true" version="1" lat="49.99994940679" lon="9.00062092604" />
  <node id="19094" visible="true" version="1" lat="49.99994940675" lon="9.00062790274" />
  <node id="19095" visible="true" version="1" lat="49.99994940671" lon="9.00063487943" />
  <node id="19096" visible="true" version="1" lat="49.99994940667" lon="9.00064185613" />
  <node id="19097" visible="true" version="1" lat="49.99994940663" lon="9.00064883283" />
  <node id="19098" visible="true" version="1" lat="49.9999494066" lon="9.00065580953" />
  <node id="19099" visible="true" version="1" lat="49.99994940656" lon="9.00066278622" />
  <node id="19100" visible="true" version="1" lat="49.99994940652" lon="9.00066976292" />
  <node id="19101" visible="true" version="1" lat="49.99994940648" lon="9.00067673962" />
  <node id="19102" visible="true" version="1" lat="49.99994940643" lon="9.00068371631" />
  <node id="19103" visible="true" version="1" lat="49.99994940639" lon="9.00069069301" />
  <node id="19104" visible="true" version="1" lat="49.99994940635" lon="9.00069766971" />
  <node id="19105" visible="true" version="1" lat="49.99994940631" lon="9.00070464641" />
  <node id="19106" visible="true" version="1" lat="49.99994940627" lon="9.0007116231" />
  <node id="19107" visible="true" version="1" lat="49.99994940622" lon="9.0007185998" />
  <node id="19108" visible="true" version="1" lat="49.99994940618" lon="9.0007255765" />
  <node id="19109" visible="true" version="1" lat="49.99994940614" lon="9.00073255319" />
  <node id="19110" visible="true" version="1" lat="49.99994940609" lon="9.00073952989" />
  <node id="19111" visible="true" version="1" lat="49.99994940605" lon="9.00074650659" />
  <node id="19112" visible="true" version="1" lat="49.999949406" lon="9.00075348328" />
  <node id="19113" visible="true" version="1" lat="49.99994940596" lon="9.00076045998" />
  <node id="19114" visible="true" version="1" lat="49.99994940591" lon="9.00076743668" />
  <node id="19115" visible="true" version="1" lat="49.99994940586" lon="9.00077441338" />
  <node id="19116" visible="true" version="1" lat="49.99994940582" lon="9.00078139007" />
  <node id="19117" visible="true" version="1" lat="49.99994940577" lon="9.00078836677" />
  <node id="19118" visible="true" version="1" lat="49.99994940572" lon="9.00079534347" />
  <node id="19119" visible="true" version="1" lat="49.99994940567" lon="9.00080232016" />
  <node id="19120" visible="true" version="1" lat="49.99994940563" lon="9.00080929686" />
  <node id="19121" visible="true" version="1" lat="49.99994940558" lon="9.00081627356" />
  <node id="19122" visible="true" version="1" lat="49.99994940553" lon="9.00082325026" />
  <node id="19123" visible="true" version="1" lat="49.99994940548" lon="9.00083022695" />
  <node id="19124" visible="true" version="1" lat="49.99994940543" lon="9.00083720365" />
  <node id="19125" visible="true" version="1" lat="49.99994940538" lon="9.00084418035" />
  <node id="19126" visible="true" version="1" lat="49.99994940533" lon="9.00085115704" />
  <node id="19127" visible="true" version="1" lat="49.99994940528" lon="9.00085813374" />
  <node id="19128" visible="true" version="1" lat="49.99994940522" lon="9.00086511044" />
  <node id="19129" visible="true" version="1" lat="49.99994940517" lon="9.00087208714" />
  <node id="19130" visible="true" version="1" lat="49.99994940512" lon="9.00087906383" />
  <node id="19131" visible="true" version="1" lat="49.99994940507" lon="9.00088604053" />
  <node id="19132" visible="true" version="1" lat="49.99994940501" lon="9.00089301723" />
  <node id="19133" visible="true" version="1" lat="49.99994940496" lon="9.00089999392" />
  <node id="19134" visible="true" version="1" lat="49.9999494049" lon="9.00090697062" />
  <node id="19135" visible="true" version="1" lat="49.99994940485" lon="9.00091394732" />
  <node id="19136" visible="true" version="1" lat="49.99994940479" lon="9.00092092401" />
  <node id="19137" visible="true" version="1" lat="49.99994940474" lon="9.00092790071" />
  <node id="19138" visible="true" version="1" lat="49.99994940468" lon="9.00093487741" />
  <node id="19139" visible="true" version="1" lat="49.99994940463" lon="9.00094185411" />
  <node id="19140" visible="true" version="1" lat="49.99994940457" lon="9.0009488308" />
  <node id="19141" visible="true" version="1" lat="49.99994940451" lon="9.0009558075" />
  <node id="19142" visible="true" version="1" lat="49.99994940445" lon="9.0009627842" />
  <node id="19143" visible="true" version="1" lat="49.9999494044" lon="9.00096976089" />
  <node id="19144" visible="true" version="1" lat="49.99994940434" lon="9.00097673759" />
  <node id="19145" visible="true" version="1" lat="49.99994940428" lon="9.00098371429" />
  <node id="19146" visible="true" version="1" lat="49.99994940422" lon="9.00099069099" />
  <node id="19147" visible="true" version="1" lat="49.99994940416" lon="9.00099766768" />
  <node id="19148" visible="true" version="1" lat="49.9999494041" lon="9.00100464438" />
  <node id="19149" visible="true" version="1" lat="49.99994940404" lon="9.00101162108" />
  <node id="19150" visible="true" version="1" lat="49.99994940398" lon="9.00101859777" />
  <node id="19151" visible="true" version="1" lat="49.99994940392" lon="9.00102557447" />
  <node id="19152" visible="true" version="1" lat="49.99994940385" lon="9.00103255117" />
  <node id="19153" visible="true" version="1" lat="49.99994940379" lon="9.00103952787" />
  <node id="19154" visible="true" version="1" lat="49.99994940373" lon="9.00104650456" />
  <node id="19155" visible="true" version="1" lat="49.99994940367" lon="9.00105348126" />
  <node id="19156" visible="true" version="1" lat="49.9999494036" lon="9.00106045796" />
  <node id="19157" visible="true" version="1" lat="49.99994940354" lon="9.00106743465" />
  <node id="19158" visible="true" version="1" lat="49.99994940347" lon="9.00107441135" />
  <node id="19159" visible="true" version="1" lat="49.99994940341" lon="9.00108138805" />
  <node id="19160" visible="true" version="1" lat="49.99994940334" lon="9.00108836474" />
  <node id="19161" visible="true" version="1" lat="49.99994940328" lon="9.00109534144" />
  <node id="19162" visible="true" version="1" lat="49.99994940321" lon="9.00110231814" />
  <node id="19163" visible="true" version="1" lat="49.99994940315" lon="9.00110929484" />
  <node id="19164" visible="true" version="1" lat="49.99994940308" lon="9.00111627153" />
  <node id="19165" visible="true" version="1" lat="49.99994940301" lon="9.00112324823" />
  <node id="19166" visible="true" version="1" lat="49.99994940294" lon="9.00113022493" />
  <node id="19167" visible="true" version="1" lat="49.99994940288" lon="9.00113720162" />
  <node id="19168" visible="true" version="1" lat="49.99994940281" lon="9.00114417832" />
  <node id="19169" visible="true" version="1" lat="49.99994940274" lon="9.00115115502" />
  <node id="19170" visible="true" version="1" lat="49.99994940267" lon="9.00115813172" />
  <node id="19171" visible="true" version="1" lat="49.9999494026" lon="9.00116510841" />
  <node id="19172" visible="true" version="1" lat="49.99994940253" lon="9.00117208511" />
  <node id="19173" visible="true" version="1" lat="49.99994940246" lon="9.00117906181" />
  <node id="19174" visible="true" version="1" lat="49.99994940239" lon="9.0011860385" />
  <node id="19175" visible="true" version="1" lat="49.99994940232" lon="9.0011930152" />
  <node id="19176" visible="true" version="1" lat="49.99994940224" lon="9.0011999919" />
  <node id="19177" visible="true" version="1" lat="49.99994940217" lon="9.0012069686" />
  <node id="19178" visible="true" version="1" lat="49.9999494021" lon="9.00121394529" />
  <node id="19179" visible="true" version="1" lat="49.99994940203" lon="9.00122092199" />
  <node id="19180" visible="true" version="1" lat="49.99994940195" lon="9.00122789869" />
  <node id="19181" visible="true" version="1" lat="49.99994940188" lon="9.00123487538" />
  <node id="19182" visible="true" version="1" lat="49.9999494018" lon="9.00124185208" />
  <node id="19183" visible="true" version="1" lat="49.99994940173" lon="9.00124882878" />
  <node id="19184" visible="true" version="1" lat="49.99994940165" lon="9.00125580547" />
  <node id="19185" visible="true" version="1" lat="49.99994940158" lon="9.00126278217" />
  <node id="19186" visible="true" version="1" lat="49.9999494015" lon="9.00126975887" />
  <node id="19187" visible="true" version="1" lat="49.99994940142" lon="9.00127673557" />
  <node id="19188" visible="true" version="1" lat="49.99994940135" lon="9.00128371226" />
  <node id="19189" visible="true" version="1" lat="49.99994940127" lon="9.00129068896" />
  <node id="19190" visible="true" version="1" lat="49.99994940119" lon="9.00129766566" />
  <node id="19191" visible="true" version="1" lat="49.99994940111" lon="9.00130464235" />
  <node id="19192" visible="true" version="1" lat="49.99994940104" lon="9.00131161905" />
  <node id="19193" visible="true" version="1" lat="49.99994940096" lon="9.00131859575" />
  <node id="19194" visible="true" version="1" lat="49.99994940088" lon="9.00132557245" />
  <node id="19195" visible="true" version="1" lat="49.9999494008" lon="9.00133254914" />
  <node id="19196" visible="true" version="1" lat="49.99994940072" lon="9.00133952584" />
  <node id="19197" visible="true" version="1" lat="49.99994940064" lon="9.00134650254" />
  <node id="19198" visible="true" version="1" lat="49.99994940055" lon="9.00135347923" />
  <node id="19199" visible="true" version="1" lat="49.99994940047" lon="9.00136045593" />
  <node id="19200" visible="true" version="1" lat="49.99994940039" lon="9.00136743263" />
  <node id="19201" visible="true" version="1" lat="49.99994940031" lon="9.00137440933" />
  <node id="19202" visible="true" version="1" lat="49.99994940023" lon="9.00138138602" />
  <node id="19203" visible="true" version="1" lat="49.99994940014" lon="9.00138836272" />
  <node id="19204" visible="true" version="1" lat="49.99994940006" lon="9.00139533942" />
  <node id="19205" visible="true" version="1" lat="49.99994940006" lon="9.00139533942" />
  <node id="19206" visible="true" version="1" lat="49.99994940021" lon="9.00140251228" />
  <node id="19207" visible="true" version="1" lat="49.99994940112" lon="9.00140968515" />
  <node id="19208" visible="true" version="1" lat="49.99994940324" lon="9.00141685802" />
  <node id="19209" visible="true" version="1" lat="49.99994940704" lon="9.00142403088" />
  <node id="19210" visible="true" version="1" lat="49.99994941294" lon="9.00143120374" />
  <node id="19211" visible="true" version="1" lat="49.99994942141" lon="9.0014383766" />
  <node id="19212" visible="true" version="1" lat="49.9999494329" lon="9.00144554944" />
  <node id="19213" visible="true" version="1" lat="49.99994944785" lon="9.00145272227" />
  <node id="19214" visible="true" version="1" lat="49.99994946671" lon="9.00145989508" />
  <node id="19215" visible="true" version="1" lat="49.99994948993" lon="9.00146706785" />
  <node id="19216" visible="true" version="1" lat="49.99994951797" lon="9.00147424059" />
  <node id="19217" visible="true" version="1" lat="49.99994955127" lon="9.00148141327" />
  <node id="19218" visible="true" version="1" lat="49.99994959028" lon="9.00148858588" />
  <node id="19219" visible="true" version="1" lat="49.99994963545" lon="9.0014957584" />
  <node id="19220" visible="true" version="1" lat="49.99994968724" lon="9.00150293082" />
  <node id="19221" visible="true" version="1" lat="49.99994974608" lon="9.00151010311" />
  <node id="19222" visible="true" version="1" lat="49.99994981244" lon="9.00151727523" />
  <node id="19223" visible="true" version="1" lat="49.99994988675" lon="9.00152444717" />
  <node id="19224" visible="true" version="1" lat="49.99994996948" lon="9.00153161889" />
  <node id="19225" visible="true" version="1" lat="49.99995006106" lon="9.00153879035" />
  <node id="19226" visible="true" version="1" lat="49.99995016195" lon="9.00154596151" />
  <node id="19227" visible="true" version="1" lat="49.9999502726" lon="9.00155313232" />
  <node id="19228" visible="true" version="1" lat="49.99995039345" lon="9.00156030273" />
  <node id="19229" visible="true" version="1" lat="49.99995052496" lon="9.0015674727" />
  <node id="19230" visible="true" version="1" lat="49.99995066757" lon="9.00157464215" />
  <node id="19231" visible="true" version="1" lat="49.99995082174" lon="9.00158181103" />
  <node id="19232" visible="true" version="1" lat="49.9999509879" lon="9.00158897926" />
  <node id="19233" visible="true" version="1" lat="49.99995116651" lon="9.00159614677" />
  <node id="19234" visible="true" version="1" lat="49.99995135803" lon="9.00160331348" />
  <node id="19235" visible="true" version="1" lat="49.99995156288" lon="9.0016104793" />
  <node id="19236" visible="true" version="1" lat="49.99995178153" lon="9.00161764414" />
  <node id="19237" visible="true" version="1" lat="49.99995201442" lon="9.0016248079" />
  <node id="19238" visible="true" version="1" lat="49.99995226199" lon="9.00163197047" />
  <node id="19239" visible="true" version="1" lat="49.99995252469" lon="9.00163913174" />
  <node id="19240" visible="true" version="1" lat="49.99995280298" lon="9.0016462916" />
  <node id="19241" visible="true" version="1" lat="49.99995309729" lon="9.00165344992" />
  <node id="19242" visible="true" version="1" lat="49.99995340807" lon="9.00166060656" />
  <node id="19243" visible="true" version="1" lat="49.99995373576" lon="9.00166776139" />
  <node id="19244" visible="true" version="1" lat="49.99995408081" lon="9.00167491425" />
  <node id="19245" visible="true" version="1" lat="49.99995444366" lon="9.00168206499" />
  <node id="19246" visible="true" version="1" lat="49.99995482476" lon="9.00168921344" />
  <node id="19247" visible="true" version="1" lat="49.99995522454" lon="9.00169635944" />
  <node id="19248" visible="true" version="1" lat="49.99995564346" lon="9.0017035028" />
  <node id="19249" visible="true" version="1" lat="49.99995608194" lon="9.00171064333" />
  <node id="19250" visible="true" version="1" lat="49.99995654042" lon="9.00171778084" />
  <node id="19251" visible="true" version="1" lat="49.99995701936" lon="9.00172491511" />
  <node id="19252" visible="true" version="1" lat="49.99995751917" lon="9.00173204594" />
  <node id="19253" visible="true" version="1" lat="49.99995804031" lon="9.00173917309" />
  <node id="19254" visible="true" version="1" lat="49.9999585832" lon="9.00174629633" />
  <node id="19255" visible="true" version="1" lat="49.99995914829" lon="9.00175341542" />
  <node id="19256" visible="true" version="1" lat="49.99995914829" lon="9.00175341542" />
  <node id="19257" visible="true" version="1" lat="49.99995975216" lon="9.00176072475" />
  <node id="19258" visible="true" version="1" lat="49.99996037958" lon="9.00176802931" />
  <node id="19259" visible="true" version="1" lat="49.99996103054" lon="9.00177532891" />
  <node id="19260" visible="true" version="1" lat="49.99996170501" lon="9.00178262338" />
  <node id="19261" visible="true" version="1" lat="49.99996240298" lon="9.00178991252" />
  <node id="19262" visible="true" version="1" lat="49.99996312443" lon="9.00179719615" />
  <node id="19263" visible="true" version="1" lat="49.99996386935" lon="9.0018044741" />
  <node id="19264" visible="true" version="1" lat="49.99996463772" lon="9.00181174618" />
  <node id="19265" visible="true" version="1" lat="49.99996542951" lon="9.0018190122" />
  <node id="19266" visible="true" version="1" lat="49.99996624471" lon="9.001826272" />
  <node id="19267" visible="true" version="1" lat="49.9999670833" lon="9.00183352538" />
  <node id="19268" visible="true" version="1" lat="49.99996794525" lon="9.00184077216" />
  <node id="19269" visible="true" version="1" lat="49.99996883055" lon="9.00184801217" />
  <node id="19270" visible="true" version="1" lat="49.99996973917" lon="9.00185524522" />
  <node id="19271" visible="true" version="1" lat="49.99997067109" lon="9.00186247114" />
  <node id="19272" visible="true" version="1" lat="49.99997162628" lon="9.00186968973" />
  <node id="19273" visible="true" version="1" lat="49.99997260473" lon="9.00187690083" />
  <node id="19274" visible="true" version="1" lat="49.9999736064" lon="9.00188410424" />
  <node id="19275" visible="true" version="1" lat="49.99997463128" lon="9.0018912998" />
  <node id="19276" visible="true" version="1" lat="49.99997567933" lon="9.00189848731" />
  <node id="19277" visible="true" version="1" lat="49.99997675054" lon="9.00190566661" />
  <node id="19278" visible="true" version="1" lat="49.99997784487" lon="9.00191283751" />
  <node id="19279" visible="true" version="1" lat="49.99997896229" lon="9.00191999983" />
  <node id="19280" visible="true" version="1" lat="49.99998010279" lon="9.00192715339" />
  <node id="19281" visible="true" version="1" lat="49.99998126632" lon="9.00193429802" />
  <node id="19282" visible="true" version="1" lat="49.99998245287" lon="9.00194143353" />
  <node id="19283" visible="true" version="1" lat="49.9999836624" lon="9.00194855975" />
  <node id="19284" visible="true" version="1" lat="49.99998489488" lon="9.0019556765" />
  <node id="19285" visible="true" version="1" lat="49.99998615028" lon="9.0019627836" />
  <node id="19286" visible="true" version="1" lat="49.99998742857" lon="9.00196988087" />
  <node id="19287" visible="true" version="1" lat="49.99998872972" lon="9.00197696814" />
  <node id="19288" visible="true" version="1" lat="49.99999005369" lon="9.00198404523" />
  <node id="19289" visible="true" version="1" lat="49.99999140045" lon="9.00199111196" />
  <node id="19290" visible="true" version="1" lat="49.99999276997" lon="9.00199816815" />
  <node id="19291" visible="true" version="1" lat="49.99999416221" lon="9.00200521364" />
  <node id="19292" visible="true" version="1" lat="49.99999557715" lon="9.00201224824" />
  <node id="19293" visible="true" version="1" lat="49.99999701473" lon="9.00201927177" />
  <node id="19294" visible="true" version="1" lat="49.99999847494" lon="9.00202628406" />
  <node id="19295" visible="true" version="1" lat="49.99999995772" lon="9.00203328494" />
  <node id="19296" visible="true" version="1" lat="50.00000146305" lon="9.00204027424" />
  <node id="19297" visible="true" version="1" lat="50.00000299089" lon="9.00204725176" />
  <node id="19298" visible="true" version="1" lat="50.00000454119" lon="9.00205421735" />
  <node id="19299" visible="true" version="1" lat="50.00000611393" lon="9.00206117083" />
  <node id="19300" visible="true" version="1" lat="50.00000770905" lon="9.00206811202" />
  <node id="19301" visible="true" version="1" lat="50.00000932653" lon="9.00207504076" />
  <node id="19302" visible="true" version="1" lat="50.00001096631" lon="9.00208195685" />
  <node id="19303" visible="true" version="1" lat="50.00001262836" lon="9.00208886015" />
  <node id="19304" visible="true" version="1" lat="50.00001431264" lon="9.00209575046" />
  <node id="19305" visible="true" version="1" lat="50.00001601911" lon="9.00210262763" />
  <node id="19306" visible="true" version="1" lat="50.00001774771" lon="9.00210949147" />
  <node id="19307" visible="true" version="1" lat="50.00001949842" lon="9.00211634182" />
  <node id="19308" visible="true" version="1" lat="50.00002127118" lon="9.0021231785" />
  <node id="19309" visible="true" version="1" lat="50.00002306595" lon="9.00213000134" />
  <node id="19310" visible="true" version="1" lat="50.00002488269" lon="9.00213681018" />
  <node id="19311" visible="true" version="1" lat="50.00002672136" lon="9.00214360485" />
  <node id="19312" visible="true" version="1" lat="50.00002858189" lon="9.00215038516" />
  <node id="19313" visible="true" version="1" lat="50.00003046425" lon="9.00215715096" />
  <node id="19314" visible="true" version="1" lat="50.0000323684" lon="9.00216390207" />
  <node id="19315" visible="true" version="1" lat="50.00003429428" lon="9.00217063833" />
  <node id="19316" visible="true" version="1" lat="50.00003624184" lon="9.00217735957" />
  <node id="19317" visible="true" version="1" lat="50.00003821105" lon="9.00218406562" />
  <node id="19318" visible="true" version="1" lat="50.00004020183" lon="9.0021907563" />
  <node id="19319" visible="true" version="1" lat="50.00004221416" lon="9.00219743147" />
  <node id="19320" visible="true" version="1" lat="50.00004424798" lon="9.00220409093" />
  <node id="19321" visible="true" version="1" lat="50.00004630323" lon="9.00221073454" />
  <node id="19322" visible="true" version="1" lat="50.00004837987" lon="9.00221736213" />
  <node id="19323" visible="true" version="1" lat="50.00005047784" lon="9.00222397352" />
  <node id="19324" visible="true" version="1" lat="50.00005259709" lon="9.00223056856" />
  <node id="19325" visible="true" version="1" lat="50.00005473757" lon="9.00223714708" />
  <node id="19326" visible="true" version="1" lat="50.00005689922" lon="9.00224370891" />
  <node id="19327" visible="true" version="1" lat="50.000059082" lon="9.0022502539" />
  <node id="19328" visible="true" version="1" lat="50.00006128584" lon="9.00225678187" />
  <node id="19329" visible="true" version="1" lat="50.00006351069" lon="9.00226329266" />
  <node id="19330" visible="true" version="1" lat="50.0000657565" lon="9.00226978612" />
  <node id="19331" visible="true" version="1" lat="50.0000680232" lon="9.00227626207" />
  <node id="19332" visible="true" version="1" lat="50.00007031075" lon="9.00228272036" />
  <node id="19333" visible="true" version="1" lat="50.00007261909" lon="9.00228916082" />
  <node id="19334" visible="true" version="1" lat="50.00007494815" lon="9.0022955833" />
  <node id="19335" visible="true" version="1" lat="50.00007729788" lon="9.00230198764" />
  <node id="19336" visible="true" version="1" lat="50.00007966822" lon="9.00230837367" />
  <node id="19337" visible="true" version="1" lat="50.00008205911" lon="9.00231474123" />
  <node id="19338" visible="true" version="1" lat="50.0000844705" lon="9.00232109016" />
  <node id="19339" visible="true" version="1" lat="50.00008690231" lon="9.00232742032" />
  <node id="19340" visible="true" version="1" lat="50.0000893545" lon="9.00233373153" />
  <node id="19341" visible="true" version="1" lat="50.000091827" lon="9.00234002364" />
  <node id="19342" visible="true" version="1" lat="50.00009431974" lon="9.00234629649" />
  <node id="19343" visible="true" version="1" lat="50.00009683267" lon="9.00235254993" />
  <node id="19344" visible="true" version="1" lat="50.00009936572" lon="9.0023587838" />
  <node id="19345" visible="true" version="1" lat="50.00010191883" lon="9.00236499795" />
  <node id="19346" visible="true" version="1" lat="50.00010449193" lon="9.00237119221" />
  <node id="19347" visible="true" version="1" lat="50.00010708497" lon="9.00237736643" />
  <node id="19348" visible="true" version="1" lat="50.00010969787" lon="9.00238352047" />
  <node id="19349" visible="true" version="1" lat="50.00011233057" lon="9.00238965416" />
  <node id="19350" visible="true" version="1" lat="50.000114983" lon="9.00239576735" />
  <node id="19351" visible="true" version="1" lat="50.00011765511" lon="9.00240185989" />
  <node id="19352" visible="true" version="1" lat="50.00012034682" lon="9.00240793163" />
  <node id="19353" visible="true" version="1" lat="50.00012305806" lon="9.00241398241" />
  <node id="19354" visible="true" version="1" lat="50.00012578877" lon="9.00242001209" />
  <node id="19355" visible="true" version="1" lat="50.00012853887" lon="9.00242602051" />
  <node id="19356" visible="true" version="1" lat="50.00013130831" lon="9.00243200753" />
  <node id="19357" visible="true" version="1" lat="50.000134097" lon="9.00243797298" />
  <node id="19358" visible="true" version="1" lat="50.00013690489" lon="9.00244391674" />
  <node id="19359" visible="true" version="1" lat="50.0001397319" lon="9.00244983863" />
  <node id="19360" visible="true" version="1" lat="50.00014257796" lon="9.00245573853" />
  <node id="19361" visible="true" version="1" lat="50.00014544299" lon="9.00246161627" />
  <node id="19362" visible="true" version="1" lat="50.00014832694" lon="9.00246747172" />
  <node id="19363" visible="true" version="1" lat="50.00015122971" lon="9.00247330472" />
  <node id="19364" visible="true" version="1" lat="50.00015415125" lon="9.00247911514" />
  <node id="19365" visible="true" version="1" lat="50.00015709148" lon="9.00248490282" />
  <node id="19366" visible="true" version="1" lat="50.00016005033" lon="9.00249066762" />
  <node id="19367" visible="true" version="1" lat="50.00016302772" lon="9.0024964094" />
  <node id="19368" visible="true" version="1" lat="50.00016602357" lon="9.00250212801" />
  <node id="19369" visible="true" version="1" lat="50.00016903782" lon="9.00250782332" />
  <node id="19370" visible="true" version="1" lat="50.00017207038" lon="9.00251349517" />
  <node id="19371" visible="true" version="1" lat="50.00017512119" lon="9.00251914342" />
  <node id="19372" visible="true" version="1" lat="50.00017819016" lon="9.00252476794" />
  <node id="19373" visible="true" version="1" lat="50.00018127722" lon="9.00253036859" />
  <node id="19374" visible="true" version="1" lat="50.00018438229" lon="9.00253594522" />
  <node id="19375" visible="true" version="1" lat="50.0001875053" lon="9.0025414977" />
  <node id="19376" visible="true" version="1" lat="50.00019064616" lon="9.00254702588" />
  <node id="19377" visible="true" version="1" lat="50.0001938048" lon="9.00255252963" />
  <node id="19378" visible="true" version="1" lat="50.00019698113" lon="9.00255800881" />
  <node id="19379" visible="true" version="1" lat="50.00020017508" lon="9.00256346328" />
  <node id="19380" visible="true" version="1" lat="50.00020338658" lon="9.00256889291" />
  <node id="19381" visible="true" version="1" lat="50.00020661553" lon="9.00257429756" />
  <node id="19382" visible="true" version="1" lat="50.00020986186" lon="9.0025796771" />
  <node id="19383" visible="true" version="1" lat="50.00021312548" lon="9.00258503139" />
  <node id="19384" visible="true" version="1" lat="50.00021640633" lon="9.00259036029" />
  <node id="19385" visible="true" version="1" lat="50.0002197043" lon="9.00259566368" />
  <node id="19386" visible="true" version="1" lat="50.00022301932" lon="9.00260094143" />
  <node id="19387" visible="true" version="1" lat="50.00022635132" lon="9.00260619339" />
  <node id="19388" visible="true" version="1" lat="50.00022970019" lon="9.00261141944" />
  <node id="19389" visible="true" version="1" lat="50.00023306587" lon="9.00261661945" />
  <node id="19390" visible="true" version="1" lat="50.00023644827" lon="9.00262179329" />
  <node id="19391" visible="true" version="1" lat="50.00023984729" lon="9.00262694083" />
  <node id="19392" visible="true" version="1" lat="50.00024326286" lon="9.00263206193" />
  <node id="19393" visible="true" version="1" lat="50.0002466949" lon="9.00263715648" />
  <node id="19394" visible="true" version="1" lat="50.00025014331" lon="9.00264222435" />
  <node id="19395" visible="true" version="1" lat="50.00025360801" lon="9.0026472654" />
  <node id="19396" visible="true" version="1" lat="50.00025708891" lon="9.00265227951" />
  <node id="19397" visible="true" version="1" lat="50.00026058593" lon="9.00265726656" />
  <node id="19398" visible="true" version="1" lat="50.00026409898" lon="9.00266222642" />
  <node id="19399" visible="true" version="1" lat="50.00026762797" lon="9.00266715897" />
  <node id="19400" visible="true" version="1" lat="50.00027117281" lon="9.00267206409" />
  <node id="19401" visible="true" version="1" lat="50.00027473342" lon="9.00267694164" />
  <node id="19402" visible="true" version="1" lat="50.0002783097" lon="9.00268179152" />
  <node id="19403" visible="true" version="1" lat="50.00028190157" lon="9.0026866136" />
  <node id="19404" visible="true" version="1" lat="50.00028550893" lon="9.00269140775" />
  <node id="19405" visible="true" version="1" lat="50.00028913169" lon="9.00269617386" />
  <node id="19406" visible="true" version="1" lat="50.00029276978" lon="9.00270091181" />
  <node id="19407" visible="true" version="1" lat="50.00029642308" lon="9.00270562148" />
  <node id="19408" visible="true" version="1" lat="50.00030009152" lon="9.00271030276" />
  <node id="19409" visible="true" version="1" lat="50.000303775" lon="9.00271495552" />
  <node id="19410" visible="true" version="1" lat="50.00030747343" lon="9.00271957965" />
  <node id="19411" visible="true" version="1" lat="50.00031118672" lon="9.00272417504" />
  <node id="19412" visible="true" version="1" lat="50.00031491477" lon="9.00272874156" />
  <node id="19413" visible="true" version="1" lat="50.00031865749" lon="9.00273327911" />
  <node id="19414" visible="true" version="1" lat="50.00032241478" lon="9.00273778757" />
  <node id="19415" visible="true" version="1" lat="50.00032618656" lon="9.00274226683" />
  <node id="19416" visible="true" version="1" lat="50.00032997273" lon="9.00274671677" />
  <node id="19417" visible="true" version="1" lat="50.00033377319" lon="9.00275113729" />
  <node id="19418" visible="true" version="1" lat="50.00033758785" lon="9.00275552828" />
  <node id="19419" visible="true" version="1" lat="50.00034141662" lon="9.00275988962" />
  <node id="19420" visible="true" version="1" lat="50.00034525939" lon="9.00276422121" />
  <node id="19421" visible="true" version="1" lat="50.00034911608" lon="9.00276852294" />
  <node id="19422" visible="true" version="1" lat="50.00035298658" lon="9.00277279469" />
  <node id="19423" visible="true" version="1" lat="50.0003568708" lon="9.00277703638" />
  <node id="19424" visible="true" version="1" lat="50.00036076864" lon="9.00278124787" />
  <node id="19425" visible="true" version="1" lat="50.00036468" lon="9.00278542908" />
  <node id="19426" visible="true" version="1" lat="50.00036860479" lon="9.0027895799" />
  <node id="19427" visible="true" version="1" lat="50.00037254291" lon="9.00279370022" />
  <node id="19428" visible="true" version="1" lat="50.00037649426" lon="9.00279778995" />
  <node id="19429" visible="true" version="1" lat="50.00038045874" lon="9.00280184897" />
  <node id="19430" visible="true" version="1" lat="50.00038443625" lon="9.00280587719" />
  <node id="19431" visible="true" version="1" lat="50.0003884267" lon="9.0028098745" />
  <node id="19432" visible="true" version="1" lat="50.00039242997" lon="9.00281384082" />
  <node id="19433" visible="true" version="1" lat="50.00039644598" lon="9.00281777603" />
  <node id="19434" visible="true" version="1" lat="50.00040047463" lon="9.00282168003" />
  <node id="19435" visible="true" version="1" lat="50.0004045158" lon="9.00282555274" />
  <node id="19436" visible="true" version="1" lat="50.0004085694" lon="9.00282939406" />
  <node id="19437" visible="true" version="1" lat="50.00041263534" lon="9.00283320388" />
  <node id="19438" visible="true" version="1" lat="50.0004167135" lon="9.00283698212" />
  <node id="19439" visible="true" version="1" lat="50.00042080378" lon="9.00284072868" />
  <node id="19440" visible="true" version="1" lat="50.00042490609" lon="9.00284444346" />
  <node id="19441" visible="true" version="1" lat="50.00042902032" lon="9.00284812637" />
  <node id="19442" visible="true" version="1" lat="50.00043314637" lon="9.00285177732" />
  <node id="19443" visible="true" version="1" lat="50.00043728414" lon="9.00285539623" />
  <node id="19444" visible="true" version="1" lat="50.00044143351" lon="9.00285898299" />
  <node id="19445" visible="true" version="1" lat="50.00044559439" lon="9.00286253752" />
  <node id="19446" visible="true" version="1" lat="50.00044976668" lon="9.00286605973" />
  <node id="19447" visible="true" version="1" lat="50.00045395026" lon="9.00286954953" />
  <node id="19448" visible="true" version="1" lat="50.00045814504" lon="9.00287300684" />
  <node id="19449" visible="true" version="1" lat="50.00046235091" lon="9.00287643156" />
  <node id="19450" visible="true" version="1" lat="50.00046656777" lon="9.00287982362" />
  <node id="19451" visible="true" version="1" lat="50.0004707955" lon="9.00288318292" />
  <node id="19452" visible="true" version="1" lat="50.00047503401" lon="9.00288650939" />
  <node id="19453" visible="true" version="1" lat="50.00047928318" lon="9.00288980294" />
  <node id="19454" visible="true" version="1" lat="50.00048354292" lon="9.00289306349" />
  <node id="19455" visible="true" version="1" lat="50.00048781311" lon="9.00289629095" />
  <node id="19456" visible="true" version="1" lat="50.00049209365" lon="9.00289948525" />
  <node id="19457" visible="true" version="1" lat="50.00049638443" lon="9.00290264631" />
  <node id="19458" visible="true" version="1" lat="50.00050068534" lon="9.00290577405" />
  <node id="19459" visible="true" version="1" lat="50.00050499628" lon="9.00290886838" />
  <node id="19460" visible="true" version="1" lat="50.00050931714" lon="9.00291192923" />
  <node id="19461" visible="true" version="1" lat="50.00051364781" lon="9.00291495653" />
  <node id="19462" visible="true" version="1" lat="50.00051798818" lon="9.0029179502" />
  <node id="19463" visible="true" version="1" lat="50.00052233815" lon="9.00292091017" />
  <node id="19464" visible="true" version="1" lat="50.0005266976" lon="9.00292383635" />
  <node id="19465" visible="true" version="1" lat="50.00053106642" lon="9.00292672868" />
  <node id="19466" visible="true" version="1" lat="50.00053544452" lon="9.00292958709" />
  <node id="19467" visible="true" version="1" lat="50.00053983177" lon="9.0029324115" />
  <node id="19468" visible="true" version="1" lat="50.00054422807" lon="9.00293520184" />
  <node id="19469" visible="true" version="1" lat="50.0005486333" lon="9.00293795805" />
  <node id="19470" visible="true" version="1" lat="50.00055304737" lon="9.00294068005" />
  <node id="19471" visible="true" version="1" lat="50.00055747015" lon="9.00294336778" />
  <node id="19472" visible="true" version="1" lat="50.00056190154" lon="9.00294602116" />
  <node id="19473" visible="true" version="1" lat="50.00056634142" lon="9.00294864014" />
  <node id="19474" visible="true" version="1" lat="50.00057078969" lon="9.00295122465" />
  <node id="19475" visible="true" version="1" lat="50.00057524623" lon="9.00295377461" />
  <node id="19476" visible="true" version="1" lat="50.00057971094" lon="9.00295628998" />
  <node id="19477" visible="true" version="1" lat="50.00058418369" lon="9.00295877069" />
  <node id="19478" visible="true" version="1" lat="50.00058866439" lon="9.00296121666" />
  <node id="19479" visible="true" version="1" lat="50.00059315291" lon="9.00296362785" />
  <node id="19480" visible="true" version="1" lat="50.00059764915" lon="9.0029660042" />
  <node id="19481" visible="true" version="1" lat="50.00060215298" lon="9.00296834563" />
  <node id="19482" visible="true" version="1" lat="50.00060666431" lon="9.0029706521" />
  <node id="19483" visible="true" version="1" lat="50.00061118302" lon="9.00297292355" />
  <node id="19484" visible="true" version="1" lat="50.00061570899" lon="9.00297515991" />
  <node id="19485" visible="true" version="1" lat="50.00062024211" lon="9.00297736115" />
  <node id="19486" visible="true" version="1" lat="50.00062478227" lon="9.00297952719" />
  <node id="19487" visible="true" version="1" lat="50.00062932935" lon="9.00298165798" />
  <node id="19488" visible="true" version="1" lat="50.00063388324" lon="9.00298375348" />
  <node id="19489" visible="true" version="1" lat="50.00063844383" lon="9.00298581362" />
  <node id="19490" visible="true" version="1" lat="50.000643011" lon="9.00298783837" />
  <node id="19491" visible="true" version="1" lat="50.00064758464" lon="9.00298982766" />
  <node id="19492" visible="true" version="1" lat="50.00065216463" lon="9.00299178145" />
  <node id="19493" visible="true" version="1" lat="50.00065675086" lon="9.00299369968" />
  <node id="19494" visible="true" version="1" lat="50.00066134322" lon="9.00299558232" />
  <node id="19495" visible="true" version="1" lat="50.00066594159" lon="9.00299742931" />
  <node id="19496" visible="true" version="1" lat="50.00067054585" lon="9.00299924061" />
  <node id="19497" visible="true" version="1" lat="50.00067515589" lon="9.00300101617" />
  <node id="19498" visible="true" version="1" lat="50.0006797716" lon="9.00300275595" />
  <node id="19499" visible="true" version="1" lat="50.00068439285" lon="9.0030044599" />
  <node id="19500" visible="true" version="1" lat="50.00068901954" lon="9.00300612798" />
  <node id="19501" visible="true" version="1" lat="50.00069365155" lon="9.00300776015" />
  <node id="19502" visible="true" version="1" lat="50.00069828876" lon="9.00300935638" />
  <node id="19503" visible="true" version="1" lat="50.00070293106" lon="9.00301091661" />
  <node id="19504" visible="true" version="1" lat="50.00070757833" lon="9.00301244081" />
  <node id="19505" visible="true" version="1" lat="50.00071223045" lon="9.00301392894" />
  <node id="19506" visible="true" version="1" lat="50.00071688731" lon="9.00301538097" />
  <node id="19507" visible="true" version="1" lat="50.00072154879" lon="9.00301679686" />
  <node id="19508" visible="true" version="1" lat="50.00072621477" lon="9.00301817656" />
  <node id="19509" visible="true" version="1" lat="50.00073088515" lon="9.00301952006" />
  <node id="19510" visible="true" version="1" lat="50.00073555979" lon="9.00302082731" />
  <node id="19511" visible="true" version="1" lat="50.00074023859" lon="9.00302209829" />
  <node id="19512" visible="true" version="1" lat="50.00074492143" lon="9.00302333295" />
  <node id="19513" visible="true" version="1" lat="50.00074960818" lon="9.00302453128" />
  <node id="19514" visible="true" version="1" lat="50.00075429875" lon="9.00302569323" />
  <node id="19515" visible="true" version="1" lat="50.00075899299" lon="9.00302681879" />
  <node id="19516" visible="true" version="1" lat="50.00076369081" lon="9.00302790791" />
  <node id="19517" visible="true" version="1" lat="50.00076839208" lon="9.00302896059" />
  <node id="19518" visible="true" version="1" lat="50.00077309668" lon="9.00302997678" />
  <node id="19519" visible="true" version="1" lat="50.00077780449" lon="9.00303095646" />
  <node id="19520" visible="true" version="1" lat="50.00078251541" lon="9.00303189961" />
  <node id="19521" visible="true" version="1" lat="50.00078722931" lon="9.00303280621" />
  <node id="19522" visible="true" version="1" lat="50.00079194607" lon="9.00303367623" />
  <node id="19523" visible="true" version="1" lat="50.00079666557" lon="9.00303450966" />
  <node id="19524" visible="true" version="1" lat="50.0008013877" lon="9.00303530646" />
  <node id="19525" visible="true" version="1" lat="50.00080611234" lon="9.00303606662" />
  <node id="19526" visible="true" version="1" lat="50.00081083937" lon="9.00303679012" />
  <node id="19527" visible="true" version="1" lat="50.00081556868" lon="9.00303747695" />
  <node id="19528" visible="true" version="1" lat="50.00082030013" lon="9.00303812708" />
  <node id="19529" visible="true" version="1" lat="50.00082503363" lon="9.0030387405" />
  <node id="19530" visible="true" version="1" lat="50.00082976904" lon="9.0030393172" />
  <node id="19531" visible="true" version="1" lat="50.00083450625" lon="9.00303985715" />
  <node id="19532" visible="true" version="1" lat="50.00083924514" lon="9.00304036035" />
  <node id="19533" visible="true" version="1" lat="50.0008439856" lon="9.00304082679" />
  <node id="19534" visible="true" version="1" lat="50.0008487275" lon="9.00304125644" />
  <node id="19535" visible="true" version="1" lat="50.00085347072" lon="9.00304164931" />
  <node id="19536" visible="true" version="1" lat="50.00085821515" lon="9.00304200538" />
  <node id="19537" visible="true" version="1" lat="50.00086296067" lon="9.00304232464" />
  <node id="19538" visible="true" version="1" lat="50.00086770716" lon="9.00304260709" />
  <node id="19539" visible="true" version="1" lat="50.0008724545" lon="9.00304285271" />
  <node id="19540" visible="true" version="1" lat="50.00087720257" lon="9.00304306151" />
  <node id="19541" visible="true" version="1" lat="50.00088195126" lon="9.00304323347" />
  <node id="19542" visible="true" version="1" lat="50.00088670044" lon="9.00304336859" />
  <node id="19543" visible="true" version="1" lat="50.00089144999" lon="9.00304346688" />
  <node id="19544" visible="true" version="1" lat="50.00089619981" lon="9.00304352831" />
  <node id="19545" visible="true" version="1" lat="50.00090094976" lon="9.0030435529" />
  <node id="19546" visible="true" version="1" lat="50.00090569973" lon="9.00304354065" />
  <node id="19547" visible="true" version="1" lat="50.0009104496" lon="9.00304349155" />
  <node id="19548" visible="true" version="1" lat="50.00091519926" lon="9.0030434056" />
  <node id="19549" visible="true" version="1" lat="50.00091994858" lon="9.00304328281" />
  <node id="19550" visible="true" version="1" lat="50.00092469744" lon="9.00304312319" />
  <node id="19551" visible="true" version="1" lat="50.00092944573" lon="9.00304292672" />
  <node id="19552" visible="true" version="1" lat="50.00093419333" lon="9.00304269343" />
  <node id="19553" visible="true" version="1" lat="50.00093894012" lon="9.00304242331" />
  <node id="19554" visible="true" version="1" lat="50.00094368598" lon="9.00304211637" />
  <node id="19555" visible="true" version="1" lat="50.00094843078" lon="9.00304177262" />
  <node id="19556" visible="true" version="1" lat="50.00095317443" lon="9.00304139207" />
  <node id="19557" visible="true" version="1" lat="50.00095791678" lon="9.00304097473" />
  <node id="19558" visible="true" version="1" lat="50.00096265773" lon="9.00304052061" />
  <node id="19559" visible="true" version="1" lat="50.00096739716" lon="9.00304002971" />
  <node id="19560" visible="true" version="1" lat="50.00097213495" lon="9.00303950206" />
  <node id="19561" visible="true" version="1" lat="50.00097687097" lon="9.00303893766" />
  <node id="19562" visible="true" version="1" lat="50.00098160512" lon="9.00303833653" />
  <node id="19563" visible="true" version="1" lat="50.00098633728" lon="9.00303769868" />
  <node id="19564" visible="true" version="1" lat="50.00099106731" lon="9.00303702414" />
  <node id="19565" visible="true" version="1" lat="50.00099579512" lon="9.00303631291" />
  <node id="19566" visible="true" version="1" lat="50.00100052057" lon="9.00303556501" />
  <node id="19567" visible="true" version="1" lat="50.00100524356" lon="9.00303478047" />
  <node id="19568" visible="true" version="1" lat="50.00100996395" lon="9.0030339593" />
  <node id="19569" visible="true" version="1" lat="50.00101468164" lon="9.00303310153" />
  <node id="19570" visible="true" version="1" lat="50.00101939651" lon="9.00303220717" />
  <node id="19571" visible="true" version="1" lat="50.00102410844" lon="9.00303127624" />
  <node id="19572" visible="true" version="1" lat="50.00102881731" lon="9.00303030878" />
  <node id="19573" visible="true" version="1" lat="50.001033523" lon="9.0030293048" />
  <node id="19574" visible="true" version="1" lat="50.00103822539" lon="9.00302826433" />
  <node id="19575" visible="true" version="1" lat="50.00104292438" lon="9.0030271874" />
  <node id="19576" visible="true" version="1" lat="50.00104761983" lon="9.00302607403" />
  <node id="19577" visible="true" version="1" lat="50.00105231164" lon="9.00302492424" />
  <node id="19578" visible="true" version="1" lat="50.00105699968" lon="9.00302373808" />
  <node id="19579" visible="true" version="1" lat="50.00106168384" lon="9.00302251557" />
  <node id="19580" visible="true" version="1" lat="50.00106636401" lon="9.00302125674" />
  <node id="19581" visible="true" version="1" lat="50.00107104006" lon="9.00301996161" />
  <node id="19582" visible="true" version="1" lat="50.00107571187" lon="9.00301863023" />
  <node id="19583" visible="true" version="1" lat="50.00108037934" lon="9.00301726263" />
  <node id="19584" visible="true" version="1" lat="50.00108504234" lon="9.00301585883" />
  <node id="19585" visible="true" version="1" lat="50.00108970076" lon="9.00301441889" />
  <node id="19586" visible="true" version="1" lat="50.00109435448" lon="9.00301294282" />
  <node id="19587" visible="true" version="1" lat="50.00109900338" lon="9.00301143067" />
  <node id="19588" visible="true" version="1" lat="50.00110364735" lon="9.00300988248" />
  <node id="19589" visible="true" version="1" lat="50.00110828628" lon="9.00300829829" />
  <node id="19590" visible="true" version="1" lat="50.00111292004" lon="9.00300667812" />
  <node id="19591" visible="true" version="1" lat="50.00111754852" lon="9.00300502204" />
  <node id="19592" visible="true" version="1" lat="50.00112217161" lon="9.00300333007" />
  <node id="19593" visible="true" version="1" lat="50.00112678918" lon="9.00300160226" />
  <node id="19594" visible="true" version="1" lat="50.00113140113" lon="9.00299983865" />
  <node id="19595" visible="true" version="1" lat="50.00113600734" lon="9.00299803928" />
  <node id="19596" visible="true" version="1" lat="50.00114060769" lon="9.00299620421" />
  <node id="19597" visible="true" version="1" lat="50.00114520207" lon="9.00299433347" />
  <node id="19598" visible="true" version="1" lat="50.00114979037" lon="9.00299242712" />
  <node id="19599" visible="true" version="1" lat="50.00115437246" lon="9.0029904852" />
  <node id="19600" visible="true" version="1" lat="50.00115894824" lon="9.00298850776" />
  <node id="19601" visible="true" version="1" lat="50.00116351758" lon="9.00298649485" />
  <node id="19602" visible="true" version="1" lat="50.00116808039" lon="9.00298444652" />
  <node id="19603" visible="true" version="1" lat="50.00117263653" lon="9.00298236282" />
  <node id="19604" visible="true" version="1" lat="50.0011771859" lon="9.0029802438" />
  <node id="19605" visible="true" version="1" lat="50.00118172839" lon="9.00297808951" />
  <node id="19606" visible="true" version="1" lat="50.00118626387" lon="9.00297590002" />
  <node id="19607" visible="true" version="1" lat="50.00119079225" lon="9.00297367537" />
  <node id="19608" visible="true" version="1" lat="50.00119531339" lon="9.00297141562" />
  <node id="19609" visible="true" version="1" lat="50.0011998272" lon="9.00296912083" />
  <node id="19610" visible="true" version="1" lat="50.00120433356" lon="9.00296679105" />
  <node id="19611" visible="true" version="1" lat="50.00120883235" lon="9.00296442635" />
  <node id="19612" visible="true" version="1" lat="50.00121332346" lon="9.00296202677" />
  <node id="19613" visible="true" version="1" lat="50.00121780678" lon="9.00295959239" />
  <node id="19614" visible="true" version="1" lat="50.00122228221" lon="9.00295712326" />
  <node id="19615" visible="true" version="1" lat="50.00122674962" lon="9.00295461944" />
  <node id="19616" visible="true" version="1" lat="50.0012312089" lon="9.00295208099" />
  <node id="19617" visible="true" version="1" lat="50.00123565995" lon="9.00294950799" />
  <node id="19618" visible="true" version="1" lat="50.00124010265" lon="9.00294690049" />
  <node id="19619" visible="true" version="1" lat="50.00124453689" lon="9.00294425857" />
  <node id="19620" visible="true" version="1" lat="50.00124896256" lon="9.00294158227" />
  <node id="19621" visible="true" version="1" lat="50.00125337954" lon="9.00293887168" />
  <node id="19622" visible="true" version="1" lat="50.00125778774" lon="9.00293612686" />
  <node id="19623" visible="true" version="1" lat="50.00126218704" lon="9.00293334788" />
  <node id="19624" visible="true" version="1" lat="50.00126657733" lon="9.0029305348" />
  <node id="19625" visible="true" version="1" lat="50.00127095849" lon="9.0029276877" />
  <node id="19626" visible="true" version="1" lat="50.00127533043" lon="9.00292480666" />
  <node id="19627" visible="true" version="1" lat="50.00127969302" lon="9.00292189173" />
  <node id="19628" visible="true" version="1" lat="50.00128404617" lon="9.002918943" />
  <node id="19629" visible="true" version="1" lat="50.00128838976" lon="9.00291596054" />
  <node id="19630" visible="true" version="1" lat="50.00129272368" lon="9.00291294442" />
  <node id="19631" visible="true" version="1" lat="50.00129704783" lon="9.00290989472" />
  <node id="19632" visible="true" version="1" lat="50.00130136209" lon="9.00290681151" />
  <node id="19633" visible="true" version="1" lat="50.00130566637" lon="9.00290369487" />
  <node id="19634" visible="true" version="1" lat="50.00130996054" lon="9.00290054488" />
  <node id="19635" visible="true" version="1" lat="50.00131424452" lon="9.00289736163" />
  <node id="19636" visible="true" version="1" lat="50.00131851817" lon="9.00289414517" />
  <node id="19637" visible="true" version="1" lat="50.00132278141" lon="9.00289089561" />
  <node id="19638" visible="true" version="1" lat="50.00132703413" lon="9.00288761302" />
  <node id="19639" visible="true" version="1" lat="50.00133127621" lon="9.00288429747" />
  <node id="19640" visible="true" version="1" lat="50.00133550755" lon="9.00288094906" />
  <node id="19641" visible="true" version="1" lat="50.00133972805" lon="9.00287756787" />
  <node id="19642" visible="true" version="1" lat="50.0013439376" lon="9.00287415398" />
  <node id="19643" visible="true" version="1" lat="50.00134813609" lon="9.00287070748" />
  <node id="19644" visible="true" version="1" lat="50.00135232342" lon="9.00286722846" />
  <node id="19645" visible="true" version="1" lat="50.00135649949" lon="9.00286371699" />
  <node id="19646" visible="true" version="1" lat="50.00136066419" lon="9.00286017317" />
  <node id="19647" visible="true" version="1" lat="50.00136481742" lon="9.00285659709" />
  <node id="19648" visible="true" version="1" lat="50.00136895907" lon="9.00285298884" />
  <node id="19649" visible="true" version="1" lat="50.00137308904" lon="9.0028493485" />
  <node id="19650" visible="true" version="1" lat="50.00137720722" lon="9.00284567617" />
  <node id="19651" visible="true" version="1" lat="50.00138131352" lon="9.00284197195" />
  <node id="19652" visible="true" version="1" lat="50.00138540783" lon="9.00283823591" />
  <node id="19653" visible="true" version="1" lat="50.00138949005" lon="9.00283446816" />
  <node id="19654" visible="true" version="1" lat="50.00139356007" lon="9.00283066879" />
  <node id="19655" visible="true" version="1" lat="50.0013976178" lon="9.00282683789" />
  <node id="19656" visible="true" version="1" lat="50.00140166313" lon="9.00282297556" />
  <node id="19657" visible="true" version="1" lat="50.00140569597" lon="9.0028190819" />
  <node id="19658" visible="true" version="1" lat="50.0014097162" lon="9.00281515701" />
  <node id="19659" visible="true" version="1" lat="50.00141372374" lon="9.00281120098" />
  <node id="19660" visible="true" version="1" lat="50.00141771847" lon="9.00280721391" />
  <node id="19661" visible="true" version="1" lat="50.00142170031" lon="9.0028031959" />
  <node id="19662" visible="true" version="1" lat="50.00142566914" lon="9.00279914705" />
  <node id="19663" visible="true" version="1" lat="50.00142962488" lon="9.00279506747" />
  <node id="19664" visible="true" version="1" lat="50.00143356742" lon="9.00279095725" />
  <node id="19665" visible="true" version="1" lat="50.00143749667" lon="9.00278681649" />
  <node id="19666" visible="true" version="1" lat="50.00144141252" lon="9.00278264531" />
  <node id="19667" visible="true" version="1" lat="50.00144531488" lon="9.00277844381" />
  <node id="19668" visible="true" version="1" lat="50.00144920365" lon="9.00277421208" />
  <node id="19669" visible="true" version="1" lat="50.00145307873" lon="9.00276995024" />
  <node id="19670" visible="true" version="1" lat="50.00145694003" lon="9.00276565839" />
  <node id="19671" visible="true" version="1" lat="50.00146078745" lon="9.00276133665" />
  <node id="19672" visible="true" version="1" lat="50.0014646209" lon="9.00275698511" />
  <node id="19673" visible="true" version="1" lat="50.00146844027" lon="9.00275260389" />
  <node id="19674" visible="true" version="1" lat="50.00147224547" lon="9.00274819309" />
  <node id="19675" visible="true" version="1" lat="50.00147603641" lon="9.00274375283" />
  <node id="19676" visible="true" version="1" lat="50.001479813" lon="9.00273928322" />
  <node id="19677" visible="true" version="1" lat="50.00148357513" lon="9.00273478437" />
  <node id="19678" visible="true" version="1" lat="50.00148732271" lon="9.00273025639" />
  <node id="19679" visible="true" version="1" lat="50.00149105566" lon="9.00272569939" />
  <node id="19680" visible="true" version="1" lat="50.00149477387" lon="9.0027211135" />
  <node id="19681" visible="true" version="1" lat="50.00149847726" lon="9.00271649881" />
  <node id="19682" visible="true" version="1" lat="50.00150216573" lon="9.00271185546" />
  <node id="19683" visible="true" version="1" lat="50.00150583919" lon="9.00270718355" />
  <node id="19684" visible="true" version="1" lat="50.00150949754" lon="9.0027024832" />
  <node id="19685" visible="true" version="1" lat="50.0015131407" lon="9.00269775454" />
  <node id="19686" visible="true" version="1" lat="50.00151676858" lon="9.00269299767" />
  <node id="19687" visible="true" version="1" lat="50.00152038108" lon="9.00268821271" />
  <node id="19688" visible="true" version="1" lat="50.00152397811" lon="9.0026833998" />
  <node id="19689" visible="true" version="1" lat="50.00152755959" lon="9.00267855903" />
  <node id="19690" visible="true" version="1" lat="50.00153112542" lon="9.00267369055" />
  <node id="19691" visible="true" version="1" lat="50.00153467552" lon="9.00266879447" />
  <node id="19692" visible="true" version="1" lat="50.00153820979" lon="9.0026638709" />
  <node id="19693" visible="true" version="1" lat="50.00154172815" lon="9.00265891998" />
  <node id="19694" visible="true" version="1" lat="50.00154523052" lon="9.00265394183" />
  <node id="19695" visible="true" version="1" lat="50.00154871679" lon="9.00264893658" />
  <node id="19696" visible="true" version="1" lat="50.00155218689" lon="9.00264390434" />
  <node id="19697" visible="true" version="1" lat="50.00155564073" lon="9.00263884524" />
  <node id="19698" visible="true" version="1" lat="50.00155907822" lon="9.00263375942" />
  <node id="19699" visible="true" version="1" lat="50.00156249928" lon="9.00262864699" />
  <node id="19700" visible="true" version="1" lat="50.00156590381" lon="9.00262350809" />
  <node id="19701" visible="true" version="1" lat="50.00156929175" lon="9.00261834284" />
  <node id="19702" visible="true" version="1" lat="50.00157266299" lon="9.00261315137" />
  <node id="19703" visible="true" version="1" lat="50.00157601746" lon="9.00260793382" />
  <node id="19704" visible="true" version="1" lat="50.00157935508" lon="9.00260269031" />
  <node id="19705" visible="true" version="1" lat="50.00158267575" lon="9.00259742097" />
  <node id="19706" visible="true" version="1" lat="50.0015859794" lon="9.00259212594" />
  <node id="19707" visible="true" version="1" lat="50.00158926595" lon="9.00258680535" />
  <node id="19708" visible="true" version="1" lat="50.0015925353" lon="9.00258145933" />
  <node id="19709" visible="true" version="1" lat="50.00159578739" lon="9.00257608802" />
  <node id="19710" visible="true" version="1" lat="50.00159902212" lon="9.00257069154" />
  <node id="19711" visible="true" version="1" lat="50.00160223942" lon="9.00256527004" />
  <node id="19712" visible="true" version="1" lat="50.00160543921" lon="9.00255982364" />
  <node id="19713" visible="true" version="1" lat="50.00160862141" lon="9.0025543525" />
  <node id="19714" visible="true" version="1" lat="50.00161178593" lon="9.00254885673" />
  <node id="19715" visible="true" version="1" lat="50.00161493271" lon="9.00254333649" />
  <node id="19716" visible="true" version="1" lat="50.00161806165" lon="9.0025377919" />
  <node id="19717" visible="true" version="1" lat="50.00162117268" lon="9.00253222311" />
  <node id="19718" visible="true" version="1" lat="50.00162426573" lon="9.00252663026" />
  <node id="19719" visible="true" version="1" lat="50.00162734072" lon="9.00252101348" />
  <node id="19720" visible="true" version="1" lat="50.00163039756" lon="9.00251537292" />
  <node id="19721" visible="true" version="1" lat="50.00163343619" lon="9.00250970871" />
  <node id="19722" visible="true" version="1" lat="50.00163645653" lon="9.002504021" />
  <node id="19723" visible="true" version="1" lat="50.00163945849" lon="9.00249830994" />
  <node id="19724" visible="true" version="1" lat="50.00164244202" lon="9.00249257566" />
  <node id="19725" visible="true" version="1" lat="50.00164540702" lon="9.0024868183" />
  <node id="19726" visible="true" version="1" lat="50.00164835344" lon="9.00248103802" />
  <node id="19727" visible="true" version="1" lat="50.00165128119" lon="9.00247523495" />
  <node id="19728" visible="true" version="1" lat="50.0016541902" lon="9.00246940924" />
  <node id="19729" visible="true" version="1" lat="50.00165708039" lon="9.00246356104" />
  <node id="19730" visible="true" version="1" lat="50.00165995171" lon="9.00245769049" />
  <node id="19731" visible="true" version="1" lat="50.00166280407" lon="9.00245179774" />
  <node id="19732" visible="true" version="1" lat="50.0016656374" lon="9.00244588293" />
  <node id="19733" visible="true" version="1" lat="50.00166845163" lon="9.00243994622" />
  <node id="19734" visible="true" version="1" lat="50.0016712467" lon="9.00243398776" />
  <node id="19735" visible="true" version="1" lat="50.00167402253" lon="9.00242800768" />
  <node id="19736" visible="true" version="1" lat="50.00167677905" lon="9.00242200615" />
  <node id="19737" visible="true" version="1" lat="50.00167951619" lon="9.00241598331" />
  <node id="19738" visible="true" version="1" lat="50.00168223389" lon="9.00240993931" />
  <node id="19739" visible="true" version="1" lat="50.00168493208" lon="9.0024038743" />
  <node id="19740" visible="true" version="1" lat="50.00168761069" lon="9.00239778843" />
  <node id="19741" visible="true" version="1" lat="50.00169026965" lon="9.00239168187" />
  <node id="19742" visible="true" version="1" lat="50.0016929089" lon="9.00238555475" />
  <node id="19743" visible="true" version="1" lat="50.00169552836" lon="9.00237940724" />
  <node id="19744" visible="true" version="1" lat="50.00169812798" lon="9.00237323948" />
  <node id="19745" visible="true" version="1" lat="50.0017007077" lon="9.00236705163" />
  <node id="19746" visible="true" version="1" lat="50.00170326743" lon="9.00236084385" />
  <node id="19747" visible="true" version="1" lat="50.00170580713" lon="9.00235461629" />
  <node id="19748" visible="true" version="1" lat="50.00170832673" lon="9.0023483691" />
  <node id="19749" visible="true" version="1" lat="50.00171082616" lon="9.00234210245" />
  <node id="19750" visible="true" version="1" lat="50.00171330537" lon="9.00233581648" />
  <node id="19751" visible="true" version="1" lat="50.00171576428" lon="9.00232951136" />
  <node id="19752" visible="true" version="1" lat="50.00171820284" lon="9.00232318725" />
  <node id="19753" visible="true" version="1" lat="50.001720621" lon="9.0023168443" />
  <node id="19754" visible="true" version="1" lat="50.00172301868" lon="9.00231048266" />
  <node id="19755" visible="true" version="1" lat="50.00172539582" lon="9.00230410251" />
  <node id="19756" visible="true" version="1" lat="50.00172775238" lon="9.002297704" />
  <node id="19757" visible="true" version="1" lat="50.00173008828" lon="9.00229128728" />
  <node id="19758" visible="true" version="1" lat="50.00173240348" lon="9.00228485253" />
  <node id="19759" visible="true" version="1" lat="50.00173469791" lon="9.00227839989" />
  <node id="19760" visible="true" version="1" lat="50.00173697151" lon="9.00227192954" />
  <node id="19761" visible="true" version="1" lat="50.00173922424" lon="9.00226544162" />
  <node id="19762" visible="true" version="1" lat="50.00174145602" lon="9.00225893632" />
  <node id="19763" visible="true" version="1" lat="50.00174366681" lon="9.00225241378" />
  <node id="19764" visible="true" version="1" lat="50.00174585656" lon="9.00224587418" />
  <node id="19765" visible="true" version="1" lat="50.0017480252" lon="9.00223931766" />
  <node id="19766" visible="true" version="1" lat="50.00175017268" lon="9.00223274441" />
  <node id="19767" visible="true" version="1" lat="50.00175229895" lon="9.00222615458" />
  <node id="19768" visible="true" version="1" lat="50.00175440396" lon="9.00221954834" />
  <node id="19769" visible="true" version="1" lat="50.00175648765" lon="9.00221292585" />
  <node id="19770" visible="true" version="1" lat="50.00175854997" lon="9.00220628728" />
  <node id="19771" visible="true" version="1" lat="50.00176059087" lon="9.0021996328" />
  <node id="19772" visible="true" version="1" lat="50.0017626103" lon="9.00219296256" />
  <node id="19773" visible="true" version="1" lat="50.00176460821" lon="9.00218627674" />
  <node id="19774" visible="true" version="1" lat="50.00176658455" lon="9.00217957551" />
  <node id="19775" visible="true" version="1" lat="50.00176853926" lon="9.00217285903" />
  <node id="19776" visible="true" version="1" lat="50.0017704723" lon="9.00216612747" />
  <node id="19777" visible="true" version="1" lat="50.00177238363" lon="9.002159381" />
  <node id="19778" visible="true" version="1" lat="50.00177427318" lon="9.00215261978" />
  <node id="19779" visible="true" version="1" lat="50.00177614093" lon="9.00214584399" />
  <node id="19780" visible="true" version="1" lat="50.00177798681" lon="9.0021390538" />
  <node id="19781" visible="true" version="1" lat="50.00177981079" lon="9.00213224937" />
  <node id="19782" visible="true" version="1" lat="50.00178161281" lon="9.00212543088" />
  <node id="19783" visible="true" version="1" lat="50.00178339284" lon="9.00211859849" />
  <node id="19784" visible="true" version="1" lat="50.00178515083" lon="9.00211175238" />
  <node id="19785" visible="true" version="1" lat="50.00178688673" lon="9.00210489272" />
  <node id="19786" visible="true" version="1" lat="50.0017886005" lon="9.00209801968" />
  <node id="19787" visible="true" version="1" lat="50.0017902921" lon="9.00209113343" />
  <node id="19788" visible="true" version="1" lat="50.00179196148" lon="9.00208423414" />
  <node id="19789" visible="true" version="1" lat="50.00179360861" lon="9.00207732199" />
  <node id="19790" visible="true" version="1" lat="50.00179523344" lon="9.00207039714" />
  <node id="19791" visible="true" version="1" lat="50.00179683594" lon="9.00206345978" />
  <node id="19792" visible="true" version="1" lat="50.00179841605" lon="9.00205651007" />
  <node id="19793" visible="true" version="1" lat="50.00179997375" lon="9.0020495482" />
  <node id="19794" visible="true" version="1" lat="50.00180150899" lon="9.00204257432" />
  <node id="19795" visible="true" version="1" lat="50.00180302174" lon="9.00203558863" />
  <node id="19796" visible="true" version="1" lat="50.00180451196" lon="9.00202859128" />
  <node id="19797" visible="true" version="1" lat="50.0018059796" lon="9.00202158246" />
  <node id="19798" visible="true" version="1" lat="50.00180742464" lon="9.00201456235" />
  <node id="19799" visible="true" version="1" lat="50.00180884704" lon="9.00200753111" />
  <node id="19800" visible="true" version="1" lat="50.00181024675" lon="9.00200048893" />
  <node id="19801" visible="true" version="1" lat="50.00181162376" lon="9.00199343597" />
  <node id="19802" visible="true" version="1" lat="50.00181297802" lon="9.00198637242" />
  <node id="19803" visible="true" version="1" lat="50.00181430949" lon="9.00197929846" />
  <node id="19804" visible="true" version="1" lat="50.00181561815" lon="9.00197221425" />
  <node id="19805" visible="true" version="1" lat="50.00181690397" lon="9.00196511998" />
  <node id="19806" visible="true" version="1" lat="50.0018181669" lon="9.00195801583" />
  <node id="19807" visible="true" version="1" lat="50.00181940693" lon="9.00195090196" />
  <node id="19808" visible="true" version="1" lat="50.00182062401" lon="9.00194377857" />
  <node id="19809" visible="true" version="1" lat="50.00182181811" lon="9.00193664582" />
  <node id="19810" visible="true" version="1" lat="50.00182298922" lon="9.0019295039" />
  <node id="19811" visible="true" version="1" lat="50.0018241373" lon="9.00192235298" />
  <node id="19812" visible="true" version="1" lat="50.00182526231" lon="9.00191519324" />
  <node id="19813" visible="true" version="1" lat="50.00182636423" lon="9.00190802487" />
  <node id="19814" visible="true" version="1" lat="50.00182744304" lon="9.00190084804" />
  <node id="19815" visible="true" version="1" lat="50.00182849871" lon="9.00189366293" />
  <node id="19816" visible="true" version="1" lat="50.00182953121" lon="9.00188646972" />
  <node id="19817" visible="true" version="1" lat="50.00183054051" lon="9.00187926859" />
  <node id="19818" visible="true" version="1" lat="50.00183152659" lon="9.00187205972" />
  <node id="19819" visible="true" version="1" lat="50.00183248942" lon="9.00186484329" />
  <node id="19820" visible="true" version="1" lat="50.00183342899" lon="9.00185761948" />
  <node id="19821" visible="true" version="1" lat="50.00183434526" lon="9.00185038848" />
  <node id="19822" visible="true" version="1" lat="50.00183523822" lon="9.00184315045" />
  <node id="19823" visible="true" version="1" lat="50.00183610784" lon="9.00183590559" />
  <node id="19824" visible="true" version="1" lat="50.0018369541" lon="9.00182865407" />
  <node id="19825" visible="true" version="1" lat="50.00183777698" lon="9.00182139608" />
  <node id="19826" visible="true" version="1" lat="50.00183857646" lon="9.0018141318" />
  <node id="19827" visible="true" version="1" lat="50.00183935252" lon="9.00180686141" />
  <node id="19828" visible="true" version="1" lat="50.00184010513" lon="9.00179958508" />
  <node id="19829" visible="true" version="1" lat="50.00184083429" lon="9.00179230301" />
  <node id="19830" visible="true" version="1" lat="50.00184153997" lon="9.00178501537" />
  <node id="19831" visible="true" version="1" lat="50.00184222215" lon="9.00177772235" />
  <node id="19832" visible="true" version="1" lat="50.00184288082" lon="9.00177042413" />
  <node id="19833" visible="true" version="1" lat="50.00184351596" lon="9.00176312089" />
  <node id="19834" visible="true" version="1" lat="50.00184412756" lon="9.00175581281" />
  <node id="19835" visible="true" version="1" lat="50.0018447156" lon="9.00174850009" />
  <node id="19836" visible="true" version="1" lat="50.00184528006" lon="9.00174118289" />
  <node id="19837" visible="true" version="1" lat="50.00184582093" lon="9.0017338614" />
  <node id="19838" visible="true" version="1" lat="50.0018463382" lon="9.00172653581" />
  <node id="19839" visible="true" version="1" lat="50.00184683185" lon="9.0017192063" />
  <node id="19840" visible="true" version="1" lat="50.00184730188" lon="9.00171187305" />
  <node id="19841" visible="true" version="1" lat="50.00184774827" lon="9.00170453624" />
  <node id="19842" visible="true" version="1" lat="50.001848171" lon="9.00169719607" />
  <node id="19843" visible="true" version="1" lat="50.00184857008" lon="9.0016898527" />
  <node id="19844" visible="true" version="1" lat="50.00184894548" lon="9.00168250634" />
  <node id="19845" visible="true" version="1" lat="50.0018492972" lon="9.00167515715" />
  <node id="19846" visible="true" version="1" lat="50.00184962524" lon="9.00166780532" />
  <node id="19847" visible="true" version="1" lat="50.00184992957" lon="9.00166045105" />
  <node id="19848" visible="true" version="1" lat="50.0018502102" lon="9.0016530945" />
  <node id="19849" visible="true" version="1" lat="50.00185046712" lon="9.00164573587" />
  <node id="19850" visible="true" version="1" lat="50.00185070032" lon="9.00163837533" />
  <node id="19851" visible="true" version="1" lat="50.0018509098" lon="9.00163101308" />
  <node id="19852" visible="true" version="1" lat="50.00185109554" lon="9.0016236493" />
  <node id="19853" visible="true" version="1" lat="50.00185125755" lon="9.00161628417" />
  <node id="19854" visible="true" version="1" lat="50.00185139582" lon="9.00160891787" />
  <node id="19855" visible="true" version="1" lat="50.00185151035" lon="9.0016015506" />
  <node id="19856" visible="true" version="1" lat="50.00185160114" lon="9.00159418252" />
  <node id="19858" visible="true" version="1" lat="49.9999662723" lon="9" />
  <node id="19859" visible="true" version="1" lat="49.9999662723" lon="9.0000069767" />
  <node id="19860" visible="true" version="1" lat="49.9999662723" lon="9.0000139534" />
  <node id="19861" visible="true" version="1" lat="49.9999662723" lon="9.0000209301" />
  <node id="19862" visible="true" version="1" lat="49.9999662723" lon="9.0000279068" />
  <node id="19863" visible="true" version="1" lat="49.99996627229" lon="9.0000348835" />
  <node id="19864" visible="true" version="1" lat="49.99996627229" lon="9.0000418602" />
  <node id="19865" visible="true" version="1" lat="49.99996627229" lon="9.0000488369" />
  <node id="19866" visible="true" version="1" lat="49.99996627229" lon="9.0000558136" />
  <node id="19867" visible="true" version="1" lat="49.99996627228" lon="9.0000627903" />
  <node id="19868" visible="true" version="1" lat="49.99996627228" lon="9.000069767" />
  <node id="19869" visible="true" version="1" lat="49.99996627227" lon="9.00007674369" />
  <node id="19870" visible="true" version="1" lat="49.99996627227" lon="9.00008372039" />
  <node id="19871" visible="true" version="1" lat="49.99996627226" lon="9.00009069709" />
  <node id="19872" visible="true" version="1" lat="49.99996627226" lon="9.00009767379" />
  <node id="19873" visible="true" version="1" lat="49.99996627225" lon="9.00010465049" />
  <node id="19874" visible="true" version="1" lat="49.99996627225" lon="9.00011162719" />
  <node id="19875" visible="true" version="1" lat="49.99996627224" lon="9.00011860389" />
  <node id="19876" visible="true" version="1" lat="49.99996627223" lon="9.00012558059" />
  <node id="19877" visible="true" version="1" lat="49.99996627222" lon="9.00013255729" />
  <node id="19878" visible="true" version="1" lat="49.99996627222" lon="9.00013953399" />
  <node id="19879" visible="true" version="1" lat="49.99996627221" lon="9.00014651069" />
  <node id="19880" visible="true" version="1" lat="49.9999662722" lon="9.00015348739" />
  <node id="19881" visible="true" version="1" lat="49.99996627219" lon="9.00016046409" />
  <node id="19882" visible="true" version="1" lat="49.99996627218" lon="9.00016744079" />
  <node id="19883" visible="true" version="1" lat="49.99996627217" lon="9.00017441749" />
  <node id="19884" visible="true" version="1" lat="49.99996627216" lon="9.00018139419" />
  <node id="19885" visible="true" version="1" lat="49.99996627215" lon="9.00018837089" />
  <node id="19886" visible="true" version="1" lat="49.99996627213" lon="9.00019534759" />
  <node id="19887" visible="true" version="1" lat="49.99996627212" lon="9.00020232429" />
  <node id="19888" visible="true" version="1" lat="49.99996627211" lon="9.00020930099" />
  <node id="19889" visible="true" version="1" lat="49.9999662721" lon="9.00021627769" />
  <node id="19890" visible="true" version="1" lat="49.99996627208" lon="9.00022325438" />
  <node id="19891" visible="true" version="1" lat="49.99996627207" lon="9.00023023108" />
  <node id="19892" visible="true" version="1" lat="49.99996627206" lon="9.00023720778" />
  <node id="19893" visible="true" version="1" lat="49.99996627204" lon="9.00024418448" />
  <node id="19894" visible="true" version="1" lat="49.99996627203" lon="9.00025116118" />
  <node id="19895" visible="true" version="1" lat="49.99996627201" lon="9.00025813788" />
  <node id="19896" visible="true" version="1" lat="49.999966272" lon="9.00026511458" />
  <node id="19897" visible="true" version="1" lat="49.99996627198" lon="9.00027209128" />
  <node id="19898" visible="true" version="1" lat="49.99996627196" lon="9.00027906798" />
  <node id="19899" visible="true" version="1" lat="49.99996627195" lon="9.00028604468" />
  <node id="19900" visible="true" version="1" lat="49.99996627193" lon="9.00029302138" />
  <node id="19901" visible="true" version="1" lat="49.99996627191" lon="9.00029999808" />
  <node id="19902" visible="true" version="1" lat="49.99996627189" lon="9.00030697478" />
  <node id="19903" visible="true" version="1" lat="49.99996627187" lon="9.00031395148" />
  <node id="19904" visible="true" version="1" lat="49.99996627186" lon="9.00032092818" />
  <node id="19905" visible="true" version="1" lat="49.99996627184" lon="9.00032790488" />
  <node id="19906" visible="true" version="1" lat="49.99996627182" lon="9.00033488158" />
  <node id="19907" visible="true" version="1" lat="49.9999662718" lon="9.00034185828" />
  <node id="19908" visible="true" version="1" lat="49.99996627177" lon="9.00034883498" />
  <node id="19909" visible="true" version="1" lat="49.99996627175" lon="9.00035581168" />
  <node id="19910" visible="true" version="1" lat="49.99996627173" lon="9.00036278838" />
  <node id="19911" visible="true" version="1" lat="49.99996627171" lon="9.00036976507" />
  <node id="19912" visible="true" version="1" lat="49.99996627169" lon="9.00037674177" />
  <node id="19913" visible="true" version="1" lat="49.99996627166" lon="9.00038371847" />
  <node id="19914" visible="true" version="1" lat="49.99996627164" lon="9.00039069517" />
  <node id="19915" visible="true" version="1" lat="49.99996627162" lon="9.00039767187" />
  <node id="19916" visible="true" version="1" lat="49.99996627159" lon="9.00040464857" />
  <node id="19917" visible="true" version="1" lat="49.99996627157" lon="9.00041162527" />
  <node id="19918" visible="true" version="1" lat="49.99996627154" lon="9.00041860197" />
  <node id="19919" visible="true" version="1" lat="49.99996627152" lon="9.00042557867" />
  <node id="19920" visible="true" version="1" lat="49.99996627149" lon="9.00043255537" />
  <node id="19921" visible="true" version="1" lat="49.99996627147" lon="9.00043953207" />
  <node id="19922" visible="true" version="1" lat="49.99996627144" lon="9.00044650877" />
  <node id="19923" visible="true" version="1" lat="49.99996627141" lon="9.00045348547" />
  <node id="19924" visible="true" version="1" lat="49.99996627139" lon="9.00046046217" />
  <node id="19925" visible="true" version="1" lat="49.99996627136" lon="9.00046743887" />
  <node id="19926" visible="true" version="1" lat="49.99996627133" lon="9.00047441557" />
  <node id="19927" visible="true" version="1" lat="49.9999662713" lon="9.00048139227" />
  <node id="19928" visible="true" version="1" lat="49.99996627127" lon="9.00048836897" />
  <node id="19929" visible="true" version="1" lat="49.99996627124" lon="9.00049534567" />
  <node id="19930" visible="true" version="1" lat="49.99996627121" lon="9.00050232237" />
  <node id="19931" visible="true" version="1" lat="49.99996627118" lon="9.00050929907" />
  <node id="19932" visible="true" version="1" lat="49.99996627115" lon="9.00051627576" />
  <node id="19933" visible="true" version="1" lat="49.99996627112" lon="9.00052325246" />
  <node id="19934" visible="true" version="1" lat="49.99996627109" lon="9.00053022916" />
  <node id="19935" visible="true" version="1" lat="49.99996627106" lon="9.00053720586" />
  <node id="19936" visible="true" version="1" lat="49.99996627102" lon="9.00054418256" />
  <node id="19937" visible="true" version="1" lat="49.99996627099" lon="9.00055115926" />
  <node id="19938" visible="true" version="1" lat="49.99996627096" lon="9.00055813596" />
  <node id="19939" visible="true" version="1" lat="49.99996627092" lon="9.00056511266" />
  <node id="19940" visible="true" version="1" lat="49.99996627089" lon="9.00057208936" />
  <node id="19941" visible="true" version="1" lat="49.99996627085" lon="9.00057906606" />
  <node id="19942" visible="true" version="1" lat="49.99996627082" lon="9.00058604276" />
  <node id="19943" visible="true" version="1" lat="49.99996627078" lon="9.00059301946" />
  <node id="19944" visible="true" version="1" lat="49.99996627075" lon="9.00059999616" />
  <node id="19945" visible="true" version="1" lat="49.99996627071" lon="9.00060697286" />
  <node id="19946" visible="true" version="1" lat="49.99996627067" lon="9.00061394956" />
  <node id="19947" visible="true" version="1" lat="49.99996627064" lon="9.00062092626" />
  <node id="19948" visible="true" version="1" lat="49.9999662706" lon="9.00062790296" />
  <node id="19949" visible="true" version="1" lat="49.99996627056" lon="9.00063487966" />
  <node id="19950" visible="true" version="1" lat="49.99996627052" lon="9.00064185636" />
  <node id="19951" visible="true" version="1" lat="49.99996627048" lon="9.00064883306" />
  <node id="19952" visible="true" version="1" lat="49.99996627045" lon="9.00065580976" />
  <node id="19953" visible="true" version="1" lat="49.99996627041" lon="9.00066278645" />
  <node id="19954" visible="true" version="1" lat="49.99996627037" lon="9.00066976315" />
  <node id="19955" visible="true" version="1" lat="49.99996627033" lon="9.00067673985" />
  <node id="19956" visible="true" version="1" lat="49.99996627028" lon="9.00068371655" />
  <node id="19957" visible="true" version="1" lat="49.99996627024" lon="9.00069069325" />
  <node id="19958" visible="true" version="1" lat="49.9999662702" lon="9.00069766995" />
  <node id="19959" visible="true" version="1" lat="49.99996627016" lon="9.00070464665" />
  <node id="19960" visible="true" version="1" lat="49.99996627012" lon="9.00071162335" />
  <node id="19961" visible="true" version="1" lat="49.99996627007" lon="9.00071860005" />
  <node id="19962" visible="true" version="1" lat="49.99996627003" lon="9.00072557675" />
  <node id="19963" visible="true" version="1" lat="49.99996626999" lon="9.00073255345" />
  <node id="19964" visible="true" version="1" lat="49.99996626994" lon="9.00073953015" />
  <node id="19965" visible="true" version="1" lat="49.9999662699" lon="9.00074650685" />
  <node id="19966" visible="true" version="1" lat="49.99996626985" lon="9.00075348355" />
  <node id="19967" visible="true" version="1" lat="49.99996626981" lon="9.00076046025" />
  <node id="19968" visible="true" version="1" lat="49.99996626976" lon="9.00076743695" />
  <node id="19969" visible="true" version="1" lat="49.99996626971" lon="9.00077441365" />
  <node id="19970" visible="true" version="1" lat="49.99996626967" lon="9.00078139035" />
  <node id="19971" visible="true" version="1" lat="49.99996626962" lon="9.00078836705" />
  <node id="19972" visible="true" version="1" lat="49.99996626957" lon="9.00079534375" />
  <node id="19973" visible="true" version="1" lat="49.99996626953" lon="9.00080232045" />
  <node id="19974" visible="true" version="1" lat="49.99996626948" lon="9.00080929714" />
  <node id="19975" visible="true" version="1" lat="49.99996626943" lon="9.00081627384" />
  <node id="19976" visible="true" version="1" lat="49.99996626938" lon="9.00082325054" />
  <node id="19977" visible="true" version="1" lat="49.99996626933" lon="9.00083022724" />
  <node id="19978" visible="true" version="1" lat="49.99996626928" lon="9.00083720394" />
  <node id="19979" visible="true" version="1" lat="49.99996626923" lon="9.00084418064" />
  <node id="19980" visible="true" version="1" lat="49.99996626918" lon="9.00085115734" />
  <node id="19981" visible="true" version="1" lat="49.99996626913" lon="9.00085813404" />
  <node id="19982" visible="true" version="1" lat="49.99996626907" lon="9.00086511074" />
  <node id="19983" visible="true" version="1" lat="49.99996626902" lon="9.00087208744" />
  <node id="19984" visible="true" version="1" lat="49.99996626897" lon="9.00087906414" />
  <node id="19985" visible="true" version="1" lat="49.99996626892" lon="9.00088604084" />
  <node id="19986" visible="true" version="1" lat="49.99996626886" lon="9.00089301754" />
  <node id="19987" visible="true" version="1" lat="49.99996626881" lon="9.00089999424" />
  <node id="19988" visible="true" version="1" lat="49.99996626875" lon="9.00090697094" />
  <node id="19989" visible="true" version="1" lat="49.9999662687" lon="9.00091394764" />
  <node id="19990" visible="true" version="1" lat="49.99996626864" lon="9.00092092434" />
  <node id="19991" visible="true" version="1" lat="49.99996626859" lon="9.00092790104" />
  <node id="19992" visible="true" version="1" lat="49.99996626853" lon="9.00093487774" />
  <node id="19993" visible="true" version="1" lat="49.99996626848" lon="9.00094185444" />
  <node id="19994" visible="true" version="1" lat="49.99996626842" lon="9.00094883114" />
  <node id="19995" visible="true" version="1" lat="49.99996626836" lon="9.00095580783" />
  <node id="19996" visible="true" version="1" lat="49.9999662683" lon="9.00096278453" />
  <node id="19997" visible="true" version="1" lat="49.99996626825" lon="9.00096976123" />
  <node id="19998" visible="true" version="1" lat="49.99996626819" lon="9.00097673793" />
  <node id="19999" visible="true" version="1" lat="49.99996626813" lon="9.00098371463" />
  <node id="20000" visible="true" version="1" lat="49.99996626807" lon="9.00099069133" />
  <node id="20001" visible="true" version="1" lat="49.99996626801" lon="9.00099766803" />
  <node id="20002" visible="true" version="1" lat="49.99996626795" lon="9.00100464473" />
  <node id="20003" visible="true" version="1" lat="49.99996626789" lon="9.00101162143" />
  <node id="20004" visible="true" version="1" lat="49.99996626783" lon="9.00101859813" />
  <node id="20005" visible="true" version="1" lat="49.99996626777" lon="9.00102557483" />
  <node id="20006" visible="true" version="1" lat="49.9999662677" lon="9.00103255153" />
  <node id="20007" visible="true" version="1" lat="49.99996626764" lon="9.00103952823" />
  <node id="20008" visible="true" version="1" lat="49.99996626758" lon="9.00104650493" />
  <node id="20009" visible="true" version="1" lat="49.99996626752" lon="9.00105348163" />
  <node id="20010" visible="true" version="1" lat="49.99996626745" lon="9.00106045833" />
  <node id="20011" visible="true" version="1" lat="49.99996626739" lon="9.00106743503" />
  <node id="20012" visible="true" version="1" lat="49.99996626732" lon="9.00107441173" />
  <node id="20013" visible="true" version="1" lat="49.99996626726" lon="9.00108138843" />
  <node id="20014" visible="true" version="1" lat="49.99996626719" lon="9.00108836513" />
  <node id="20015" visible="true" version="1" lat="49.99996626713" lon="9.00109534183" />
  <node id="20016" visible="true" version="1" lat="49.99996626706" lon="9.00110231852" />
  <node id="20017" visible="true" version="1" lat="49.999966267" lon="9.00110929522" />
  <node id="20018" visible="true" version="1" lat="49.99996626693" lon="9.00111627192" />
  <node id="20019" visible="true" version="1" lat="49.99996626686" lon="9.00112324862" />
  <node id="20020" visible="true" version="1" lat="49.99996626679" lon="9.00113022532" />
  <node id="20021" visible="true" version="1" lat="49.99996626673" lon="9.00113720202" />
  <node id="20022" visible="true" version="1" lat="49.99996626666" lon="9.00114417872" />
  <node id="20023" visible="true" version="1" lat="49.99996626659" lon="9.00115115542" />
  <node id="20024" visible="true" version="1" lat="49.99996626652" lon="9.00115813212" />
  <node id="20025" visible="true" version="1" lat="49.99996626645" lon="9.00116510882" />
  <node id="20026" visible="true" version="1" lat="49.99996626638" lon="9.00117208552" />
  <node id="20027" visible="true" version="1" lat="49.99996626631" lon="9.00117906222" />
  <node id="20028" visible="true" version="1" lat="49.99996626624" lon="9.00118603892" />
  <node id="20029" visible="true" version="1" lat="49.99996626617" lon="9.00119301562" />
  <node id="20030" visible="true" version="1" lat="49.99996626609" lon="9.00119999232" />
  <node id="20031" visible="true" version="1" lat="49.99996626602" lon="9.00120696902" />
  <node id="20032" visible="true" version="1" lat="49.99996626595" lon="9.00121394572" />
  <node id="20033" visible="true" version="1" lat="49.99996626588" lon="9.00122092242" />
  <node id="20034" visible="true" version="1" lat="49.9999662658" lon="9.00122789912" />
  <node id="20035" visible="true" version="1" lat="49.99996626573" lon="9.00123487582" />
  <node id="20036" visible="true" version="1" lat="49.99996626565" lon="9.00124185252" />
  <node id="20037" visible="true" version="1" lat="49.99996626558" lon="9.00124882921" />
  <node id="20038" visible="true" version="1" lat="49.9999662655" lon="9.00125580591" />
  <node id="20039" visible="true" version="1" lat="49.99996626543" lon="9.00126278261" />
  <node id="20040" visible="true" version="1" lat="49.99996626535" lon="9.00126975931" />
  <node id="20041" visible="true" version="1" lat="49.99996626528" lon="9.00127673601" />
  <node id="20042" visible="true" version="1" lat="49.9999662652" lon="9.00128371271" />
  <node id="20043" visible="true" version="1" lat="49.99996626512" lon="9.00129068941" />
  <node id="20044" visible="true" version="1" lat="49.99996626504" lon="9.00129766611" />
  <node id="20045" visible="true" version="1" lat="49.99996626496" lon="9.00130464281" />
  <node id="20046" visible="true" version="1" lat="49.99996626489" lon="9.00131161951" />
  <node id="20047" visible="true" version="1" lat="49.99996626481" lon="9.00131859621" />
  <node id="20048" visible="true" version="1" lat="49.99996626473" lon="9.00132557291" />
  <node id="20049" visible="true" version="1" lat="49.99996626465" lon="9.00133254961" />
  <node id="20050" visible="true" version="1" lat="49.99996626457" lon="9.00133952631" />
  <node id="20051" visible="true" version="1" lat="49.99996626449" lon="9.00134650301" />
  <node id="20052" visible="true" version="1" lat="49.99996626441" lon="9.00135347971" />
  <node id="20053" visible="true" version="1" lat="49.99996626432" lon="9.00136045641" />
  <node id="20054" visible="true" version="1" lat="49.99996626424" lon="9.00136743311" />
  <node id="20055" visible="true" version="1" lat="49.99996626416" lon="9.00137440981" />
  <node id="20056" visible="true" version="1" lat="49.99996626408" lon="9.00138138651" />
  <node id="20057" visible="true" version="1" lat="49.99996626399" lon="9.0013883632" />
  <node id="20058" visible="true" version="1" lat="49.99996626391" lon="9.0013953399" />
  <node id="20059" visible="true" version="1" lat="49.99996626391" lon="9.0013953399" />
  <node id="20060" visible="true" version="1" lat="49.999966264" lon="9.00140244738" />
  <node id="20061" visible="true" version="1" lat="49.99996626476" lon="9.00140955486" />
  <node id="20062" visible="true" version="1" lat="49.99996626662" lon="9.00141666234" />
  <node id="20063" visible="true" version="1" lat="49.99996627005" lon="9.00142376982" />
  <node id="20064" visible="true" version="1" lat="49.99996627548" lon="9.00143087729" />
  <node id="20065" visible="true" version="1" lat="49.99996628337" lon="9.00143798476" />
  <node id="20066" visible="true" version="1" lat="49.99996629417" lon="9.00144509222" />
  <node id="20067" visible="true" version="1" lat="49.99996630833" lon="9.00145219967" />
  <node id="20068" visible="true" version="1" lat="49.9999663263" lon="9.00145930709" />
  <node id="20069" visible="true" version="1" lat="49.99996634852" lon="9.00146641449" />
  <node id="20070" visible="true" version="1" lat="49.99996637545" lon="9.00147352184" />
  <node id="20071" visible="true" version="1" lat="49.99996640754" lon="9.00148062915" />
  <node id="20072" visible="true" version="1" lat="49.99996644524" lon="9.00148773638" />
  <node id="20073" visible="true" version="1" lat="49.99996648899" lon="9.00149484354" />
  <node id="20074" visible="true" version="1" lat="49.99996653925" lon="9.00150195059" />
  <node id="20075" visible="true" version="1" lat="49.99996659646" lon="9.00150905751" />
  <node id="20076" visible="true" version="1" lat="49.99996666108" lon="9.00151616428" />
  <node id="20077" visible="true" version="1" lat="49.99996673355" lon="9.00152327087" />
  <node id="20078" visible="true" version="1" lat="49.99996681432" lon="9.00153037725" />
  <node id="20079" visible="true" version="1" lat="49.99996690385" lon="9.00153748337" />
  <node id="20080" visible="true" version="1" lat="49.99996700258" lon="9.0015445892" />
  <node id="20081" visible="true" version="1" lat="49.99996711097" lon="9.00155169468" />
  <node id="20082" visible="true" version="1" lat="49.99996722945" lon="9.00155879978" />
  <node id="20083" visible="true" version="1" lat="49.99996735848" lon="9.00156590444" />
  <node id="20084" visible="true" version="1" lat="49.99996749852" lon="9.0015730086" />
  <node id="20085" visible="true" version="1" lat="49.99996764999" lon="9.00158011219" />
  <node id="20086" visible="true" version="1" lat="49.99996781337" lon="9.00158721515" />
  <node id="20087" visible="true" version="1" lat="49.99996798909" lon="9.00159431739" />
  <node id="20088" visible="true" version="1" lat="49.9999681776" lon="9.00160141885" />
  <node id="20089" visible="true" version="1" lat="49.99996837935" lon="9.00160851943" />
  <node id="20090" visible="true" version="1" lat="49.99996859478" lon="9.00161561905" />
  <node id="20091" visible="true" version="1" lat="49.99996882435" lon="9.0016227176" />
  <node id="20092" visible="true" version="1" lat="49.99996906851" lon="9.00162981497" />
  <node id="20093" visible="true" version="1" lat="49.99996932769" lon="9.00163691106" />
  <node id="20094" visible="true" version="1" lat="49.99996960234" lon="9.00164400576" />
  <node id="20095" visible="true" version="1" lat="49.99996989291" lon="9.00165109892" />
  <node id="20096" visible="true" version="1" lat="49.99997019985" lon="9.00165819043" />
  <node id="20097" visible="true" version="1" lat="49.9999705236" lon="9.00166528014" />
  <node id="20098" visible="true" version="1" lat="49.9999708646" lon="9.0016723679" />
  <node id="20099" visible="true" version="1" lat="49.9999712233" lon="9.00167945355" />
  <node id="20100" visible="true" version="1" lat="49.99997160013" lon="9.00168653694" />
  <node id="20101" visible="true" version="1" lat="49.99997199555" lon="9.00169361789" />
  <node id="20102" visible="true" version="1" lat="49.99997240999" lon="9.00170069623" />
  <node id="20103" visible="true" version="1" lat="49.9999728439" lon="9.00170777175" />
  <node id="20104" visible="true" version="1" lat="49.99997329771" lon="9.00171484427" />
  <node id="20105" visible="true" version="1" lat="49.99997377186" lon="9.00172191358" />
  <node id="20106" visible="true" version="1" lat="49.99997426679" lon="9.00172897945" />
  <node id="20107" visible="true" version="1" lat="49.99997478293" lon="9.00173604167" />
  <node id="20108" visible="true" version="1" lat="49.99997532073" lon="9.00174310001" />
  <node id="20109" visible="true" version="1" lat="49.99997588061" lon="9.00175015421" />
  <node id="20110" visible="true" version="1" lat="49.99997588061" lon="9.00175015421" />
  <node id="20111" visible="true" version="1" lat="49.99997647376" lon="9.00175733379" />
  <node id="20112" visible="true" version="1" lat="49.99997709005" lon="9.00176450869" />
  <node id="20113" visible="true" version="1" lat="49.99997772945" lon="9.00177167872" />
  <node id="20114" visible="true" version="1" lat="49.99997839195" lon="9.00177884369" />
  <node id="20115" visible="true" version="1" lat="49.99997907753" lon="9.00178600344" />
  <node id="20116" visible="true" version="1" lat="49.99997978618" lon="9.00179315778" />
  <node id="20117" visible="true" version="1" lat="49.99998051787" lon="9.00180030654" />
  <node id="20118" visible="true" version="1" lat="49.9999812726" lon="9.00180744953" />
  <node id="20119" visible="true" version="1" lat="49.99998205034" lon="9.00181458657" />
  <node id="20120" visible="true" version="1" lat="49.99998285107" lon="9.0018217175" />
  <node id="20121" visible="true" version="1" lat="49.99998367477" lon="9.00182884212" />
  <node id="20122" visible="true" version="1" lat="49.99998452142" lon="9.00183596027" />
  <node id="20123" visible="true" version="1" lat="49.999985391" lon="9.00184307176" />
  <node id="20124" visible="true" version="1" lat="49.99998628349" lon="9.00185017642" />
  <node id="20125" visible="true" version="1" lat="49.99998719887" lon="9.00185727406" />
  <node id="20126" visible="true" version="1" lat="49.9999881371" lon="9.00186436452" />
  <node id="20127" visible="true" version="1" lat="49.99998909818" lon="9.00187144761" />
  <node id="20128" visible="true" version="1" lat="49.99999008208" lon="9.00187852315" />
  <node id="20129" visible="true" version="1" lat="49.99999108876" lon="9.00188559098" />
  <node id="20130" visible="true" version="1" lat="49.99999211821" lon="9.00189265091" />
  <node id="20131" visible="true" version="1" lat="49.9999931704" lon="9.00189970277" />
  <node id="20132" visible="true" version="1" lat="49.9999942453" lon="9.00190674637" />
  <node id="20133" visible="true" version="1" lat="49.9999953429" lon="9.00191378155" />
  <node id="20134" visible="true" version="1" lat="49.99999646315" lon="9.00192080813" />
  <node id="20135" visible="true" version="1" lat="49.99999760603" lon="9.00192782593" />
  <node id="20136" visible="true" version="1" lat="49.99999877151" lon="9.00193483478" />
  <node id="20137" visible="true" version="1" lat="49.99999995957" lon="9.0019418345" />
  <node id="20138" visible="true" version="1" lat="50.00000117017" lon="9.00194882492" />
  <node id="20139" visible="true" version="1" lat="50.00000240329" lon="9.00195580586" />
  <node id="20140" visible="true" version="1" lat="50.00000365888" lon="9.00196277715" />
  <node id="20141" visible="true" version="1" lat="50.00000493693" lon="9.00196973861" />
  <node id="20142" visible="true" version="1" lat="50.0000062374" lon="9.00197669007" />
  <node id="20143" visible="true" version="1" lat="50.00000756026" lon="9.00198363136" />
  <node id="20144" visible="true" version="1" lat="50.00000890547" lon="9.0019905623" />
  <node id="20145" visible="true" version="1" lat="50.000010273" lon="9.00199748272" />
  <node id="20146" visible="true" version="1" lat="50.00001166282" lon="9.00200439244" />
  <node id="20147" visible="true" version="1" lat="50.00001307488" lon="9.0020112913" />
  <node id="20148" visible="true" version="1" lat="50.00001450917" lon="9.00201817912" />
  <node id="20149" visible="true" version="1" lat="50.00001596563" lon="9.00202505572" />
  <node id="20150" visible="true" version="1" lat="50.00001744424" lon="9.00203192095" />
  <node id="20151" visible="true" version="1" lat="50.00001894496" lon="9.00203877462" />
  <node id="20152" visible="true" version="1" lat="50.00002046774" lon="9.00204561656" />
  <node id="20153" visible="true" version="1" lat="50.00002201256" lon="9.0020524466" />
  <node id="20154" visible="true" version="1" lat="50.00002357936" lon="9.00205926458" />
  <node id="20155" visible="true" version="1" lat="50.00002516813" lon="9.00206607032" />
  <node id="20156" visible="true" version="1" lat="50.0000267788" lon="9.00207286365" />
  <node id="20157" visible="true" version="1" lat="50.00002841135" lon="9.0020796444" />
  <node id="20158" visible="true" version="1" lat="50.00003006573" lon="9.0020864124" />
  <node id="20159" visible="true" version="1" lat="50.00003174191" lon="9.00209316749" />
  <node id="20160" visible="true" version="1" lat="50.00003343983" lon="9.00209990949" />
  <node id="20161" visible="true" version="1" lat="50.00003515946" lon="9.00210663824" />
  <node id="20162" visible="true" version="1" lat="50.00003690075" lon="9.00211335356" />
  <node id="20163" visible="true" version="1" lat="50.00003866367" lon="9.00212005529" />
  <node id="20164" visible="true" version="1" lat="50.00004044816" lon="9.00212674327" />
  <node id="20165" visible="true" version="1" lat="50.00004225418" lon="9.00213341732" />
  <node id="20166" visible="true" version="1" lat="50.00004408169" lon="9.00214007727" />
  <node id="20167" visible="true" version="1" lat="50.00004593064" lon="9.00214672297" />
  <node id="20168" visible="true" version="1" lat="50.00004780098" lon="9.00215335424" />
  <node id="20169" visible="true" version="1" lat="50.00004969267" lon="9.00215997093" />
  <node id="20170" visible="true" version="1" lat="50.00005160567" lon="9.00216657285" />
  <node id="20171" visible="true" version="1" lat="50.00005353991" lon="9.00217315986" />
  <node id="20172" visible="true" version="1" lat="50.00005549536" lon="9.00217973178" />
  <node id="20173" visible="true" version="1" lat="50.00005747197" lon="9.00218628845" />
  <node id="20174" visible="true" version="1" lat="50.00005946968" lon="9.0021928297" />
  <node id="20175" visible="true" version="1" lat="50.00006148845" lon="9.00219935538" />
  <node id="20176" visible="true" version="1" lat="50.00006352822" lon="9.00220586532" />
  <node id="20177" visible="true" version="1" lat="50.00006558895" lon="9.00221235935" />
  <node id="20178" visible="true" version="1" lat="50.00006767059" lon="9.00221883732" />
  <node id="20179" visible="true" version="1" lat="50.00006977307" lon="9.00222529906" />
  <node id="20180" visible="true" version="1" lat="50.00007189635" lon="9.00223174441" />
  <node id="20181" visible="true" version="1" lat="50.00007404038" lon="9.00223817321" />
  <node id="20182" visible="true" version="1" lat="50.0000762051" lon="9.0022445853" />
  <node id="20183" visible="true" version="1" lat="50.00007839046" lon="9.00225098052" />
  <node id="20184" visible="true" version="1" lat="50.0000805964" lon="9.00225735871" />
  <node id="20185" visible="true" version="1" lat="50.00008282287" lon="9.00226371971" />
  <node id="20186" visible="true" version="1" lat="50.00008506981" lon="9.00227006335" />
  <node id="20187" visible="true" version="1" lat="50.00008733717" lon="9.00227638949" />
  <node id="20188" visible="true" version="1" lat="50.00008962489" lon="9.00228269797" />
  <node id="20189" visible="true" version="1" lat="50.00009193291" lon="9.00228898862" />
  <node id="20190" visible="true" version="1" lat="50.00009426117" lon="9.00229526128" />
  <node id="20191" visible="true" version="1" lat="50.00009660963" lon="9.00230151581" />
  <node id="20192" visible="true" version="1" lat="50.00009897821" lon="9.00230775205" />
  <node id="20193" visible="true" version="1" lat="50.00010136685" lon="9.00231396983" />
  <node id="20194" visible="true" version="1" lat="50.00010377551" lon="9.00232016901" />
  <node id="20195" visible="true" version="1" lat="50.00010620412" lon="9.00232634943" />
  <node id="20196" visible="true" version="1" lat="50.00010865261" lon="9.00233251093" />
  <node id="20197" visible="true" version="1" lat="50.00011112093" lon="9.00233865336" />
  <node id="20198" visible="true" version="1" lat="50.00011360902" lon="9.00234477657" />
  <node id="20199" visible="true" version="1" lat="50.00011611681" lon="9.00235088041" />
  <node id="20200" visible="true" version="1" lat="50.00011864423" lon="9.00235696471" />
  <node id="20201" visible="true" version="1" lat="50.00012119124" lon="9.00236302934" />
  <node id="20202" visible="true" version="1" lat="50.00012375776" lon="9.00236907413" />
  <node id="20203" visible="true" version="1" lat="50.00012634373" lon="9.00237509894" />
  <node id="20204" visible="true" version="1" lat="50.00012894908" lon="9.00238110362" />
  <node id="20205" visible="true" version="1" lat="50.00013157375" lon="9.00238708801" />
  <node id="20206" visible="true" version="1" lat="50.00013421768" lon="9.00239305196" />
  <node id="20207" visible="true" version="1" lat="50.00013688079" lon="9.00239899534" />
  <node id="20208" visible="true" version="1" lat="50.00013956302" lon="9.00240491798" />
  <node id="20209" visible="true" version="1" lat="50.00014226431" lon="9.00241081974" />
  <node id="20210" visible="true" version="1" lat="50.00014498459" lon="9.00241670048" />
  <node id="20211" visible="true" version="1" lat="50.00014772378" lon="9.00242256004" />
  <node id="20212" visible="true" version="1" lat="50.00015048183" lon="9.00242839828" />
  <node id="20213" visible="true" version="1" lat="50.00015325865" lon="9.00243421506" />
  <node id="20214" visible="true" version="1" lat="50.00015605419" lon="9.00244001022" />
  <node id="20215" visible="true" version="1" lat="50.00015886836" lon="9.00244578363" />
  <node id="20216" visible="true" version="1" lat="50.00016170111" lon="9.00245153514" />
  <node id="20217" visible="true" version="1" lat="50.00016455236" lon="9.0024572646" />
  <node id="20218" visible="true" version="1" lat="50.00016742204" lon="9.00246297187" />
  <node id="20219" visible="true" version="1" lat="50.00017031008" lon="9.00246865681" />
  <node id="20220" visible="true" version="1" lat="50.0001732164" lon="9.00247431928" />
  <node id="20221" visible="true" version="1" lat="50.00017614094" lon="9.00247995913" />
  <node id="20222" visible="true" version="1" lat="50.00017908361" lon="9.00248557623" />
  <node id="20223" visible="true" version="1" lat="50.00018204436" lon="9.00249117044" />
  <node id="20224" visible="true" version="1" lat="50.00018502309" lon="9.0024967416" />
  <node id="20225" visible="true" version="1" lat="50.00018801974" lon="9.00250228959" />
  <node id="20226" visible="true" version="1" lat="50.00019103423" lon="9.00250781427" />
  <node id="20227" visible="true" version="1" lat="50.00019406649" lon="9.0025133155" />
  <node id="20228" visible="true" version="1" lat="50.00019711645" lon="9.00251879314" />
  <node id="20229" visible="true" version="1" lat="50.00020018401" lon="9.00252424705" />
  <node id="20230" visible="true" version="1" lat="50.00020326912" lon="9.0025296771" />
  <node id="20231" visible="true" version="1" lat="50.00020637169" lon="9.00253508315" />
  <node id="20232" visible="true" version="1" lat="50.00020949164" lon="9.00254046506" />
  <node id="20233" visible="true" version="1" lat="50.0002126289" lon="9.00254582271" />
  <node id="20234" visible="true" version="1" lat="50.00021578338" lon="9.00255115596" />
  <node id="20235" visible="true" version="1" lat="50.00021895501" lon="9.00255646467" />
  <node id="20236" visible="true" version="1" lat="50.00022214372" lon="9.00256174871" />
  <node id="20237" visible="true" version="1" lat="50.00022534941" lon="9.00256700795" />
  <node id="20238" visible="true" version="1" lat="50.00022857201" lon="9.00257224226" />
  <node id="20239" visible="true" version="1" lat="50.00023181144" lon="9.00257745151" />
  <node id="20240" visible="true" version="1" lat="50.00023506762" lon="9.00258263557" />
  <node id="20241" visible="true" version="1" lat="50.00023834047" lon="9.0025877943" />
  <node id="20242" visible="true" version="1" lat="50.0002416299" lon="9.00259292758" />
  <node id="20243" visible="true" version="1" lat="50.00024493583" lon="9.00259803528" />
  <node id="20244" visible="true" version="1" lat="50.00024825818" lon="9.00260311728" />
  <node id="20245" visible="true" version="1" lat="50.00025159687" lon="9.00260817344" />
  <node id="20246" visible="true" version="1" lat="50.00025495181" lon="9.00261320364" />
  <node id="20247" visible="true" version="1" lat="50.00025832293" lon="9.00261820775" />
  <node id="20248" visible="true" version="1" lat="50.00026171012" lon="9.00262318565" />
  <node id="20249" visible="true" version="1" lat="50.00026511332" lon="9.00262813722" />
  <node id="20250" visible="true" version="1" lat="50.00026853244" lon="9.00263306232" />
  <node id="20251" visible="true" version="1" lat="50.00027196738" lon="9.00263796085" />
  <node id="20252" visible="true" version="1" lat="50.00027541807" lon="9.00264283266" />
  <node id="20253" visible="true" version="1" lat="50.00027888441" lon="9.00264767765" />
  <node id="20254" visible="true" version="1" lat="50.00028236633" lon="9.00265249569" />
  <node id="20255" visible="true" version="1" lat="50.00028586373" lon="9.00265728667" />
  <node id="20256" visible="true" version="1" lat="50.00028937652" lon="9.00266205045" />
  <node id="20257" visible="true" version="1" lat="50.00029290463" lon="9.00266678693" />
  <node id="20258" visible="true" version="1" lat="50.00029644796" lon="9.00267149598" />
  <node id="20259" visible="true" version="1" lat="50.00030000642" lon="9.00267617748" />
  <node id="20260" visible="true" version="1" lat="50.00030357992" lon="9.00268083133" />
  <node id="20261" visible="true" version="1" lat="50.00030716837" lon="9.00268545739" />
  <node id="20262" visible="true" version="1" lat="50.00031077169" lon="9.00269005557" />
  <node id="20263" visible="true" version="1" lat="50.00031438979" lon="9.00269462574" />
  <node id="20264" visible="true" version="1" lat="50.00031802256" lon="9.00269916778" />
  <node id="20265" visible="true" version="1" lat="50.00032166993" lon="9.00270368159" />
  <node id="20266" visible="true" version="1" lat="50.00032533181" lon="9.00270816705" />
  <node id="20267" visible="true" version="1" lat="50.00032900809" lon="9.00271262405" />
  <node id="20268" visible="true" version="1" lat="50.00033269869" lon="9.00271705248" />
  <node id="20269" visible="true" version="1" lat="50.00033640351" lon="9.00272145222" />
  <node id="20270" visible="true" version="1" lat="50.00034012247" lon="9.00272582318" />
  <node id="20271" visible="true" version="1" lat="50.00034385547" lon="9.00273016523" />
  <node id="20272" visible="true" version="1" lat="50.00034760242" lon="9.00273447826" />
  <node id="20273" visible="true" version="1" lat="50.00035136322" lon="9.00273876219" />
  <node id="20274" visible="true" version="1" lat="50.00035513778" lon="9.00274301688" />
  <node id="20275" visible="true" version="1" lat="50.000358926" lon="9.00274724224" />
  <node id="20276" visible="true" version="1" lat="50.00036272779" lon="9.00275143817" />
  <node id="20277" visible="true" version="1" lat="50.00036654306" lon="9.00275560455" />
  <node id="20278" visible="true" version="1" lat="50.00037037171" lon="9.00275974129" />
  <node id="20279" visible="true" version="1" lat="50.00037421364" lon="9.00276384828" />
  <node id="20280" visible="true" version="1" lat="50.00037806876" lon="9.00276792541" />
  <node id="20281" visible="true" version="1" lat="50.00038193698" lon="9.00277197259" />
  <node id="20282" visible="true" version="1" lat="50.00038581818" lon="9.00277598971" />
  <node id="20283" visible="true" version="1" lat="50.00038971229" lon="9.00277997668" />
  <node id="20284" visible="true" version="1" lat="50.0003936192" lon="9.00278393339" />
  <node id="20285" visible="true" version="1" lat="50.00039753881" lon="9.00278785975" />
  <node id="20286" visible="true" version="1" lat="50.00040147102" lon="9.00279175565" />
  <node id="20287" visible="true" version="1" lat="50.00040541574" lon="9.00279562101" />
  <node id="20288" visible="true" version="1" lat="50.00040937287" lon="9.00279945571" />
  <node id="20289" visible="true" version="1" lat="50.00041334231" lon="9.00280325967" />
  <node id="20290" visible="true" version="1" lat="50.00041732395" lon="9.0028070328" />
  <node id="20291" visible="true" version="1" lat="50.00042131771" lon="9.00281077499" />
  <node id="20292" visible="true" version="1" lat="50.00042532348" lon="9.00281448616" />
  <node id="20293" visible="true" version="1" lat="50.00042934116" lon="9.0028181662" />
  <node id="20294" visible="true" version="1" lat="50.00043337065" lon="9.00282181504" />
  <node id="20295" visible="true" version="1" lat="50.00043741184" lon="9.00282543258" />
  <node id="20296" visible="true" version="1" lat="50.00044146465" lon="9.00282901872" />
  <node id="20297" visible="true" version="1" lat="50.00044552896" lon="9.00283257338" />
  <node id="20298" visible="true" version="1" lat="50.00044960468" lon="9.00283609647" />
  <node id="20299" visible="true" version="1" lat="50.0004536917" lon="9.0028395879" />
  <node id="20300" visible="true" version="1" lat="50.00045778992" lon="9.00284304758" />
  <node id="20301" visible="true" version="1" lat="50.00046189924" lon="9.00284647543" />
  <node id="20302" visible="true" version="1" lat="50.00046601956" lon="9.00284987137" />
  <node id="20303" visible="true" version="1" lat="50.00047015077" lon="9.0028532353" />
  <node id="20304" visible="true" version="1" lat="50.00047429277" lon="9.00285656714" />
  <node id="20305" visible="true" version="1" lat="50.00047844545" lon="9.00285986681" />
  <node id="20306" visible="true" version="1" lat="50.00048260872" lon="9.00286313423" />
  <node id="20307" visible="true" version="1" lat="50.00048678247" lon="9.00286636931" />
  <node id="20308" visible="true" version="1" lat="50.00049096659" lon="9.00286957198" />
  <node id="20309" visible="true" version="1" lat="50.00049516098" lon="9.00287274215" />
  <node id="20310" visible="true" version="1" lat="50.00049936553" lon="9.00287587974" />
  <node id="20311" visible="true" version="1" lat="50.00050358014" lon="9.00287898469" />
  <node id="20312" visible="true" version="1" lat="50.00050780471" lon="9.0028820569" />
  <node id="20313" visible="true" version="1" lat="50.00051203913" lon="9.0028850963" />
  <node id="20314" visible="true" version="1" lat="50.00051628328" lon="9.00288810282" />
  <node id="20315" visible="true" version="1" lat="50.00052053708" lon="9.00289107638" />
  <node id="20316" visible="true" version="1" lat="50.0005248004" lon="9.0028940169" />
  <node id="20317" visible="true" version="1" lat="50.00052907315" lon="9.00289692432" />
  <node id="20318" visible="true" version="1" lat="50.00053335521" lon="9.00289979856" />
  <node id="20319" visible="true" version="1" lat="50.00053764649" lon="9.00290263954" />
  <node id="20320" visible="true" version="1" lat="50.00054194686" lon="9.00290544721" />
  <node id="20321" visible="true" version="1" lat="50.00054625624" lon="9.00290822148" />
  <node id="20322" visible="true" version="1" lat="50.00055057449" lon="9.00291096229" />
  <node id="20323" visible="true" version="1" lat="50.00055490153" lon="9.00291366957" />
  <node id="20324" visible="true" version="1" lat="50.00055923724" lon="9.00291634325" />
  <node id="20325" visible="true" version="1" lat="50.00056358151" lon="9.00291898326" />
  <node id="20326" visible="true" version="1" lat="50.00056793424" lon="9.00292158954" />
  <node id="20327" visible="true" version="1" lat="50.00057229531" lon="9.00292416203" />
  <node id="20328" visible="true" version="1" lat="50.00057666461" lon="9.00292670065" />
  <node id="20329" visible="true" version="1" lat="50.00058104204" lon="9.00292920535" />
  <node id="20330" visible="true" version="1" lat="50.00058542749" lon="9.00293167607" />
  <node id="20331" visible="true" version="1" lat="50.00058982085" lon="9.00293411273" />
  <node id="20332" visible="true" version="1" lat="50.00059422201" lon="9.00293651529" />
  <node id="20333" visible="true" version="1" lat="50.00059863085" lon="9.00293888367" />
  <node id="20334" visible="true" version="1" lat="50.00060304728" lon="9.00294121783" />
  <node id="20335" visible="true" version="1" lat="50.00060747117" lon="9.0029435177" />
  <node id="20336" visible="true" version="1" lat="50.00061190241" lon="9.00294578323" />
  <node id="20337" visible="true" version="1" lat="50.0006163409" lon="9.00294801435" />
  <node id="20338" visible="true" version="1" lat="50.00062078653" lon="9.00295021102" />
  <node id="20339" visible="true" version="1" lat="50.00062523918" lon="9.00295237317" />
  <node id="20340" visible="true" version="1" lat="50.00062969875" lon="9.00295450076" />
  <node id="20341" visible="true" version="1" lat="50.00063416511" lon="9.00295659372" />
  <node id="20342" visible="true" version="1" lat="50.00063863816" lon="9.00295865202" />
  <node id="20343" visible="true" version="1" lat="50.0006431178" lon="9.00296067559" />
  <node id="20344" visible="true" version="1" lat="50.00064760389" lon="9.00296266439" />
  <node id="20345" visible="true" version="1" lat="50.00065209634" lon="9.00296461837" />
  <node id="20346" visible="true" version="1" lat="50.00065659504" lon="9.00296653747" />
  <node id="20347" visible="true" version="1" lat="50.00066109986" lon="9.00296842166" />
  <node id="20348" visible="true" version="1" lat="50.00066561069" lon="9.00297027087" />
  <node id="20349" visible="true" version="1" lat="50.00067012743" lon="9.00297208507" />
  <node id="20350" visible="true" version="1" lat="50.00067464996" lon="9.00297386422" />
  <node id="20351" visible="true" version="1" lat="50.00067917817" lon="9.00297560825" />
  <node id="20352" visible="true" version="1" lat="50.00068371194" lon="9.00297731715" />
  <node id="20353" visible="true" version="1" lat="50.00068825116" lon="9.00297899085" />
  <node id="20354" visible="true" version="1" lat="50.00069279572" lon="9.00298062932" />
  <node id="20355" visible="true" version="1" lat="50.00069734551" lon="9.00298223252" />
  <node id="20356" visible="true" version="1" lat="50.0007019004" lon="9.0029838004" />
  <node id="20357" visible="true" version="1" lat="50.00070646029" lon="9.00298533293" />
  <node id="20358" visible="true" version="1" lat="50.00071102506" lon="9.00298683007" />
  <node id="20359" visible="true" version="1" lat="50.0007155946" lon="9.00298829179" />
  <node id="20360" visible="true" version="1" lat="50.00072016879" lon="9.00298971804" />
  <node id="20361" visible="true" version="1" lat="50.00072474753" lon="9.00299110879" />
  <node id="20362" visible="true" version="1" lat="50.00072933068" lon="9.002992464" />
  <node id="20363" visible="true" version="1" lat="50.00073391815" lon="9.00299378365" />
  <node id="20364" visible="true" version="1" lat="50.00073850981" lon="9.00299506769" />
  <node id="20365" visible="true" version="1" lat="50.00074310556" lon="9.0029963161" />
  <node id="20366" visible="true" version="1" lat="50.00074770527" lon="9.00299752885" />
  <node id="20367" visible="true" version="1" lat="50.00075230883" lon="9.0029987059" />
  <node id="20368" visible="true" version="1" lat="50.00075691613" lon="9.00299984722" />
  <node id="20369" visible="true" version="1" lat="50.00076152704" lon="9.0030009528" />
  <node id="20370" visible="true" version="1" lat="50.00076614147" lon="9.00300202259" />
  <node id="20371" visible="true" version="1" lat="50.00077075928" lon="9.00300305657" />
  <node id="20372" visible="true" version="1" lat="50.00077538037" lon="9.00300405472" />
  <node id="20373" visible="true" version="1" lat="50.00078000461" lon="9.00300501701" />
  <node id="20374" visible="true" version="1" lat="50.0007846319" lon="9.00300594342" />
  <node id="20375" visible="true" version="1" lat="50.00078926212" lon="9.00300683392" />
  <node id="20376" visible="true" version="1" lat="50.00079389515" lon="9.0030076885" />
  <node id="20377" visible="true" version="1" lat="50.00079853088" lon="9.00300850712" />
  <node id="20378" visible="true" version="1" lat="50.00080316919" lon="9.00300928978" />
  <node id="20379" visible="true" version="1" lat="50.00080780996" lon="9.00301003644" />
  <node id="20380" visible="true" version="1" lat="50.00081245308" lon="9.0030107471" />
  <node id="20381" visible="true" version="1" lat="50.00081709843" lon="9.00301142173" />
  <node id="20382" visible="true" version="1" lat="50.00082174589" lon="9.00301206032" />
  <node id="20383" visible="true" version="1" lat="50.00082639536" lon="9.00301266285" />
  <node id="20384" visible="true" version="1" lat="50.00083104671" lon="9.0030132293" />
  <node id="20385" visible="true" version="1" lat="50.00083569983" lon="9.00301375967" />
  <node id="20386" visible="true" version="1" lat="50.0008403546" lon="9.00301425394" />
  <node id="20387" visible="true" version="1" lat="50.00084501091" lon="9.00301471209" />
  <node id="20388" visible="true" version="1" lat="50.00084966863" lon="9.00301513412" />
  <node id="20389" visible="true" version="1" lat="50.00085432766" lon="9.00301552001" />
  <node id="20390" visible="true" version="1" lat="50.00085898787" lon="9.00301586975" />
  <node id="20391" visible="true" version="1" lat="50.00086364914" lon="9.00301618335" />
  <node id="20392" visible="true" version="1" lat="50.00086831138" lon="9.00301646078" />
  <node id="20393" visible="true" version="1" lat="50.00087297444" lon="9.00301670204" />
  <node id="20394" visible="true" version="1" lat="50.00087763823" lon="9.00301690712" />
  <node id="20395" visible="true" version="1" lat="50.00088230262" lon="9.00301707603" />
  <node id="20396" visible="true" version="1" lat="50.00088696749" lon="9.00301720875" />
  <node id="20397" visible="true" version="1" lat="50.00089163274" lon="9.00301730529" />
  <node id="20398" visible="true" version="1" lat="50.00089629824" lon="9.00301736563" />
  <node id="20399" visible="true" version="1" lat="50.00090096387" lon="9.00301738978" />
  <node id="20400" visible="true" version="1" lat="50.00090562952" lon="9.00301737774" />
  <node id="20401" visible="true" version="1" lat="50.00091029508" lon="9.00301732951" />
  <node id="20402" visible="true" version="1" lat="50.00091496042" lon="9.00301724509" />
  <node id="20403" visible="true" version="1" lat="50.00091962543" lon="9.00301712448" />
  <node id="20404" visible="true" version="1" lat="50.00092429" lon="9.00301696768" />
  <node id="20405" visible="true" version="1" lat="50.000928954" lon="9.0030167747" />
  <node id="20406" visible="true" version="1" lat="50.00093361732" lon="9.00301654555" />
  <node id="20407" visible="true" version="1" lat="50.00093827985" lon="9.00301628022" />
  <node id="20408" visible="true" version="1" lat="50.00094294146" lon="9.00301597873" />
  <node id="20409" visible="true" version="1" lat="50.00094760204" lon="9.00301564108" />
  <node id="20410" visible="true" version="1" lat="50.00095226147" lon="9.00301526728" />
  <node id="20411" visible="true" version="1" lat="50.00095691964" lon="9.00301485735" />
  <node id="20412" visible="true" version="1" lat="50.00096157644" lon="9.00301441128" />
  <node id="20413" visible="true" version="1" lat="50.00096623173" lon="9.0030139291" />
  <node id="20414" visible="true" version="1" lat="50.00097088542" lon="9.00301341081" />
  <node id="20415" visible="true" version="1" lat="50.00097553737" lon="9.00301285642" />
  <node id="20416" visible="true" version="1" lat="50.00098018748" lon="9.00301226596" />
  <node id="20417" visible="true" version="1" lat="50.00098483563" lon="9.00301163944" />
  <node id="20418" visible="true" version="1" lat="50.00098948171" lon="9.00301097686" />
  <node id="20419" visible="true" version="1" lat="50.00099412558" lon="9.00301027826" />
  <node id="20420" visible="true" version="1" lat="50.00099876715" lon="9.00300954364" />
  <node id="20421" visible="true" version="1" lat="50.0010034063" lon="9.00300877302" />
  <node id="20422" visible="true" version="1" lat="50.0010080429" lon="9.00300796642" />
  <node id="20423" visible="true" version="1" lat="50.00101267685" lon="9.00300712387" />
  <node id="20424" visible="true" version="1" lat="50.00101730802" lon="9.00300624539" />
  <node id="20425" visible="true" version="1" lat="50.0010219363" lon="9.00300533099" />
  <node id="20426" visible="true" version="1" lat="50.00102656158" lon="9.00300438069" />
  <node id="20427" visible="true" version="1" lat="50.00103118373" lon="9.00300339453" />
  <node id="20428" visible="true" version="1" lat="50.00103580266" lon="9.00300237253" />
  <node id="20429" visible="true" version="1" lat="50.00104041823" lon="9.00300131471" />
  <node id="20430" visible="true" version="1" lat="50.00104503033" lon="9.0030002211" />
  <node id="20431" visible="true" version="1" lat="50.00104963885" lon="9.00299909173" />
  <node id="20432" visible="true" version="1" lat="50.00105424367" lon="9.00299792662" />
  <node id="20433" visible="true" version="1" lat="50.00105884468" lon="9.00299672581" />
  <node id="20434" visible="true" version="1" lat="50.00106344177" lon="9.00299548932" />
  <node id="20435" visible="true" version="1" lat="50.00106803481" lon="9.00299421718" />
  <node id="20436" visible="true" version="1" lat="50.00107262369" lon="9.00299290943" />
  <node id="20437" visible="true" version="1" lat="50.0010772083" lon="9.0029915661" />
  <node id="20438" visible="true" version="1" lat="50.00108178853" lon="9.00299018723" />
  <node id="20439" visible="true" version="1" lat="50.00108636425" lon="9.00298877284" />
  <node id="20440" visible="true" version="1" lat="50.00109093536" lon="9.00298732297" />
  <node id="20441" visible="true" version="1" lat="50.00109550174" lon="9.00298583767" />
  <node id="20442" visible="true" version="1" lat="50.00110006328" lon="9.00298431695" />
  <node id="20443" visible="true" version="1" lat="50.00110461985" lon="9.00298276088" />
  <node id="20444" visible="true" version="1" lat="50.00110917136" lon="9.00298116947" />
  <node id="20445" visible="true" version="1" lat="50.00111371768" lon="9.00297954278" />
  <node id="20446" visible="true" version="1" lat="50.0011182587" lon="9.00297788085" />
  <node id="20447" visible="true" version="1" lat="50.0011227943" lon="9.0029761837" />
  <node id="20448" visible="true" version="1" lat="50.00112732438" lon="9.0029744514" />
  <node id="20449" visible="true" version="1" lat="50.00113184882" lon="9.00297268397" />
  <node id="20450" visible="true" version="1" lat="50.00113636751" lon="9.00297088147" />
  <node id="20451" visible="true" version="1" lat="50.00114088034" lon="9.00296904394" />
  <node id="20452" visible="true" version="1" lat="50.00114538718" lon="9.00296717143" />
  <node id="20453" visible="true" version="1" lat="50.00114988793" lon="9.00296526398" />
  <node id="20454" visible="true" version="1" lat="50.00115438248" lon="9.00296332164" />
  <node id="20455" visible="true" version="1" lat="50.00115887072" lon="9.00296134446" />
  <node id="20456" visible="true" version="1" lat="50.00116335252" lon="9.00295933248" />
  <node id="20457" visible="true" version="1" lat="50.00116782779" lon="9.00295728577" />
  <node id="20458" visible="true" version="1" lat="50.0011722964" lon="9.00295520436" />
  <node id="20459" visible="true" version="1" lat="50.00117675825" lon="9.00295308832" />
  <node id="20460" visible="true" version="1" lat="50.00118121322" lon="9.00295093769" />
  <node id="20461" visible="true" version="1" lat="50.00118566121" lon="9.00294875253" />
  <node id="20462" visible="true" version="1" lat="50.0011901021" lon="9.0029465329" />
  <node id="20463" visible="true" version="1" lat="50.00119453578" lon="9.00294427884" />
  <node id="20464" visible="true" version="1" lat="50.00119896214" lon="9.00294199041" />
  <node id="20465" visible="true" version="1" lat="50.00120338107" lon="9.00293966768" />
  <node id="20466" visible="true" version="1" lat="50.00120779246" lon="9.0029373107" />
  <node id="20467" visible="true" version="1" lat="50.0012121962" lon="9.00293491953" />
  <node id="20468" visible="true" version="1" lat="50.00121659217" lon="9.00293249423" />
  <node id="20469" visible="true" version="1" lat="50.00122098028" lon="9.00293003485" />
  <node id="20470" visible="true" version="1" lat="50.0012253604" lon="9.00292754147" />
  <node id="20471" visible="true" version="1" lat="50.00122973244" lon="9.00292501414" />
  <node id="20472" visible="true" version="1" lat="50.00123409627" lon="9.00292245293" />
  <node id="20473" visible="true" version="1" lat="50.0012384518" lon="9.00291985789" />
  <node id="20474" visible="true" version="1" lat="50.0012427989" lon="9.00291722911" />
  <node id="20475" visible="true" version="1" lat="50.00124713748" lon="9.00291456663" />
  <node id="20476" visible="true" version="1" lat="50.00125146743" lon="9.00291187053" />
  <node id="20477" visible="true" version="1" lat="50.00125578863" lon="9.00290914088" />
  <node id="20478" visible="true" version="1" lat="50.00126010099" lon="9.00290637774" />
  <node id="20479" visible="true" version="1" lat="50.00126440438" lon="9.00290358118" />
  <node id="20480" visible="true" version="1" lat="50.0012686987" lon="9.00290075127" />
  <node id="20481" visible="true" version="1" lat="50.00127298386" lon="9.00289788809" />
  <node id="20482" visible="true" version="1" lat="50.00127725973" lon="9.0028949917" />
  <node id="20483" visible="true" version="1" lat="50.00128152621" lon="9.00289206218" />
  <node id="20484" visible="true" version="1" lat="50.0012857832" lon="9.0028890996" />
  <node id="20485" visible="true" version="1" lat="50.00129003059" lon="9.00288610403" />
  <node id="20486" visible="true" version="1" lat="50.00129426827" lon="9.00288307556" />
  <node id="20487" visible="true" version="1" lat="50.00129849613" lon="9.00288001424" />
  <node id="20488" visible="true" version="1" lat="50.00130271408" lon="9.00287692017" />
  <node id="20489" visible="true" version="1" lat="50.001306922" lon="9.00287379342" />
  <node id="20490" visible="true" version="1" lat="50.0013111198" lon="9.00287063406" />
  <node id="20491" visible="true" version="1" lat="50.00131530736" lon="9.00286744218" />
  <node id="20492" visible="true" version="1" lat="50.00131948458" lon="9.00286421786" />
  <node id="20493" visible="true" version="1" lat="50.00132365136" lon="9.00286096117" />
  <node id="20494" visible="true" version="1" lat="50.00132780758" lon="9.0028576722" />
  <node id="20495" visible="true" version="1" lat="50.00133195316" lon="9.00285435102" />
  <node id="20496" visible="true" version="1" lat="50.00133608798" lon="9.00285099774" />
  <node id="20497" visible="true" version="1" lat="50.00134021195" lon="9.00284761241" />
  <node id="20498" visible="true" version="1" lat="50.00134432495" lon="9.00284419514" />
  <node id="20499" visible="true" version="1" lat="50.00134842689" lon="9.00284074601" />
  <node id="20500" visible="true" version="1" lat="50.00135251766" lon="9.0028372651" />
  <node id="20501" visible="true" version="1" lat="50.00135659716" lon="9.0028337525" />
  <node id="20502" visible="true" version="1" lat="50.00136066528" lon="9.0028302083" />
  <node id="20503" visible="true" version="1" lat="50.00136472194" lon="9.00282663258" />
  <node id="20504" visible="true" version="1" lat="50.00136876702" lon="9.00282302544" />
  <node id="20505" visible="true" version="1" lat="50.00137280043" lon="9.00281938696" />
  <node id="20506" visible="true" version="1" lat="50.00137682205" lon="9.00281571725" />
  <node id="20507" visible="true" version="1" lat="50.00138083181" lon="9.00281201638" />
  <node id="20508" visible="true" version="1" lat="50.00138482958" lon="9.00280828445" />
  <node id="20509" visible="true" version="1" lat="50.00138881528" lon="9.00280452155" />
  <node id="20510" visible="true" version="1" lat="50.0013927888" lon="9.00280072779" />
  <node id="20511" visible="true" version="1" lat="50.00139675004" lon="9.00279690325" />
  <node id="20512" visible="true" version="1" lat="50.00140069891" lon="9.00279304802" />
  <node id="20513" visible="true" version="1" lat="50.00140463531" lon="9.00278916222" />
  <node id="20514" visible="true" version="1" lat="50.00140855913" lon="9.00278524592" />
  <node id="20515" visible="true" version="1" lat="50.00141247028" lon="9.00278129924" />
  <node id="20516" visible="true" version="1" lat="50.00141636866" lon="9.00277732226" />
  <node id="20517" visible="true" version="1" lat="50.00142025418" lon="9.00277331509" />
  <node id="20518" visible="true" version="1" lat="50.00142412673" lon="9.00276927784" />
  <node id="20519" visible="true" version="1" lat="50.00142798623" lon="9.00276521059" />
  <node id="20520" visible="true" version="1" lat="50.00143183257" lon="9.00276111345" />
  <node id="20521" visible="true" version="1" lat="50.00143566565" lon="9.00275698653" />
  <node id="20522" visible="true" version="1" lat="50.00143948539" lon="9.00275282992" />
  <node id="20523" visible="true" version="1" lat="50.00144329169" lon="9.00274864373" />
  <node id="20524" visible="true" version="1" lat="50.00144708444" lon="9.00274442807" />
  <node id="20525" visible="true" version="1" lat="50.00145086356" lon="9.00274018304" />
  <node id="20526" visible="true" version="1" lat="50.00145462896" lon="9.00273590875" />
  <node id="20527" visible="true" version="1" lat="50.00145838053" lon="9.0027316053" />
  <node id="20528" visible="true" version="1" lat="50.00146211818" lon="9.0027272728" />
  <node id="20529" visible="true" version="1" lat="50.00146584183" lon="9.00272291136" />
  <node id="20530" visible="true" version="1" lat="50.00146955137" lon="9.00271852109" />
  <node id="20531" visible="true" version="1" lat="50.00147324672" lon="9.0027141021" />
  <node id="20532" visible="true" version="1" lat="50.00147692778" lon="9.0027096545" />
  <node id="20533" visible="true" version="1" lat="50.00148059446" lon="9.00270517839" />
  <node id="20534" visible="true" version="1" lat="50.00148424667" lon="9.0027006739" />
  <node id="20535" visible="true" version="1" lat="50.00148788431" lon="9.00269614114" />
  <node id="20536" visible="true" version="1" lat="50.0014915073" lon="9.00269158021" />
  <node id="20537" visible="true" version="1" lat="50.00149511555" lon="9.00268699123" />
  <node id="20538" visible="true" version="1" lat="50.00149870896" lon="9.00268237432" />
  <node id="20539" visible="true" version="1" lat="50.00150228745" lon="9.0026777296" />
  <node id="20540" visible="true" version="1" lat="50.00150585093" lon="9.00267305717" />
  <node id="20541" visible="true" version="1" lat="50.0015093993" lon="9.00266835715" />
  <node id="20542" visible="true" version="1" lat="50.00151293248" lon="9.00266362967" />
  <node id="20543" visible="true" version="1" lat="50.00151645038" lon="9.00265887484" />
  <node id="20544" visible="true" version="1" lat="50.00151995291" lon="9.00265409278" />
  <node id="20545" visible="true" version="1" lat="50.00152343999" lon="9.00264928361" />
  <node id="20546" visible="true" version="1" lat="50.00152691152" lon="9.00264444745" />
  <node id="20547" visible="true" version="1" lat="50.00153036743" lon="9.00263958441" />
  <node id="20548" visible="true" version="1" lat="50.00153380762" lon="9.00263469463" />
  <node id="20549" visible="true" version="1" lat="50.001537232" lon="9.00262977823" />
  <node id="20550" visible="true" version="1" lat="50.0015406405" lon="9.00262483532" />
  <node id="20551" visible="true" version="1" lat="50.00154403303" lon="9.00261986603" />
  <node id="20552" visible="true" version="1" lat="50.0015474095" lon="9.00261487048" />
  <node id="20553" visible="true" version="1" lat="50.00155076983" lon="9.00260984881" />
  <node id="20554" visible="true" version="1" lat="50.00155411393" lon="9.00260480113" />
  <node id="20555" visible="true" version="1" lat="50.00155744172" lon="9.00259972757" />
  <node id="20556" visible="true" version="1" lat="50.00156075312" lon="9.00259462826" />
  <node id="20557" visible="true" version="1" lat="50.00156404804" lon="9.00258950333" />
  <node id="20558" visible="true" version="1" lat="50.00156732641" lon="9.0025843529" />
  <node id="20559" visible="true" version="1" lat="50.00157058814" lon="9.0025791771" />
  <node id="20560" visible="true" version="1" lat="50.00157383314" lon="9.00257397607" />
  <node id="20561" visible="true" version="1" lat="50.00157706134" lon="9.00256874992" />
  <node id="20562" visible="true" version="1" lat="50.00158027266" lon="9.0025634988" />
  <node id="20563" visible="true" version="1" lat="50.00158346702" lon="9.00255822283" />
  <node id="20564" visible="true" version="1" lat="50.00158664433" lon="9.00255292215" />
  <node id="20565" visible="true" version="1" lat="50.00158980452" lon="9.00254759689" />
  <node id="20566" visible="true" version="1" lat="50.00159294751" lon="9.00254224718" />
  <node id="20567" visible="true" version="1" lat="50.00159607321" lon="9.00253687315" />
  <node id="20568" visible="true" version="1" lat="50.00159918156" lon="9.00253147495" />
  <node id="20569" visible="true" version="1" lat="50.00160227247" lon="9.0025260527" />
  <node id="20570" visible="true" version="1" lat="50.00160534587" lon="9.00252060653" />
  <node id="20571" visible="true" version="1" lat="50.00160840168" lon="9.0025151366" />
  <node id="20572" visible="true" version="1" lat="50.00161143982" lon="9.00250964303" />
  <node id="20573" visible="true" version="1" lat="50.00161446022" lon="9.00250412595" />
  <node id="20574" visible="true" version="1" lat="50.0016174628" lon="9.00249858552" />
  <node id="20575" visible="true" version="1" lat="50.00162044749" lon="9.00249302186" />
  <node id="20576" visible="true" version="1" lat="50.00162341421" lon="9.00248743512" />
  <node id="20577" visible="true" version="1" lat="50.00162636289" lon="9.00248182544" />
  <node id="20578" visible="true" version="1" lat="50.00162929345" lon="9.00247619295" />
  <node id="20579" visible="true" version="1" lat="50.00163220582" lon="9.00247053779" />
  <node id="20580" visible="true" version="1" lat="50.00163509993" lon="9.00246486012" />
  <node id="20581" visible="true" version="1" lat="50.0016379757" lon="9.00245916006" />
  <node id="20582" visible="true" version="1" lat="50.00164083307" lon="9.00245343777" />
  <node id="20583" visible="true" version="1" lat="50.00164367197" lon="9.00244769339" />
  <node id="20584" visible="true" version="1" lat="50.00164649231" lon="9.00244192705" />
  <node id="20585" visible="true" version="1" lat="50.00164929404" lon="9.0024361389" />
  <node id="20586" visible="true" version="1" lat="50.00165207707" lon="9.0024303291" />
  <node id="20587" visible="true" version="1" lat="50.00165484135" lon="9.00242449777" />
  <node id="20588" visible="true" version="1" lat="50.0016575868" lon="9.00241864508" />
  <node id="20589" visible="true" version="1" lat="50.00166031335" lon="9.00241277116" />
  <node id="20590" visible="true" version="1" lat="50.00166302094" lon="9.00240687616" />
  <node id="20591" visible="true" version="1" lat="50.00166570949" lon="9.00240096024" />
  <node id="20592" visible="true" version="1" lat="50.00166837895" lon="9.00239502353" />
  <node id="20593" visible="true" version="1" lat="50.00167102924" lon="9.00238906618" />
  <node id="20594" visible="true" version="1" lat="50.0016736603" lon="9.00238308835" />
  <node id="20595" visible="true" version="1" lat="50.00167627205" lon="9.00237709019" />
  <node id="20596" visible="true" version="1" lat="50.00167886445" lon="9.00237107184" />
  <node id="20597" visible="true" version="1" lat="50.00168143742" lon="9.00236503345" />
  <node id="20598" visible="true" version="1" lat="50.00168399089" lon="9.00235897518" />
  <node id="20599" visible="true" version="1" lat="50.00168652481" lon="9.00235289718" />
  <node id="20600" visible="true" version="1" lat="50.00168903911" lon="9.00234679959" />
  <node id="20601" visible="true" version="1" lat="50.00169153372" lon="9.00234068258" />
  <node id="20602" visible="true" version="1" lat="50.00169400859" lon="9.00233454629" />
  <node id="20603" visible="true" version="1" lat="50.00169646365" lon="9.00232839088" />
  <node id="20604" visible="true" version="1" lat="50.00169889885" lon="9.00232221651" />
  <node id="20605" visible="true" version="1" lat="50.00170131411" lon="9.00231602331" />
  <node id="20606" visible="true" version="1" lat="50.00170370939" lon="9.00230981146" />
  <node id="20607" visible="true" version="1" lat="50.00170608461" lon="9.00230358111" />
  <node id="20608" visible="true" version="1" lat="50.00170843973" lon="9.0022973324" />
  <node id="20609" visible="true" version="1" lat="50.00171077468" lon="9.00229106551" />
  <node id="20610" visible="true" version="1" lat="50.0017130894" lon="9.00228478058" />
  <node id="20611" visible="true" version="1" lat="50.00171538384" lon="9.00227847777" />
  <node id="20612" visible="true" version="1" lat="50.00171765793" lon="9.00227215724" />
  <node id="20613" visible="true" version="1" lat="50.00171991163" lon="9.00226581915" />
  <node id="20614" visible="true" version="1" lat="50.00172214488" lon="9.00225946366" />
  <node id="20615" visible="true" version="1" lat="50.00172435761" lon="9.00225309092" />
  <node id="20616" visible="true" version="1" lat="50.00172654978" lon="9.00224670109" />
  <node id="20617" visible="true" version="1" lat="50.00172872133" lon="9.00224029434" />
  <node id="20618" visible="true" version="1" lat="50.0017308722" lon="9.00223387083" />
  <node id="20619" visible="true" version="1" lat="50.00173300234" lon="9.0022274307" />
  <node id="20620" visible="true" version="1" lat="50.0017351117" lon="9.00222097414" />
  <node id="20621" visible="true" version="1" lat="50.00173720023" lon="9.00221450129" />
  <node id="20622" visible="true" version="1" lat="50.00173926787" lon="9.00220801232" />
  <node id="20623" visible="true" version="1" lat="50.00174131457" lon="9.00220150739" />
  <node id="20624" visible="true" version="1" lat="50.00174334028" lon="9.00219498667" />
  <node id="20625" visible="true" version="1" lat="50.00174534495" lon="9.00218845031" />
  <node id="20626" visible="true" version="1" lat="50.00174732853" lon="9.00218189848" />
  <node id="20627" visible="true" version="1" lat="50.00174929097" lon="9.00217533135" />
  <node id="20628" visible="true" version="1" lat="50.00175123223" lon="9.00216874907" />
  <node id="20629" visible="true" version="1" lat="50.00175315224" lon="9.00216215182" />
  <node id="20630" visible="true" version="1" lat="50.00175505097" lon="9.00215553976" />
  <node id="20631" visible="true" version="1" lat="50.00175692836" lon="9.00214891305" />
  <node id="20632" visible="true" version="1" lat="50.00175878438" lon="9.00214227186" />
  <node id="20633" visible="true" version="1" lat="50.00176061897" lon="9.00213561635" />
  <node id="20634" visible="true" version="1" lat="50.00176243208" lon="9.00212894669" />
  <node id="20635" visible="true" version="1" lat="50.00176422368" lon="9.00212226306" />
  <node id="20636" visible="true" version="1" lat="50.00176599372" lon="9.0021155656" />
  <node id="20637" visible="true" version="1" lat="50.00176774214" lon="9.0021088545" />
  <node id="20638" visible="true" version="1" lat="50.00176946892" lon="9.00210212992" />
  <node id="20639" visible="true" version="1" lat="50.00177117401" lon="9.00209539203" />
  <node id="20640" visible="true" version="1" lat="50.00177285736" lon="9.002088641" />
  <node id="20641" visible="true" version="1" lat="50.00177451893" lon="9.00208187699" />
  <node id="20642" visible="true" version="1" lat="50.00177615868" lon="9.00207510018" />
  <node id="20643" visible="true" version="1" lat="50.00177777657" lon="9.00206831073" />
  <node id="20644" visible="true" version="1" lat="50.00177937255" lon="9.00206150881" />
  <node id="20645" visible="true" version="1" lat="50.0017809466" lon="9.0020546946" />
  <node id="20646" visible="true" version="1" lat="50.00178249867" lon="9.00204786826" />
  <node id="20647" visible="true" version="1" lat="50.00178402871" lon="9.00204102997" />
  <node id="20648" visible="true" version="1" lat="50.0017855367" lon="9.0020341799" />
  <node id="20649" visible="true" version="1" lat="50.00178702259" lon="9.00202731821" />
  <node id="20650" visible="true" version="1" lat="50.00178848636" lon="9.00202044508" />
  <node id="20651" visible="true" version="1" lat="50.00178992795" lon="9.00201356068" />
  <node id="20652" visible="true" version="1" lat="50.00179134733" lon="9.00200666519" />
  <node id="20653" visible="true" version="1" lat="50.00179274448" lon="9.00199975876" />
  <node id="20654" visible="true" version="1" lat="50.00179411935" lon="9.00199284159" />
  <node id="20655" visible="true" version="1" lat="50.00179547191" lon="9.00198591384" />
  <node id="20656" visible="true" version="1" lat="50.00179680213" lon="9.00197897568" />
  <node id="20657" visible="true" version="1" lat="50.00179810997" lon="9.00197202729" />
  <node id="20658" visible="true" version="1" lat="50.0017993954" lon="9.00196506884" />
  <node id="20659" visible="true" version="1" lat="50.00180065839" lon="9.00195810051" />
  <node id="20660" visible="true" version="1" lat="50.0018018989" lon="9.00195112246" />
  <node id="20661" visible="true" version="1" lat="50.00180311691" lon="9.00194413488" />
  <node id="20662" visible="true" version="1" lat="50.00180431239" lon="9.00193713794" />
  <node id="20663" visible="true" version="1" lat="50.0018054853" lon="9.00193013181" />
  <node id="20664" visible="true" version="1" lat="50.00180663562" lon="9.00192311667" />
  <node id="20665" visible="true" version="1" lat="50.00180776331" lon="9.0019160927" />
  <node id="20666" visible="true" version="1" lat="50.00180886835" lon="9.00190906006" />
  <node id="20667" visible="true" version="1" lat="50.00180995072" lon="9.00190201894" />
  <node id="20668" visible="true" version="1" lat="50.00181101038" lon="9.00189496951" />
  <node id="20669" visible="true" version="1" lat="50.0018120473" lon="9.00188791195" />
  <node id="20670" visible="true" version="1" lat="50.00181306147" lon="9.00188084643" />
  <node id="20671" visible="true" version="1" lat="50.00181405285" lon="9.00187377313" />
  <node id="20672" visible="true" version="1" lat="50.00181502143" lon="9.00186669223" />
  <node id="20673" visible="true" version="1" lat="50.00181596717" lon="9.00185960391" />
  <node id="20674" visible="true" version="1" lat="50.00181689006" lon="9.00185250834" />
  <node id="20675" visible="true" version="1" lat="50.00181779007" lon="9.00184540569" />
  <node id="20676" visible="true" version="1" lat="50.00181866718" lon="9.00183829616" />
  <node id="20677" visible="true" version="1" lat="50.00181952136" lon="9.00183117991" />
  <node id="20678" visible="true" version="1" lat="50.0018203526" lon="9.00182405712" />
  <node id="20679" visible="true" version="1" lat="50.00182116087" lon="9.00181692797" />
  <node id="20680" visible="true" version="1" lat="50.00182194616" lon="9.00180979264" />
  <node id="20681" visible="true" version="1" lat="50.00182270844" lon="9.00180265131" />
  <node id="20682" visible="true" version="1" lat="50.00182344769" lon="9.00179550415" />
  <node id="20683" visible="true" version="1" lat="50.0018241639" lon="9.00178835135" />
  <node id="20684" visible="true" version="1" lat="50.00182485705" lon="9.00178119308" />
  <node id="20685" visible="true" version="1" lat="50.00182552713" lon="9.00177402952" />
  <node id="20686" visible="true" version="1" lat="50.00182617411" lon="9.00176686086" />
  <node id="20687" visible="true" version="1" lat="50.00182679797" lon="9.00175968727" />
  <node id="20688" visible="true" version="1" lat="50.00182739871" lon="9.00175250892" />
  <node id="20689" visible="true" version="1" lat="50.00182797631" lon="9.00174532601" />
  <node id="20690" visible="true" version="1" lat="50.00182853075" lon="9.0017381387" />
  <node id="20691" visible="true" version="1" lat="50.00182906202" lon="9.00173094718" />
  <node id="20692" visible="true" version="1" lat="50.00182957011" lon="9.00172375164" />
  <node id="20693" visible="true" version="1" lat="50.001830055" lon="9.00171655224" />
  <node id="20694" visible="true" version="1" lat="50.00183051668" lon="9.00170934916" />
  <node id="20695" visible="true" version="1" lat="50.00183095514" lon="9.0017021426" />
  <node id="20696" visible="true" version="1" lat="50.00183137038" lon="9.00169493273" />
  <node id="20697" visible="true" version="1" lat="50.00183176237" lon="9.00168771972" />
  <node id="20698" visible="true" version="1" lat="50.00183213111" lon="9.00168050376" />
  <node id="20699" visible="true" version="1" lat="50.00183247659" lon="9.00167328504" />
  <node id="20700" visible="true" version="1" lat="50.0018327988" lon="9.00166606372" />
  <node id="20701" visible="true" version="1" lat="50.00183309773" lon="9.00165884" />
  <node id="20702" visible="true" version="1" lat="50.00183337338" lon="9.00165161404" />
  <node id="20703" visible="true" version="1" lat="50.00183362573" lon="9.00164438604" />
  <node id="20704" visible="true" version="1" lat="50.00183385479" lon="9.00163715617" />
  <node id="20705" visible="true" version="1" lat="50.00183406055" lon="9.00162992461" />
  <node id="20706" visible="true" version="1" lat="50.001834243" lon="9.00162269155" />
  <node id="20707" visible="true" version="1" lat="50.00183440213" lon="9.00161545716" />
  <node id="20708" visible="true" version="1" lat="50.00183453795" lon="9.00160822163" />
  <node id="20709" visible="true" version="1" lat="50.00183465045" lon="9.00160098514" />
  <node id="20710" visible="true" version="1" lat="50.00183473962" lon="9.00159374786" />
  <node id="20712" visible="true" version="1" lat="49.99998313615" lon="9" />
  <node id="20713" visible="true" version="1" lat="49.99998313615" lon="9.0000069767" />
  <node id="20714" visible="true" version="1" lat="49.99998313615" lon="9.0000139534" />
  <node id="20715" visible="true" version="1" lat="49.99998313615" lon="9.00002093011" />
  <node id="20716" visible="true" version="1" lat="49.99998313615" lon="9.00002790681" />
  <node id="20717" visible="true" version="1" lat="49.99998313614" lon="9.00003488351" />
  <node id="20718" visible="true" version="1" lat="49.99998313614" lon="9.00004186021" />
  <node id="20719" visible="true" version="1" lat="49.99998313614" lon="9.00004883691" />
  <node id="20720" visible="true" version="1" lat="49.99998313614" lon="9.00005581362" />
  <node id="20721" visible="true" version="1" lat="49.99998313613" lon="9.00006279032" />
  <node id="20722" visible="true" version="1" lat="49.99998313613" lon="9.00006976702" />
  <node id="20723" visible="true" version="1" lat="49.99998313612" lon="9.00007674372" />
  <node id="20724" visible="true" version="1" lat="49.99998313612" lon="9.00008372042" />
  <node id="20725" visible="true" version="1" lat="49.99998313611" lon="9.00009069713" />
  <node id="20726" visible="true" version="1" lat="49.99998313611" lon="9.00009767383" />
  <node id="20727" visible="true" version="1" lat="49.9999831361" lon="9.00010465053" />
  <node id="20728" visible="true" version="1" lat="49.9999831361" lon="9.00011162723" />
  <node id="20729" visible="true" version="1" lat="49.99998313609" lon="9.00011860393" />
  <node id="20730" visible="true" version="1" lat="49.99998313608" lon="9.00012558064" />
  <node id="20731" visible="true" version="1" lat="49.99998313607" lon="9.00013255734" />
  <node id="20732" visible="true" version="1" lat="49.99998313607" lon="9.00013953404" />
  <node id="20733" visible="true" version="1" lat="49.99998313606" lon="9.00014651074" />
  <node id="20734" visible="true" version="1" lat="49.99998313605" lon="9.00015348744" />
  <node id="20735" visible="true" version="1" lat="49.99998313604" lon="9.00016046415" />
  <node id="20736" visible="true" version="1" lat="49.99998313603" lon="9.00016744085" />
  <node id="20737" visible="true" version="1" lat="49.99998313602" lon="9.00017441755" />
  <node id="20738" visible="true" version="1" lat="49.99998313601" lon="9.00018139425" />
  <node id="20739" visible="true" version="1" lat="49.999983136" lon="9.00018837095" />
  <node id="20740" visible="true" version="1" lat="49.99998313599" lon="9.00019534765" />
  <node id="20741" visible="true" version="1" lat="49.99998313597" lon="9.00020232436" />
  <node id="20742" visible="true" version="1" lat="49.99998313596" lon="9.00020930106" />
  <node id="20743" visible="true" version="1" lat="49.99998313595" lon="9.00021627776" />
  <node id="20744" visible="true" version="1" lat="49.99998313593" lon="9.00022325446" />
  <node id="20745" visible="true" version="1" lat="49.99998313592" lon="9.00023023116" />
  <node id="20746" visible="true" version="1" lat="49.99998313591" lon="9.00023720787" />
  <node id="20747" visible="true" version="1" lat="49.99998313589" lon="9.00024418457" />
  <node id="20748" visible="true" version="1" lat="49.99998313588" lon="9.00025116127" />
  <node id="20749" visible="true" version="1" lat="49.99998313586" lon="9.00025813797" />
  <node id="20750" visible="true" version="1" lat="49.99998313585" lon="9.00026511467" />
  <node id="20751" visible="true" version="1" lat="49.99998313583" lon="9.00027209138" />
  <node id="20752" visible="true" version="1" lat="49.99998313581" lon="9.00027906808" />
  <node id="20753" visible="true" version="1" lat="49.9999831358" lon="9.00028604478" />
  <node id="20754" visible="true" version="1" lat="49.99998313578" lon="9.00029302148" />
  <node id="20755" visible="true" version="1" lat="49.99998313576" lon="9.00029999818" />
  <node id="20756" visible="true" version="1" lat="49.99998313574" lon="9.00030697489" />
  <node id="20757" visible="true" version="1" lat="49.99998313572" lon="9.00031395159" />
  <node id="20758" visible="true" version="1" lat="49.99998313571" lon="9.00032092829" />
  <node id="20759" visible="true" version="1" lat="49.99998313569" lon="9.00032790499" />
  <node id="20760" visible="true" version="1" lat="49.99998313567" lon="9.00033488169" />
  <node id="20761" visible="true" version="1" lat="49.99998313565" lon="9.0003418584" />
  <node id="20762" visible="true" version="1" lat="49.99998313563" lon="9.0003488351" />
  <node id="20763" visible="true" version="1" lat="49.9999831356" lon="9.0003558118" />
  <node id="20764" visible="true" version="1" lat="49.99998313558" lon="9.0003627885" />
  <node id="20765" visible="true" version="1" lat="49.99998313556" lon="9.0003697652" />
  <node id="20766" visible="true" version="1" lat="49.99998313554" lon="9.00037674191" />
  <node id="20767" visible="true" version="1" lat="49.99998313552" lon="9.00038371861" />
  <node id="20768" visible="true" version="1" lat="49.99998313549" lon="9.00039069531" />
  <node id="20769" visible="true" version="1" lat="49.99998313547" lon="9.00039767201" />
  <node id="20770" visible="true" version="1" lat="49.99998313544" lon="9.00040464871" />
  <node id="20771" visible="true" version="1" lat="49.99998313542" lon="9.00041162542" />
  <node id="20772" visible="true" version="1" lat="49.99998313539" lon="9.00041860212" />
  <node id="20773" visible="true" version="1" lat="49.99998313537" lon="9.00042557882" />
  <node id="20774" visible="true" version="1" lat="49.99998313534" lon="9.00043255552" />
  <node id="20775" visible="true" version="1" lat="49.99998313532" lon="9.00043953222" />
  <node id="20776" visible="true" version="1" lat="49.99998313529" lon="9.00044650893" />
  <node id="20777" visible="true" version="1" lat="49.99998313526" lon="9.00045348563" />
  <node id="20778" visible="true" version="1" lat="49.99998313524" lon="9.00046046233" />
  <node id="20779" visible="true" version="1" lat="49.99998313521" lon="9.00046743903" />
  <node id="20780" visible="true" version="1" lat="49.99998313518" lon="9.00047441573" />
  <node id="20781" visible="true" version="1" lat="49.99998313515" lon="9.00048139244" />
  <node id="20782" visible="true" version="1" lat="49.99998313512" lon="9.00048836914" />
  <node id="20783" visible="true" version="1" lat="49.99998313509" lon="9.00049534584" />
  <node id="20784" visible="true" version="1" lat="49.99998313506" lon="9.00050232254" />
  <node id="20785" visible="true" version="1" lat="49.99998313503" lon="9.00050929924" />
  <node id="20786" visible="true" version="1" lat="49.999983135" lon="9.00051627595" />
  <node id="20787" visible="true" version="1" lat="49.99998313497" lon="9.00052325265" />
  <node id="20788" visible="true" version="1" lat="49.99998313494" lon="9.00053022935" />
  <node id="20789" visible="true" version="1" lat="49.99998313491" lon="9.00053720605" />
  <node id="20790" visible="true" version="1" lat="49.99998313487" lon="9.00054418275" />
  <node id="20791" visible="true" version="1" lat="49.99998313484" lon="9.00055115946" />
  <node id="20792" visible="true" version="1" lat="49.99998313481" lon="9.00055813616" />
  <node id="20793" visible="true" version="1" lat="49.99998313477" lon="9.00056511286" />
  <node id="20794" visible="true" version="1" lat="49.99998313474" lon="9.00057208956" />
  <node id="20795" visible="true" version="1" lat="49.9999831347" lon="9.00057906626" />
  <node id="20796" visible="true" version="1" lat="49.99998313467" lon="9.00058604296" />
  <node id="20797" visible="true" version="1" lat="49.99998313463" lon="9.00059301967" />
  <node id="20798" visible="true" version="1" lat="49.9999831346" lon="9.00059999637" />
  <node id="20799" visible="true" version="1" lat="49.99998313456" lon="9.00060697307" />
  <node id="20800" visible="true" version="1" lat="49.99998313453" lon="9.00061394977" />
  <node id="20801" visible="true" version="1" lat="49.99998313449" lon="9.00062092647" />
  <node id="20802" visible="true" version="1" lat="49.99998313445" lon="9.00062790318" />
  <node id="20803" visible="true" version="1" lat="49.99998313441" lon="9.00063487988" />
  <node id="20804" visible="true" version="1" lat="49.99998313437" lon="9.00064185658" />
  <node id="20805" visible="true" version="1" lat="49.99998313434" lon="9.00064883328" />
  <node id="20806" visible="true" version="1" lat="49.9999831343" lon="9.00065580998" />
  <node id="20807" visible="true" version="1" lat="49.99998313426" lon="9.00066278669" />
  <node id="20808" visible="true" version="1" lat="49.99998313422" lon="9.00066976339" />
  <node id="20809" visible="true" version="1" lat="49.99998313418" lon="9.00067674009" />
  <node id="20810" visible="true" version="1" lat="49.99998313414" lon="9.00068371679" />
  <node id="20811" visible="true" version="1" lat="49.99998313409" lon="9.00069069349" />
  <node id="20812" visible="true" version="1" lat="49.99998313405" lon="9.0006976702" />
  <node id="20813" visible="true" version="1" lat="49.99998313401" lon="9.0007046469" />
  <node id="20814" visible="true" version="1" lat="49.99998313397" lon="9.0007116236" />
  <node id="20815" visible="true" version="1" lat="49.99998313392" lon="9.0007186003" />
  <node id="20816" visible="true" version="1" lat="49.99998313388" lon="9.000725577" />
  <node id="20817" visible="true" version="1" lat="49.99998313384" lon="9.00073255371" />
  <node id="20818" visible="true" version="1" lat="49.99998313379" lon="9.00073953041" />
  <node id="20819" visible="true" version="1" lat="49.99998313375" lon="9.00074650711" />
  <node id="20820" visible="true" version="1" lat="49.9999831337" lon="9.00075348381" />
  <node id="20821" visible="true" version="1" lat="49.99998313366" lon="9.00076046051" />
  <node id="20822" visible="true" version="1" lat="49.99998313361" lon="9.00076743722" />
  <node id="20823" visible="true" version="1" lat="49.99998313357" lon="9.00077441392" />
  <node id="20824" visible="true" version="1" lat="49.99998313352" lon="9.00078139062" />
  <node id="20825" visible="true" version="1" lat="49.99998313347" lon="9.00078836732" />
  <node id="20826" visible="true" version="1" lat="49.99998313342" lon="9.00079534402" />
  <node id="20827" visible="true" version="1" lat="49.99998313338" lon="9.00080232073" />
  <node id="20828" visible="true" version="1" lat="49.99998313333" lon="9.00080929743" />
  <node id="20829" visible="true" version="1" lat="49.99998313328" lon="9.00081627413" />
  <node id="20830" visible="true" version="1" lat="49.99998313323" lon="9.00082325083" />
  <node id="20831" visible="true" version="1" lat="49.99998313318" lon="9.00083022753" />
  <node id="20832" visible="true" version="1" lat="49.99998313313" lon="9.00083720424" />
  <node id="20833" visible="true" version="1" lat="49.99998313308" lon="9.00084418094" />
  <node id="20834" visible="true" version="1" lat="49.99998313303" lon="9.00085115764" />
  <node id="20835" visible="true" version="1" lat="49.99998313298" lon="9.00085813434" />
  <node id="20836" visible="true" version="1" lat="49.99998313292" lon="9.00086511104" />
  <node id="20837" visible="true" version="1" lat="49.99998313287" lon="9.00087208775" />
  <node id="20838" visible="true" version="1" lat="49.99998313282" lon="9.00087906445" />
  <node id="20839" visible="true" version="1" lat="49.99998313277" lon="9.00088604115" />
  <node id="20840" visible="true" version="1" lat="49.99998313271" lon="9.00089301785" />
  <node id="20841" visible="true" version="1" lat="49.99998313266" lon="9.00089999455" />
  <node id="20842" visible="true" version="1" lat="49.9999831326" lon="9.00090697126" />
  <node id="20843" visible="true" version="1" lat="49.99998313255" lon="9.00091394796" />
  <node id="20844" visible="true" version="1" lat="49.9999831325" lon="9.00092092466" />
  <node id="20845" visible="true" version="1" lat="49.99998313244" lon="9.00092790136" />
  <node id="20846" visible="true" version="1" lat="49.99998313238" lon="9.00093487806" />
  <node id="20847" visible="true" version="1" lat="49.99998313233" lon="9.00094185477" />
  <node id="20848" visible="true" version="1" lat="49.99998313227" lon="9.00094883147" />
  <node id="20849" visible="true" version="1" lat="49.99998313221" lon="9.00095580817" />
  <node id="20850" visible="true" version="1" lat="49.99998313216" lon="9.00096278487" />
  <node id="20851" visible="true" version="1" lat="49.9999831321" lon="9.00096976157" />
  <node id="20852" visible="true" version="1" lat="49.99998313204" lon="9.00097673827" />
  <node id="20853" visible="true" version="1" lat="49.99998313198" lon="9.00098371498" />
  <node id="20854" visible="true" version="1" lat="49.99998313192" lon="9.00099069168" />
  <node id="20855" visible="true" version="1" lat="49.99998313186" lon="9.00099766838" />
  <node id="20856" visible="true" version="1" lat="49.9999831318" lon="9.00100464508" />
  <node id="20857" visible="true" version="1" lat="49.99998313174" lon="9.00101162178" />
  <node id="20858" visible="true" version="1" lat="49.99998313168" lon="9.00101859849" />
  <node id="20859" visible="true" version="1" lat="49.99998313162" lon="9.00102557519" />
  <node id="20860" visible="true" version="1" lat="49.99998313156" lon="9.00103255189" />
  <node id="20861" visible="true" version="1" lat="49.99998313149" lon="9.00103952859" />
  <node id="20862" visible="true" version="1" lat="49.99998313143" lon="9.00104650529" />
  <node id="20863" visible="true" version="1" lat="49.99998313137" lon="9.001053482" />
  <node id="20864" visible="true" version="1" lat="49.9999831313" lon="9.0010604587" />
  <node id="20865" visible="true" version="1" lat="49.99998313124" lon="9.0010674354" />
  <node id="20866" visible="true" version="1" lat="49.99998313118" lon="9.0010744121" />
  <node id="20867" visible="true" version="1" lat="49.99998313111" lon="9.0010813888" />
  <node id="20868" visible="true" version="1" lat="49.99998313105" lon="9.00108836551" />
  <node id="20869" visible="true" version="1" lat="49.99998313098" lon="9.00109534221" />
  <node id="20870" visible="true" version="1" lat="49.99998313091" lon="9.00110231891" />
  <node id="20871" visible="true" version="1" lat="49.99998313085" lon="9.00110929561" />
  <node id="20872" visible="true" version="1" lat="49.99998313078" lon="9.00111627231" />
  <node id="20873" visible="true" version="1" lat="49.99998313071" lon="9.00112324902" />
  <node id="20874" visible="true" version="1" lat="49.99998313065" lon="9.00113022572" />
  <node id="20875" visible="true" version="1" lat="49.99998313058" lon="9.00113720242" />
  <node id="20876" visible="true" version="1" lat="49.99998313051" lon="9.00114417912" />
  <node id="20877" visible="true" version="1" lat="49.99998313044" lon="9.00115115582" />
  <node id="20878" visible="true" version="1" lat="49.99998313037" lon="9.00115813253" />
  <node id="20879" visible="true" version="1" lat="49.9999831303" lon="9.00116510923" />
  <node id="20880" visible="true" version="1" lat="49.99998313023" lon="9.00117208593" />
  <node id="20881" visible="true" version="1" lat="49.99998313016" lon="9.00117906263" />
  <node id="20882" visible="true" version="1" lat="49.99998313009" lon="9.00118603933" />
  <node id="20883" visible="true" version="1" lat="49.99998313002" lon="9.00119301604" />
  <node id="20884" visible="true" version="1" lat="49.99998312994" lon="9.00119999274" />
  <node id="20885" visible="true" version="1" lat="49.99998312987" lon="9.00120696944" />
  <node id="20886" visible="true" version="1" lat="49.9999831298" lon="9.00121394614" />
  <node id="20887" visible="true" version="1" lat="49.99998312973" lon="9.00122092284" />
  <node id="20888" visible="true" version="1" lat="49.99998312965" lon="9.00122789955" />
  <node id="20889" visible="true" version="1" lat="49.99998312958" lon="9.00123487625" />
  <node id="20890" visible="true" version="1" lat="49.9999831295" lon="9.00124185295" />
  <node id="20891" visible="true" version="1" lat="49.99998312943" lon="9.00124882965" />
  <node id="20892" visible="true" version="1" lat="49.99998312935" lon="9.00125580635" />
  <node id="20893" visible="true" version="1" lat="49.99998312928" lon="9.00126278306" />
  <node id="20894" visible="true" version="1" lat="49.9999831292" lon="9.00126975976" />
  <node id="20895" visible="true" version="1" lat="49.99998312913" lon="9.00127673646" />
  <node id="20896" visible="true" version="1" lat="49.99998312905" lon="9.00128371316" />
  <node id="20897" visible="true" version="1" lat="49.99998312897" lon="9.00129068986" />
  <node id="20898" visible="true" version="1" lat="49.99998312889" lon="9.00129766657" />
  <node id="20899" visible="true" version="1" lat="49.99998312882" lon="9.00130464327" />
  <node id="20900" visible="true" version="1" lat="49.99998312874" lon="9.00131161997" />
  <node id="20901" visible="true" version="1" lat="49.99998312866" lon="9.00131859667" />
  <node id="20902" visible="true" version="1" lat="49.99998312858" lon="9.00132557337" />
  <node id="20903" visible="true" version="1" lat="49.9999831285" lon="9.00133255007" />
  <node id="20904" visible="true" version="1" lat="49.99998312842" lon="9.00133952678" />
  <node id="20905" visible="true" version="1" lat="49.99998312834" lon="9.00134650348" />
  <node id="20906" visible="true" version="1" lat="49.99998312826" lon="9.00135348018" />
  <node id="20907" visible="true" version="1" lat="49.99998312817" lon="9.00136045688" />
  <node id="20908" visible="true" version="1" lat="49.99998312809" lon="9.00136743358" />
  <node id="20909" visible="true" version="1" lat="49.99998312801" lon="9.00137441029" />
  <node id="20910" visible="true" version="1" lat="49.99998312793" lon="9.00138138699" />
  <node id="20911" visible="true" version="1" lat="49.99998312784" lon="9.00138836369" />
  <node id="20912" visible="true" version="1" lat="49.99998312776" lon="9.00139534039" />
  <node id="20913" visible="true" version="1" lat="49.99998312776" lon="9.00139534039" />
  <node id="20914" visible="true" version="1" lat="49.9999831278" lon="9.00140238248" />
  <node id="20915" visible="true" version="1" lat="49.9999831284" lon="9.00140942458" />
  <node id="20916" visible="true" version="1" lat="49.99998313" lon="9.00141646667" />
  <node id="20917" visible="true" version="1" lat="49.99998313306" lon="9.00142350876" />
  <node id="20918" visible="true" version="1" lat="49.99998313802" lon="9.00143055084" />
  <node id="20919" visible="true" version="1" lat="49.99998314533" lon="9.00143759293" />
  <node id="20920" visible="true" version="1" lat="49.99998315545" lon="9.001444635" />
  <node id="20921" visible="true" version="1" lat="49.99998316882" lon="9.00145167706" />
  <node id="20922" visible="true" version="1" lat="49.99998318589" lon="9.0014587191" />
  <node id="20923" visible="true" version="1" lat="49.99998320711" lon="9.00146576112" />
  <node id="20924" visible="true" version="1" lat="49.99998323294" lon="9.0014728031" />
  <node id="20925" visible="true" version="1" lat="49.99998326382" lon="9.00147984502" />
  <node id="20926" visible="true" version="1" lat="49.99998330019" lon="9.00148688689" />
  <node id="20927" visible="true" version="1" lat="49.99998334252" lon="9.00149392867" />
  <node id="20928" visible="true" version="1" lat="49.99998339125" lon="9.00150097036" />
  <node id="20929" visible="true" version="1" lat="49.99998344683" lon="9.00150801192" />
  <node id="20930" visible="true" version="1" lat="49.99998350971" lon="9.00151505334" />
  <node id="20931" visible="true" version="1" lat="49.99998358034" lon="9.00152209458" />
  <node id="20932" visible="true" version="1" lat="49.99998365917" lon="9.0015291356" />
  <node id="20933" visible="true" version="1" lat="49.99998374664" lon="9.00153617639" />
  <node id="20934" visible="true" version="1" lat="49.99998384322" lon="9.00154321688" />
  <node id="20935" visible="true" version="1" lat="49.99998394933" lon="9.00155025705" />
  <node id="20936" visible="true" version="1" lat="49.99998406545" lon="9.00155729684" />
  <node id="20937" visible="true" version="1" lat="49.99998419201" lon="9.00156433619" />
  <node id="20938" visible="true" version="1" lat="49.99998432946" lon="9.00157137505" />
  <node id="20939" visible="true" version="1" lat="49.99998447825" lon="9.00157841335" />
  <node id="20940" visible="true" version="1" lat="49.99998463884" lon="9.00158545104" />
  <node id="20941" visible="true" version="1" lat="49.99998481166" lon="9.00159248802" />
  <node id="20942" visible="true" version="1" lat="49.99998499717" lon="9.00159952423" />
  <node id="20943" visible="true" version="1" lat="49.99998519581" lon="9.00160655957" />
  <node id="20944" visible="true" version="1" lat="49.99998540804" lon="9.00161359396" />
  <node id="20945" visible="true" version="1" lat="49.99998563429" lon="9.00162062729" />
  <node id="20946" visible="true" version="1" lat="49.99998587502" lon="9.00162765947" />
  <node id="20947" visible="true" version="1" lat="49.99998613068" lon="9.00163469038" />
  <node id="20948" visible="true" version="1" lat="49.9999864017" lon="9.00164171991" />
  <node id="20949" visible="true" version="1" lat="49.99998668854" lon="9.00164874792" />
  <node id="20950" visible="true" version="1" lat="49.99998699163" lon="9.00165577429" />
  <node id="20951" visible="true" version="1" lat="49.99998731143" lon="9.00166279888" />
  <node id="20952" visible="true" version="1" lat="49.99998764838" lon="9.00166982154" />
  <node id="20953" visible="true" version="1" lat="49.99998800293" lon="9.00167684211" />
  <node id="20954" visible="true" version="1" lat="49.9999883755" lon="9.00168386044" />
  <node id="20955" visible="true" version="1" lat="49.99998876656" lon="9.00169087635" />
  <node id="20956" visible="true" version="1" lat="49.99998917653" lon="9.00169788965" />
  <node id="20957" visible="true" version="1" lat="49.99998960586" lon="9.00170490017" />
  <node id="20958" visible="true" version="1" lat="49.99999005499" lon="9.0017119077" />
  <node id="20959" visible="true" version="1" lat="49.99999052436" lon="9.00171891204" />
  <node id="20960" visible="true" version="1" lat="49.9999910144" lon="9.00172591296" />
  <node id="20961" visible="true" version="1" lat="49.99999152555" lon="9.00173291026" />
  <node id="20962" visible="true" version="1" lat="49.99999205825" lon="9.00173990368" />
  <node id="20963" visible="true" version="1" lat="49.99999261293" lon="9.00174689299" />
  <node id="20964" visible="true" version="1" lat="49.99999261293" lon="9.00174689299" />
  <node id="20965" visible="true" version="1" lat="49.99999319537" lon="9.00175394283" />
  <node id="20966" visible="true" version="1" lat="49.99999380051" lon="9.00176098806" />
  <node id="20967" visible="true" version="1" lat="49.99999442836" lon="9.00176802851" />
  <node id="20968" visible="true" version="1" lat="49.99999507888" lon="9.001775064" />
  <node id="20969" visible="true" version="1" lat="49.99999575208" lon="9.00178209436" />
  <node id="20970" visible="true" version="1" lat="49.99999644792" lon="9.00178911941" />
  <node id="20971" visible="true" version="1" lat="49.99999716639" lon="9.00179613897" />
  <node id="20972" visible="true" version="1" lat="49.99999790748" lon="9.00180315288" />
  <node id="20973" visible="true" version="1" lat="49.99999867116" lon="9.00181016094" />
  <node id="20974" visible="true" version="1" lat="49.99999945742" lon="9.001817163" />
  <node id="20975" visible="true" version="1" lat="50.00000026623" lon="9.00182415887" />
  <node id="20976" visible="true" version="1" lat="50.00000109758" lon="9.00183114837" />
  <node id="20977" visible="true" version="1" lat="50.00000195145" lon="9.00183813135" />
  <node id="20978" visible="true" version="1" lat="50.00000282781" lon="9.00184510761" />
  <node id="20979" visible="true" version="1" lat="50.00000372664" lon="9.00185207698" />
  <node id="20980" visible="true" version="1" lat="50.00000464793" lon="9.0018590393" />
  <node id="20981" visible="true" version="1" lat="50.00000559164" lon="9.00186599439" />
  <node id="20982" visible="true" version="1" lat="50.00000655775" lon="9.00187294206" />
  <node id="20983" visible="true" version="1" lat="50.00000754624" lon="9.00187988216" />
  <node id="20984" visible="true" version="1" lat="50.00000855709" lon="9.0018868145" />
  <node id="20985" visible="true" version="1" lat="50.00000959026" lon="9.00189373892" />
  <node id="20986" visible="true" version="1" lat="50.00001064574" lon="9.00190065523" />
  <node id="20987" visible="true" version="1" lat="50.0000117235" lon="9.00190756327" />
  <node id="20988" visible="true" version="1" lat="50.0000128235" lon="9.00191446287" />
  <node id="20989" visible="true" version="1" lat="50.00001394573" lon="9.00192135384" />
  <node id="20990" visible="true" version="1" lat="50.00001509015" lon="9.00192823603" />
  <node id="20991" visible="true" version="1" lat="50.00001625674" lon="9.00193510925" />
  <node id="20992" visible="true" version="1" lat="50.00001744546" lon="9.00194197334" />
  <node id="20993" visible="true" version="1" lat="50.00001865629" lon="9.00194882812" />
  <node id="20994" visible="true" version="1" lat="50.0000198892" lon="9.00195567342" />
  <node id="20995" visible="true" version="1" lat="50.00002114415" lon="9.00196250908" />
  <node id="20996" visible="true" version="1" lat="50.00002242112" lon="9.00196933491" />
  <node id="20997" visible="true" version="1" lat="50.00002372007" lon="9.00197615076" />
  <node id="20998" visible="true" version="1" lat="50.00002504097" lon="9.00198295644" />
  <node id="20999" visible="true" version="1" lat="50.00002638378" lon="9.00198975179" />
  <node id="21000" visible="true" version="1" lat="50.00002774848" lon="9.00199653664" />
  <node id="21001" visible="true" version="1" lat="50.00002913503" lon="9.00200331082" />
  <node id="21002" visible="true" version="1" lat="50.0000305434" lon="9.00201007417" />
  <node id="21003" visible="true" version="1" lat="50.00003197354" lon="9.0020168265" />
  <node id="21004" visible="true" version="1" lat="50.00003342543" lon="9.00202356765" />
  <node id="21005" visible="true" version="1" lat="50.00003489902" lon="9.00203029746" />
  <node id="21006" visible="true" version="1" lat="50.00003639429" lon="9.00203701576" />
  <node id="21007" visible="true" version="1" lat="50.00003791118" lon="9.00204372237" />
  <node id="21008" visible="true" version="1" lat="50.00003944968" lon="9.00205041713" />
  <node id="21009" visible="true" version="1" lat="50.00004100973" lon="9.00205709988" />
  <node id="21010" visible="true" version="1" lat="50.00004259129" lon="9.00206377044" />
  <node id="21011" visible="true" version="1" lat="50.00004419434" lon="9.00207042865" />
  <node id="21012" visible="true" version="1" lat="50.00004581882" lon="9.00207707434" />
  <node id="21013" visible="true" version="1" lat="50.0000474647" lon="9.00208370735" />
  <node id="21014" visible="true" version="1" lat="50.00004913194" lon="9.00209032751" />
  <node id="21015" visible="true" version="1" lat="50.00005082049" lon="9.00209693465" />
  <node id="21016" visible="true" version="1" lat="50.00005253032" lon="9.00210352862" />
  <node id="21017" visible="true" version="1" lat="50.00005426137" lon="9.00211010923" />
  <node id="21018" visible="true" version="1" lat="50.00005601362" lon="9.00211667634" />
  <node id="21019" visible="true" version="1" lat="50.000057787" lon="9.00212322978" />
  <node id="21020" visible="true" version="1" lat="50.00005958148" lon="9.00212976938" />
  <node id="21021" visible="true" version="1" lat="50.00006139702" lon="9.00213629497" />
  <node id="21022" visible="true" version="1" lat="50.00006323356" lon="9.0021428064" />
  <node id="21023" visible="true" version="1" lat="50.00006509107" lon="9.00214930351" />
  <node id="21024" visible="true" version="1" lat="50.00006696949" lon="9.00215578613" />
  <node id="21025" visible="true" version="1" lat="50.00006886878" lon="9.00216225409" />
  <node id="21026" visible="true" version="1" lat="50.00007078889" lon="9.00216870724" />
  <node id="21027" visible="true" version="1" lat="50.00007272978" lon="9.00217514542" />
  <node id="21028" visible="true" version="1" lat="50.00007469138" lon="9.00218156846" />
  <node id="21029" visible="true" version="1" lat="50.00007667367" lon="9.00218797621" />
  <node id="21030" visible="true" version="1" lat="50.00007867658" lon="9.0021943685" />
  <node id="21031" visible="true" version="1" lat="50.00008070007" lon="9.00220074517" />
  <node id="21032" visible="true" version="1" lat="50.00008274408" lon="9.00220710607" />
  <node id="21033" visible="true" version="1" lat="50.00008480857" lon="9.00221345103" />
  <node id="21034" visible="true" version="1" lat="50.00008689348" lon="9.0022197799" />
  <node id="21035" visible="true" version="1" lat="50.00008899876" lon="9.00222609252" />
  <node id="21036" visible="true" version="1" lat="50.00009112436" lon="9.00223238873" />
  <node id="21037" visible="true" version="1" lat="50.00009327023" lon="9.00223866838" />
  <node id="21038" visible="true" version="1" lat="50.0000954363" lon="9.0022449313" />
  <node id="21039" visible="true" version="1" lat="50.00009762254" lon="9.00225117734" />
  <node id="21040" visible="true" version="1" lat="50.00009982887" lon="9.00225740634" />
  <node id="21041" visible="true" version="1" lat="50.00010205525" lon="9.00226361816" />
  <node id="21042" visible="true" version="1" lat="50.00010430163" lon="9.00226981262" />
  <node id="21043" visible="true" version="1" lat="50.00010656794" lon="9.00227598959" />
  <node id="21044" visible="true" version="1" lat="50.00010885413" lon="9.00228214889" />
  <node id="21045" visible="true" version="1" lat="50.00011116014" lon="9.00228829039" />
  <node id="21046" visible="true" version="1" lat="50.00011348591" lon="9.00229441392" />
  <node id="21047" visible="true" version="1" lat="50.00011583139" lon="9.00230051934" />
  <node id="21048" visible="true" version="1" lat="50.00011819652" lon="9.00230660648" />
  <node id="21049" visible="true" version="1" lat="50.00012058124" lon="9.00231267521" />
  <node id="21050" visible="true" version="1" lat="50.00012298548" lon="9.00231872536" />
  <node id="21051" visible="true" version="1" lat="50.00012540919" lon="9.00232475679" />
  <node id="21052" visible="true" version="1" lat="50.00012785231" lon="9.00233076934" />
  <node id="21053" visible="true" version="1" lat="50.00013031478" lon="9.00233676286" />
  <node id="21054" visible="true" version="1" lat="50.00013279653" lon="9.00234273721" />
  <node id="21055" visible="true" version="1" lat="50.00013529751" lon="9.00234869224" />
  <node id="21056" visible="true" version="1" lat="50.00013781765" lon="9.00235462779" />
  <node id="21057" visible="true" version="1" lat="50.00014035688" lon="9.00236054371" />
  <node id="21058" visible="true" version="1" lat="50.00014291515" lon="9.00236643987" />
  <node id="21059" visible="true" version="1" lat="50.00014549239" lon="9.00237231611" />
  <node id="21060" visible="true" version="1" lat="50.00014808853" lon="9.00237817229" />
  <node id="21061" visible="true" version="1" lat="50.00015070352" lon="9.00238400825" />
  <node id="21062" visible="true" version="1" lat="50.00015333728" lon="9.00238982386" />
  <node id="21063" visible="true" version="1" lat="50.00015598975" lon="9.00239561897" />
  <node id="21064" visible="true" version="1" lat="50.00015866087" lon="9.00240139343" />
  <node id="21065" visible="true" version="1" lat="50.00016135056" lon="9.00240714709" />
  <node id="21066" visible="true" version="1" lat="50.00016405876" lon="9.00241287983" />
  <node id="21067" visible="true" version="1" lat="50.0001667854" lon="9.00241859148" />
  <node id="21068" visible="true" version="1" lat="50.00016953041" lon="9.00242428191" />
  <node id="21069" visible="true" version="1" lat="50.00017229373" lon="9.00242995098" />
  <node id="21070" visible="true" version="1" lat="50.00017507529" lon="9.00243559854" />
  <node id="21071" visible="true" version="1" lat="50.00017787501" lon="9.00244122446" />
  <node id="21072" visible="true" version="1" lat="50.00018069283" lon="9.00244682859" />
  <node id="21073" visible="true" version="1" lat="50.00018352868" lon="9.00245241079" />
  <node id="21074" visible="true" version="1" lat="50.00018638248" lon="9.00245797093" />
  <node id="21075" visible="true" version="1" lat="50.00018925416" lon="9.00246350886" />
  <node id="21076" visible="true" version="1" lat="50.00019214365" lon="9.00246902444" />
  <node id="21077" visible="true" version="1" lat="50.00019505089" lon="9.00247451755" />
  <node id="21078" visible="true" version="1" lat="50.00019797579" lon="9.00247998803" />
  <node id="21079" visible="true" version="1" lat="50.00020091829" lon="9.00248543576" />
  <node id="21080" visible="true" version="1" lat="50.0002038783" lon="9.00249086059" />
  <node id="21081" visible="true" version="1" lat="50.00020685576" lon="9.0024962624" />
  <node id="21082" visible="true" version="1" lat="50.0002098506" lon="9.00250164104" />
  <node id="21083" visible="true" version="1" lat="50.00021286273" lon="9.00250699639" />
  <node id="21084" visible="true" version="1" lat="50.00021589208" lon="9.00251232831" />
  <node id="21085" visible="true" version="1" lat="50.00021893858" lon="9.00251763666" />
  <node id="21086" visible="true" version="1" lat="50.00022200214" lon="9.00252292131" />
  <node id="21087" visible="true" version="1" lat="50.0002250827" lon="9.00252818213" />
  <node id="21088" visible="true" version="1" lat="50.00022818018" lon="9.002533419" />
  <node id="21089" visible="true" version="1" lat="50.0002312945" lon="9.00253863177" />
  <node id="21090" visible="true" version="1" lat="50.00023442557" lon="9.00254382031" />
  <node id="21091" visible="true" version="1" lat="50.00023757333" lon="9.00254898451" />
  <node id="21092" visible="true" version="1" lat="50.0002407377" lon="9.00255412422" />
  <node id="21093" visible="true" version="1" lat="50.00024391858" lon="9.00255923933" />
  <node id="21094" visible="true" version="1" lat="50.00024711592" lon="9.0025643297" />
  <node id="21095" visible="true" version="1" lat="50.00025032962" lon="9.0025693952" />
  <node id="21096" visible="true" version="1" lat="50.0002535596" lon="9.00257443571" />
  <node id="21097" visible="true" version="1" lat="50.00025680579" lon="9.00257945111" />
  <node id="21098" visible="true" version="1" lat="50.0002600681" lon="9.00258444126" />
  <node id="21099" visible="true" version="1" lat="50.00026334645" lon="9.00258940604" />
  <node id="21100" visible="true" version="1" lat="50.00026664076" lon="9.00259434533" />
  <node id="21101" visible="true" version="1" lat="50.00026995095" lon="9.00259925901" />
  <node id="21102" visible="true" version="1" lat="50.00027327693" lon="9.00260414695" />
  <node id="21103" visible="true" version="1" lat="50.00027661863" lon="9.00260900903" />
  <node id="21104" visible="true" version="1" lat="50.00027997595" lon="9.00261384513" />
  <node id="21105" visible="true" version="1" lat="50.00028334882" lon="9.00261865512" />
  <node id="21106" visible="true" version="1" lat="50.00028673715" lon="9.00262343889" />
  <node id="21107" visible="true" version="1" lat="50.00029014085" lon="9.00262819632" />
  <node id="21108" visible="true" version="1" lat="50.00029355984" lon="9.00263292729" />
  <node id="21109" visible="true" version="1" lat="50.00029699403" lon="9.00263763168" />
  <node id="21110" visible="true" version="1" lat="50.00030044335" lon="9.00264230937" />
  <node id="21111" visible="true" version="1" lat="50.00030390769" lon="9.00264696025" />
  <node id="21112" visible="true" version="1" lat="50.00030738698" lon="9.00265158419" />
  <node id="21113" visible="true" version="1" lat="50.00031088113" lon="9.00265618109" />
  <node id="21114" visible="true" version="1" lat="50.00031439005" lon="9.00266075083" />
  <node id="21115" visible="true" version="1" lat="50.00031791366" lon="9.00266529329" />
  <node id="21116" visible="true" version="1" lat="50.00032145186" lon="9.00266980837" />
  <node id="21117" visible="true" version="1" lat="50.00032500457" lon="9.00267429594" />
  <node id="21118" visible="true" version="1" lat="50.00032857169" lon="9.0026787559" />
  <node id="21119" visible="true" version="1" lat="50.00033215315" lon="9.00268318814" />
  <node id="21120" visible="true" version="1" lat="50.00033574884" lon="9.00268759253" />
  <node id="21121" visible="true" version="1" lat="50.00033935868" lon="9.00269196898" />
  <node id="21122" visible="true" version="1" lat="50.00034298259" lon="9.00269631738" />
  <node id="21123" visible="true" version="1" lat="50.00034662046" lon="9.00270063761" />
  <node id="21124" visible="true" version="1" lat="50.00035027221" lon="9.00270492957" />
  <node id="21125" visible="true" version="1" lat="50.00035393775" lon="9.00270919315" />
  <node id="21126" visible="true" version="1" lat="50.00035761698" lon="9.00271342824" />
  <node id="21127" visible="true" version="1" lat="50.00036130981" lon="9.00271763474" />
  <node id="21128" visible="true" version="1" lat="50.00036501615" lon="9.00272181254" />
  <node id="21129" visible="true" version="1" lat="50.00036873592" lon="9.00272596154" />
  <node id="21130" visible="true" version="1" lat="50.000372469" lon="9.00273008164" />
  <node id="21131" visible="true" version="1" lat="50.00037621532" lon="9.00273417272" />
  <node id="21132" visible="true" version="1" lat="50.00037997478" lon="9.0027382347" />
  <node id="21133" visible="true" version="1" lat="50.00038374728" lon="9.00274226746" />
  <node id="21134" visible="true" version="1" lat="50.00038753273" lon="9.00274627091" />
  <node id="21135" visible="true" version="1" lat="50.00039133104" lon="9.00275024495" />
  <node id="21136" visible="true" version="1" lat="50.0003951421" lon="9.00275418947" />
  <node id="21137" visible="true" version="1" lat="50.00039896584" lon="9.00275810439" />
  <node id="21138" visible="true" version="1" lat="50.00040280214" lon="9.00276198959" />
  <node id="21139" visible="true" version="1" lat="50.00040665091" lon="9.00276584499" />
  <node id="21140" visible="true" version="1" lat="50.00041051206" lon="9.00276967048" />
  <node id="21141" visible="true" version="1" lat="50.00041438549" lon="9.00277346598" />
  <node id="21142" visible="true" version="1" lat="50.0004182711" lon="9.00277723138" />
  <node id="21143" visible="true" version="1" lat="50.00042216881" lon="9.0027809666" />
  <node id="21144" visible="true" version="1" lat="50.0004260785" lon="9.00278467153" />
  <node id="21145" visible="true" version="1" lat="50.00043000008" lon="9.00278834609" />
  <node id="21146" visible="true" version="1" lat="50.00043393345" lon="9.00279199019" />
  <node id="21147" visible="true" version="1" lat="50.00043787852" lon="9.00279560373" />
  <node id="21148" visible="true" version="1" lat="50.00044183519" lon="9.00279918662" />
  <node id="21149" visible="true" version="1" lat="50.00044580336" lon="9.00280273878" />
  <node id="21150" visible="true" version="1" lat="50.00044978292" lon="9.00280626011" />
  <node id="21151" visible="true" version="1" lat="50.00045377378" lon="9.00280975053" />
  <node id="21152" visible="true" version="1" lat="50.00045777584" lon="9.00281320994" />
  <node id="21153" visible="true" version="1" lat="50.000461789" lon="9.00281663827" />
  <node id="21154" visible="true" version="1" lat="50.00046581316" lon="9.00282003543" />
  <node id="21155" visible="true" version="1" lat="50.00046984822" lon="9.00282340133" />
  <node id="21156" visible="true" version="1" lat="50.00047389407" lon="9.00282673589" />
  <node id="21157" visible="true" version="1" lat="50.00047795062" lon="9.00283003903" />
  <node id="21158" visible="true" version="1" lat="50.00048201776" lon="9.00283331065" />
  <node id="21159" visible="true" version="1" lat="50.0004860954" lon="9.00283655069" />
  <node id="21160" visible="true" version="1" lat="50.00049018343" lon="9.00283975906" />
  <node id="21161" visible="true" version="1" lat="50.00049428175" lon="9.00284293567" />
  <node id="21162" visible="true" version="1" lat="50.00049839025" lon="9.00284608046" />
  <node id="21163" visible="true" version="1" lat="50.00050250884" lon="9.00284919333" />
  <node id="21164" visible="true" version="1" lat="50.00050663741" lon="9.00285227423" />
  <node id="21165" visible="true" version="1" lat="50.00051077585" lon="9.00285532305" />
  <node id="21166" visible="true" version="1" lat="50.00051492407" lon="9.00285833974" />
  <node id="21167" visible="true" version="1" lat="50.00051908196" lon="9.00286132421" />
  <node id="21168" visible="true" version="1" lat="50.00052324942" lon="9.00286427639" />
  <node id="21169" visible="true" version="1" lat="50.00052742634" lon="9.00286719621" />
  <node id="21170" visible="true" version="1" lat="50.00053161262" lon="9.00287008359" />
  <node id="21171" visible="true" version="1" lat="50.00053580815" lon="9.00287293847" />
  <node id="21172" visible="true" version="1" lat="50.00054001283" lon="9.00287576076" />
  <node id="21173" visible="true" version="1" lat="50.00054422655" lon="9.0028785504" />
  <node id="21174" visible="true" version="1" lat="50.00054844921" lon="9.00288130732" />
  <node id="21175" visible="true" version="1" lat="50.0005526807" lon="9.00288403145" />
  <node id="21176" visible="true" version="1" lat="50.00055692092" lon="9.00288672273" />
  <node id="21177" visible="true" version="1" lat="50.00056116975" lon="9.00288938108" />
  <node id="21178" visible="true" version="1" lat="50.00056542711" lon="9.00289200644" />
  <node id="21179" visible="true" version="1" lat="50.00056969287" lon="9.00289459874" />
  <node id="21180" visible="true" version="1" lat="50.00057396693" lon="9.00289715792" />
  <node id="21181" visible="true" version="1" lat="50.00057824919" lon="9.00289968391" />
  <node id="21182" visible="true" version="1" lat="50.00058253953" lon="9.00290217665" />
  <node id="21183" visible="true" version="1" lat="50.00058683785" lon="9.00290463609" />
  <node id="21184" visible="true" version="1" lat="50.00059114405" lon="9.00290706215" />
  <node id="21185" visible="true" version="1" lat="50.00059545801" lon="9.00290945478" />
  <node id="21186" visible="true" version="1" lat="50.00059977963" lon="9.00291181391" />
  <node id="21187" visible="true" version="1" lat="50.00060410879" lon="9.00291413949" />
  <node id="21188" visible="true" version="1" lat="50.0006084454" lon="9.00291643146" />
  <node id="21189" visible="true" version="1" lat="50.00061278934" lon="9.00291868977" />
  <node id="21190" visible="true" version="1" lat="50.0006171405" lon="9.00292091435" />
  <node id="21191" visible="true" version="1" lat="50.00062149878" lon="9.00292310515" />
  <node id="21192" visible="true" version="1" lat="50.00062586407" lon="9.00292526211" />
  <node id="21193" visible="true" version="1" lat="50.00063023625" lon="9.00292738519" />
  <node id="21194" visible="true" version="1" lat="50.00063461522" lon="9.00292947432" />
  <node id="21195" visible="true" version="1" lat="50.00063900087" lon="9.00293152946" />
  <node id="21196" visible="true" version="1" lat="50.00064339308" lon="9.00293355056" />
  <node id="21197" visible="true" version="1" lat="50.00064779176" lon="9.00293553756" />
  <node id="21198" visible="true" version="1" lat="50.00065219678" lon="9.00293749042" />
  <node id="21199" visible="true" version="1" lat="50.00065660804" lon="9.00293940908" />
  <node id="21200" visible="true" version="1" lat="50.00066102544" lon="9.00294129349" />
  <node id="21201" visible="true" version="1" lat="50.00066544884" lon="9.00294314362" />
  <node id="21202" visible="true" version="1" lat="50.00066987816" lon="9.00294495942" />
  <node id="21203" visible="true" version="1" lat="50.00067431327" lon="9.00294674083" />
  <node id="21204" visible="true" version="1" lat="50.00067875407" lon="9.00294848782" />
  <node id="21205" visible="true" version="1" lat="50.00068320044" lon="9.00295020034" />
  <node id="21206" visible="true" version="1" lat="50.00068765228" lon="9.00295187834" />
  <node id="21207" visible="true" version="1" lat="50.00069210947" lon="9.00295352179" />
  <node id="21208" visible="true" version="1" lat="50.0006965719" lon="9.00295513065" />
  <node id="21209" visible="true" version="1" lat="50.00070103946" lon="9.00295670487" />
  <node id="21210" visible="true" version="1" lat="50.00070551203" lon="9.00295824442" />
  <node id="21211" visible="true" version="1" lat="50.00070998951" lon="9.00295974925" />
  <node id="21212" visible="true" version="1" lat="50.00071447179" lon="9.00296121934" />
  <node id="21213" visible="true" version="1" lat="50.00071895875" lon="9.00296265463" />
  <node id="21214" visible="true" version="1" lat="50.00072345028" lon="9.0029640551" />
  <node id="21215" visible="true" version="1" lat="50.00072794626" lon="9.00296542072" />
  <node id="21216" visible="true" version="1" lat="50.00073244659" lon="9.00296675144" />
  <node id="21217" visible="true" version="1" lat="50.00073695115" lon="9.00296804723" />
  <node id="21218" visible="true" version="1" lat="50.00074145983" lon="9.00296930807" />
  <node id="21219" visible="true" version="1" lat="50.00074597252" lon="9.00297053391" />
  <node id="21220" visible="true" version="1" lat="50.0007504891" lon="9.00297172474" />
  <node id="21221" visible="true" version="1" lat="50.00075500947" lon="9.00297288052" />
  <node id="21222" visible="true" version="1" lat="50.0007595335" lon="9.00297400121" />
  <node id="21223" visible="true" version="1" lat="50.00076406109" lon="9.0029750868" />
  <node id="21224" visible="true" version="1" lat="50.00076859212" lon="9.00297613726" />
  <node id="21225" visible="true" version="1" lat="50.00077312648" lon="9.00297715255" />
  <node id="21226" visible="true" version="1" lat="50.00077766405" lon="9.00297813266" />
  <node id="21227" visible="true" version="1" lat="50.00078220473" lon="9.00297907756" />
  <node id="21228" visible="true" version="1" lat="50.00078674839" lon="9.00297998722" />
  <node id="21229" visible="true" version="1" lat="50.00079129493" lon="9.00298086163" />
  <node id="21230" visible="true" version="1" lat="50.00079584423" lon="9.00298170076" />
  <node id="21231" visible="true" version="1" lat="50.00080039618" lon="9.00298250458" />
  <node id="21232" visible="true" version="1" lat="50.00080495066" lon="9.00298327309" />
  <node id="21233" visible="true" version="1" lat="50.00080950757" lon="9.00298400626" />
  <node id="21234" visible="true" version="1" lat="50.00081406677" lon="9.00298470407" />
  <node id="21235" visible="true" version="1" lat="50.00081862817" lon="9.00298536651" />
  <node id="21236" visible="true" version="1" lat="50.00082319165" lon="9.00298599355" />
  <node id="21237" visible="true" version="1" lat="50.00082775709" lon="9.00298658519" />
  <node id="21238" visible="true" version="1" lat="50.00083232438" lon="9.00298714141" />
  <node id="21239" visible="true" version="1" lat="50.00083689341" lon="9.00298766219" />
  <node id="21240" visible="true" version="1" lat="50.00084146406" lon="9.00298814752" />
  <node id="21241" visible="true" version="1" lat="50.00084603621" lon="9.00298859739" />
  <node id="21242" visible="true" version="1" lat="50.00085060976" lon="9.00298901179" />
  <node id="21243" visible="true" version="1" lat="50.00085518458" lon="9.0029893907" />
  <node id="21244" visible="true" version="1" lat="50.00085976057" lon="9.00298973413" />
  <node id="21245" visible="true" version="1" lat="50.00086433761" lon="9.00299004205" />
  <node id="21246" visible="true" version="1" lat="50.00086891559" lon="9.00299031446" />
  <node id="21247" visible="true" version="1" lat="50.00087349438" lon="9.00299055136" />
  <node id="21248" visible="true" version="1" lat="50.00087807388" lon="9.00299075274" />
  <node id="21249" visible="true" version="1" lat="50.00088265398" lon="9.00299091859" />
  <node id="21250" visible="true" version="1" lat="50.00088723455" lon="9.00299104891" />
  <node id="21251" visible="true" version="1" lat="50.00089181548" lon="9.0029911437" />
  <node id="21252" visible="true" version="1" lat="50.00089639666" lon="9.00299120295" />
  <node id="21253" visible="true" version="1" lat="50.00090097798" lon="9.00299122666" />
  <node id="21254" visible="true" version="1" lat="50.00090555931" lon="9.00299121484" />
  <node id="21255" visible="true" version="1" lat="50.00091014055" lon="9.00299116747" />
  <node id="21256" visible="true" version="1" lat="50.00091472158" lon="9.00299108457" />
  <node id="21257" visible="true" version="1" lat="50.00091930228" lon="9.00299096614" />
  <node id="21258" visible="true" version="1" lat="50.00092388255" lon="9.00299081217" />
  <node id="21259" visible="true" version="1" lat="50.00092846226" lon="9.00299062268" />
  <node id="21260" visible="true" version="1" lat="50.00093304131" lon="9.00299039766" />
  <node id="21261" visible="true" version="1" lat="50.00093761957" lon="9.00299013713" />
  <node id="21262" visible="true" version="1" lat="50.00094219693" lon="9.00298984108" />
  <node id="21263" visible="true" version="1" lat="50.00094677329" lon="9.00298950954" />
  <node id="21264" visible="true" version="1" lat="50.00095134851" lon="9.00298914249" />
  <node id="21265" visible="true" version="1" lat="50.0009559225" lon="9.00298873996" />
  <node id="21266" visible="true" version="1" lat="50.00096049513" lon="9.00298830195" />
  <node id="21267" visible="true" version="1" lat="50.0009650663" lon="9.00298782848" />
  <node id="21268" visible="true" version="1" lat="50.00096963588" lon="9.00298731956" />
  <node id="21269" visible="true" version="1" lat="50.00097420376" lon="9.00298677519" />
  <node id="21270" visible="true" version="1" lat="50.00097876984" lon="9.0029861954" />
  <node id="21271" visible="true" version="1" lat="50.00098333398" lon="9.00298558019" />
  <node id="21272" visible="true" version="1" lat="50.00098789609" lon="9.00298492959" />
  <node id="21273" visible="true" version="1" lat="50.00099245604" lon="9.00298424361" />
  <node id="21274" visible="true" version="1" lat="50.00099701373" lon="9.00298352226" />
  <node id="21275" visible="true" version="1" lat="50.00100156903" lon="9.00298276557" />
  <node id="21276" visible="true" version="1" lat="50.00100612184" lon="9.00298197355" />
  <node id="21277" visible="true" version="1" lat="50.00101067204" lon="9.00298114622" />
  <node id="21278" visible="true" version="1" lat="50.00101521952" lon="9.00298028361" />
  <node id="21279" visible="true" version="1" lat="50.00101976415" lon="9.00297938573" />
  <node id="21280" visible="true" version="1" lat="50.00102430584" lon="9.00297845261" />
  <node id="21281" visible="true" version="1" lat="50.00102884447" lon="9.00297748427" />
  <node id="21282" visible="true" version="1" lat="50.00103337991" lon="9.00297648074" />
  <node id="21283" visible="true" version="1" lat="50.00103791207" lon="9.00297544203" />
  <node id="21284" visible="true" version="1" lat="50.00104244082" lon="9.00297436818" />
  <node id="21285" visible="true" version="1" lat="50.00104696605" lon="9.00297325922" />
  <node id="21286" visible="true" version="1" lat="50.00105148766" lon="9.00297211516" />
  <node id="21287" visible="true" version="1" lat="50.00105600552" lon="9.00297093605" />
  <node id="21288" visible="true" version="1" lat="50.00106051952" lon="9.0029697219" />
  <node id="21289" visible="true" version="1" lat="50.00106502956" lon="9.00296847276" />
  <node id="21290" visible="true" version="1" lat="50.00106953551" lon="9.00296718864" />
  <node id="21291" visible="true" version="1" lat="50.00107403726" lon="9.00296586958" />
  <node id="21292" visible="true" version="1" lat="50.00107853471" lon="9.00296451562" />
  <node id="21293" visible="true" version="1" lat="50.00108302774" lon="9.00296312679" />
  <node id="21294" visible="true" version="1" lat="50.00108751624" lon="9.00296170313" />
  <node id="21295" visible="true" version="1" lat="50.0010920001" lon="9.00296024466" />
  <node id="21296" visible="true" version="1" lat="50.00109647919" lon="9.00295875143" />
  <node id="21297" visible="true" version="1" lat="50.00110095342" lon="9.00295722347" />
  <node id="21298" visible="true" version="1" lat="50.00110542267" lon="9.00295566083" />
  <node id="21299" visible="true" version="1" lat="50.00110988683" lon="9.00295406353" />
  <node id="21300" visible="true" version="1" lat="50.00111434578" lon="9.00295243163" />
  <node id="21301" visible="true" version="1" lat="50.00111879942" lon="9.00295076516" />
  <node id="21302" visible="true" version="1" lat="50.00112324763" lon="9.00294906415" />
  <node id="21303" visible="true" version="1" lat="50.0011276903" lon="9.00294732867" />
  <node id="21304" visible="true" version="1" lat="50.00113212733" lon="9.00294555874" />
  <node id="21305" visible="true" version="1" lat="50.00113655859" lon="9.00294375442" />
  <node id="21306" visible="true" version="1" lat="50.00114098399" lon="9.00294191574" />
  <node id="21307" visible="true" version="1" lat="50.0011454034" lon="9.00294004276" />
  <node id="21308" visible="true" version="1" lat="50.00114981672" lon="9.00293813552" />
  <node id="21309" visible="true" version="1" lat="50.00115422384" lon="9.00293619407" />
  <node id="21310" visible="true" version="1" lat="50.00115862465" lon="9.00293421846" />
  <node id="21311" visible="true" version="1" lat="50.00116301904" lon="9.00293220873" />
  <node id="21312" visible="true" version="1" lat="50.00116740689" lon="9.00293016494" />
  <node id="21313" visible="true" version="1" lat="50.00117178811" lon="9.00292808713" />
  <node id="21314" visible="true" version="1" lat="50.00117616257" lon="9.00292597537" />
  <node id="21315" visible="true" version="1" lat="50.00118053017" lon="9.0029238297" />
  <node id="21316" visible="true" version="1" lat="50.0011848908" lon="9.00292165017" />
  <node id="21317" visible="true" version="1" lat="50.00118924436" lon="9.00291943685" />
  <node id="21318" visible="true" version="1" lat="50.00119359072" lon="9.00291718978" />
  <node id="21319" visible="true" version="1" lat="50.00119792979" lon="9.00291490903" />
  <node id="21320" visible="true" version="1" lat="50.00120226146" lon="9.00291259464" />
  <node id="21321" visible="true" version="1" lat="50.00120658561" lon="9.00291024668" />
  <node id="21322" visible="true" version="1" lat="50.00121090214" lon="9.0029078652" />
  <node id="21323" visible="true" version="1" lat="50.00121521094" lon="9.00290545027" />
  <node id="21324" visible="true" version="1" lat="50.0012195119" lon="9.00290300195" />
  <node id="21325" visible="true" version="1" lat="50.00122380492" lon="9.00290052029" />
  <node id="21326" visible="true" version="1" lat="50.00122808989" lon="9.00289800537" />
  <node id="21327" visible="true" version="1" lat="50.0012323667" lon="9.00289545723" />
  <node id="21328" visible="true" version="1" lat="50.00123663525" lon="9.00289287595" />
  <node id="21329" visible="true" version="1" lat="50.00124089542" lon="9.00289026159" />
  <node id="21330" visible="true" version="1" lat="50.00124514711" lon="9.00288761421" />
  <node id="21331" visible="true" version="1" lat="50.00124939022" lon="9.00288493389" />
  <node id="21332" visible="true" version="1" lat="50.00125362464" lon="9.00288222068" />
  <node id="21333" visible="true" version="1" lat="50.00125785026" lon="9.00287947466" />
  <node id="21334" visible="true" version="1" lat="50.00126206698" lon="9.0028766959" />
  <node id="21335" visible="true" version="1" lat="50.00126627468" lon="9.00287388446" />
  <node id="21336" visible="true" version="1" lat="50.00127047328" lon="9.00287104041" />
  <node id="21337" visible="true" version="1" lat="50.00127466266" lon="9.00286816383" />
  <node id="21338" visible="true" version="1" lat="50.00127884271" lon="9.00286525479" />
  <node id="21339" visible="true" version="1" lat="50.00128301334" lon="9.00286231336" />
  <node id="21340" visible="true" version="1" lat="50.00128717443" lon="9.00285933961" />
  <node id="21341" visible="true" version="1" lat="50.00129132589" lon="9.00285633362" />
  <node id="21342" visible="true" version="1" lat="50.00129546761" lon="9.00285329546" />
  <node id="21343" visible="true" version="1" lat="50.00129959949" lon="9.00285022522" />
  <node id="21344" visible="true" version="1" lat="50.00130372142" lon="9.00284712295" />
  <node id="21345" visible="true" version="1" lat="50.0013078333" lon="9.00284398876" />
  <node id="21346" visible="true" version="1" lat="50.00131193503" lon="9.0028408227" />
  <node id="21347" visible="true" version="1" lat="50.0013160265" lon="9.00283762487" />
  <node id="21348" visible="true" version="1" lat="50.00132010762" lon="9.00283439533" />
  <node id="21349" visible="true" version="1" lat="50.00132417827" lon="9.00283113418" />
  <node id="21350" visible="true" version="1" lat="50.00132823837" lon="9.00282784149" />
  <node id="21351" visible="true" version="1" lat="50.0013322878" lon="9.00282451735" />
  <node id="21352" visible="true" version="1" lat="50.00133632647" lon="9.00282116184" />
  <node id="21353" visible="true" version="1" lat="50.00134035427" lon="9.00281777504" />
  <node id="21354" visible="true" version="1" lat="50.00134437111" lon="9.00281435703" />
  <node id="21355" visible="true" version="1" lat="50.00134837689" lon="9.00281090791" />
  <node id="21356" visible="true" version="1" lat="50.0013523715" lon="9.00280742776" />
  <node id="21357" visible="true" version="1" lat="50.00135635484" lon="9.00280391666" />
  <node id="21358" visible="true" version="1" lat="50.00136032681" lon="9.00280037471" />
  <node id="21359" visible="true" version="1" lat="50.00136428733" lon="9.00279680199" />
  <node id="21360" visible="true" version="1" lat="50.00136823627" lon="9.00279319859" />
  <node id="21361" visible="true" version="1" lat="50.00137217356" lon="9.0027895646" />
  <node id="21362" visible="true" version="1" lat="50.00137609908" lon="9.00278590012" />
  <node id="21363" visible="true" version="1" lat="50.00138001275" lon="9.00278220523" />
  <node id="21364" visible="true" version="1" lat="50.00138391446" lon="9.00277848002" />
  <node id="21365" visible="true" version="1" lat="50.00138780411" lon="9.0027747246" />
  <node id="21366" visible="true" version="1" lat="50.00139168162" lon="9.00277093905" />
  <node id="21367" visible="true" version="1" lat="50.00139554687" lon="9.00276712346" />
  <node id="21368" visible="true" version="1" lat="50.00139939978" lon="9.00276327794" />
  <node id="21369" visible="true" version="1" lat="50.00140324025" lon="9.00275940258" />
  <node id="21370" visible="true" version="1" lat="50.00140706818" lon="9.00275549748" />
  <node id="21371" visible="true" version="1" lat="50.00141088347" lon="9.00275156273" />
  <node id="21372" visible="true" version="1" lat="50.00141468604" lon="9.00274759843" />
  <node id="21373" visible="true" version="1" lat="50.00141847578" lon="9.00274360469" />
  <node id="21374" visible="true" version="1" lat="50.00142225261" lon="9.00273958159" />
  <node id="21375" visible="true" version="1" lat="50.00142601642" lon="9.00273552925" />
  <node id="21376" visible="true" version="1" lat="50.00142976713" lon="9.00273144776" />
  <node id="21377" visible="true" version="1" lat="50.00143350463" lon="9.00272733723" />
  <node id="21378" visible="true" version="1" lat="50.00143722884" lon="9.00272319776" />
  <node id="21379" visible="true" version="1" lat="50.00144093967" lon="9.00271902944" />
  <node id="21380" visible="true" version="1" lat="50.00144463701" lon="9.00271483239" />
  <node id="21381" visible="true" version="1" lat="50.00144832078" lon="9.00271060672" />
  <node id="21382" visible="true" version="1" lat="50.00145199089" lon="9.00270635252" />
  <node id="21383" visible="true" version="1" lat="50.00145564724" lon="9.0027020699" />
  <node id="21384" visible="true" version="1" lat="50.00145928974" lon="9.00269775897" />
  <node id="21385" visible="true" version="1" lat="50.0014629183" lon="9.00269341984" />
  <node id="21386" visible="true" version="1" lat="50.00146653284" lon="9.00268905261" />
  <node id="21387" visible="true" version="1" lat="50.00147013325" lon="9.0026846574" />
  <node id="21388" visible="true" version="1" lat="50.00147371945" lon="9.00268023432" />
  <node id="21389" visible="true" version="1" lat="50.00147729136" lon="9.00267578347" />
  <node id="21390" visible="true" version="1" lat="50.00148084887" lon="9.00267130497" />
  <node id="21391" visible="true" version="1" lat="50.00148439191" lon="9.00266679893" />
  <node id="21392" visible="true" version="1" lat="50.00148792038" lon="9.00266226545" />
  <node id="21393" visible="true" version="1" lat="50.0014914342" lon="9.00265770467" />
  <node id="21394" visible="true" version="1" lat="50.00149493327" lon="9.00265311668" />
  <node id="21395" visible="true" version="1" lat="50.00149841752" lon="9.00264850161" />
  <node id="21396" visible="true" version="1" lat="50.00150188684" lon="9.00264385956" />
  <node id="21397" visible="true" version="1" lat="50.00150534117" lon="9.00263919066" />
  <node id="21398" visible="true" version="1" lat="50.0015087804" lon="9.00263449502" />
  <node id="21399" visible="true" version="1" lat="50.00151220446" lon="9.00262977276" />
  <node id="21400" visible="true" version="1" lat="50.00151561325" lon="9.002625024" />
  <node id="21401" visible="true" version="1" lat="50.0015190067" lon="9.00262024885" />
  <node id="21402" visible="true" version="1" lat="50.00152238472" lon="9.00261544744" />
  <node id="21403" visible="true" version="1" lat="50.00152574722" lon="9.00261061989" />
  <node id="21404" visible="true" version="1" lat="50.00152909411" lon="9.00260576631" />
  <node id="21405" visible="true" version="1" lat="50.00153242533" lon="9.00260088682" />
  <node id="21406" visible="true" version="1" lat="50.00153574078" lon="9.00259598156" />
  <node id="21407" visible="true" version="1" lat="50.00153904038" lon="9.00259105064" />
  <node id="21408" visible="true" version="1" lat="50.00154232404" lon="9.00258609418" />
  <node id="21409" visible="true" version="1" lat="50.00154559169" lon="9.00258111231" />
  <node id="21410" visible="true" version="1" lat="50.00154884325" lon="9.00257610516" />
  <node id="21411" visible="true" version="1" lat="50.00155207862" lon="9.00257107285" />
  <node id="21412" visible="true" version="1" lat="50.00155529774" lon="9.0025660155" />
  <node id="21413" visible="true" version="1" lat="50.00155850052" lon="9.00256093324" />
  <node id="21414" visible="true" version="1" lat="50.00156168688" lon="9.0025558262" />
  <node id="21415" visible="true" version="1" lat="50.00156485674" lon="9.0025506945" />
  <node id="21416" visible="true" version="1" lat="50.00156801002" lon="9.00254553828" />
  <node id="21417" visible="true" version="1" lat="50.00157114665" lon="9.00254035766" />
  <node id="21418" visible="true" version="1" lat="50.00157426654" lon="9.00253515278" />
  <node id="21419" visible="true" version="1" lat="50.00157736961" lon="9.00252992375" />
  <node id="21420" visible="true" version="1" lat="50.0015804558" lon="9.00252467072" />
  <node id="21421" visible="true" version="1" lat="50.00158352502" lon="9.00251939382" />
  <node id="21422" visible="true" version="1" lat="50.00158657719" lon="9.00251409317" />
  <node id="21423" visible="true" version="1" lat="50.00158961224" lon="9.00250876891" />
  <node id="21424" visible="true" version="1" lat="50.00159263009" lon="9.00250342118" />
  <node id="21425" visible="true" version="1" lat="50.00159563068" lon="9.0024980501" />
  <node id="21426" visible="true" version="1" lat="50.00159861391" lon="9.00249265581" />
  <node id="21427" visible="true" version="1" lat="50.00160157972" lon="9.00248723844" />
  <node id="21428" visible="true" version="1" lat="50.00160452804" lon="9.00248179813" />
  <node id="21429" visible="true" version="1" lat="50.00160745879" lon="9.00247633503" />
  <node id="21430" visible="true" version="1" lat="50.00161037189" lon="9.00247084925" />
  <node id="21431" visible="true" version="1" lat="50.00161326728" lon="9.00246534095" />
  <node id="21432" visible="true" version="1" lat="50.00161614487" lon="9.00245981025" />
  <node id="21433" visible="true" version="1" lat="50.00161900461" lon="9.0024542573" />
  <node id="21434" visible="true" version="1" lat="50.00162184642" lon="9.00244868223" />
  <node id="21435" visible="true" version="1" lat="50.00162467022" lon="9.00244308519" />
  <node id="21436" visible="true" version="1" lat="50.00162747595" lon="9.00243746631" />
  <node id="21437" visible="true" version="1" lat="50.00163026354" lon="9.00243182574" />
  <node id="21438" visible="true" version="1" lat="50.00163303291" lon="9.00242616362" />
  <node id="21439" visible="true" version="1" lat="50.001635784" lon="9.00242048008" />
  <node id="21440" visible="true" version="1" lat="50.00163851674" lon="9.00241477527" />
  <node id="21441" visible="true" version="1" lat="50.00164123106" lon="9.00240904933" />
  <node id="21442" visible="true" version="1" lat="50.00164392689" lon="9.00240330241" />
  <node id="21443" visible="true" version="1" lat="50.00164660417" lon="9.00239753464" />
  <node id="21444" visible="true" version="1" lat="50.00164926282" lon="9.00239174618" />
  <node id="21445" visible="true" version="1" lat="50.00165190279" lon="9.00238593717" />
  <node id="21446" visible="true" version="1" lat="50.001654524" lon="9.00238010775" />
  <node id="21447" visible="true" version="1" lat="50.00165712639" lon="9.00237425807" />
  <node id="21448" visible="true" version="1" lat="50.0016597099" lon="9.00236838828" />
  <node id="21449" visible="true" version="1" lat="50.00166227446" lon="9.00236249852" />
  <node id="21450" visible="true" version="1" lat="50.00166482" lon="9.00235658893" />
  <node id="21451" visible="true" version="1" lat="50.00166734647" lon="9.00235065967" />
  <node id="21452" visible="true" version="1" lat="50.00166985379" lon="9.00234471089" />
  <node id="21453" visible="true" version="1" lat="50.00167234192" lon="9.00233874273" />
  <node id="21454" visible="true" version="1" lat="50.00167481077" lon="9.00233275535" />
  <node id="21455" visible="true" version="1" lat="50.00167726031" lon="9.00232674888" />
  <node id="21456" visible="true" version="1" lat="50.00167969045" lon="9.00232072349" />
  <node id="21457" visible="true" version="1" lat="50.00168210114" lon="9.00231467933" />
  <node id="21458" visible="true" version="1" lat="50.00168449232" lon="9.00230861654" />
  <node id="21459" visible="true" version="1" lat="50.00168686394" lon="9.00230253527" />
  <node id="21460" visible="true" version="1" lat="50.00168921593" lon="9.00229643568" />
  <node id="21461" visible="true" version="1" lat="50.00169154822" lon="9.00229031792" />
  <node id="21462" visible="true" version="1" lat="50.00169386078" lon="9.00228418215" />
  <node id="21463" visible="true" version="1" lat="50.00169615353" lon="9.00227802851" />
  <node id="21464" visible="true" version="1" lat="50.00169842642" lon="9.00227185717" />
  <node id="21465" visible="true" version="1" lat="50.00170067939" lon="9.00226566827" />
  <node id="21466" visible="true" version="1" lat="50.00170291239" lon="9.00225946197" />
  <node id="21467" visible="true" version="1" lat="50.00170512536" lon="9.00225323842" />
  <node id="21468" visible="true" version="1" lat="50.00170731824" lon="9.00224699779" />
  <node id="21469" visible="true" version="1" lat="50.00170949098" lon="9.00224074022" />
  <node id="21470" visible="true" version="1" lat="50.00171164353" lon="9.00223446587" />
  <node id="21471" visible="true" version="1" lat="50.00171377583" lon="9.00222817491" />
  <node id="21472" visible="true" version="1" lat="50.00171588784" lon="9.00222186748" />
  <node id="21473" visible="true" version="1" lat="50.00171797948" lon="9.00221554375" />
  <node id="21474" visible="true" version="1" lat="50.00172005072" lon="9.00220920387" />
  <node id="21475" visible="true" version="1" lat="50.0017221015" lon="9.002202848" />
  <node id="21476" visible="true" version="1" lat="50.00172413178" lon="9.0021964763" />
  <node id="21477" visible="true" version="1" lat="50.00172614149" lon="9.00219008894" />
  <node id="21478" visible="true" version="1" lat="50.00172813059" lon="9.00218368606" />
  <node id="21479" visible="true" version="1" lat="50.00173009903" lon="9.00217726783" />
  <node id="21480" visible="true" version="1" lat="50.00173204676" lon="9.00217083441" />
  <node id="21481" visible="true" version="1" lat="50.00173397374" lon="9.00216438596" />
  <node id="21482" visible="true" version="1" lat="50.00173587991" lon="9.00215792264" />
  <node id="21483" visible="true" version="1" lat="50.00173776522" lon="9.00215144462" />
  <node id="21484" visible="true" version="1" lat="50.00173962963" lon="9.00214495205" />
  <node id="21485" visible="true" version="1" lat="50.0017414731" lon="9.00213844511" />
  <node id="21486" visible="true" version="1" lat="50.00174329557" lon="9.00213192394" />
  <node id="21487" visible="true" version="1" lat="50.001745097" lon="9.00212538871" />
  <node id="21488" visible="true" version="1" lat="50.00174687735" lon="9.00211883959" />
  <node id="21489" visible="true" version="1" lat="50.00174863657" lon="9.00211227675" />
  <node id="21490" visible="true" version="1" lat="50.00175037462" lon="9.00210570033" />
  <node id="21491" visible="true" version="1" lat="50.00175209145" lon="9.00209911052" />
  <node id="21492" visible="true" version="1" lat="50.00175378702" lon="9.00209250747" />
  <node id="21493" visible="true" version="1" lat="50.00175546129" lon="9.00208589135" />
  <node id="21494" visible="true" version="1" lat="50.00175711421" lon="9.00207926233" />
  <node id="21495" visible="true" version="1" lat="50.00175874575" lon="9.00207262056" />
  <node id="21496" visible="true" version="1" lat="50.00176035587" lon="9.00206596622" />
  <node id="21497" visible="true" version="1" lat="50.00176194452" lon="9.00205929948" />
  <node id="21498" visible="true" version="1" lat="50.00176351166" lon="9.00205262049" />
  <node id="21499" visible="true" version="1" lat="50.00176505726" lon="9.00204592943" />
  <node id="21500" visible="true" version="1" lat="50.00176658128" lon="9.00203922646" />
  <node id="21501" visible="true" version="1" lat="50.00176808367" lon="9.00203251176" />
  <node id="21502" visible="true" version="1" lat="50.00176956441" lon="9.00202578548" />
  <node id="21503" visible="true" version="1" lat="50.00177102345" lon="9.0020190478" />
  <node id="21504" visible="true" version="1" lat="50.00177246076" lon="9.00201229888" />
  <node id="21505" visible="true" version="1" lat="50.00177387629" lon="9.0020055389" />
  <node id="21506" visible="true" version="1" lat="50.00177527003" lon="9.00199876803" />
  <node id="21507" visible="true" version="1" lat="50.00177664193" lon="9.00199198642" />
  <node id="21508" visible="true" version="1" lat="50.00177799195" lon="9.00198519426" />
  <node id="21509" visible="true" version="1" lat="50.00177932007" lon="9.00197839171" />
  <node id="21510" visible="true" version="1" lat="50.00178062624" lon="9.00197157895" />
  <node id="21511" visible="true" version="1" lat="50.00178191045" lon="9.00196475613" />
  <node id="21512" visible="true" version="1" lat="50.00178317264" lon="9.00195792344" />
  <node id="21513" visible="true" version="1" lat="50.00178441281" lon="9.00195108104" />
  <node id="21514" visible="true" version="1" lat="50.0017856309" lon="9.00194422911" />
  <node id="21515" visible="true" version="1" lat="50.0017868269" lon="9.00193736781" />
  <node id="21516" visible="true" version="1" lat="50.00178800077" lon="9.00193049732" />
  <node id="21517" visible="true" version="1" lat="50.00178915248" lon="9.00192361781" />
  <node id="21518" visible="true" version="1" lat="50.00179028201" lon="9.00191672945" />
  <node id="21519" visible="true" version="1" lat="50.00179138933" lon="9.00190983242" />
  <node id="21520" visible="true" version="1" lat="50.0017924744" lon="9.00190292688" />
  <node id="21521" visible="true" version="1" lat="50.0017935372" lon="9.00189601301" />
  <node id="21522" visible="true" version="1" lat="50.00179457771" lon="9.00188909098" />
  <node id="21523" visible="true" version="1" lat="50.00179559589" lon="9.00188216097" />
  <node id="21524" visible="true" version="1" lat="50.00179659173" lon="9.00187522314" />
  <node id="21525" visible="true" version="1" lat="50.0017975652" lon="9.00186827768" />
  <node id="21526" visible="true" version="1" lat="50.00179851627" lon="9.00186132475" />
  <node id="21527" visible="true" version="1" lat="50.00179944492" lon="9.00185436453" />
  <node id="21528" visible="true" version="1" lat="50.00180035113" lon="9.00184739719" />
  <node id="21529" visible="true" version="1" lat="50.00180123488" lon="9.00184042291" />
  <node id="21530" visible="true" version="1" lat="50.00180209613" lon="9.00183344187" />
  <node id="21531" visible="true" version="1" lat="50.00180293488" lon="9.00182645422" />
  <node id="21532" visible="true" version="1" lat="50.00180375109" lon="9.00181946016" />
  <node id="21533" visible="true" version="1" lat="50.00180454476" lon="9.00181245986" />
  <node id="21534" visible="true" version="1" lat="50.00180531585" lon="9.00180545348" />
  <node id="21535" visible="true" version="1" lat="50.00180606435" lon="9.00179844121" />
  <node id="21536" visible="true" version="1" lat="50.00180679025" lon="9.00179142322" />
  <node id="21537" visible="true" version="1" lat="50.00180749352" lon="9.00178439969" />
  <node id="21538" visible="true" version="1" lat="50.00180817414" lon="9.00177737079" />
  <node id="21539" visible="true" version="1" lat="50.0018088321" lon="9.0017703367" />
  <node id="21540" visible="true" version="1" lat="50.00180946739" lon="9.00176329759" />
  <node id="21541" visible="true" version="1" lat="50.00181007998" lon="9.00175625364" />
  <node id="21542" visible="true" version="1" lat="50.00181066986" lon="9.00174920503" />
  <node id="21543" visible="true" version="1" lat="50.00181123702" lon="9.00174215193" />
  <node id="21544" visible="true" version="1" lat="50.00181178144" lon="9.00173509452" />
  <node id="21545" visible="true" version="1" lat="50.00181230311" lon="9.00172803297" />
  <node id="21546" visible="true" version="1" lat="50.00181280202" lon="9.00172096746" />
  <node id="21547" visible="true" version="1" lat="50.00181327814" lon="9.00171389818" />
  <node id="21548" visible="true" version="1" lat="50.00181373148" lon="9.00170682528" />
  <node id="21549" visible="true" version="1" lat="50.00181416202" lon="9.00169974896" />
  <node id="21550" visible="true" version="1" lat="50.00181456975" lon="9.00169266939" />
  <node id="21551" visible="true" version="1" lat="50.00181495466" lon="9.00168558674" />
  <node id="21552" visible="true" version="1" lat="50.00181531673" lon="9.0016785012" />
  <node id="21553" visible="true" version="1" lat="50.00181565597" lon="9.00167141293" />
  <node id="21554" visible="true" version="1" lat="50.00181597235" lon="9.00166432212" />
  <node id="21555" visible="true" version="1" lat="50.00181626588" lon="9.00165722895" />
  <node id="21556" visible="true" version="1" lat="50.00181653655" lon="9.00165013359" />
  <node id="21557" visible="true" version="1" lat="50.00181678435" lon="9.00164303621" />
  <node id="21558" visible="true" version="1" lat="50.00181700927" lon="9.00163593701" />
  <node id="21559" visible="true" version="1" lat="50.00181721131" lon="9.00162883614" />
  <node id="21560" visible="true" version="1" lat="50.00181739046" lon="9.0016217338" />
  <node id="21561" visible="true" version="1" lat="50.00181754672" lon="9.00161463016" />
  <node id="21562" visible="true" version="1" lat="50.00181768008" lon="9.00160752539" />
  <node id="21563" visible="true" version="1" lat="50.00181779054" lon="9.00160041968" />
  <node id="21564" visible="true" version="1" lat="50.00181787811" lon="9.0015933132" />
  <node id="21566" visible="true" version="1" lat="50" lon="9" />
  <node id="21567" visible="true" version="1" lat="50" lon="9.0000069767" />
  <node id="21568" visible="true" version="1" lat="50" lon="9.00001395341" />
  <node id="21569" visible="true" version="1" lat="50" lon="9.00002093011" />
  <node id="21570" visible="true" version="1" lat="50" lon="9.00002790682" />
  <node id="21571" visible="true" version="1" lat="49.99999999999" lon="9.00003488352" />
  <node id="21572" visible="true" version="1" lat="49.99999999999" lon="9.00004186023" />
  <node id="21573" visible="true" version="1" lat="49.99999999999" lon="9.00004883693" />
  <node id="21574" visible="true" version="1" lat="49.99999999999" lon="9.00005581364" />
  <node id="21575" visible="true" version="1" lat="49.99999999998" lon="9.00006279034" />
  <node id="21576" visible="true" version="1" lat="49.99999999998" lon="9.00006976704" />
  <node id="21577" visible="true" version="1" lat="49.99999999997" lon="9.00007674375" />
  <node id="21578" visible="true" version="1" lat="49.99999999997" lon="9.00008372045" />
  <node id="21579" visible="true" version="1" lat="49.99999999996" lon="9.00009069716" />
  <node id="21580" visible="true" version="1" lat="49.99999999996" lon="9.00009767386" />
  <node id="21581" visible="true" version="1" lat="49.99999999995" lon="9.00010465057" />
  <node id="21582" visible="true" version="1" lat="49.99999999995" lon="9.00011162727" />
  <node id="21583" visible="true" version="1" lat="49.99999999994" lon="9.00011860397" />
  <node id="21584" visible="true" version="1" lat="49.99999999993" lon="9.00012558068" />
  <node id="21585" visible="true" version="1" lat="49.99999999992" lon="9.00013255738" />
  <node id="21586" visible="true" version="1" lat="49.99999999992" lon="9.00013953409" />
  <node id="21587" visible="true" version="1" lat="49.99999999991" lon="9.00014651079" />
  <node id="21588" visible="true" version="1" lat="49.9999999999" lon="9.0001534875" />
  <node id="21589" visible="true" version="1" lat="49.99999999989" lon="9.0001604642" />
  <node id="21590" visible="true" version="1" lat="49.99999999988" lon="9.00016744091" />
  <node id="21591" visible="true" version="1" lat="49.99999999987" lon="9.00017441761" />
  <node id="21592" visible="true" version="1" lat="49.99999999986" lon="9.00018139431" />
  <node id="21593" visible="true" version="1" lat="49.99999999985" lon="9.00018837102" />
  <node id="21594" visible="true" version="1" lat="49.99999999984" lon="9.00019534772" />
  <node id="21595" visible="true" version="1" lat="49.99999999982" lon="9.00020232443" />
  <node id="21596" visible="true" version="1" lat="49.99999999981" lon="9.00020930113" />
  <node id="21597" visible="true" version="1" lat="49.9999999998" lon="9.00021627784" />
  <node id="21598" visible="true" version="1" lat="49.99999999979" lon="9.00022325454" />
  <node id="21599" visible="true" version="1" lat="49.99999999977" lon="9.00023023125" />
  <node id="21600" visible="true" version="1" lat="49.99999999976" lon="9.00023720795" />
  <node id="21601" visible="true" version="1" lat="49.99999999974" lon="9.00024418465" />
  <node id="21602" visible="true" version="1" lat="49.99999999973" lon="9.00025116136" />
  <node id="21603" visible="true" version="1" lat="49.99999999971" lon="9.00025813806" />
  <node id="21604" visible="true" version="1" lat="49.9999999997" lon="9.00026511477" />
  <node id="21605" visible="true" version="1" lat="49.99999999968" lon="9.00027209147" />
  <node id="21606" visible="true" version="1" lat="49.99999999966" lon="9.00027906818" />
  <node id="21607" visible="true" version="1" lat="49.99999999965" lon="9.00028604488" />
  <node id="21608" visible="true" version="1" lat="49.99999999963" lon="9.00029302158" />
  <node id="21609" visible="true" version="1" lat="49.99999999961" lon="9.00029999829" />
  <node id="21610" visible="true" version="1" lat="49.99999999959" lon="9.00030697499" />
  <node id="21611" visible="true" version="1" lat="49.99999999958" lon="9.0003139517" />
  <node id="21612" visible="true" version="1" lat="49.99999999956" lon="9.0003209284" />
  <node id="21613" visible="true" version="1" lat="49.99999999954" lon="9.00032790511" />
  <node id="21614" visible="true" version="1" lat="49.99999999952" lon="9.00033488181" />
  <node id="21615" visible="true" version="1" lat="49.9999999995" lon="9.00034185852" />
  <node id="21616" visible="true" version="1" lat="49.99999999948" lon="9.00034883522" />
  <node id="21617" visible="true" version="1" lat="49.99999999945" lon="9.00035581192" />
  <node id="21618" visible="true" version="1" lat="49.99999999943" lon="9.00036278863" />
  <node id="21619" visible="true" version="1" lat="49.99999999941" lon="9.00036976533" />
  <node id="21620" visible="true" version="1" lat="49.99999999939" lon="9.00037674204" />
  <node id="21621" visible="true" version="1" lat="49.99999999937" lon="9.00038371874" />
  <node id="21622" visible="true" version="1" lat="49.99999999934" lon="9.00039069545" />
  <node id="21623" visible="true" version="1" lat="49.99999999932" lon="9.00039767215" />
  <node id="21624" visible="true" version="1" lat="49.99999999929" lon="9.00040464886" />
  <node id="21625" visible="true" version="1" lat="49.99999999927" lon="9.00041162556" />
  <node id="21626" visible="true" version="1" lat="49.99999999924" lon="9.00041860226" />
  <node id="21627" visible="true" version="1" lat="49.99999999922" lon="9.00042557897" />
  <node id="21628" visible="true" version="1" lat="49.99999999919" lon="9.00043255567" />
  <node id="21629" visible="true" version="1" lat="49.99999999917" lon="9.00043953238" />
  <node id="21630" visible="true" version="1" lat="49.99999999914" lon="9.00044650908" />
  <node id="21631" visible="true" version="1" lat="49.99999999911" lon="9.00045348579" />
  <node id="21632" visible="true" version="1" lat="49.99999999909" lon="9.00046046249" />
  <node id="21633" visible="true" version="1" lat="49.99999999906" lon="9.0004674392" />
  <node id="21634" visible="true" version="1" lat="49.99999999903" lon="9.0004744159" />
  <node id="21635" visible="true" version="1" lat="49.999999999" lon="9.0004813926" />
  <node id="21636" visible="true" version="1" lat="49.99999999897" lon="9.00048836931" />
  <node id="21637" visible="true" version="1" lat="49.99999999894" lon="9.00049534601" />
  <node id="21638" visible="true" version="1" lat="49.99999999891" lon="9.00050232272" />
  <node id="21639" visible="true" version="1" lat="49.99999999888" lon="9.00050929942" />
  <node id="21640" visible="true" version="1" lat="49.99999999885" lon="9.00051627613" />
  <node id="21641" visible="true" version="1" lat="49.99999999882" lon="9.00052325283" />
  <node id="21642" visible="true" version="1" lat="49.99999999879" lon="9.00053022953" />
  <node id="21643" visible="true" version="1" lat="49.99999999876" lon="9.00053720624" />
  <node id="21644" visible="true" version="1" lat="49.99999999872" lon="9.00054418294" />
  <node id="21645" visible="true" version="1" lat="49.99999999869" lon="9.00055115965" />
  <node id="21646" visible="true" version="1" lat="49.99999999866" lon="9.00055813635" />
  <node id="21647" visible="true" version="1" lat="49.99999999862" lon="9.00056511306" />
  <node id="21648" visible="true" version="1" lat="49.99999999859" lon="9.00057208976" />
  <node id="21649" visible="true" version="1" lat="49.99999999856" lon="9.00057906647" />
  <node id="21650" visible="true" version="1" lat="49.99999999852" lon="9.00058604317" />
  <node id="21651" visible="true" version="1" lat="49.99999999848" lon="9.00059301987" />
  <node id="21652" visible="true" version="1" lat="49.99999999845" lon="9.00059999658" />
  <node id="21653" visible="true" version="1" lat="49.99999999841" lon="9.00060697328" />
  <node id="21654" visible="true" version="1" lat="49.99999999838" lon="9.00061394999" />
  <node id="21655" visible="true" version="1" lat="49.99999999834" lon="9.00062092669" />
  <node id="21656" visible="true" version="1" lat="49.9999999983" lon="9.0006279034" />
  <node id="21657" visible="true" version="1" lat="49.99999999826" lon="9.0006348801" />
  <node id="21658" visible="true" version="1" lat="49.99999999822" lon="9.00064185681" />
  <node id="21659" visible="true" version="1" lat="49.99999999819" lon="9.00064883351" />
  <node id="21660" visible="true" version="1" lat="49.99999999815" lon="9.00065581021" />
  <node id="21661" visible="true" version="1" lat="49.99999999811" lon="9.00066278692" />
  <node id="21662" visible="true" version="1" lat="49.99999999807" lon="9.00066976362" />
  <node id="21663" visible="true" version="1" lat="49.99999999803" lon="9.00067674033" />
  <node id="21664" visible="true" version="1" lat="49.99999999799" lon="9.00068371703" />
  <node id="21665" visible="true" version="1" lat="49.99999999794" lon="9.00069069374" />
  <node id="21666" visible="true" version="1" lat="49.9999999979" lon="9.00069767044" />
  <node id="21667" visible="true" version="1" lat="49.99999999786" lon="9.00070464714" />
  <node id="21668" visible="true" version="1" lat="49.99999999782" lon="9.00071162385" />
  <node id="21669" visible="true" version="1" lat="49.99999999777" lon="9.00071860055" />
  <node id="21670" visible="true" version="1" lat="49.99999999773" lon="9.00072557726" />
  <node id="21671" visible="true" version="1" lat="49.99999999769" lon="9.00073255396" />
  <node id="21672" visible="true" version="1" lat="49.99999999764" lon="9.00073953067" />
  <node id="21673" visible="true" version="1" lat="49.9999999976" lon="9.00074650737" />
  <node id="21674" visible="true" version="1" lat="49.99999999755" lon="9.00075348408" />
  <node id="21675" visible="true" version="1" lat="49.99999999751" lon="9.00076046078" />
  <node id="21676" visible="true" version="1" lat="49.99999999746" lon="9.00076743748" />
  <node id="21677" visible="true" version="1" lat="49.99999999742" lon="9.00077441419" />
  <node id="21678" visible="true" version="1" lat="49.99999999737" lon="9.00078139089" />
  <node id="21679" visible="true" version="1" lat="49.99999999732" lon="9.0007883676" />
  <node id="21680" visible="true" version="1" lat="49.99999999727" lon="9.0007953443" />
  <node id="21681" visible="true" version="1" lat="49.99999999723" lon="9.00080232101" />
  <node id="21682" visible="true" version="1" lat="49.99999999718" lon="9.00080929771" />
  <node id="21683" visible="true" version="1" lat="49.99999999713" lon="9.00081627442" />
  <node id="21684" visible="true" version="1" lat="49.99999999708" lon="9.00082325112" />
  <node id="21685" visible="true" version="1" lat="49.99999999703" lon="9.00083022782" />
  <node id="21686" visible="true" version="1" lat="49.99999999698" lon="9.00083720453" />
  <node id="21687" visible="true" version="1" lat="49.99999999693" lon="9.00084418123" />
  <node id="21688" visible="true" version="1" lat="49.99999999688" lon="9.00085115794" />
  <node id="21689" visible="true" version="1" lat="49.99999999683" lon="9.00085813464" />
  <node id="21690" visible="true" version="1" lat="49.99999999678" lon="9.00086511135" />
  <node id="21691" visible="true" version="1" lat="49.99999999672" lon="9.00087208805" />
  <node id="21692" visible="true" version="1" lat="49.99999999667" lon="9.00087906475" />
  <node id="21693" visible="true" version="1" lat="49.99999999662" lon="9.00088604146" />
  <node id="21694" visible="true" version="1" lat="49.99999999656" lon="9.00089301816" />
  <node id="21695" visible="true" version="1" lat="49.99999999651" lon="9.00089999487" />
  <node id="21696" visible="true" version="1" lat="49.99999999646" lon="9.00090697157" />
  <node id="21697" visible="true" version="1" lat="49.9999999964" lon="9.00091394828" />
  <node id="21698" visible="true" version="1" lat="49.99999999635" lon="9.00092092498" />
  <node id="21699" visible="true" version="1" lat="49.99999999629" lon="9.00092790169" />
  <node id="21700" visible="true" version="1" lat="49.99999999623" lon="9.00093487839" />
  <node id="21701" visible="true" version="1" lat="49.99999999618" lon="9.00094185509" />
  <node id="21702" visible="true" version="1" lat="49.99999999612" lon="9.0009488318" />
  <node id="21703" visible="true" version="1" lat="49.99999999606" lon="9.0009558085" />
  <node id="21704" visible="true" version="1" lat="49.99999999601" lon="9.00096278521" />
  <node id="21705" visible="true" version="1" lat="49.99999999595" lon="9.00096976191" />
  <node id="21706" visible="true" version="1" lat="49.99999999589" lon="9.00097673862" />
  <node id="21707" visible="true" version="1" lat="49.99999999583" lon="9.00098371532" />
  <node id="21708" visible="true" version="1" lat="49.99999999577" lon="9.00099069203" />
  <node id="21709" visible="true" version="1" lat="49.99999999571" lon="9.00099766873" />
  <node id="21710" visible="true" version="1" lat="49.99999999565" lon="9.00100464543" />
  <node id="21711" visible="true" version="1" lat="49.99999999559" lon="9.00101162214" />
  <node id="21712" visible="true" version="1" lat="49.99999999553" lon="9.00101859884" />
  <node id="21713" visible="true" version="1" lat="49.99999999547" lon="9.00102557555" />
  <node id="21714" visible="true" version="1" lat="49.99999999541" lon="9.00103255225" />
  <node id="21715" visible="true" version="1" lat="49.99999999534" lon="9.00103952896" />
  <node id="21716" visible="true" version="1" lat="49.99999999528" lon="9.00104650566" />
  <node id="21717" visible="true" version="1" lat="49.99999999522" lon="9.00105348236" />
  <node id="21718" visible="true" version="1" lat="49.99999999515" lon="9.00106045907" />
  <node id="21719" visible="true" version="1" lat="49.99999999509" lon="9.00106743577" />
  <node id="21720" visible="true" version="1" lat="49.99999999503" lon="9.00107441248" />
  <node id="21721" visible="true" version="1" lat="49.99999999496" lon="9.00108138918" />
  <node id="21722" visible="true" version="1" lat="49.9999999949" lon="9.00108836589" />
  <node id="21723" visible="true" version="1" lat="49.99999999483" lon="9.00109534259" />
  <node id="21724" visible="true" version="1" lat="49.99999999476" lon="9.0011023193" />
  <node id="21725" visible="true" version="1" lat="49.9999999947" lon="9.001109296" />
  <node id="21726" visible="true" version="1" lat="49.99999999463" lon="9.0011162727" />
  <node id="21727" visible="true" version="1" lat="49.99999999456" lon="9.00112324941" />
  <node id="21728" visible="true" version="1" lat="49.9999999945" lon="9.00113022611" />
  <node id="21729" visible="true" version="1" lat="49.99999999443" lon="9.00113720282" />
  <node id="21730" visible="true" version="1" lat="49.99999999436" lon="9.00114417952" />
  <node id="21731" visible="true" version="1" lat="49.99999999429" lon="9.00115115623" />
  <node id="21732" visible="true" version="1" lat="49.99999999422" lon="9.00115813293" />
  <node id="21733" visible="true" version="1" lat="49.99999999415" lon="9.00116510964" />
  <node id="21734" visible="true" version="1" lat="49.99999999408" lon="9.00117208634" />
  <node id="21735" visible="true" version="1" lat="49.99999999401" lon="9.00117906304" />
  <node id="21736" visible="true" version="1" lat="49.99999999394" lon="9.00118603975" />
  <node id="21737" visible="true" version="1" lat="49.99999999387" lon="9.00119301645" />
  <node id="21738" visible="true" version="1" lat="49.9999999938" lon="9.00119999316" />
  <node id="21739" visible="true" version="1" lat="49.99999999372" lon="9.00120696986" />
  <node id="21740" visible="true" version="1" lat="49.99999999365" lon="9.00121394657" />
  <node id="21741" visible="true" version="1" lat="49.99999999358" lon="9.00122092327" />
  <node id="21742" visible="true" version="1" lat="49.9999999935" lon="9.00122789998" />
  <node id="21743" visible="true" version="1" lat="49.99999999343" lon="9.00123487668" />
  <node id="21744" visible="true" version="1" lat="49.99999999335" lon="9.00124185338" />
  <node id="21745" visible="true" version="1" lat="49.99999999328" lon="9.00124883009" />
  <node id="21746" visible="true" version="1" lat="49.9999999932" lon="9.00125580679" />
  <node id="21747" visible="true" version="1" lat="49.99999999313" lon="9.0012627835" />
  <node id="21748" visible="true" version="1" lat="49.99999999305" lon="9.0012697602" />
  <node id="21749" visible="true" version="1" lat="49.99999999298" lon="9.00127673691" />
  <node id="21750" visible="true" version="1" lat="49.9999999929" lon="9.00128371361" />
  <node id="21751" visible="true" version="1" lat="49.99999999282" lon="9.00129069031" />
  <node id="21752" visible="true" version="1" lat="49.99999999274" lon="9.00129766702" />
  <node id="21753" visible="true" version="1" lat="49.99999999267" lon="9.00130464372" />
  <node id="21754" visible="true" version="1" lat="49.99999999259" lon="9.00131162043" />
  <node id="21755" visible="true" version="1" lat="49.99999999251" lon="9.00131859713" />
  <node id="21756" visible="true" version="1" lat="49.99999999243" lon="9.00132557384" />
  <node id="21757" visible="true" version="1" lat="49.99999999235" lon="9.00133255054" />
  <node id="21758" visible="true" version="1" lat="49.99999999227" lon="9.00133952725" />
  <node id="21759" visible="true" version="1" lat="49.99999999219" lon="9.00134650395" />
  <node id="21760" visible="true" version="1" lat="49.99999999211" lon="9.00135348065" />
  <node id="21761" visible="true" version="1" lat="49.99999999202" lon="9.00136045736" />
  <node id="21762" visible="true" version="1" lat="49.99999999194" lon="9.00136743406" />
  <node id="21763" visible="true" version="1" lat="49.99999999186" lon="9.00137441077" />
  <node id="21764" visible="true" version="1" lat="49.99999999178" lon="9.00138138747" />
  <node id="21765" visible="true" version="1" lat="49.99999999169" lon="9.00138836418" />
  <node id="21766" visible="true" version="1" lat="49.99999999161" lon="9.00139534088" />
  <node id="21767" visible="true" version="1" lat="49.99999999161" lon="9.00139534088" />
  <node id="21768" visible="true" version="1" lat="49.9999999916" lon="9.00140231759" />
  <node id="21769" visible="true" version="1" lat="49.99999999204" lon="9.00140929429" />
  <node id="21770" visible="true" version="1" lat="49.99999999338" lon="9.00141627099" />
  <node id="21771" visible="true" version="1" lat="49.99999999607" lon="9.0014232477" />
  <node id="21772" visible="true" version="1" lat="50.00000000055" lon="9.0014302244" />
  <node id="21773" visible="true" version="1" lat="50.00000000729" lon="9.00143720109" />
  <node id="21774" visible="true" version="1" lat="50.00000001672" lon="9.00144417778" />
  <node id="21775" visible="true" version="1" lat="50.0000000293" lon="9.00145115446" />
  <node id="21776" visible="true" version="1" lat="50.00000004548" lon="9.00145813112" />
  <node id="21777" visible="true" version="1" lat="50.0000000657" lon="9.00146510775" />
  <node id="21778" visible="true" version="1" lat="50.00000009042" lon="9.00147208435" />
  <node id="21779" visible="true" version="1" lat="50.00000012009" lon="9.0014790609" />
  <node id="21780" visible="true" version="1" lat="50.00000015515" lon="9.0014860374" />
  <node id="21781" visible="true" version="1" lat="50.00000019606" lon="9.00149301381" />
  <node id="21782" visible="true" version="1" lat="50.00000024326" lon="9.00149999013" />
  <node id="21783" visible="true" version="1" lat="50.00000029721" lon="9.00150696633" />
  <node id="21784" visible="true" version="1" lat="50.00000035835" lon="9.00151394239" />
  <node id="21785" visible="true" version="1" lat="50.00000042714" lon="9.00152091828" />
  <node id="21786" visible="true" version="1" lat="50.00000050401" lon="9.00152789396" />
  <node id="21787" visible="true" version="1" lat="50.00000058944" lon="9.00153486941" />
  <node id="21788" visible="true" version="1" lat="50.00000068385" lon="9.00154184457" />
  <node id="21789" visible="true" version="1" lat="50.0000007877" lon="9.00154881941" />
  <node id="21790" visible="true" version="1" lat="50.00000090145" lon="9.00155579389" />
  <node id="21791" visible="true" version="1" lat="50.00000102553" lon="9.00156276793" />
  <node id="21792" visible="true" version="1" lat="50.0000011604" lon="9.0015697415" />
  <node id="21793" visible="true" version="1" lat="50.00000130651" lon="9.00157671452" />
  <node id="21794" visible="true" version="1" lat="50.0000014643" lon="9.00158368692" />
  <node id="21795" visible="true" version="1" lat="50.00000163423" lon="9.00159065864" />
  <node id="21796" visible="true" version="1" lat="50.00000181674" lon="9.0015976296" />
  <node id="21797" visible="true" version="1" lat="50.00000201227" lon="9.0016045997" />
  <node id="21798" visible="true" version="1" lat="50.00000222129" lon="9.00161156886" />
  <node id="21799" visible="true" version="1" lat="50.00000244423" lon="9.00161853699" />
  <node id="21800" visible="true" version="1" lat="50.00000268154" lon="9.00162550397" />
  <node id="21801" visible="true" version="1" lat="50.00000293367" lon="9.00163246969" />
  <node id="21802" visible="true" version="1" lat="50.00000320106" lon="9.00163943405" />
  <node id="21803" visible="true" version="1" lat="50.00000348416" lon="9.00164639692" />
  <node id="21804" visible="true" version="1" lat="50.00000378342" lon="9.00165335815" />
  <node id="21805" visible="true" version="1" lat="50.00000409927" lon="9.00166031762" />
  <node id="21806" visible="true" version="1" lat="50.00000443217" lon="9.00166727518" />
  <node id="21807" visible="true" version="1" lat="50.00000478256" lon="9.00167423067" />
  <node id="21808" visible="true" version="1" lat="50.00000515087" lon="9.00168118393" />
  <node id="21809" visible="true" version="1" lat="50.00000553756" lon="9.00168813479" />
  <node id="21810" visible="true" version="1" lat="50.00000594307" lon="9.00169508307" />
  <node id="21811" visible="true" version="1" lat="50.00000636782" lon="9.00170202858" />
  <node id="21812" visible="true" version="1" lat="50.00000681228" lon="9.00170897112" />
  <node id="21813" visible="true" version="1" lat="50.00000727686" lon="9.00171591049" />
  <node id="21814" visible="true" version="1" lat="50.00000776201" lon="9.00172284647" />
  <node id="21815" visible="true" version="1" lat="50.00000826817" lon="9.00172977884" />
  <node id="21816" visible="true" version="1" lat="50.00000879578" lon="9.00173670736" />
  <node id="21817" visible="true" version="1" lat="50.00000934525" lon="9.00174363178" />
  <node id="21818" visible="true" version="1" lat="50.00000934525" lon="9.00174363178" />
  <node id="21819" visible="true" version="1" lat="50.00000991697" lon="9.00175055187" />
  <node id="21820" visible="true" version="1" lat="50.00001051098" lon="9.00175746743" />
  <node id="21821" visible="true" version="1" lat="50.00001112727" lon="9.00176437831" />
  <node id="21822" visible="true" version="1" lat="50.00001176582" lon="9.00177128431" />
  <node id="21823" visible="true" version="1" lat="50.00001242662" lon="9.00177818528" />
  <node id="21824" visible="true" version="1" lat="50.00001310966" lon="9.00178508104" />
  <node id="21825" visible="true" version="1" lat="50.00001381491" lon="9.00179197141" />
  <node id="21826" visible="true" version="1" lat="50.00001454236" lon="9.00179885622" />
  <node id="21827" visible="true" version="1" lat="50.00001529198" lon="9.00180573531" />
  <node id="21828" visible="true" version="1" lat="50.00001606377" lon="9.00181260849" />
  <node id="21829" visible="true" version="1" lat="50.0000168577" lon="9.00181947561" />
  <node id="21830" visible="true" version="1" lat="50.00001767375" lon="9.00182633648" />
  <node id="21831" visible="true" version="1" lat="50.0000185119" lon="9.00183319093" />
  <node id="21832" visible="true" version="1" lat="50.00001937213" lon="9.00184003879" />
  <node id="21833" visible="true" version="1" lat="50.00002025442" lon="9.0018468799" />
  <node id="21834" visible="true" version="1" lat="50.00002115875" lon="9.00185371408" />
  <node id="21835" visible="true" version="1" lat="50.00002208509" lon="9.00186054116" />
  <node id="21836" visible="true" version="1" lat="50.00002303342" lon="9.00186736097" />
  <node id="21837" visible="true" version="1" lat="50.00002400372" lon="9.00187417334" />
  <node id="21838" visible="true" version="1" lat="50.00002499596" lon="9.00188097809" />
  <node id="21839" visible="true" version="1" lat="50.00002601012" lon="9.00188777506" />
  <node id="21840" visible="true" version="1" lat="50.00002704618" lon="9.00189456409" />
  <node id="21841" visible="true" version="1" lat="50.0000281041" lon="9.00190134499" />
  <node id="21842" visible="true" version="1" lat="50.00002918386" lon="9.0019081176" />
  <node id="21843" visible="true" version="1" lat="50.00003028543" lon="9.00191488175" />
  <node id="21844" visible="true" version="1" lat="50.00003140879" lon="9.00192163727" />
  <node id="21845" visible="true" version="1" lat="50.0000325539" lon="9.00192838399" />
  <node id="21846" visible="true" version="1" lat="50.00003372075" lon="9.00193512175" />
  <node id="21847" visible="true" version="1" lat="50.0000349093" lon="9.00194185037" />
  <node id="21848" visible="true" version="1" lat="50.00003611951" lon="9.00194856969" />
  <node id="21849" visible="true" version="1" lat="50.00003735137" lon="9.00195527954" />
  <node id="21850" visible="true" version="1" lat="50.00003860483" lon="9.00196197974" />
  <node id="21851" visible="true" version="1" lat="50.00003987988" lon="9.00196867015" />
  <node id="21852" visible="true" version="1" lat="50.00004117647" lon="9.00197535057" />
  <node id="21853" visible="true" version="1" lat="50.00004249457" lon="9.00198202086" />
  <node id="21854" visible="true" version="1" lat="50.00004383415" lon="9.00198868084" />
  <node id="21855" visible="true" version="1" lat="50.00004519518" lon="9.00199533035" />
  <node id="21856" visible="true" version="1" lat="50.00004657763" lon="9.00200196921" />
  <node id="21857" visible="true" version="1" lat="50.00004798145" lon="9.00200859727" />
  <node id="21858" visible="true" version="1" lat="50.00004940661" lon="9.00201521436" />
  <node id="21859" visible="true" version="1" lat="50.00005085309" lon="9.00202182031" />
  <node id="21860" visible="true" version="1" lat="50.00005232083" lon="9.00202841495" />
  <node id="21861" visible="true" version="1" lat="50.00005380981" lon="9.00203499813" />
  <node id="21862" visible="true" version="1" lat="50.00005531999" lon="9.00204156968" />
  <node id="21863" visible="true" version="1" lat="50.00005685133" lon="9.00204812943" />
  <node id="21864" visible="true" version="1" lat="50.00005840379" lon="9.00205467722" />
  <node id="21865" visible="true" version="1" lat="50.00005997733" lon="9.00206121289" />
  <node id="21866" visible="true" version="1" lat="50.00006157191" lon="9.00206773627" />
  <node id="21867" visible="true" version="1" lat="50.0000631875" lon="9.0020742472" />
  <node id="21868" visible="true" version="1" lat="50.00006482406" lon="9.00208074552" />
  <node id="21869" visible="true" version="1" lat="50.00006648153" lon="9.00208723106" />
  <node id="21870" visible="true" version="1" lat="50.00006815989" lon="9.00209370366" />
  <node id="21871" visible="true" version="1" lat="50.00006985908" lon="9.00210016317" />
  <node id="21872" visible="true" version="1" lat="50.00007157907" lon="9.00210660941" />
  <node id="21873" visible="true" version="1" lat="50.00007331982" lon="9.00211304223" />
  <node id="21874" visible="true" version="1" lat="50.00007508128" lon="9.00211946147" />
  <node id="21875" visible="true" version="1" lat="50.0000768634" lon="9.00212586697" />
  <node id="21876" visible="true" version="1" lat="50.00007866614" lon="9.00213225856" />
  <node id="21877" visible="true" version="1" lat="50.00008048946" lon="9.00213863609" />
  <node id="21878" visible="true" version="1" lat="50.00008233331" lon="9.00214499939" />
  <node id="21879" visible="true" version="1" lat="50.00008419764" lon="9.00215134832" />
  <node id="21880" visible="true" version="1" lat="50.00008608242" lon="9.0021576827" />
  <node id="21881" visible="true" version="1" lat="50.00008798758" lon="9.00216400239" />
  <node id="21882" visible="true" version="1" lat="50.00008991309" lon="9.00217030721" />
  <node id="21883" visible="true" version="1" lat="50.00009185889" lon="9.00217659703" />
  <node id="21884" visible="true" version="1" lat="50.00009382494" lon="9.00218287167" />
  <node id="21885" visible="true" version="1" lat="50.00009581118" lon="9.00218913098" />
  <node id="21886" visible="true" version="1" lat="50.00009781758" lon="9.00219537481" />
  <node id="21887" visible="true" version="1" lat="50.00009984407" lon="9.002201603" />
  <node id="21888" visible="true" version="1" lat="50.00010189061" lon="9.00220781539" />
  <node id="21889" visible="true" version="1" lat="50.00010395714" lon="9.00221401182" />
  <node id="21890" visible="true" version="1" lat="50.00010604362" lon="9.00222019215" />
  <node id="21891" visible="true" version="1" lat="50.00010814999" lon="9.00222635622" />
  <node id="21892" visible="true" version="1" lat="50.0001102762" lon="9.00223250388" />
  <node id="21893" visible="true" version="1" lat="50.0001124222" lon="9.00223863496" />
  <node id="21894" visible="true" version="1" lat="50.00011458793" lon="9.00224474932" />
  <node id="21895" visible="true" version="1" lat="50.00011677333" lon="9.00225084681" />
  <node id="21896" visible="true" version="1" lat="50.00011897837" lon="9.00225692727" />
  <node id="21897" visible="true" version="1" lat="50.00012120296" lon="9.00226299055" />
  <node id="21898" visible="true" version="1" lat="50.00012344708" lon="9.00226903649" />
  <node id="21899" visible="true" version="1" lat="50.00012571065" lon="9.00227506496" />
  <node id="21900" visible="true" version="1" lat="50.00012799362" lon="9.00228107579" />
  <node id="21901" visible="true" version="1" lat="50.00013029593" lon="9.00228706884" />
  <node id="21902" visible="true" version="1" lat="50.00013261753" lon="9.00229304395" />
  <node id="21903" visible="true" version="1" lat="50.00013495835" lon="9.00229900098" />
  <node id="21904" visible="true" version="1" lat="50.00013731835" lon="9.00230493978" />
  <node id="21905" visible="true" version="1" lat="50.00013969745" lon="9.0023108602" />
  <node id="21906" visible="true" version="1" lat="50.00014209561" lon="9.00231676209" />
  <node id="21907" visible="true" version="1" lat="50.00014451276" lon="9.00232264531" />
  <node id="21908" visible="true" version="1" lat="50.00014694883" lon="9.0023285097" />
  <node id="21909" visible="true" version="1" lat="50.00014940378" lon="9.00233435512" />
  <node id="21910" visible="true" version="1" lat="50.00015187754" lon="9.00234018143" />
  <node id="21911" visible="true" version="1" lat="50.00015437004" lon="9.00234598848" />
  <node id="21912" visible="true" version="1" lat="50.00015688122" lon="9.00235177612" />
  <node id="21913" visible="true" version="1" lat="50.00015941103" lon="9.00235754421" />
  <node id="21914" visible="true" version="1" lat="50.00016195939" lon="9.0023632926" />
  <node id="21915" visible="true" version="1" lat="50.00016452625" lon="9.00236902116" />
  <node id="21916" visible="true" version="1" lat="50.00016711154" lon="9.00237472973" />
  <node id="21917" visible="true" version="1" lat="50.00016971519" lon="9.00238041818" />
  <node id="21918" visible="true" version="1" lat="50.00017233714" lon="9.00238608636" />
  <node id="21919" visible="true" version="1" lat="50.00017497733" lon="9.00239173413" />
  <node id="21920" visible="true" version="1" lat="50.00017763569" lon="9.00239736136" />
  <node id="21921" visible="true" version="1" lat="50.00018031215" lon="9.00240296789" />
  <node id="21922" visible="true" version="1" lat="50.00018300664" lon="9.00240855359" />
  <node id="21923" visible="true" version="1" lat="50.0001857191" lon="9.00241411832" />
  <node id="21924" visible="true" version="1" lat="50.00018844947" lon="9.00241966194" />
  <node id="21925" visible="true" version="1" lat="50.00019119766" lon="9.00242518431" />
  <node id="21926" visible="true" version="1" lat="50.00019396362" lon="9.0024306853" />
  <node id="21927" visible="true" version="1" lat="50.00019674727" lon="9.00243616476" />
  <node id="21928" visible="true" version="1" lat="50.00019954855" lon="9.00244162257" />
  <node id="21929" visible="true" version="1" lat="50.00020236738" lon="9.00244705857" />
  <node id="21930" visible="true" version="1" lat="50.00020520369" lon="9.00245247264" />
  <node id="21931" visible="true" version="1" lat="50.00020805742" lon="9.00245786465" />
  <node id="21932" visible="true" version="1" lat="50.00021092849" lon="9.00246323445" />
  <node id="21933" visible="true" version="1" lat="50.00021381683" lon="9.00246858191" />
  <node id="21934" visible="true" version="1" lat="50.00021672237" lon="9.0024739069" />
  <node id="21935" visible="true" version="1" lat="50.00021964503" lon="9.00247920929" />
  <node id="21936" visible="true" version="1" lat="50.00022258474" lon="9.00248448894" />
  <node id="21937" visible="true" version="1" lat="50.00022554144" lon="9.00248974572" />
  <node id="21938" visible="true" version="1" lat="50.00022851503" lon="9.00249497951" />
  <node id="21939" visible="true" version="1" lat="50.00023150546" lon="9.00250019016" />
  <node id="21940" visible="true" version="1" lat="50.00023451265" lon="9.00250537755" />
  <node id="21941" visible="true" version="1" lat="50.00023753651" lon="9.00251054155" />
  <node id="21942" visible="true" version="1" lat="50.00024057698" lon="9.00251568202" />
  <node id="21943" visible="true" version="1" lat="50.00024363398" lon="9.00252079885" />
  <node id="21944" visible="true" version="1" lat="50.00024670743" lon="9.00252589191" />
  <node id="21945" visible="true" version="1" lat="50.00024979725" lon="9.00253096106" />
  <node id="21946" visible="true" version="1" lat="50.00025290338" lon="9.00253600618" />
  <node id="21947" visible="true" version="1" lat="50.00025602572" lon="9.00254102714" />
  <node id="21948" visible="true" version="1" lat="50.00025916421" lon="9.00254602382" />
  <node id="21949" visible="true" version="1" lat="50.00026231876" lon="9.00255099609" />
  <node id="21950" visible="true" version="1" lat="50.0002654893" lon="9.00255594383" />
  <node id="21951" visible="true" version="1" lat="50.00026867574" lon="9.00256086692" />
  <node id="21952" visible="true" version="1" lat="50.00027187801" lon="9.00256576523" />
  <node id="21953" visible="true" version="1" lat="50.00027509602" lon="9.00257063864" />
  <node id="21954" visible="true" version="1" lat="50.00027832971" lon="9.00257548702" />
  <node id="21955" visible="true" version="1" lat="50.00028157897" lon="9.00258031026" />
  <node id="21956" visible="true" version="1" lat="50.00028484374" lon="9.00258510824" />
  <node id="21957" visible="true" version="1" lat="50.00028812393" lon="9.00258988083" />
  <node id="21958" visible="true" version="1" lat="50.00029141947" lon="9.00259462792" />
  <node id="21959" visible="true" version="1" lat="50.00029473026" lon="9.00259934939" />
  <node id="21960" visible="true" version="1" lat="50.00029805622" lon="9.00260404511" />
  <node id="21961" visible="true" version="1" lat="50.00030139728" lon="9.00260871498" />
  <node id="21962" visible="true" version="1" lat="50.00030475334" lon="9.00261335888" />
  <node id="21963" visible="true" version="1" lat="50.00030812433" lon="9.00261797668" />
  <node id="21964" visible="true" version="1" lat="50.00031151016" lon="9.00262256828" />
  <node id="21965" visible="true" version="1" lat="50.00031491075" lon="9.00262713356" />
  <node id="21966" visible="true" version="1" lat="50.00031832601" lon="9.0026316724" />
  <node id="21967" visible="true" version="1" lat="50.00032175585" lon="9.00263618469" />
  <node id="21968" visible="true" version="1" lat="50.00032520019" lon="9.00264067033" />
  <node id="21969" visible="true" version="1" lat="50.00032865894" lon="9.00264512919" />
  <node id="21970" visible="true" version="1" lat="50.00033213202" lon="9.00264956116" />
  <node id="21971" visible="true" version="1" lat="50.00033561934" lon="9.00265396614" />
  <node id="21972" visible="true" version="1" lat="50.00033912082" lon="9.00265834401" />
  <node id="21973" visible="true" version="1" lat="50.00034263636" lon="9.00266269467" />
  <node id="21974" visible="true" version="1" lat="50.00034616587" lon="9.00266701801" />
  <node id="21975" visible="true" version="1" lat="50.00034970928" lon="9.00267131391" />
  <node id="21976" visible="true" version="1" lat="50.00035326648" lon="9.00267558227" />
  <node id="21977" visible="true" version="1" lat="50.0003568374" lon="9.00267982299" />
  <node id="21978" visible="true" version="1" lat="50.00036042194" lon="9.00268403595" />
  <node id="21979" visible="true" version="1" lat="50.00036402002" lon="9.00268822106" />
  <node id="21980" visible="true" version="1" lat="50.00036763153" lon="9.00269237821" />
  <node id="21981" visible="true" version="1" lat="50.0003712564" lon="9.00269650728" />
  <node id="21982" visible="true" version="1" lat="50.00037489453" lon="9.00270060819" />
  <node id="21983" visible="true" version="1" lat="50.00037854583" lon="9.00270468083" />
  <node id="21984" visible="true" version="1" lat="50.00038221021" lon="9.0027087251" />
  <node id="21985" visible="true" version="1" lat="50.00038588758" lon="9.00271274089" />
  <node id="21986" visible="true" version="1" lat="50.00038957785" lon="9.0027167281" />
  <node id="21987" visible="true" version="1" lat="50.00039328092" lon="9.00272068664" />
  <node id="21988" visible="true" version="1" lat="50.0003969967" lon="9.00272461641" />
  <node id="21989" visible="true" version="1" lat="50.0004007251" lon="9.0027285173" />
  <node id="21990" visible="true" version="1" lat="50.00040446602" lon="9.00273238922" />
  <node id="21991" visible="true" version="1" lat="50.00040821938" lon="9.00273623208" />
  <node id="21992" visible="true" version="1" lat="50.00041198507" lon="9.00274004578" />
  <node id="21993" visible="true" version="1" lat="50.00041576301" lon="9.00274383022" />
  <node id="21994" visible="true" version="1" lat="50.00041955309" lon="9.0027475853" />
  <node id="21995" visible="true" version="1" lat="50.00042335524" lon="9.00275131094" />
  <node id="21996" visible="true" version="1" lat="50.00042716934" lon="9.00275500704" />
  <node id="21997" visible="true" version="1" lat="50.0004309953" lon="9.00275867351" />
  <node id="21998" visible="true" version="1" lat="50.00043483304" lon="9.00276231025" />
  <node id="21999" visible="true" version="1" lat="50.00043868244" lon="9.00276591718" />
  <node id="22000" visible="true" version="1" lat="50.00044254343" lon="9.00276949421" />
  <node id="22001" visible="true" version="1" lat="50.00044641589" lon="9.00277304124" />
  <node id="22002" visible="true" version="1" lat="50.00045029973" lon="9.00277655819" />
  <node id="22003" visible="true" version="1" lat="50.00045419487" lon="9.00278004497" />
  <node id="22004" visible="true" version="1" lat="50.00045810119" lon="9.00278350149" />
  <node id="22005" visible="true" version="1" lat="50.0004620186" lon="9.00278692766" />
  <node id="22006" visible="true" version="1" lat="50.000465947" lon="9.00279032341" />
  <node id="22007" visible="true" version="1" lat="50.0004698863" lon="9.00279368864" />
  <node id="22008" visible="true" version="1" lat="50.00047383639" lon="9.00279702327" />
  <node id="22009" visible="true" version="1" lat="50.00047779719" lon="9.00280032722" />
  <node id="22010" visible="true" version="1" lat="50.00048176858" lon="9.00280360041" />
  <node id="22011" visible="true" version="1" lat="50.00048575047" lon="9.00280684275" />
  <node id="22012" visible="true" version="1" lat="50.00048974276" lon="9.00281005416" />
  <node id="22013" visible="true" version="1" lat="50.00049374535" lon="9.00281323456" />
  <node id="22014" visible="true" version="1" lat="50.00049775814" lon="9.00281638388" />
  <node id="22015" visible="true" version="1" lat="50.00050178103" lon="9.00281950203" />
  <node id="22016" visible="true" version="1" lat="50.00050581391" lon="9.00282258893" />
  <node id="22017" visible="true" version="1" lat="50.0005098567" lon="9.00282564451" />
  <node id="22018" visible="true" version="1" lat="50.00051390928" lon="9.0028286687" />
  <node id="22019" visible="true" version="1" lat="50.00051797156" lon="9.00283166141" />
  <node id="22020" visible="true" version="1" lat="50.00052204343" lon="9.00283462258" />
  <node id="22021" visible="true" version="1" lat="50.0005261248" lon="9.00283755212" />
  <node id="22022" visible="true" version="1" lat="50.00053021555" lon="9.00284044996" />
  <node id="22023" visible="true" version="1" lat="50.0005343156" lon="9.00284331604" />
  <node id="22024" visible="true" version="1" lat="50.00053842483" lon="9.00284615028" />
  <node id="22025" visible="true" version="1" lat="50.00054254314" lon="9.00284895261" />
  <node id="22026" visible="true" version="1" lat="50.00054667043" lon="9.00285172295" />
  <node id="22027" visible="true" version="1" lat="50.0005508066" lon="9.00285446125" />
  <node id="22028" visible="true" version="1" lat="50.00055495154" lon="9.00285716743" />
  <node id="22029" visible="true" version="1" lat="50.00055910516" lon="9.00285984142" />
  <node id="22030" visible="true" version="1" lat="50.00056326733" lon="9.00286248316" />
  <node id="22031" visible="true" version="1" lat="50.00056743797" lon="9.00286509258" />
  <node id="22032" visible="true" version="1" lat="50.00057161697" lon="9.00286766962" />
  <node id="22033" visible="true" version="1" lat="50.00057580422" lon="9.00287021421" />
  <node id="22034" visible="true" version="1" lat="50.00057999962" lon="9.00287272628" />
  <node id="22035" visible="true" version="1" lat="50.00058420306" lon="9.00287520578" />
  <node id="22036" visible="true" version="1" lat="50.00058841444" lon="9.00287765265" />
  <node id="22037" visible="true" version="1" lat="50.00059263365" lon="9.00288006681" />
  <node id="22038" visible="true" version="1" lat="50.0005968606" lon="9.00288244822" />
  <node id="22039" visible="true" version="1" lat="50.00060109516" lon="9.00288479681" />
  <node id="22040" visible="true" version="1" lat="50.00060533724" lon="9.00288711252" />
  <node id="22041" visible="true" version="1" lat="50.00060958673" lon="9.0028893953" />
  <node id="22042" visible="true" version="1" lat="50.00061384352" lon="9.00289164509" />
  <node id="22043" visible="true" version="1" lat="50.00061810751" lon="9.00289386183" />
  <node id="22044" visible="true" version="1" lat="50.00062237859" lon="9.00289604546" />
  <node id="22045" visible="true" version="1" lat="50.00062665666" lon="9.00289819594" />
  <node id="22046" visible="true" version="1" lat="50.0006309416" lon="9.0029003132" />
  <node id="22047" visible="true" version="1" lat="50.00063523331" lon="9.0029023972" />
  <node id="22048" visible="true" version="1" lat="50.00063953169" lon="9.00290444788" />
  <node id="22049" visible="true" version="1" lat="50.00064383662" lon="9.0029064652" />
  <node id="22050" visible="true" version="1" lat="50.000648148" lon="9.00290844909" />
  <node id="22051" visible="true" version="1" lat="50.00065246572" lon="9.00291039952" />
  <node id="22052" visible="true" version="1" lat="50.00065678967" lon="9.00291231643" />
  <node id="22053" visible="true" version="1" lat="50.00066111974" lon="9.00291419978" />
  <node id="22054" visible="true" version="1" lat="50.00066545583" lon="9.00291604951" />
  <node id="22055" visible="true" version="1" lat="50.00066979783" lon="9.00291786559" />
  <node id="22056" visible="true" version="1" lat="50.00067414562" lon="9.00291964796" />
  <node id="22057" visible="true" version="1" lat="50.00067849911" lon="9.00292139658" />
  <node id="22058" visible="true" version="1" lat="50.00068285817" lon="9.00292311142" />
  <node id="22059" visible="true" version="1" lat="50.00068722271" lon="9.00292479241" />
  <node id="22060" visible="true" version="1" lat="50.00069159261" lon="9.00292643953" />
  <node id="22061" visible="true" version="1" lat="50.00069596777" lon="9.00292805274" />
  <node id="22062" visible="true" version="1" lat="50.00070034807" lon="9.00292963198" />
  <node id="22063" visible="true" version="1" lat="50.0007047334" lon="9.00293117723" />
  <node id="22064" visible="true" version="1" lat="50.00070912366" lon="9.00293268843" />
  <node id="22065" visible="true" version="1" lat="50.00071351873" lon="9.00293416557" />
  <node id="22066" visible="true" version="1" lat="50.00071791851" lon="9.00293560859" />
  <node id="22067" visible="true" version="1" lat="50.00072232289" lon="9.00293701747" />
  <node id="22068" visible="true" version="1" lat="50.00072673175" lon="9.00293839216" />
  <node id="22069" visible="true" version="1" lat="50.00073114499" lon="9.00293973264" />
  <node id="22070" visible="true" version="1" lat="50.00073556249" lon="9.00294103887" />
  <node id="22071" visible="true" version="1" lat="50.00073998415" lon="9.00294231081" />
  <node id="22072" visible="true" version="1" lat="50.00074440985" lon="9.00294354844" />
  <node id="22073" visible="true" version="1" lat="50.00074883948" lon="9.00294475172" />
  <node id="22074" visible="true" version="1" lat="50.00075327293" lon="9.00294592063" />
  <node id="22075" visible="true" version="1" lat="50.0007577101" lon="9.00294705513" />
  <node id="22076" visible="true" version="1" lat="50.00076215087" lon="9.0029481552" />
  <node id="22077" visible="true" version="1" lat="50.00076659513" lon="9.00294922081" />
  <node id="22078" visible="true" version="1" lat="50.00077104277" lon="9.00295025192" />
  <node id="22079" visible="true" version="1" lat="50.00077549367" lon="9.00295124853" />
  <node id="22080" visible="true" version="1" lat="50.00077994773" lon="9.0029522106" />
  <node id="22081" visible="true" version="1" lat="50.00078440484" lon="9.0029531381" />
  <node id="22082" visible="true" version="1" lat="50.00078886488" lon="9.00295403102" />
  <node id="22083" visible="true" version="1" lat="50.00079332774" lon="9.00295488933" />
  <node id="22084" visible="true" version="1" lat="50.00079779331" lon="9.00295571301" />
  <node id="22085" visible="true" version="1" lat="50.00080226148" lon="9.00295650204" />
  <node id="22086" visible="true" version="1" lat="50.00080673214" lon="9.00295725641" />
  <node id="22087" visible="true" version="1" lat="50.00081120517" lon="9.00295797608" />
  <node id="22088" visible="true" version="1" lat="50.00081568047" lon="9.00295866104" />
  <node id="22089" visible="true" version="1" lat="50.00082015791" lon="9.00295931129" />
  <node id="22090" visible="true" version="1" lat="50.0008246374" lon="9.00295992679" />
  <node id="22091" visible="true" version="1" lat="50.00082911881" lon="9.00296050754" />
  <node id="22092" visible="true" version="1" lat="50.00083360205" lon="9.00296105351" />
  <node id="22093" visible="true" version="1" lat="50.00083808698" lon="9.00296156471" />
  <node id="22094" visible="true" version="1" lat="50.0008425735" lon="9.0029620411" />
  <node id="22095" visible="true" version="1" lat="50.00084706151" lon="9.00296248269" />
  <node id="22096" visible="true" version="1" lat="50.00085155088" lon="9.00296288946" />
  <node id="22097" visible="true" version="1" lat="50.00085604151" lon="9.0029632614" />
  <node id="22098" visible="true" version="1" lat="50.00086053328" lon="9.0029635985" />
  <node id="22099" visible="true" version="1" lat="50.00086502608" lon="9.00296390075" />
  <node id="22100" visible="true" version="1" lat="50.00086951979" lon="9.00296416815" />
  <node id="22101" visible="true" version="1" lat="50.00087401432" lon="9.00296440068" />
  <node id="22102" visible="true" version="1" lat="50.00087850953" lon="9.00296459835" />
  <node id="22103" visible="true" version="1" lat="50.00088300533" lon="9.00296476115" />
  <node id="22104" visible="true" version="1" lat="50.0008875016" lon="9.00296488907" />
  <node id="22105" visible="true" version="1" lat="50.00089199822" lon="9.00296498211" />
  <node id="22106" visible="true" version="1" lat="50.00089649508" lon="9.00296504027" />
  <node id="22107" visible="true" version="1" lat="50.00090099208" lon="9.00296506354" />
  <node id="22108" visible="true" version="1" lat="50.00090548909" lon="9.00296505193" />
  <node id="22109" visible="true" version="1" lat="50.00090998601" lon="9.00296500544" />
  <node id="22110" visible="true" version="1" lat="50.00091448273" lon="9.00296492406" />
  <node id="22111" visible="true" version="1" lat="50.00091897913" lon="9.0029648078" />
  <node id="22112" visible="true" version="1" lat="50.00092347509" lon="9.00296465667" />
  <node id="22113" visible="true" version="1" lat="50.00092797052" lon="9.00296447066" />
  <node id="22114" visible="true" version="1" lat="50.00093246528" lon="9.00296424978" />
  <node id="22115" visible="true" version="1" lat="50.00093695928" lon="9.00296399404" />
  <node id="22116" visible="true" version="1" lat="50.0009414524" lon="9.00296370344" />
  <node id="22117" visible="true" version="1" lat="50.00094594453" lon="9.00296337799" />
  <node id="22118" visible="true" version="1" lat="50.00095043555" lon="9.0029630177" />
  <node id="22119" visible="true" version="1" lat="50.00095492535" lon="9.00296262258" />
  <node id="22120" visible="true" version="1" lat="50.00095941383" lon="9.00296219263" />
  <node id="22121" visible="true" version="1" lat="50.00096390086" lon="9.00296172787" />
  <node id="22122" visible="true" version="1" lat="50.00096838634" lon="9.00296122831" />
  <node id="22123" visible="true" version="1" lat="50.00097287015" lon="9.00296069396" />
  <node id="22124" visible="true" version="1" lat="50.00097735218" lon="9.00296012484" />
  <node id="22125" visible="true" version="1" lat="50.00098183233" lon="9.00295952095" />
  <node id="22126" visible="true" version="1" lat="50.00098631047" lon="9.00295888232" />
  <node id="22127" visible="true" version="1" lat="50.0009907865" lon="9.00295820896" />
  <node id="22128" visible="true" version="1" lat="50.0009952603" lon="9.00295750089" />
  <node id="22129" visible="true" version="1" lat="50.00099973176" lon="9.00295675812" />
  <node id="22130" visible="true" version="1" lat="50.00100420078" lon="9.00295598067" />
  <node id="22131" visible="true" version="1" lat="50.00100866723" lon="9.00295516857" />
  <node id="22132" visible="true" version="1" lat="50.00101313101" lon="9.00295432183" />
  <node id="22133" visible="true" version="1" lat="50.001017592" lon="9.00295344048" />
  <node id="22134" visible="true" version="1" lat="50.0010220501" lon="9.00295252453" />
  <node id="22135" visible="true" version="1" lat="50.00102650519" lon="9.00295157401" />
  <node id="22136" visible="true" version="1" lat="50.00103095717" lon="9.00295058894" />
  <node id="22137" visible="true" version="1" lat="50.00103540591" lon="9.00294956935" />
  <node id="22138" visible="true" version="1" lat="50.00103985131" lon="9.00294851527" />
  <node id="22139" visible="true" version="1" lat="50.00104429325" lon="9.00294742671" />
  <node id="22140" visible="true" version="1" lat="50.00104873164" lon="9.00294630371" />
  <node id="22141" visible="true" version="1" lat="50.00105316635" lon="9.00294514629" />
  <node id="22142" visible="true" version="1" lat="50.00105759727" lon="9.00294395449" />
  <node id="22143" visible="true" version="1" lat="50.0010620243" lon="9.00294272833" />
  <node id="22144" visible="true" version="1" lat="50.00106644732" lon="9.00294146785" />
  <node id="22145" visible="true" version="1" lat="50.00107086622" lon="9.00294017307" />
  <node id="22146" visible="true" version="1" lat="50.00107528089" lon="9.00293884402" />
  <node id="22147" visible="true" version="1" lat="50.00107969123" lon="9.00293748075" />
  <node id="22148" visible="true" version="1" lat="50.00108409712" lon="9.00293608329" />
  <node id="22149" visible="true" version="1" lat="50.00108849844" lon="9.00293465166" />
  <node id="22150" visible="true" version="1" lat="50.0010928951" lon="9.00293318591" />
  <node id="22151" visible="true" version="1" lat="50.00109728698" lon="9.00293168607" />
  <node id="22152" visible="true" version="1" lat="50.00110167398" lon="9.00293015219" />
  <node id="22153" visible="true" version="1" lat="50.00110605597" lon="9.00292858429" />
  <node id="22154" visible="true" version="1" lat="50.00111043286" lon="9.00292698242" />
  <node id="22155" visible="true" version="1" lat="50.00111480453" lon="9.00292534661" />
  <node id="22156" visible="true" version="1" lat="50.00111917087" lon="9.00292367692" />
  <node id="22157" visible="true" version="1" lat="50.00112353177" lon="9.00292197337" />
  <node id="22158" visible="true" version="1" lat="50.00112788714" lon="9.00292023602" />
  <node id="22159" visible="true" version="1" lat="50.00113223684" lon="9.0029184649" />
  <node id="22160" visible="true" version="1" lat="50.00113658079" lon="9.00291666006" />
  <node id="22161" visible="true" version="1" lat="50.00114091886" lon="9.00291482155" />
  <node id="22162" visible="true" version="1" lat="50.00114525096" lon="9.00291294941" />
  <node id="22163" visible="true" version="1" lat="50.00114957697" lon="9.00291104369" />
  <node id="22164" visible="true" version="1" lat="50.00115389678" lon="9.00290910444" />
  <node id="22165" visible="true" version="1" lat="50.00115821029" lon="9.00290713169" />
  <node id="22166" visible="true" version="1" lat="50.00116251738" lon="9.00290512552" />
  <node id="22167" visible="true" version="1" lat="50.00116681796" lon="9.00290308595" />
  <node id="22168" visible="true" version="1" lat="50.00117111191" lon="9.00290101305" />
  <node id="22169" visible="true" version="1" lat="50.00117539913" lon="9.00289890687" />
  <node id="22170" visible="true" version="1" lat="50.0011796795" lon="9.00289676746" />
  <node id="22171" visible="true" version="1" lat="50.00118395293" lon="9.00289459487" />
  <node id="22172" visible="true" version="1" lat="50.0011882193" lon="9.00289238915" />
  <node id="22173" visible="true" version="1" lat="50.0011924785" lon="9.00289015037" />
  <node id="22174" visible="true" version="1" lat="50.00119673044" lon="9.00288787858" />
  <node id="22175" visible="true" version="1" lat="50.00120097501" lon="9.00288557383" />
  <node id="22176" visible="true" version="1" lat="50.00120521209" lon="9.00288323619" />
  <node id="22177" visible="true" version="1" lat="50.00120944159" lon="9.0028808657" />
  <node id="22178" visible="true" version="1" lat="50.0012136634" lon="9.00287846244" />
  <node id="22179" visible="true" version="1" lat="50.00121787741" lon="9.00287602645" />
  <node id="22180" visible="true" version="1" lat="50.00122208351" lon="9.00287355781" />
  <node id="22181" visible="true" version="1" lat="50.0012262816" lon="9.00287105657" />
  <node id="22182" visible="true" version="1" lat="50.00123047159" lon="9.0028685228" />
  <node id="22183" visible="true" version="1" lat="50.00123465335" lon="9.00286595655" />
  <node id="22184" visible="true" version="1" lat="50.00123882679" lon="9.0028633579" />
  <node id="22185" visible="true" version="1" lat="50.0012429918" lon="9.0028607269" />
  <node id="22186" visible="true" version="1" lat="50.00124714829" lon="9.00285806363" />
  <node id="22187" visible="true" version="1" lat="50.00125129613" lon="9.00285536815" />
  <node id="22188" visible="true" version="1" lat="50.00125543524" lon="9.00285264053" />
  <node id="22189" visible="true" version="1" lat="50.00125956551" lon="9.00284988083" />
  <node id="22190" visible="true" version="1" lat="50.00126368683" lon="9.00284708913" />
  <node id="22191" visible="true" version="1" lat="50.0012677991" lon="9.00284426549" />
  <node id="22192" visible="true" version="1" lat="50.00127190222" lon="9.00284140999" />
  <node id="22193" visible="true" version="1" lat="50.00127599609" lon="9.00283852269" />
  <node id="22194" visible="true" version="1" lat="50.0012800806" lon="9.00283560367" />
  <node id="22195" visible="true" version="1" lat="50.00128415565" lon="9.002832653" />
  <node id="22196" visible="true" version="1" lat="50.00128822114" lon="9.00282967076" />
  <node id="22197" visible="true" version="1" lat="50.00129227697" lon="9.00282665702" />
  <node id="22198" visible="true" version="1" lat="50.00129632303" lon="9.00282361186" />
  <node id="22199" visible="true" version="1" lat="50.00130035923" lon="9.00282053534" />
  <node id="22200" visible="true" version="1" lat="50.00130438547" lon="9.00281742756" />
  <node id="22201" visible="true" version="1" lat="50.00130840164" lon="9.00281428858" />
  <node id="22202" visible="true" version="1" lat="50.00131240764" lon="9.00281111848" />
  <node id="22203" visible="true" version="1" lat="50.00131640338" lon="9.00280791735" />
  <node id="22204" visible="true" version="1" lat="50.00132038875" lon="9.00280468526" />
  <node id="22205" visible="true" version="1" lat="50.00132436365" lon="9.0028014223" />
  <node id="22206" visible="true" version="1" lat="50.00132832799" lon="9.00279812854" />
  <node id="22207" visible="true" version="1" lat="50.00133228166" lon="9.00279480407" />
  <node id="22208" visible="true" version="1" lat="50.00133622457" lon="9.00279144897" />
  <node id="22209" visible="true" version="1" lat="50.00134015662" lon="9.00278806333" />
  <node id="22210" visible="true" version="1" lat="50.0013440777" lon="9.00278464723" />
  <node id="22211" visible="true" version="1" lat="50.00134798773" lon="9.00278120075" />
  <node id="22212" visible="true" version="1" lat="50.0013518866" lon="9.00277772399" />
  <node id="22213" visible="true" version="1" lat="50.00135577422" lon="9.00277421702" />
  <node id="22214" visible="true" version="1" lat="50.00135965049" lon="9.00277067994" />
  <node id="22215" visible="true" version="1" lat="50.00136351531" lon="9.00276711284" />
  <node id="22216" visible="true" version="1" lat="50.00136736858" lon="9.0027635158" />
  <node id="22217" visible="true" version="1" lat="50.00137121022" lon="9.00275988891" />
  <node id="22218" visible="true" version="1" lat="50.00137504011" lon="9.00275623227" />
  <node id="22219" visible="true" version="1" lat="50.00137885818" lon="9.00275254596" />
  <node id="22220" visible="true" version="1" lat="50.00138266432" lon="9.00274883008" />
  <node id="22221" visible="true" version="1" lat="50.00138645843" lon="9.00274508472" />
  <node id="22222" visible="true" version="1" lat="50.00139024043" lon="9.00274130998" />
  <node id="22223" visible="true" version="1" lat="50.00139401021" lon="9.00273750594" />
  <node id="22224" visible="true" version="1" lat="50.00139776769" lon="9.00273367271" />
  <node id="22225" visible="true" version="1" lat="50.00140151276" lon="9.00272981038" />
  <node id="22226" visible="true" version="1" lat="50.00140524534" lon="9.00272591904" />
  <node id="22227" visible="true" version="1" lat="50.00140896534" lon="9.0027219988" />
  <node id="22228" visible="true" version="1" lat="50.00141267265" lon="9.00271804975" />
  <node id="22229" visible="true" version="1" lat="50.00141636719" lon="9.00271407199" />
  <node id="22230" visible="true" version="1" lat="50.00142004886" lon="9.00271006562" />
  <node id="22231" visible="true" version="1" lat="50.00142371758" lon="9.00270603074" />
  <node id="22232" visible="true" version="1" lat="50.00142737324" lon="9.00270196745" />
  <node id="22233" visible="true" version="1" lat="50.00143101577" lon="9.00269787585" />
  <node id="22234" visible="true" version="1" lat="50.00143464506" lon="9.00269375605" />
  <node id="22235" visible="true" version="1" lat="50.00143826103" lon="9.00268960815" />
  <node id="22236" visible="true" version="1" lat="50.00144186359" lon="9.00268543224" />
  <node id="22237" visible="true" version="1" lat="50.00144545264" lon="9.00268122845" />
  <node id="22238" visible="true" version="1" lat="50.00144902811" lon="9.00267699686" />
  <node id="22239" visible="true" version="1" lat="50.00145258989" lon="9.00267273759" />
  <node id="22240" visible="true" version="1" lat="50.00145613789" lon="9.00266845074" />
  <node id="22241" visible="true" version="1" lat="50.00145967204" lon="9.00266413642" />
  <node id="22242" visible="true" version="1" lat="50.00146319224" lon="9.00265979475" />
  <node id="22243" visible="true" version="1" lat="50.0014666984" lon="9.00265542581" />
  <node id="22244" visible="true" version="1" lat="50.00147019044" lon="9.00265102974" />
  <node id="22245" visible="true" version="1" lat="50.00147366827" lon="9.00264660663" />
  <node id="22246" visible="true" version="1" lat="50.0014771318" lon="9.00264215659" />
  <node id="22247" visible="true" version="1" lat="50.00148058094" lon="9.00263767975" />
  <node id="22248" visible="true" version="1" lat="50.00148401562" lon="9.0026331762" />
  <node id="22249" visible="true" version="1" lat="50.00148743573" lon="9.00262864607" />
  <node id="22250" visible="true" version="1" lat="50.0014908412" lon="9.00262408946" />
  <node id="22251" visible="true" version="1" lat="50.00149423195" lon="9.00261950649" />
  <node id="22252" visible="true" version="1" lat="50.00149760788" lon="9.00261489727" />
  <node id="22253" visible="true" version="1" lat="50.00150096892" lon="9.00261026192" />
  <node id="22254" visible="true" version="1" lat="50.00150431498" lon="9.00260560056" />
  <node id="22255" visible="true" version="1" lat="50.00150764597" lon="9.0026009133" />
  <node id="22256" visible="true" version="1" lat="50.00151096181" lon="9.00259620026" />
  <node id="22257" visible="true" version="1" lat="50.00151426242" lon="9.00259146155" />
  <node id="22258" visible="true" version="1" lat="50.00151754772" lon="9.0025866973" />
  <node id="22259" visible="true" version="1" lat="50.00152081763" lon="9.00258190763" />
  <node id="22260" visible="true" version="1" lat="50.00152407205" lon="9.00257709264" />
  <node id="22261" visible="true" version="1" lat="50.00152731092" lon="9.00257225247" />
  <node id="22262" visible="true" version="1" lat="50.00153053415" lon="9.00256738724" />
  <node id="22263" visible="true" version="1" lat="50.00153374166" lon="9.00256249707" />
  <node id="22264" visible="true" version="1" lat="50.00153693337" lon="9.00255758207" />
  <node id="22265" visible="true" version="1" lat="50.0015401092" lon="9.00255264237" />
  <node id="22266" visible="true" version="1" lat="50.00154326907" lon="9.0025476781" />
  <node id="22267" visible="true" version="1" lat="50.0015464129" lon="9.00254268938" />
  <node id="22268" visible="true" version="1" lat="50.00154954061" lon="9.00253767634" />
  <node id="22269" visible="true" version="1" lat="50.00155265213" lon="9.00253263909" />
  <node id="22270" visible="true" version="1" lat="50.00155574738" lon="9.00252757777" />
  <node id="22271" visible="true" version="1" lat="50.00155882627" lon="9.0025224925" />
  <node id="22272" visible="true" version="1" lat="50.00156188874" lon="9.00251738341" />
  <node id="22273" visible="true" version="1" lat="50.0015649347" lon="9.00251225063" />
  <node id="22274" visible="true" version="1" lat="50.00156796409" lon="9.00250709428" />
  <node id="22275" visible="true" version="1" lat="50.00157097681" lon="9.0025019145" />
  <node id="22276" visible="true" version="1" lat="50.00157397281" lon="9.00249671141" />
  <node id="22277" visible="true" version="1" lat="50.001576952" lon="9.00249148514" />
  <node id="22278" visible="true" version="1" lat="50.00157991431" lon="9.00248623583" />
  <node id="22279" visible="true" version="1" lat="50.00158285967" lon="9.0024809636" />
  <node id="22280" visible="true" version="1" lat="50.001585788" lon="9.00247566859" />
  <node id="22281" visible="true" version="1" lat="50.00158869922" lon="9.00247035093" />
  <node id="22282" visible="true" version="1" lat="50.00159159327" lon="9.00246501076" />
  <node id="22283" visible="true" version="1" lat="50.00159447008" lon="9.0024596482" />
  <node id="22284" visible="true" version="1" lat="50.00159732957" lon="9.00245426339" />
  <node id="22285" visible="true" version="1" lat="50.00160017166" lon="9.00244885646" />
  <node id="22286" visible="true" version="1" lat="50.0016029963" lon="9.00244342756" />
  <node id="22287" visible="true" version="1" lat="50.0016058034" lon="9.00243797681" />
  <node id="22288" visible="true" version="1" lat="50.00160859291" lon="9.00243250435" />
  <node id="22289" visible="true" version="1" lat="50.00161136474" lon="9.00242701033" />
  <node id="22290" visible="true" version="1" lat="50.00161411883" lon="9.00242149486" />
  <node id="22291" visible="true" version="1" lat="50.00161685511" lon="9.00241595811" />
  <node id="22292" visible="true" version="1" lat="50.00161957351" lon="9.00241040019" />
  <node id="22293" visible="true" version="1" lat="50.00162227396" lon="9.00240482126" />
  <node id="22294" visible="true" version="1" lat="50.00162495641" lon="9.00239922145" />
  <node id="22295" visible="true" version="1" lat="50.00162762077" lon="9.0023936009" />
  <node id="22296" visible="true" version="1" lat="50.00163026698" lon="9.00238795975" />
  <node id="22297" visible="true" version="1" lat="50.00163289498" lon="9.00238229814" />
  <node id="22298" visible="true" version="1" lat="50.0016355047" lon="9.00237661622" />
  <node id="22299" visible="true" version="1" lat="50.00163809608" lon="9.00237091412" />
  <node id="22300" visible="true" version="1" lat="50.00164066905" lon="9.00236519199" />
  <node id="22301" visible="true" version="1" lat="50.00164322355" lon="9.00235944997" />
  <node id="22302" visible="true" version="1" lat="50.0016457595" lon="9.00235368821" />
  <node id="22303" visible="true" version="1" lat="50.00164827686" lon="9.00234790685" />
  <node id="22304" visible="true" version="1" lat="50.00165077555" lon="9.00234210603" />
  <node id="22305" visible="true" version="1" lat="50.00165325552" lon="9.0023362859" />
  <node id="22306" visible="true" version="1" lat="50.0016557167" lon="9.00233044661" />
  <node id="22307" visible="true" version="1" lat="50.00165815903" lon="9.0023245883" />
  <node id="22308" visible="true" version="1" lat="50.00166058244" lon="9.00231871111" />
  <node id="22309" visible="true" version="1" lat="50.00166298689" lon="9.00231281519" />
  <node id="22310" visible="true" version="1" lat="50.0016653723" lon="9.0023069007" />
  <node id="22311" visible="true" version="1" lat="50.00166773863" lon="9.00230096778" />
  <node id="22312" visible="true" version="1" lat="50.0016700858" lon="9.00229501657" />
  <node id="22313" visible="true" version="1" lat="50.00167241377" lon="9.00228904723" />
  <node id="22314" visible="true" version="1" lat="50.00167472246" lon="9.00228305991" />
  <node id="22315" visible="true" version="1" lat="50.00167701184" lon="9.00227705475" />
  <node id="22316" visible="true" version="1" lat="50.00167928183" lon="9.00227103191" />
  <node id="22317" visible="true" version="1" lat="50.00168153238" lon="9.00226499153" />
  <node id="22318" visible="true" version="1" lat="50.00168376344" lon="9.00225893377" />
  <node id="22319" visible="true" version="1" lat="50.00168597494" lon="9.00225285877" />
  <node id="22320" visible="true" version="1" lat="50.00168816684" lon="9.0022467667" />
  <node id="22321" visible="true" version="1" lat="50.00169033908" lon="9.0022406577" />
  <node id="22322" visible="true" version="1" lat="50.0016924916" lon="9.00223453193" />
  <node id="22323" visible="true" version="1" lat="50.00169462436" lon="9.00222838953" />
  <node id="22324" visible="true" version="1" lat="50.00169673729" lon="9.00222223066" />
  <node id="22325" visible="true" version="1" lat="50.00169883034" lon="9.00221605549" />
  <node id="22326" visible="true" version="1" lat="50.00170090347" lon="9.00220986415" />
  <node id="22327" visible="true" version="1" lat="50.00170295662" lon="9.0022036568" />
  <node id="22328" visible="true" version="1" lat="50.00170498974" lon="9.00219743361" />
  <node id="22329" visible="true" version="1" lat="50.00170700278" lon="9.00219119472" />
  <node id="22330" visible="true" version="1" lat="50.00170899568" lon="9.0021849403" />
  <node id="22331" visible="true" version="1" lat="50.0017109684" lon="9.00217867049" />
  <node id="22332" visible="true" version="1" lat="50.0017129209" lon="9.00217238546" />
  <node id="22333" visible="true" version="1" lat="50.00171485311" lon="9.00216608536" />
  <node id="22334" visible="true" version="1" lat="50.00171676499" lon="9.00215977034" />
  <node id="22335" visible="true" version="1" lat="50.0017186565" lon="9.00215344058" />
  <node id="22336" visible="true" version="1" lat="50.00172052758" lon="9.00214709622" />
  <node id="22337" visible="true" version="1" lat="50.0017223782" lon="9.00214073743" />
  <node id="22338" visible="true" version="1" lat="50.0017242083" lon="9.00213436436" />
  <node id="22339" visible="true" version="1" lat="50.00172601783" lon="9.00212797717" />
  <node id="22340" visible="true" version="1" lat="50.00172780676" lon="9.00212157603" />
  <node id="22341" visible="true" version="1" lat="50.00172957504" lon="9.00211516108" />
  <node id="22342" visible="true" version="1" lat="50.00173132262" lon="9.0021087325" />
  <node id="22343" visible="true" version="1" lat="50.00173304946" lon="9.00210229045" />
  <node id="22344" visible="true" version="1" lat="50.00173475552" lon="9.00209583507" />
  <node id="22345" visible="true" version="1" lat="50.00173644075" lon="9.00208936655" />
  <node id="22346" visible="true" version="1" lat="50.00173810511" lon="9.00208288503" />
  <node id="22347" visible="true" version="1" lat="50.00173974857" lon="9.00207639068" />
  <node id="22348" visible="true" version="1" lat="50.00174137107" lon="9.00206988366" />
  <node id="22349" visible="true" version="1" lat="50.00174297258" lon="9.00206336414" />
  <node id="22350" visible="true" version="1" lat="50.00174455306" lon="9.00205683227" />
  <node id="22351" visible="true" version="1" lat="50.00174611247" lon="9.00205028823" />
  <node id="22352" visible="true" version="1" lat="50.00174765077" lon="9.00204373217" />
  <node id="22353" visible="true" version="1" lat="50.00174916793" lon="9.00203716426" />
  <node id="22354" visible="true" version="1" lat="50.00175066389" lon="9.00203058466" />
  <node id="22355" visible="true" version="1" lat="50.00175213863" lon="9.00202399354" />
  <node id="22356" visible="true" version="1" lat="50.00175359212" lon="9.00201739106" />
  <node id="22357" visible="true" version="1" lat="50.0017550243" lon="9.00201077739" />
  <node id="22358" visible="true" version="1" lat="50.00175643516" lon="9.00200415269" />
  <node id="22359" visible="true" version="1" lat="50.00175782464" lon="9.00199751713" />
  <node id="22360" visible="true" version="1" lat="50.00175919272" lon="9.00199087088" />
  <node id="22361" visible="true" version="1" lat="50.00176053937" lon="9.00198421409" />
  <node id="22362" visible="true" version="1" lat="50.00176186455" lon="9.00197754694" />
  <node id="22363" visible="true" version="1" lat="50.00176316822" lon="9.00197086959" />
  <node id="22364" visible="true" version="1" lat="50.00176445035" lon="9.00196418221" />
  <node id="22365" visible="true" version="1" lat="50.00176571092" lon="9.00195748497" />
  <node id="22366" visible="true" version="1" lat="50.00176694989" lon="9.00195077804" />
  <node id="22367" visible="true" version="1" lat="50.00176816723" lon="9.00194406158" />
  <node id="22368" visible="true" version="1" lat="50.0017693629" lon="9.00193733575" />
  <node id="22369" visible="true" version="1" lat="50.00177053689" lon="9.00193060074" />
  <node id="22370" visible="true" version="1" lat="50.00177168915" lon="9.0019238567" />
  <node id="22371" visible="true" version="1" lat="50.00177281967" lon="9.00191710381" />
  <node id="22372" visible="true" version="1" lat="50.00177392841" lon="9.00191034224" />
  <node id="22373" visible="true" version="1" lat="50.00177501534" lon="9.00190357214" />
  <node id="22374" visible="true" version="1" lat="50.00177608044" lon="9.0018967937" />
  <node id="22375" visible="true" version="1" lat="50.00177712368" lon="9.00189000709" />
  <node id="22376" visible="true" version="1" lat="50.00177814504" lon="9.00188321246" />
  <node id="22377" visible="true" version="1" lat="50.00177914449" lon="9.00187640999" />
  <node id="22378" visible="true" version="1" lat="50.001780122" lon="9.00186959986" />
  <node id="22379" visible="true" version="1" lat="50.00178107755" lon="9.00186278223" />
  <node id="22380" visible="true" version="1" lat="50.00178201111" lon="9.00185595727" />
  <node id="22381" visible="true" version="1" lat="50.00178292267" lon="9.00184912516" />
  <node id="22382" visible="true" version="1" lat="50.0017838122" lon="9.00184228605" />
  <node id="22383" visible="true" version="1" lat="50.00178467968" lon="9.00183544014" />
  <node id="22384" visible="true" version="1" lat="50.00178552508" lon="9.00182858758" />
  <node id="22385" visible="true" version="1" lat="50.00178634839" lon="9.00182172854" />
  <node id="22386" visible="true" version="1" lat="50.00178714958" lon="9.00181486321" />
  <node id="22387" visible="true" version="1" lat="50.00178792864" lon="9.00180799175" />
  <node id="22388" visible="true" version="1" lat="50.00178868554" lon="9.00180111433" />
  <node id="22389" visible="true" version="1" lat="50.00178942027" lon="9.00179423112" />
  <node id="22390" visible="true" version="1" lat="50.00179013281" lon="9.0017873423" />
  <node id="22391" visible="true" version="1" lat="50.00179082313" lon="9.00178044804" />
  <node id="22392" visible="true" version="1" lat="50.00179149123" lon="9.0017735485" />
  <node id="22393" visible="true" version="1" lat="50.00179213708" lon="9.00176664388" />
  <node id="22394" visible="true" version="1" lat="50.00179276067" lon="9.00175973432" />
  <node id="22395" visible="true" version="1" lat="50.00179336199" lon="9.00175282002" />
  <node id="22396" visible="true" version="1" lat="50.00179394101" lon="9.00174590114" />
  <node id="22397" visible="true" version="1" lat="50.00179449773" lon="9.00173897785" />
  <node id="22398" visible="true" version="1" lat="50.00179503214" lon="9.00173205034" />
  <node id="22399" visible="true" version="1" lat="50.0017955442" lon="9.00172511876" />
  <node id="22400" visible="true" version="1" lat="50.00179603393" lon="9.00171818329" />
  <node id="22401" visible="true" version="1" lat="50.00179650129" lon="9.00171124412" />
  <node id="22402" visible="true" version="1" lat="50.00179694629" lon="9.0017043014" />
  <node id="22403" visible="true" version="1" lat="50.0017973689" lon="9.00169735532" />
  <node id="22404" visible="true" version="1" lat="50.00179776912" lon="9.00169040605" />
  <node id="22405" visible="true" version="1" lat="50.00179814694" lon="9.00168345376" />
  <node id="22406" visible="true" version="1" lat="50.00179850236" lon="9.00167649863" />
  <node id="22407" visible="true" version="1" lat="50.00179883535" lon="9.00166954082" />
  <node id="22408" visible="true" version="1" lat="50.00179914591" lon="9.00166258052" />
  <node id="22409" visible="true" version="1" lat="50.00179943404" lon="9.0016556179" />
  <node id="22410" visible="true" version="1" lat="50.00179969973" lon="9.00164865313" />
  <node id="22411" visible="true" version="1" lat="50.00179994296" lon="9.00164168639" />
  <node id="22412" visible="true" version="1" lat="50.00180016374" lon="9.00163471784" />
  <node id="22413" visible="true" version="1" lat="50.00180036206" lon="9.00162774767" />
  <node id="22414" visible="true" version="1" lat="50.00180053791" lon="9.00162077605" />
  <node id="22415" visible="true" version="1" lat="50.0018006913" lon="9.00161380315" />
  <node id="22416" visible="true" version="1" lat="50.00180082221" lon="9.00160682915" />
  <node id="22417" visible="true" version="1" lat="50.00180093064" lon="9.00159985422" />
  <node id="22418" visible="true" version="1" lat="50.00180101659" lon="9.00159287854" />
  <way id="19003" visible="true" version="1">
    <nd ref="18150" />
    <nd ref="18151" />
    <nd ref="18152" />
    <nd ref="18153" />
    <nd ref="18154" />
    <nd ref="18155" />
    <nd ref="18156" />
    <nd ref="18157" />
    <nd ref="18158" />
    <nd ref="18159" />
    <nd ref="18160" />
    <nd ref="18161" />
    <nd ref="18162" />
    <nd ref="18163" />
    <nd ref="18164" />
    <nd ref="18165" />
    <nd ref="18166" />
    <nd ref="18167" />
    <nd ref="18168" />
    <nd ref="18169" />
    <nd ref="18170" />
    <nd ref="18171" />
    <nd ref="18172" />
    <nd ref="18173" />
    <nd ref="18174" />
    <nd ref="18175" />
    <nd ref="18176" />
    <nd ref="18177" />
    <nd ref="18178" />
    <nd ref="18179" />
    <nd ref="18180" />
    <nd ref="18181" />
    <nd ref="18182" />
    <nd ref="18183" />
    <nd ref="18184" />
    <nd ref="18185" />
    <nd ref="18186" />
    <nd ref="18187" />
    <nd ref="18188" />
    <nd ref="18189" />
    <nd ref="18190" />
    <nd ref="18191" />
    <nd ref="18192" />
    <nd ref="18193" />
    <nd ref="18194" />
    <nd ref="18195" />
    <nd ref="18196" />
    <nd ref="18197" />
    <nd ref="18198" />
    <nd ref="18199" />
    <nd ref="18200" />
    <nd ref="18201" />
    <nd ref="18202" />
    <nd ref="18203" />
    <nd ref="18204" />
    <nd ref="18205" />
    <nd ref="18206" />
    <nd ref="18207" />
    <nd ref="18208" />
    <nd ref="18209" />
    <nd ref="18210" />
    <nd ref="18211" />
    <nd ref="18212" />
    <nd ref="18213" />
    <nd ref="18214" />
    <nd ref="18215" />
    <nd ref="18216" />
    <nd ref="18217" />
    <nd ref="18218" />
    <nd ref="18219" />
    <nd ref="18220" />
    <nd ref="18221" />
    <nd ref="18222" />
    <nd ref="18223" />
    <nd ref="18224" />
    <nd ref="18225" />
    <nd ref="18226" />
    <nd ref="18227" />
    <nd ref="18228" />
    <nd ref="18229" />
    <nd ref="18230" />
    <nd ref="18231" />
    <nd ref="18232" />
    <nd ref="18233" />
    <nd ref="18234" />
    <nd ref="18235" />
    <nd ref="18236" />
    <nd ref="18237" />
    <nd ref="18238" />
    <nd ref="18239" />
    <nd ref="18240" />
    <nd ref="18241" />
    <nd ref="18242" />
    <nd ref="18243" />
    <nd ref="18244" />
    <nd ref="18245" />
    <nd ref="18246" />
    <nd ref="18247" />
    <nd ref="18248" />
    <nd ref="18249" />
    <nd ref="18250" />
    <nd ref="18251" />
    <nd ref="18252" />
    <nd ref="18253" />
    <nd ref="18254" />
    <nd ref="18255" />
    <nd ref="18256" />
    <nd ref="18257" />
    <nd ref="18258" />
    <nd ref="18259" />
    <nd ref="18260" />
    <nd ref="18261" />
    <nd ref="18262" />
    <nd ref="18263" />
    <nd ref="18264" />
    <nd ref="18265" />
    <nd ref="18266" />
    <nd ref="18267" />
    <nd ref="18268" />
    <nd ref="18269" />
    <nd ref="18270" />
    <nd ref="18271" />
    <nd ref="18272" />
    <nd ref="18273" />
    <nd ref="18274" />
    <nd ref="18275" />
    <nd ref="18276" />
    <nd ref="18277" />
    <nd ref="18278" />
    <nd ref="18279" />
    <nd ref="18280" />
    <nd ref="18281" />
    <nd ref="18282" />
    <nd ref="18283" />
    <nd ref="18284" />
    <nd ref="18285" />
    <nd ref="18286" />
    <nd ref="18287" />
    <nd ref="18288" />
    <nd ref="18289" />
    <nd ref="18290" />
    <nd ref="18291" />
    <nd ref="18292" />
    <nd ref="18293" />
    <nd ref="18294" />
    <nd ref="18295" />
    <nd ref="18296" />
    <nd ref="18297" />
    <nd ref="18298" />
    <nd ref="18299" />
    <nd ref="18300" />
    <nd ref="18301" />
    <nd ref="18302" />
    <nd ref="18303" />
    <nd ref="18304" />
    <nd ref="18305" />
    <nd ref="18306" />
    <nd ref="18307" />
    <nd ref="18308" />
    <nd ref="18309" />
    <nd ref="18310" />
    <nd ref="18311" />
    <nd ref="18312" />
    <nd ref="18313" />
    <nd ref="18314" />
    <nd ref="18315" />
    <nd ref="18316" />
    <nd ref="18317" />
    <nd ref="18318" />
    <nd ref="18319" />
    <nd ref="18320" />
    <nd ref="18321" />
    <nd ref="18322" />
    <nd ref="18323" />
    <nd ref="18324" />
    <nd ref="18325" />
    <nd ref="18326" />
    <nd ref="18327" />
    <nd ref="18328" />
    <nd ref="18329" />
    <nd ref="18330" />
    <nd ref="18331" />
    <nd ref="18332" />
    <nd ref="18333" />
    <nd ref="18334" />
    <nd ref="18335" />
    <nd ref="18336" />
    <nd ref="18337" />
    <nd ref="18338" />
    <nd ref="18339" />
    <nd ref="18340" />
    <nd ref="18341" />
    <nd ref="18342" />
    <nd ref="18343" />
    <nd ref="18344" />
    <nd ref="18345" />
    <nd ref="18346" />
    <nd ref="18347" />
    <nd ref="18348" />
    <nd ref="18349" />
    <nd ref="18350" />
    <nd ref="18351" />
    <nd ref="18352" />
    <nd ref="18353" />
    <nd ref="18354" />
    <nd ref="18355" />
    <nd ref="18356" />
    <nd ref="18357" />
    <nd ref="18358" />
    <nd ref="18359" />
    <nd ref="18360" />
    <nd ref="18361" />
    <nd ref="18362" />
    <nd ref="18363" />
    <nd ref="18364" />
    <nd ref="18365" />
    <nd ref="18366" />
    <nd ref="18367" />
    <nd ref="18368" />
    <nd ref="18369" />
    <nd ref="18370" />
    <nd ref="18371" />
    <nd ref="18372" />
    <nd ref="18373" />
    <nd ref="18374" />
    <nd ref="18375" />
    <nd ref="18376" />
    <nd ref="18377" />
    <nd ref="18378" />
    <nd ref="18379" />
    <nd ref="18380" />
    <nd ref="18381" />
    <nd ref="18382" />
    <nd ref="18383" />
    <nd ref="18384" />
    <nd ref="18385" />
    <nd ref="18386" />
    <nd ref="18387" />
    <nd ref="18388" />
    <nd ref="18389" />
    <nd ref="18390" />
    <nd ref="18391" />
    <nd ref="18392" />
    <nd ref="18393" />
    <nd ref="18394" />
    <nd ref="18395" />
    <nd ref="18396" />
    <nd ref="18397" />
    <nd ref="18398" />
    <nd ref="18399" />
    <nd ref="18400" />
    <nd ref="18401" />
    <nd ref="18402" />
    <nd ref="18403" />
    <nd ref="18404" />
    <nd ref="18405" />
    <nd ref="18406" />
    <nd ref="18407" />
    <nd ref="18408" />
    <nd ref="18409" />
    <nd ref="18410" />
    <nd ref="18411" />
    <nd ref="18412" />
    <nd ref="18413" />
    <nd ref="18414" />
    <nd ref="18415" />
    <nd ref="18416" />
    <nd ref="18417" />
    <nd ref="18418" />
    <nd ref="18419" />
    <nd ref="18420" />
    <nd ref="18421" />
    <nd ref="18422" />
    <nd ref="18423" />
    <nd ref="18424" />
    <nd ref="18425" />
    <nd ref="18426" />
    <nd ref="18427" />
    <nd ref="18428" />
    <nd ref="18429" />
    <nd ref="18430" />
    <nd ref="18431" />
    <nd ref="18432" />
    <nd ref="18433" />
    <nd ref="18434" />
    <nd ref="18435" />
    <nd ref="18436" />
    <nd ref="18437" />
    <nd ref="18438" />
    <nd ref="18439" />
    <nd ref="18440" />
    <nd ref="18441" />
    <nd ref="18442" />
    <nd ref="18443" />
    <nd ref="18444" />
    <nd ref="18445" />
    <nd ref="18446" />
    <nd ref="18447" />
    <nd ref="18448" />
    <nd ref="18449" />
    <nd ref="18450" />
    <nd ref="18451" />
    <nd ref="18452" />
    <nd ref="18453" />
    <nd ref="18454" />
    <nd ref="18455" />
    <nd ref="18456" />
    <nd ref="18457" />
    <nd ref="18458" />
    <nd ref="18459" />
    <nd ref="18460" />
    <nd ref="18461" />
    <nd ref="18462" />
    <nd ref="18463" />
    <nd ref="18464" />
    <nd ref="18465" />
    <nd ref="18466" />
    <nd ref="18467" />
    <nd ref="18468" />
    <nd ref="18469" />
    <nd ref="18470" />
    <nd ref="18471" />
    <nd ref="18472" />
    <nd ref="18473" />
    <nd ref="18474" />
    <nd ref="18475" />
    <nd ref="18476" />
    <nd ref="18477" />
    <nd ref="18478" />
    <nd ref="18479" />
    <nd ref="18480" />
    <nd ref="18481" />
    <nd ref="18482" />
    <nd ref="18483" />
    <nd ref="18484" />
    <nd ref="18485" />
    <nd ref="18486" />
    <nd ref="18487" />
    <nd ref="18488" />
    <nd ref="18489" />
    <nd ref="18490" />
    <nd ref="18491" />
    <nd ref="18492" />
    <nd ref="18493" />
    <nd ref="18494" />
    <nd ref="18495" />
    <nd ref="18496" />
    <nd ref="18497" />
    <nd ref="18498" />
    <nd ref="18499" />
    <nd ref="18500" />
    <nd ref="18501" />
    <nd ref="18502" />
    <nd ref="18503" />
    <nd ref="18504" />
    <nd ref="18505" />
    <nd ref="18506" />
    <nd ref="18507" />
    <nd ref="18508" />
    <nd ref="18509" />
    <nd ref="18510" />
    <nd ref="18511" />
    <nd ref="18512" />
    <nd ref="18513" />
    <nd ref="18514" />
    <nd ref="18515" />
    <nd ref="18516" />
    <nd ref="18517" />
    <nd ref="18518" />
    <nd ref="18519" />
    <nd ref="18520" />
    <nd ref="18521" />
    <nd ref="18522" />
    <nd ref="18523" />
    <nd ref="18524" />
    <nd ref="18525" />
    <nd ref="18526" />
    <nd ref="18527" />
    <nd ref="18528" />
    <nd ref="18529" />
    <nd ref="18530" />
    <nd ref="18531" />
    <nd ref="18532" />
    <nd ref="18533" />
    <nd ref="18534" />
    <nd ref="18535" />
    <nd ref="18536" />
    <nd ref="18537" />
    <nd ref="18538" />
    <nd ref="18539" />
    <nd ref="18540" />
    <nd ref="18541" />
    <nd ref="18542" />
    <nd ref="18543" />
    <nd ref="18544" />
    <nd ref="18545" />
    <nd ref="18546" />
    <nd ref="18547" />
    <nd ref="18548" />
    <nd ref="18549" />
    <nd ref="18550" />
    <nd ref="18551" />
    <nd ref="18552" />
    <nd ref="18553" />
    <nd ref="18554" />
    <nd ref="18555" />
    <nd ref="18556" />
    <nd ref="18557" />
    <nd ref="18558" />
    <nd ref="18559" />
    <nd ref="18560" />
    <nd ref="18561" />
    <nd ref="18562" />
    <nd ref="18563" />
    <nd ref="18564" />
    <nd ref="18565" />
    <nd ref="18566" />
    <nd ref="18567" />
    <nd ref="18568" />
    <nd ref="18569" />
    <nd ref="18570" />
    <nd ref="18571" />
    <nd ref="18572" />
    <nd ref="18573" />
    <nd ref="18574" />
    <nd ref="18575" />
    <nd ref="18576" />
    <nd ref="18577" />
    <nd ref="18578" />
    <nd ref="18579" />
    <nd ref="18580" />
    <nd ref="18581" />
    <nd ref="18582" />
    <nd ref="18583" />
    <nd ref="18584" />
    <nd ref="18585" />
    <nd ref="18586" />
    <nd ref="18587" />
    <nd ref="18588" />
    <nd ref="18589" />
    <nd ref="18590" />
    <nd ref="18591" />
    <nd ref="18592" />
    <nd ref="18593" />
    <nd ref="18594" />
    <nd ref="18595" />
    <nd ref="18596" />
    <nd ref="18597" />
    <nd ref="18598" />
    <nd ref="18599" />
    <nd ref="18600" />
    <nd ref="18601" />
    <nd ref="18602" />
    <nd ref="18603" />
    <nd ref="18604" />
    <nd ref="18605" />
    <nd ref="18606" />
    <nd ref="18607" />
    <nd ref="18608" />
    <nd ref="18609" />
    <nd ref="18610" />
    <nd ref="18611" />
    <nd ref="18612" />
    <nd ref="18613" />
    <nd ref="18614" />
    <nd ref="18615" />
    <nd ref="18616" />
    <nd ref="18617" />
    <nd ref="18618" />
    <nd ref="18619" />
    <nd ref="18620" />
    <nd ref="18621" />
    <nd ref="18622" />
    <nd ref="18623" />
    <nd ref="18624" />
    <nd ref="18625" />
    <nd ref="18626" />
    <nd ref="18627" />
    <nd ref="18628" />
    <nd ref="18629" />
    <nd ref="18630" />
    <nd ref="18631" />
    <nd ref="18632" />
    <nd ref="18633" />
    <nd ref="18634" />
    <nd ref="18635" />
    <nd ref="18636" />
    <nd ref="18637" />
    <nd ref="18638" />
    <nd ref="18639" />
    <nd ref="18640" />
    <nd ref="18641" />
    <nd ref="18642" />
    <nd ref="18643" />
    <nd ref="18644" />
    <nd ref="18645" />
    <nd ref="18646" />
    <nd ref="18647" />
    <nd ref="18648" />
    <nd ref="18649" />
    <nd ref="18650" />
    <nd ref="18651" />
    <nd ref="18652" />
    <nd ref="18653" />
    <nd ref="18654" />
    <nd ref="18655" />
    <nd ref="18656" />
    <nd ref="18657" />
    <nd ref="18658" />
    <nd ref="18659" />
    <nd ref="18660" />
    <nd ref="18661" />
    <nd ref="18662" />
    <nd ref="18663" />
    <nd ref="18664" />
    <nd ref="18665" />
    <nd ref="18666" />
    <nd ref="18667" />
    <nd ref="18668" />
    <nd ref="18669" />
    <nd ref="18670" />
    <nd ref="18671" />
    <nd ref="18672" />
    <nd ref="18673" />
    <nd ref="18674" />
    <nd ref="18675" />
    <nd ref="18676" />
    <nd ref="18677" />
    <nd ref="18678" />
    <nd ref="18679" />
    <nd ref="18680" />
    <nd ref="18681" />
    <nd ref="18682" />
    <nd ref="18683" />
    <nd ref="18684" />
    <nd ref="18685" />
    <nd ref="18686" />
    <nd ref="18687" />
    <nd ref="18688" />
    <nd ref="18689" />
    <nd ref="18690" />
    <nd ref="18691" />
    <nd ref="18692" />
    <nd ref="18693" />
    <nd ref="18694" />
    <nd ref="18695" />
    <nd ref="18696" />
    <nd ref="18697" />
    <nd ref="18698" />
    <nd ref="18699" />
    <nd ref="18700" />
    <nd ref="18701" />
    <nd ref="18702" />
    <nd ref="18703" />
    <nd ref="18704" />
    <nd ref="18705" />
    <nd ref="18706" />
    <nd ref="18707" />
    <nd ref="18708" />
    <nd ref="18709" />
    <nd ref="18710" />
    <nd ref="18711" />
    <nd ref="18712" />
    <nd ref="18713" />
    <nd ref="18714" />
    <nd ref="18715" />
    <nd ref="18716" />
    <nd ref="18717" />
    <nd ref="18718" />
    <nd ref="18719" />
    <nd ref="18720" />
    <nd ref="18721" />
    <nd ref="18722" />
    <nd ref="18723" />
    <nd ref="18724" />
    <nd ref="18725" />
    <nd ref="18726" />
    <nd ref="18727" />
    <nd ref="18728" />
    <nd ref="18729" />
    <nd ref="18730" />
    <nd ref="18731" />
    <nd ref="18732" />
    <nd ref="18733" />
    <nd ref="18734" />
    <nd ref="18735" />
    <nd ref="18736" />
    <nd ref="18737" />
    <nd ref="18738" />
    <nd ref="18739" />
    <nd ref="18740" />
    <nd ref="18741" />
    <nd ref="18742" />
    <nd ref="18743" />
    <nd ref="18744" />
    <nd ref="18745" />
    <nd ref="18746" />
    <nd ref="18747" />
    <nd ref="18748" />
    <nd ref="18749" />
    <nd ref="18750" />
    <nd ref="18751" />
    <nd ref="18752" />
    <nd ref="18753" />
    <nd ref="18754" />
    <nd ref="18755" />
    <nd ref="18756" />
    <nd ref="18757" />
    <nd ref="18758" />
    <nd ref="18759" />
    <nd ref="18760" />
    <nd ref="18761" />
    <nd ref="18762" />
    <nd ref="18763" />
    <nd ref="18764" />
    <nd ref="18765" />
    <nd ref="18766" />
    <nd ref="18767" />
    <nd ref="18768" />
    <nd ref="18769" />
    <nd ref="18770" />
    <nd ref="18771" />
    <nd ref="18772" />
    <nd ref="18773" />
    <nd ref="18774" />
    <nd ref="18775" />
    <nd ref="18776" />
    <nd ref="18777" />
    <nd ref="18778" />
    <nd ref="18779" />
    <nd ref="18780" />
    <nd ref="18781" />
    <nd ref="18782" />
    <nd ref="18783" />
    <nd ref="18784" />
    <nd ref="18785" />
    <nd ref="18786" />
    <nd ref="18787" />
    <nd ref="18788" />
    <nd ref="18789" />
    <nd ref="18790" />
    <nd ref="18791" />
    <nd ref="18792" />
    <nd ref="18793" />
    <nd ref="18794" />
    <nd ref="18795" />
    <nd ref="18796" />
    <nd ref="18797" />
    <nd ref="18798" />
    <nd ref="18799" />
    <nd ref="18800" />
    <nd ref="18801" />
    <nd ref="18802" />
    <nd ref="18803" />
    <nd ref="18804" />
    <nd ref="18805" />
    <nd ref="18806" />
    <nd ref="18807" />
    <nd ref="18808" />
    <nd ref="18809" />
    <nd ref="18810" />
    <nd ref="18811" />
    <nd ref="18812" />
    <nd ref="18813" />
    <nd ref="18814" />
    <nd ref="18815" />
    <nd ref="18816" />
    <nd ref="18817" />
    <nd ref="18818" />
    <nd ref="18819" />
    <nd ref="18820" />
    <nd ref="18821" />
    <nd ref="18822" />
    <nd ref="18823" />
    <nd ref="18824" />
    <nd ref="18825" />
    <nd ref="18826" />
    <nd ref="18827" />
    <nd ref="18828" />
    <nd ref="18829" />
    <nd ref="18830" />
    <nd ref="18831" />
    <nd ref="18832" />
    <nd ref="18833" />
    <nd ref="18834" />
    <nd ref="18835" />
    <nd ref="18836" />
    <nd ref="18837" />
    <nd ref="18838" />
    <nd ref="18839" />
    <nd ref="18840" />
    <nd ref="18841" />
    <nd ref="18842" />
    <nd ref="18843" />
    <nd ref="18844" />
    <nd ref="18845" />
    <nd ref="18846" />
    <nd ref="18847" />
    <nd ref="18848" />
    <nd ref="18849" />
    <nd ref="18850" />
    <nd ref="18851" />
    <nd ref="18852" />
    <nd ref="18853" />
    <nd ref="18854" />
    <nd ref="18855" />
    <nd ref="18856" />
    <nd ref="18857" />
    <nd ref="18858" />
    <nd ref="18859" />
    <nd ref="18860" />
    <nd ref="18861" />
    <nd ref="18862" />
    <nd ref="18863" />
    <nd ref="18864" />
    <nd ref="18865" />
    <nd ref="18866" />
    <nd ref="18867" />
    <nd ref="18868" />
    <nd ref="18869" />
    <nd ref="18870" />
    <nd ref="18871" />
    <nd ref="18872" />
    <nd ref="18873" />
    <nd ref="18874" />
    <nd ref="18875" />
    <nd ref="18876" />
    <nd ref="18877" />
    <nd ref="18878" />
    <nd ref="18879" />
    <nd ref="18880" />
    <nd ref="18881" />
    <nd ref="18882" />
    <nd ref="18883" />
    <nd ref="18884" />
    <nd ref="18885" />
    <nd ref="18886" />
    <nd ref="18887" />
    <nd ref="18888" />
    <nd ref="18889" />
    <nd ref="18890" />
    <nd ref="18891" />
    <nd ref="18892" />
    <nd ref="18893" />
    <nd ref="18894" />
    <nd ref="18895" />
    <nd ref="18896" />
    <nd ref="18897" />
    <nd ref="18898" />
    <nd ref="18899" />
    <nd ref="18900" />
    <nd ref="18901" />
    <nd ref="18902" />
    <nd ref="18903" />
    <nd ref="18904" />
    <nd ref="18905" />
    <nd ref="18906" />
    <nd ref="18907" />
    <nd ref="18908" />
    <nd ref="18909" />
    <nd ref="18910" />
    <nd ref="18911" />
    <nd ref="18912" />
    <nd ref="18913" />
    <nd ref="18914" />
    <nd ref="18915" />
    <nd ref="18916" />
    <nd ref="18917" />
    <nd ref="18918" />
    <nd ref="18919" />
    <nd ref="18920" />
    <nd ref="18921" />
    <nd ref="18922" />
    <nd ref="18923" />
    <nd ref="18924" />
    <nd ref="18925" />
    <nd ref="18926" />
    <nd ref="18927" />
    <nd ref="18928" />
    <nd ref="18929" />
    <nd ref="18930" />
    <nd ref="18931" />
    <nd ref="18932" />
    <nd ref="18933" />
    <nd ref="18934" />
    <nd ref="18935" />
    <nd ref="18936" />
    <nd ref="18937" />
    <nd ref="18938" />
    <nd ref="18939" />
    <nd ref="18940" />
    <nd ref="18941" />
    <nd ref="18942" />
    <nd ref="18943" />
    <nd ref="18944" />
    <nd ref="18945" />
    <nd ref="18946" />
    <nd ref="18947" />
    <nd ref="18948" />
    <nd ref="18949" />
    <nd ref="18950" />
    <nd ref="18951" />
    <nd ref="18952" />
    <nd ref="18953" />
    <nd ref="18954" />
    <nd ref="18955" />
    <nd ref="18956" />
    <nd ref="18957" />
    <nd ref="18958" />
    <nd ref="18959" />
    <nd ref="18960" />
    <nd ref="18961" />
    <nd ref="18962" />
    <nd ref="18963" />
    <nd ref="18964" />
    <nd ref="18965" />
    <nd ref="18966" />
    <nd ref="18967" />
    <nd ref="18968" />
    <nd ref="18969" />
    <nd ref="18970" />
    <nd ref="18971" />
    <nd ref="18972" />
    <nd ref="18973" />
    <nd ref="18974" />
    <nd ref="18975" />
    <nd ref="18976" />
    <nd ref="18977" />
    <nd ref="18978" />
    <nd ref="18979" />
    <nd ref="18980" />
    <nd ref="18981" />
    <nd ref="18982" />
    <nd ref="18983" />
    <nd ref="18984" />
    <nd ref="18985" />
    <nd ref="18986" />
    <nd ref="18987" />
    <nd ref="18988" />
    <nd ref="18989" />
    <nd ref="18990" />
    <nd ref="18991" />
    <nd ref="18992" />
    <nd ref="18993" />
    <nd ref="18994" />
    <nd ref="18995" />
    <nd ref="18996" />
    <nd ref="18997" />
    <nd ref="18998" />
    <nd ref="18999" />
    <nd ref="19000" />
    <nd ref="19001" />
    <nd ref="19002" />
    <tag k="subtype" v="solid" />
    <tag k="type" v="line_thin" />
  </way>
  <way id="19857" visible="true" version="1">
    <nd ref="19004" />
    <nd ref="19005" />
    <nd ref="19006" />
    <nd ref="19007" />
    <nd ref="19008" />
    <nd ref="19009" />
    <nd ref="19010" />
    <nd ref="19011" />
    <nd ref="19012" />
    <nd ref="19013" />
    <nd ref="19014" />
    <nd ref="19015" />
    <nd ref="19016" />
    <nd ref="19017" />
    <nd ref="19018" />
    <nd ref="19019" />
    <nd ref="19020" />
    <nd ref="19021" />
    <nd ref="19022" />
    <nd ref="19023" />
    <nd ref="19024" />
    <nd ref="19025" />
    <nd ref="19026" />
    <nd ref="19027" />
    <nd ref="19028" />
    <nd ref="19029" />
    <nd ref="19030" />
    <nd ref="19031" />
    <nd ref="19032" />
    <nd ref="19033" />
    <nd ref="19034" />
    <nd ref="19035" />
    <nd ref="19036" />
    <nd ref="19037" />
    <nd ref="19038" />
    <nd ref="19039" />
    <nd ref="19040" />
    <nd ref="19041" />
    <nd ref="19042" />
    <nd ref="19043" />
    <nd ref="19044" />
    <nd ref="19045" />
    <nd ref="19046" />
    <nd ref="19047" />
    <nd ref="19048" />
    <nd ref="19049" />
    <nd ref="19050" />
    <nd ref="19051" />
    <nd ref="19052" />
    <nd ref="19053" />
    <nd ref="19054" />
    <nd ref="19055" />
    <nd ref="19056" />
    <nd ref="19057" />
    <nd ref="19058" />
    <nd ref="19059" />
    <nd ref="19060" />
    <nd ref="19061" />
    <nd ref="19062" />
    <nd ref="19063" />
    <nd ref="19064" />
    <nd ref="19065" />
    <nd ref="19066" />
    <nd ref="19067" />
    <nd ref="19068" />
    <nd ref="19069" />
    <nd ref="19070" />
    <nd ref="19071" />
    <nd ref="19072" />
    <nd ref="19073" />
    <nd ref="19074" />
    <nd ref="19075" />
    <nd ref="19076" />
    <nd ref="19077" />
    <nd ref="19078" />
    <nd ref="19079" />
    <nd ref="19080" />
    <nd ref="19081" />
    <nd ref="19082" />
    <nd ref="19083" />
    <nd ref="19084" />
    <nd ref="19085" />
    <nd ref="19086" />
    <nd ref="19087" />
    <nd ref="19088" />
    <nd ref="19089" />
    <nd ref="19090" />
    <nd ref="19091" />
    <nd ref="19092" />
    <nd ref="19093" />
    <nd ref="19094" />
    <nd ref="19095" />
    <nd ref="19096" />
    <nd ref="19097" />
    <nd ref="19098" />
    <nd ref="19099" />
    <nd ref="19100" />
    <nd ref="19101" />
    <nd ref="19102" />
    <nd ref="19103" />
    <nd ref="19104" />
    <nd ref="19105" />
    <nd ref="19106" />
    <nd ref="19107" />
    <nd ref="19108" />
    <nd ref="19109" />
    <nd ref="19110" />
    <nd ref="19111" />
    <nd ref="19112" />
    <nd ref="19113" />
    <nd ref="19114" />
    <nd ref="19115" />
    <nd ref="19116" />
    <nd ref="19117" />
    <nd ref="19118" />
    <nd ref="19119" />
    <nd ref="19120" />
    <nd ref="19121" />
    <nd ref="19122" />
    <nd ref="19123" />
    <nd ref="19124" />
    <nd ref="19125" />
    <nd ref="19126" />
    <nd ref="19127" />
    <nd ref="19128" />
    <nd ref="19129" />
    <nd ref="19130" />
    <nd ref="19131" />
    <nd ref="19132" />
    <nd ref="19133" />
    <nd ref="19134" />
    <nd ref="19135" />
    <nd ref="19136" />
    <nd ref="19137" />
    <nd ref="19138" />
    <nd ref="19139" />
    <nd ref="19140" />
    <nd ref="19141" />
    <nd ref="19142" />
    <nd ref="19143" />
    <nd ref="19144" />
    <nd ref="19145" />
    <nd ref="19146" />
    <nd ref="19147" />
    <nd ref="19148" />
    <nd ref="19149" />
    <nd ref="19150" />
    <nd ref="19151" />
    <nd ref="19152" />
    <nd ref="19153" />
    <nd ref="19154" />
    <nd ref="19155" />
    <nd ref="19156" />
    <nd ref="19157" />
    <nd ref="19158" />
    <nd ref="19159" />
    <nd ref="19160" />
    <nd ref="19161" />
    <nd ref="19162" />
    <nd ref="19163" />
    <nd ref="19164" />
    <nd ref="19165" />
    <nd ref="19166" />
    <nd ref="19167" />
    <nd ref="19168" />
    <nd ref="19169" />
    <nd ref="19170" />
    <nd ref="19171" />
    <nd ref="19172" />
    <nd ref="19173" />
    <nd ref="19174" />
    <nd ref="19175" />
    <nd ref="19176" />
    <nd ref="19177" />
    <nd ref="19178" />
    <nd ref="19179" />
    <nd ref="19180" />
    <nd ref="19181" />
    <nd ref="19182" />
    <nd ref="19183" />
    <nd ref="19184" />
    <nd ref="19185" />
    <nd ref="19186" />
    <nd ref="19187" />
    <nd ref="19188" />
    <nd ref="19189" />
    <nd ref="19190" />
    <nd ref="19191" />
    <nd ref="19192" />
    <nd ref="19193" />
    <nd ref="19194" />
    <nd ref="19195" />
    <nd ref="19196" />
    <nd ref="19197" />
    <nd ref="19198" />
    <nd ref="19199" />
    <nd ref="19200" />
    <nd ref="19201" />
    <nd ref="19202" />
    <nd ref="19203" />
    <nd ref="19204" />
    <nd ref="19205" />
    <nd ref="19206" />
    <nd ref="19207" />
    <nd ref="19208" />
    <nd ref="19209" />
    <nd ref="19210" />
    <nd ref="19211" />
    <nd ref="19212" />
    <nd ref="19213" />
    <nd ref="19214" />
    <nd ref="19215" />
    <nd ref="19216" />
    <nd ref="19217" />
    <nd ref="19218" />
    <nd ref="19219" />
    <nd ref="19220" />
    <nd ref="19221" />
    <nd ref="19222" />
    <nd ref="19223" />
    <nd ref="19224" />
    <nd ref="19225" />
    <nd ref="19226" />
    <nd ref="19227" />
    <nd ref="19228" />
    <nd ref="19229" />
    <nd ref="19230" />
    <nd ref="19231" />
    <nd ref="19232" />
    <nd ref="19233" />
    <nd ref="19234" />
    <nd ref="19235" />
    <nd ref="19236" />
    <nd ref="19237" />
    <nd ref="19238" />
    <nd ref="19239" />
    <nd ref="19240" />
    <nd ref="19241" />
    <nd ref="19242" />
    <nd ref="19243" />
    <nd ref="19244" />
    <nd ref="19245" />
    <nd ref="19246" />
    <nd ref="19247" />
    <nd ref="19248" />
    <nd ref="19249" />
    <nd ref="19250" />
    <nd ref="19251" />
    <nd ref="19252" />
    <nd ref="19253" />
    <nd ref="19254" />
    <nd ref="19255" />
    <nd ref="19256" />
    <nd ref="19257" />
    <nd ref="19258" />
    <nd ref="19259" />
    <nd ref="19260" />
    <nd ref="19261" />
    <nd ref="19262" />
    <nd ref="19263" />
    <nd ref="19264" />
    <nd ref="19265" />
    <nd ref="19266" />
    <nd ref="19267" />
    <nd ref="19268" />
    <nd ref="19269" />
    <nd ref="19270" />
    <nd ref="19271" />
    <nd ref="19272" />
    <nd ref="19273" />
    <nd ref="19274" />
    <nd ref="19275" />
    <nd ref="19276" />
    <nd ref="19277" />
    <nd ref="19278" />
    <nd ref="19279" />
    <nd ref="19280" />
    <nd ref="19281" />
    <nd ref="19282" />
    <nd ref="19283" />
    <nd ref="19284" />
    <nd ref="19285" />
    <nd ref="19286" />
    <nd ref="19287" />
    <nd ref="19288" />
    <nd ref="19289" />
    <nd ref="19290" />
    <nd ref="19291" />
    <nd ref="19292" />
    <nd ref="19293" />
    <nd ref="19294" />
    <nd ref="19295" />
    <nd ref="19296" />
    <nd ref="19297" />
    <nd ref="19298" />
    <nd ref="19299" />
    <nd ref="19300" />
    <nd ref="19301" />
    <nd ref="19302" />
    <nd ref="19303" />
    <nd ref="19304" />
    <nd ref="19305" />
    <nd ref="19306" />
    <nd ref="19307" />
    <nd ref="19308" />
    <nd ref="19309" />
    <nd ref="19310" />
    <nd ref="19311" />
    <nd ref="19312" />
    <nd ref="19313" />
    <nd ref="19314" />
    <nd ref="19315" />
    <nd ref="19316" />
    <nd ref="19317" />
    <nd ref="19318" />
    <nd ref="19319" />
    <nd ref="19320" />
    <nd ref="19321" />
    <nd ref="19322" />
    <nd ref="19323" />
    <nd ref="19324" />
    <nd ref="19325" />
    <nd ref="19326" />
    <nd ref="19327" />
    <nd ref="19328" />
    <nd ref="19329" />
    <nd ref="19330" />
    <nd ref="19331" />
    <nd ref="19332" />
    <nd ref="19333" />
    <nd ref="19334" />
    <nd ref="19335" />
    <nd ref="19336" />
    <nd ref="19337" />
    <nd ref="19338" />
    <nd ref="19339" />
    <nd ref="19340" />
    <nd ref="19341" />
    <nd ref="19342" />
    <nd ref="19343" />
    <nd ref="19344" />
    <nd ref="19345" />
    <nd ref="19346" />
    <nd ref="19347" />
    <nd ref="19348" />
    <nd ref="19349" />
    <nd ref="19350" />
    <nd ref="19351" />
    <nd ref="19352" />
    <nd ref="19353" />
    <nd ref="19354" />
    <nd ref="19355" />
    <nd ref="19356" />
    <nd ref="19357" />
    <nd ref="19358" />
    <nd ref="19359" />
    <nd ref="19360" />
    <nd ref="19361" />
    <nd ref="19362" />
    <nd ref="19363" />
    <nd ref="19364" />
    <nd ref="19365" />
    <nd ref="19366" />
    <nd ref="19367" />
    <nd ref="19368" />
    <nd ref="19369" />
    <nd ref="19370" />
    <nd ref="19371" />
    <nd ref="19372" />
    <nd ref="19373" />
    <nd ref="19374" />
    <nd ref="19375" />
    <nd ref="19376" />
    <nd ref="19377" />
    <nd ref="19378" />
    <nd ref="19379" />
    <nd ref="19380" />
    <nd ref="19381" />
    <nd ref="19382" />
    <nd ref="19383" />
    <nd ref="19384" />
    <nd ref="19385" />
    <nd ref="19386" />
    <nd ref="19387" />
    <nd ref="19388" />
    <nd ref="19389" />
    <nd ref="19390" />
    <nd ref="19391" />
    <nd ref="19392" />
    <nd ref="19393" />
    <nd ref="19394" />
    <nd ref="19395" />
    <nd ref="19396" />
    <nd ref="19397" />
    <nd ref="19398" />
    <nd ref="19399" />
    <nd ref="19400" />
    <nd ref="19401" />
    <nd ref="19402" />
    <nd ref="19403" />
    <nd ref="19404" />
    <nd ref="19405" />
    <nd ref="19406" />
    <nd ref="19407" />
    <nd ref="19408" />
    <nd ref="19409" />
    <nd ref="19410" />
    <nd ref="19411" />
    <nd ref="19412" />
    <nd ref="19413" />
    <nd ref="19414" />
    <nd ref="19415" />
    <nd ref="19416" />
    <nd ref="19417" />
    <nd ref="19418" />
    <nd ref="19419" />
    <nd ref="19420" />
    <nd ref="19421" />
    <nd ref="19422" />
    <nd ref="19423" />
    <nd ref="19424" />
    <nd ref="19425" />
    <nd ref="19426" />
    <nd ref="19427" />
    <nd ref="19428" />
    <nd ref="19429" />
    <nd ref="19430" />
    <nd ref="19431" />
    <nd ref="19432" />
    <nd ref="19433" />
    <nd ref="19434" />
    <nd ref="19435" />
    <nd ref="19436" />
    <nd ref="19437" />
    <nd ref="19438" />
    <nd ref="19439" />
    <nd ref="19440" />
    <nd ref="19441" />
    <nd ref="19442" />
    <nd ref="19443" />
    <nd ref="19444" />
    <nd ref="19445" />
    <nd ref="19446" />
    <nd ref="19447" />
    <nd ref="19448" />
    <nd ref="19449" />
    <nd ref="19450" />
    <nd ref="19451" />
    <nd ref="19452" />
    <nd ref="19453" />
    <nd ref="19454" />
    <nd ref="19455" />
    <nd ref="19456" />
    <nd ref="19457" />
    <nd ref="19458" />
    <nd ref="19459" />
    <nd ref="19460" />
    <nd ref="19461" />
    <nd ref="19462" />
    <nd ref="19463" />
    <nd ref="19464" />
    <nd ref="19465" />
    <nd ref="19466" />
    <nd ref="19467" />
    <nd ref="19468" />
    <nd ref="19469" />
    <nd ref="19470" />
    <nd ref="19471" />
    <nd ref="19472" />
    <nd ref="19473" />
    <nd ref="19474" />
    <nd ref="19475" />
    <nd ref="19476" />
    <nd ref="19477" />
    <nd ref="19478" />
    <nd ref="19479" />
    <nd ref="19480" />
    <nd ref="19481" />
    <nd ref="19482" />
    <nd ref="19483" />
    <nd ref="19484" />
    <nd ref="19485" />
    <nd ref="19486" />
    <nd ref="19487" />
    <nd ref="19488" />
    <nd ref="19489" />
    <nd ref="19490" />
    <nd ref="19491" />
    <nd ref="19492" />
    <nd ref="19493" />
    <nd ref="19494" />
    <nd ref="19495" />
    <nd ref="19496" />
    <nd ref="19497" />
    <nd ref="19498" />
    <nd ref="19499" />
    <nd ref="19500" />
    <nd ref="19501" />
    <nd ref="19502" />
    <nd ref="19503" />
    <nd ref="19504" />
    <nd ref="19505" />
    <nd ref="19506" />
    <nd ref="19507" />
    <nd ref="19508" />
    <nd ref="19509" />
    <nd ref="19510" />
    <nd ref="19511" />
    <nd ref="19512" />
    <nd ref="19513" />
    <nd ref="19514" />
    <nd ref="19515" />
    <nd ref="19516" />
    <nd ref="19517" />
    <nd ref="19518" />
    <nd ref="19519" />
    <nd ref="19520" />
    <nd ref="19521" />
    <nd ref="19522" />
    <nd ref="19523" />
    <nd ref="19524" />
    <nd ref="19525" />
    <nd ref="19526" />
    <nd ref="19527" />
    <nd ref="19528" />
    <nd ref="19529" />
    <nd ref="19530" />
    <nd ref="19531" />
    <nd ref="19532" />
    <nd ref="19533" />
    <nd ref="19534" />
    <nd ref="19535" />
    <nd ref="19536" />
    <nd ref="19537" />
    <nd ref="19538" />
    <nd ref="19539" />
    <nd ref="19540" />
    <nd ref="19541" />
    <nd ref="19542" />
    <nd ref="19543" />
    <nd ref="19544" />
    <nd ref="19545" />
    <nd ref="19546" />
    <nd ref="19547" />
    <nd ref="19548" />
    <nd ref="19549" />
    <nd ref="19550" />
    <nd ref="19551" />
    <nd ref="19552" />
    <nd ref="19553" />
    <nd ref="19554" />
    <nd ref="19555" />
    <nd ref="19556" />
    <nd ref="19557" />
    <nd ref="19558" />
    <nd ref="19559" />
    <nd ref="19560" />
    <nd ref="19561" />
    <nd ref="19562" />
    <nd ref="19563" />
    <nd ref="19564" />
    <nd ref="19565" />
    <nd ref="19566" />
    <nd ref="19567" />
    <nd ref="19568" />
    <nd ref="19569" />
    <nd ref="19570" />
    <nd ref="19571" />
    <nd ref="19572" />
    <nd ref="19573" />
    <nd ref="19574" />
    <nd ref="19575" />
    <nd ref="19576" />
    <nd ref="19577" />
    <nd ref="19578" />
    <nd ref="19579" />
    <nd ref="19580" />
    <nd ref="19581" />
    <nd ref="19582" />
    <nd ref="19583" />
    <nd ref="19584" />
    <nd ref="19585" />
    <nd ref="19586" />
    <nd ref="19587" />
    <nd ref="19588" />
    <nd ref="19589" />
    <nd ref="19590" />
    <nd ref="19591" />
    <nd ref="19592" />
    <nd ref="19593" />
    <nd ref="19594" />
    <nd ref="19595" />
    <nd ref="19596" />
    <nd ref="19597" />
    <nd ref="19598" />
    <nd ref="19599" />
    <nd ref="19600" />
    <nd ref="19601" />
    <nd ref="19602" />
    <nd ref="19603" />
    <nd ref="19604" />
    <nd ref="19605" />
    <nd ref="19606" />
    <nd ref="19607" />
    <nd ref="19608" />
    <nd ref="19609" />
    <nd ref="19610" />
    <nd ref="19611" />
    <nd ref="19612" />
    <nd ref="19613" />
    <nd ref="19614" />
    <nd ref="19615" />
    <nd ref="19616" />
    <nd ref="19617" />
    <nd ref="19618" />
    <nd ref="19619" />
    <nd ref="19620" />
    <nd ref="19621" />
    <nd ref="19622" />
    <nd ref="19623" />
    <nd ref="19624" />
    <nd ref="19625" />
    <nd ref="19626" />
    <nd ref="19627" />
    <nd ref="19628" />
    <nd ref="19629" />
    <nd ref="19630" />
    <nd ref="19631" />
    <nd ref="19632" />
    <nd ref="19633" />
    <nd ref="19634" />
    <nd ref="19635" />
    <nd ref="19636" />
    <nd ref="19637" />
    <nd ref="19638" />
    <nd ref="19639" />
    <nd ref="19640" />
    <nd ref="19641" />
    <nd ref="19642" />
    <nd ref="19643" />
    <nd ref="19644" />
    <nd ref="19645" />
    <nd ref="19646" />
    <nd ref="19647" />
    <nd ref="19648" />
    <nd ref="19649" />
    <nd ref="19650" />
    <nd ref="19651" />
    <nd ref="19652" />
    <nd ref="19653" />
    <nd ref="19654" />
    <nd ref="19655" />
    <nd ref="19656" />
    <nd ref="19657" />
    <nd ref="19658" />
    <nd ref="19659" />
    <nd ref="19660" />
    <nd ref="19661" />
    <nd ref="19662" />
    <nd ref="19663" />
    <nd ref="19664" />
    <nd ref="19665" />
    <nd ref="19666" />
    <nd ref="19667" />
    <nd ref="19668" />
    <nd ref="19669" />
    <nd ref="19670" />
    <nd ref="19671" />
    <nd ref="19672" />
    <nd ref="19673" />
    <nd ref="19674" />
    <nd ref="19675" />
    <nd ref="19676" />
    <nd ref="19677" />
    <nd ref="19678" />
    <nd ref="19679" />
    <nd ref="19680" />
    <nd ref="19681" />
    <nd ref="19682" />
    <nd ref="19683" />
    <nd ref="19684" />
    <nd ref="19685" />
    <nd ref="19686" />
    <nd ref="19687" />
    <nd ref="19688" />
    <nd ref="19689" />
    <nd ref="19690" />
    <nd ref="19691" />
    <nd ref="19692" />
    <nd ref="19693" />
    <nd ref="19694" />
    <nd ref="19695" />
    <nd ref="19696" />
    <nd ref="19697" />
    <nd ref="19698" />
    <nd ref="19699" />
    <nd ref="19700" />
    <nd ref="19701" />
    <nd ref="19702" />
    <nd ref="19703" />
    <nd ref="19704" />
    <nd ref="19705" />
    <nd ref="19706" />
    <nd ref="19707" />
    <nd ref="19708" />
    <nd ref="19709" />
    <nd ref="19710" />
    <nd ref="19711" />
    <nd ref="19712" />
    <nd ref="19713" />
    <nd ref="19714" />
    <nd ref="19715" />
    <nd ref="19716" />
    <nd ref="19717" />
    <nd ref="19718" />
    <nd ref="19719" />
    <nd ref="19720" />
    <nd ref="19721" />
    <nd ref="19722" />
    <nd ref="19723" />
    <nd ref="19724" />
    <nd ref="19725" />
    <nd ref="19726" />
    <nd ref="19727" />
    <nd ref="19728" />
    <nd ref="19729" />
    <nd ref="19730" />
    <nd ref="19731" />
    <nd ref="19732" />
    <nd ref="19733" />
    <nd ref="19734" />
    <nd ref="19735" />
    <nd ref="19736" />
    <nd ref="19737" />
    <nd ref="19738" />
    <nd ref="19739" />
    <nd ref="19740" />
    <nd ref="19741" />
    <nd ref="19742" />
    <nd ref="19743" />
    <nd ref="19744" />
    <nd ref="19745" />
    <nd ref="19746" />
    <nd ref="19747" />
    <nd ref="19748" />
    <nd ref="19749" />
    <nd ref="19750" />
    <nd ref="19751" />
    <nd ref="19752" />
    <nd ref="19753" />
    <nd ref="19754" />
    <nd ref="19755" />
    <nd ref="19756" />
    <nd ref="19757" />
    <nd ref="19758" />
    <nd ref="19759" />
    <nd ref="19760" />
    <nd ref="19761" />
    <nd ref="19762" />
    <nd ref="19763" />
    <nd ref="19764" />
    <nd ref="19765" />
    <nd ref="19766" />
    <nd ref="19767" />
    <nd ref="19768" />
    <nd ref="19769" />
    <nd ref="19770" />
    <nd ref="19771" />
    <nd ref="19772" />
    <nd ref="19773" />
    <nd ref="19774" />
    <nd ref="19775" />
    <nd ref="19776" />
    <nd ref="19777" />
    <nd ref="19778" />
    <nd ref="19779" />
    <nd ref="19780" />
    <nd ref="19781" />
    <nd ref="19782" />
    <nd ref="19783" />
    <nd ref="19784" />
    <nd ref="19785" />
    <nd ref="19786" />
    <nd ref="19787" />
    <nd ref="19788" />
    <nd ref="19789" />
    <nd ref="19790" />
    <nd ref="19791" />
    <nd ref="19792" />
    <nd ref="19793" />
    <nd ref="19794" />
    <nd ref="19795" />
    <nd ref="19796" />
    <nd ref="19797" />
    <nd ref="19798" />
    <nd ref="19799" />
    <nd ref="19800" />
    <nd ref="19801" />
    <nd ref="19802" />
    <nd ref="19803" />
    <nd ref="19804" />
    <nd ref="19805" />
    <nd ref="19806" />
    <nd ref="19807" />
    <nd ref="19808" />
    <nd ref="19809" />
    <nd ref="19810" />
    <nd ref="19811" />
    <nd ref="19812" />
    <nd ref="19813" />
    <nd ref="19814" />
    <nd ref="19815" />
    <nd ref="19816" />
    <nd ref="19817" />
    <nd ref="19818" />
    <nd ref="19819" />
    <nd ref="19820" />
    <nd ref="19821" />
    <nd ref="19822" />
    <nd ref="19823" />
    <nd ref="19824" />
    <nd ref="19825" />
    <nd ref="19826" />
    <nd ref="19827" />
    <nd ref="19828" />
    <nd ref="19829" />
    <nd ref="19830" />
    <nd ref="19831" />
    <nd ref="19832" />
    <nd ref="19833" />
    <nd ref="19834" />
    <nd ref="19835" />
    <nd ref="19836" />
    <nd ref="19837" />
    <nd ref="19838" />
    <nd ref="19839" />
    <nd ref="19840" />
    <nd ref="19841" />
    <nd ref="19842" />
    <nd ref="19843" />
    <nd ref="19844" />
    <nd ref="19845" />
    <nd ref="19846" />
    <nd ref="19847" />
    <nd ref="19848" />
    <nd ref="19849" />
    <nd ref="19850" />
    <nd ref="19851" />
    <nd ref="19852" />
    <nd ref="19853" />
    <nd ref="19854" />
    <nd ref="19855" />
    <nd ref="19856" />
  </way>
  <way id="20711" visible="true" version="1">
    <nd ref="19858" />
    <nd ref="19859" />
    <nd ref="19860" />
    <nd ref="19861" />
    <nd ref="19862" />
    <nd ref="19863" />
    <nd ref="19864" />
    <nd ref="19865" />
    <nd ref="19866" />
    <nd ref="19867" />
    <nd ref="19868" />
    <nd ref="19869" />
    <nd ref="19870" />
    <nd ref="19871" />
    <nd ref="19872" />
    <nd ref="19873" />
    <nd ref="19874" />
    <nd ref="19875" />
    <nd ref="19876" />
    <nd ref="19877" />
    <nd ref="19878" />
    <nd ref="19879" />
    <nd ref="19880" />
    <nd ref="19881" />
    <nd ref="19882" />
    <nd ref="19883" />
    <nd ref="19884" />
    <nd ref="19885" />
    <nd ref="19886" />
    <nd ref="19887" />
    <nd ref="19888" />
    <nd ref="19889" />
    <nd ref="19890" />
    <nd ref="19891" />
    <nd ref="19892" />
    <nd ref="19893" />
    <nd ref="19894" />
    <nd ref="19895" />
    <nd ref="19896" />
    <nd ref="19897" />
    <nd ref="19898" />
    <nd ref="19899" />
    <nd ref="19900" />
    <nd ref="19901" />
    <nd ref="19902" />
    <nd ref="19903" />
    <nd ref="19904" />
    <nd ref="19905" />
    <nd ref="19906" />
    <nd ref="19907" />
    <nd ref="19908" />
    <nd ref="19909" />
    <nd ref="19910" />
    <nd ref="19911" />
    <nd ref="19912" />
    <nd ref="19913" />
    <nd ref="19914" />
    <nd ref="19915" />
    <nd ref="19916" />
    <nd ref="19917" />
    <nd ref="19918" />
    <nd ref="19919" />
    <nd ref="19920" />
    <nd ref="19921" />
    <nd ref="19922" />
    <nd ref="19923" />
    <nd ref="19924" />
    <nd ref="19925" />
    <nd ref="19926" />
    <nd ref="19927" />
    <nd ref="19928" />
    <nd ref="19929" />
    <nd ref="19930" />
    <nd ref="19931" />
    <nd ref="19932" />
    <nd ref="19933" />
    <nd ref="19934" />
    <nd ref="19935" />
    <nd ref="19936" />
    <nd ref="19937" />
    <nd ref="19938" />
    <nd ref="19939" />
    <nd ref="19940" />
    <nd ref="19941" />
    <nd ref="19942" />
    <nd ref="19943" />
    <nd ref="19944" />
    <nd ref="19945" />
    <nd ref="19946" />
    <nd ref="19947" />
    <nd ref="19948" />
    <nd ref="19949" />
    <nd ref="19950" />
    <nd ref="19951" />
    <nd ref="19952" />
    <nd ref="19953" />
    <nd ref="19954" />
    <nd ref="19955" />
    <nd ref="19956" />
    <nd ref="19957" />
    <nd ref="19958" />
    <nd ref="19959" />
    <nd ref="19960" />
    <nd ref="19961" />
    <nd ref="19962" />
    <nd ref="19963" />
    <nd ref="19964" />
    <nd ref="19965" />
    <nd ref="19966" />
    <nd ref="19967" />
    <nd ref="19968" />
    <nd ref="19969" />
    <nd ref="19970" />
    <nd ref="19971" />
    <nd ref="19972" />
    <nd ref="19973" />
    <nd ref="19974" />
    <nd ref="19975" />
    <nd ref="19976" />
    <nd ref="19977" />
    <nd ref="19978" />
    <nd ref="19979" />
    <nd ref="19980" />
    <nd ref="19981" />
    <nd ref="19982" />
    <nd ref="19983" />
    <nd ref="19984" />
    <nd ref="19985" />
    <nd ref="19986" />
    <nd ref="19987" />
    <nd ref="19988" />
    <nd ref="19989" />
    <nd ref="19990" />
    <nd ref="19991" />
    <nd ref="19992" />
    <nd ref="19993" />
    <nd ref="19994" />
    <nd ref="19995" />
    <nd ref="19996" />
    <nd ref="19997" />
    <nd ref="19998" />
    <nd ref="19999" />
    <nd ref="20000" />
    <nd ref="20001" />
    <nd ref="20002" />
    <nd ref="20003" />
    <nd ref="20004" />
    <nd ref="20005" />
    <nd ref="20006" />
    <nd ref="20007" />
    <nd ref="20008" />
    <nd ref="20009" />
    <nd ref="20010" />
    <nd ref="20011" />
    <nd ref="20012" />
    <nd ref="20013" />
    <nd ref="20014" />
    <nd ref="20015" />
    <nd ref="20016" />
    <nd ref="20017" />
    <nd ref="20018" />
    <nd ref="20019" />
    <nd ref="20020" />
    <nd ref="20021" />
    <nd ref="20022" />
    <nd ref="20023" />
    <nd ref="20024" />
    <nd ref="20025" />
    <nd ref="20026" />
    <nd ref="20027" />
    <nd ref="20028" />
    <nd ref="20029" />
    <nd ref="20030" />
    <nd ref="20031" />
    <nd ref="20032" />
    <nd ref="20033" />
    <nd ref="20034" />
    <nd ref="20035" />
    <nd ref="20036" />
    <nd ref="20037" />
    <nd ref="20038" />
    <nd ref="20039" />
    <nd ref="20040" />
    <nd ref="20041" />
    <nd ref="20042" />
    <nd ref="20043" />
    <nd ref="20044" />
    <nd ref="20045" />
    <nd ref="20046" />
    <nd ref="20047" />
    <nd ref="20048" />
    <nd ref="20049" />
    <nd ref="20050" />
    <nd ref="20051" />
    <nd ref="20052" />
    <nd ref="20053" />
    <nd ref="20054" />
    <nd ref="20055" />
    <nd ref="20056" />
    <nd ref="20057" />
    <nd ref="20058" />
    <nd ref="20059" />
    <nd ref="20060" />
    <nd ref="20061" />
    <nd ref="20062" />
    <nd ref="20063" />
    <nd ref="20064" />
    <nd ref="20065" />
    <nd ref="20066" />
    <nd ref="20067" />
    <nd ref="20068" />
    <nd ref="20069" />
    <nd ref="20070" />
    <nd ref="20071" />
    <nd ref="20072" />
    <nd ref="20073" />
    <nd ref="20074" />
    <nd ref="20075" />
    <nd ref="20076" />
    <nd ref="20077" />
    <nd ref="20078" />
    <nd ref="20079" />
    <nd ref="20080" />
    <nd ref="20081" />
    <nd ref="20082" />
    <nd ref="20083" />
    <nd ref="20084" />
    <nd ref="20085" />
    <nd ref="20086" />
    <nd ref="20087" />
    <nd ref="20088" />
    <nd ref="20089" />
    <nd ref="20090" />
    <nd ref="20091" />
    <nd ref="20092" />
    <nd ref="20093" />
    <nd ref="20094" />
    <nd ref="20095" />
    <nd ref="20096" />
    <nd ref="20097" />
    <nd ref="20098" />
    <nd ref="20099" />
    <nd ref="20100" />
    <nd ref="20101" />
    <nd ref="20102" />
    <nd ref="20103" />
    <nd ref="20104" />
    <nd ref="20105" />
    <nd ref="20106" />
    <nd ref="20107" />
    <nd ref="20108" />
    <nd ref="20109" />
    <nd ref="20110" />
    <nd ref="20111" />
    <nd ref="20112" />
    <nd ref="20113" />
    <nd ref="20114" />
    <nd ref="20115" />
    <nd ref="20116" />
    <nd ref="20117" />
    <nd ref="20118" />
    <nd ref="20119" />
    <nd ref="20120" />
    <nd ref="20121" />
    <nd ref="20122" />
    <nd ref="20123" />
    <nd ref="20124" />
    <nd ref="20125" />
    <nd ref="20126" />
    <nd ref="20127" />
    <nd ref="20128" />
    <nd ref="20129" />
    <nd ref="20130" />
    <nd ref="20131" />
    <nd ref="20132" />
    <nd ref="20133" />
    <nd ref="20134" />
    <nd ref="20135" />
    <nd ref="20136" />
    <nd ref="20137" />
    <nd ref="20138" />
    <nd ref="20139" />
    <nd ref="20140" />
    <nd ref="20141" />
    <nd ref="20142" />
    <nd ref="20143" />
    <nd ref="20144" />
    <nd ref="20145" />
    <nd ref="20146" />
    <nd ref="20147" />
    <nd ref="20148" />
    <nd ref="20149" />
    <nd ref="20150" />
    <nd ref="20151" />
    <nd ref="20152" />
    <nd ref="20153" />
    <nd ref="20154" />
    <nd ref="20155" />
    <nd ref="20156" />
    <nd ref="20157" />
    <nd ref="20158" />
    <nd ref="20159" />
    <nd ref="20160" />
    <nd ref="20161" />
    <nd ref="20162" />
    <nd ref="20163" />
    <nd ref="20164" />
    <nd ref="20165" />
    <nd ref="20166" />
    <nd ref="20167" />
    <nd ref="20168" />
    <nd ref="20169" />
    <nd ref="20170" />
    <nd ref="20171" />
    <nd ref="20172" />
    <nd ref="20173" />
    <nd ref="20174" />
    <nd ref="20175" />
    <nd ref="20176" />
    <nd ref="20177" />
    <nd ref="20178" />
    <nd ref="20179" />
    <nd ref="20180" />
    <nd ref="20181" />
    <nd ref="20182" />
    <nd ref="20183" />
    <nd ref="20184" />
    <nd ref="20185" />
    <nd ref="20186" />
    <nd ref="20187" />
    <nd ref="20188" />
    <nd ref="20189" />
    <nd ref="20190" />
    <nd ref="20191" />
    <nd ref="20192" />
    <nd ref="20193" />
    <nd ref="20194" />
    <nd ref="20195" />
    <nd ref="20196" />
    <nd ref="20197" />
    <nd ref="20198" />
    <nd ref="20199" />
    <nd ref="20200" />
    <nd ref="20201" />
    <nd ref="20202" />
    <nd ref="20203" />
    <nd ref="20204" />
    <nd ref="20205" />
    <nd ref="20206" />
    <nd ref="20207" />
    <nd ref="20208" />
    <nd ref="20209" />
    <nd ref="20210" />
    <nd ref="20211" />
    <nd ref="20212" />
    <nd ref="20213" />
    <nd ref="20214" />
    <nd ref="20215" />
    <nd ref="20216" />
    <nd ref="20217" />
    <nd ref="20218" />
    <nd ref="20219" />
    <nd ref="20220" />
    <nd ref="20221" />
    <nd ref="20222" />
    <nd ref="20223" />
    <nd ref="20224" />
    <nd ref="20225" />
    <nd ref="20226" />
    <nd ref="20227" />
    <nd ref="20228" />
    <nd ref="20229" />
    <nd ref="20230" />
    <nd ref="20231" />
    <nd ref="20232" />
    <nd ref="20233" />
    <nd ref="20234" />
    <nd ref="20235" />
    <nd ref="20236" />
    <nd ref="20237" />
    <nd ref="20238" />
    <nd ref="20239" />
    <nd ref="20240" />
    <nd ref="20241" />
    <nd ref="20242" />
    <nd ref="20243" />
    <nd ref="20244" />
    <nd ref="20245" />
    <nd ref="20246" />
    <nd ref="20247" />
    <nd ref="20248" />
    <nd ref="20249" />
    <nd ref="20250" />
    <nd ref="20251" />
    <nd ref="20252" />
    <nd ref="20253" />
    <nd ref="20254" />
    <nd ref="20255" />
    <nd ref="20256" />
    <nd ref="20257" />
    <nd ref="20258" />
    <nd ref="20259" />
    <nd ref="20260" />
    <nd ref="20261" />
    <nd ref="20262" />
    <nd ref="20263" />
    <nd ref="20264" />
    <nd ref="20265" />
    <nd ref="20266" />
    <nd ref="20267" />
    <nd ref="20268" />
    <nd ref="20269" />
    <nd ref="20270" />
    <nd ref="20271" />
    <nd ref="20272" />
    <nd ref="20273" />
    <nd ref="20274" />
    <nd ref="20275" />
    <nd ref="20276" />
    <nd ref="20277" />
    <nd ref="20278" />
    <nd ref="20279" />
    <nd ref="20280" />
    <nd ref="20281" />
    <nd ref="20282" />
    <nd ref="20283" />
    <nd ref="20284" />
    <nd ref="20285" />
    <nd ref="20286" />
    <nd ref="20287" />
    <nd ref="20288" />
    <nd ref="20289" />
    <nd ref="20290" />
    <nd ref="20291" />
    <nd ref="20292" />
    <nd ref="20293" />
    <nd ref="20294" />
    <nd ref="20295" />
    <nd ref="20296" />
    <nd ref="20297" />
    <nd ref="20298" />
    <nd ref="20299" />
    <nd ref="20300" />
    <nd ref="20301" />
    <nd ref="20302" />
    <nd ref="20303" />
    <nd ref="20304" />
    <nd ref="20305" />
    <nd ref="20306" />
    <nd ref="20307" />
    <nd ref="20308" />
    <nd ref="20309" />
    <nd ref="20310" />
    <nd ref="20311" />
    <nd ref="20312" />
    <nd ref="20313" />
    <nd ref="20314" />
    <nd ref="20315" />
    <nd ref="20316" />
    <nd ref="20317" />
    <nd ref="20318" />
    <nd ref="20319" />
    <nd ref="20320" />
    <nd ref="20321" />
    <nd ref="20322" />
    <nd ref="20323" />
    <nd ref="20324" />
    <nd ref="20325" />
    <nd ref="20326" />
    <nd ref="20327" />
    <nd ref="20328" />
    <nd ref="20329" />
    <nd ref="20330" />
    <nd ref="20331" />
    <nd ref="20332" />
    <nd ref="20333" />
    <nd ref="20334" />
    <nd ref="20335" />
    <nd ref="20336" />
    <nd ref="20337" />
    <nd ref="20338" />
    <nd ref="20339" />
    <nd ref="20340" />
    <nd ref="20341" />
    <nd ref="20342" />
    <nd ref="20343" />
    <nd ref="20344" />
    <nd ref="20345" />
    <nd ref="20346" />
    <nd ref="20347" />
    <nd ref="20348" />
    <nd ref="20349" />
    <nd ref="20350" />
    <nd ref="20351" />
    <nd ref="20352" />
    <nd ref="20353" />
    <nd ref="20354" />
    <nd ref="20355" />
    <nd ref="20356" />
    <nd ref="20357" />
    <nd ref="20358" />
    <nd ref="20359" />
    <nd ref="20360" />
    <nd ref="20361" />
    <nd ref="20362" />
    <nd ref="20363" />
    <nd ref="20364" />
    <nd ref="20365" />
    <nd ref="20366" />
    <nd ref="20367" />
    <nd ref="20368" />
    <nd ref="20369" />
    <nd ref="20370" />
    <nd ref="20371" />
    <nd ref="20372" />
    <nd ref="20373" />
    <nd ref="20374" />
    <nd ref="20375" />
    <nd ref="20376" />
    <nd ref="20377" />
    <nd ref="20378" />
    <nd ref="20379" />
    <nd ref="20380" />
    <nd ref="20381" />
    <nd ref="20382" />
    <nd ref="20383" />
    <nd ref="20384" />
    <nd ref="20385" />
    <nd ref="20386" />
    <nd ref="20387" />
    <nd ref="20388" />
    <nd ref="20389" />
    <nd ref="20390" />
    <nd ref="20391" />
    <nd ref="20392" />
    <nd ref="20393" />
    <nd ref="20394" />
    <nd ref="20395" />
    <nd ref="20396" />
    <nd ref="20397" />
    <nd ref="20398" />
    <nd ref="20399" />
    <nd ref="20400" />
    <nd ref="20401" />
    <nd ref="20402" />
    <nd ref="20403" />
    <nd ref="20404" />
    <nd ref="20405" />
    <nd ref="20406" />
    <nd ref="20407" />
    <nd ref="20408" />
    <nd ref="20409" />
    <nd ref="20410" />
    <nd ref="20411" />
    <nd ref="20412" />
    <nd ref="20413" />
    <nd ref="20414" />
    <nd ref="20415" />
    <nd ref="20416" />
    <nd ref="20417" />
    <nd ref="20418" />
    <nd ref="20419" />
    <nd ref="20420" />
    <nd ref="20421" />
    <nd ref="20422" />
    <nd ref="20423" />
    <nd ref="20424" />
    <nd ref="20425" />
    <nd ref="20426" />
    <nd ref="20427" />
    <nd ref="20428" />
    <nd ref="20429" />
    <nd ref="20430" />
    <nd ref="20431" />
    <nd ref="20432" />
    <nd ref="20433" />
    <nd ref="20434" />
    <nd ref="20435" />
    <nd ref="20436" />
    <nd ref="20437" />
    <nd ref="20438" />
    <nd ref="20439" />
    <nd ref="20440" />
    <nd ref="20441" />
    <nd ref="20442" />
    <nd ref="20443" />
    <nd ref="20444" />
    <nd ref="20445" />
    <nd ref="20446" />
    <nd ref="20447" />
    <nd ref="20448" />
    <nd ref="20449" />
    <nd ref="20450" />
    <nd ref="20451" />
    <nd ref="20452" />
    <nd ref="20453" />
    <nd ref="20454" />
    <nd ref="20455" />
    <nd ref="20456" />
    <nd ref="20457" />
    <nd ref="20458" />
    <nd ref="20459" />
    <nd ref="20460" />
    <nd ref="20461" />
    <nd ref="20462" />
    <nd ref="20463" />
    <nd ref="20464" />
    <nd ref="20465" />
    <nd ref="20466" />
    <nd ref="20467" />
    <nd ref="20468" />
    <nd ref="20469" />
    <nd ref="20470" />
    <nd ref="20471" />
    <nd ref="20472" />
    <nd ref="20473" />
    <nd ref="20474" />
    <nd ref="20475" />
    <nd ref="20476" />
    <nd ref="20477" />
    <nd ref="20478" />
    <nd ref="20479" />
    <nd ref="20480" />
    <nd ref="20481" />
    <nd ref="20482" />
    <nd ref="20483" />
    <nd ref="20484" />
    <nd ref="20485" />
    <nd ref="20486" />
    <nd ref="20487" />
    <nd ref="20488" />
    <nd ref="20489" />
    <nd ref="20490" />
    <nd ref="20491" />
    <nd ref="20492" />
    <nd ref="20493" />
    <nd ref="20494" />
    <nd ref="20495" />
    <nd ref="20496" />
    <nd ref="20497" />
    <nd ref="20498" />
    <nd ref="20499" />
    <nd ref="20500" />
    <nd ref="20501" />
    <nd ref="20502" />
    <nd ref="20503" />
    <nd ref="20504" />
    <nd ref="20505" />
    <nd ref="20506" />
    <nd ref="20507" />
    <nd ref="20508" />
    <nd ref="20509" />
    <nd ref="20510" />
    <nd ref="20511" />
    <nd ref="20512" />
    <nd ref="20513" />
    <nd ref="20514" />
    <nd ref="20515" />
    <nd ref="20516" />
    <nd ref="20517" />
    <nd ref="20518" />
    <nd ref="20519" />
    <nd ref="20520" />
    <nd ref="20521" />
    <nd ref="20522" />
    <nd ref="20523" />
    <nd ref="20524" />
    <nd ref="20525" />
    <nd ref="20526" />
    <nd ref="20527" />
    <nd ref="20528" />
    <nd ref="20529" />
    <nd ref="20530" />
    <nd ref="20531" />
    <nd ref="20532" />
    <nd ref="20533" />
    <nd ref="20534" />
    <nd ref="20535" />
    <nd ref="20536" />
    <nd ref="20537" />
    <nd ref="20538" />
    <nd ref="20539" />
    <nd ref="20540" />
    <nd ref="20541" />
    <nd ref="20542" />
    <nd ref="20543" />
    <nd ref="20544" />
    <nd ref="20545" />
    <nd ref="20546" />
    <nd ref="20547" />
    <nd ref="20548" />
    <nd ref="20549" />
    <nd ref="20550" />
    <nd ref="20551" />
    <nd ref="20552" />
    <nd ref="20553" />
    <nd ref="20554" />
    <nd ref="20555" />
    <nd ref="20556" />
    <nd ref="20557" />
    <nd ref="20558" />
    <nd ref="20559" />
    <nd ref="20560" />
    <nd ref="20561" />
    <nd ref="20562" />
    <nd ref="20563" />
    <nd ref="20564" />
    <nd ref="20565" />
    <nd ref="20566" />
    <nd ref="20567" />
    <nd ref="20568" />
    <nd ref="20569" />
    <nd ref="20570" />
    <nd ref="20571" />
    <nd ref="20572" />
    <nd ref="20573" />
    <nd ref="20574" />
    <nd ref="20575" />
    <nd ref="20576" />
    <nd ref="20577" />
    <nd ref="20578" />
    <nd ref="20579" />
    <nd ref="20580" />
    <nd ref="20581" />
    <nd ref="20582" />
    <nd ref="20583" />
    <nd ref="20584" />
    <nd ref="20585" />
    <nd ref="20586" />
    <nd ref="20587" />
    <nd ref="20588" />
    <nd ref="20589" />
    <nd ref="20590" />
    <nd ref="20591" />
    <nd ref="20592" />
    <nd ref="20593" />
    <nd ref="20594" />
    <nd ref="20595" />
    <nd ref="20596" />
    <nd ref="20597" />
    <nd ref="20598" />
    <nd ref="20599" />
    <nd ref="20600" />
    <nd ref="20601" />
    <nd ref="20602" />
    <nd ref="20603" />
    <nd ref="20604" />
    <nd ref="20605" />
    <nd ref="20606" />
    <nd ref="20607" />
    <nd ref="20608" />
    <nd ref="20609" />
    <nd ref="20610" />
    <nd ref="20611" />
    <nd ref="20612" />
    <nd ref="20613" />
    <nd ref="20614" />
    <nd ref="20615" />
    <nd ref="20616" />
    <nd ref="20617" />
    <nd ref="20618" />
    <nd ref="20619" />
    <nd ref="20620" />
    <nd ref="20621" />
    <nd ref="20622" />
    <nd ref="20623" />
    <nd ref="20624" />
    <nd ref="20625" />
    <nd ref="20626" />
    <nd ref="20627" />
    <nd ref="20628" />
    <nd ref="20629" />
    <nd ref="20630" />
    <nd ref="20631" />
    <nd ref="20632" />
    <nd ref="20633" />
    <nd ref="20634" />
    <nd ref="20635" />
    <nd ref="20636" />
    <nd ref="20637" />
    <nd ref="20638" />
    <nd ref="20639" />
    <nd ref="20640" />
    <nd ref="20641" />
    <nd ref="20642" />
    <nd ref="20643" />
    <nd ref="20644" />
    <nd ref="20645" />
    <nd ref="20646" />
    <nd ref="20647" />
    <nd ref="20648" />
    <nd ref="20649" />
    <nd ref="20650" />
    <nd ref="20651" />
    <nd ref="20652" />
    <nd ref="20653" />
    <nd ref="20654" />
    <nd ref="20655" />
    <nd ref="20656" />
    <nd ref="20657" />
    <nd ref="20658" />
    <nd ref="20659" />
    <nd ref="20660" />
    <nd ref="20661" />
    <nd ref="20662" />
    <nd ref="20663" />
    <nd ref="20664" />
    <nd ref="20665" />
    <nd ref="20666" />
    <nd ref="20667" />
    <nd ref="20668" />
    <nd ref="20669" />
    <nd ref="20670" />
    <nd ref="20671" />
    <nd ref="20672" />
    <nd ref="20673" />
    <nd ref="20674" />
    <nd ref="20675" />
    <nd ref="20676" />
    <nd ref="20677" />
    <nd ref="20678" />
    <nd ref="20679" />
    <nd ref="20680" />
    <nd ref="20681" />
    <nd ref="20682" />
    <nd ref="20683" />
    <nd ref="20684" />
    <nd ref="20685" />
    <nd ref="20686" />
    <nd ref="20687" />
    <nd ref="20688" />
    <nd ref="20689" />
    <nd ref="20690" />
    <nd ref="20691" />
    <nd ref="20692" />
    <nd ref="20693" />
    <nd ref="20694" />
    <nd ref="20695" />
    <nd ref="20696" />
    <nd ref="20697" />
    <nd ref="20698" />
    <nd ref="20699" />
    <nd ref="20700" />
    <nd ref="20701" />
    <nd ref="20702" />
    <nd ref="20703" />
    <nd ref="20704" />
    <nd ref="20705" />
    <nd ref="20706" />
    <nd ref="20707" />
    <nd ref="20708" />
    <nd ref="20709" />
    <nd ref="20710" />
    <tag k="subtype" v="dashed" />
    <tag k="type" v="line_thin" />
  </way>
  <way id="21565" visible="true" version="1">
    <nd ref="20712" />
    <nd ref="20713" />
    <nd ref="20714" />
    <nd ref="20715" />
    <nd ref="20716" />
    <nd ref="20717" />
    <nd ref="20718" />
    <nd ref="20719" />
    <nd ref="20720" />
    <nd ref="20721" />
    <nd ref="20722" />
    <nd ref="20723" />
    <nd ref="20724" />
    <nd ref="20725" />
    <nd ref="20726" />
    <nd ref="20727" />
    <nd ref="20728" />
    <nd ref="20729" />
    <nd ref="20730" />
    <nd ref="20731" />
    <nd ref="20732" />
    <nd ref="20733" />
    <nd ref="20734" />
    <nd ref="20735" />
    <nd ref="20736" />
    <nd ref="20737" />
    <nd ref="20738" />
    <nd ref="20739" />
    <nd ref="20740" />
    <nd ref="20741" />
    <nd ref="20742" />
    <nd ref="20743" />
    <nd ref="20744" />
    <nd ref="20745" />
    <nd ref="20746" />
    <nd ref="20747" />
    <nd ref="20748" />
    <nd ref="20749" />
    <nd ref="20750" />
    <nd ref="20751" />
    <nd ref="20752" />
    <nd ref="20753" />
    <nd ref="20754" />
    <nd ref="20755" />
    <nd ref="20756" />
    <nd ref="20757" />
    <nd ref="20758" />
    <nd ref="20759" />
    <nd ref="20760" />
    <nd ref="20761" />
    <nd ref="20762" />
    <nd ref="20763" />
    <nd ref="20764" />
    <nd ref="20765" />
    <nd ref="20766" />
    <nd ref="20767" />
    <nd ref="20768" />
    <nd ref="20769" />
    <nd ref="20770" />
    <nd ref="20771" />
    <nd ref="20772" />
    <nd ref="20773" />
    <nd ref="20774" />
    <nd ref="20775" />
    <nd ref="20776" />
    <nd ref="20777" />
    <nd ref="20778" />
    <nd ref="20779" />
    <nd ref="20780" />
    <nd ref="20781" />
    <nd ref="20782" />
    <nd ref="20783" />
    <nd ref="20784" />
    <nd ref="20785" />
    <nd ref="20786" />
    <nd ref="20787" />
    <nd ref="20788" />
    <nd ref="20789" />
    <nd ref="20790" />
    <nd ref="20791" />
    <nd ref="20792" />
    <nd ref="20793" />
    <nd ref="20794" />
    <nd ref="20795" />
    <nd ref="20796" />
    <nd ref="20797" />
    <nd ref="20798" />
    <nd ref="20799" />
    <nd ref="20800" />
    <nd ref="20801" />
    <nd ref="20802" />
    <nd ref="20803" />
    <nd ref="20804" />
    <nd ref="20805" />
    <nd ref="20806" />
    <nd ref="20807" />
    <nd ref="20808" />
    <nd ref="20809" />
    <nd ref="20810" />
    <nd ref="20811" />
    <nd ref="20812" />
    <nd ref="20813" />
    <nd ref="20814" />
    <nd ref="20815" />
    <nd ref="20816" />
    <nd ref="20817" />
    <nd ref="20818" />
    <nd ref="20819" />
    <nd ref="20820" />
    <nd ref="20821" />
    <nd ref="20822" />
    <nd ref="20823" />
    <nd ref="20824" />
    <nd ref="20825" />
    <nd ref="20826" />
    <nd ref="20827" />
    <nd ref="20828" />
    <nd ref="20829" />
    <nd ref="20830" />
    <nd ref="20831" />
    <nd ref="20832" />
    <nd ref="20833" />
    <nd ref="20834" />
    <nd ref="20835" />
    <nd ref="20836" />
    <nd ref="20837" />
    <nd ref="20838" />
    <nd ref="20839" />
    <nd ref="20840" />
    <nd ref="20841" />
    <nd ref="20842" />
    <nd ref="20843" />
    <nd ref="20844" />
    <nd ref="20845" />
    <nd ref="20846" />
    <nd ref="20847" />
    <nd ref="20848" />
    <nd ref="20849" />
    <nd ref="20850" />
    <nd ref="20851" />
    <nd ref="20852" />
    <nd ref="20853" />
    <nd ref="20854" />
    <nd ref="20855" />
    <nd ref="20856" />
    <nd ref="20857" />
    <nd ref="20858" />
    <nd ref="20859" />
    <nd ref="20860" />
    <nd ref="20861" />
    <nd ref="20862" />
    <nd ref="20863" />
    <nd ref="20864" />
    <nd ref="20865" />
    <nd ref="20866" />
    <nd ref="20867" />
    <nd ref="20868" />
    <nd ref="20869" />
    <nd ref="20870" />
    <nd ref="20871" />
    <nd ref="20872" />
    <nd ref="20873" />
    <nd ref="20874" />
    <nd ref="20875" />
    <nd ref="20876" />
    <nd ref="20877" />
    <nd ref="20878" />
    <nd ref="20879" />
    <nd ref="20880" />
    <nd ref="20881" />
    <nd ref="20882" />
    <nd ref="20883" />
    <nd ref="20884" />
    <nd ref="20885" />
    <nd ref="20886" />
    <nd ref="20887" />
    <nd ref="20888" />
    <nd ref="20889" />
    <nd ref="20890" />
    <nd ref="20891" />
    <nd ref="20892" />
    <nd ref="20893" />
    <nd ref="20894" />
    <nd ref="20895" />
    <nd ref="20896" />
    <nd ref="20897" />
    <nd ref="20898" />
    <nd ref="20899" />
    <nd ref="20900" />
    <nd ref="20901" />
    <nd ref="20902" />
    <nd ref="20903" />
    <nd ref="20904" />
    <nd ref="20905" />
    <nd ref="20906" />
    <nd ref="20907" />
    <nd ref="20908" />
    <nd ref="20909" />
    <nd ref="20910" />
    <nd ref="20911" />
    <nd ref="20912" />
    <nd ref="20913" />
    <nd ref="20914" />
    <nd ref="20915" />
    <nd ref="20916" />
    <nd ref="20917" />
    <nd ref="20918" />
    <nd ref="20919" />
    <nd ref="20920" />
    <nd ref="20921" />
    <nd ref="20922" />
    <nd ref="20923" />
    <nd ref="20924" />
    <nd ref="20925" />
    <nd ref="20926" />
    <nd ref="20927" />
    <nd ref="20928" />
    <nd ref="20929" />
    <nd ref="20930" />
    <nd ref="20931" />
    <nd ref="20932" />
    <nd ref="20933" />
    <nd ref="20934" />
    <nd ref="20935" />
    <nd ref="20936" />
    <nd ref="20937" />
    <nd ref="20938" />
    <nd ref="20939" />
    <nd ref="20940" />
    <nd ref="20941" />
    <nd ref="20942" />
    <nd ref="20943" />
    <nd ref="20944" />
    <nd ref="20945" />
    <nd ref="20946" />
    <nd ref="20947" />
    <nd ref="20948" />
    <nd ref="20949" />
    <nd ref="20950" />
    <nd ref="20951" />
    <nd ref="20952" />
    <nd ref="20953" />
    <nd ref="20954" />
    <nd ref="20955" />
    <nd ref="20956" />
    <nd ref="20957" />
    <nd ref="20958" />
    <nd ref="20959" />
    <nd ref="20960" />
    <nd ref="20961" />
    <nd ref="20962" />
    <nd ref="20963" />
    <nd ref="20964" />
    <nd ref="20965" />
    <nd ref="20966" />
    <nd ref="20967" />
    <nd ref="20968" />
    <nd ref="20969" />
    <nd ref="20970" />
    <nd ref="20971" />
    <nd ref="20972" />
    <nd ref="20973" />
    <nd ref="20974" />
    <nd ref="20975" />
    <nd ref="20976" />
    <nd ref="20977" />
    <nd ref="20978" />
    <nd ref="20979" />
    <nd ref="20980" />
    <nd ref="20981" />
    <nd ref="20982" />
    <nd ref="20983" />
    <nd ref="20984" />
    <nd ref="20985" />
    <nd ref="20986" />
    <nd ref="20987" />
    <nd ref="20988" />
    <nd ref="20989" />
    <nd ref="20990" />
    <nd ref="20991" />
    <nd ref="20992" />
    <nd ref="20993" />
    <nd ref="20994" />
    <nd ref="20995" />
    <nd ref="20996" />
    <nd ref="20997" />
    <nd ref="20998" />
    <nd ref="20999" />
    <nd ref="21000" />
    <nd ref="21001" />
    <nd ref="21002" />
    <nd ref="21003" />
    <nd ref="21004" />
    <nd ref="21005" />
    <nd ref="21006" />
    <nd ref="21007" />
    <nd ref="21008" />
    <nd ref="21009" />
    <nd ref="21010" />
    <nd ref="21011" />
    <nd ref="21012" />
    <nd ref="21013" />
    <nd ref="21014" />
    <nd ref="21015" />
    <nd ref="21016" />
    <nd ref="21017" />
    <nd ref="21018" />
    <nd ref="21019" />
    <nd ref="21020" />
    <nd ref="21021" />
    <nd ref="21022" />
    <nd ref="21023" />
    <nd ref="21024" />
    <nd ref="21025" />
    <nd ref="21026" />
    <nd ref="21027" />
    <nd ref="21028" />
    <nd ref="21029" />
    <nd ref="21030" />
    <nd ref="21031" />
    <nd ref="21032" />
    <nd ref="21033" />
    <nd ref="21034" />
    <nd ref="21035" />
    <nd ref="21036" />
    <nd ref="21037" />
    <nd ref="21038" />
    <nd ref="21039" />
    <nd ref="21040" />
    <nd ref="21041" />
    <nd ref="21042" />
    <nd ref="21043" />
    <nd ref="21044" />
    <nd ref="21045" />
    <nd ref="21046" />
    <nd ref="21047" />
    <nd ref="21048" />
    <nd ref="21049" />
    <nd ref="21050" />
    <nd ref="21051" />
    <nd ref="21052" />
    <nd ref="21053" />
    <nd ref="21054" />
    <nd ref="21055" />
    <nd ref="21056" />
    <nd ref="21057" />
    <nd ref="21058" />
    <nd ref="21059" />
    <nd ref="21060" />
    <nd ref="21061" />
    <nd ref="21062" />
    <nd ref="21063" />
    <nd ref="21064" />
    <nd ref="21065" />
    <nd ref="21066" />
    <nd ref="21067" />
    <nd ref="21068" />
    <nd ref="21069" />
    <nd ref="21070" />
    <nd ref="21071" />
    <nd ref="21072" />
    <nd ref="21073" />
    <nd ref="21074" />
    <nd ref="21075" />
    <nd ref="21076" />
    <nd ref="21077" />
    <nd ref="21078" />
    <nd ref="21079" />
    <nd ref="21080" />
    <nd ref="21081" />
    <nd ref="21082" />
    <nd ref="21083" />
    <nd ref="21084" />
    <nd ref="21085" />
    <nd ref="21086" />
    <nd ref="21087" />
    <nd ref="21088" />
    <nd ref="21089" />
    <nd ref="21090" />
    <nd ref="21091" />
    <nd ref="21092" />
    <nd ref="21093" />
    <nd ref="21094" />
    <nd ref="21095" />
    <nd ref="21096" />
    <nd ref="21097" />
    <nd ref="21098" />
    <nd ref="21099" />
    <nd ref="21100" />
    <nd ref="21101" />
    <nd ref="21102" />
    <nd ref="21103" />
    <nd ref="21104" />
    <nd ref="21105" />
    <nd ref="21106" />
    <nd ref="21107" />
    <nd ref="21108" />
    <nd ref="21109" />
    <nd ref="21110" />
    <nd ref="21111" />
    <nd ref="21112" />
    <nd ref="21113" />
    <nd ref="21114" />
    <nd ref="21115" />
    <nd ref="21116" />
    <nd ref="21117" />
    <nd ref="21118" />
    <nd ref="21119" />
    <nd ref="21120" />
    <nd ref="21121" />
    <nd ref="21122" />
    <nd ref="21123" />
    <nd ref="21124" />
    <nd ref="21125" />
    <nd ref="21126" />
    <nd ref="21127" />
    <nd ref="21128" />
    <nd ref="21129" />
    <nd ref="21130" />
    <nd ref="21131" />
    <nd ref="21132" />
    <nd ref="21133" />
    <nd ref="21134" />
    <nd ref="21135" />
    <nd ref="21136" />
    <nd ref="21137" />
    <nd ref="21138" />
    <nd ref="21139" />
    <nd ref="21140" />
    <nd ref="21141" />
    <nd ref="21142" />
    <nd ref="21143" />
    <nd ref="21144" />
    <nd ref="21145" />
    <nd ref="21146" />
    <nd ref="21147" />
    <nd ref="21148" />
    <nd ref="21149" />
    <nd ref="21150" />
    <nd ref="21151" />
    <nd ref="21152" />
    <nd ref="21153" />
    <nd ref="21154" />
    <nd ref="21155" />
    <nd ref="21156" />
    <nd ref="21157" />
    <nd ref="21158" />
    <nd ref="21159" />
    <nd ref="21160" />
    <nd ref="21161" />
    <nd ref="21162" />
    <nd ref="21163" />
    <nd ref="21164" />
    <nd ref="21165" />
    <nd ref="21166" />
    <nd ref="21167" />
    <nd ref="21168" />
    <nd ref="21169" />
    <nd ref="21170" />
    <nd ref="21171" />
    <nd ref="21172" />
    <nd ref="21173" />
    <nd ref="21174" />
    <nd ref="21175" />
    <nd ref="21176" />
    <nd ref="21177" />
    <nd ref="21178" />
    <nd ref="21179" />
    <nd ref="21180" />
    <nd ref="21181" />
    <nd ref="21182" />
    <nd ref="21183" />
    <nd ref="21184" />
    <nd ref="21185" />
    <nd ref="21186" />
    <nd ref="21187" />
    <nd ref="21188" />
    <nd ref="21189" />
    <nd ref="21190" />
    <nd ref="21191" />
    <nd ref="21192" />
    <nd ref="21193" />
    <nd ref="21194" />
    <nd ref="21195" />
    <nd ref="21196" />
    <nd ref="21197" />
    <nd ref="21198" />
    <nd ref="21199" />
    <nd ref="21200" />
    <nd ref="21201" />
    <nd ref="21202" />
    <nd ref="21203" />
    <nd ref="21204" />
    <nd ref="21205" />
    <nd ref="21206" />
    <nd ref="21207" />
    <nd ref="21208" />
    <nd ref="21209" />
    <nd ref="21210" />
    <nd ref="21211" />
    <nd ref="21212" />
    <nd ref="21213" />
    <nd ref="21214" />
    <nd ref="21215" />
    <nd ref="21216" />
    <nd ref="21217" />
    <nd ref="21218" />
    <nd ref="21219" />
    <nd ref="21220" />
    <nd ref="21221" />
    <nd ref="21222" />
    <nd ref="21223" />
    <nd ref="21224" />
    <nd ref="21225" />
    <nd ref="21226" />
    <nd ref="21227" />
    <nd ref="21228" />
    <nd ref="21229" />
    <nd ref="21230" />
    <nd ref="21231" />
    <nd ref="21232" />
    <nd ref="21233" />
    <nd ref="21234" />
    <nd ref="21235" />
    <nd ref="21236" />
    <nd ref="21237" />
    <nd ref="21238" />
    <nd ref="21239" />
    <nd ref="21240" />
    <nd ref="21241" />
    <nd ref="21242" />
    <nd ref="21243" />
    <nd ref="21244" />
    <nd ref="21245" />
    <nd ref="21246" />
    <nd ref="21247" />
    <nd ref="21248" />
    <nd ref="21249" />
    <nd ref="21250" />
    <nd ref="21251" />
    <nd ref="21252" />
    <nd ref="21253" />
    <nd ref="21254" />
    <nd ref="21255" />
    <nd ref="21256" />
    <nd ref="21257" />
    <nd ref="21258" />
    <nd ref="21259" />
    <nd ref="21260" />
    <nd ref="21261" />
    <nd ref="21262" />
    <nd ref="21263" />
    <nd ref="21264" />
    <nd ref="21265" />
    <nd ref="21266" />
    <nd ref="21267" />
    <nd ref="21268" />
    <nd ref="21269" />
    <nd ref="21270" />
    <nd ref="21271" />
    <nd ref="21272" />
    <nd ref="21273" />
    <nd ref="21274" />
    <nd ref="21275" />
    <nd ref="21276" />
    <nd ref="21277" />
    <nd ref="21278" />
    <nd ref="21279" />
    <nd ref="21280" />
    <nd ref="21281" />
    <nd ref="21282" />
    <nd ref="21283" />
    <nd ref="21284" />
    <nd ref="21285" />
    <nd ref="21286" />
    <nd ref="21287" />
    <nd ref="21288" />
    <nd ref="21289" />
    <nd ref="21290" />
    <nd ref="21291" />
    <nd ref="21292" />
    <nd ref="21293" />
    <nd ref="21294" />
    <nd ref="21295" />
    <nd ref="21296" />
    <nd ref="21297" />
    <nd ref="21298" />
    <nd ref="21299" />
    <nd ref="21300" />
    <nd ref="21301" />
    <nd ref="21302" />
    <nd ref="21303" />
    <nd ref="21304" />
    <nd ref="21305" />
    <nd ref="21306" />
    <nd ref="21307" />
    <nd ref="21308" />
    <nd ref="21309" />
    <nd ref="21310" />
    <nd ref="21311" />
    <nd ref="21312" />
    <nd ref="21313" />
    <nd ref="21314" />
    <nd ref="21315" />
    <nd ref="21316" />
    <nd ref="21317" />
    <nd ref="21318" />
    <nd ref="21319" />
    <nd ref="21320" />
    <nd ref="21321" />
    <nd ref="21322" />
    <nd ref="21323" />
    <nd ref="21324" />
    <nd ref="21325" />
    <nd ref="21326" />
    <nd ref="21327" />
    <nd ref="21328" />
    <nd ref="21329" />
    <nd ref="21330" />
    <nd ref="21331" />
    <nd ref="21332" />
    <nd ref="21333" />
    <nd ref="21334" />
    <nd ref="21335" />
    <nd ref="21336" />
    <nd ref="21337" />
    <nd ref="21338" />
    <nd ref="21339" />
    <nd ref="21340" />
    <nd ref="21341" />
    <nd ref="21342" />
    <nd ref="21343" />
    <nd ref="21344" />
    <nd ref="21345" />
    <nd ref="21346" />
    <nd ref="21347" />
    <nd ref="21348" />
    <nd ref="21349" />
    <nd ref="21350" />
    <nd ref="21351" />
    <nd ref="21352" />
    <nd ref="21353" />
    <nd ref="21354" />
    <nd ref="21355" />
    <nd ref="21356" />
    <nd ref="21357" />
    <nd ref="21358" />
    <nd ref="21359" />
    <nd ref="21360" />
    <nd ref="21361" />
    <nd ref="21362" />
    <nd ref="21363" />
    <nd ref="21364" />
    <nd ref="21365" />
    <nd ref="21366" />
    <nd ref="21367" />
    <nd ref="21368" />
    <nd ref="21369" />
    <nd ref="21370" />
    <nd ref="21371" />
    <nd ref="21372" />
    <nd ref="21373" />
    <nd ref="21374" />
    <nd ref="21375" />
    <nd ref="21376" />
    <nd ref="21377" />
    <nd ref="21378" />
    <nd ref="21379" />
    <nd ref="21380" />
    <nd ref="21381" />
    <nd ref="21382" />
    <nd ref="21383" />
    <nd ref="21384" />
    <nd ref="21385" />
    <nd ref="21386" />
    <nd ref="21387" />
    <nd ref="21388" />
    <nd ref="21389" />
    <nd ref="21390" />
    <nd ref="21391" />
    <nd ref="21392" />
    <nd ref="21393" />
    <nd ref="21394" />
    <nd ref="21395" />
    <nd ref="21396" />
    <nd ref="21397" />
    <nd ref="21398" />
    <nd ref="21399" />
    <nd ref="21400" />
    <nd ref="21401" />
    <nd ref="21402" />
    <nd ref="21403" />
    <nd ref="21404" />
    <nd ref="21405" />
    <nd ref="21406" />
    <nd ref="21407" />
    <nd ref="21408" />
    <nd ref="21409" />
    <nd ref="21410" />
    <nd ref="21411" />
    <nd ref="21412" />
    <nd ref="21413" />
    <nd ref="21414" />
    <nd ref="21415" />
    <nd ref="21416" />
    <nd ref="21417" />
    <nd ref="21418" />
    <nd ref="21419" />
    <nd ref="21420" />
    <nd ref="21421" />
    <nd ref="21422" />
    <nd ref="21423" />
    <nd ref="21424" />
    <nd ref="21425" />
    <nd ref="21426" />
    <nd ref="21427" />
    <nd ref="21428" />
    <nd ref="21429" />
    <nd ref="21430" />
    <nd ref="21431" />
    <nd ref="21432" />
    <nd ref="21433" />
    <nd ref="21434" />
    <nd ref="21435" />
    <nd ref="21436" />
    <nd ref="21437" />
    <nd ref="21438" />
    <nd ref="21439" />
    <nd ref="21440" />
    <nd ref="21441" />
    <nd ref="21442" />
    <nd ref="21443" />
    <nd ref="21444" />
    <nd ref="21445" />
    <nd ref="21446" />
    <nd ref="21447" />
    <nd ref="21448" />
    <nd ref="21449" />
    <nd ref="21450" />
    <nd ref="21451" />
    <nd ref="21452" />
    <nd ref="21453" />
    <nd ref="21454" />
    <nd ref="21455" />
    <nd ref="21456" />
    <nd ref="21457" />
    <nd ref="21458" />
    <nd ref="21459" />
    <nd ref="21460" />
    <nd ref="21461" />
    <nd ref="21462" />
    <nd ref="21463" />
    <nd ref="21464" />
    <nd ref="21465" />
    <nd ref="21466" />
    <nd ref="21467" />
    <nd ref="21468" />
    <nd ref="21469" />
    <nd ref="21470" />
    <nd ref="21471" />
    <nd ref="21472" />
    <nd ref="21473" />
    <nd ref="21474" />
    <nd ref="21475" />
    <nd ref="21476" />
    <nd ref="21477" />
    <nd ref="21478" />
    <nd ref="21479" />
    <nd ref="21480" />
    <nd ref="21481" />
    <nd ref="21482" />
    <nd ref="21483" />
    <nd ref="21484" />
    <nd ref="21485" />
    <nd ref="21486" />
    <nd ref="21487" />
    <nd ref="21488" />
    <nd ref="21489" />
    <nd ref="21490" />
    <nd ref="21491" />
    <nd ref="21492" />
    <nd ref="21493" />
    <nd ref="21494" />
    <nd ref="21495" />
    <nd ref="21496" />
    <nd ref="21497" />
    <nd ref="21498" />
    <nd ref="21499" />
    <nd ref="21500" />
    <nd ref="21501" />
    <nd ref="21502" />
    <nd ref="21503" />
    <nd ref="21504" />
    <nd ref="21505" />
    <nd ref="21506" />
    <nd ref="21507" />
    <nd ref="21508" />
    <nd ref="21509" />
    <nd ref="21510" />
    <nd ref="21511" />
    <nd ref="21512" />
    <nd ref="21513" />
    <nd ref="21514" />
    <nd ref="21515" />
    <nd ref="21516" />
    <nd ref="21517" />
    <nd ref="21518" />
    <nd ref="21519" />
    <nd ref="21520" />
    <nd ref="21521" />
    <nd ref="21522" />
    <nd ref="21523" />
    <nd ref="21524" />
    <nd ref="21525" />
    <nd ref="21526" />
    <nd ref="21527" />
    <nd ref="21528" />
    <nd ref="21529" />
    <nd ref="21530" />
    <nd ref="21531" />
    <nd ref="21532" />
    <nd ref="21533" />
    <nd ref="21534" />
    <nd ref="21535" />
    <nd ref="21536" />
    <nd ref="21537" />
    <nd ref="21538" />
    <nd ref="21539" />
    <nd ref="21540" />
    <nd ref="21541" />
    <nd ref="21542" />
    <nd ref="21543" />
    <nd ref="21544" />
    <nd ref="21545" />
    <nd ref="21546" />
    <nd ref="21547" />
    <nd ref="21548" />
    <nd ref="21549" />
    <nd ref="21550" />
    <nd ref="21551" />
    <nd ref="21552" />
    <nd ref="21553" />
    <nd ref="21554" />
    <nd ref="21555" />
    <nd ref="21556" />
    <nd ref="21557" />
    <nd ref="21558" />
    <nd ref="21559" />
    <nd ref="21560" />
    <nd ref="21561" />
    <nd ref="21562" />
    <nd ref="21563" />
    <nd ref="21564" />
  </way>
  <way id="22419" visible="true" version="1">
    <nd ref="21566" />
    <nd ref="21567" />
    <nd ref="21568" />
    <nd ref="21569" />
    <nd ref="21570" />
    <nd ref="21571" />
    <nd ref="21572" />
    <nd ref="21573" />
    <nd ref="21574" />
    <nd ref="21575" />
    <nd ref="21576" />
    <nd ref="21577" />
    <nd ref="21578" />
    <nd ref="21579" />
    <nd ref="21580" />
    <nd ref="21581" />
    <nd ref="21582" />
    <nd ref="21583" />
    <nd ref="21584" />
    <nd ref="21585" />
    <nd ref="21586" />
    <nd ref="21587" />
    <nd ref="21588" />
    <nd ref="21589" />
    <nd ref="21590" />
    <nd ref="21591" />
    <nd ref="21592" />
    <nd ref="21593" />
    <nd ref="21594" />
    <nd ref="21595" />
    <nd ref="21596" />
    <nd ref="21597" />
    <nd ref="21598" />
    <nd ref="21599" />
    <nd ref="21600" />
    <nd ref="21601" />
    <nd ref="21602" />
    <nd ref="21603" />
    <nd ref="21604" />
    <nd ref="21605" />
    <nd ref="21606" />
    <nd ref="21607" />
    <nd ref="21608" />
    <nd ref="21609" />
    <nd ref="21610" />
    <nd ref="21611" />
    <nd ref="21612" />
    <nd ref="21613" />
    <nd ref="21614" />
    <nd ref="21615" />
    <nd ref="21616" />
    <nd ref="21617" />
    <nd ref="21618" />
    <nd ref="21619" />
    <nd ref="21620" />
    <nd ref="21621" />
    <nd ref="21622" />
    <nd ref="21623" />
    <nd ref="21624" />
    <nd ref="21625" />
    <nd ref="21626" />
    <nd ref="21627" />
    <nd ref="21628" />
    <nd ref="21629" />
    <nd ref="21630" />
    <nd ref="21631" />
    <nd ref="21632" />
    <nd ref="21633" />
    <nd ref="21634" />
    <nd ref="21635" />
    <nd ref="21636" />
    <nd ref="21637" />
    <nd ref="21638" />
    <nd ref="21639" />
    <nd ref="21640" />
    <nd ref="21641" />
    <nd ref="21642" />
    <nd ref="21643" />
    <nd ref="21644" />
    <nd ref="21645" />
    <nd ref="21646" />
    <nd ref="21647" />
    <nd ref="21648" />
    <nd ref="21649" />
    <nd ref="21650" />
    <nd ref="21651" />
    <nd ref="21652" />
    <nd ref="21653" />
    <nd ref="21654" />
    <nd ref="21655" />
    <nd ref="21656" />
    <nd ref="21657" />
    <nd ref="21658" />
    <nd ref="21659" />
    <nd ref="21660" />
    <nd ref="21661" />
    <nd ref="21662" />
    <nd ref="21663" />
    <nd ref="21664" />
    <nd ref="21665" />
    <nd ref="21666" />
    <nd ref="21667" />
    <nd ref="21668" />
    <nd ref="21669" />
    <nd ref="21670" />
    <nd ref="21671" />
    <nd ref="21672" />
    <nd ref="21673" />
    <nd ref="21674" />
    <nd ref="21675" />
    <nd ref="21676" />
    <nd ref="21677" />
    <nd ref="21678" />
    <nd ref="21679" />
    <nd ref="21680" />
    <nd ref="21681" />
    <nd ref="21682" />
    <nd ref="21683" />
    <nd ref="21684" />
    <nd ref="21685" />
    <nd ref="21686" />
    <nd ref="21687" />
    <nd ref="21688" />
    <nd ref="21689" />
    <nd ref="21690" />
    <nd ref="21691" />
    <nd ref="21692" />
    <nd ref="21693" />
    <nd ref="21694" />
    <nd ref="21695" />
    <nd ref="21696" />
    <nd ref="21697" />
    <nd ref="21698" />
    <nd ref="21699" />
    <nd ref="21700" />
    <nd ref="21701" />
    <nd ref="21702" />
    <nd ref="21703" />
    <nd ref="21704" />
    <nd ref="21705" />
    <nd ref="21706" />
    <nd ref="21707" />
    <nd ref="21708" />
    <nd ref="21709" />
    <nd ref="21710" />
    <nd ref="21711" />
    <nd ref="21712" />
    <nd ref="21713" />
    <nd ref="21714" />
    <nd ref="21715" />
    <nd ref="21716" />
    <nd ref="21717" />
    <nd ref="21718" />
    <nd ref="21719" />
    <nd ref="21720" />
    <nd ref="21721" />
    <nd ref="21722" />
    <nd ref="21723" />
    <nd ref="21724" />
    <nd ref="21725" />
    <nd ref="21726" />
    <nd ref="21727" />
    <nd ref="21728" />
    <nd ref="21729" />
    <nd ref="21730" />
    <nd ref="21731" />
    <nd ref="21732" />
    <nd ref="21733" />
    <nd ref="21734" />
    <nd ref="21735" />
    <nd ref="21736" />
    <nd ref="21737" />
    <nd ref="21738" />
    <nd ref="21739" />
    <nd ref="21740" />
    <nd ref="21741" />
    <nd ref="21742" />
    <nd ref="21743" />
    <nd ref="21744" />
    <nd ref="21745" />
    <nd ref="21746" />
    <nd ref="21747" />
    <nd ref="21748" />
    <nd ref="21749" />
    <nd ref="21750" />
    <nd ref="21751" />
    <nd ref="21752" />
    <nd ref="21753" />
    <nd ref="21754" />
    <nd ref="21755" />
    <nd ref="21756" />
    <nd ref="21757" />
    <nd ref="21758" />
    <nd ref="21759" />
    <nd ref="21760" />
    <nd ref="21761" />
    <nd ref="21762" />
    <nd ref="21763" />
    <nd ref="21764" />
    <nd ref="21765" />
    <nd ref="21766" />
    <nd ref="21767" />
    <nd ref="21768" />
    <nd ref="21769" />
    <nd ref="21770" />
    <nd ref="21771" />
    <nd ref="21772" />
    <nd ref="21773" />
    <nd ref="21774" />
    <nd ref="21775" />
    <nd ref="21776" />
    <nd ref="21777" />
    <nd ref="21778" />
    <nd ref="21779" />
    <nd ref="21780" />
    <nd ref="21781" />
    <nd ref="21782" />
    <nd ref="21783" />
    <nd ref="21784" />
    <nd ref="21785" />
    <nd ref="21786" />
    <nd ref="21787" />
    <nd ref="21788" />
    <nd ref="21789" />
    <nd ref="21790" />
    <nd ref="21791" />
    <nd ref="21792" />
    <nd ref="21793" />
    <nd ref="21794" />
    <nd ref="21795" />
    <nd ref="21796" />
    <nd ref="21797" />
    <nd ref="21798" />
    <nd ref="21799" />
    <nd ref="21800" />
    <nd ref="21801" />
    <nd ref="21802" />
    <nd ref="21803" />
    <nd ref="21804" />
    <nd ref="21805" />
    <nd ref="21806" />
    <nd ref="21807" />
    <nd ref="21808" />
    <nd ref="21809" />
    <nd ref="21810" />
    <nd ref="21811" />
    <nd ref="21812" />
    <nd ref="21813" />
    <nd ref="21814" />
    <nd ref="21815" />
    <nd ref="21816" />
    <nd ref="21817" />
    <nd ref="21818" />
    <nd ref="21819" />
    <nd ref="21820" />
    <nd ref="21821" />
    <nd ref="21822" />
    <nd ref="21823" />
    <nd ref="21824" />
    <nd ref="21825" />
    <nd ref="21826" />
    <nd ref="21827" />
    <nd ref="21828" />
    <nd ref="21829" />
    <nd ref="21830" />
    <nd ref="21831" />
    <nd ref="21832" />
    <nd ref="21833" />
    <nd ref="21834" />
    <nd ref="21835" />
    <nd ref="21836" />
    <nd ref="21837" />
    <nd ref="21838" />
    <nd ref="21839" />
    <nd ref="21840" />
    <nd ref="21841" />
    <nd ref="21842" />
    <nd ref="21843" />
    <nd ref="21844" />
    <nd ref="21845" />
    <nd ref="21846" />
    <nd ref="21847" />
    <nd ref="21848" />
    <nd ref="21849" />
    <nd ref="21850" />
    <nd ref="21851" />
    <nd ref="21852" />
    <nd ref="21853" />
    <nd ref="21854" />
    <nd ref="21855" />
    <nd ref="21856" />
    <nd ref="21857" />
    <nd ref="21858" />
    <nd ref="21859" />
    <nd ref="21860" />
    <nd ref="21861" />
    <nd ref="21862" />
    <nd ref="21863" />
    <nd ref="21864" />
    <nd ref="21865" />
    <nd ref="21866" />
    <nd ref="21867" />
    <nd ref="21868" />
    <nd ref="21869" />
    <nd ref="21870" />
    <nd ref="21871" />
    <nd ref="21872" />
    <nd ref="21873" />
    <nd ref="21874" />
    <nd ref="21875" />
    <nd ref="21876" />
    <nd ref="21877" />
    <nd ref="21878" />
    <nd ref="21879" />
    <nd ref="21880" />
    <nd ref="21881" />
    <nd ref="21882" />
    <nd ref="21883" />
    <nd ref="21884" />
    <nd ref="21885" />
    <nd ref="21886" />
    <nd ref="21887" />
    <nd ref="21888" />
    <nd ref="21889" />
    <nd ref="21890" />
    <nd ref="21891" />
    <nd ref="21892" />
    <nd ref="21893" />
    <nd ref="21894" />
    <nd ref="21895" />
    <nd ref="21896" />
    <nd ref="21897" />
    <nd ref="21898" />
    <nd ref="21899" />
    <nd ref="21900" />
    <nd ref="21901" />
    <nd ref="21902" />
    <nd ref="21903" />
    <nd ref="21904" />
    <nd ref="21905" />
    <nd ref="21906" />
    <nd ref="21907" />
    <nd ref="21908" />
    <nd ref="21909" />
    <nd ref="21910" />
    <nd ref="21911" />
    <nd ref="21912" />
    <nd ref="21913" />
    <nd ref="21914" />
    <nd ref="21915" />
    <nd ref="21916" />
    <nd ref="21917" />
    <nd ref="21918" />
    <nd ref="21919" />
    <nd ref="21920" />
    <nd ref="21921" />
    <nd ref="21922" />
    <nd ref="21923" />
    <nd ref="21924" />
    <nd ref="21925" />
    <nd ref="21926" />
    <nd ref="21927" />
    <nd ref="21928" />
    <nd ref="21929" />
    <nd ref="21930" />
    <nd ref="21931" />
    <nd ref="21932" />
    <nd ref="21933" />
    <nd ref="21934" />
    <nd ref="21935" />
    <nd ref="21936" />
    <nd ref="21937" />
    <nd ref="21938" />
    <nd ref="21939" />
    <nd ref="21940" />
    <nd ref="21941" />
    <nd ref="21942" />
    <nd ref="21943" />
    <nd ref="21944" />
    <nd ref="21945" />
    <nd ref="21946" />
    <nd ref="21947" />
    <nd ref="21948" />
    <nd ref="21949" />
    <nd ref="21950" />
    <nd ref="21951" />
    <nd ref="21952" />
    <nd ref="21953" />
    <nd ref="21954" />
    <nd ref="21955" />
    <nd ref="21956" />
    <nd ref="21957" />
    <nd ref="21958" />
    <nd ref="21959" />
    <nd ref="21960" />
    <nd ref="21961" />
    <nd ref="21962" />
    <nd ref="21963" />
    <nd ref="21964" />
    <nd ref="21965" />
    <nd ref="21966" />
    <nd ref="21967" />
    <nd ref="21968" />
    <nd ref="21969" />
    <nd ref="21970" />
    <nd ref="21971" />
    <nd ref="21972" />
    <nd ref="21973" />
    <nd ref="21974" />
    <nd ref="21975" />
    <nd ref="21976" />
    <nd ref="21977" />
    <nd ref="21978" />
    <nd ref="21979" />
    <nd ref="21980" />
    <nd ref="21981" />
    <nd ref="21982" />
    <nd ref="21983" />
    <nd ref="21984" />
    <nd ref="21985" />
    <nd ref="21986" />
    <nd ref="21987" />
    <nd ref="21988" />
    <nd ref="21989" />
    <nd ref="21990" />
    <nd ref="21991" />
    <nd ref="21992" />
    <nd ref="21993" />
    <nd ref="21994" />
    <nd ref="21995" />
    <nd ref="21996" />
    <nd ref="21997" />
    <nd ref="21998" />
    <nd ref="21999" />
    <nd ref="22000" />
    <nd ref="22001" />
    <nd ref="22002" />
    <nd ref="22003" />
    <nd ref="22004" />
    <nd ref="22005" />
    <nd ref="22006" />
    <nd ref="22007" />
    <nd ref="22008" />
    <nd ref="22009" />
    <nd ref="22010" />
    <nd ref="22011" />
    <nd ref="22012" />
    <nd ref="22013" />
    <nd ref="22014" />
    <nd ref="22015" />
    <nd ref="22016" />
    <nd ref="22017" />
    <nd ref="22018" />
    <nd ref="22019" />
    <nd ref="22020" />
    <nd ref="22021" />
    <nd ref="22022" />
    <nd ref="22023" />
    <nd ref="22024" />
    <nd ref="22025" />
    <nd ref="22026" />
    <nd ref="22027" />
    <nd ref="22028" />
    <nd ref="22029" />
    <nd ref="22030" />
    <nd ref="22031" />
    <nd ref="22032" />
    <nd ref="22033" />
    <nd ref="22034" />
    <nd ref="22035" />
    <nd ref="22036" />
    <nd ref="22037" />
    <nd ref="22038" />
    <nd ref="22039" />
    <nd ref="22040" />
    <nd ref="22041" />
    <nd ref="22042" />
    <nd ref="22043" />
    <nd ref="22044" />
    <nd ref="22045" />
    <nd ref="22046" />
    <nd ref="22047" />
    <nd ref="22048" />
    <nd ref="22049" />
    <nd ref="22050" />
    <nd ref="22051" />
    <nd ref="22052" />
    <nd ref="22053" />
    <nd ref="22054" />
    <nd ref="22055" />
    <nd ref="22056" />
    <nd ref="22057" />
    <nd ref="22058" />
    <nd ref="22059" />
    <nd ref="22060" />
    <nd ref="22061" />
    <nd ref="22062" />
    <nd ref="22063" />
    <nd ref="22064" />
    <nd ref="22065" />
    <nd ref="22066" />
    <nd ref="22067" />
    <nd ref="22068" />
    <nd ref="22069" />
    <nd ref="22070" />
    <nd ref="22071" />
    <nd ref="22072" />
    <nd ref="22073" />
    <nd ref="22074" />
    <nd ref="22075" />
    <nd ref="22076" />
    <nd ref="22077" />
    <nd ref="22078" />
    <nd ref="22079" />
    <nd ref="22080" />
    <nd ref="22081" />
    <nd ref="22082" />
    <nd ref="22083" />
    <nd ref="22084" />
    <nd ref="22085" />
    <nd ref="22086" />
    <nd ref="22087" />
    <nd ref="22088" />
    <nd ref="22089" />
    <nd ref="22090" />
    <nd ref="22091" />
    <nd ref="22092" />
    <nd ref="22093" />
    <nd ref="22094" />
    <nd ref="22095" />
    <nd ref="22096" />
    <nd ref="22097" />
    <nd ref="22098" />
    <nd ref="22099" />
    <nd ref="22100" />
    <nd ref="22101" />
    <nd ref="22102" />
    <nd ref="22103" />
    <nd ref="22104" />
    <nd ref="22105" />
    <nd ref="22106" />
    <nd ref="22107" />
    <nd ref="22108" />
    <nd ref="22109" />
    <nd ref="22110" />
    <nd ref="22111" />
    <nd ref="22112" />
    <nd ref="22113" />
    <nd ref="22114" />
    <nd ref="22115" />
    <nd ref="22116" />
    <nd ref="22117" />
    <nd ref="22118" />
    <nd ref="22119" />
    <nd ref="22120" />
    <nd ref="22121" />
    <nd ref="22122" />
    <nd ref="22123" />
    <nd ref="22124" />
    <nd ref="22125" />
    <nd ref="22126" />
    <nd ref="22127" />
    <nd ref="22128" />
    <nd ref="22129" />
    <nd ref="22130" />
    <nd ref="22131" />
    <nd ref="22132" />
    <nd ref="22133" />
    <nd ref="22134" />
    <nd ref="22135" />
    <nd ref="22136" />
    <nd ref="22137" />
    <nd ref="22138" />
    <nd ref="22139" />
    <nd ref="22140" />
    <nd ref="22141" />
    <nd ref="22142" />
    <nd ref="22143" />
    <nd ref="22144" />
    <nd ref="22145" />
    <nd ref="22146" />
    <nd ref="22147" />
    <nd ref="22148" />
    <nd ref="22149" />
    <nd ref="22150" />
    <nd ref="22151" />
    <nd ref="22152" />
    <nd ref="22153" />
    <nd ref="22154" />
    <nd ref="22155" />
    <nd ref="22156" />
    <nd ref="22157" />
    <nd ref="22158" />
    <nd ref="22159" />
    <nd ref="22160" />
    <nd ref="22161" />
    <nd ref="22162" />
    <nd ref="22163" />
    <nd ref="22164" />
    <nd ref="22165" />
    <nd ref="22166" />
    <nd ref="22167" />
    <nd ref="22168" />
    <nd ref="22169" />
    <nd ref="22170" />
    <nd ref="22171" />
    <nd ref="22172" />
    <nd ref="22173" />
    <nd ref="22174" />
    <nd ref="22175" />
    <nd ref="22176" />
    <nd ref="22177" />
    <nd ref="22178" />
    <nd ref="22179" />
    <nd ref="22180" />
    <nd ref="22181" />
    <nd ref="22182" />
    <nd ref="22183" />
    <nd ref="22184" />
    <nd ref="22185" />
    <nd ref="22186" />
    <nd ref="22187" />
    <nd ref="22188" />
    <nd ref="22189" />
    <nd ref="22190" />
    <nd ref="22191" />
    <nd ref="22192" />
    <nd ref="22193" />
    <nd ref="22194" />
    <nd ref="22195" />
    <nd ref="22196" />
    <nd ref="22197" />
    <nd ref="22198" />
    <nd ref="22199" />
    <nd ref="22200" />
    <nd ref="22201" />
    <nd ref="22202" />
    <nd ref="22203" />
    <nd ref="22204" />
    <nd ref="22205" />
    <nd ref="22206" />
    <nd ref="22207" />
    <nd ref="22208" />
    <nd ref="22209" />
    <nd ref="22210" />
    <nd ref="22211" />
    <nd ref="22212" />
    <nd ref="22213" />
    <nd ref="22214" />
    <nd ref="22215" />
    <nd ref="22216" />
    <nd ref="22217" />
    <nd ref="22218" />
    <nd ref="22219" />
    <nd ref="22220" />
    <nd ref="22221" />
    <nd ref="22222" />
    <nd ref="22223" />
    <nd ref="22224" />
    <nd ref="22225" />
    <nd ref="22226" />
    <nd ref="22227" />
    <nd ref="22228" />
    <nd ref="22229" />
    <nd ref="22230" />
    <nd ref="22231" />
    <nd ref="22232" />
    <nd ref="22233" />
    <nd ref="22234" />
    <nd ref="22235" />
    <nd ref="22236" />
    <nd ref="22237" />
    <nd ref="22238" />
    <nd ref="22239" />
    <nd ref="22240" />
    <nd ref="22241" />
    <nd ref="22242" />
    <nd ref="22243" />
    <nd ref="22244" />
    <nd ref="22245" />
    <nd ref="22246" />
    <nd ref="22247" />
    <nd ref="22248" />
    <nd ref="22249" />
    <nd ref="22250" />
    <nd ref="22251" />
    <nd ref="22252" />
    <nd ref="22253" />
    <nd ref="22254" />
    <nd ref="22255" />
    <nd ref="22256" />
    <nd ref="22257" />
    <nd ref="22258" />
    <nd ref="22259" />
    <nd ref="22260" />
    <nd ref="22261" />
    <nd ref="22262" />
    <nd ref="22263" />
    <nd ref="22264" />
    <nd ref="22265" />
    <nd ref="22266" />
    <nd ref="22267" />
    <nd ref="22268" />
    <nd ref="22269" />
    <nd ref="22270" />
    <nd ref="22271" />
    <nd ref="22272" />
    <nd ref="22273" />
    <nd ref="22274" />
    <nd ref="22275" />
    <nd ref="22276" />
    <nd ref="22277" />
    <nd ref="22278" />
    <nd ref="22279" />
    <nd ref="22280" />
    <nd ref="22281" />
    <nd ref="22282" />
    <nd ref="22283" />
    <nd ref="22284" />
    <nd ref="22285" />
    <nd ref="22286" />
    <nd ref="22287" />
    <nd ref="22288" />
    <nd ref="22289" />
    <nd ref="22290" />
    <nd ref="22291" />
    <nd ref="22292" />
    <nd ref="22293" />
    <nd ref="22294" />
    <nd ref="22295" />
    <nd ref="22296" />
    <nd ref="22297" />
    <nd ref="22298" />
    <nd ref="22299" />
    <nd ref="22300" />
    <nd ref="22301" />
    <nd ref="22302" />
    <nd ref="22303" />
    <nd ref="22304" />
    <nd ref="22305" />
    <nd ref="22306" />
    <nd ref="22307" />
    <nd ref="22308" />
    <nd ref="22309" />
    <nd ref="22310" />
    <nd ref="22311" />
    <nd ref="22312" />
    <nd ref="22313" />
    <nd ref="22314" />
    <nd ref="22315" />
    <nd ref="22316" />
    <nd ref="22317" />
    <nd ref="22318" />
    <nd ref="22319" />
    <nd ref="22320" />
    <nd ref="22321" />
    <nd ref="22322" />
    <nd ref="22323" />
    <nd ref="22324" />
    <nd ref="22325" />
    <nd ref="22326" />
    <nd ref="22327" />
    <nd ref="22328" />
    <nd ref="22329" />
    <nd ref="22330" />
    <nd ref="22331" />
    <nd ref="22332" />
    <nd ref="22333" />
    <nd ref="22334" />
    <nd ref="22335" />
    <nd ref="22336" />
    <nd ref="22337" />
    <nd ref="22338" />
    <nd ref="22339" />
    <nd ref="22340" />
    <nd ref="22341" />
    <nd ref="22342" />
    <nd ref="22343" />
    <nd ref="22344" />
    <nd ref="22345" />
    <nd ref="22346" />
    <nd ref="22347" />
    <nd ref="22348" />
    <nd ref="22349" />
    <nd ref="22350" />
    <nd ref="22351" />
    <nd ref="22352" />
    <nd ref="22353" />
    <nd ref="22354" />
    <nd ref="22355" />
    <nd ref="22356" />
    <nd ref="22357" />
    <nd ref="22358" />
    <nd ref="22359" />
    <nd ref="22360" />
    <nd ref="22361" />
    <nd ref="22362" />
    <nd ref="22363" />
    <nd ref="22364" />
    <nd ref="22365" />
    <nd ref="22366" />
    <nd ref="22367" />
    <nd ref="22368" />
    <nd ref="22369" />
    <nd ref="22370" />
    <nd ref="22371" />
    <nd ref="22372" />
    <nd ref="22373" />
    <nd ref="22374" />
    <nd ref="22375" />
    <nd ref="22376" />
    <nd ref="22377" />
    <nd ref="22378" />
    <nd ref="22379" />
    <nd ref="22380" />
    <nd ref="22381" />
    <nd ref="22382" />
    <nd ref="22383" />
    <nd ref="22384" />
    <nd ref="22385" />
    <nd ref="22386" />
    <nd ref="22387" />
    <nd ref="22388" />
    <nd ref="22389" />
    <nd ref="22390" />
    <nd ref="22391" />
    <nd ref="22392" />
    <nd ref="22393" />
    <nd ref="22394" />
    <nd ref="22395" />
    <nd ref="22396" />
    <nd ref="22397" />
    <nd ref="22398" />
    <nd ref="22399" />
    <nd ref="22400" />
    <nd ref="22401" />
    <nd ref="22402" />
    <nd ref="22403" />
    <nd ref="22404" />
    <nd ref="22405" />
    <nd ref="22406" />
    <nd ref="22407" />
    <nd ref="22408" />
    <nd ref="22409" />
    <nd ref="22410" />
    <nd ref="22411" />
    <nd ref="22412" />
    <nd ref="22413" />
    <nd ref="22414" />
    <nd ref="22415" />
    <nd ref="22416" />
    <nd ref="22417" />
    <nd ref="22418" />
    <tag k="subtype" v="solid" />
    <tag k="type" v="line_thin" />
  </way>
  <relation id="1000" visible="true" version="1">
    <member type="way" ref="20711" role="left" />
    <member type="way" ref="19003" role="right" />
    <member type="way" ref="19857" role="centerline" />
    <tag k="location" v="nonurban" />
    <tag k="one_way" v="yes" />
    <tag k="region" v="de" />
    <tag k="speed_limit" v="18.0" />
    <tag k="subtype" v="highway" />
    <tag k="type" v="lanelet" />
  </relation>
  <relation id="1001" visible="true" version="1">
    <member type="way" ref="22419" role="left" />
    <member type="way" ref="20711" role="right" />
    <member type="way" ref="21565" role="centerline" />
    <tag k="location" v="nonurban" />
    <tag k="one_way" v="yes" />
    <tag k="region" v="de" />
    <tag k="speed_limit" v="18.0" />
    <tag k="subtype" v="highway" />
    <tag k="type" v="lanelet" />
  </relation>
</osm>
