<?xml version="1.0"?>
<osm version="0.6" upload="false" generator="lanelet2">
  <node id="27430" visible="true" version="1" lat="49.9999325446" lon="9" />
  <node id="27431" visible="true" version="1" lat="49.9999325446" lon="9.00000697669" />
  <node id="27432" visible="true" version="1" lat="49.9999325446" lon="9.00001395339" />
  <node id="27433" visible="true" version="1" lat="49.9999325446" lon="9.00002093008" />
  <node id="27434" visible="true" version="1" lat="49.99993254459" lon="9.00002790678" />
  <node id="27435" visible="true" version="1" lat="49.99993254459" lon="9.00003488347" />
  <node id="27436" visible="true" version="1" lat="49.99993254459" lon="9.00004186017" />
  <node id="27437" visible="true" version="1" lat="49.99993254459" lon="9.00004883686" />
  <node id="27438" visible="true" version="1" lat="49.99993254458" lon="9.00005581356" />
  <node id="27439" visible="true" version="1" lat="49.99993254458" lon="9.00006279025" />
  <node id="27440" visible="true" version="1" lat="49.99993254458" lon="9.00006976695" />
  <node id="27441" visible="true" version="1" lat="49.99993254457" lon="9.00007674364" />
  <node id="27442" visible="true" version="1" lat="49.99993254457" lon="9.00008372034" />
  <node id="27443" visible="true" version="1" lat="49.99993254456" lon="9.00009069703" />
  <node id="27444" visible="true" version="1" lat="49.99993254456" lon="9.00009767372" />
  <node id="27445" visible="true" version="1" lat="49.99993254455" lon="9.00010465042" />
  <node id="27446" visible="true" version="1" lat="49.99993254454" lon="9.00011162711" />
  <node id="27447" visible="true" version="1" lat="49.99993254454" lon="9.00011860381" />
  <node id="27448" visible="true" version="1" lat="49.99993254453" lon="9.0001255805" />
  <node id="27449" visible="true" version="1" lat="49.99993254452" lon="9.0001325572" />
  <node id="27450" visible="true" version="1" lat="49.99993254451" lon="9.00013953389" />
  <node id="27451" visible="true" version="1" lat="49.99993254451" lon="9.00014651059" />
  <node id="27452" visible="true" version="1" lat="49.9999325445" lon="9.00015348728" />
  <node id="27453" visible="true" version="1" lat="49.99993254449" lon="9.00016046398" />
  <node id="27454" visible="true" version="1" lat="49.99993254448" lon="9.00016744067" />
  <node id="27455" visible="true" version="1" lat="49.99993254447" lon="9.00017441737" />
  <node id="27456" visible="true" version="1" lat="49.99993254446" lon="9.00018139406" />
  <node id="27457" visible="true" version="1" lat="49.99993254444" lon="9.00018837076" />
  <node id="27458" visible="true" version="1" lat="49.99993254443" lon="9.00019534745" />
  <node id="27459" visible="true" version="1" lat="49.99993254442" lon="9.00020232414" />
  <node id="27460" visible="true" version="1" lat="49.99993254441" lon="9.00020930084" />
  <node id="27461" visible="true" version="1" lat="49.9999325444" lon="9.00021627753" />
  <node id="27462" visible="true" version="1" lat="49.99993254438" lon="9.00022325423" />
  <node id="27463" visible="true" version="1" lat="49.99993254437" lon="9.00023023092" />
  <node id="27464" visible="true" version="1" lat="49.99993254436" lon="9.00023720762" />
  <node id="27465" visible="true" version="1" lat="49.99993254434" lon="9.00024418431" />
  <node id="27466" visible="true" version="1" lat="49.99993254433" lon="9.00025116101" />
  <node id="27467" visible="true" version="1" lat="49.99993254431" lon="9.0002581377" />
  <node id="27468" visible="true" version="1" lat="49.99993254429" lon="9.0002651144" />
  <node id="27469" visible="true" version="1" lat="49.99993254428" lon="9.00027209109" />
  <node id="27470" visible="true" version="1" lat="49.99993254426" lon="9.00027906779" />
  <node id="27471" visible="true" version="1" lat="49.99993254425" lon="9.00028604448" />
  <node id="27472" visible="true" version="1" lat="49.99993254423" lon="9.00029302117" />
  <node id="27473" visible="true" version="1" lat="49.99993254421" lon="9.00029999787" />
  <node id="27474" visible="true" version="1" lat="49.99993254419" lon="9.00030697456" />
  <node id="27475" visible="true" version="1" lat="49.99993254417" lon="9.00031395126" />
  <node id="27476" visible="true" version="1" lat="49.99993254415" lon="9.00032092795" />
  <node id="27477" visible="true" version="1" lat="49.99993254413" lon="9.00032790465" />
  <node id="27478" visible="true" version="1" lat="49.99993254411" lon="9.00033488134" />
  <node id="27479" visible="true" version="1" lat="49.99993254409" lon="9.00034185804" />
  <node id="27480" visible="true" version="1" lat="49.99993254407" lon="9.00034883473" />
  <node id="27481" visible="true" version="1" lat="49.99993254405" lon="9.00035581143" />
  <node id="27482" visible="true" version="1" lat="49.99993254403" lon="9.00036278812" />
  <node id="27483" visible="true" version="1" lat="49.99993254401" lon="9.00036976482" />
  <node id="27484" visible="true" version="1" lat="49.99993254399" lon="9.00037674151" />
  <node id="27485" visible="true" version="1" lat="49.99993254396" lon="9.00038371821" />
  <node id="27486" visible="true" version="1" lat="49.99993254394" lon="9.0003906949" />
  <node id="27487" visible="true" version="1" lat="49.99993254392" lon="9.00039767159" />
  <node id="27488" visible="true" version="1" lat="49.99993254389" lon="9.00040464829" />
  <node id="27489" visible="true" version="1" lat="49.99993254387" lon="9.00041162498" />
  <node id="27490" visible="true" version="1" lat="49.99993254384" lon="9.00041860168" />
  <node id="27491" visible="true" version="1" lat="49.99993254382" lon="9.00042557837" />
  <node id="27492" visible="true" version="1" lat="49.99993254379" lon="9.00043255507" />
  <node id="27493" visible="true" version="1" lat="49.99993254377" lon="9.00043953176" />
  <node id="27494" visible="true" version="1" lat="49.99993254374" lon="9.00044650846" />
  <node id="27495" visible="true" version="1" lat="49.99993254371" lon="9.00045348515" />
  <node id="27496" visible="true" version="1" lat="49.99993254368" lon="9.00046046185" />
  <node id="27497" visible="true" version="1" lat="49.99993254366" lon="9.00046743854" />
  <node id="27498" visible="true" version="1" lat="49.99993254363" lon="9.00047441524" />
  <node id="27499" visible="true" version="1" lat="49.9999325436" lon="9.00048139193" />
  <node id="27500" visible="true" version="1" lat="49.99993254357" lon="9.00048836862" />
  <node id="27501" visible="true" version="1" lat="49.99993254354" lon="9.00049534532" />
  <node id="27502" visible="true" version="1" lat="49.99993254351" lon="9.00050232201" />
  <node id="27503" visible="true" version="1" lat="49.99993254348" lon="9.00050929871" />
  <node id="27504" visible="true" version="1" lat="49.99993254345" lon="9.0005162754" />
  <node id="27505" visible="true" version="1" lat="49.99993254342" lon="9.0005232521" />
  <node id="27506" visible="true" version="1" lat="49.99993254339" lon="9.00053022879" />
  <node id="27507" visible="true" version="1" lat="49.99993254335" lon="9.00053720549" />
  <node id="27508" visible="true" version="1" lat="49.99993254332" lon="9.00054418218" />
  <node id="27509" visible="true" version="1" lat="49.99993254329" lon="9.00055115888" />
  <node id="27510" visible="true" version="1" lat="49.99993254326" lon="9.00055813557" />
  <node id="27511" visible="true" version="1" lat="49.99993254322" lon="9.00056511227" />
  <node id="27512" visible="true" version="1" lat="49.99993254319" lon="9.00057208896" />
  <node id="27513" visible="true" version="1" lat="49.99993254315" lon="9.00057906566" />
  <node id="27514" visible="true" version="1" lat="49.99993254312" lon="9.00058604235" />
  <node id="27515" visible="true" version="1" lat="49.99993254308" lon="9.00059301904" />
  <node id="27516" visible="true" version="1" lat="49.99993254305" lon="9.00059999574" />
  <node id="27517" visible="true" version="1" lat="49.99993254301" lon="9.00060697243" />
  <node id="27518" visible="true" version="1" lat="49.99993254297" lon="9.00061394913" />
  <node id="27519" visible="true" version="1" lat="49.99993254294" lon="9.00062092582" />
  <node id="27520" visible="true" version="1" lat="49.9999325429" lon="9.00062790252" />
  <node id="27521" visible="true" version="1" lat="49.99993254286" lon="9.00063487921" />
  <node id="27522" visible="true" version="1" lat="49.99993254282" lon="9.00064185591" />
  <node id="27523" visible="true" version="1" lat="49.99993254278" lon="9.0006488326" />
  <node id="27524" visible="true" version="1" lat="49.99993254274" lon="9.0006558093" />
  <node id="27525" visible="true" version="1" lat="49.9999325427" lon="9.00066278599" />
  <node id="27526" visible="true" version="1" lat="49.99993254266" lon="9.00066976269" />
  <node id="27527" visible="true" version="1" lat="49.99993254262" lon="9.00067673938" />
  <node id="27528" visible="true" version="1" lat="49.99993254258" lon="9.00068371607" />
  <node id="27529" visible="true" version="1" lat="49.99993254254" lon="9.00069069277" />
  <node id="27530" visible="true" version="1" lat="49.9999325425" lon="9.00069766946" />
  <node id="27531" visible="true" version="1" lat="49.99993254246" lon="9.00070464616" />
  <node id="27532" visible="true" version="1" lat="49.99993254242" lon="9.00071162285" />
  <node id="27533" visible="true" version="1" lat="49.99993254237" lon="9.00071859955" />
  <node id="27534" visible="true" version="1" lat="49.99993254233" lon="9.00072557624" />
  <node id="27535" visible="true" version="1" lat="49.99993254229" lon="9.00073255294" />
  <node id="27536" visible="true" version="1" lat="49.99993254224" lon="9.00073952963" />
  <node id="27537" visible="true" version="1" lat="49.9999325422" lon="9.00074650633" />
  <node id="27538" visible="true" version="1" lat="49.99993254215" lon="9.00075348302" />
  <node id="27539" visible="true" version="1" lat="49.99993254211" lon="9.00076045972" />
  <node id="27540" visible="true" version="1" lat="49.99993254206" lon="9.00076743641" />
  <node id="27541" visible="true" version="1" lat="49.99993254201" lon="9.00077441311" />
  <node id="27542" visible="true" version="1" lat="49.99993254197" lon="9.0007813898" />
  <node id="27543" visible="true" version="1" lat="49.99993254192" lon="9.00078836649" />
  <node id="27544" visible="true" version="1" lat="49.99993254187" lon="9.00079534319" />
  <node id="27545" visible="true" version="1" lat="49.99993254182" lon="9.00080231988" />
  <node id="27546" visible="true" version="1" lat="49.99993254178" lon="9.00080929658" />
  <node id="27547" visible="true" version="1" lat="49.99993254173" lon="9.00081627327" />
  <node id="27548" visible="true" version="1" lat="49.99993254168" lon="9.00082324997" />
  <node id="27549" visible="true" version="1" lat="49.99993254163" lon="9.00083022666" />
  <node id="27550" visible="true" version="1" lat="49.99993254158" lon="9.00083720336" />
  <node id="27551" visible="true" version="1" lat="49.99993254153" lon="9.00084418005" />
  <node id="27552" visible="true" version="1" lat="49.99993254148" lon="9.00085115675" />
  <node id="27553" visible="true" version="1" lat="49.99993254142" lon="9.00085813344" />
  <node id="27554" visible="true" version="1" lat="49.99993254137" lon="9.00086511014" />
  <node id="27555" visible="true" version="1" lat="49.99993254132" lon="9.00087208683" />
  <node id="27556" visible="true" version="1" lat="49.99993254127" lon="9.00087906352" />
  <node id="27557" visible="true" version="1" lat="49.99993254121" lon="9.00088604022" />
  <node id="27558" visible="true" version="1" lat="49.99993254116" lon="9.00089301691" />
  <node id="27559" visible="true" version="1" lat="49.99993254111" lon="9.00089999361" />
  <node id="27560" visible="true" version="1" lat="49.99993254105" lon="9.0009069703" />
  <node id="27561" visible="true" version="1" lat="49.999932541" lon="9.000913947" />
  <node id="27562" visible="true" version="1" lat="49.99993254094" lon="9.00092092369" />
  <node id="27563" visible="true" version="1" lat="49.99993254089" lon="9.00092790039" />
  <node id="27564" visible="true" version="1" lat="49.99993254083" lon="9.00093487708" />
  <node id="27565" visible="true" version="1" lat="49.99993254078" lon="9.00094185378" />
  <node id="27566" visible="true" version="1" lat="49.99993254072" lon="9.00094883047" />
  <node id="27567" visible="true" version="1" lat="49.99993254066" lon="9.00095580717" />
  <node id="27568" visible="true" version="1" lat="49.9999325406" lon="9.00096278386" />
  <node id="27569" visible="true" version="1" lat="49.99993254055" lon="9.00096976056" />
  <node id="27570" visible="true" version="1" lat="49.99993254049" lon="9.00097673725" />
  <node id="27571" visible="true" version="1" lat="49.99993254043" lon="9.00098371394" />
  <node id="27572" visible="true" version="1" lat="49.99993254037" lon="9.00099069064" />
  <node id="27573" visible="true" version="1" lat="49.99993254031" lon="9.00099766733" />
  <node id="27574" visible="true" version="1" lat="49.99993254025" lon="9.00100464403" />
  <node id="27575" visible="true" version="1" lat="49.99993254019" lon="9.00101162072" />
  <node id="27576" visible="true" version="1" lat="49.99993254013" lon="9.00101859742" />
  <node id="27577" visible="true" version="1" lat="49.99993254007" lon="9.00102557411" />
  <node id="27578" visible="true" version="1" lat="49.99993254" lon="9.00103255081" />
  <node id="27579" visible="true" version="1" lat="49.99993253994" lon="9.0010395275" />
  <node id="27580" visible="true" version="1" lat="49.99993253988" lon="9.0010465042" />
  <node id="27581" visible="true" version="1" lat="49.99993253982" lon="9.00105348089" />
  <node id="27582" visible="true" version="1" lat="49.99993253975" lon="9.00106045759" />
  <node id="27583" visible="true" version="1" lat="49.99993253969" lon="9.00106743428" />
  <node id="27584" visible="true" version="1" lat="49.99993253962" lon="9.00107441097" />
  <node id="27585" visible="true" version="1" lat="49.99993253956" lon="9.00108138767" />
  <node id="27586" visible="true" version="1" lat="49.99993253949" lon="9.00108836436" />
  <node id="27587" visible="true" version="1" lat="49.99993253943" lon="9.00109534106" />
  <node id="27588" visible="true" version="1" lat="49.99993253936" lon="9.00110231775" />
  <node id="27589" visible="true" version="1" lat="49.9999325393" lon="9.00110929445" />
  <node id="27590" visible="true" version="1" lat="49.99993253923" lon="9.00111627114" />
  <node id="27591" visible="true" version="1" lat="49.99993253916" lon="9.00112324784" />
  <node id="27592" visible="true" version="1" lat="49.99993253909" lon="9.00113022453" />
  <node id="27593" visible="true" version="1" lat="49.99993253903" lon="9.00113720123" />
  <node id="27594" visible="true" version="1" lat="49.99993253896" lon="9.00114417792" />
  <node id="27595" visible="true" version="1" lat="49.99993253889" lon="9.00115115462" />
  <node id="27596" visible="true" version="1" lat="49.99993253882" lon="9.00115813131" />
  <node id="27597" visible="true" version="1" lat="49.99993253875" lon="9.00116510801" />
  <node id="27598" visible="true" version="1" lat="49.99993253868" lon="9.0011720847" />
  <node id="27599" visible="true" version="1" lat="49.99993253861" lon="9.00117906139" />
  <node id="27600" visible="true" version="1" lat="49.99993253854" lon="9.00118603809" />
  <node id="27601" visible="true" version="1" lat="49.99993253846" lon="9.00119301478" />
  <node id="27602" visible="true" version="1" lat="49.99993253839" lon="9.00119999148" />
  <node id="27603" visible="true" version="1" lat="49.99993253832" lon="9.00120696817" />
  <node id="27604" visible="true" version="1" lat="49.99993253825" lon="9.00121394487" />
  <node id="27605" visible="true" version="1" lat="49.99993253817" lon="9.00122092156" />
  <node id="27606" visible="true" version="1" lat="49.9999325381" lon="9.00122789826" />
  <node id="27607" visible="true" version="1" lat="49.99993253803" lon="9.00123487495" />
  <node id="27608" visible="true" version="1" lat="49.99993253795" lon="9.00124185165" />
  <node id="27609" visible="true" version="1" lat="49.99993253788" lon="9.00124882834" />
  <node id="27610" visible="true" version="1" lat="49.9999325378" lon="9.00125580504" />
  <node id="27611" visible="true" version="1" lat="49.99993253773" lon="9.00126278173" />
  <node id="27612" visible="true" version="1" lat="49.99993253765" lon="9.00126975842" />
  <node id="27613" visible="true" version="1" lat="49.99993253757" lon="9.00127673512" />
  <node id="27614" visible="true" version="1" lat="49.9999325375" lon="9.00128371181" />
  <node id="27615" visible="true" version="1" lat="49.99993253742" lon="9.00129068851" />
  <node id="27616" visible="true" version="1" lat="49.99993253734" lon="9.0012976652" />
  <node id="27617" visible="true" version="1" lat="49.99993253726" lon="9.0013046419" />
  <node id="27618" visible="true" version="1" lat="49.99993253718" lon="9.00131161859" />
  <node id="27619" visible="true" version="1" lat="49.99993253711" lon="9.00131859529" />
  <node id="27620" visible="true" version="1" lat="49.99993253703" lon="9.00132557198" />
  <node id="27621" visible="true" version="1" lat="49.99993253695" lon="9.00133254868" />
  <node id="27622" visible="true" version="1" lat="49.99993253687" lon="9.00133952537" />
  <node id="27623" visible="true" version="1" lat="49.99993253679" lon="9.00134650207" />
  <node id="27624" visible="true" version="1" lat="49.9999325367" lon="9.00135347876" />
  <node id="27625" visible="true" version="1" lat="49.99993253662" lon="9.00136045546" />
  <node id="27626" visible="true" version="1" lat="49.99993253654" lon="9.00136743215" />
  <node id="27627" visible="true" version="1" lat="49.99993253646" lon="9.00137440884" />
  <node id="27628" visible="true" version="1" lat="49.99993253638" lon="9.00138138554" />
  <node id="27629" visible="true" version="1" lat="49.99993253629" lon="9.00138836223" />
  <node id="27630" visible="true" version="1" lat="49.99993253621" lon="9.00139533893" />
  <node id="27631" visible="true" version="1" lat="49.99993253612" lon="9.00140231562" />
  <node id="27632" visible="true" version="1" lat="49.99993253604" lon="9.00140929232" />
  <node id="27633" visible="true" version="1" lat="49.99993253595" lon="9.00141626901" />
  <node id="27634" visible="true" version="1" lat="49.99993253587" lon="9.00142324571" />
  <node id="27635" visible="true" version="1" lat="49.99993253578" lon="9.0014302224" />
  <node id="27636" visible="true" version="1" lat="49.9999325357" lon="9.0014371991" />
  <node id="27637" visible="true" version="1" lat="49.99993253561" lon="9.00144417579" />
  <node id="27638" visible="true" version="1" lat="49.99993253552" lon="9.00145115249" />
  <node id="27639" visible="true" version="1" lat="49.99993253544" lon="9.00145812918" />
  <node id="27640" visible="true" version="1" lat="49.99993253535" lon="9.00146510587" />
  <node id="27641" visible="true" version="1" lat="49.99993253526" lon="9.00147208257" />
  <node id="27642" visible="true" version="1" lat="49.99993253517" lon="9.00147905926" />
  <node id="27643" visible="true" version="1" lat="49.99993253508" lon="9.00148603596" />
  <node id="27644" visible="true" version="1" lat="49.99993253499" lon="9.00149301265" />
  <node id="27645" visible="true" version="1" lat="49.9999325349" lon="9.00149998935" />
  <node id="27646" visible="true" version="1" lat="49.99993253481" lon="9.00150696604" />
  <node id="27647" visible="true" version="1" lat="49.99993253472" lon="9.00151394274" />
  <node id="27648" visible="true" version="1" lat="49.99993253463" lon="9.00152091943" />
  <node id="27649" visible="true" version="1" lat="49.99993253454" lon="9.00152789613" />
  <node id="27650" visible="true" version="1" lat="49.99993253445" lon="9.00153487282" />
  <node id="27651" visible="true" version="1" lat="49.99993253435" lon="9.00154184952" />
  <node id="27652" visible="true" version="1" lat="49.99993253426" lon="9.00154882621" />
  <node id="27653" visible="true" version="1" lat="49.99993253417" lon="9.00155580291" />
  <node id="27654" visible="true" version="1" lat="49.99993253407" lon="9.0015627796" />
  <node id="27655" visible="true" version="1" lat="49.99993253398" lon="9.00156975629" />
  <node id="27656" visible="true" version="1" lat="49.99993253389" lon="9.00157673299" />
  <node id="27657" visible="true" version="1" lat="49.99993253379" lon="9.00158370968" />
  <node id="27658" visible="true" version="1" lat="49.99993253369" lon="9.00159068638" />
  <node id="27659" visible="true" version="1" lat="49.9999325336" lon="9.00159766307" />
  <node id="27660" visible="true" version="1" lat="49.9999325335" lon="9.00160463977" />
  <node id="27661" visible="true" version="1" lat="49.99993253341" lon="9.00161161646" />
  <node id="27662" visible="true" version="1" lat="49.99993253331" lon="9.00161859316" />
  <node id="27663" visible="true" version="1" lat="49.99993253321" lon="9.00162556985" />
  <node id="27664" visible="true" version="1" lat="49.99993253311" lon="9.00163254655" />
  <node id="27665" visible="true" version="1" lat="49.99993253302" lon="9.00163952324" />
  <node id="27666" visible="true" version="1" lat="49.99993253292" lon="9.00164649994" />
  <node id="27667" visible="true" version="1" lat="49.99993253282" lon="9.00165347663" />
  <node id="27668" visible="true" version="1" lat="49.99993253272" lon="9.00166045332" />
  <node id="27669" visible="true" version="1" lat="49.99993253262" lon="9.00166743002" />
  <node id="27670" visible="true" version="1" lat="49.99993253252" lon="9.00167440671" />
  <node id="27671" visible="true" version="1" lat="49.99993253242" lon="9.00168138341" />
  <node id="27672" visible="true" version="1" lat="49.99993253231" lon="9.0016883601" />
  <node id="27673" visible="true" version="1" lat="49.99993253221" lon="9.0016953368" />
  <node id="27674" visible="true" version="1" lat="49.99993253211" lon="9.00170231349" />
  <node id="27675" visible="true" version="1" lat="49.99993253201" lon="9.00170929019" />
  <node id="27676" visible="true" version="1" lat="49.99993253191" lon="9.00171626688" />
  <node id="27677" visible="true" version="1" lat="49.9999325318" lon="9.00172324358" />
  <node id="27678" visible="true" version="1" lat="49.9999325317" lon="9.00173022027" />
  <node id="27679" visible="true" version="1" lat="49.99993253159" lon="9.00173719697" />
  <node id="27680" visible="true" version="1" lat="49.99993253149" lon="9.00174417366" />
  <node id="27681" visible="true" version="1" lat="49.99993253138" lon="9.00175115035" />
  <node id="27682" visible="true" version="1" lat="49.99993253128" lon="9.00175812705" />
  <node id="27683" visible="true" version="1" lat="49.99993253117" lon="9.00176510374" />
  <node id="27684" visible="true" version="1" lat="49.99993253107" lon="9.00177208044" />
  <node id="27685" visible="true" version="1" lat="49.99993253096" lon="9.00177905713" />
  <node id="27686" visible="true" version="1" lat="49.99993253085" lon="9.00178603383" />
  <node id="27687" visible="true" version="1" lat="49.99993253074" lon="9.00179301052" />
  <node id="27688" visible="true" version="1" lat="49.99993253064" lon="9.00179998722" />
  <node id="27689" visible="true" version="1" lat="49.99993253053" lon="9.00180696391" />
  <node id="27690" visible="true" version="1" lat="49.99993253042" lon="9.00181394061" />
  <node id="27691" visible="true" version="1" lat="49.99993253031" lon="9.0018209173" />
  <node id="27692" visible="true" version="1" lat="49.9999325302" lon="9.001827894" />
  <node id="27693" visible="true" version="1" lat="49.99993253009" lon="9.00183487069" />
  <node id="27694" visible="true" version="1" lat="49.99993252998" lon="9.00184184739" />
  <node id="27695" visible="true" version="1" lat="49.99993252987" lon="9.00184882408" />
  <node id="27696" visible="true" version="1" lat="49.99993252976" lon="9.00185580077" />
  <node id="27697" visible="true" version="1" lat="49.99993252965" lon="9.00186277747" />
  <node id="27698" visible="true" version="1" lat="49.99993252953" lon="9.00186975416" />
  <node id="27699" visible="true" version="1" lat="49.99993252942" lon="9.00187673086" />
  <node id="27700" visible="true" version="1" lat="49.99993252931" lon="9.00188370755" />
  <node id="27701" visible="true" version="1" lat="49.99993252919" lon="9.00189068425" />
  <node id="27702" visible="true" version="1" lat="49.99993252908" lon="9.00189766094" />
  <node id="27703" visible="true" version="1" lat="49.99993252897" lon="9.00190463764" />
  <node id="27704" visible="true" version="1" lat="49.99993252885" lon="9.00191161433" />
  <node id="27705" visible="true" version="1" lat="49.99993252874" lon="9.00191859103" />
  <node id="27706" visible="true" version="1" lat="49.99993252862" lon="9.00192556772" />
  <node id="27707" visible="true" version="1" lat="49.9999325285" lon="9.00193254442" />
  <node id="27708" visible="true" version="1" lat="49.99993252839" lon="9.00193952111" />
  <node id="27709" visible="true" version="1" lat="49.99993252827" lon="9.0019464978" />
  <node id="27710" visible="true" version="1" lat="49.99993252815" lon="9.0019534745" />
  <node id="27711" visible="true" version="1" lat="49.99993252804" lon="9.00196045119" />
  <node id="27712" visible="true" version="1" lat="49.99993252792" lon="9.00196742789" />
  <node id="27713" visible="true" version="1" lat="49.9999325278" lon="9.00197440458" />
  <node id="27714" visible="true" version="1" lat="49.99993252768" lon="9.00198138128" />
  <node id="27715" visible="true" version="1" lat="49.99993252756" lon="9.00198835797" />
  <node id="27716" visible="true" version="1" lat="49.99993252744" lon="9.00199533467" />
  <node id="27717" visible="true" version="1" lat="49.99993252732" lon="9.00200231136" />
  <node id="27718" visible="true" version="1" lat="49.9999325272" lon="9.00200928806" />
  <node id="27719" visible="true" version="1" lat="49.99993252708" lon="9.00201626475" />
  <node id="27720" visible="true" version="1" lat="49.99993252696" lon="9.00202324145" />
  <node id="27721" visible="true" version="1" lat="49.99993252684" lon="9.00203021814" />
  <node id="27722" visible="true" version="1" lat="49.99993252671" lon="9.00203719484" />
  <node id="27723" visible="true" version="1" lat="49.99993252659" lon="9.00204417153" />
  <node id="27724" visible="true" version="1" lat="49.99993252647" lon="9.00205114822" />
  <node id="27725" visible="true" version="1" lat="49.99993252635" lon="9.00205812492" />
  <node id="27726" visible="true" version="1" lat="49.99993252622" lon="9.00206510161" />
  <node id="27727" visible="true" version="1" lat="49.9999325261" lon="9.00207207831" />
  <node id="27728" visible="true" version="1" lat="49.99993252597" lon="9.002079055" />
  <node id="27729" visible="true" version="1" lat="49.99993252585" lon="9.0020860317" />
  <node id="27730" visible="true" version="1" lat="49.99993252572" lon="9.00209300839" />
  <node id="27731" visible="true" version="1" lat="49.9999325256" lon="9.00209998509" />
  <node id="27732" visible="true" version="1" lat="49.99993252547" lon="9.00210696178" />
  <node id="27733" visible="true" version="1" lat="49.99993252534" lon="9.00211393848" />
  <node id="27734" visible="true" version="1" lat="49.99993252521" lon="9.00212091517" />
  <node id="27735" visible="true" version="1" lat="49.99993252509" lon="9.00212789187" />
  <node id="27736" visible="true" version="1" lat="49.99993252496" lon="9.00213486856" />
  <node id="27737" visible="true" version="1" lat="49.99993252483" lon="9.00214184525" />
  <node id="27738" visible="true" version="1" lat="49.9999325247" lon="9.00214882195" />
  <node id="27739" visible="true" version="1" lat="49.99993252457" lon="9.00215579864" />
  <node id="27740" visible="true" version="1" lat="49.99993252444" lon="9.00216277534" />
  <node id="27741" visible="true" version="1" lat="49.99993252431" lon="9.00216975203" />
  <node id="27742" visible="true" version="1" lat="49.99993252418" lon="9.00217672873" />
  <node id="27743" visible="true" version="1" lat="49.99993252405" lon="9.00218370542" />
  <node id="27744" visible="true" version="1" lat="49.99993252392" lon="9.00219068212" />
  <node id="27745" visible="true" version="1" lat="49.99993252379" lon="9.00219765881" />
  <node id="27746" visible="true" version="1" lat="49.99993252365" lon="9.00220463551" />
  <node id="27747" visible="true" version="1" lat="49.99993252352" lon="9.0022116122" />
  <node id="27748" visible="true" version="1" lat="49.99993252339" lon="9.0022185889" />
  <node id="27749" visible="true" version="1" lat="49.99993252325" lon="9.00222556559" />
  <node id="27750" visible="true" version="1" lat="49.99993252312" lon="9.00223254228" />
  <node id="27751" visible="true" version="1" lat="49.99993252299" lon="9.00223951898" />
  <node id="27752" visible="true" version="1" lat="49.99993252285" lon="9.00224649567" />
  <node id="27753" visible="true" version="1" lat="49.99993252272" lon="9.00225347237" />
  <node id="27754" visible="true" version="1" lat="49.99993252258" lon="9.00226044906" />
  <node id="27755" visible="true" version="1" lat="49.99993252244" lon="9.00226742576" />
  <node id="27756" visible="true" version="1" lat="49.99993252231" lon="9.00227440245" />
  <node id="27757" visible="true" version="1" lat="49.99993252217" lon="9.00228137915" />
  <node id="27758" visible="true" version="1" lat="49.99993252203" lon="9.00228835584" />
  <node id="27759" visible="true" version="1" lat="49.9999325219" lon="9.00229533254" />
  <node id="27760" visible="true" version="1" lat="49.99993252176" lon="9.00230230923" />
  <node id="27761" visible="true" version="1" lat="49.99993252162" lon="9.00230928593" />
  <node id="27762" visible="true" version="1" lat="49.99993252148" lon="9.00231626262" />
  <node id="27763" visible="true" version="1" lat="49.99993252134" lon="9.00232323932" />
  <node id="27764" visible="true" version="1" lat="49.9999325212" lon="9.00233021601" />
  <node id="27765" visible="true" version="1" lat="49.99993252106" lon="9.0023371927" />
  <node id="27766" visible="true" version="1" lat="49.99993252092" lon="9.0023441694" />
  <node id="27767" visible="true" version="1" lat="49.99993252078" lon="9.00235114609" />
  <node id="27768" visible="true" version="1" lat="49.99993252064" lon="9.00235812279" />
  <node id="27769" visible="true" version="1" lat="49.99993252049" lon="9.00236509948" />
  <node id="27770" visible="true" version="1" lat="49.99993252035" lon="9.00237207618" />
  <node id="27771" visible="true" version="1" lat="49.99993252021" lon="9.00237905287" />
  <node id="27772" visible="true" version="1" lat="49.99993252007" lon="9.00238602957" />
  <node id="27773" visible="true" version="1" lat="49.99993251992" lon="9.00239300626" />
  <node id="27774" visible="true" version="1" lat="49.99993251978" lon="9.00239998296" />
  <node id="27775" visible="true" version="1" lat="49.99993251963" lon="9.00240695965" />
  <node id="27776" visible="true" version="1" lat="49.99993251949" lon="9.00241393635" />
  <node id="27777" visible="true" version="1" lat="49.99993251934" lon="9.00242091304" />
  <node id="27778" visible="true" version="1" lat="49.9999325192" lon="9.00242788973" />
  <node id="27779" visible="true" version="1" lat="49.99993251905" lon="9.00243486643" />
  <node id="27780" visible="true" version="1" lat="49.9999325189" lon="9.00244184312" />
  <node id="27781" visible="true" version="1" lat="49.99993251876" lon="9.00244881982" />
  <node id="27782" visible="true" version="1" lat="49.99993251861" lon="9.00245579651" />
  <node id="27783" visible="true" version="1" lat="49.99993251846" lon="9.00246277321" />
  <node id="27784" visible="true" version="1" lat="49.99993251831" lon="9.0024697499" />
  <node id="27785" visible="true" version="1" lat="49.99993251817" lon="9.0024767266" />
  <node id="27786" visible="true" version="1" lat="49.99993251802" lon="9.00248370329" />
  <node id="27787" visible="true" version="1" lat="49.99993251787" lon="9.00249067999" />
  <node id="27788" visible="true" version="1" lat="49.99993251772" lon="9.00249765668" />
  <node id="27789" visible="true" version="1" lat="49.99993251757" lon="9.00250463338" />
  <node id="27790" visible="true" version="1" lat="49.99993251742" lon="9.00251161007" />
  <node id="27791" visible="true" version="1" lat="49.99993251726" lon="9.00251858676" />
  <node id="27792" visible="true" version="1" lat="49.99993251711" lon="9.00252556346" />
  <node id="27793" visible="true" version="1" lat="49.99993251696" lon="9.00253254015" />
  <node id="27794" visible="true" version="1" lat="49.99993251681" lon="9.00253951685" />
  <node id="27795" visible="true" version="1" lat="49.99993251666" lon="9.00254649354" />
  <node id="27796" visible="true" version="1" lat="49.9999325165" lon="9.00255347024" />
  <node id="27797" visible="true" version="1" lat="49.99993251635" lon="9.00256044693" />
  <node id="27798" visible="true" version="1" lat="49.99993251619" lon="9.00256742363" />
  <node id="27799" visible="true" version="1" lat="49.99993251604" lon="9.00257440032" />
  <node id="27800" visible="true" version="1" lat="49.99993251588" lon="9.00258137702" />
  <node id="27801" visible="true" version="1" lat="49.99993251573" lon="9.00258835371" />
  <node id="27802" visible="true" version="1" lat="49.99993251557" lon="9.00259533041" />
  <node id="27803" visible="true" version="1" lat="49.99993251542" lon="9.0026023071" />
  <node id="27804" visible="true" version="1" lat="49.99993251526" lon="9.00260928379" />
  <node id="27805" visible="true" version="1" lat="49.9999325151" lon="9.00261626049" />
  <node id="27806" visible="true" version="1" lat="49.99993251495" lon="9.00262323718" />
  <node id="27807" visible="true" version="1" lat="49.99993251479" lon="9.00263021388" />
  <node id="27808" visible="true" version="1" lat="49.99993251463" lon="9.00263719057" />
  <node id="27809" visible="true" version="1" lat="49.99993251447" lon="9.00264416727" />
  <node id="27810" visible="true" version="1" lat="49.99993251431" lon="9.00265114396" />
  <node id="27811" visible="true" version="1" lat="49.99993251415" lon="9.00265812066" />
  <node id="27812" visible="true" version="1" lat="49.99993251399" lon="9.00266509735" />
  <node id="27813" visible="true" version="1" lat="49.99993251383" lon="9.00267207405" />
  <node id="27814" visible="true" version="1" lat="49.99993251367" lon="9.00267905074" />
  <node id="27815" visible="true" version="1" lat="49.99993251351" lon="9.00268602744" />
  <node id="27816" visible="true" version="1" lat="49.99993251335" lon="9.00269300413" />
  <node id="27817" visible="true" version="1" lat="49.99993251319" lon="9.00269998083" />
  <node id="27818" visible="true" version="1" lat="49.99993251302" lon="9.00270695752" />
  <node id="27819" visible="true" version="1" lat="49.99993251286" lon="9.00271393421" />
  <node id="27820" visible="true" version="1" lat="49.9999325127" lon="9.00272091091" />
  <node id="27821" visible="true" version="1" lat="49.99993251253" lon="9.0027278876" />
  <node id="27822" visible="true" version="1" lat="49.99993251237" lon="9.0027348643" />
  <node id="27823" visible="true" version="1" lat="49.9999325122" lon="9.00274184099" />
  <node id="27824" visible="true" version="1" lat="49.99993251204" lon="9.00274881769" />
  <node id="27825" visible="true" version="1" lat="49.99993251187" lon="9.00275579438" />
  <node id="27826" visible="true" version="1" lat="49.99993251171" lon="9.00276277108" />
  <node id="27827" visible="true" version="1" lat="49.99993251154" lon="9.00276974777" />
  <node id="27828" visible="true" version="1" lat="49.99993251137" lon="9.00277672447" />
  <node id="27829" visible="true" version="1" lat="49.99993251121" lon="9.00278370116" />
  <node id="27830" visible="true" version="1" lat="49.99993251104" lon="9.00279067786" />
  <node id="27831" visible="true" version="1" lat="49.99993251087" lon="9.00279765455" />
  <node id="27832" visible="true" version="1" lat="49.9999325107" lon="9.00280463124" />
  <node id="27833" visible="true" version="1" lat="49.99993251053" lon="9.00281160794" />
  <node id="27834" visible="true" version="1" lat="49.99993251037" lon="9.00281858463" />
  <node id="27835" visible="true" version="1" lat="49.9999325102" lon="9.00282556133" />
  <node id="27836" visible="true" version="1" lat="49.99993251003" lon="9.00283253802" />
  <node id="27837" visible="true" version="1" lat="49.99993250986" lon="9.00283951472" />
  <node id="27838" visible="true" version="1" lat="49.99993250968" lon="9.00284649141" />
  <node id="27839" visible="true" version="1" lat="49.99993250951" lon="9.00285346811" />
  <node id="27840" visible="true" version="1" lat="49.99993250934" lon="9.0028604448" />
  <node id="27841" visible="true" version="1" lat="49.99993250917" lon="9.0028674215" />
  <node id="27842" visible="true" version="1" lat="49.999932509" lon="9.00287439819" />
  <node id="27843" visible="true" version="1" lat="49.99993250882" lon="9.00288137489" />
  <node id="27844" visible="true" version="1" lat="49.99993250865" lon="9.00288835158" />
  <node id="27845" visible="true" version="1" lat="49.99993250848" lon="9.00289532827" />
  <node id="27846" visible="true" version="1" lat="49.9999325083" lon="9.00290230497" />
  <node id="27847" visible="true" version="1" lat="49.99993250813" lon="9.00290928166" />
  <node id="27848" visible="true" version="1" lat="49.99993250795" lon="9.00291625836" />
  <node id="27849" visible="true" version="1" lat="49.99993250778" lon="9.00292323505" />
  <node id="27850" visible="true" version="1" lat="49.9999325076" lon="9.00293021175" />
  <node id="27851" visible="true" version="1" lat="49.99993250742" lon="9.00293718844" />
  <node id="27852" visible="true" version="1" lat="49.99993250725" lon="9.00294416514" />
  <node id="27853" visible="true" version="1" lat="49.99993250707" lon="9.00295114183" />
  <node id="27854" visible="true" version="1" lat="49.99993250689" lon="9.00295811853" />
  <node id="27855" visible="true" version="1" lat="49.99993250671" lon="9.00296509522" />
  <node id="27856" visible="true" version="1" lat="49.99993250654" lon="9.00297207192" />
  <node id="27857" visible="true" version="1" lat="49.99993250636" lon="9.00297904861" />
  <node id="27858" visible="true" version="1" lat="49.99993250618" lon="9.0029860253" />
  <node id="27859" visible="true" version="1" lat="49.999932506" lon="9.002993002" />
  <node id="27860" visible="true" version="1" lat="49.99993250582" lon="9.00299997869" />
  <node id="27861" visible="true" version="1" lat="49.99993250564" lon="9.00300695539" />
  <node id="27862" visible="true" version="1" lat="49.99993250546" lon="9.00301393208" />
  <node id="27863" visible="true" version="1" lat="49.99993250527" lon="9.00302090878" />
  <node id="27864" visible="true" version="1" lat="49.99993250509" lon="9.00302788547" />
  <node id="27865" visible="true" version="1" lat="49.99993250491" lon="9.00303486217" />
  <node id="27866" visible="true" version="1" lat="49.99993250473" lon="9.00304183886" />
  <node id="27867" visible="true" version="1" lat="49.99993250454" lon="9.00304881556" />
  <node id="27868" visible="true" version="1" lat="49.99993250436" lon="9.00305579225" />
  <node id="27869" visible="true" version="1" lat="49.99993250418" lon="9.00306276895" />
  <node id="27870" visible="true" version="1" lat="49.99993250399" lon="9.00306974564" />
  <node id="27871" visible="true" version="1" lat="49.99993250381" lon="9.00307672234" />
  <node id="27872" visible="true" version="1" lat="49.99993250362" lon="9.00308369903" />
  <node id="27873" visible="true" version="1" lat="49.99993250344" lon="9.00309067572" />
  <node id="27874" visible="true" version="1" lat="49.99993250325" lon="9.00309765242" />
  <node id="27875" visible="true" version="1" lat="49.99993250306" lon="9.00310462911" />
  <node id="27876" visible="true" version="1" lat="49.99993250288" lon="9.00311160581" />
  <node id="27877" visible="true" version="1" lat="49.99993250269" lon="9.0031185825" />
  <node id="27878" visible="true" version="1" lat="49.9999325025" lon="9.0031255592" />
  <node id="27879" visible="true" version="1" lat="49.99993250231" lon="9.00313253589" />
  <node id="27880" visible="true" version="1" lat="49.99993250213" lon="9.00313951259" />
  <node id="27881" visible="true" version="1" lat="49.99993250194" lon="9.00314648928" />
  <node id="27882" visible="true" version="1" lat="49.99993250175" lon="9.00315346598" />
  <node id="27883" visible="true" version="1" lat="49.99993250156" lon="9.00316044267" />
  <node id="27884" visible="true" version="1" lat="49.99993250137" lon="9.00316741937" />
  <node id="27885" visible="true" version="1" lat="49.99993250118" lon="9.00317439606" />
  <node id="27886" visible="true" version="1" lat="49.99993250099" lon="9.00318137275" />
  <node id="27887" visible="true" version="1" lat="49.99993250079" lon="9.00318834945" />
  <node id="27888" visible="true" version="1" lat="49.9999325006" lon="9.00319532614" />
  <node id="27889" visible="true" version="1" lat="49.99993250041" lon="9.00320230284" />
  <node id="27890" visible="true" version="1" lat="49.99993250022" lon="9.00320927953" />
  <node id="27891" visible="true" version="1" lat="49.99993250002" lon="9.00321625623" />
  <node id="27892" visible="true" version="1" lat="49.99993249983" lon="9.00322323292" />
  <node id="27893" visible="true" version="1" lat="49.99993249964" lon="9.00323020962" />
  <node id="27894" visible="true" version="1" lat="49.99993249944" lon="9.00323718631" />
  <node id="27895" visible="true" version="1" lat="49.99993249925" lon="9.00324416301" />
  <node id="27896" visible="true" version="1" lat="49.99993249905" lon="9.0032511397" />
  <node id="27897" visible="true" version="1" lat="49.99993249886" lon="9.0032581164" />
  <node id="27898" visible="true" version="1" lat="49.99993249866" lon="9.00326509309" />
  <node id="27899" visible="true" version="1" lat="49.99993249846" lon="9.00327206978" />
  <node id="27900" visible="true" version="1" lat="49.99993249827" lon="9.00327904648" />
  <node id="27901" visible="true" version="1" lat="49.99993249807" lon="9.00328602317" />
  <node id="27902" visible="true" version="1" lat="49.99993249787" lon="9.00329299987" />
  <node id="27903" visible="true" version="1" lat="49.99993249767" lon="9.00329997656" />
  <node id="27904" visible="true" version="1" lat="49.99993249747" lon="9.00330695326" />
  <node id="27905" visible="true" version="1" lat="49.99993249728" lon="9.00331392995" />
  <node id="27906" visible="true" version="1" lat="49.99993249708" lon="9.00332090665" />
  <node id="27907" visible="true" version="1" lat="49.99993249688" lon="9.00332788334" />
  <node id="27908" visible="true" version="1" lat="49.99993249668" lon="9.00333486004" />
  <node id="27909" visible="true" version="1" lat="49.99993249648" lon="9.00334183673" />
  <node id="27910" visible="true" version="1" lat="49.99993249627" lon="9.00334881343" />
  <node id="27911" visible="true" version="1" lat="49.99993249607" lon="9.00335579012" />
  <node id="27912" visible="true" version="1" lat="49.99993249587" lon="9.00336276681" />
  <node id="27913" visible="true" version="1" lat="49.99993249567" lon="9.00336974351" />
  <node id="27914" visible="true" version="1" lat="49.99993249547" lon="9.0033767202" />
  <node id="27915" visible="true" version="1" lat="49.99993249526" lon="9.0033836969" />
  <node id="27916" visible="true" version="1" lat="49.99993249506" lon="9.00339067359" />
  <node id="27917" visible="true" version="1" lat="49.99993249485" lon="9.00339765029" />
  <node id="27918" visible="true" version="1" lat="49.99993249465" lon="9.00340462698" />
  <node id="27919" visible="true" version="1" lat="49.99993249445" lon="9.00341160368" />
  <node id="27920" visible="true" version="1" lat="49.99993249424" lon="9.00341858037" />
  <node id="27921" visible="true" version="1" lat="49.99993249403" lon="9.00342555707" />
  <node id="27922" visible="true" version="1" lat="49.99993249383" lon="9.00343253376" />
  <node id="27923" visible="true" version="1" lat="49.99993249362" lon="9.00343951046" />
  <node id="27924" visible="true" version="1" lat="49.99993249341" lon="9.00344648715" />
  <node id="27925" visible="true" version="1" lat="49.99993249321" lon="9.00345346384" />
  <node id="27926" visible="true" version="1" lat="49.999932493" lon="9.00346044054" />
  <node id="27927" visible="true" version="1" lat="49.99993249279" lon="9.00346741723" />
  <node id="27928" visible="true" version="1" lat="49.99993249258" lon="9.00347439393" />
  <node id="27929" visible="true" version="1" lat="49.99993249237" lon="9.00348137062" />
  <node id="27930" visible="true" version="1" lat="49.99993249216" lon="9.00348834732" />
  <node id="27931" visible="true" version="1" lat="49.99993249195" lon="9.00349532401" />
  <node id="27932" visible="true" version="1" lat="49.99993249174" lon="9.00350230071" />
  <node id="27933" visible="true" version="1" lat="49.99993249153" lon="9.0035092774" />
  <node id="27934" visible="true" version="1" lat="49.99993249132" lon="9.0035162541" />
  <node id="27935" visible="true" version="1" lat="49.99993249111" lon="9.00352323079" />
  <node id="27936" visible="true" version="1" lat="49.9999324909" lon="9.00353020749" />
  <node id="27937" visible="true" version="1" lat="49.99993249069" lon="9.00353718418" />
  <node id="27938" visible="true" version="1" lat="49.99993249047" lon="9.00354416087" />
  <node id="27939" visible="true" version="1" lat="49.99993249026" lon="9.00355113757" />
  <node id="27940" visible="true" version="1" lat="49.99993249005" lon="9.00355811426" />
  <node id="27941" visible="true" version="1" lat="49.99993248983" lon="9.00356509096" />
  <node id="27942" visible="true" version="1" lat="49.99993248962" lon="9.00357206765" />
  <node id="27943" visible="true" version="1" lat="49.9999324894" lon="9.00357904435" />
  <node id="27944" visible="true" version="1" lat="49.99993248919" lon="9.00358602104" />
  <node id="27945" visible="true" version="1" lat="49.99993248897" lon="9.00359299774" />
  <node id="27946" visible="true" version="1" lat="49.99993248875" lon="9.00359997443" />
  <node id="27947" visible="true" version="1" lat="49.99993248854" lon="9.00360695113" />
  <node id="27948" visible="true" version="1" lat="49.99993248832" lon="9.00361392782" />
  <node id="27949" visible="true" version="1" lat="49.9999324881" lon="9.00362090452" />
  <node id="27950" visible="true" version="1" lat="49.99993248788" lon="9.00362788121" />
  <node id="27951" visible="true" version="1" lat="49.99993248767" lon="9.00363485791" />
  <node id="27952" visible="true" version="1" lat="49.99993248745" lon="9.0036418346" />
  <node id="27953" visible="true" version="1" lat="49.99993248723" lon="9.00364881129" />
  <node id="27954" visible="true" version="1" lat="49.99993248701" lon="9.00365578799" />
  <node id="27955" visible="true" version="1" lat="49.99993248679" lon="9.00366276468" />
  <node id="27956" visible="true" version="1" lat="49.99993248657" lon="9.00366974138" />
  <node id="27957" visible="true" version="1" lat="49.99993248635" lon="9.00367671807" />
  <node id="27958" visible="true" version="1" lat="49.99993248613" lon="9.00368369477" />
  <node id="27959" visible="true" version="1" lat="49.9999324859" lon="9.00369067146" />
  <node id="27960" visible="true" version="1" lat="49.99993248568" lon="9.00369764816" />
  <node id="27961" visible="true" version="1" lat="49.99993248546" lon="9.00370462485" />
  <node id="27962" visible="true" version="1" lat="49.99993248524" lon="9.00371160155" />
  <node id="27963" visible="true" version="1" lat="49.99993248501" lon="9.00371857824" />
  <node id="27964" visible="true" version="1" lat="49.99993248479" lon="9.00372555494" />
  <node id="27965" visible="true" version="1" lat="49.99993248457" lon="9.00373253163" />
  <node id="27966" visible="true" version="1" lat="49.99993248434" lon="9.00373950832" />
  <node id="27967" visible="true" version="1" lat="49.99993248412" lon="9.00374648502" />
  <node id="27968" visible="true" version="1" lat="49.99993248389" lon="9.00375346171" />
  <node id="27969" visible="true" version="1" lat="49.99993248366" lon="9.00376043841" />
  <node id="27970" visible="true" version="1" lat="49.99993248344" lon="9.0037674151" />
  <node id="27971" visible="true" version="1" lat="49.99993248321" lon="9.0037743918" />
  <node id="27972" visible="true" version="1" lat="49.99993248298" lon="9.00378136849" />
  <node id="27973" visible="true" version="1" lat="49.99993248276" lon="9.00378834519" />
  <node id="27974" visible="true" version="1" lat="49.99993248253" lon="9.00379532188" />
  <node id="27975" visible="true" version="1" lat="49.9999324823" lon="9.00380229858" />
  <node id="27976" visible="true" version="1" lat="49.99993248207" lon="9.00380927527" />
  <node id="27977" visible="true" version="1" lat="49.99993248184" lon="9.00381625197" />
  <node id="27978" visible="true" version="1" lat="49.99993248161" lon="9.00382322866" />
  <node id="27979" visible="true" version="1" lat="49.99993248138" lon="9.00383020535" />
  <node id="27980" visible="true" version="1" lat="49.99993248115" lon="9.00383718205" />
  <node id="27981" visible="true" version="1" lat="49.99993248092" lon="9.00384415874" />
  <node id="27982" visible="true" version="1" lat="49.99993248069" lon="9.00385113544" />
  <node id="27983" visible="true" version="1" lat="49.99993248046" lon="9.00385811213" />
  <node id="27984" visible="true" version="1" lat="49.99993248023" lon="9.00386508883" />
  <node id="27985" visible="true" version="1" lat="49.99993247999" lon="9.00387206552" />
  <node id="27986" visible="true" version="1" lat="49.99993247976" lon="9.00387904222" />
  <node id="27987" visible="true" version="1" lat="49.99993247953" lon="9.00388601891" />
  <node id="27988" visible="true" version="1" lat="49.99993247929" lon="9.00389299561" />
  <node id="27989" visible="true" version="1" lat="49.99993247906" lon="9.0038999723" />
  <node id="27990" visible="true" version="1" lat="49.99993247882" lon="9.003906949" />
  <node id="27991" visible="true" version="1" lat="49.99993247859" lon="9.00391392569" />
  <node id="27992" visible="true" version="1" lat="49.99993247835" lon="9.00392090238" />
  <node id="27993" visible="true" version="1" lat="49.99993247812" lon="9.00392787908" />
  <node id="27994" visible="true" version="1" lat="49.99993247788" lon="9.00393485577" />
  <node id="27995" visible="true" version="1" lat="49.99993247764" lon="9.00394183247" />
  <node id="27996" visible="true" version="1" lat="49.99993247741" lon="9.00394880916" />
  <node id="27997" visible="true" version="1" lat="49.99993247717" lon="9.00395578586" />
  <node id="27998" visible="true" version="1" lat="49.99993247693" lon="9.00396276255" />
  <node id="27999" visible="true" version="1" lat="49.99993247669" lon="9.00396973925" />
  <node id="28000" visible="true" version="1" lat="49.99993247645" lon="9.00397671594" />
  <node id="28001" visible="true" version="1" lat="49.99993247621" lon="9.00398369264" />
  <node id="28002" visible="true" version="1" lat="49.99993247598" lon="9.00399066933" />
  <node id="28003" visible="true" version="1" lat="49.99993247573" lon="9.00399764603" />
  <node id="28004" visible="true" version="1" lat="49.99993247549" lon="9.00400462272" />
  <node id="28005" visible="true" version="1" lat="49.99993247525" lon="9.00401159941" />
  <node id="28006" visible="true" version="1" lat="49.99993247501" lon="9.00401857611" />
  <node id="28007" visible="true" version="1" lat="49.99993247477" lon="9.0040255528" />
  <node id="28008" visible="true" version="1" lat="49.99993247453" lon="9.0040325295" />
  <node id="28009" visible="true" version="1" lat="49.99993247429" lon="9.00403950619" />
  <node id="28010" visible="true" version="1" lat="49.99993247404" lon="9.00404648289" />
  <node id="28011" visible="true" version="1" lat="49.9999324738" lon="9.00405345958" />
  <node id="28012" visible="true" version="1" lat="49.99993247355" lon="9.00406043628" />
  <node id="28013" visible="true" version="1" lat="49.99993247331" lon="9.00406741297" />
  <node id="28014" visible="true" version="1" lat="49.99993247307" lon="9.00407438967" />
  <node id="28015" visible="true" version="1" lat="49.99993247282" lon="9.00408136636" />
  <node id="28016" visible="true" version="1" lat="49.99993247257" lon="9.00408834306" />
  <node id="28017" visible="true" version="1" lat="49.99993247233" lon="9.00409531975" />
  <node id="28018" visible="true" version="1" lat="49.99993247208" lon="9.00410229644" />
  <node id="28019" visible="true" version="1" lat="49.99993247184" lon="9.00410927314" />
  <node id="28020" visible="true" version="1" lat="49.99993247159" lon="9.00411624983" />
  <node id="28021" visible="true" version="1" lat="49.99993247134" lon="9.00412322653" />
  <node id="28022" visible="true" version="1" lat="49.99993247109" lon="9.00413020322" />
  <node id="28023" visible="true" version="1" lat="49.99993247084" lon="9.00413717992" />
  <node id="28024" visible="true" version="1" lat="49.99993247059" lon="9.00414415661" />
  <node id="28025" visible="true" version="1" lat="49.99993247035" lon="9.00415113331" />
  <node id="28026" visible="true" version="1" lat="49.9999324701" lon="9.00415811" />
  <node id="28027" visible="true" version="1" lat="49.99993246985" lon="9.0041650867" />
  <node id="28028" visible="true" version="1" lat="49.99993246959" lon="9.00417206339" />
  <node id="28029" visible="true" version="1" lat="49.99993246934" lon="9.00417904009" />
  <node id="28030" visible="true" version="1" lat="49.99993246909" lon="9.00418601678" />
  <node id="28031" visible="true" version="1" lat="49.99993246884" lon="9.00419299347" />
  <node id="28032" visible="true" version="1" lat="49.99993246859" lon="9.00419997017" />
  <node id="28033" visible="true" version="1" lat="49.99993246834" lon="9.00420694686" />
  <node id="28034" visible="true" version="1" lat="49.99993246808" lon="9.00421392356" />
  <node id="28035" visible="true" version="1" lat="49.99993246783" lon="9.00422090025" />
  <node id="28036" visible="true" version="1" lat="49.99993246757" lon="9.00422787695" />
  <node id="28037" visible="true" version="1" lat="49.99993246732" lon="9.00423485364" />
  <node id="28038" visible="true" version="1" lat="49.99993246707" lon="9.00424183034" />
  <node id="28039" visible="true" version="1" lat="49.99993246681" lon="9.00424880703" />
  <node id="28040" visible="true" version="1" lat="49.99993246655" lon="9.00425578373" />
  <node id="28041" visible="true" version="1" lat="49.9999324663" lon="9.00426276042" />
  <node id="28042" visible="true" version="1" lat="49.99993246604" lon="9.00426973712" />
  <node id="28043" visible="true" version="1" lat="49.99993246578" lon="9.00427671381" />
  <node id="28044" visible="true" version="1" lat="49.99993246553" lon="9.0042836905" />
  <node id="28045" visible="true" version="1" lat="49.99993246527" lon="9.0042906672" />
  <node id="28046" visible="true" version="1" lat="49.99993246501" lon="9.00429764389" />
  <node id="28047" visible="true" version="1" lat="49.99993246475" lon="9.00430462059" />
  <node id="28048" visible="true" version="1" lat="49.99993246449" lon="9.00431159728" />
  <node id="28049" visible="true" version="1" lat="49.99993246423" lon="9.00431857398" />
  <node id="28050" visible="true" version="1" lat="49.99993246397" lon="9.00432555067" />
  <node id="28051" visible="true" version="1" lat="49.99993246371" lon="9.00433252737" />
  <node id="28052" visible="true" version="1" lat="49.99993246345" lon="9.00433950406" />
  <node id="28053" visible="true" version="1" lat="49.99993246319" lon="9.00434648076" />
  <node id="28054" visible="true" version="1" lat="49.99993246293" lon="9.00435345745" />
  <node id="28055" visible="true" version="1" lat="49.99993246267" lon="9.00436043415" />
  <node id="28056" visible="true" version="1" lat="49.99993246241" lon="9.00436741084" />
  <node id="28057" visible="true" version="1" lat="49.99993246214" lon="9.00437438753" />
  <node id="28058" visible="true" version="1" lat="49.99993246188" lon="9.00438136423" />
  <node id="28059" visible="true" version="1" lat="49.99993246162" lon="9.00438834092" />
  <node id="28060" visible="true" version="1" lat="49.99993246135" lon="9.00439531762" />
  <node id="28061" visible="true" version="1" lat="49.99993246109" lon="9.00440229431" />
  <node id="28062" visible="true" version="1" lat="49.99993246082" lon="9.00440927101" />
  <node id="28063" visible="true" version="1" lat="49.99993246056" lon="9.0044162477" />
  <node id="28064" visible="true" version="1" lat="49.99993246029" lon="9.0044232244" />
  <node id="28065" visible="true" version="1" lat="49.99993246003" lon="9.00443020109" />
  <node id="28066" visible="true" version="1" lat="49.99993245976" lon="9.00443717779" />
  <node id="28067" visible="true" version="1" lat="49.99993245949" lon="9.00444415448" />
  <node id="28068" visible="true" version="1" lat="49.99993245923" lon="9.00445113117" />
  <node id="28069" visible="true" version="1" lat="49.99993245896" lon="9.00445810787" />
  <node id="28070" visible="true" version="1" lat="49.99993245869" lon="9.00446508456" />
  <node id="28071" visible="true" version="1" lat="49.99993245842" lon="9.00447206126" />
  <node id="28072" visible="true" version="1" lat="49.99993245815" lon="9.00447903795" />
  <node id="28073" visible="true" version="1" lat="49.99993245788" lon="9.00448601465" />
  <node id="28074" visible="true" version="1" lat="49.99993245761" lon="9.00449299134" />
  <node id="28075" visible="true" version="1" lat="49.99993245734" lon="9.00449996804" />
  <node id="28076" visible="true" version="1" lat="49.99993245707" lon="9.00450694473" />
  <node id="28077" visible="true" version="1" lat="49.9999324568" lon="9.00451392143" />
  <node id="28078" visible="true" version="1" lat="49.99993245653" lon="9.00452089812" />
  <node id="28079" visible="true" version="1" lat="49.99993245626" lon="9.00452787482" />
  <node id="28080" visible="true" version="1" lat="49.99993245598" lon="9.00453485151" />
  <node id="28081" visible="true" version="1" lat="49.99993245571" lon="9.0045418282" />
  <node id="28082" visible="true" version="1" lat="49.99993245544" lon="9.0045488049" />
  <node id="28083" visible="true" version="1" lat="49.99993245516" lon="9.00455578159" />
  <node id="28084" visible="true" version="1" lat="49.99993245489" lon="9.00456275829" />
  <node id="28085" visible="true" version="1" lat="49.99993245462" lon="9.00456973498" />
  <node id="28086" visible="true" version="1" lat="49.99993245434" lon="9.00457671168" />
  <node id="28087" visible="true" version="1" lat="49.99993245406" lon="9.00458368837" />
  <node id="28088" visible="true" version="1" lat="49.99993245379" lon="9.00459066507" />
  <node id="28089" visible="true" version="1" lat="49.99993245351" lon="9.00459764176" />
  <node id="28090" visible="true" version="1" lat="49.99993245324" lon="9.00460461846" />
  <node id="28091" visible="true" version="1" lat="49.99993245296" lon="9.00461159515" />
  <node id="28092" visible="true" version="1" lat="49.99993245268" lon="9.00461857185" />
  <node id="28093" visible="true" version="1" lat="49.9999324524" lon="9.00462554854" />
  <node id="28094" visible="true" version="1" lat="49.99993245213" lon="9.00463252523" />
  <node id="28095" visible="true" version="1" lat="49.99993245185" lon="9.00463950193" />
  <node id="28096" visible="true" version="1" lat="49.99993245157" lon="9.00464647862" />
  <node id="28097" visible="true" version="1" lat="49.99993245129" lon="9.00465345532" />
  <node id="28098" visible="true" version="1" lat="49.99993245101" lon="9.00466043201" />
  <node id="28099" visible="true" version="1" lat="49.99993245073" lon="9.00466740871" />
  <node id="28100" visible="true" version="1" lat="49.99993245045" lon="9.0046743854" />
  <node id="28101" visible="true" version="1" lat="49.99993245017" lon="9.0046813621" />
  <node id="28102" visible="true" version="1" lat="49.99993244988" lon="9.00468833879" />
  <node id="28103" visible="true" version="1" lat="49.9999324496" lon="9.00469531549" />
  <node id="28104" visible="true" version="1" lat="49.99993244932" lon="9.00470229218" />
  <node id="28105" visible="true" version="1" lat="49.99993244904" lon="9.00470926888" />
  <node id="28106" visible="true" version="1" lat="49.99993244875" lon="9.00471624557" />
  <node id="28107" visible="true" version="1" lat="49.99993244847" lon="9.00472322226" />
  <node id="28108" visible="true" version="1" lat="49.99993244818" lon="9.00473019896" />
  <node id="28109" visible="true" version="1" lat="49.9999324479" lon="9.00473717565" />
  <node id="28110" visible="true" version="1" lat="49.99993244762" lon="9.00474415235" />
  <node id="28111" visible="true" version="1" lat="49.99993244733" lon="9.00475112904" />
  <node id="28112" visible="true" version="1" lat="49.99993244704" lon="9.00475810574" />
  <node id="28113" visible="true" version="1" lat="49.99993244676" lon="9.00476508243" />
  <node id="28114" visible="true" version="1" lat="49.99993244647" lon="9.00477205913" />
  <node id="28115" visible="true" version="1" lat="49.99993244618" lon="9.00477903582" />
  <node id="28116" visible="true" version="1" lat="49.9999324459" lon="9.00478601252" />
  <node id="28117" visible="true" version="1" lat="49.99993244561" lon="9.00479298921" />
  <node id="28118" visible="true" version="1" lat="49.99993244532" lon="9.00479996591" />
  <node id="28119" visible="true" version="1" lat="49.99993244503" lon="9.0048069426" />
  <node id="28120" visible="true" version="1" lat="49.99993244474" lon="9.00481391929" />
  <node id="28121" visible="true" version="1" lat="49.99993244445" lon="9.00482089599" />
  <node id="28122" visible="true" version="1" lat="49.99993244416" lon="9.00482787268" />
  <node id="28123" visible="true" version="1" lat="49.99993244387" lon="9.00483484938" />
  <node id="28124" visible="true" version="1" lat="49.99993244358" lon="9.00484182607" />
  <node id="28125" visible="true" version="1" lat="49.99993244329" lon="9.00484880277" />
  <node id="28126" visible="true" version="1" lat="49.999932443" lon="9.00485577946" />
  <node id="28127" visible="true" version="1" lat="49.99993244271" lon="9.00486275616" />
  <node id="28128" visible="true" version="1" lat="49.99993244241" lon="9.00486973285" />
  <node id="28129" visible="true" version="1" lat="49.99993244212" lon="9.00487670955" />
  <node id="28130" visible="true" version="1" lat="49.99993244183" lon="9.00488368624" />
  <node id="28131" visible="true" version="1" lat="49.99993244153" lon="9.00489066294" />
  <node id="28132" visible="true" version="1" lat="49.99993244124" lon="9.00489763963" />
  <node id="28133" visible="true" version="1" lat="49.99993244094" lon="9.00490461632" />
  <node id="28134" visible="true" version="1" lat="49.99993244065" lon="9.00491159302" />
  <node id="28135" visible="true" version="1" lat="49.99993244035" lon="9.00491856971" />
  <node id="28136" visible="true" version="1" lat="49.99993244006" lon="9.00492554641" />
  <node id="28137" visible="true" version="1" lat="49.99993243976" lon="9.0049325231" />
  <node id="28138" visible="true" version="1" lat="49.99993243946" lon="9.0049394998" />
  <node id="28139" visible="true" version="1" lat="49.99993243917" lon="9.00494647649" />
  <node id="28140" visible="true" version="1" lat="49.99993243887" lon="9.00495345319" />
  <node id="28141" visible="true" version="1" lat="49.99993243857" lon="9.00496042988" />
  <node id="28142" visible="true" version="1" lat="49.99993243827" lon="9.00496740658" />
  <node id="28143" visible="true" version="1" lat="49.99993243797" lon="9.00497438327" />
  <node id="28144" visible="true" version="1" lat="49.99993243767" lon="9.00498135996" />
  <node id="28145" visible="true" version="1" lat="49.99993243737" lon="9.00498833666" />
  <node id="28146" visible="true" version="1" lat="49.99993243707" lon="9.00499531335" />
  <node id="28147" visible="true" version="1" lat="49.99993243677" lon="9.00500229005" />
  <node id="28148" visible="true" version="1" lat="49.99993243647" lon="9.00500926674" />
  <node id="28149" visible="true" version="1" lat="49.99993243617" lon="9.00501624344" />
  <node id="28150" visible="true" version="1" lat="49.99993243587" lon="9.00502322013" />
  <node id="28151" visible="true" version="1" lat="49.99993243557" lon="9.00503019683" />
  <node id="28152" visible="true" version="1" lat="49.99993243527" lon="9.00503717352" />
  <node id="28153" visible="true" version="1" lat="49.99993243496" lon="9.00504415022" />
  <node id="28154" visible="true" version="1" lat="49.99993243466" lon="9.00505112691" />
  <node id="28155" visible="true" version="1" lat="49.99993243435" lon="9.00505810361" />
  <node id="28156" visible="true" version="1" lat="49.99993243405" lon="9.0050650803" />
  <node id="28157" visible="true" version="1" lat="49.99993243375" lon="9.00507205699" />
  <node id="28158" visible="true" version="1" lat="49.99993243344" lon="9.00507903369" />
  <node id="28159" visible="true" version="1" lat="49.99993243313" lon="9.00508601038" />
  <node id="28160" visible="true" version="1" lat="49.99993243283" lon="9.00509298708" />
  <node id="28161" visible="true" version="1" lat="49.99993243252" lon="9.00509996377" />
  <node id="28162" visible="true" version="1" lat="49.99993243222" lon="9.00510694047" />
  <node id="28163" visible="true" version="1" lat="49.99993243191" lon="9.00511391716" />
  <node id="28164" visible="true" version="1" lat="49.9999324316" lon="9.00512089386" />
  <node id="28165" visible="true" version="1" lat="49.99993243129" lon="9.00512787055" />
  <node id="28166" visible="true" version="1" lat="49.99993243098" lon="9.00513484725" />
  <node id="28167" visible="true" version="1" lat="49.99993243067" lon="9.00514182394" />
  <node id="28168" visible="true" version="1" lat="49.99993243037" lon="9.00514880064" />
  <node id="28169" visible="true" version="1" lat="49.99993243006" lon="9.00515577733" />
  <node id="28170" visible="true" version="1" lat="49.99993242975" lon="9.00516275402" />
  <node id="28171" visible="true" version="1" lat="49.99993242943" lon="9.00516973072" />
  <node id="28172" visible="true" version="1" lat="49.99993242912" lon="9.00517670741" />
  <node id="28173" visible="true" version="1" lat="49.99993242881" lon="9.00518368411" />
  <node id="28174" visible="true" version="1" lat="49.9999324285" lon="9.0051906608" />
  <node id="28175" visible="true" version="1" lat="49.99993242819" lon="9.0051976375" />
  <node id="28176" visible="true" version="1" lat="49.99993242788" lon="9.00520461419" />
  <node id="28177" visible="true" version="1" lat="49.99993242756" lon="9.00521159089" />
  <node id="28178" visible="true" version="1" lat="49.99993242725" lon="9.00521856758" />
  <node id="28179" visible="true" version="1" lat="49.99993242693" lon="9.00522554428" />
  <node id="28180" visible="true" version="1" lat="49.99993242662" lon="9.00523252097" />
  <node id="28181" visible="true" version="1" lat="49.99993242631" lon="9.00523949767" />
  <node id="28182" visible="true" version="1" lat="49.99993242599" lon="9.00524647436" />
  <node id="28183" visible="true" version="1" lat="49.99993242567" lon="9.00525345105" />
  <node id="28184" visible="true" version="1" lat="49.99993242536" lon="9.00526042775" />
  <node id="28185" visible="true" version="1" lat="49.99993242504" lon="9.00526740444" />
  <node id="28186" visible="true" version="1" lat="49.99993242473" lon="9.00527438114" />
  <node id="28187" visible="true" version="1" lat="49.99993242441" lon="9.00528135783" />
  <node id="28188" visible="true" version="1" lat="49.99993242409" lon="9.00528833453" />
  <node id="28189" visible="true" version="1" lat="49.99993242377" lon="9.00529531122" />
  <node id="28190" visible="true" version="1" lat="49.99993242345" lon="9.00530228792" />
  <node id="28191" visible="true" version="1" lat="49.99993242313" lon="9.00530926461" />
  <node id="28192" visible="true" version="1" lat="49.99993242282" lon="9.00531624131" />
  <node id="28193" visible="true" version="1" lat="49.9999324225" lon="9.005323218" />
  <node id="28194" visible="true" version="1" lat="49.99993242217" lon="9.00533019469" />
  <node id="28195" visible="true" version="1" lat="49.99993242185" lon="9.00533717139" />
  <node id="28196" visible="true" version="1" lat="49.99993242153" lon="9.00534414808" />
  <node id="28197" visible="true" version="1" lat="49.99993242121" lon="9.00535112478" />
  <node id="28198" visible="true" version="1" lat="49.99993242089" lon="9.00535810147" />
  <node id="28199" visible="true" version="1" lat="49.99993242057" lon="9.00536507817" />
  <node id="28200" visible="true" version="1" lat="49.99993242024" lon="9.00537205486" />
  <node id="28201" visible="true" version="1" lat="49.99993241992" lon="9.00537903156" />
  <node id="28202" visible="true" version="1" lat="49.9999324196" lon="9.00538600825" />
  <node id="28203" visible="true" version="1" lat="49.99993241927" lon="9.00539298495" />
  <node id="28204" visible="true" version="1" lat="49.99993241895" lon="9.00539996164" />
  <node id="28205" visible="true" version="1" lat="49.99993241862" lon="9.00540693834" />
  <node id="28206" visible="true" version="1" lat="49.9999324183" lon="9.00541391503" />
  <node id="28207" visible="true" version="1" lat="49.99993241797" lon="9.00542089172" />
  <node id="28208" visible="true" version="1" lat="49.99993241765" lon="9.00542786842" />
  <node id="28209" visible="true" version="1" lat="49.99993241732" lon="9.00543484511" />
  <node id="28210" visible="true" version="1" lat="49.99993241699" lon="9.00544182181" />
  <node id="28211" visible="true" version="1" lat="49.99993241667" lon="9.0054487985" />
  <node id="28212" visible="true" version="1" lat="49.99993241634" lon="9.0054557752" />
  <node id="28213" visible="true" version="1" lat="49.99993241601" lon="9.00546275189" />
  <node id="28214" visible="true" version="1" lat="49.99993241568" lon="9.00546972859" />
  <node id="28215" visible="true" version="1" lat="49.99993241535" lon="9.00547670528" />
  <node id="28216" visible="true" version="1" lat="49.99993241502" lon="9.00548368198" />
  <node id="28217" visible="true" version="1" lat="49.99993241469" lon="9.00549065867" />
  <node id="28218" visible="true" version="1" lat="49.99993241436" lon="9.00549763537" />
  <node id="28219" visible="true" version="1" lat="49.99993241403" lon="9.00550461206" />
  <node id="28220" visible="true" version="1" lat="49.9999324137" lon="9.00551158875" />
  <node id="28221" visible="true" version="1" lat="49.99993241337" lon="9.00551856545" />
  <node id="28222" visible="true" version="1" lat="49.99993241304" lon="9.00552554214" />
  <node id="28223" visible="true" version="1" lat="49.9999324127" lon="9.00553251884" />
  <node id="28224" visible="true" version="1" lat="49.99993241237" lon="9.00553949553" />
  <node id="28225" visible="true" version="1" lat="49.99993241204" lon="9.00554647223" />
  <node id="28226" visible="true" version="1" lat="49.9999324117" lon="9.00555344892" />
  <node id="28227" visible="true" version="1" lat="49.99993241137" lon="9.00556042562" />
  <node id="28228" visible="true" version="1" lat="49.99993241104" lon="9.00556740231" />
  <node id="28229" visible="true" version="1" lat="49.9999324107" lon="9.00557437901" />
  <node id="28230" visible="true" version="1" lat="49.99993241037" lon="9.0055813557" />
  <node id="28231" visible="true" version="1" lat="49.99993241003" lon="9.00558833239" />
  <node id="28232" visible="true" version="1" lat="49.99993240969" lon="9.00559530909" />
  <node id="28233" visible="true" version="1" lat="49.99993240936" lon="9.00560228578" />
  <node id="28234" visible="true" version="1" lat="49.99993240902" lon="9.00560926248" />
  <node id="28235" visible="true" version="1" lat="49.99993240868" lon="9.00561623917" />
  <node id="28236" visible="true" version="1" lat="49.99993240834" lon="9.00562321587" />
  <node id="28237" visible="true" version="1" lat="49.99993240801" lon="9.00563019256" />
  <node id="28238" visible="true" version="1" lat="49.99993240767" lon="9.00563716926" />
  <node id="28239" visible="true" version="1" lat="49.99993240733" lon="9.00564414595" />
  <node id="28240" visible="true" version="1" lat="49.99993240699" lon="9.00565112265" />
  <node id="28241" visible="true" version="1" lat="49.99993240665" lon="9.00565809934" />
  <node id="28242" visible="true" version="1" lat="49.99993240631" lon="9.00566507604" />
  <node id="28243" visible="true" version="1" lat="49.99993240597" lon="9.00567205273" />
  <node id="28244" visible="true" version="1" lat="49.99993240563" lon="9.00567902942" />
  <node id="28245" visible="true" version="1" lat="49.99993240528" lon="9.00568600612" />
  <node id="28246" visible="true" version="1" lat="49.99993240494" lon="9.00569298281" />
  <node id="28247" visible="true" version="1" lat="49.9999324046" lon="9.00569995951" />
  <node id="28248" visible="true" version="1" lat="49.99993240426" lon="9.0057069362" />
  <node id="28249" visible="true" version="1" lat="49.99993240391" lon="9.0057139129" />
  <node id="28250" visible="true" version="1" lat="49.99993240357" lon="9.00572088959" />
  <node id="28251" visible="true" version="1" lat="49.99993240323" lon="9.00572786629" />
  <node id="28252" visible="true" version="1" lat="49.99993240288" lon="9.00573484298" />
  <node id="28253" visible="true" version="1" lat="49.99993240254" lon="9.00574181968" />
  <node id="28254" visible="true" version="1" lat="49.99993240219" lon="9.00574879637" />
  <node id="28255" visible="true" version="1" lat="49.99993240185" lon="9.00575577306" />
  <node id="28256" visible="true" version="1" lat="49.9999324015" lon="9.00576274976" />
  <node id="28257" visible="true" version="1" lat="49.99993240115" lon="9.00576972645" />
  <node id="28258" visible="true" version="1" lat="49.99993240081" lon="9.00577670315" />
  <node id="28259" visible="true" version="1" lat="49.99993240046" lon="9.00578367984" />
  <node id="28260" visible="true" version="1" lat="49.99993240011" lon="9.00579065654" />
  <node id="28261" visible="true" version="1" lat="49.99993239976" lon="9.00579763323" />
  <node id="28262" visible="true" version="1" lat="49.99993239941" lon="9.00580460993" />
  <node id="28263" visible="true" version="1" lat="49.99993239906" lon="9.00581158662" />
  <node id="28264" visible="true" version="1" lat="49.99993239871" lon="9.00581856332" />
  <node id="28265" visible="true" version="1" lat="49.99993239836" lon="9.00582554001" />
  <node id="28266" visible="true" version="1" lat="49.99993239801" lon="9.00583251671" />
  <node id="28267" visible="true" version="1" lat="49.99993239766" lon="9.0058394934" />
  <node id="28268" visible="true" version="1" lat="49.99993239731" lon="9.00584647009" />
  <node id="28269" visible="true" version="1" lat="49.99993239696" lon="9.00585344679" />
  <node id="28270" visible="true" version="1" lat="49.99993239661" lon="9.00586042348" />
  <node id="28271" visible="true" version="1" lat="49.99993239625" lon="9.00586740018" />
  <node id="28272" visible="true" version="1" lat="49.9999323959" lon="9.00587437687" />
  <node id="28273" visible="true" version="1" lat="49.99993239555" lon="9.00588135357" />
  <node id="28274" visible="true" version="1" lat="49.99993239519" lon="9.00588833026" />
  <node id="28275" visible="true" version="1" lat="49.99993239484" lon="9.00589530696" />
  <node id="28276" visible="true" version="1" lat="49.99993239449" lon="9.00590228365" />
  <node id="28277" visible="true" version="1" lat="49.99993239413" lon="9.00590926035" />
  <node id="28278" visible="true" version="1" lat="49.99993239377" lon="9.00591623704" />
  <node id="28279" visible="true" version="1" lat="49.99993239342" lon="9.00592321373" />
  <node id="28280" visible="true" version="1" lat="49.99993239306" lon="9.00593019043" />
  <node id="28281" visible="true" version="1" lat="49.99993239271" lon="9.00593716712" />
  <node id="28282" visible="true" version="1" lat="49.99993239235" lon="9.00594414382" />
  <node id="28283" visible="true" version="1" lat="49.99993239199" lon="9.00595112051" />
  <node id="28284" visible="true" version="1" lat="49.99993239163" lon="9.00595809721" />
  <node id="28285" visible="true" version="1" lat="49.99993239127" lon="9.0059650739" />
  <node id="28286" visible="true" version="1" lat="49.99993239092" lon="9.0059720506" />
  <node id="28287" visible="true" version="1" lat="49.99993239056" lon="9.00597902729" />
  <node id="28288" visible="true" version="1" lat="49.9999323902" lon="9.00598600399" />
  <node id="28289" visible="true" version="1" lat="49.99993238984" lon="9.00599298068" />
  <node id="28290" visible="true" version="1" lat="49.99993238948" lon="9.00599995738" />
  <node id="28291" visible="true" version="1" lat="49.99993238912" lon="9.00600693407" />
  <node id="28292" visible="true" version="1" lat="49.99993238875" lon="9.00601391076" />
  <node id="28293" visible="true" version="1" lat="49.99993238839" lon="9.00602088746" />
  <node id="28294" visible="true" version="1" lat="49.99993238803" lon="9.00602786415" />
  <node id="28295" visible="true" version="1" lat="49.99993238767" lon="9.00603484085" />
  <node id="28296" visible="true" version="1" lat="49.9999323873" lon="9.00604181754" />
  <node id="28297" visible="true" version="1" lat="49.99993238694" lon="9.00604879424" />
  <node id="28298" visible="true" version="1" lat="49.99993238658" lon="9.00605577093" />
  <node id="28299" visible="true" version="1" lat="49.99993238621" lon="9.00606274763" />
  <node id="28300" visible="true" version="1" lat="49.99993238585" lon="9.00606972432" />
  <node id="28301" visible="true" version="1" lat="49.99993238548" lon="9.00607670102" />
  <node id="28302" visible="true" version="1" lat="49.99993238512" lon="9.00608367771" />
  <node id="28303" visible="true" version="1" lat="49.99993238475" lon="9.0060906544" />
  <node id="28304" visible="true" version="1" lat="49.99993238438" lon="9.0060976311" />
  <node id="28305" visible="true" version="1" lat="49.99993238402" lon="9.00610460779" />
  <node id="28306" visible="true" version="1" lat="49.99993238365" lon="9.00611158449" />
  <node id="28307" visible="true" version="1" lat="49.99993238328" lon="9.00611856118" />
  <node id="28308" visible="true" version="1" lat="49.99993238291" lon="9.00612553788" />
  <node id="28309" visible="true" version="1" lat="49.99993238255" lon="9.00613251457" />
  <node id="28310" visible="true" version="1" lat="49.99993238218" lon="9.00613949127" />
  <node id="28311" visible="true" version="1" lat="49.99993238181" lon="9.00614646796" />
  <node id="28312" visible="true" version="1" lat="49.99993238144" lon="9.00615344466" />
  <node id="28313" visible="true" version="1" lat="49.99993238107" lon="9.00616042135" />
  <node id="28314" visible="true" version="1" lat="49.9999323807" lon="9.00616739805" />
  <node id="28315" visible="true" version="1" lat="49.99993238033" lon="9.00617437474" />
  <node id="28316" visible="true" version="1" lat="49.99993237995" lon="9.00618135143" />
  <node id="28317" visible="true" version="1" lat="49.99993237958" lon="9.00618832813" />
  <node id="28318" visible="true" version="1" lat="49.99993237921" lon="9.00619530482" />
  <node id="28319" visible="true" version="1" lat="49.99993237884" lon="9.00620228152" />
  <node id="28320" visible="true" version="1" lat="49.99993237846" lon="9.00620925821" />
  <node id="28321" visible="true" version="1" lat="49.99993237809" lon="9.00621623491" />
  <node id="28322" visible="true" version="1" lat="49.99993237772" lon="9.0062232116" />
  <node id="28323" visible="true" version="1" lat="49.99993237734" lon="9.0062301883" />
  <node id="28324" visible="true" version="1" lat="49.99993237697" lon="9.00623716499" />
  <node id="28325" visible="true" version="1" lat="49.99993237659" lon="9.00624414169" />
  <node id="28326" visible="true" version="1" lat="49.99993237622" lon="9.00625111838" />
  <node id="28327" visible="true" version="1" lat="49.99993237584" lon="9.00625809507" />
  <node id="28328" visible="true" version="1" lat="49.99993237546" lon="9.00626507177" />
  <node id="28329" visible="true" version="1" lat="49.99993237509" lon="9.00627204846" />
  <node id="28330" visible="true" version="1" lat="49.99993237471" lon="9.00627902516" />
  <node id="28331" visible="true" version="1" lat="49.99993237433" lon="9.00628600185" />
  <node id="28332" visible="true" version="1" lat="49.99993237395" lon="9.00629297855" />
  <node id="28333" visible="true" version="1" lat="49.99993237358" lon="9.00629995524" />
  <node id="28334" visible="true" version="1" lat="49.9999323732" lon="9.00630693194" />
  <node id="28335" visible="true" version="1" lat="49.99993237282" lon="9.00631390863" />
  <node id="28336" visible="true" version="1" lat="49.99993237244" lon="9.00632088533" />
  <node id="28337" visible="true" version="1" lat="49.99993237206" lon="9.00632786202" />
  <node id="28338" visible="true" version="1" lat="49.99993237168" lon="9.00633483872" />
  <node id="28339" visible="true" version="1" lat="49.9999323713" lon="9.00634181541" />
  <node id="28340" visible="true" version="1" lat="49.99993237091" lon="9.0063487921" />
  <node id="28341" visible="true" version="1" lat="49.99993237053" lon="9.0063557688" />
  <node id="28342" visible="true" version="1" lat="49.99993237015" lon="9.00636274549" />
  <node id="28343" visible="true" version="1" lat="49.99993236977" lon="9.00636972219" />
  <node id="28344" visible="true" version="1" lat="49.99993236938" lon="9.00637669888" />
  <node id="28345" visible="true" version="1" lat="49.999932369" lon="9.00638367558" />
  <node id="28346" visible="true" version="1" lat="49.99993236862" lon="9.00639065227" />
  <node id="28347" visible="true" version="1" lat="49.99993236823" lon="9.00639762897" />
  <node id="28348" visible="true" version="1" lat="49.99993236785" lon="9.00640460566" />
  <node id="28349" visible="true" version="1" lat="49.99993236746" lon="9.00641158236" />
  <node id="28350" visible="true" version="1" lat="49.99993236708" lon="9.00641855905" />
  <node id="28351" visible="true" version="1" lat="49.99993236669" lon="9.00642553574" />
  <node id="28352" visible="true" version="1" lat="49.9999323663" lon="9.00643251244" />
  <node id="28353" visible="true" version="1" lat="49.99993236592" lon="9.00643948913" />
  <node id="28354" visible="true" version="1" lat="49.99993236553" lon="9.00644646583" />
  <node id="28355" visible="true" version="1" lat="49.99993236514" lon="9.00645344252" />
  <node id="28356" visible="true" version="1" lat="49.99993236475" lon="9.00646041922" />
  <node id="28357" visible="true" version="1" lat="49.99993236436" lon="9.00646739591" />
  <node id="28358" visible="true" version="1" lat="49.99993236398" lon="9.00647437261" />
  <node id="28359" visible="true" version="1" lat="49.99993236359" lon="9.0064813493" />
  <node id="28360" visible="true" version="1" lat="49.9999323632" lon="9.006488326" />
  <node id="28361" visible="true" version="1" lat="49.99993236281" lon="9.00649530269" />
  <node id="28362" visible="true" version="1" lat="49.99993236241" lon="9.00650227938" />
  <node id="28363" visible="true" version="1" lat="49.99993236202" lon="9.00650925608" />
  <node id="28364" visible="true" version="1" lat="49.99993236163" lon="9.00651623277" />
  <node id="28365" visible="true" version="1" lat="49.99993236124" lon="9.00652320947" />
  <node id="28366" visible="true" version="1" lat="49.99993236085" lon="9.00653018616" />
  <node id="28367" visible="true" version="1" lat="49.99993236045" lon="9.00653716286" />
  <node id="28368" visible="true" version="1" lat="49.99993236006" lon="9.00654413955" />
  <node id="28369" visible="true" version="1" lat="49.99993235967" lon="9.00655111625" />
  <node id="28370" visible="true" version="1" lat="49.99993235927" lon="9.00655809294" />
  <node id="28371" visible="true" version="1" lat="49.99993235888" lon="9.00656506964" />
  <node id="28372" visible="true" version="1" lat="49.99993235848" lon="9.00657204633" />
  <node id="28373" visible="true" version="1" lat="49.99993235809" lon="9.00657902303" />
  <node id="28374" visible="true" version="1" lat="49.99993235769" lon="9.00658599972" />
  <node id="28375" visible="true" version="1" lat="49.9999323573" lon="9.00659297641" />
  <node id="28376" visible="true" version="1" lat="49.9999323569" lon="9.00659995311" />
  <node id="28377" visible="true" version="1" lat="49.9999323565" lon="9.0066069298" />
  <node id="28378" visible="true" version="1" lat="49.99993235611" lon="9.0066139065" />
  <node id="28379" visible="true" version="1" lat="49.99993235571" lon="9.00662088319" />
  <node id="28380" visible="true" version="1" lat="49.99993235531" lon="9.00662785989" />
  <node id="28381" visible="true" version="1" lat="49.99993235491" lon="9.00663483658" />
  <node id="28382" visible="true" version="1" lat="49.99993235451" lon="9.00664181328" />
  <node id="28383" visible="true" version="1" lat="49.99993235411" lon="9.00664878997" />
  <node id="28384" visible="true" version="1" lat="49.99993235371" lon="9.00665576667" />
  <node id="28385" visible="true" version="1" lat="49.99993235331" lon="9.00666274336" />
  <node id="28386" visible="true" version="1" lat="49.99993235291" lon="9.00666972005" />
  <node id="28387" visible="true" version="1" lat="49.99993235251" lon="9.00667669675" />
  <node id="28388" visible="true" version="1" lat="49.99993235211" lon="9.00668367344" />
  <node id="28389" visible="true" version="1" lat="49.99993235171" lon="9.00669065014" />
  <node id="28390" visible="true" version="1" lat="49.9999323513" lon="9.00669762683" />
  <node id="28391" visible="true" version="1" lat="49.9999323509" lon="9.00670460353" />
  <node id="28392" visible="true" version="1" lat="49.9999323505" lon="9.00671158022" />
  <node id="28393" visible="true" version="1" lat="49.99993235009" lon="9.00671855692" />
  <node id="28394" visible="true" version="1" lat="49.99993234969" lon="9.00672553361" />
  <node id="28395" visible="true" version="1" lat="49.99993234929" lon="9.00673251031" />
  <node id="28396" visible="true" version="1" lat="49.99993234888" lon="9.006739487" />
  <node id="28397" visible="true" version="1" lat="49.99993234847" lon="9.00674646369" />
  <node id="28398" visible="true" version="1" lat="49.99993234807" lon="9.00675344039" />
  <node id="28399" visible="true" version="1" lat="49.99993234766" lon="9.00676041708" />
  <node id="28400" visible="true" version="1" lat="49.99993234726" lon="9.00676739378" />
  <node id="28401" visible="true" version="1" lat="49.99993234685" lon="9.00677437047" />
  <node id="28402" visible="true" version="1" lat="49.99993234644" lon="9.00678134717" />
  <node id="28403" visible="true" version="1" lat="49.99993234603" lon="9.00678832386" />
  <node id="28404" visible="true" version="1" lat="49.99993234562" lon="9.00679530056" />
  <node id="28405" visible="true" version="1" lat="49.99993234522" lon="9.00680227725" />
  <node id="28406" visible="true" version="1" lat="49.99993234481" lon="9.00680925395" />
  <node id="28407" visible="true" version="1" lat="49.9999323444" lon="9.00681623064" />
  <node id="28408" visible="true" version="1" lat="49.99993234399" lon="9.00682320734" />
  <node id="28409" visible="true" version="1" lat="49.99993234358" lon="9.00683018403" />
  <node id="28410" visible="true" version="1" lat="49.99993234317" lon="9.00683716072" />
  <node id="28411" visible="true" version="1" lat="49.99993234275" lon="9.00684413742" />
  <node id="28412" visible="true" version="1" lat="49.99993234234" lon="9.00685111411" />
  <node id="28413" visible="true" version="1" lat="49.99993234193" lon="9.00685809081" />
  <node id="28414" visible="true" version="1" lat="49.99993234152" lon="9.0068650675" />
  <node id="28415" visible="true" version="1" lat="49.99993234111" lon="9.0068720442" />
  <node id="28416" visible="true" version="1" lat="49.99993234069" lon="9.00687902089" />
  <node id="28417" visible="true" version="1" lat="49.99993234028" lon="9.00688599759" />
  <node id="28418" visible="true" version="1" lat="49.99993233986" lon="9.00689297428" />
  <node id="28419" visible="true" version="1" lat="49.99993233945" lon="9.00689995098" />
  <node id="28420" visible="true" version="1" lat="49.99993233903" lon="9.00690692767" />
  <node id="28421" visible="true" version="1" lat="49.99993233862" lon="9.00691390436" />
  <node id="28422" visible="true" version="1" lat="49.9999323382" lon="9.00692088106" />
  <node id="28423" visible="true" version="1" lat="49.99993233779" lon="9.00692785775" />
  <node id="28424" visible="true" version="1" lat="49.99993233737" lon="9.00693483445" />
  <node id="28425" visible="true" version="1" lat="49.99993233695" lon="9.00694181114" />
  <node id="28426" visible="true" version="1" lat="49.99993233653" lon="9.00694878784" />
  <node id="28427" visible="true" version="1" lat="49.99993233612" lon="9.00695576453" />
  <node id="28428" visible="true" version="1" lat="49.9999323357" lon="9.00696274123" />
  <node id="28429" visible="true" version="1" lat="49.99993233528" lon="9.00696971792" />
  <node id="28430" visible="true" version="1" lat="49.99993233486" lon="9.00697669462" />
  <node id="28432" visible="true" version="1" lat="49.99994940845" lon="9" />
  <node id="28433" visible="true" version="1" lat="49.99994940845" lon="9.0000069767" />
  <node id="28434" visible="true" version="1" lat="49.99994940845" lon="9.00001395339" />
  <node id="28435" visible="true" version="1" lat="49.99994940845" lon="9.00002093009" />
  <node id="28436" visible="true" version="1" lat="49.99994940845" lon="9.00002790679" />
  <node id="28437" visible="true" version="1" lat="49.99994940844" lon="9.00003488349" />
  <node id="28438" visible="true" version="1" lat="49.99994940844" lon="9.00004186018" />
  <node id="28439" visible="true" version="1" lat="49.99994940844" lon="9.00004883688" />
  <node id="28440" visible="true" version="1" lat="49.99994940844" lon="9.00005581358" />
  <node id="28441" visible="true" version="1" lat="49.99994940843" lon="9.00006279027" />
  <node id="28442" visible="true" version="1" lat="49.99994940843" lon="9.00006976697" />
  <node id="28443" visible="true" version="1" lat="49.99994940842" lon="9.00007674367" />
  <node id="28444" visible="true" version="1" lat="49.99994940842" lon="9.00008372036" />
  <node id="28445" visible="true" version="1" lat="49.99994940841" lon="9.00009069706" />
  <node id="28446" visible="true" version="1" lat="49.99994940841" lon="9.00009767376" />
  <node id="28447" visible="true" version="1" lat="49.9999494084" lon="9.00010465046" />
  <node id="28448" visible="true" version="1" lat="49.99994940839" lon="9.00011162715" />
  <node id="28449" visible="true" version="1" lat="49.99994940839" lon="9.00011860385" />
  <node id="28450" visible="true" version="1" lat="49.99994940838" lon="9.00012558055" />
  <node id="28451" visible="true" version="1" lat="49.99994940837" lon="9.00013255724" />
  <node id="28452" visible="true" version="1" lat="49.99994940836" lon="9.00013953394" />
  <node id="28453" visible="true" version="1" lat="49.99994940836" lon="9.00014651064" />
  <node id="28454" visible="true" version="1" lat="49.99994940835" lon="9.00015348734" />
  <node id="28455" visible="true" version="1" lat="49.99994940834" lon="9.00016046403" />
  <node id="28456" visible="true" version="1" lat="49.99994940833" lon="9.00016744073" />
  <node id="28457" visible="true" version="1" lat="49.99994940832" lon="9.00017441743" />
  <node id="28458" visible="true" version="1" lat="49.99994940831" lon="9.00018139412" />
  <node id="28459" visible="true" version="1" lat="49.9999494083" lon="9.00018837082" />
  <node id="28460" visible="true" version="1" lat="49.99994940828" lon="9.00019534752" />
  <node id="28461" visible="true" version="1" lat="49.99994940827" lon="9.00020232422" />
  <node id="28462" visible="true" version="1" lat="49.99994940826" lon="9.00020930091" />
  <node id="28463" visible="true" version="1" lat="49.99994940825" lon="9.00021627761" />
  <node id="28464" visible="true" version="1" lat="49.99994940823" lon="9.00022325431" />
  <node id="28465" visible="true" version="1" lat="49.99994940822" lon="9.000230231" />
  <node id="28466" visible="true" version="1" lat="49.99994940821" lon="9.0002372077" />
  <node id="28467" visible="true" version="1" lat="49.99994940819" lon="9.0002441844" />
  <node id="28468" visible="true" version="1" lat="49.99994940818" lon="9.00025116109" />
  <node id="28469" visible="true" version="1" lat="49.99994940816" lon="9.00025813779" />
  <node id="28470" visible="true" version="1" lat="49.99994940815" lon="9.00026511449" />
  <node id="28471" visible="true" version="1" lat="49.99994940813" lon="9.00027209119" />
  <node id="28472" visible="true" version="1" lat="49.99994940811" lon="9.00027906788" />
  <node id="28473" visible="true" version="1" lat="49.9999494081" lon="9.00028604458" />
  <node id="28474" visible="true" version="1" lat="49.99994940808" lon="9.00029302128" />
  <node id="28475" visible="true" version="1" lat="49.99994940806" lon="9.00029999797" />
  <node id="28476" visible="true" version="1" lat="49.99994940804" lon="9.00030697467" />
  <node id="28477" visible="true" version="1" lat="49.99994940802" lon="9.00031395137" />
  <node id="28478" visible="true" version="1" lat="49.999949408" lon="9.00032092807" />
  <node id="28479" visible="true" version="1" lat="49.99994940799" lon="9.00032790476" />
  <node id="28480" visible="true" version="1" lat="49.99994940797" lon="9.00033488146" />
  <node id="28481" visible="true" version="1" lat="49.99994940794" lon="9.00034185816" />
  <node id="28482" visible="true" version="1" lat="49.99994940792" lon="9.00034883485" />
  <node id="28483" visible="true" version="1" lat="49.9999494079" lon="9.00035581155" />
  <node id="28484" visible="true" version="1" lat="49.99994940788" lon="9.00036278825" />
  <node id="28485" visible="true" version="1" lat="49.99994940786" lon="9.00036976495" />
  <node id="28486" visible="true" version="1" lat="49.99994940784" lon="9.00037674164" />
  <node id="28487" visible="true" version="1" lat="49.99994940781" lon="9.00038371834" />
  <node id="28488" visible="true" version="1" lat="49.99994940779" lon="9.00039069504" />
  <node id="28489" visible="true" version="1" lat="49.99994940777" lon="9.00039767173" />
  <node id="28490" visible="true" version="1" lat="49.99994940774" lon="9.00040464843" />
  <node id="28491" visible="true" version="1" lat="49.99994940772" lon="9.00041162513" />
  <node id="28492" visible="true" version="1" lat="49.99994940769" lon="9.00041860182" />
  <node id="28493" visible="true" version="1" lat="49.99994940767" lon="9.00042557852" />
  <node id="28494" visible="true" version="1" lat="49.99994940764" lon="9.00043255522" />
  <node id="28495" visible="true" version="1" lat="49.99994940762" lon="9.00043953192" />
  <node id="28496" visible="true" version="1" lat="49.99994940759" lon="9.00044650861" />
  <node id="28497" visible="true" version="1" lat="49.99994940756" lon="9.00045348531" />
  <node id="28498" visible="true" version="1" lat="49.99994940753" lon="9.00046046201" />
  <node id="28499" visible="true" version="1" lat="49.99994940751" lon="9.0004674387" />
  <node id="28500" visible="true" version="1" lat="49.99994940748" lon="9.0004744154" />
  <node id="28501" visible="true" version="1" lat="49.99994940745" lon="9.0004813921" />
  <node id="28502" visible="true" version="1" lat="49.99994940742" lon="9.0004883688" />
  <node id="28503" visible="true" version="1" lat="49.99994940739" lon="9.00049534549" />
  <node id="28504" visible="true" version="1" lat="49.99994940736" lon="9.00050232219" />
  <node id="28505" visible="true" version="1" lat="49.99994940733" lon="9.00050929889" />
  <node id="28506" visible="true" version="1" lat="49.9999494073" lon="9.00051627558" />
  <node id="28507" visible="true" version="1" lat="49.99994940727" lon="9.00052325228" />
  <node id="28508" visible="true" version="1" lat="49.99994940724" lon="9.00053022898" />
  <node id="28509" visible="true" version="1" lat="49.9999494072" lon="9.00053720568" />
  <node id="28510" visible="true" version="1" lat="49.99994940717" lon="9.00054418237" />
  <node id="28511" visible="true" version="1" lat="49.99994940714" lon="9.00055115907" />
  <node id="28512" visible="true" version="1" lat="49.99994940711" lon="9.00055813577" />
  <node id="28513" visible="true" version="1" lat="49.99994940707" lon="9.00056511246" />
  <node id="28514" visible="true" version="1" lat="49.99994940704" lon="9.00057208916" />
  <node id="28515" visible="true" version="1" lat="49.999949407" lon="9.00057906586" />
  <node id="28516" visible="true" version="1" lat="49.99994940697" lon="9.00058604255" />
  <node id="28517" visible="true" version="1" lat="49.99994940693" lon="9.00059301925" />
  <node id="28518" visible="true" version="1" lat="49.9999494069" lon="9.00059999595" />
  <node id="28519" visible="true" version="1" lat="49.99994940686" lon="9.00060697265" />
  <node id="28520" visible="true" version="1" lat="49.99994940682" lon="9.00061394934" />
  <node id="28521" visible="true" version="1" lat="49.99994940679" lon="9.00062092604" />
  <node id="28522" visible="true" version="1" lat="49.99994940675" lon="9.00062790274" />
  <node id="28523" visible="true" version="1" lat="49.99994940671" lon="9.00063487943" />
  <node id="28524" visible="true" version="1" lat="49.99994940667" lon="9.00064185613" />
  <node id="28525" visible="true" version="1" lat="49.99994940663" lon="9.00064883283" />
  <node id="28526" visible="true" version="1" lat="49.9999494066" lon="9.00065580953" />
  <node id="28527" visible="true" version="1" lat="49.99994940656" lon="9.00066278622" />
  <node id="28528" visible="true" version="1" lat="49.99994940652" lon="9.00066976292" />
  <node id="28529" visible="true" version="1" lat="49.99994940648" lon="9.00067673962" />
  <node id="28530" visible="true" version="1" lat="49.99994940643" lon="9.00068371631" />
  <node id="28531" visible="true" version="1" lat="49.99994940639" lon="9.00069069301" />
  <node id="28532" visible="true" version="1" lat="49.99994940635" lon="9.00069766971" />
  <node id="28533" visible="true" version="1" lat="49.99994940631" lon="9.00070464641" />
  <node id="28534" visible="true" version="1" lat="49.99994940627" lon="9.0007116231" />
  <node id="28535" visible="true" version="1" lat="49.99994940622" lon="9.0007185998" />
  <node id="28536" visible="true" version="1" lat="49.99994940618" lon="9.0007255765" />
  <node id="28537" visible="true" version="1" lat="49.99994940614" lon="9.00073255319" />
  <node id="28538" visible="true" version="1" lat="49.99994940609" lon="9.00073952989" />
  <node id="28539" visible="true" version="1" lat="49.99994940605" lon="9.00074650659" />
  <node id="28540" visible="true" version="1" lat="49.999949406" lon="9.00075348328" />
  <node id="28541" visible="true" version="1" lat="49.99994940596" lon="9.00076045998" />
  <node id="28542" visible="true" version="1" lat="49.99994940591" lon="9.00076743668" />
  <node id="28543" visible="true" version="1" lat="49.99994940586" lon="9.00077441338" />
  <node id="28544" visible="true" version="1" lat="49.99994940582" lon="9.00078139007" />
  <node id="28545" visible="true" version="1" lat="49.99994940577" lon="9.00078836677" />
  <node id="28546" visible="true" version="1" lat="49.99994940572" lon="9.00079534347" />
  <node id="28547" visible="true" version="1" lat="49.99994940567" lon="9.00080232016" />
  <node id="28548" visible="true" version="1" lat="49.99994940563" lon="9.00080929686" />
  <node id="28549" visible="true" version="1" lat="49.99994940558" lon="9.00081627356" />
  <node id="28550" visible="true" version="1" lat="49.99994940553" lon="9.00082325026" />
  <node id="28551" visible="true" version="1" lat="49.99994940548" lon="9.00083022695" />
  <node id="28552" visible="true" version="1" lat="49.99994940543" lon="9.00083720365" />
  <node id="28553" visible="true" version="1" lat="49.99994940538" lon="9.00084418035" />
  <node id="28554" visible="true" version="1" lat="49.99994940533" lon="9.00085115704" />
  <node id="28555" visible="true" version="1" lat="49.99994940528" lon="9.00085813374" />
  <node id="28556" visible="true" version="1" lat="49.99994940522" lon="9.00086511044" />
  <node id="28557" visible="true" version="1" lat="49.99994940517" lon="9.00087208714" />
  <node id="28558" visible="true" version="1" lat="49.99994940512" lon="9.00087906383" />
  <node id="28559" visible="true" version="1" lat="49.99994940507" lon="9.00088604053" />
  <node id="28560" visible="true" version="1" lat="49.99994940501" lon="9.00089301723" />
  <node id="28561" visible="true" version="1" lat="49.99994940496" lon="9.00089999392" />
  <node id="28562" visible="true" version="1" lat="49.9999494049" lon="9.00090697062" />
  <node id="28563" visible="true" version="1" lat="49.99994940485" lon="9.00091394732" />
  <node id="28564" visible="true" version="1" lat="49.99994940479" lon="9.00092092401" />
  <node id="28565" visible="true" version="1" lat="49.99994940474" lon="9.00092790071" />
  <node id="28566" visible="true" version="1" lat="49.99994940468" lon="9.00093487741" />
  <node id="28567" visible="true" version="1" lat="49.99994940463" lon="9.00094185411" />
  <node id="28568" visible="true" version="1" lat="49.99994940457" lon="9.0009488308" />
  <node id="28569" visible="true" version="1" lat="49.99994940451" lon="9.0009558075" />
  <node id="28570" visible="true" version="1" lat="49.99994940445" lon="9.0009627842" />
  <node id="28571" visible="true" version="1" lat="49.9999494044" lon="9.00096976089" />
  <node id="28572" visible="true" version="1" lat="49.99994940434" lon="9.00097673759" />
  <node id="28573" visible="true" version="1" lat="49.99994940428" lon="9.00098371429" />
  <node id="28574" visible="true" version="1" lat="49.99994940422" lon="9.00099069099" />
  <node id="28575" visible="true" version="1" lat="49.99994940416" lon="9.00099766768" />
  <node id="28576" visible="true" version="1" lat="49.9999494041" lon="9.00100464438" />
  <node id="28577" visible="true" version="1" lat="49.99994940404" lon="9.00101162108" />
  <node id="28578" visible="true" version="1" lat="49.99994940398" lon="9.00101859777" />
  <node id="28579" visible="true" version="1" lat="49.99994940392" lon="9.00102557447" />
  <node id="28580" visible="true" version="1" lat="49.99994940385" lon="9.00103255117" />
  <node id="28581" visible="true" version="1" lat="49.99994940379" lon="9.00103952787" />
  <node id="28582" visible="true" version="1" lat="49.99994940373" lon="9.00104650456" />
  <node id="28583" visible="true" version="1" lat="49.99994940367" lon="9.00105348126" />
  <node id="28584" visible="true" version="1" lat="49.9999494036" lon="9.00106045796" />
  <node id="28585" visible="true" version="1" lat="49.99994940354" lon="9.00106743465" />
  <node id="28586" visible="true" version="1" lat="49.99994940347" lon="9.00107441135" />
  <node id="28587" visible="true" version="1" lat="49.99994940341" lon="9.00108138805" />
  <node id="28588" visible="true" version="1" lat="49.99994940334" lon="9.00108836474" />
  <node id="28589" visible="true" version="1" lat="49.99994940328" lon="9.00109534144" />
  <node id="28590" visible="true" version="1" lat="49.99994940321" lon="9.00110231814" />
  <node id="28591" visible="true" version="1" lat="49.99994940315" lon="9.00110929484" />
  <node id="28592" visible="true" version="1" lat="49.99994940308" lon="9.00111627153" />
  <node id="28593" visible="true" version="1" lat="49.99994940301" lon="9.00112324823" />
  <node id="28594" visible="true" version="1" lat="49.99994940294" lon="9.00113022493" />
  <node id="28595" visible="true" version="1" lat="49.99994940288" lon="9.00113720162" />
  <node id="28596" visible="true" version="1" lat="49.99994940281" lon="9.00114417832" />
  <node id="28597" visible="true" version="1" lat="49.99994940274" lon="9.00115115502" />
  <node id="28598" visible="true" version="1" lat="49.99994940267" lon="9.00115813172" />
  <node id="28599" visible="true" version="1" lat="49.9999494026" lon="9.00116510841" />
  <node id="28600" visible="true" version="1" lat="49.99994940253" lon="9.00117208511" />
  <node id="28601" visible="true" version="1" lat="49.99994940246" lon="9.00117906181" />
  <node id="28602" visible="true" version="1" lat="49.99994940239" lon="9.0011860385" />
  <node id="28603" visible="true" version="1" lat="49.99994940232" lon="9.0011930152" />
  <node id="28604" visible="true" version="1" lat="49.99994940224" lon="9.0011999919" />
  <node id="28605" visible="true" version="1" lat="49.99994940217" lon="9.0012069686" />
  <node id="28606" visible="true" version="1" lat="49.9999494021" lon="9.00121394529" />
  <node id="28607" visible="true" version="1" lat="49.99994940203" lon="9.00122092199" />
  <node id="28608" visible="true" version="1" lat="49.99994940195" lon="9.00122789869" />
  <node id="28609" visible="true" version="1" lat="49.99994940188" lon="9.00123487538" />
  <node id="28610" visible="true" version="1" lat="49.9999494018" lon="9.00124185208" />
  <node id="28611" visible="true" version="1" lat="49.99994940173" lon="9.00124882878" />
  <node id="28612" visible="true" version="1" lat="49.99994940165" lon="9.00125580547" />
  <node id="28613" visible="true" version="1" lat="49.99994940158" lon="9.00126278217" />
  <node id="28614" visible="true" version="1" lat="49.9999494015" lon="9.00126975887" />
  <node id="28615" visible="true" version="1" lat="49.99994940142" lon="9.00127673557" />
  <node id="28616" visible="true" version="1" lat="49.99994940135" lon="9.00128371226" />
  <node id="28617" visible="true" version="1" lat="49.99994940127" lon="9.00129068896" />
  <node id="28618" visible="true" version="1" lat="49.99994940119" lon="9.00129766566" />
  <node id="28619" visible="true" version="1" lat="49.99994940111" lon="9.00130464235" />
  <node id="28620" visible="true" version="1" lat="49.99994940104" lon="9.00131161905" />
  <node id="28621" visible="true" version="1" lat="49.99994940096" lon="9.00131859575" />
  <node id="28622" visible="true" version="1" lat="49.99994940088" lon="9.00132557245" />
  <node id="28623" visible="true" version="1" lat="49.9999494008" lon="9.00133254914" />
  <node id="28624" visible="true" version="1" lat="49.99994940072" lon="9.00133952584" />
  <node id="28625" visible="true" version="1" lat="49.99994940064" lon="9.00134650254" />
  <node id="28626" visible="true" version="1" lat="49.99994940055" lon="9.00135347923" />
  <node id="28627" visible="true" version="1" lat="49.99994940047" lon="9.00136045593" />
  <node id="28628" visible="true" version="1" lat="49.99994940039" lon="9.00136743263" />
  <node id="28629" visible="true" version="1" lat="49.99994940031" lon="9.00137440933" />
  <node id="28630" visible="true" version="1" lat="49.99994940023" lon="9.00138138602" />
  <node id="28631" visible="true" version="1" lat="49.99994940014" lon="9.00138836272" />
  <node id="28632" visible="true" version="1" lat="49.99994940006" lon="9.00139533942" />
  <node id="28633" visible="true" version="1" lat="49.99994939997" lon="9.00140231611" />
  <node id="28634" visible="true" version="1" lat="49.99994939989" lon="9.00140929281" />
  <node id="28635" visible="true" version="1" lat="49.99994939981" lon="9.00141626951" />
  <node id="28636" visible="true" version="1" lat="49.99994939972" lon="9.0014232462" />
  <node id="28637" visible="true" version="1" lat="49.99994939963" lon="9.0014302229" />
  <node id="28638" visible="true" version="1" lat="49.99994939955" lon="9.0014371996" />
  <node id="28639" visible="true" version="1" lat="49.99994939946" lon="9.0014441763" />
  <node id="28640" visible="true" version="1" lat="49.99994939937" lon="9.00145115299" />
  <node id="28641" visible="true" version="1" lat="49.99994939929" lon="9.00145812969" />
  <node id="28642" visible="true" version="1" lat="49.9999493992" lon="9.00146510639" />
  <node id="28643" visible="true" version="1" lat="49.99994939911" lon="9.00147208308" />
  <node id="28644" visible="true" version="1" lat="49.99994939902" lon="9.00147905978" />
  <node id="28645" visible="true" version="1" lat="49.99994939893" lon="9.00148603648" />
  <node id="28646" visible="true" version="1" lat="49.99994939884" lon="9.00149301318" />
  <node id="28647" visible="true" version="1" lat="49.99994939875" lon="9.00149998987" />
  <node id="28648" visible="true" version="1" lat="49.99994939866" lon="9.00150696657" />
  <node id="28649" visible="true" version="1" lat="49.99994939857" lon="9.00151394327" />
  <node id="28650" visible="true" version="1" lat="49.99994939848" lon="9.00152091996" />
  <node id="28651" visible="true" version="1" lat="49.99994939839" lon="9.00152789666" />
  <node id="28652" visible="true" version="1" lat="49.9999493983" lon="9.00153487336" />
  <node id="28653" visible="true" version="1" lat="49.9999493982" lon="9.00154185006" />
  <node id="28654" visible="true" version="1" lat="49.99994939811" lon="9.00154882675" />
  <node id="28655" visible="true" version="1" lat="49.99994939802" lon="9.00155580345" />
  <node id="28656" visible="true" version="1" lat="49.99994939792" lon="9.00156278015" />
  <node id="28657" visible="true" version="1" lat="49.99994939783" lon="9.00156975684" />
  <node id="28658" visible="true" version="1" lat="49.99994939774" lon="9.00157673354" />
  <node id="28659" visible="true" version="1" lat="49.99994939764" lon="9.00158371024" />
  <node id="28660" visible="true" version="1" lat="49.99994939755" lon="9.00159068693" />
  <node id="28661" visible="true" version="1" lat="49.99994939745" lon="9.00159766363" />
  <node id="28662" visible="true" version="1" lat="49.99994939735" lon="9.00160464033" />
  <node id="28663" visible="true" version="1" lat="49.99994939726" lon="9.00161161703" />
  <node id="28664" visible="true" version="1" lat="49.99994939716" lon="9.00161859372" />
  <node id="28665" visible="true" version="1" lat="49.99994939706" lon="9.00162557042" />
  <node id="28666" visible="true" version="1" lat="49.99994939696" lon="9.00163254712" />
  <node id="28667" visible="true" version="1" lat="49.99994939687" lon="9.00163952381" />
  <node id="28668" visible="true" version="1" lat="49.99994939677" lon="9.00164650051" />
  <node id="28669" visible="true" version="1" lat="49.99994939667" lon="9.00165347721" />
  <node id="28670" visible="true" version="1" lat="49.99994939657" lon="9.00166045391" />
  <node id="28671" visible="true" version="1" lat="49.99994939647" lon="9.0016674306" />
  <node id="28672" visible="true" version="1" lat="49.99994939637" lon="9.0016744073" />
  <node id="28673" visible="true" version="1" lat="49.99994939627" lon="9.001681384" />
  <node id="28674" visible="true" version="1" lat="49.99994939617" lon="9.00168836069" />
  <node id="28675" visible="true" version="1" lat="49.99994939606" lon="9.00169533739" />
  <node id="28676" visible="true" version="1" lat="49.99994939596" lon="9.00170231409" />
  <node id="28677" visible="true" version="1" lat="49.99994939586" lon="9.00170929078" />
  <node id="28678" visible="true" version="1" lat="49.99994939576" lon="9.00171626748" />
  <node id="28679" visible="true" version="1" lat="49.99994939565" lon="9.00172324418" />
  <node id="28680" visible="true" version="1" lat="49.99994939555" lon="9.00173022088" />
  <node id="28681" visible="true" version="1" lat="49.99994939544" lon="9.00173719757" />
  <node id="28682" visible="true" version="1" lat="49.99994939534" lon="9.00174417427" />
  <node id="28683" visible="true" version="1" lat="49.99994939523" lon="9.00175115097" />
  <node id="28684" visible="true" version="1" lat="49.99994939513" lon="9.00175812766" />
  <node id="28685" visible="true" version="1" lat="49.99994939502" lon="9.00176510436" />
  <node id="28686" visible="true" version="1" lat="49.99994939492" lon="9.00177208106" />
  <node id="28687" visible="true" version="1" lat="49.99994939481" lon="9.00177905776" />
  <node id="28688" visible="true" version="1" lat="49.9999493947" lon="9.00178603445" />
  <node id="28689" visible="true" version="1" lat="49.9999493946" lon="9.00179301115" />
  <node id="28690" visible="true" version="1" lat="49.99994939449" lon="9.00179998785" />
  <node id="28691" visible="true" version="1" lat="49.99994939438" lon="9.00180696454" />
  <node id="28692" visible="true" version="1" lat="49.99994939427" lon="9.00181394124" />
  <node id="28693" visible="true" version="1" lat="49.99994939416" lon="9.00182091794" />
  <node id="28694" visible="true" version="1" lat="49.99994939405" lon="9.00182789464" />
  <node id="28695" visible="true" version="1" lat="49.99994939394" lon="9.00183487133" />
  <node id="28696" visible="true" version="1" lat="49.99994939383" lon="9.00184184803" />
  <node id="28697" visible="true" version="1" lat="49.99994939372" lon="9.00184882473" />
  <node id="28698" visible="true" version="1" lat="49.99994939361" lon="9.00185580142" />
  <node id="28699" visible="true" version="1" lat="49.9999493935" lon="9.00186277812" />
  <node id="28700" visible="true" version="1" lat="49.99994939338" lon="9.00186975482" />
  <node id="28701" visible="true" version="1" lat="49.99994939327" lon="9.00187673151" />
  <node id="28702" visible="true" version="1" lat="49.99994939316" lon="9.00188370821" />
  <node id="28703" visible="true" version="1" lat="49.99994939305" lon="9.00189068491" />
  <node id="28704" visible="true" version="1" lat="49.99994939293" lon="9.00189766161" />
  <node id="28705" visible="true" version="1" lat="49.99994939282" lon="9.0019046383" />
  <node id="28706" visible="true" version="1" lat="49.9999493927" lon="9.001911615" />
  <node id="28707" visible="true" version="1" lat="49.99994939259" lon="9.0019185917" />
  <node id="28708" visible="true" version="1" lat="49.99994939247" lon="9.00192556839" />
  <node id="28709" visible="true" version="1" lat="49.99994939236" lon="9.00193254509" />
  <node id="28710" visible="true" version="1" lat="49.99994939224" lon="9.00193952179" />
  <node id="28711" visible="true" version="1" lat="49.99994939212" lon="9.00194649849" />
  <node id="28712" visible="true" version="1" lat="49.99994939201" lon="9.00195347518" />
  <node id="28713" visible="true" version="1" lat="49.99994939189" lon="9.00196045188" />
  <node id="28714" visible="true" version="1" lat="49.99994939177" lon="9.00196742858" />
  <node id="28715" visible="true" version="1" lat="49.99994939165" lon="9.00197440527" />
  <node id="28716" visible="true" version="1" lat="49.99994939153" lon="9.00198138197" />
  <node id="28717" visible="true" version="1" lat="49.99994939141" lon="9.00198835867" />
  <node id="28718" visible="true" version="1" lat="49.99994939129" lon="9.00199533537" />
  <node id="28719" visible="true" version="1" lat="49.99994939117" lon="9.00200231206" />
  <node id="28720" visible="true" version="1" lat="49.99994939105" lon="9.00200928876" />
  <node id="28721" visible="true" version="1" lat="49.99994939093" lon="9.00201626546" />
  <node id="28722" visible="true" version="1" lat="49.99994939081" lon="9.00202324215" />
  <node id="28723" visible="true" version="1" lat="49.99994939069" lon="9.00203021885" />
  <node id="28724" visible="true" version="1" lat="49.99994939057" lon="9.00203719555" />
  <node id="28725" visible="true" version="1" lat="49.99994939044" lon="9.00204417224" />
  <node id="28726" visible="true" version="1" lat="49.99994939032" lon="9.00205114894" />
  <node id="28727" visible="true" version="1" lat="49.9999493902" lon="9.00205812564" />
  <node id="28728" visible="true" version="1" lat="49.99994939007" lon="9.00206510234" />
  <node id="28729" visible="true" version="1" lat="49.99994938995" lon="9.00207207903" />
  <node id="28730" visible="true" version="1" lat="49.99994938982" lon="9.00207905573" />
  <node id="28731" visible="true" version="1" lat="49.9999493897" lon="9.00208603243" />
  <node id="28732" visible="true" version="1" lat="49.99994938957" lon="9.00209300912" />
  <node id="28733" visible="true" version="1" lat="49.99994938945" lon="9.00209998582" />
  <node id="28734" visible="true" version="1" lat="49.99994938932" lon="9.00210696252" />
  <node id="28735" visible="true" version="1" lat="49.99994938919" lon="9.00211393922" />
  <node id="28736" visible="true" version="1" lat="49.99994938907" lon="9.00212091591" />
  <node id="28737" visible="true" version="1" lat="49.99994938894" lon="9.00212789261" />
  <node id="28738" visible="true" version="1" lat="49.99994938881" lon="9.00213486931" />
  <node id="28739" visible="true" version="1" lat="49.99994938868" lon="9.002141846" />
  <node id="28740" visible="true" version="1" lat="49.99994938855" lon="9.0021488227" />
  <node id="28741" visible="true" version="1" lat="49.99994938842" lon="9.0021557994" />
  <node id="28742" visible="true" version="1" lat="49.99994938829" lon="9.00216277609" />
  <node id="28743" visible="true" version="1" lat="49.99994938816" lon="9.00216975279" />
  <node id="28744" visible="true" version="1" lat="49.99994938803" lon="9.00217672949" />
  <node id="28745" visible="true" version="1" lat="49.9999493879" lon="9.00218370619" />
  <node id="28746" visible="true" version="1" lat="49.99994938777" lon="9.00219068288" />
  <node id="28747" visible="true" version="1" lat="49.99994938764" lon="9.00219765958" />
  <node id="28748" visible="true" version="1" lat="49.9999493875" lon="9.00220463628" />
  <node id="28749" visible="true" version="1" lat="49.99994938737" lon="9.00221161297" />
  <node id="28750" visible="true" version="1" lat="49.99994938724" lon="9.00221858967" />
  <node id="28751" visible="true" version="1" lat="49.99994938711" lon="9.00222556637" />
  <node id="28752" visible="true" version="1" lat="49.99994938697" lon="9.00223254307" />
  <node id="28753" visible="true" version="1" lat="49.99994938684" lon="9.00223951976" />
  <node id="28754" visible="true" version="1" lat="49.9999493867" lon="9.00224649646" />
  <node id="28755" visible="true" version="1" lat="49.99994938657" lon="9.00225347316" />
  <node id="28756" visible="true" version="1" lat="49.99994938643" lon="9.00226044985" />
  <node id="28757" visible="true" version="1" lat="49.99994938629" lon="9.00226742655" />
  <node id="28758" visible="true" version="1" lat="49.99994938616" lon="9.00227440325" />
  <node id="28759" visible="true" version="1" lat="49.99994938602" lon="9.00228137995" />
  <node id="28760" visible="true" version="1" lat="49.99994938588" lon="9.00228835664" />
  <node id="28761" visible="true" version="1" lat="49.99994938575" lon="9.00229533334" />
  <node id="28762" visible="true" version="1" lat="49.99994938561" lon="9.00230231004" />
  <node id="28763" visible="true" version="1" lat="49.99994938547" lon="9.00230928673" />
  <node id="28764" visible="true" version="1" lat="49.99994938533" lon="9.00231626343" />
  <node id="28765" visible="true" version="1" lat="49.99994938519" lon="9.00232324013" />
  <node id="28766" visible="true" version="1" lat="49.99994938505" lon="9.00233021682" />
  <node id="28767" visible="true" version="1" lat="49.99994938491" lon="9.00233719352" />
  <node id="28768" visible="true" version="1" lat="49.99994938477" lon="9.00234417022" />
  <node id="28769" visible="true" version="1" lat="49.99994938463" lon="9.00235114692" />
  <node id="28770" visible="true" version="1" lat="49.99994938449" lon="9.00235812361" />
  <node id="28771" visible="true" version="1" lat="49.99994938435" lon="9.00236510031" />
  <node id="28772" visible="true" version="1" lat="49.9999493842" lon="9.00237207701" />
  <node id="28773" visible="true" version="1" lat="49.99994938406" lon="9.0023790537" />
  <node id="28774" visible="true" version="1" lat="49.99994938392" lon="9.0023860304" />
  <node id="28775" visible="true" version="1" lat="49.99994938377" lon="9.0023930071" />
  <node id="28776" visible="true" version="1" lat="49.99994938363" lon="9.0023999838" />
  <node id="28777" visible="true" version="1" lat="49.99994938348" lon="9.00240696049" />
  <node id="28778" visible="true" version="1" lat="49.99994938334" lon="9.00241393719" />
  <node id="28779" visible="true" version="1" lat="49.99994938319" lon="9.00242091389" />
  <node id="28780" visible="true" version="1" lat="49.99994938305" lon="9.00242789058" />
  <node id="28781" visible="true" version="1" lat="49.9999493829" lon="9.00243486728" />
  <node id="28782" visible="true" version="1" lat="49.99994938276" lon="9.00244184398" />
  <node id="28783" visible="true" version="1" lat="49.99994938261" lon="9.00244882068" />
  <node id="28784" visible="true" version="1" lat="49.99994938246" lon="9.00245579737" />
  <node id="28785" visible="true" version="1" lat="49.99994938231" lon="9.00246277407" />
  <node id="28786" visible="true" version="1" lat="49.99994938216" lon="9.00246975077" />
  <node id="28787" visible="true" version="1" lat="49.99994938202" lon="9.00247672746" />
  <node id="28788" visible="true" version="1" lat="49.99994938187" lon="9.00248370416" />
  <node id="28789" visible="true" version="1" lat="49.99994938172" lon="9.00249068086" />
  <node id="28790" visible="true" version="1" lat="49.99994938157" lon="9.00249765755" />
  <node id="28791" visible="true" version="1" lat="49.99994938142" lon="9.00250463425" />
  <node id="28792" visible="true" version="1" lat="49.99994938127" lon="9.00251161095" />
  <node id="28793" visible="true" version="1" lat="49.99994938112" lon="9.00251858765" />
  <node id="28794" visible="true" version="1" lat="49.99994938096" lon="9.00252556434" />
  <node id="28795" visible="true" version="1" lat="49.99994938081" lon="9.00253254104" />
  <node id="28796" visible="true" version="1" lat="49.99994938066" lon="9.00253951774" />
  <node id="28797" visible="true" version="1" lat="49.99994938051" lon="9.00254649443" />
  <node id="28798" visible="true" version="1" lat="49.99994938035" lon="9.00255347113" />
  <node id="28799" visible="true" version="1" lat="49.9999493802" lon="9.00256044783" />
  <node id="28800" visible="true" version="1" lat="49.99994938004" lon="9.00256742453" />
  <node id="28801" visible="true" version="1" lat="49.99994937989" lon="9.00257440122" />
  <node id="28802" visible="true" version="1" lat="49.99994937974" lon="9.00258137792" />
  <node id="28803" visible="true" version="1" lat="49.99994937958" lon="9.00258835462" />
  <node id="28804" visible="true" version="1" lat="49.99994937942" lon="9.00259533131" />
  <node id="28805" visible="true" version="1" lat="49.99994937927" lon="9.00260230801" />
  <node id="28806" visible="true" version="1" lat="49.99994937911" lon="9.00260928471" />
  <node id="28807" visible="true" version="1" lat="49.99994937895" lon="9.0026162614" />
  <node id="28808" visible="true" version="1" lat="49.9999493788" lon="9.0026232381" />
  <node id="28809" visible="true" version="1" lat="49.99994937864" lon="9.0026302148" />
  <node id="28810" visible="true" version="1" lat="49.99994937848" lon="9.0026371915" />
  <node id="28811" visible="true" version="1" lat="49.99994937832" lon="9.00264416819" />
  <node id="28812" visible="true" version="1" lat="49.99994937816" lon="9.00265114489" />
  <node id="28813" visible="true" version="1" lat="49.999949378" lon="9.00265812159" />
  <node id="28814" visible="true" version="1" lat="49.99994937784" lon="9.00266509828" />
  <node id="28815" visible="true" version="1" lat="49.99994937768" lon="9.00267207498" />
  <node id="28816" visible="true" version="1" lat="49.99994937752" lon="9.00267905168" />
  <node id="28817" visible="true" version="1" lat="49.99994937736" lon="9.00268602838" />
  <node id="28818" visible="true" version="1" lat="49.9999493772" lon="9.00269300507" />
  <node id="28819" visible="true" version="1" lat="49.99994937704" lon="9.00269998177" />
  <node id="28820" visible="true" version="1" lat="49.99994937687" lon="9.00270695847" />
  <node id="28821" visible="true" version="1" lat="49.99994937671" lon="9.00271393516" />
  <node id="28822" visible="true" version="1" lat="49.99994937655" lon="9.00272091186" />
  <node id="28823" visible="true" version="1" lat="49.99994937638" lon="9.00272788856" />
  <node id="28824" visible="true" version="1" lat="49.99994937622" lon="9.00273486525" />
  <node id="28825" visible="true" version="1" lat="49.99994937605" lon="9.00274184195" />
  <node id="28826" visible="true" version="1" lat="49.99994937589" lon="9.00274881865" />
  <node id="28827" visible="true" version="1" lat="49.99994937572" lon="9.00275579535" />
  <node id="28828" visible="true" version="1" lat="49.99994937556" lon="9.00276277204" />
  <node id="28829" visible="true" version="1" lat="49.99994937539" lon="9.00276974874" />
  <node id="28830" visible="true" version="1" lat="49.99994937523" lon="9.00277672544" />
  <node id="28831" visible="true" version="1" lat="49.99994937506" lon="9.00278370213" />
  <node id="28832" visible="true" version="1" lat="49.99994937489" lon="9.00279067883" />
  <node id="28833" visible="true" version="1" lat="49.99994937472" lon="9.00279765553" />
  <node id="28834" visible="true" version="1" lat="49.99994937455" lon="9.00280463223" />
  <node id="28835" visible="true" version="1" lat="49.99994937439" lon="9.00281160892" />
  <node id="28836" visible="true" version="1" lat="49.99994937422" lon="9.00281858562" />
  <node id="28837" visible="true" version="1" lat="49.99994937405" lon="9.00282556232" />
  <node id="28838" visible="true" version="1" lat="49.99994937388" lon="9.00283253901" />
  <node id="28839" visible="true" version="1" lat="49.99994937371" lon="9.00283951571" />
  <node id="28840" visible="true" version="1" lat="49.99994937353" lon="9.00284649241" />
  <node id="28841" visible="true" version="1" lat="49.99994937336" lon="9.00285346911" />
  <node id="28842" visible="true" version="1" lat="49.99994937319" lon="9.0028604458" />
  <node id="28843" visible="true" version="1" lat="49.99994937302" lon="9.0028674225" />
  <node id="28844" visible="true" version="1" lat="49.99994937285" lon="9.0028743992" />
  <node id="28845" visible="true" version="1" lat="49.99994937267" lon="9.00288137589" />
  <node id="28846" visible="true" version="1" lat="49.9999493725" lon="9.00288835259" />
  <node id="28847" visible="true" version="1" lat="49.99994937233" lon="9.00289532929" />
  <node id="28848" visible="true" version="1" lat="49.99994937215" lon="9.00290230598" />
  <node id="28849" visible="true" version="1" lat="49.99994937198" lon="9.00290928268" />
  <node id="28850" visible="true" version="1" lat="49.9999493718" lon="9.00291625938" />
  <node id="28851" visible="true" version="1" lat="49.99994937163" lon="9.00292323608" />
  <node id="28852" visible="true" version="1" lat="49.99994937145" lon="9.00293021277" />
  <node id="28853" visible="true" version="1" lat="49.99994937127" lon="9.00293718947" />
  <node id="28854" visible="true" version="1" lat="49.9999493711" lon="9.00294416617" />
  <node id="28855" visible="true" version="1" lat="49.99994937092" lon="9.00295114286" />
  <node id="28856" visible="true" version="1" lat="49.99994937074" lon="9.00295811956" />
  <node id="28857" visible="true" version="1" lat="49.99994937056" lon="9.00296509626" />
  <node id="28858" visible="true" version="1" lat="49.99994937039" lon="9.00297207296" />
  <node id="28859" visible="true" version="1" lat="49.99994937021" lon="9.00297904965" />
  <node id="28860" visible="true" version="1" lat="49.99994937003" lon="9.00298602635" />
  <node id="28861" visible="true" version="1" lat="49.99994936985" lon="9.00299300305" />
  <node id="28862" visible="true" version="1" lat="49.99994936967" lon="9.00299997974" />
  <node id="28863" visible="true" version="1" lat="49.99994936949" lon="9.00300695644" />
  <node id="28864" visible="true" version="1" lat="49.99994936931" lon="9.00301393314" />
  <node id="28865" visible="true" version="1" lat="49.99994936912" lon="9.00302090983" />
  <node id="28866" visible="true" version="1" lat="49.99994936894" lon="9.00302788653" />
  <node id="28867" visible="true" version="1" lat="49.99994936876" lon="9.00303486323" />
  <node id="28868" visible="true" version="1" lat="49.99994936858" lon="9.00304183993" />
  <node id="28869" visible="true" version="1" lat="49.9999493684" lon="9.00304881662" />
  <node id="28870" visible="true" version="1" lat="49.99994936821" lon="9.00305579332" />
  <node id="28871" visible="true" version="1" lat="49.99994936803" lon="9.00306277002" />
  <node id="28872" visible="true" version="1" lat="49.99994936784" lon="9.00306974671" />
  <node id="28873" visible="true" version="1" lat="49.99994936766" lon="9.00307672341" />
  <node id="28874" visible="true" version="1" lat="49.99994936747" lon="9.00308370011" />
  <node id="28875" visible="true" version="1" lat="49.99994936729" lon="9.00309067681" />
  <node id="28876" visible="true" version="1" lat="49.9999493671" lon="9.0030976535" />
  <node id="28877" visible="true" version="1" lat="49.99994936692" lon="9.0031046302" />
  <node id="28878" visible="true" version="1" lat="49.99994936673" lon="9.0031116069" />
  <node id="28879" visible="true" version="1" lat="49.99994936654" lon="9.00311858359" />
  <node id="28880" visible="true" version="1" lat="49.99994936635" lon="9.00312556029" />
  <node id="28881" visible="true" version="1" lat="49.99994936617" lon="9.00313253699" />
  <node id="28882" visible="true" version="1" lat="49.99994936598" lon="9.00313951368" />
  <node id="28883" visible="true" version="1" lat="49.99994936579" lon="9.00314649038" />
  <node id="28884" visible="true" version="1" lat="49.9999493656" lon="9.00315346708" />
  <node id="28885" visible="true" version="1" lat="49.99994936541" lon="9.00316044378" />
  <node id="28886" visible="true" version="1" lat="49.99994936522" lon="9.00316742047" />
  <node id="28887" visible="true" version="1" lat="49.99994936503" lon="9.00317439717" />
  <node id="28888" visible="true" version="1" lat="49.99994936484" lon="9.00318137387" />
  <node id="28889" visible="true" version="1" lat="49.99994936464" lon="9.00318835056" />
  <node id="28890" visible="true" version="1" lat="49.99994936445" lon="9.00319532726" />
  <node id="28891" visible="true" version="1" lat="49.99994936426" lon="9.00320230396" />
  <node id="28892" visible="true" version="1" lat="49.99994936407" lon="9.00320928066" />
  <node id="28893" visible="true" version="1" lat="49.99994936387" lon="9.00321625735" />
  <node id="28894" visible="true" version="1" lat="49.99994936368" lon="9.00322323405" />
  <node id="28895" visible="true" version="1" lat="49.99994936349" lon="9.00323021075" />
  <node id="28896" visible="true" version="1" lat="49.99994936329" lon="9.00323718744" />
  <node id="28897" visible="true" version="1" lat="49.9999493631" lon="9.00324416414" />
  <node id="28898" visible="true" version="1" lat="49.9999493629" lon="9.00325114084" />
  <node id="28899" visible="true" version="1" lat="49.99994936271" lon="9.00325811754" />
  <node id="28900" visible="true" version="1" lat="49.99994936251" lon="9.00326509423" />
  <node id="28901" visible="true" version="1" lat="49.99994936231" lon="9.00327207093" />
  <node id="28902" visible="true" version="1" lat="49.99994936212" lon="9.00327904763" />
  <node id="28903" visible="true" version="1" lat="49.99994936192" lon="9.00328602432" />
  <node id="28904" visible="true" version="1" lat="49.99994936172" lon="9.00329300102" />
  <node id="28905" visible="true" version="1" lat="49.99994936152" lon="9.00329997772" />
  <node id="28906" visible="true" version="1" lat="49.99994936133" lon="9.00330695441" />
  <node id="28907" visible="true" version="1" lat="49.99994936113" lon="9.00331393111" />
  <node id="28908" visible="true" version="1" lat="49.99994936093" lon="9.00332090781" />
  <node id="28909" visible="true" version="1" lat="49.99994936073" lon="9.00332788451" />
  <node id="28910" visible="true" version="1" lat="49.99994936053" lon="9.0033348612" />
  <node id="28911" visible="true" version="1" lat="49.99994936033" lon="9.0033418379" />
  <node id="28912" visible="true" version="1" lat="49.99994936012" lon="9.0033488146" />
  <node id="28913" visible="true" version="1" lat="49.99994935992" lon="9.00335579129" />
  <node id="28914" visible="true" version="1" lat="49.99994935972" lon="9.00336276799" />
  <node id="28915" visible="true" version="1" lat="49.99994935952" lon="9.00336974469" />
  <node id="28916" visible="true" version="1" lat="49.99994935932" lon="9.00337672139" />
  <node id="28917" visible="true" version="1" lat="49.99994935911" lon="9.00338369808" />
  <node id="28918" visible="true" version="1" lat="49.99994935891" lon="9.00339067478" />
  <node id="28919" visible="true" version="1" lat="49.99994935871" lon="9.00339765148" />
  <node id="28920" visible="true" version="1" lat="49.9999493585" lon="9.00340462817" />
  <node id="28921" visible="true" version="1" lat="49.9999493583" lon="9.00341160487" />
  <node id="28922" visible="true" version="1" lat="49.99994935809" lon="9.00341858157" />
  <node id="28923" visible="true" version="1" lat="49.99994935788" lon="9.00342555826" />
  <node id="28924" visible="true" version="1" lat="49.99994935768" lon="9.00343253496" />
  <node id="28925" visible="true" version="1" lat="49.99994935747" lon="9.00343951166" />
  <node id="28926" visible="true" version="1" lat="49.99994935726" lon="9.00344648836" />
  <node id="28927" visible="true" version="1" lat="49.99994935706" lon="9.00345346505" />
  <node id="28928" visible="true" version="1" lat="49.99994935685" lon="9.00346044175" />
  <node id="28929" visible="true" version="1" lat="49.99994935664" lon="9.00346741845" />
  <node id="28930" visible="true" version="1" lat="49.99994935643" lon="9.00347439514" />
  <node id="28931" visible="true" version="1" lat="49.99994935622" lon="9.00348137184" />
  <node id="28932" visible="true" version="1" lat="49.99994935601" lon="9.00348834854" />
  <node id="28933" visible="true" version="1" lat="49.9999493558" lon="9.00349532524" />
  <node id="28934" visible="true" version="1" lat="49.99994935559" lon="9.00350230193" />
  <node id="28935" visible="true" version="1" lat="49.99994935538" lon="9.00350927863" />
  <node id="28936" visible="true" version="1" lat="49.99994935517" lon="9.00351625533" />
  <node id="28937" visible="true" version="1" lat="49.99994935496" lon="9.00352323202" />
  <node id="28938" visible="true" version="1" lat="49.99994935475" lon="9.00353020872" />
  <node id="28939" visible="true" version="1" lat="49.99994935454" lon="9.00353718542" />
  <node id="28940" visible="true" version="1" lat="49.99994935432" lon="9.00354416211" />
  <node id="28941" visible="true" version="1" lat="49.99994935411" lon="9.00355113881" />
  <node id="28942" visible="true" version="1" lat="49.9999493539" lon="9.00355811551" />
  <node id="28943" visible="true" version="1" lat="49.99994935368" lon="9.00356509221" />
  <node id="28944" visible="true" version="1" lat="49.99994935347" lon="9.0035720689" />
  <node id="28945" visible="true" version="1" lat="49.99994935325" lon="9.0035790456" />
  <node id="28946" visible="true" version="1" lat="49.99994935304" lon="9.0035860223" />
  <node id="28947" visible="true" version="1" lat="49.99994935282" lon="9.00359299899" />
  <node id="28948" visible="true" version="1" lat="49.9999493526" lon="9.00359997569" />
  <node id="28949" visible="true" version="1" lat="49.99994935239" lon="9.00360695239" />
  <node id="28950" visible="true" version="1" lat="49.99994935217" lon="9.00361392909" />
  <node id="28951" visible="true" version="1" lat="49.99994935195" lon="9.00362090578" />
  <node id="28952" visible="true" version="1" lat="49.99994935174" lon="9.00362788248" />
  <node id="28953" visible="true" version="1" lat="49.99994935152" lon="9.00363485918" />
  <node id="28954" visible="true" version="1" lat="49.9999493513" lon="9.00364183587" />
  <node id="28955" visible="true" version="1" lat="49.99994935108" lon="9.00364881257" />
  <node id="28956" visible="true" version="1" lat="49.99994935086" lon="9.00365578927" />
  <node id="28957" visible="true" version="1" lat="49.99994935064" lon="9.00366276596" />
  <node id="28958" visible="true" version="1" lat="49.99994935042" lon="9.00366974266" />
  <node id="28959" visible="true" version="1" lat="49.9999493502" lon="9.00367671936" />
  <node id="28960" visible="true" version="1" lat="49.99994934998" lon="9.00368369606" />
  <node id="28961" visible="true" version="1" lat="49.99994934976" lon="9.00369067275" />
  <node id="28962" visible="true" version="1" lat="49.99994934953" lon="9.00369764945" />
  <node id="28963" visible="true" version="1" lat="49.99994934931" lon="9.00370462615" />
  <node id="28964" visible="true" version="1" lat="49.99994934909" lon="9.00371160284" />
  <node id="28965" visible="true" version="1" lat="49.99994934886" lon="9.00371857954" />
  <node id="28966" visible="true" version="1" lat="49.99994934864" lon="9.00372555624" />
  <node id="28967" visible="true" version="1" lat="49.99994934842" lon="9.00373253294" />
  <node id="28968" visible="true" version="1" lat="49.99994934819" lon="9.00373950963" />
  <node id="28969" visible="true" version="1" lat="49.99994934797" lon="9.00374648633" />
  <node id="28970" visible="true" version="1" lat="49.99994934774" lon="9.00375346303" />
  <node id="28971" visible="true" version="1" lat="49.99994934752" lon="9.00376043972" />
  <node id="28972" visible="true" version="1" lat="49.99994934729" lon="9.00376741642" />
  <node id="28973" visible="true" version="1" lat="49.99994934706" lon="9.00377439312" />
  <node id="28974" visible="true" version="1" lat="49.99994934684" lon="9.00378136981" />
  <node id="28975" visible="true" version="1" lat="49.99994934661" lon="9.00378834651" />
  <node id="28976" visible="true" version="1" lat="49.99994934638" lon="9.00379532321" />
  <node id="28977" visible="true" version="1" lat="49.99994934615" lon="9.00380229991" />
  <node id="28978" visible="true" version="1" lat="49.99994934592" lon="9.0038092766" />
  <node id="28979" visible="true" version="1" lat="49.99994934569" lon="9.0038162533" />
  <node id="28980" visible="true" version="1" lat="49.99994934546" lon="9.00382323" />
  <node id="28981" visible="true" version="1" lat="49.99994934523" lon="9.00383020669" />
  <node id="28982" visible="true" version="1" lat="49.999949345" lon="9.00383718339" />
  <node id="28983" visible="true" version="1" lat="49.99994934477" lon="9.00384416009" />
  <node id="28984" visible="true" version="1" lat="49.99994934454" lon="9.00385113679" />
  <node id="28985" visible="true" version="1" lat="49.99994934431" lon="9.00385811348" />
  <node id="28986" visible="true" version="1" lat="49.99994934408" lon="9.00386509018" />
  <node id="28987" visible="true" version="1" lat="49.99994934384" lon="9.00387206688" />
  <node id="28988" visible="true" version="1" lat="49.99994934361" lon="9.00387904357" />
  <node id="28989" visible="true" version="1" lat="49.99994934338" lon="9.00388602027" />
  <node id="28990" visible="true" version="1" lat="49.99994934314" lon="9.00389299697" />
  <node id="28991" visible="true" version="1" lat="49.99994934291" lon="9.00389997366" />
  <node id="28992" visible="true" version="1" lat="49.99994934267" lon="9.00390695036" />
  <node id="28993" visible="true" version="1" lat="49.99994934244" lon="9.00391392706" />
  <node id="28994" visible="true" version="1" lat="49.9999493422" lon="9.00392090376" />
  <node id="28995" visible="true" version="1" lat="49.99994934197" lon="9.00392788045" />
  <node id="28996" visible="true" version="1" lat="49.99994934173" lon="9.00393485715" />
  <node id="28997" visible="true" version="1" lat="49.99994934149" lon="9.00394183385" />
  <node id="28998" visible="true" version="1" lat="49.99994934126" lon="9.00394881054" />
  <node id="28999" visible="true" version="1" lat="49.99994934102" lon="9.00395578724" />
  <node id="29000" visible="true" version="1" lat="49.99994934078" lon="9.00396276394" />
  <node id="29001" visible="true" version="1" lat="49.99994934054" lon="9.00396974064" />
  <node id="29002" visible="true" version="1" lat="49.9999493403" lon="9.00397671733" />
  <node id="29003" visible="true" version="1" lat="49.99994934007" lon="9.00398369403" />
  <node id="29004" visible="true" version="1" lat="49.99994933983" lon="9.00399067073" />
  <node id="29005" visible="true" version="1" lat="49.99994933959" lon="9.00399764742" />
  <node id="29006" visible="true" version="1" lat="49.99994933934" lon="9.00400462412" />
  <node id="29007" visible="true" version="1" lat="49.9999493391" lon="9.00401160082" />
  <node id="29008" visible="true" version="1" lat="49.99994933886" lon="9.00401857751" />
  <node id="29009" visible="true" version="1" lat="49.99994933862" lon="9.00402555421" />
  <node id="29010" visible="true" version="1" lat="49.99994933838" lon="9.00403253091" />
  <node id="29011" visible="true" version="1" lat="49.99994933814" lon="9.00403950761" />
  <node id="29012" visible="true" version="1" lat="49.99994933789" lon="9.0040464843" />
  <node id="29013" visible="true" version="1" lat="49.99994933765" lon="9.004053461" />
  <node id="29014" visible="true" version="1" lat="49.99994933741" lon="9.0040604377" />
  <node id="29015" visible="true" version="1" lat="49.99994933716" lon="9.00406741439" />
  <node id="29016" visible="true" version="1" lat="49.99994933692" lon="9.00407439109" />
  <node id="29017" visible="true" version="1" lat="49.99994933667" lon="9.00408136779" />
  <node id="29018" visible="true" version="1" lat="49.99994933643" lon="9.00408834449" />
  <node id="29019" visible="true" version="1" lat="49.99994933618" lon="9.00409532118" />
  <node id="29020" visible="true" version="1" lat="49.99994933593" lon="9.00410229788" />
  <node id="29021" visible="true" version="1" lat="49.99994933569" lon="9.00410927458" />
  <node id="29022" visible="true" version="1" lat="49.99994933544" lon="9.00411625127" />
  <node id="29023" visible="true" version="1" lat="49.99994933519" lon="9.00412322797" />
  <node id="29024" visible="true" version="1" lat="49.99994933494" lon="9.00413020467" />
  <node id="29025" visible="true" version="1" lat="49.99994933469" lon="9.00413718136" />
  <node id="29026" visible="true" version="1" lat="49.99994933445" lon="9.00414415806" />
  <node id="29027" visible="true" version="1" lat="49.9999493342" lon="9.00415113476" />
  <node id="29028" visible="true" version="1" lat="49.99994933395" lon="9.00415811146" />
  <node id="29029" visible="true" version="1" lat="49.9999493337" lon="9.00416508815" />
  <node id="29030" visible="true" version="1" lat="49.99994933345" lon="9.00417206485" />
  <node id="29031" visible="true" version="1" lat="49.99994933319" lon="9.00417904155" />
  <node id="29032" visible="true" version="1" lat="49.99994933294" lon="9.00418601824" />
  <node id="29033" visible="true" version="1" lat="49.99994933269" lon="9.00419299494" />
  <node id="29034" visible="true" version="1" lat="49.99994933244" lon="9.00419997164" />
  <node id="29035" visible="true" version="1" lat="49.99994933219" lon="9.00420694834" />
  <node id="29036" visible="true" version="1" lat="49.99994933193" lon="9.00421392503" />
  <node id="29037" visible="true" version="1" lat="49.99994933168" lon="9.00422090173" />
  <node id="29038" visible="true" version="1" lat="49.99994933143" lon="9.00422787843" />
  <node id="29039" visible="true" version="1" lat="49.99994933117" lon="9.00423485512" />
  <node id="29040" visible="true" version="1" lat="49.99994933092" lon="9.00424183182" />
  <node id="29041" visible="true" version="1" lat="49.99994933066" lon="9.00424880852" />
  <node id="29042" visible="true" version="1" lat="49.99994933041" lon="9.00425578521" />
  <node id="29043" visible="true" version="1" lat="49.99994933015" lon="9.00426276191" />
  <node id="29044" visible="true" version="1" lat="49.99994932989" lon="9.00426973861" />
  <node id="29045" visible="true" version="1" lat="49.99994932964" lon="9.00427671531" />
  <node id="29046" visible="true" version="1" lat="49.99994932938" lon="9.004283692" />
  <node id="29047" visible="true" version="1" lat="49.99994932912" lon="9.0042906687" />
  <node id="29048" visible="true" version="1" lat="49.99994932886" lon="9.0042976454" />
  <node id="29049" visible="true" version="1" lat="49.9999493286" lon="9.00430462209" />
  <node id="29050" visible="true" version="1" lat="49.99994932834" lon="9.00431159879" />
  <node id="29051" visible="true" version="1" lat="49.99994932809" lon="9.00431857549" />
  <node id="29052" visible="true" version="1" lat="49.99994932783" lon="9.00432555219" />
  <node id="29053" visible="true" version="1" lat="49.99994932757" lon="9.00433252888" />
  <node id="29054" visible="true" version="1" lat="49.9999493273" lon="9.00433950558" />
  <node id="29055" visible="true" version="1" lat="49.99994932704" lon="9.00434648228" />
  <node id="29056" visible="true" version="1" lat="49.99994932678" lon="9.00435345897" />
  <node id="29057" visible="true" version="1" lat="49.99994932652" lon="9.00436043567" />
  <node id="29058" visible="true" version="1" lat="49.99994932626" lon="9.00436741237" />
  <node id="29059" visible="true" version="1" lat="49.99994932599" lon="9.00437438906" />
  <node id="29060" visible="true" version="1" lat="49.99994932573" lon="9.00438136576" />
  <node id="29061" visible="true" version="1" lat="49.99994932547" lon="9.00438834246" />
  <node id="29062" visible="true" version="1" lat="49.9999493252" lon="9.00439531916" />
  <node id="29063" visible="true" version="1" lat="49.99994932494" lon="9.00440229585" />
  <node id="29064" visible="true" version="1" lat="49.99994932467" lon="9.00440927255" />
  <node id="29065" visible="true" version="1" lat="49.99994932441" lon="9.00441624925" />
  <node id="29066" visible="true" version="1" lat="49.99994932414" lon="9.00442322594" />
  <node id="29067" visible="true" version="1" lat="49.99994932388" lon="9.00443020264" />
  <node id="29068" visible="true" version="1" lat="49.99994932361" lon="9.00443717934" />
  <node id="29069" visible="true" version="1" lat="49.99994932334" lon="9.00444415603" />
  <node id="29070" visible="true" version="1" lat="49.99994932308" lon="9.00445113273" />
  <node id="29071" visible="true" version="1" lat="49.99994932281" lon="9.00445810943" />
  <node id="29072" visible="true" version="1" lat="49.99994932254" lon="9.00446508613" />
  <node id="29073" visible="true" version="1" lat="49.99994932227" lon="9.00447206282" />
  <node id="29074" visible="true" version="1" lat="49.999949322" lon="9.00447903952" />
  <node id="29075" visible="true" version="1" lat="49.99994932173" lon="9.00448601622" />
  <node id="29076" visible="true" version="1" lat="49.99994932146" lon="9.00449299291" />
  <node id="29077" visible="true" version="1" lat="49.99994932119" lon="9.00449996961" />
  <node id="29078" visible="true" version="1" lat="49.99994932092" lon="9.00450694631" />
  <node id="29079" visible="true" version="1" lat="49.99994932065" lon="9.00451392301" />
  <node id="29080" visible="true" version="1" lat="49.99994932038" lon="9.0045208997" />
  <node id="29081" visible="true" version="1" lat="49.99994932011" lon="9.0045278764" />
  <node id="29082" visible="true" version="1" lat="49.99994931983" lon="9.0045348531" />
  <node id="29083" visible="true" version="1" lat="49.99994931956" lon="9.00454182979" />
  <node id="29084" visible="true" version="1" lat="49.99994931929" lon="9.00454880649" />
  <node id="29085" visible="true" version="1" lat="49.99994931901" lon="9.00455578319" />
  <node id="29086" visible="true" version="1" lat="49.99994931874" lon="9.00456275988" />
  <node id="29087" visible="true" version="1" lat="49.99994931847" lon="9.00456973658" />
  <node id="29088" visible="true" version="1" lat="49.99994931819" lon="9.00457671328" />
  <node id="29089" visible="true" version="1" lat="49.99994931792" lon="9.00458368998" />
  <node id="29090" visible="true" version="1" lat="49.99994931764" lon="9.00459066667" />
  <node id="29091" visible="true" version="1" lat="49.99994931736" lon="9.00459764337" />
  <node id="29092" visible="true" version="1" lat="49.99994931709" lon="9.00460462007" />
  <node id="29093" visible="true" version="1" lat="49.99994931681" lon="9.00461159676" />
  <node id="29094" visible="true" version="1" lat="49.99994931653" lon="9.00461857346" />
  <node id="29095" visible="true" version="1" lat="49.99994931625" lon="9.00462555016" />
  <node id="29096" visible="true" version="1" lat="49.99994931598" lon="9.00463252686" />
  <node id="29097" visible="true" version="1" lat="49.9999493157" lon="9.00463950355" />
  <node id="29098" visible="true" version="1" lat="49.99994931542" lon="9.00464648025" />
  <node id="29099" visible="true" version="1" lat="49.99994931514" lon="9.00465345695" />
  <node id="29100" visible="true" version="1" lat="49.99994931486" lon="9.00466043364" />
  <node id="29101" visible="true" version="1" lat="49.99994931458" lon="9.00466741034" />
  <node id="29102" visible="true" version="1" lat="49.9999493143" lon="9.00467438704" />
  <node id="29103" visible="true" version="1" lat="49.99994931402" lon="9.00468136373" />
  <node id="29104" visible="true" version="1" lat="49.99994931373" lon="9.00468834043" />
  <node id="29105" visible="true" version="1" lat="49.99994931345" lon="9.00469531713" />
  <node id="29106" visible="true" version="1" lat="49.99994931317" lon="9.00470229383" />
  <node id="29107" visible="true" version="1" lat="49.99994931289" lon="9.00470927052" />
  <node id="29108" visible="true" version="1" lat="49.9999493126" lon="9.00471624722" />
  <node id="29109" visible="true" version="1" lat="49.99994931232" lon="9.00472322392" />
  <node id="29110" visible="true" version="1" lat="49.99994931204" lon="9.00473020061" />
  <node id="29111" visible="true" version="1" lat="49.99994931175" lon="9.00473717731" />
  <node id="29112" visible="true" version="1" lat="49.99994931147" lon="9.00474415401" />
  <node id="29113" visible="true" version="1" lat="49.99994931118" lon="9.00475113071" />
  <node id="29114" visible="true" version="1" lat="49.99994931089" lon="9.0047581074" />
  <node id="29115" visible="true" version="1" lat="49.99994931061" lon="9.0047650841" />
  <node id="29116" visible="true" version="1" lat="49.99994931032" lon="9.0047720608" />
  <node id="29117" visible="true" version="1" lat="49.99994931003" lon="9.00477903749" />
  <node id="29118" visible="true" version="1" lat="49.99994930975" lon="9.00478601419" />
  <node id="29119" visible="true" version="1" lat="49.99994930946" lon="9.00479299089" />
  <node id="29120" visible="true" version="1" lat="49.99994930917" lon="9.00479996758" />
  <node id="29121" visible="true" version="1" lat="49.99994930888" lon="9.00480694428" />
  <node id="29122" visible="true" version="1" lat="49.99994930859" lon="9.00481392098" />
  <node id="29123" visible="true" version="1" lat="49.9999493083" lon="9.00482089768" />
  <node id="29124" visible="true" version="1" lat="49.99994930801" lon="9.00482787437" />
  <node id="29125" visible="true" version="1" lat="49.99994930772" lon="9.00483485107" />
  <node id="29126" visible="true" version="1" lat="49.99994930743" lon="9.00484182777" />
  <node id="29127" visible="true" version="1" lat="49.99994930714" lon="9.00484880446" />
  <node id="29128" visible="true" version="1" lat="49.99994930685" lon="9.00485578116" />
  <node id="29129" visible="true" version="1" lat="49.99994930656" lon="9.00486275786" />
  <node id="29130" visible="true" version="1" lat="49.99994930626" lon="9.00486973455" />
  <node id="29131" visible="true" version="1" lat="49.99994930597" lon="9.00487671125" />
  <node id="29132" visible="true" version="1" lat="49.99994930568" lon="9.00488368795" />
  <node id="29133" visible="true" version="1" lat="49.99994930538" lon="9.00489066465" />
  <node id="29134" visible="true" version="1" lat="49.99994930509" lon="9.00489764134" />
  <node id="29135" visible="true" version="1" lat="49.99994930479" lon="9.00490461804" />
  <node id="29136" visible="true" version="1" lat="49.9999493045" lon="9.00491159474" />
  <node id="29137" visible="true" version="1" lat="49.9999493042" lon="9.00491857143" />
  <node id="29138" visible="true" version="1" lat="49.99994930391" lon="9.00492554813" />
  <node id="29139" visible="true" version="1" lat="49.99994930361" lon="9.00493252483" />
  <node id="29140" visible="true" version="1" lat="49.99994930331" lon="9.00493950153" />
  <node id="29141" visible="true" version="1" lat="49.99994930302" lon="9.00494647822" />
  <node id="29142" visible="true" version="1" lat="49.99994930272" lon="9.00495345492" />
  <node id="29143" visible="true" version="1" lat="49.99994930242" lon="9.00496043162" />
  <node id="29144" visible="true" version="1" lat="49.99994930212" lon="9.00496740831" />
  <node id="29145" visible="true" version="1" lat="49.99994930182" lon="9.00497438501" />
  <node id="29146" visible="true" version="1" lat="49.99994930153" lon="9.00498136171" />
  <node id="29147" visible="true" version="1" lat="49.99994930123" lon="9.0049883384" />
  <node id="29148" visible="true" version="1" lat="49.99994930093" lon="9.0049953151" />
  <node id="29149" visible="true" version="1" lat="49.99994930062" lon="9.0050022918" />
  <node id="29150" visible="true" version="1" lat="49.99994930032" lon="9.0050092685" />
  <node id="29151" visible="true" version="1" lat="49.99994930002" lon="9.00501624519" />
  <node id="29152" visible="true" version="1" lat="49.99994929972" lon="9.00502322189" />
  <node id="29153" visible="true" version="1" lat="49.99994929942" lon="9.00503019859" />
  <node id="29154" visible="true" version="1" lat="49.99994929912" lon="9.00503717528" />
  <node id="29155" visible="true" version="1" lat="49.99994929881" lon="9.00504415198" />
  <node id="29156" visible="true" version="1" lat="49.99994929851" lon="9.00505112868" />
  <node id="29157" visible="true" version="1" lat="49.99994929821" lon="9.00505810537" />
  <node id="29158" visible="true" version="1" lat="49.9999492979" lon="9.00506508207" />
  <node id="29159" visible="true" version="1" lat="49.9999492976" lon="9.00507205877" />
  <node id="29160" visible="true" version="1" lat="49.99994929729" lon="9.00507903547" />
  <node id="29161" visible="true" version="1" lat="49.99994929699" lon="9.00508601216" />
  <node id="29162" visible="true" version="1" lat="49.99994929668" lon="9.00509298886" />
  <node id="29163" visible="true" version="1" lat="49.99994929637" lon="9.00509996556" />
  <node id="29164" visible="true" version="1" lat="49.99994929607" lon="9.00510694225" />
  <node id="29165" visible="true" version="1" lat="49.99994929576" lon="9.00511391895" />
  <node id="29166" visible="true" version="1" lat="49.99994929545" lon="9.00512089565" />
  <node id="29167" visible="true" version="1" lat="49.99994929514" lon="9.00512787235" />
  <node id="29168" visible="true" version="1" lat="49.99994929483" lon="9.00513484904" />
  <node id="29169" visible="true" version="1" lat="49.99994929453" lon="9.00514182574" />
  <node id="29170" visible="true" version="1" lat="49.99994929422" lon="9.00514880244" />
  <node id="29171" visible="true" version="1" lat="49.99994929391" lon="9.00515577913" />
  <node id="29172" visible="true" version="1" lat="49.9999492936" lon="9.00516275583" />
  <node id="29173" visible="true" version="1" lat="49.99994929329" lon="9.00516973253" />
  <node id="29174" visible="true" version="1" lat="49.99994929297" lon="9.00517670922" />
  <node id="29175" visible="true" version="1" lat="49.99994929266" lon="9.00518368592" />
  <node id="29176" visible="true" version="1" lat="49.99994929235" lon="9.00519066262" />
  <node id="29177" visible="true" version="1" lat="49.99994929204" lon="9.00519763932" />
  <node id="29178" visible="true" version="1" lat="49.99994929173" lon="9.00520461601" />
  <node id="29179" visible="true" version="1" lat="49.99994929141" lon="9.00521159271" />
  <node id="29180" visible="true" version="1" lat="49.9999492911" lon="9.00521856941" />
  <node id="29181" visible="true" version="1" lat="49.99994929079" lon="9.0052255461" />
  <node id="29182" visible="true" version="1" lat="49.99994929047" lon="9.0052325228" />
  <node id="29183" visible="true" version="1" lat="49.99994929016" lon="9.0052394995" />
  <node id="29184" visible="true" version="1" lat="49.99994928984" lon="9.00524647619" />
  <node id="29185" visible="true" version="1" lat="49.99994928953" lon="9.00525345289" />
  <node id="29186" visible="true" version="1" lat="49.99994928921" lon="9.00526042959" />
  <node id="29187" visible="true" version="1" lat="49.99994928889" lon="9.00526740629" />
  <node id="29188" visible="true" version="1" lat="49.99994928858" lon="9.00527438298" />
  <node id="29189" visible="true" version="1" lat="49.99994928826" lon="9.00528135968" />
  <node id="29190" visible="true" version="1" lat="49.99994928794" lon="9.00528833638" />
  <node id="29191" visible="true" version="1" lat="49.99994928762" lon="9.00529531307" />
  <node id="29192" visible="true" version="1" lat="49.9999492873" lon="9.00530228977" />
  <node id="29193" visible="true" version="1" lat="49.99994928698" lon="9.00530926647" />
  <node id="29194" visible="true" version="1" lat="49.99994928667" lon="9.00531624317" />
  <node id="29195" visible="true" version="1" lat="49.99994928635" lon="9.00532321986" />
  <node id="29196" visible="true" version="1" lat="49.99994928603" lon="9.00533019656" />
  <node id="29197" visible="true" version="1" lat="49.9999492857" lon="9.00533717326" />
  <node id="29198" visible="true" version="1" lat="49.99994928538" lon="9.00534414995" />
  <node id="29199" visible="true" version="1" lat="49.99994928506" lon="9.00535112665" />
  <node id="29200" visible="true" version="1" lat="49.99994928474" lon="9.00535810335" />
  <node id="29201" visible="true" version="1" lat="49.99994928442" lon="9.00536508004" />
  <node id="29202" visible="true" version="1" lat="49.99994928409" lon="9.00537205674" />
  <node id="29203" visible="true" version="1" lat="49.99994928377" lon="9.00537903344" />
  <node id="29204" visible="true" version="1" lat="49.99994928345" lon="9.00538601014" />
  <node id="29205" visible="true" version="1" lat="49.99994928312" lon="9.00539298683" />
  <node id="29206" visible="true" version="1" lat="49.9999492828" lon="9.00539996353" />
  <node id="29207" visible="true" version="1" lat="49.99994928247" lon="9.00540694023" />
  <node id="29208" visible="true" version="1" lat="49.99994928215" lon="9.00541391692" />
  <node id="29209" visible="true" version="1" lat="49.99994928182" lon="9.00542089362" />
  <node id="29210" visible="true" version="1" lat="49.9999492815" lon="9.00542787032" />
  <node id="29211" visible="true" version="1" lat="49.99994928117" lon="9.00543484701" />
  <node id="29212" visible="true" version="1" lat="49.99994928084" lon="9.00544182371" />
  <node id="29213" visible="true" version="1" lat="49.99994928052" lon="9.00544880041" />
  <node id="29214" visible="true" version="1" lat="49.99994928019" lon="9.00545577711" />
  <node id="29215" visible="true" version="1" lat="49.99994927986" lon="9.0054627538" />
  <node id="29216" visible="true" version="1" lat="49.99994927953" lon="9.0054697305" />
  <node id="29217" visible="true" version="1" lat="49.9999492792" lon="9.0054767072" />
  <node id="29218" visible="true" version="1" lat="49.99994927887" lon="9.00548368389" />
  <node id="29219" visible="true" version="1" lat="49.99994927854" lon="9.00549066059" />
  <node id="29220" visible="true" version="1" lat="49.99994927821" lon="9.00549763729" />
  <node id="29221" visible="true" version="1" lat="49.99994927788" lon="9.00550461399" />
  <node id="29222" visible="true" version="1" lat="49.99994927755" lon="9.00551159068" />
  <node id="29223" visible="true" version="1" lat="49.99994927722" lon="9.00551856738" />
  <node id="29224" visible="true" version="1" lat="49.99994927689" lon="9.00552554408" />
  <node id="29225" visible="true" version="1" lat="49.99994927656" lon="9.00553252077" />
  <node id="29226" visible="true" version="1" lat="49.99994927622" lon="9.00553949747" />
  <node id="29227" visible="true" version="1" lat="49.99994927589" lon="9.00554647417" />
  <node id="29228" visible="true" version="1" lat="49.99994927556" lon="9.00555345086" />
  <node id="29229" visible="true" version="1" lat="49.99994927522" lon="9.00556042756" />
  <node id="29230" visible="true" version="1" lat="49.99994927489" lon="9.00556740426" />
  <node id="29231" visible="true" version="1" lat="49.99994927455" lon="9.00557438096" />
  <node id="29232" visible="true" version="1" lat="49.99994927422" lon="9.00558135765" />
  <node id="29233" visible="true" version="1" lat="49.99994927388" lon="9.00558833435" />
  <node id="29234" visible="true" version="1" lat="49.99994927354" lon="9.00559531105" />
  <node id="29235" visible="true" version="1" lat="49.99994927321" lon="9.00560228774" />
  <node id="29236" visible="true" version="1" lat="49.99994927287" lon="9.00560926444" />
  <node id="29237" visible="true" version="1" lat="49.99994927253" lon="9.00561624114" />
  <node id="29238" visible="true" version="1" lat="49.9999492722" lon="9.00562321783" />
  <node id="29239" visible="true" version="1" lat="49.99994927186" lon="9.00563019453" />
  <node id="29240" visible="true" version="1" lat="49.99994927152" lon="9.00563717123" />
  <node id="29241" visible="true" version="1" lat="49.99994927118" lon="9.00564414793" />
  <node id="29242" visible="true" version="1" lat="49.99994927084" lon="9.00565112462" />
  <node id="29243" visible="true" version="1" lat="49.9999492705" lon="9.00565810132" />
  <node id="29244" visible="true" version="1" lat="49.99994927016" lon="9.00566507802" />
  <node id="29245" visible="true" version="1" lat="49.99994926982" lon="9.00567205471" />
  <node id="29246" visible="true" version="1" lat="49.99994926948" lon="9.00567903141" />
  <node id="29247" visible="true" version="1" lat="49.99994926914" lon="9.00568600811" />
  <node id="29248" visible="true" version="1" lat="49.99994926879" lon="9.00569298481" />
  <node id="29249" visible="true" version="1" lat="49.99994926845" lon="9.0056999615" />
  <node id="29250" visible="true" version="1" lat="49.99994926811" lon="9.0057069382" />
  <node id="29251" visible="true" version="1" lat="49.99994926776" lon="9.0057139149" />
  <node id="29252" visible="true" version="1" lat="49.99994926742" lon="9.00572089159" />
  <node id="29253" visible="true" version="1" lat="49.99994926708" lon="9.00572786829" />
  <node id="29254" visible="true" version="1" lat="49.99994926673" lon="9.00573484499" />
  <node id="29255" visible="true" version="1" lat="49.99994926639" lon="9.00574182168" />
  <node id="29256" visible="true" version="1" lat="49.99994926604" lon="9.00574879838" />
  <node id="29257" visible="true" version="1" lat="49.9999492657" lon="9.00575577508" />
  <node id="29258" visible="true" version="1" lat="49.99994926535" lon="9.00576275178" />
  <node id="29259" visible="true" version="1" lat="49.999949265" lon="9.00576972847" />
  <node id="29260" visible="true" version="1" lat="49.99994926466" lon="9.00577670517" />
  <node id="29261" visible="true" version="1" lat="49.99994926431" lon="9.00578368187" />
  <node id="29262" visible="true" version="1" lat="49.99994926396" lon="9.00579065856" />
  <node id="29263" visible="true" version="1" lat="49.99994926361" lon="9.00579763526" />
  <node id="29264" visible="true" version="1" lat="49.99994926326" lon="9.00580461196" />
  <node id="29265" visible="true" version="1" lat="49.99994926291" lon="9.00581158865" />
  <node id="29266" visible="true" version="1" lat="49.99994926256" lon="9.00581856535" />
  <node id="29267" visible="true" version="1" lat="49.99994926221" lon="9.00582554205" />
  <node id="29268" visible="true" version="1" lat="49.99994926186" lon="9.00583251875" />
  <node id="29269" visible="true" version="1" lat="49.99994926151" lon="9.00583949544" />
  <node id="29270" visible="true" version="1" lat="49.99994926116" lon="9.00584647214" />
  <node id="29271" visible="true" version="1" lat="49.99994926081" lon="9.00585344884" />
  <node id="29272" visible="true" version="1" lat="49.99994926046" lon="9.00586042553" />
  <node id="29273" visible="true" version="1" lat="49.9999492601" lon="9.00586740223" />
  <node id="29274" visible="true" version="1" lat="49.99994925975" lon="9.00587437893" />
  <node id="29275" visible="true" version="1" lat="49.9999492594" lon="9.00588135562" />
  <node id="29276" visible="true" version="1" lat="49.99994925904" lon="9.00588833232" />
  <node id="29277" visible="true" version="1" lat="49.99994925869" lon="9.00589530902" />
  <node id="29278" visible="true" version="1" lat="49.99994925834" lon="9.00590228572" />
  <node id="29279" visible="true" version="1" lat="49.99994925798" lon="9.00590926241" />
  <node id="29280" visible="true" version="1" lat="49.99994925763" lon="9.00591623911" />
  <node id="29281" visible="true" version="1" lat="49.99994925727" lon="9.00592321581" />
  <node id="29282" visible="true" version="1" lat="49.99994925691" lon="9.0059301925" />
  <node id="29283" visible="true" version="1" lat="49.99994925656" lon="9.0059371692" />
  <node id="29284" visible="true" version="1" lat="49.9999492562" lon="9.0059441459" />
  <node id="29285" visible="true" version="1" lat="49.99994925584" lon="9.00595112259" />
  <node id="29286" visible="true" version="1" lat="49.99994925548" lon="9.00595809929" />
  <node id="29287" visible="true" version="1" lat="49.99994925512" lon="9.00596507599" />
  <node id="29288" visible="true" version="1" lat="49.99994925477" lon="9.00597205269" />
  <node id="29289" visible="true" version="1" lat="49.99994925441" lon="9.00597902938" />
  <node id="29290" visible="true" version="1" lat="49.99994925405" lon="9.00598600608" />
  <node id="29291" visible="true" version="1" lat="49.99994925369" lon="9.00599298278" />
  <node id="29292" visible="true" version="1" lat="49.99994925333" lon="9.00599995947" />
  <node id="29293" visible="true" version="1" lat="49.99994925297" lon="9.00600693617" />
  <node id="29294" visible="true" version="1" lat="49.9999492526" lon="9.00601391287" />
  <node id="29295" visible="true" version="1" lat="49.99994925224" lon="9.00602088957" />
  <node id="29296" visible="true" version="1" lat="49.99994925188" lon="9.00602786626" />
  <node id="29297" visible="true" version="1" lat="49.99994925152" lon="9.00603484296" />
  <node id="29298" visible="true" version="1" lat="49.99994925115" lon="9.00604181966" />
  <node id="29299" visible="true" version="1" lat="49.99994925079" lon="9.00604879635" />
  <node id="29300" visible="true" version="1" lat="49.99994925043" lon="9.00605577305" />
  <node id="29301" visible="true" version="1" lat="49.99994925006" lon="9.00606274975" />
  <node id="29302" visible="true" version="1" lat="49.9999492497" lon="9.00606972644" />
  <node id="29303" visible="true" version="1" lat="49.99994924933" lon="9.00607670314" />
  <node id="29304" visible="true" version="1" lat="49.99994924897" lon="9.00608367984" />
  <node id="29305" visible="true" version="1" lat="49.9999492486" lon="9.00609065654" />
  <node id="29306" visible="true" version="1" lat="49.99994924823" lon="9.00609763323" />
  <node id="29307" visible="true" version="1" lat="49.99994924787" lon="9.00610460993" />
  <node id="29308" visible="true" version="1" lat="49.9999492475" lon="9.00611158663" />
  <node id="29309" visible="true" version="1" lat="49.99994924713" lon="9.00611856332" />
  <node id="29310" visible="true" version="1" lat="49.99994924677" lon="9.00612554002" />
  <node id="29311" visible="true" version="1" lat="49.9999492464" lon="9.00613251672" />
  <node id="29312" visible="true" version="1" lat="49.99994924603" lon="9.00613949341" />
  <node id="29313" visible="true" version="1" lat="49.99994924566" lon="9.00614647011" />
  <node id="29314" visible="true" version="1" lat="49.99994924529" lon="9.00615344681" />
  <node id="29315" visible="true" version="1" lat="49.99994924492" lon="9.00616042351" />
  <node id="29316" visible="true" version="1" lat="49.99994924455" lon="9.0061674002" />
  <node id="29317" visible="true" version="1" lat="49.99994924418" lon="9.0061743769" />
  <node id="29318" visible="true" version="1" lat="49.99994924381" lon="9.0061813536" />
  <node id="29319" visible="true" version="1" lat="49.99994924343" lon="9.00618833029" />
  <node id="29320" visible="true" version="1" lat="49.99994924306" lon="9.00619530699" />
  <node id="29321" visible="true" version="1" lat="49.99994924269" lon="9.00620228369" />
  <node id="29322" visible="true" version="1" lat="49.99994924232" lon="9.00620926038" />
  <node id="29323" visible="true" version="1" lat="49.99994924194" lon="9.00621623708" />
  <node id="29324" visible="true" version="1" lat="49.99994924157" lon="9.00622321378" />
  <node id="29325" visible="true" version="1" lat="49.99994924119" lon="9.00623019048" />
  <node id="29326" visible="true" version="1" lat="49.99994924082" lon="9.00623716717" />
  <node id="29327" visible="true" version="1" lat="49.99994924044" lon="9.00624414387" />
  <node id="29328" visible="true" version="1" lat="49.99994924007" lon="9.00625112057" />
  <node id="29329" visible="true" version="1" lat="49.99994923969" lon="9.00625809726" />
  <node id="29330" visible="true" version="1" lat="49.99994923932" lon="9.00626507396" />
  <node id="29331" visible="true" version="1" lat="49.99994923894" lon="9.00627205066" />
  <node id="29332" visible="true" version="1" lat="49.99994923856" lon="9.00627902735" />
  <node id="29333" visible="true" version="1" lat="49.99994923818" lon="9.00628600405" />
  <node id="29334" visible="true" version="1" lat="49.99994923781" lon="9.00629298075" />
  <node id="29335" visible="true" version="1" lat="49.99994923743" lon="9.00629995745" />
  <node id="29336" visible="true" version="1" lat="49.99994923705" lon="9.00630693414" />
  <node id="29337" visible="true" version="1" lat="49.99994923667" lon="9.00631391084" />
  <node id="29338" visible="true" version="1" lat="49.99994923629" lon="9.00632088754" />
  <node id="29339" visible="true" version="1" lat="49.99994923591" lon="9.00632786423" />
  <node id="29340" visible="true" version="1" lat="49.99994923553" lon="9.00633484093" />
  <node id="29341" visible="true" version="1" lat="49.99994923515" lon="9.00634181763" />
  <node id="29342" visible="true" version="1" lat="49.99994923476" lon="9.00634879433" />
  <node id="29343" visible="true" version="1" lat="49.99994923438" lon="9.00635577102" />
  <node id="29344" visible="true" version="1" lat="49.999949234" lon="9.00636274772" />
  <node id="29345" visible="true" version="1" lat="49.99994923362" lon="9.00636972442" />
  <node id="29346" visible="true" version="1" lat="49.99994923323" lon="9.00637670111" />
  <node id="29347" visible="true" version="1" lat="49.99994923285" lon="9.00638367781" />
  <node id="29348" visible="true" version="1" lat="49.99994923247" lon="9.00639065451" />
  <node id="29349" visible="true" version="1" lat="49.99994923208" lon="9.0063976312" />
  <node id="29350" visible="true" version="1" lat="49.9999492317" lon="9.0064046079" />
  <node id="29351" visible="true" version="1" lat="49.99994923131" lon="9.0064115846" />
  <node id="29352" visible="true" version="1" lat="49.99994923093" lon="9.0064185613" />
  <node id="29353" visible="true" version="1" lat="49.99994923054" lon="9.00642553799" />
  <node id="29354" visible="true" version="1" lat="49.99994923015" lon="9.00643251469" />
  <node id="29355" visible="true" version="1" lat="49.99994922977" lon="9.00643949139" />
  <node id="29356" visible="true" version="1" lat="49.99994922938" lon="9.00644646808" />
  <node id="29357" visible="true" version="1" lat="49.99994922899" lon="9.00645344478" />
  <node id="29358" visible="true" version="1" lat="49.9999492286" lon="9.00646042148" />
  <node id="29359" visible="true" version="1" lat="49.99994922821" lon="9.00646739817" />
  <node id="29360" visible="true" version="1" lat="49.99994922783" lon="9.00647437487" />
  <node id="29361" visible="true" version="1" lat="49.99994922744" lon="9.00648135157" />
  <node id="29362" visible="true" version="1" lat="49.99994922705" lon="9.00648832827" />
  <node id="29363" visible="true" version="1" lat="49.99994922666" lon="9.00649530496" />
  <node id="29364" visible="true" version="1" lat="49.99994922627" lon="9.00650228166" />
  <node id="29365" visible="true" version="1" lat="49.99994922587" lon="9.00650925836" />
  <node id="29366" visible="true" version="1" lat="49.99994922548" lon="9.00651623505" />
  <node id="29367" visible="true" version="1" lat="49.99994922509" lon="9.00652321175" />
  <node id="29368" visible="true" version="1" lat="49.9999492247" lon="9.00653018845" />
  <node id="29369" visible="true" version="1" lat="49.99994922431" lon="9.00653716514" />
  <node id="29370" visible="true" version="1" lat="49.99994922391" lon="9.00654414184" />
  <node id="29371" visible="true" version="1" lat="49.99994922352" lon="9.00655111854" />
  <node id="29372" visible="true" version="1" lat="49.99994922312" lon="9.00655809524" />
  <node id="29373" visible="true" version="1" lat="49.99994922273" lon="9.00656507193" />
  <node id="29374" visible="true" version="1" lat="49.99994922233" lon="9.00657204863" />
  <node id="29375" visible="true" version="1" lat="49.99994922194" lon="9.00657902533" />
  <node id="29376" visible="true" version="1" lat="49.99994922154" lon="9.00658600202" />
  <node id="29377" visible="true" version="1" lat="49.99994922115" lon="9.00659297872" />
  <node id="29378" visible="true" version="1" lat="49.99994922075" lon="9.00659995542" />
  <node id="29379" visible="true" version="1" lat="49.99994922035" lon="9.00660693211" />
  <node id="29380" visible="true" version="1" lat="49.99994921996" lon="9.00661390881" />
  <node id="29381" visible="true" version="1" lat="49.99994921956" lon="9.00662088551" />
  <node id="29382" visible="true" version="1" lat="49.99994921916" lon="9.00662786221" />
  <node id="29383" visible="true" version="1" lat="49.99994921876" lon="9.0066348389" />
  <node id="29384" visible="true" version="1" lat="49.99994921836" lon="9.0066418156" />
  <node id="29385" visible="true" version="1" lat="49.99994921796" lon="9.0066487923" />
  <node id="29386" visible="true" version="1" lat="49.99994921756" lon="9.00665576899" />
  <node id="29387" visible="true" version="1" lat="49.99994921716" lon="9.00666274569" />
  <node id="29388" visible="true" version="1" lat="49.99994921676" lon="9.00666972239" />
  <node id="29389" visible="true" version="1" lat="49.99994921636" lon="9.00667669908" />
  <node id="29390" visible="true" version="1" lat="49.99994921596" lon="9.00668367578" />
  <node id="29391" visible="true" version="1" lat="49.99994921556" lon="9.00669065248" />
  <node id="29392" visible="true" version="1" lat="49.99994921515" lon="9.00669762918" />
  <node id="29393" visible="true" version="1" lat="49.99994921475" lon="9.00670460587" />
  <node id="29394" visible="true" version="1" lat="49.99994921435" lon="9.00671158257" />
  <node id="29395" visible="true" version="1" lat="49.99994921394" lon="9.00671855927" />
  <node id="29396" visible="true" version="1" lat="49.99994921354" lon="9.00672553596" />
  <node id="29397" visible="true" version="1" lat="49.99994921314" lon="9.00673251266" />
  <node id="29398" visible="true" version="1" lat="49.99994921273" lon="9.00673948936" />
  <node id="29399" visible="true" version="1" lat="49.99994921233" lon="9.00674646605" />
  <node id="29400" visible="true" version="1" lat="49.99994921192" lon="9.00675344275" />
  <node id="29401" visible="true" version="1" lat="49.99994921151" lon="9.00676041945" />
  <node id="29402" visible="true" version="1" lat="49.99994921111" lon="9.00676739615" />
  <node id="29403" visible="true" version="1" lat="49.9999492107" lon="9.00677437284" />
  <node id="29404" visible="true" version="1" lat="49.99994921029" lon="9.00678134954" />
  <node id="29405" visible="true" version="1" lat="49.99994920988" lon="9.00678832624" />
  <node id="29406" visible="true" version="1" lat="49.99994920948" lon="9.00679530293" />
  <node id="29407" visible="true" version="1" lat="49.99994920907" lon="9.00680227963" />
  <node id="29408" visible="true" version="1" lat="49.99994920866" lon="9.00680925633" />
  <node id="29409" visible="true" version="1" lat="49.99994920825" lon="9.00681623302" />
  <node id="29410" visible="true" version="1" lat="49.99994920784" lon="9.00682320972" />
  <node id="29411" visible="true" version="1" lat="49.99994920743" lon="9.00683018642" />
  <node id="29412" visible="true" version="1" lat="49.99994920702" lon="9.00683716312" />
  <node id="29413" visible="true" version="1" lat="49.99994920661" lon="9.00684413981" />
  <node id="29414" visible="true" version="1" lat="49.99994920619" lon="9.00685111651" />
  <node id="29415" visible="true" version="1" lat="49.99994920578" lon="9.00685809321" />
  <node id="29416" visible="true" version="1" lat="49.99994920537" lon="9.0068650699" />
  <node id="29417" visible="true" version="1" lat="49.99994920496" lon="9.0068720466" />
  <node id="29418" visible="true" version="1" lat="49.99994920454" lon="9.0068790233" />
  <node id="29419" visible="true" version="1" lat="49.99994920413" lon="9.00688599999" />
  <node id="29420" visible="true" version="1" lat="49.99994920371" lon="9.00689297669" />
  <node id="29421" visible="true" version="1" lat="49.9999492033" lon="9.00689995339" />
  <node id="29422" visible="true" version="1" lat="49.99994920288" lon="9.00690693009" />
  <node id="29423" visible="true" version="1" lat="49.99994920247" lon="9.00691390678" />
  <node id="29424" visible="true" version="1" lat="49.99994920205" lon="9.00692088348" />
  <node id="29425" visible="true" version="1" lat="49.99994920164" lon="9.00692786018" />
  <node id="29426" visible="true" version="1" lat="49.99994920122" lon="9.00693483687" />
  <node id="29427" visible="true" version="1" lat="49.9999492008" lon="9.00694181357" />
  <node id="29428" visible="true" version="1" lat="49.99994920039" lon="9.00694879027" />
  <node id="29429" visible="true" version="1" lat="49.99994919997" lon="9.00695576696" />
  <node id="29430" visible="true" version="1" lat="49.99994919955" lon="9.00696274366" />
  <node id="29431" visible="true" version="1" lat="49.99994919913" lon="9.00696972036" />
  <node id="29432" visible="true" version="1" lat="49.99994919871" lon="9.00697669706" />
  <node id="29434" visible="true" version="1" lat="49.9999662723" lon="9" />
  <node id="29435" visible="true" version="1" lat="49.9999662723" lon="9.0000069767" />
  <node id="29436" visible="true" version="1" lat="49.9999662723" lon="9.0000139534" />
  <node id="29437" visible="true" version="1" lat="49.9999662723" lon="9.0000209301" />
  <node id="29438" visible="true" version="1" lat="49.9999662723" lon="9.0000279068" />
  <node id="29439" visible="true" version="1" lat="49.99996627229" lon="9.0000348835" />
  <node id="29440" visible="true" version="1" lat="49.99996627229" lon="9.0000418602" />
  <node id="29441" visible="true" version="1" lat="49.99996627229" lon="9.0000488369" />
  <node id="29442" visible="true" version="1" lat="49.99996627229" lon="9.0000558136" />
  <node id="29443" visible="true" version="1" lat="49.99996627228" lon="9.0000627903" />
  <node id="29444" visible="true" version="1" lat="49.99996627228" lon="9.000069767" />
  <node id="29445" visible="true" version="1" lat="49.99996627227" lon="9.00007674369" />
  <node id="29446" visible="true" version="1" lat="49.99996627227" lon="9.00008372039" />
  <node id="29447" visible="true" version="1" lat="49.99996627226" lon="9.00009069709" />
  <node id="29448" visible="true" version="1" lat="49.99996627226" lon="9.00009767379" />
  <node id="29449" visible="true" version="1" lat="49.99996627225" lon="9.00010465049" />
  <node id="29450" visible="true" version="1" lat="49.99996627225" lon="9.00011162719" />
  <node id="29451" visible="true" version="1" lat="49.99996627224" lon="9.00011860389" />
  <node id="29452" visible="true" version="1" lat="49.99996627223" lon="9.00012558059" />
  <node id="29453" visible="true" version="1" lat="49.99996627222" lon="9.00013255729" />
  <node id="29454" visible="true" version="1" lat="49.99996627222" lon="9.00013953399" />
  <node id="29455" visible="true" version="1" lat="49.99996627221" lon="9.00014651069" />
  <node id="29456" visible="true" version="1" lat="49.9999662722" lon="9.00015348739" />
  <node id="29457" visible="true" version="1" lat="49.99996627219" lon="9.00016046409" />
  <node id="29458" visible="true" version="1" lat="49.99996627218" lon="9.00016744079" />
  <node id="29459" visible="true" version="1" lat="49.99996627217" lon="9.00017441749" />
  <node id="29460" visible="true" version="1" lat="49.99996627216" lon="9.00018139419" />
  <node id="29461" visible="true" version="1" lat="49.99996627215" lon="9.00018837089" />
  <node id="29462" visible="true" version="1" lat="49.99996627213" lon="9.00019534759" />
  <node id="29463" visible="true" version="1" lat="49.99996627212" lon="9.00020232429" />
  <node id="29464" visible="true" version="1" lat="49.99996627211" lon="9.00020930099" />
  <node id="29465" visible="true" version="1" lat="49.9999662721" lon="9.00021627769" />
  <node id="29466" visible="true" version="1" lat="49.99996627208" lon="9.00022325438" />
  <node id="29467" visible="true" version="1" lat="49.99996627207" lon="9.00023023108" />
  <node id="29468" visible="true" version="1" lat="49.99996627206" lon="9.00023720778" />
  <node id="29469" visible="true" version="1" lat="49.99996627204" lon="9.00024418448" />
  <node id="29470" visible="true" version="1" lat="49.99996627203" lon="9.00025116118" />
  <node id="29471" visible="true" version="1" lat="49.99996627201" lon="9.00025813788" />
  <node id="29472" visible="true" version="1" lat="49.999966272" lon="9.00026511458" />
  <node id="29473" visible="true" version="1" lat="49.99996627198" lon="9.00027209128" />
  <node id="29474" visible="true" version="1" lat="49.99996627196" lon="9.00027906798" />
  <node id="29475" visible="true" version="1" lat="49.99996627195" lon="9.00028604468" />
  <node id="29476" visible="true" version="1" lat="49.99996627193" lon="9.00029302138" />
  <node id="29477" visible="true" version="1" lat="49.99996627191" lon="9.00029999808" />
  <node id="29478" visible="true" version="1" lat="49.99996627189" lon="9.00030697478" />
  <node id="29479" visible="true" version="1" lat="49.99996627187" lon="9.00031395148" />
  <node id="29480" visible="true" version="1" lat="49.99996627186" lon="9.00032092818" />
  <node id="29481" visible="true" version="1" lat="49.99996627184" lon="9.00032790488" />
  <node id="29482" visible="true" version="1" lat="49.99996627182" lon="9.00033488158" />
  <node id="29483" visible="true" version="1" lat="49.9999662718" lon="9.00034185828" />
  <node id="29484" visible="true" version="1" lat="49.99996627177" lon="9.00034883498" />
  <node id="29485" visible="true" version="1" lat="49.99996627175" lon="9.00035581168" />
  <node id="29486" visible="true" version="1" lat="49.99996627173" lon="9.00036278838" />
  <node id="29487" visible="true" version="1" lat="49.99996627171" lon="9.00036976507" />
  <node id="29488" visible="true" version="1" lat="49.99996627169" lon="9.00037674177" />
  <node id="29489" visible="true" version="1" lat="49.99996627166" lon="9.00038371847" />
  <node id="29490" visible="true" version="1" lat="49.99996627164" lon="9.00039069517" />
  <node id="29491" visible="true" version="1" lat="49.99996627162" lon="9.00039767187" />
  <node id="29492" visible="true" version="1" lat="49.99996627159" lon="9.00040464857" />
  <node id="29493" visible="true" version="1" lat="49.99996627157" lon="9.00041162527" />
  <node id="29494" visible="true" version="1" lat="49.99996627154" lon="9.00041860197" />
  <node id="29495" visible="true" version="1" lat="49.99996627152" lon="9.00042557867" />
  <node id="29496" visible="true" version="1" lat="49.99996627149" lon="9.00043255537" />
  <node id="29497" visible="true" version="1" lat="49.99996627147" lon="9.00043953207" />
  <node id="29498" visible="true" version="1" lat="49.99996627144" lon="9.00044650877" />
  <node id="29499" visible="true" version="1" lat="49.99996627141" lon="9.00045348547" />
  <node id="29500" visible="true" version="1" lat="49.99996627139" lon="9.00046046217" />
  <node id="29501" visible="true" version="1" lat="49.99996627136" lon="9.00046743887" />
  <node id="29502" visible="true" version="1" lat="49.99996627133" lon="9.00047441557" />
  <node id="29503" visible="true" version="1" lat="49.9999662713" lon="9.00048139227" />
  <node id="29504" visible="true" version="1" lat="49.99996627127" lon="9.00048836897" />
  <node id="29505" visible="true" version="1" lat="49.99996627124" lon="9.00049534567" />
  <node id="29506" visible="true" version="1" lat="49.99996627121" lon="9.00050232237" />
  <node id="29507" visible="true" version="1" lat="49.99996627118" lon="9.00050929907" />
  <node id="29508" visible="true" version="1" lat="49.99996627115" lon="9.00051627576" />
  <node id="29509" visible="true" version="1" lat="49.99996627112" lon="9.00052325246" />
  <node id="29510" visible="true" version="1" lat="49.99996627109" lon="9.00053022916" />
  <node id="29511" visible="true" version="1" lat="49.99996627106" lon="9.00053720586" />
  <node id="29512" visible="true" version="1" lat="49.99996627102" lon="9.00054418256" />
  <node id="29513" visible="true" version="1" lat="49.99996627099" lon="9.00055115926" />
  <node id="29514" visible="true" version="1" lat="49.99996627096" lon="9.00055813596" />
  <node id="29515" visible="true" version="1" lat="49.99996627092" lon="9.00056511266" />
  <node id="29516" visible="true" version="1" lat="49.99996627089" lon="9.00057208936" />
  <node id="29517" visible="true" version="1" lat="49.99996627085" lon="9.00057906606" />
  <node id="29518" visible="true" version="1" lat="49.99996627082" lon="9.00058604276" />
  <node id="29519" visible="true" version="1" lat="49.99996627078" lon="9.00059301946" />
  <node id="29520" visible="true" version="1" lat="49.99996627075" lon="9.00059999616" />
  <node id="29521" visible="true" version="1" lat="49.99996627071" lon="9.00060697286" />
  <node id="29522" visible="true" version="1" lat="49.99996627067" lon="9.00061394956" />
  <node id="29523" visible="true" version="1" lat="49.99996627064" lon="9.00062092626" />
  <node id="29524" visible="true" version="1" lat="49.9999662706" lon="9.00062790296" />
  <node id="29525" visible="true" version="1" lat="49.99996627056" lon="9.00063487966" />
  <node id="29526" visible="true" version="1" lat="49.99996627052" lon="9.00064185636" />
  <node id="29527" visible="true" version="1" lat="49.99996627048" lon="9.00064883306" />
  <node id="29528" visible="true" version="1" lat="49.99996627045" lon="9.00065580976" />
  <node id="29529" visible="true" version="1" lat="49.99996627041" lon="9.00066278645" />
  <node id="29530" visible="true" version="1" lat="49.99996627037" lon="9.00066976315" />
  <node id="29531" visible="true" version="1" lat="49.99996627033" lon="9.00067673985" />
  <node id="29532" visible="true" version="1" lat="49.99996627028" lon="9.00068371655" />
  <node id="29533" visible="true" version="1" lat="49.99996627024" lon="9.00069069325" />
  <node id="29534" visible="true" version="1" lat="49.9999662702" lon="9.00069766995" />
  <node id="29535" visible="true" version="1" lat="49.99996627016" lon="9.00070464665" />
  <node id="29536" visible="true" version="1" lat="49.99996627012" lon="9.00071162335" />
  <node id="29537" visible="true" version="1" lat="49.99996627007" lon="9.00071860005" />
  <node id="29538" visible="true" version="1" lat="49.99996627003" lon="9.00072557675" />
  <node id="29539" visible="true" version="1" lat="49.99996626999" lon="9.00073255345" />
  <node id="29540" visible="true" version="1" lat="49.99996626994" lon="9.00073953015" />
  <node id="29541" visible="true" version="1" lat="49.9999662699" lon="9.00074650685" />
  <node id="29542" visible="true" version="1" lat="49.99996626985" lon="9.00075348355" />
  <node id="29543" visible="true" version="1" lat="49.99996626981" lon="9.00076046025" />
  <node id="29544" visible="true" version="1" lat="49.99996626976" lon="9.00076743695" />
  <node id="29545" visible="true" version="1" lat="49.99996626971" lon="9.00077441365" />
  <node id="29546" visible="true" version="1" lat="49.99996626967" lon="9.00078139035" />
  <node id="29547" visible="true" version="1" lat="49.99996626962" lon="9.00078836705" />
  <node id="29548" visible="true" version="1" lat="49.99996626957" lon="9.00079534375" />
  <node id="29549" visible="true" version="1" lat="49.99996626953" lon="9.00080232045" />
  <node id="29550" visible="true" version="1" lat="49.99996626948" lon="9.00080929714" />
  <node id="29551" visible="true" version="1" lat="49.99996626943" lon="9.00081627384" />
  <node id="29552" visible="true" version="1" lat="49.99996626938" lon="9.00082325054" />
  <node id="29553" visible="true" version="1" lat="49.99996626933" lon="9.00083022724" />
  <node id="29554" visible="true" version="1" lat="49.99996626928" lon="9.00083720394" />
  <node id="29555" visible="true" version="1" lat="49.99996626923" lon="9.00084418064" />
  <node id="29556" visible="true" version="1" lat="49.99996626918" lon="9.00085115734" />
  <node id="29557" visible="true" version="1" lat="49.99996626913" lon="9.00085813404" />
  <node id="29558" visible="true" version="1" lat="49.99996626907" lon="9.00086511074" />
  <node id="29559" visible="true" version="1" lat="49.99996626902" lon="9.00087208744" />
  <node id="29560" visible="true" version="1" lat="49.99996626897" lon="9.00087906414" />
  <node id="29561" visible="true" version="1" lat="49.99996626892" lon="9.00088604084" />
  <node id="29562" visible="true" version="1" lat="49.99996626886" lon="9.00089301754" />
  <node id="29563" visible="true" version="1" lat="49.99996626881" lon="9.00089999424" />
  <node id="29564" visible="true" version="1" lat="49.99996626875" lon="9.00090697094" />
  <node id="29565" visible="true" version="1" lat="49.9999662687" lon="9.00091394764" />
  <node id="29566" visible="true" version="1" lat="49.99996626864" lon="9.00092092434" />
  <node id="29567" visible="true" version="1" lat="49.99996626859" lon="9.00092790104" />
  <node id="29568" visible="true" version="1" lat="49.99996626853" lon="9.00093487774" />
  <node id="29569" visible="true" version="1" lat="49.99996626848" lon="9.00094185444" />
  <node id="29570" visible="true" version="1" lat="49.99996626842" lon="9.00094883114" />
  <node id="29571" visible="true" version="1" lat="49.99996626836" lon="9.00095580783" />
  <node id="29572" visible="true" version="1" lat="49.9999662683" lon="9.00096278453" />
  <node id="29573" visible="true" version="1" lat="49.99996626825" lon="9.00096976123" />
  <node id="29574" visible="true" version="1" lat="49.99996626819" lon="9.00097673793" />
  <node id="29575" visible="true" version="1" lat="49.99996626813" lon="9.00098371463" />
  <node id="29576" visible="true" version="1" lat="49.99996626807" lon="9.00099069133" />
  <node id="29577" visible="true" version="1" lat="49.99996626801" lon="9.00099766803" />
  <node id="29578" visible="true" version="1" lat="49.99996626795" lon="9.00100464473" />
  <node id="29579" visible="true" version="1" lat="49.99996626789" lon="9.00101162143" />
  <node id="29580" visible="true" version="1" lat="49.99996626783" lon="9.00101859813" />
  <node id="29581" visible="true" version="1" lat="49.99996626777" lon="9.00102557483" />
  <node id="29582" visible="true" version="1" lat="49.9999662677" lon="9.00103255153" />
  <node id="29583" visible="true" version="1" lat="49.99996626764" lon="9.00103952823" />
  <node id="29584" visible="true" version="1" lat="49.99996626758" lon="9.00104650493" />
  <node id="29585" visible="true" version="1" lat="49.99996626752" lon="9.00105348163" />
  <node id="29586" visible="true" version="1" lat="49.99996626745" lon="9.00106045833" />
  <node id="29587" visible="true" version="1" lat="49.99996626739" lon="9.00106743503" />
  <node id="29588" visible="true" version="1" lat="49.99996626732" lon="9.00107441173" />
  <node id="29589" visible="true" version="1" lat="49.99996626726" lon="9.00108138843" />
  <node id="29590" visible="true" version="1" lat="49.99996626719" lon="9.00108836513" />
  <node id="29591" visible="true" version="1" lat="49.99996626713" lon="9.00109534183" />
  <node id="29592" visible="true" version="1" lat="49.99996626706" lon="9.00110231852" />
  <node id="29593" visible="true" version="1" lat="49.999966267" lon="9.00110929522" />
  <node id="29594" visible="true" version="1" lat="49.99996626693" lon="9.00111627192" />
  <node id="29595" visible="true" version="1" lat="49.99996626686" lon="9.00112324862" />
  <node id="29596" visible="true" version="1" lat="49.99996626679" lon="9.00113022532" />
  <node id="29597" visible="true" version="1" lat="49.99996626673" lon="9.00113720202" />
  <node id="29598" visible="true" version="1" lat="49.99996626666" lon="9.00114417872" />
  <node id="29599" visible="true" version="1" lat="49.99996626659" lon="9.00115115542" />
  <node id="29600" visible="true" version="1" lat="49.99996626652" lon="9.00115813212" />
  <node id="29601" visible="true" version="1" lat="49.99996626645" lon="9.00116510882" />
  <node id="29602" visible="true" version="1" lat="49.99996626638" lon="9.00117208552" />
  <node id="29603" visible="true" version="1" lat="49.99996626631" lon="9.00117906222" />
  <node id="29604" visible="true" version="1" lat="49.99996626624" lon="9.00118603892" />
  <node id="29605" visible="true" version="1" lat="49.99996626617" lon="9.00119301562" />
  <node id="29606" visible="true" version="1" lat="49.99996626609" lon="9.00119999232" />
  <node id="29607" visible="true" version="1" lat="49.99996626602" lon="9.00120696902" />
  <node id="29608" visible="true" version="1" lat="49.99996626595" lon="9.00121394572" />
  <node id="29609" visible="true" version="1" lat="49.99996626588" lon="9.00122092242" />
  <node id="29610" visible="true" version="1" lat="49.9999662658" lon="9.00122789912" />
  <node id="29611" visible="true" version="1" lat="49.99996626573" lon="9.00123487582" />
  <node id="29612" visible="true" version="1" lat="49.99996626565" lon="9.00124185252" />
  <node id="29613" visible="true" version="1" lat="49.99996626558" lon="9.00124882921" />
  <node id="29614" visible="true" version="1" lat="49.9999662655" lon="9.00125580591" />
  <node id="29615" visible="true" version="1" lat="49.99996626543" lon="9.00126278261" />
  <node id="29616" visible="true" version="1" lat="49.99996626535" lon="9.00126975931" />
  <node id="29617" visible="true" version="1" lat="49.99996626528" lon="9.00127673601" />
  <node id="29618" visible="true" version="1" lat="49.9999662652" lon="9.00128371271" />
  <node id="29619" visible="true" version="1" lat="49.99996626512" lon="9.00129068941" />
  <node id="29620" visible="true" version="1" lat="49.99996626504" lon="9.00129766611" />
  <node id="29621" visible="true" version="1" lat="49.99996626496" lon="9.00130464281" />
  <node id="29622" visible="true" version="1" lat="49.99996626489" lon="9.00131161951" />
  <node id="29623" visible="true" version="1" lat="49.99996626481" lon="9.00131859621" />
  <node id="29624" visible="true" version="1" lat="49.99996626473" lon="9.00132557291" />
  <node id="29625" visible="true" version="1" lat="49.99996626465" lon="9.00133254961" />
  <node id="29626" visible="true" version="1" lat="49.99996626457" lon="9.00133952631" />
  <node id="29627" visible="true" version="1" lat="49.99996626449" lon="9.00134650301" />
  <node id="29628" visible="true" version="1" lat="49.99996626441" lon="9.00135347971" />
  <node id="29629" visible="true" version="1" lat="49.99996626432" lon="9.00136045641" />
  <node id="29630" visible="true" version="1" lat="49.99996626424" lon="9.00136743311" />
  <node id="29631" visible="true" version="1" lat="49.99996626416" lon="9.00137440981" />
  <node id="29632" visible="true" version="1" lat="49.99996626408" lon="9.00138138651" />
  <node id="29633" visible="true" version="1" lat="49.99996626399" lon="9.0013883632" />
  <node id="29634" visible="true" version="1" lat="49.99996626391" lon="9.0013953399" />
  <node id="29635" visible="true" version="1" lat="49.99996626383" lon="9.0014023166" />
  <node id="29636" visible="true" version="1" lat="49.99996626374" lon="9.0014092933" />
  <node id="29637" visible="true" version="1" lat="49.99996626366" lon="9.00141627" />
  <node id="29638" visible="true" version="1" lat="49.99996626357" lon="9.0014232467" />
  <node id="29639" visible="true" version="1" lat="49.99996626348" lon="9.0014302234" />
  <node id="29640" visible="true" version="1" lat="49.9999662634" lon="9.0014372001" />
  <node id="29641" visible="true" version="1" lat="49.99996626331" lon="9.0014441768" />
  <node id="29642" visible="true" version="1" lat="49.99996626322" lon="9.0014511535" />
  <node id="29643" visible="true" version="1" lat="49.99996626314" lon="9.0014581302" />
  <node id="29644" visible="true" version="1" lat="49.99996626305" lon="9.0014651069" />
  <node id="29645" visible="true" version="1" lat="49.99996626296" lon="9.0014720836" />
  <node id="29646" visible="true" version="1" lat="49.99996626287" lon="9.0014790603" />
  <node id="29647" visible="true" version="1" lat="49.99996626278" lon="9.001486037" />
  <node id="29648" visible="true" version="1" lat="49.99996626269" lon="9.0014930137" />
  <node id="29649" visible="true" version="1" lat="49.9999662626" lon="9.0014999904" />
  <node id="29650" visible="true" version="1" lat="49.99996626251" lon="9.0015069671" />
  <node id="29651" visible="true" version="1" lat="49.99996626242" lon="9.0015139438" />
  <node id="29652" visible="true" version="1" lat="49.99996626233" lon="9.0015209205" />
  <node id="29653" visible="true" version="1" lat="49.99996626224" lon="9.0015278972" />
  <node id="29654" visible="true" version="1" lat="49.99996626215" lon="9.00153487389" />
  <node id="29655" visible="true" version="1" lat="49.99996626206" lon="9.00154185059" />
  <node id="29656" visible="true" version="1" lat="49.99996626196" lon="9.00154882729" />
  <node id="29657" visible="true" version="1" lat="49.99996626187" lon="9.00155580399" />
  <node id="29658" visible="true" version="1" lat="49.99996626178" lon="9.00156278069" />
  <node id="29659" visible="true" version="1" lat="49.99996626168" lon="9.00156975739" />
  <node id="29660" visible="true" version="1" lat="49.99996626159" lon="9.00157673409" />
  <node id="29661" visible="true" version="1" lat="49.99996626149" lon="9.00158371079" />
  <node id="29662" visible="true" version="1" lat="49.9999662614" lon="9.00159068749" />
  <node id="29663" visible="true" version="1" lat="49.9999662613" lon="9.00159766419" />
  <node id="29664" visible="true" version="1" lat="49.9999662612" lon="9.00160464089" />
  <node id="29665" visible="true" version="1" lat="49.99996626111" lon="9.00161161759" />
  <node id="29666" visible="true" version="1" lat="49.99996626101" lon="9.00161859429" />
  <node id="29667" visible="true" version="1" lat="49.99996626091" lon="9.00162557099" />
  <node id="29668" visible="true" version="1" lat="49.99996626081" lon="9.00163254769" />
  <node id="29669" visible="true" version="1" lat="49.99996626072" lon="9.00163952439" />
  <node id="29670" visible="true" version="1" lat="49.99996626062" lon="9.00164650109" />
  <node id="29671" visible="true" version="1" lat="49.99996626052" lon="9.00165347779" />
  <node id="29672" visible="true" version="1" lat="49.99996626042" lon="9.00166045449" />
  <node id="29673" visible="true" version="1" lat="49.99996626032" lon="9.00166743119" />
  <node id="29674" visible="true" version="1" lat="49.99996626022" lon="9.00167440789" />
  <node id="29675" visible="true" version="1" lat="49.99996626012" lon="9.00168138458" />
  <node id="29676" visible="true" version="1" lat="49.99996626002" lon="9.00168836128" />
  <node id="29677" visible="true" version="1" lat="49.99996625991" lon="9.00169533798" />
  <node id="29678" visible="true" version="1" lat="49.99996625981" lon="9.00170231468" />
  <node id="29679" visible="true" version="1" lat="49.99996625971" lon="9.00170929138" />
  <node id="29680" visible="true" version="1" lat="49.99996625961" lon="9.00171626808" />
  <node id="29681" visible="true" version="1" lat="49.9999662595" lon="9.00172324478" />
  <node id="29682" visible="true" version="1" lat="49.9999662594" lon="9.00173022148" />
  <node id="29683" visible="true" version="1" lat="49.9999662593" lon="9.00173719818" />
  <node id="29684" visible="true" version="1" lat="49.99996625919" lon="9.00174417488" />
  <node id="29685" visible="true" version="1" lat="49.99996625909" lon="9.00175115158" />
  <node id="29686" visible="true" version="1" lat="49.99996625898" lon="9.00175812828" />
  <node id="29687" visible="true" version="1" lat="49.99996625887" lon="9.00176510498" />
  <node id="29688" visible="true" version="1" lat="49.99996625877" lon="9.00177208168" />
  <node id="29689" visible="true" version="1" lat="49.99996625866" lon="9.00177905838" />
  <node id="29690" visible="true" version="1" lat="49.99996625855" lon="9.00178603508" />
  <node id="29691" visible="true" version="1" lat="49.99996625845" lon="9.00179301178" />
  <node id="29692" visible="true" version="1" lat="49.99996625834" lon="9.00179998848" />
  <node id="29693" visible="true" version="1" lat="49.99996625823" lon="9.00180696518" />
  <node id="29694" visible="true" version="1" lat="49.99996625812" lon="9.00181394188" />
  <node id="29695" visible="true" version="1" lat="49.99996625801" lon="9.00182091858" />
  <node id="29696" visible="true" version="1" lat="49.9999662579" lon="9.00182789527" />
  <node id="29697" visible="true" version="1" lat="49.99996625779" lon="9.00183487197" />
  <node id="29698" visible="true" version="1" lat="49.99996625768" lon="9.00184184867" />
  <node id="29699" visible="true" version="1" lat="49.99996625757" lon="9.00184882537" />
  <node id="29700" visible="true" version="1" lat="49.99996625746" lon="9.00185580207" />
  <node id="29701" visible="true" version="1" lat="49.99996625735" lon="9.00186277877" />
  <node id="29702" visible="true" version="1" lat="49.99996625723" lon="9.00186975547" />
  <node id="29703" visible="true" version="1" lat="49.99996625712" lon="9.00187673217" />
  <node id="29704" visible="true" version="1" lat="49.99996625701" lon="9.00188370887" />
  <node id="29705" visible="true" version="1" lat="49.9999662569" lon="9.00189068557" />
  <node id="29706" visible="true" version="1" lat="49.99996625678" lon="9.00189766227" />
  <node id="29707" visible="true" version="1" lat="49.99996625667" lon="9.00190463897" />
  <node id="29708" visible="true" version="1" lat="49.99996625655" lon="9.00191161567" />
  <node id="29709" visible="true" version="1" lat="49.99996625644" lon="9.00191859237" />
  <node id="29710" visible="true" version="1" lat="49.99996625632" lon="9.00192556907" />
  <node id="29711" visible="true" version="1" lat="49.99996625621" lon="9.00193254577" />
  <node id="29712" visible="true" version="1" lat="49.99996625609" lon="9.00193952247" />
  <node id="29713" visible="true" version="1" lat="49.99996625597" lon="9.00194649917" />
  <node id="29714" visible="true" version="1" lat="49.99996625586" lon="9.00195347587" />
  <node id="29715" visible="true" version="1" lat="49.99996625574" lon="9.00196045257" />
  <node id="29716" visible="true" version="1" lat="49.99996625562" lon="9.00196742927" />
  <node id="29717" visible="true" version="1" lat="49.9999662555" lon="9.00197440596" />
  <node id="29718" visible="true" version="1" lat="49.99996625538" lon="9.00198138266" />
  <node id="29719" visible="true" version="1" lat="49.99996625526" lon="9.00198835936" />
  <node id="29720" visible="true" version="1" lat="49.99996625514" lon="9.00199533606" />
  <node id="29721" visible="true" version="1" lat="49.99996625502" lon="9.00200231276" />
  <node id="29722" visible="true" version="1" lat="49.9999662549" lon="9.00200928946" />
  <node id="29723" visible="true" version="1" lat="49.99996625478" lon="9.00201626616" />
  <node id="29724" visible="true" version="1" lat="49.99996625466" lon="9.00202324286" />
  <node id="29725" visible="true" version="1" lat="49.99996625454" lon="9.00203021956" />
  <node id="29726" visible="true" version="1" lat="49.99996625442" lon="9.00203719626" />
  <node id="29727" visible="true" version="1" lat="49.99996625429" lon="9.00204417296" />
  <node id="29728" visible="true" version="1" lat="49.99996625417" lon="9.00205114966" />
  <node id="29729" visible="true" version="1" lat="49.99996625405" lon="9.00205812636" />
  <node id="29730" visible="true" version="1" lat="49.99996625392" lon="9.00206510306" />
  <node id="29731" visible="true" version="1" lat="49.9999662538" lon="9.00207207976" />
  <node id="29732" visible="true" version="1" lat="49.99996625367" lon="9.00207905646" />
  <node id="29733" visible="true" version="1" lat="49.99996625355" lon="9.00208603316" />
  <node id="29734" visible="true" version="1" lat="49.99996625342" lon="9.00209300986" />
  <node id="29735" visible="true" version="1" lat="49.9999662533" lon="9.00209998656" />
  <node id="29736" visible="true" version="1" lat="49.99996625317" lon="9.00210696326" />
  <node id="29737" visible="true" version="1" lat="49.99996625304" lon="9.00211393995" />
  <node id="29738" visible="true" version="1" lat="49.99996625292" lon="9.00212091665" />
  <node id="29739" visible="true" version="1" lat="49.99996625279" lon="9.00212789335" />
  <node id="29740" visible="true" version="1" lat="49.99996625266" lon="9.00213487005" />
  <node id="29741" visible="true" version="1" lat="49.99996625253" lon="9.00214184675" />
  <node id="29742" visible="true" version="1" lat="49.9999662524" lon="9.00214882345" />
  <node id="29743" visible="true" version="1" lat="49.99996625227" lon="9.00215580015" />
  <node id="29744" visible="true" version="1" lat="49.99996625214" lon="9.00216277685" />
  <node id="29745" visible="true" version="1" lat="49.99996625201" lon="9.00216975355" />
  <node id="29746" visible="true" version="1" lat="49.99996625188" lon="9.00217673025" />
  <node id="29747" visible="true" version="1" lat="49.99996625175" lon="9.00218370695" />
  <node id="29748" visible="true" version="1" lat="49.99996625162" lon="9.00219068365" />
  <node id="29749" visible="true" version="1" lat="49.99996625149" lon="9.00219766035" />
  <node id="29750" visible="true" version="1" lat="49.99996625136" lon="9.00220463705" />
  <node id="29751" visible="true" version="1" lat="49.99996625122" lon="9.00221161375" />
  <node id="29752" visible="true" version="1" lat="49.99996625109" lon="9.00221859045" />
  <node id="29753" visible="true" version="1" lat="49.99996625096" lon="9.00222556715" />
  <node id="29754" visible="true" version="1" lat="49.99996625082" lon="9.00223254385" />
  <node id="29755" visible="true" version="1" lat="49.99996625069" lon="9.00223952055" />
  <node id="29756" visible="true" version="1" lat="49.99996625055" lon="9.00224649725" />
  <node id="29757" visible="true" version="1" lat="49.99996625042" lon="9.00225347395" />
  <node id="29758" visible="true" version="1" lat="49.99996625028" lon="9.00226045064" />
  <node id="29759" visible="true" version="1" lat="49.99996625015" lon="9.00226742734" />
  <node id="29760" visible="true" version="1" lat="49.99996625001" lon="9.00227440404" />
  <node id="29761" visible="true" version="1" lat="49.99996624987" lon="9.00228138074" />
  <node id="29762" visible="true" version="1" lat="49.99996624973" lon="9.00228835744" />
  <node id="29763" visible="true" version="1" lat="49.9999662496" lon="9.00229533414" />
  <node id="29764" visible="true" version="1" lat="49.99996624946" lon="9.00230231084" />
  <node id="29765" visible="true" version="1" lat="49.99996624932" lon="9.00230928754" />
  <node id="29766" visible="true" version="1" lat="49.99996624918" lon="9.00231626424" />
  <node id="29767" visible="true" version="1" lat="49.99996624904" lon="9.00232324094" />
  <node id="29768" visible="true" version="1" lat="49.9999662489" lon="9.00233021764" />
  <node id="29769" visible="true" version="1" lat="49.99996624876" lon="9.00233719434" />
  <node id="29770" visible="true" version="1" lat="49.99996624862" lon="9.00234417104" />
  <node id="29771" visible="true" version="1" lat="49.99996624848" lon="9.00235114774" />
  <node id="29772" visible="true" version="1" lat="49.99996624834" lon="9.00235812444" />
  <node id="29773" visible="true" version="1" lat="49.9999662482" lon="9.00236510114" />
  <node id="29774" visible="true" version="1" lat="49.99996624805" lon="9.00237207784" />
  <node id="29775" visible="true" version="1" lat="49.99996624791" lon="9.00237905454" />
  <node id="29776" visible="true" version="1" lat="49.99996624777" lon="9.00238603124" />
  <node id="29777" visible="true" version="1" lat="49.99996624762" lon="9.00239300794" />
  <node id="29778" visible="true" version="1" lat="49.99996624748" lon="9.00239998464" />
  <node id="29779" visible="true" version="1" lat="49.99996624733" lon="9.00240696133" />
  <node id="29780" visible="true" version="1" lat="49.99996624719" lon="9.00241393803" />
  <node id="29781" visible="true" version="1" lat="49.99996624704" lon="9.00242091473" />
  <node id="29782" visible="true" version="1" lat="49.9999662469" lon="9.00242789143" />
  <node id="29783" visible="true" version="1" lat="49.99996624675" lon="9.00243486813" />
  <node id="29784" visible="true" version="1" lat="49.99996624661" lon="9.00244184483" />
  <node id="29785" visible="true" version="1" lat="49.99996624646" lon="9.00244882153" />
  <node id="29786" visible="true" version="1" lat="49.99996624631" lon="9.00245579823" />
  <node id="29787" visible="true" version="1" lat="49.99996624616" lon="9.00246277493" />
  <node id="29788" visible="true" version="1" lat="49.99996624602" lon="9.00246975163" />
  <node id="29789" visible="true" version="1" lat="49.99996624587" lon="9.00247672833" />
  <node id="29790" visible="true" version="1" lat="49.99996624572" lon="9.00248370503" />
  <node id="29791" visible="true" version="1" lat="49.99996624557" lon="9.00249068173" />
  <node id="29792" visible="true" version="1" lat="49.99996624542" lon="9.00249765843" />
  <node id="29793" visible="true" version="1" lat="49.99996624527" lon="9.00250463513" />
  <node id="29794" visible="true" version="1" lat="49.99996624512" lon="9.00251161183" />
  <node id="29795" visible="true" version="1" lat="49.99996624497" lon="9.00251858853" />
  <node id="29796" visible="true" version="1" lat="49.99996624481" lon="9.00252556523" />
  <node id="29797" visible="true" version="1" lat="49.99996624466" lon="9.00253254193" />
  <node id="29798" visible="true" version="1" lat="49.99996624451" lon="9.00253951863" />
  <node id="29799" visible="true" version="1" lat="49.99996624436" lon="9.00254649532" />
  <node id="29800" visible="true" version="1" lat="49.9999662442" lon="9.00255347202" />
  <node id="29801" visible="true" version="1" lat="49.99996624405" lon="9.00256044872" />
  <node id="29802" visible="true" version="1" lat="49.9999662439" lon="9.00256742542" />
  <node id="29803" visible="true" version="1" lat="49.99996624374" lon="9.00257440212" />
  <node id="29804" visible="true" version="1" lat="49.99996624359" lon="9.00258137882" />
  <node id="29805" visible="true" version="1" lat="49.99996624343" lon="9.00258835552" />
  <node id="29806" visible="true" version="1" lat="49.99996624327" lon="9.00259533222" />
  <node id="29807" visible="true" version="1" lat="49.99996624312" lon="9.00260230892" />
  <node id="29808" visible="true" version="1" lat="49.99996624296" lon="9.00260928562" />
  <node id="29809" visible="true" version="1" lat="49.9999662428" lon="9.00261626232" />
  <node id="29810" visible="true" version="1" lat="49.99996624265" lon="9.00262323902" />
  <node id="29811" visible="true" version="1" lat="49.99996624249" lon="9.00263021572" />
  <node id="29812" visible="true" version="1" lat="49.99996624233" lon="9.00263719242" />
  <node id="29813" visible="true" version="1" lat="49.99996624217" lon="9.00264416912" />
  <node id="29814" visible="true" version="1" lat="49.99996624201" lon="9.00265114582" />
  <node id="29815" visible="true" version="1" lat="49.99996624185" lon="9.00265812252" />
  <node id="29816" visible="true" version="1" lat="49.99996624169" lon="9.00266509922" />
  <node id="29817" visible="true" version="1" lat="49.99996624153" lon="9.00267207592" />
  <node id="29818" visible="true" version="1" lat="49.99996624137" lon="9.00267905262" />
  <node id="29819" visible="true" version="1" lat="49.99996624121" lon="9.00268602932" />
  <node id="29820" visible="true" version="1" lat="49.99996624105" lon="9.00269300601" />
  <node id="29821" visible="true" version="1" lat="49.99996624089" lon="9.00269998271" />
  <node id="29822" visible="true" version="1" lat="49.99996624072" lon="9.00270695941" />
  <node id="29823" visible="true" version="1" lat="49.99996624056" lon="9.00271393611" />
  <node id="29824" visible="true" version="1" lat="49.9999662404" lon="9.00272091281" />
  <node id="29825" visible="true" version="1" lat="49.99996624023" lon="9.00272788951" />
  <node id="29826" visible="true" version="1" lat="49.99996624007" lon="9.00273486621" />
  <node id="29827" visible="true" version="1" lat="49.99996623991" lon="9.00274184291" />
  <node id="29828" visible="true" version="1" lat="49.99996623974" lon="9.00274881961" />
  <node id="29829" visible="true" version="1" lat="49.99996623957" lon="9.00275579631" />
  <node id="29830" visible="true" version="1" lat="49.99996623941" lon="9.00276277301" />
  <node id="29831" visible="true" version="1" lat="49.99996623924" lon="9.00276974971" />
  <node id="29832" visible="true" version="1" lat="49.99996623908" lon="9.00277672641" />
  <node id="29833" visible="true" version="1" lat="49.99996623891" lon="9.00278370311" />
  <node id="29834" visible="true" version="1" lat="49.99996623874" lon="9.00279067981" />
  <node id="29835" visible="true" version="1" lat="49.99996623857" lon="9.00279765651" />
  <node id="29836" visible="true" version="1" lat="49.9999662384" lon="9.00280463321" />
  <node id="29837" visible="true" version="1" lat="49.99996623824" lon="9.00281160991" />
  <node id="29838" visible="true" version="1" lat="49.99996623807" lon="9.00281858661" />
  <node id="29839" visible="true" version="1" lat="49.9999662379" lon="9.00282556331" />
  <node id="29840" visible="true" version="1" lat="49.99996623773" lon="9.00283254" />
  <node id="29841" visible="true" version="1" lat="49.99996623756" lon="9.0028395167" />
  <node id="29842" visible="true" version="1" lat="49.99996623739" lon="9.0028464934" />
  <node id="29843" visible="true" version="1" lat="49.99996623721" lon="9.0028534701" />
  <node id="29844" visible="true" version="1" lat="49.99996623704" lon="9.0028604468" />
  <node id="29845" visible="true" version="1" lat="49.99996623687" lon="9.0028674235" />
  <node id="29846" visible="true" version="1" lat="49.9999662367" lon="9.0028744002" />
  <node id="29847" visible="true" version="1" lat="49.99996623652" lon="9.0028813769" />
  <node id="29848" visible="true" version="1" lat="49.99996623635" lon="9.0028883536" />
  <node id="29849" visible="true" version="1" lat="49.99996623618" lon="9.0028953303" />
  <node id="29850" visible="true" version="1" lat="49.999966236" lon="9.002902307" />
  <node id="29851" visible="true" version="1" lat="49.99996623583" lon="9.0029092837" />
  <node id="29852" visible="true" version="1" lat="49.99996623565" lon="9.0029162604" />
  <node id="29853" visible="true" version="1" lat="49.99996623548" lon="9.0029232371" />
  <node id="29854" visible="true" version="1" lat="49.9999662353" lon="9.0029302138" />
  <node id="29855" visible="true" version="1" lat="49.99996623512" lon="9.0029371905" />
  <node id="29856" visible="true" version="1" lat="49.99996623495" lon="9.0029441672" />
  <node id="29857" visible="true" version="1" lat="49.99996623477" lon="9.0029511439" />
  <node id="29858" visible="true" version="1" lat="49.99996623459" lon="9.0029581206" />
  <node id="29859" visible="true" version="1" lat="49.99996623442" lon="9.0029650973" />
  <node id="29860" visible="true" version="1" lat="49.99996623424" lon="9.00297207399" />
  <node id="29861" visible="true" version="1" lat="49.99996623406" lon="9.00297905069" />
  <node id="29862" visible="true" version="1" lat="49.99996623388" lon="9.00298602739" />
  <node id="29863" visible="true" version="1" lat="49.9999662337" lon="9.00299300409" />
  <node id="29864" visible="true" version="1" lat="49.99996623352" lon="9.00299998079" />
  <node id="29865" visible="true" version="1" lat="49.99996623334" lon="9.00300695749" />
  <node id="29866" visible="true" version="1" lat="49.99996623316" lon="9.00301393419" />
  <node id="29867" visible="true" version="1" lat="49.99996623298" lon="9.00302091089" />
  <node id="29868" visible="true" version="1" lat="49.99996623279" lon="9.00302788759" />
  <node id="29869" visible="true" version="1" lat="49.99996623261" lon="9.00303486429" />
  <node id="29870" visible="true" version="1" lat="49.99996623243" lon="9.00304184099" />
  <node id="29871" visible="true" version="1" lat="49.99996623225" lon="9.00304881769" />
  <node id="29872" visible="true" version="1" lat="49.99996623206" lon="9.00305579439" />
  <node id="29873" visible="true" version="1" lat="49.99996623188" lon="9.00306277109" />
  <node id="29874" visible="true" version="1" lat="49.99996623169" lon="9.00306974779" />
  <node id="29875" visible="true" version="1" lat="49.99996623151" lon="9.00307672449" />
  <node id="29876" visible="true" version="1" lat="49.99996623132" lon="9.00308370119" />
  <node id="29877" visible="true" version="1" lat="49.99996623114" lon="9.00309067789" />
  <node id="29878" visible="true" version="1" lat="49.99996623095" lon="9.00309765459" />
  <node id="29879" visible="true" version="1" lat="49.99996623077" lon="9.00310463129" />
  <node id="29880" visible="true" version="1" lat="49.99996623058" lon="9.00311160799" />
  <node id="29881" visible="true" version="1" lat="49.99996623039" lon="9.00311858468" />
  <node id="29882" visible="true" version="1" lat="49.9999662302" lon="9.00312556138" />
  <node id="29883" visible="true" version="1" lat="49.99996623002" lon="9.00313253808" />
  <node id="29884" visible="true" version="1" lat="49.99996622983" lon="9.00313951478" />
  <node id="29885" visible="true" version="1" lat="49.99996622964" lon="9.00314649148" />
  <node id="29886" visible="true" version="1" lat="49.99996622945" lon="9.00315346818" />
  <node id="29887" visible="true" version="1" lat="49.99996622926" lon="9.00316044488" />
  <node id="29888" visible="true" version="1" lat="49.99996622907" lon="9.00316742158" />
  <node id="29889" visible="true" version="1" lat="49.99996622888" lon="9.00317439828" />
  <node id="29890" visible="true" version="1" lat="49.99996622869" lon="9.00318137498" />
  <node id="29891" visible="true" version="1" lat="49.9999662285" lon="9.00318835168" />
  <node id="29892" visible="true" version="1" lat="49.9999662283" lon="9.00319532838" />
  <node id="29893" visible="true" version="1" lat="49.99996622811" lon="9.00320230508" />
  <node id="29894" visible="true" version="1" lat="49.99996622792" lon="9.00320928178" />
  <node id="29895" visible="true" version="1" lat="49.99996622773" lon="9.00321625848" />
  <node id="29896" visible="true" version="1" lat="49.99996622753" lon="9.00322323518" />
  <node id="29897" visible="true" version="1" lat="49.99996622734" lon="9.00323021188" />
  <node id="29898" visible="true" version="1" lat="49.99996622714" lon="9.00323718858" />
  <node id="29899" visible="true" version="1" lat="49.99996622695" lon="9.00324416528" />
  <node id="29900" visible="true" version="1" lat="49.99996622675" lon="9.00325114198" />
  <node id="29901" visible="true" version="1" lat="49.99996622656" lon="9.00325811867" />
  <node id="29902" visible="true" version="1" lat="49.99996622636" lon="9.00326509537" />
  <node id="29903" visible="true" version="1" lat="49.99996622616" lon="9.00327207207" />
  <node id="29904" visible="true" version="1" lat="49.99996622597" lon="9.00327904877" />
  <node id="29905" visible="true" version="1" lat="49.99996622577" lon="9.00328602547" />
  <node id="29906" visible="true" version="1" lat="49.99996622557" lon="9.00329300217" />
  <node id="29907" visible="true" version="1" lat="49.99996622537" lon="9.00329997887" />
  <node id="29908" visible="true" version="1" lat="49.99996622518" lon="9.00330695557" />
  <node id="29909" visible="true" version="1" lat="49.99996622498" lon="9.00331393227" />
  <node id="29910" visible="true" version="1" lat="49.99996622478" lon="9.00332090897" />
  <node id="29911" visible="true" version="1" lat="49.99996622458" lon="9.00332788567" />
  <node id="29912" visible="true" version="1" lat="49.99996622438" lon="9.00333486237" />
  <node id="29913" visible="true" version="1" lat="49.99996622418" lon="9.00334183907" />
  <node id="29914" visible="true" version="1" lat="49.99996622398" lon="9.00334881577" />
  <node id="29915" visible="true" version="1" lat="49.99996622377" lon="9.00335579247" />
  <node id="29916" visible="true" version="1" lat="49.99996622357" lon="9.00336276917" />
  <node id="29917" visible="true" version="1" lat="49.99996622337" lon="9.00336974587" />
  <node id="29918" visible="true" version="1" lat="49.99996622317" lon="9.00337672257" />
  <node id="29919" visible="true" version="1" lat="49.99996622296" lon="9.00338369927" />
  <node id="29920" visible="true" version="1" lat="49.99996622276" lon="9.00339067597" />
  <node id="29921" visible="true" version="1" lat="49.99996622256" lon="9.00339765266" />
  <node id="29922" visible="true" version="1" lat="49.99996622235" lon="9.00340462936" />
  <node id="29923" visible="true" version="1" lat="49.99996622215" lon="9.00341160606" />
  <node id="29924" visible="true" version="1" lat="49.99996622194" lon="9.00341858276" />
  <node id="29925" visible="true" version="1" lat="49.99996622174" lon="9.00342555946" />
  <node id="29926" visible="true" version="1" lat="49.99996622153" lon="9.00343253616" />
  <node id="29927" visible="true" version="1" lat="49.99996622132" lon="9.00343951286" />
  <node id="29928" visible="true" version="1" lat="49.99996622112" lon="9.00344648956" />
  <node id="29929" visible="true" version="1" lat="49.99996622091" lon="9.00345346626" />
  <node id="29930" visible="true" version="1" lat="49.9999662207" lon="9.00346044296" />
  <node id="29931" visible="true" version="1" lat="49.99996622049" lon="9.00346741966" />
  <node id="29932" visible="true" version="1" lat="49.99996622028" lon="9.00347439636" />
  <node id="29933" visible="true" version="1" lat="49.99996622007" lon="9.00348137306" />
  <node id="29934" visible="true" version="1" lat="49.99996621986" lon="9.00348834976" />
  <node id="29935" visible="true" version="1" lat="49.99996621965" lon="9.00349532646" />
  <node id="29936" visible="true" version="1" lat="49.99996621944" lon="9.00350230316" />
  <node id="29937" visible="true" version="1" lat="49.99996621923" lon="9.00350927986" />
  <node id="29938" visible="true" version="1" lat="49.99996621902" lon="9.00351625656" />
  <node id="29939" visible="true" version="1" lat="49.99996621881" lon="9.00352323326" />
  <node id="29940" visible="true" version="1" lat="49.9999662186" lon="9.00353020996" />
  <node id="29941" visible="true" version="1" lat="49.99996621839" lon="9.00353718665" />
  <node id="29942" visible="true" version="1" lat="49.99996621817" lon="9.00354416335" />
  <node id="29943" visible="true" version="1" lat="49.99996621796" lon="9.00355114005" />
  <node id="29944" visible="true" version="1" lat="49.99996621775" lon="9.00355811675" />
  <node id="29945" visible="true" version="1" lat="49.99996621753" lon="9.00356509345" />
  <node id="29946" visible="true" version="1" lat="49.99996621732" lon="9.00357207015" />
  <node id="29947" visible="true" version="1" lat="49.9999662171" lon="9.00357904685" />
  <node id="29948" visible="true" version="1" lat="49.99996621689" lon="9.00358602355" />
  <node id="29949" visible="true" version="1" lat="49.99996621667" lon="9.00359300025" />
  <node id="29950" visible="true" version="1" lat="49.99996621646" lon="9.00359997695" />
  <node id="29951" visible="true" version="1" lat="49.99996621624" lon="9.00360695365" />
  <node id="29952" visible="true" version="1" lat="49.99996621602" lon="9.00361393035" />
  <node id="29953" visible="true" version="1" lat="49.9999662158" lon="9.00362090705" />
  <node id="29954" visible="true" version="1" lat="49.99996621559" lon="9.00362788375" />
  <node id="29955" visible="true" version="1" lat="49.99996621537" lon="9.00363486045" />
  <node id="29956" visible="true" version="1" lat="49.99996621515" lon="9.00364183715" />
  <node id="29957" visible="true" version="1" lat="49.99996621493" lon="9.00364881385" />
  <node id="29958" visible="true" version="1" lat="49.99996621471" lon="9.00365579055" />
  <node id="29959" visible="true" version="1" lat="49.99996621449" lon="9.00366276725" />
  <node id="29960" visible="true" version="1" lat="49.99996621427" lon="9.00366974395" />
  <node id="29961" visible="true" version="1" lat="49.99996621405" lon="9.00367672064" />
  <node id="29962" visible="true" version="1" lat="49.99996621383" lon="9.00368369734" />
  <node id="29963" visible="true" version="1" lat="49.99996621361" lon="9.00369067404" />
  <node id="29964" visible="true" version="1" lat="49.99996621338" lon="9.00369765074" />
  <node id="29965" visible="true" version="1" lat="49.99996621316" lon="9.00370462744" />
  <node id="29966" visible="true" version="1" lat="49.99996621294" lon="9.00371160414" />
  <node id="29967" visible="true" version="1" lat="49.99996621271" lon="9.00371858084" />
  <node id="29968" visible="true" version="1" lat="49.99996621249" lon="9.00372555754" />
  <node id="29969" visible="true" version="1" lat="49.99996621227" lon="9.00373253424" />
  <node id="29970" visible="true" version="1" lat="49.99996621204" lon="9.00373951094" />
  <node id="29971" visible="true" version="1" lat="49.99996621182" lon="9.00374648764" />
  <node id="29972" visible="true" version="1" lat="49.99996621159" lon="9.00375346434" />
  <node id="29973" visible="true" version="1" lat="49.99996621137" lon="9.00376044104" />
  <node id="29974" visible="true" version="1" lat="49.99996621114" lon="9.00376741774" />
  <node id="29975" visible="true" version="1" lat="49.99996621091" lon="9.00377439444" />
  <node id="29976" visible="true" version="1" lat="49.99996621069" lon="9.00378137114" />
  <node id="29977" visible="true" version="1" lat="49.99996621046" lon="9.00378834784" />
  <node id="29978" visible="true" version="1" lat="49.99996621023" lon="9.00379532454" />
  <node id="29979" visible="true" version="1" lat="49.99996621" lon="9.00380230124" />
  <node id="29980" visible="true" version="1" lat="49.99996620977" lon="9.00380927794" />
  <node id="29981" visible="true" version="1" lat="49.99996620954" lon="9.00381625463" />
  <node id="29982" visible="true" version="1" lat="49.99996620931" lon="9.00382323133" />
  <node id="29983" visible="true" version="1" lat="49.99996620908" lon="9.00383020803" />
  <node id="29984" visible="true" version="1" lat="49.99996620885" lon="9.00383718473" />
  <node id="29985" visible="true" version="1" lat="49.99996620862" lon="9.00384416143" />
  <node id="29986" visible="true" version="1" lat="49.99996620839" lon="9.00385113813" />
  <node id="29987" visible="true" version="1" lat="49.99996620816" lon="9.00385811483" />
  <node id="29988" visible="true" version="1" lat="49.99996620793" lon="9.00386509153" />
  <node id="29989" visible="true" version="1" lat="49.99996620769" lon="9.00387206823" />
  <node id="29990" visible="true" version="1" lat="49.99996620746" lon="9.00387904493" />
  <node id="29991" visible="true" version="1" lat="49.99996620723" lon="9.00388602163" />
  <node id="29992" visible="true" version="1" lat="49.99996620699" lon="9.00389299833" />
  <node id="29993" visible="true" version="1" lat="49.99996620676" lon="9.00389997503" />
  <node id="29994" visible="true" version="1" lat="49.99996620653" lon="9.00390695173" />
  <node id="29995" visible="true" version="1" lat="49.99996620629" lon="9.00391392843" />
  <node id="29996" visible="true" version="1" lat="49.99996620605" lon="9.00392090513" />
  <node id="29997" visible="true" version="1" lat="49.99996620582" lon="9.00392788183" />
  <node id="29998" visible="true" version="1" lat="49.99996620558" lon="9.00393485853" />
  <node id="29999" visible="true" version="1" lat="49.99996620535" lon="9.00394183523" />
  <node id="30000" visible="true" version="1" lat="49.99996620511" lon="9.00394881193" />
  <node id="30001" visible="true" version="1" lat="49.99996620487" lon="9.00395578862" />
  <node id="30002" visible="true" version="1" lat="49.99996620463" lon="9.00396276532" />
  <node id="30003" visible="true" version="1" lat="49.99996620439" lon="9.00396974202" />
  <node id="30004" visible="true" version="1" lat="49.99996620416" lon="9.00397671872" />
  <node id="30005" visible="true" version="1" lat="49.99996620392" lon="9.00398369542" />
  <node id="30006" visible="true" version="1" lat="49.99996620368" lon="9.00399067212" />
  <node id="30007" visible="true" version="1" lat="49.99996620344" lon="9.00399764882" />
  <node id="30008" visible="true" version="1" lat="49.9999662032" lon="9.00400462552" />
  <node id="30009" visible="true" version="1" lat="49.99996620295" lon="9.00401160222" />
  <node id="30010" visible="true" version="1" lat="49.99996620271" lon="9.00401857892" />
  <node id="30011" visible="true" version="1" lat="49.99996620247" lon="9.00402555562" />
  <node id="30012" visible="true" version="1" lat="49.99996620223" lon="9.00403253232" />
  <node id="30013" visible="true" version="1" lat="49.99996620199" lon="9.00403950902" />
  <node id="30014" visible="true" version="1" lat="49.99996620174" lon="9.00404648572" />
  <node id="30015" visible="true" version="1" lat="49.9999662015" lon="9.00405346242" />
  <node id="30016" visible="true" version="1" lat="49.99996620126" lon="9.00406043912" />
  <node id="30017" visible="true" version="1" lat="49.99996620101" lon="9.00406741582" />
  <node id="30018" visible="true" version="1" lat="49.99996620077" lon="9.00407439252" />
  <node id="30019" visible="true" version="1" lat="49.99996620052" lon="9.00408136922" />
  <node id="30020" visible="true" version="1" lat="49.99996620028" lon="9.00408834592" />
  <node id="30021" visible="true" version="1" lat="49.99996620003" lon="9.00409532261" />
  <node id="30022" visible="true" version="1" lat="49.99996619978" lon="9.00410229931" />
  <node id="30023" visible="true" version="1" lat="49.99996619954" lon="9.00410927601" />
  <node id="30024" visible="true" version="1" lat="49.99996619929" lon="9.00411625271" />
  <node id="30025" visible="true" version="1" lat="49.99996619904" lon="9.00412322941" />
  <node id="30026" visible="true" version="1" lat="49.99996619879" lon="9.00413020611" />
  <node id="30027" visible="true" version="1" lat="49.99996619854" lon="9.00413718281" />
  <node id="30028" visible="true" version="1" lat="49.9999661983" lon="9.00414415951" />
  <node id="30029" visible="true" version="1" lat="49.99996619805" lon="9.00415113621" />
  <node id="30030" visible="true" version="1" lat="49.9999661978" lon="9.00415811291" />
  <node id="30031" visible="true" version="1" lat="49.99996619755" lon="9.00416508961" />
  <node id="30032" visible="true" version="1" lat="49.9999661973" lon="9.00417206631" />
  <node id="30033" visible="true" version="1" lat="49.99996619704" lon="9.00417904301" />
  <node id="30034" visible="true" version="1" lat="49.99996619679" lon="9.00418601971" />
  <node id="30035" visible="true" version="1" lat="49.99996619654" lon="9.00419299641" />
  <node id="30036" visible="true" version="1" lat="49.99996619629" lon="9.00419997311" />
  <node id="30037" visible="true" version="1" lat="49.99996619604" lon="9.00420694981" />
  <node id="30038" visible="true" version="1" lat="49.99996619578" lon="9.00421392651" />
  <node id="30039" visible="true" version="1" lat="49.99996619553" lon="9.00422090321" />
  <node id="30040" visible="true" version="1" lat="49.99996619528" lon="9.00422787991" />
  <node id="30041" visible="true" version="1" lat="49.99996619502" lon="9.0042348566" />
  <node id="30042" visible="true" version="1" lat="49.99996619477" lon="9.0042418333" />
  <node id="30043" visible="true" version="1" lat="49.99996619451" lon="9.00424881" />
  <node id="30044" visible="true" version="1" lat="49.99996619426" lon="9.0042557867" />
  <node id="30045" visible="true" version="1" lat="49.999966194" lon="9.0042627634" />
  <node id="30046" visible="true" version="1" lat="49.99996619374" lon="9.0042697401" />
  <node id="30047" visible="true" version="1" lat="49.99996619349" lon="9.0042767168" />
  <node id="30048" visible="true" version="1" lat="49.99996619323" lon="9.0042836935" />
  <node id="30049" visible="true" version="1" lat="49.99996619297" lon="9.0042906702" />
  <node id="30050" visible="true" version="1" lat="49.99996619271" lon="9.0042976469" />
  <node id="30051" visible="true" version="1" lat="49.99996619245" lon="9.0043046236" />
  <node id="30052" visible="true" version="1" lat="49.9999661922" lon="9.0043116003" />
  <node id="30053" visible="true" version="1" lat="49.99996619194" lon="9.004318577" />
  <node id="30054" visible="true" version="1" lat="49.99996619168" lon="9.0043255537" />
  <node id="30055" visible="true" version="1" lat="49.99996619142" lon="9.0043325304" />
  <node id="30056" visible="true" version="1" lat="49.99996619115" lon="9.0043395071" />
  <node id="30057" visible="true" version="1" lat="49.99996619089" lon="9.0043464838" />
  <node id="30058" visible="true" version="1" lat="49.99996619063" lon="9.0043534605" />
  <node id="30059" visible="true" version="1" lat="49.99996619037" lon="9.0043604372" />
  <node id="30060" visible="true" version="1" lat="49.99996619011" lon="9.0043674139" />
  <node id="30061" visible="true" version="1" lat="49.99996618985" lon="9.00437439059" />
  <node id="30062" visible="true" version="1" lat="49.99996618958" lon="9.00438136729" />
  <node id="30063" visible="true" version="1" lat="49.99996618932" lon="9.00438834399" />
  <node id="30064" visible="true" version="1" lat="49.99996618905" lon="9.00439532069" />
  <node id="30065" visible="true" version="1" lat="49.99996618879" lon="9.00440229739" />
  <node id="30066" visible="true" version="1" lat="49.99996618852" lon="9.00440927409" />
  <node id="30067" visible="true" version="1" lat="49.99996618826" lon="9.00441625079" />
  <node id="30068" visible="true" version="1" lat="49.99996618799" lon="9.00442322749" />
  <node id="30069" visible="true" version="1" lat="49.99996618773" lon="9.00443020419" />
  <node id="30070" visible="true" version="1" lat="49.99996618746" lon="9.00443718089" />
  <node id="30071" visible="true" version="1" lat="49.99996618719" lon="9.00444415759" />
  <node id="30072" visible="true" version="1" lat="49.99996618693" lon="9.00445113429" />
  <node id="30073" visible="true" version="1" lat="49.99996618666" lon="9.00445811099" />
  <node id="30074" visible="true" version="1" lat="49.99996618639" lon="9.00446508769" />
  <node id="30075" visible="true" version="1" lat="49.99996618612" lon="9.00447206439" />
  <node id="30076" visible="true" version="1" lat="49.99996618585" lon="9.00447904109" />
  <node id="30077" visible="true" version="1" lat="49.99996618558" lon="9.00448601779" />
  <node id="30078" visible="true" version="1" lat="49.99996618531" lon="9.00449299449" />
  <node id="30079" visible="true" version="1" lat="49.99996618504" lon="9.00449997119" />
  <node id="30080" visible="true" version="1" lat="49.99996618477" lon="9.00450694788" />
  <node id="30081" visible="true" version="1" lat="49.9999661845" lon="9.00451392458" />
  <node id="30082" visible="true" version="1" lat="49.99996618423" lon="9.00452090128" />
  <node id="30083" visible="true" version="1" lat="49.99996618396" lon="9.00452787798" />
  <node id="30084" visible="true" version="1" lat="49.99996618368" lon="9.00453485468" />
  <node id="30085" visible="true" version="1" lat="49.99996618341" lon="9.00454183138" />
  <node id="30086" visible="true" version="1" lat="49.99996618314" lon="9.00454880808" />
  <node id="30087" visible="true" version="1" lat="49.99996618286" lon="9.00455578478" />
  <node id="30088" visible="true" version="1" lat="49.99996618259" lon="9.00456276148" />
  <node id="30089" visible="true" version="1" lat="49.99996618232" lon="9.00456973818" />
  <node id="30090" visible="true" version="1" lat="49.99996618204" lon="9.00457671488" />
  <node id="30091" visible="true" version="1" lat="49.99996618177" lon="9.00458369158" />
  <node id="30092" visible="true" version="1" lat="49.99996618149" lon="9.00459066828" />
  <node id="30093" visible="true" version="1" lat="49.99996618121" lon="9.00459764498" />
  <node id="30094" visible="true" version="1" lat="49.99996618094" lon="9.00460462168" />
  <node id="30095" visible="true" version="1" lat="49.99996618066" lon="9.00461159838" />
  <node id="30096" visible="true" version="1" lat="49.99996618038" lon="9.00461857508" />
  <node id="30097" visible="true" version="1" lat="49.9999661801" lon="9.00462555178" />
  <node id="30098" visible="true" version="1" lat="49.99996617983" lon="9.00463252848" />
  <node id="30099" visible="true" version="1" lat="49.99996617955" lon="9.00463950518" />
  <node id="30100" visible="true" version="1" lat="49.99996617927" lon="9.00464648187" />
  <node id="30101" visible="true" version="1" lat="49.99996617899" lon="9.00465345857" />
  <node id="30102" visible="true" version="1" lat="49.99996617871" lon="9.00466043527" />
  <node id="30103" visible="true" version="1" lat="49.99996617843" lon="9.00466741197" />
  <node id="30104" visible="true" version="1" lat="49.99996617815" lon="9.00467438867" />
  <node id="30105" visible="true" version="1" lat="49.99996617787" lon="9.00468136537" />
  <node id="30106" visible="true" version="1" lat="49.99996617758" lon="9.00468834207" />
  <node id="30107" visible="true" version="1" lat="49.9999661773" lon="9.00469531877" />
  <node id="30108" visible="true" version="1" lat="49.99996617702" lon="9.00470229547" />
  <node id="30109" visible="true" version="1" lat="49.99996617674" lon="9.00470927217" />
  <node id="30110" visible="true" version="1" lat="49.99996617645" lon="9.00471624887" />
  <node id="30111" visible="true" version="1" lat="49.99996617617" lon="9.00472322557" />
  <node id="30112" visible="true" version="1" lat="49.99996617589" lon="9.00473020227" />
  <node id="30113" visible="true" version="1" lat="49.9999661756" lon="9.00473717897" />
  <node id="30114" visible="true" version="1" lat="49.99996617532" lon="9.00474415567" />
  <node id="30115" visible="true" version="1" lat="49.99996617503" lon="9.00475113237" />
  <node id="30116" visible="true" version="1" lat="49.99996617474" lon="9.00475810907" />
  <node id="30117" visible="true" version="1" lat="49.99996617446" lon="9.00476508577" />
  <node id="30118" visible="true" version="1" lat="49.99996617417" lon="9.00477206247" />
  <node id="30119" visible="true" version="1" lat="49.99996617388" lon="9.00477903916" />
  <node id="30120" visible="true" version="1" lat="49.9999661736" lon="9.00478601586" />
  <node id="30121" visible="true" version="1" lat="49.99996617331" lon="9.00479299256" />
  <node id="30122" visible="true" version="1" lat="49.99996617302" lon="9.00479996926" />
  <node id="30123" visible="true" version="1" lat="49.99996617273" lon="9.00480694596" />
  <node id="30124" visible="true" version="1" lat="49.99996617244" lon="9.00481392266" />
  <node id="30125" visible="true" version="1" lat="49.99996617215" lon="9.00482089936" />
  <node id="30126" visible="true" version="1" lat="49.99996617186" lon="9.00482787606" />
  <node id="30127" visible="true" version="1" lat="49.99996617157" lon="9.00483485276" />
  <node id="30128" visible="true" version="1" lat="49.99996617128" lon="9.00484182946" />
  <node id="30129" visible="true" version="1" lat="49.99996617099" lon="9.00484880616" />
  <node id="30130" visible="true" version="1" lat="49.9999661707" lon="9.00485578286" />
  <node id="30131" visible="true" version="1" lat="49.99996617041" lon="9.00486275956" />
  <node id="30132" visible="true" version="1" lat="49.99996617011" lon="9.00486973626" />
  <node id="30133" visible="true" version="1" lat="49.99996616982" lon="9.00487671296" />
  <node id="30134" visible="true" version="1" lat="49.99996616953" lon="9.00488368966" />
  <node id="30135" visible="true" version="1" lat="49.99996616923" lon="9.00489066636" />
  <node id="30136" visible="true" version="1" lat="49.99996616894" lon="9.00489764306" />
  <node id="30137" visible="true" version="1" lat="49.99996616864" lon="9.00490461976" />
  <node id="30138" visible="true" version="1" lat="49.99996616835" lon="9.00491159646" />
  <node id="30139" visible="true" version="1" lat="49.99996616805" lon="9.00491857315" />
  <node id="30140" visible="true" version="1" lat="49.99996616776" lon="9.00492554985" />
  <node id="30141" visible="true" version="1" lat="49.99996616746" lon="9.00493252655" />
  <node id="30142" visible="true" version="1" lat="49.99996616717" lon="9.00493950325" />
  <node id="30143" visible="true" version="1" lat="49.99996616687" lon="9.00494647995" />
  <node id="30144" visible="true" version="1" lat="49.99996616657" lon="9.00495345665" />
  <node id="30145" visible="true" version="1" lat="49.99996616627" lon="9.00496043335" />
  <node id="30146" visible="true" version="1" lat="49.99996616597" lon="9.00496741005" />
  <node id="30147" visible="true" version="1" lat="49.99996616567" lon="9.00497438675" />
  <node id="30148" visible="true" version="1" lat="49.99996616538" lon="9.00498136345" />
  <node id="30149" visible="true" version="1" lat="49.99996616508" lon="9.00498834015" />
  <node id="30150" visible="true" version="1" lat="49.99996616478" lon="9.00499531685" />
  <node id="30151" visible="true" version="1" lat="49.99996616448" lon="9.00500229355" />
  <node id="30152" visible="true" version="1" lat="49.99996616417" lon="9.00500927025" />
  <node id="30153" visible="true" version="1" lat="49.99996616387" lon="9.00501624695" />
  <node id="30154" visible="true" version="1" lat="49.99996616357" lon="9.00502322365" />
  <node id="30155" visible="true" version="1" lat="49.99996616327" lon="9.00503020035" />
  <node id="30156" visible="true" version="1" lat="49.99996616297" lon="9.00503717705" />
  <node id="30157" visible="true" version="1" lat="49.99996616266" lon="9.00504415375" />
  <node id="30158" visible="true" version="1" lat="49.99996616236" lon="9.00505113044" />
  <node id="30159" visible="true" version="1" lat="49.99996616206" lon="9.00505810714" />
  <node id="30160" visible="true" version="1" lat="49.99996616175" lon="9.00506508384" />
  <node id="30161" visible="true" version="1" lat="49.99996616145" lon="9.00507206054" />
  <node id="30162" visible="true" version="1" lat="49.99996616114" lon="9.00507903724" />
  <node id="30163" visible="true" version="1" lat="49.99996616084" lon="9.00508601394" />
  <node id="30164" visible="true" version="1" lat="49.99996616053" lon="9.00509299064" />
  <node id="30165" visible="true" version="1" lat="49.99996616022" lon="9.00509996734" />
  <node id="30166" visible="true" version="1" lat="49.99996615992" lon="9.00510694404" />
  <node id="30167" visible="true" version="1" lat="49.99996615961" lon="9.00511392074" />
  <node id="30168" visible="true" version="1" lat="49.9999661593" lon="9.00512089744" />
  <node id="30169" visible="true" version="1" lat="49.99996615899" lon="9.00512787414" />
  <node id="30170" visible="true" version="1" lat="49.99996615868" lon="9.00513485084" />
  <node id="30171" visible="true" version="1" lat="49.99996615838" lon="9.00514182754" />
  <node id="30172" visible="true" version="1" lat="49.99996615807" lon="9.00514880424" />
  <node id="30173" visible="true" version="1" lat="49.99996615776" lon="9.00515578094" />
  <node id="30174" visible="true" version="1" lat="49.99996615745" lon="9.00516275764" />
  <node id="30175" visible="true" version="1" lat="49.99996615714" lon="9.00516973434" />
  <node id="30176" visible="true" version="1" lat="49.99996615682" lon="9.00517671104" />
  <node id="30177" visible="true" version="1" lat="49.99996615651" lon="9.00518368773" />
  <node id="30178" visible="true" version="1" lat="49.9999661562" lon="9.00519066443" />
  <node id="30179" visible="true" version="1" lat="49.99996615589" lon="9.00519764113" />
  <node id="30180" visible="true" version="1" lat="49.99996615558" lon="9.00520461783" />
  <node id="30181" visible="true" version="1" lat="49.99996615526" lon="9.00521159453" />
  <node id="30182" visible="true" version="1" lat="49.99996615495" lon="9.00521857123" />
  <node id="30183" visible="true" version="1" lat="49.99996615464" lon="9.00522554793" />
  <node id="30184" visible="true" version="1" lat="49.99996615432" lon="9.00523252463" />
  <node id="30185" visible="true" version="1" lat="49.99996615401" lon="9.00523950133" />
  <node id="30186" visible="true" version="1" lat="49.99996615369" lon="9.00524647803" />
  <node id="30187" visible="true" version="1" lat="49.99996615338" lon="9.00525345473" />
  <node id="30188" visible="true" version="1" lat="49.99996615306" lon="9.00526043143" />
  <node id="30189" visible="true" version="1" lat="49.99996615274" lon="9.00526740813" />
  <node id="30190" visible="true" version="1" lat="49.99996615243" lon="9.00527438483" />
  <node id="30191" visible="true" version="1" lat="49.99996615211" lon="9.00528136153" />
  <node id="30192" visible="true" version="1" lat="49.99996615179" lon="9.00528833823" />
  <node id="30193" visible="true" version="1" lat="49.99996615147" lon="9.00529531493" />
  <node id="30194" visible="true" version="1" lat="49.99996615115" lon="9.00530229163" />
  <node id="30195" visible="true" version="1" lat="49.99996615084" lon="9.00530926833" />
  <node id="30196" visible="true" version="1" lat="49.99996615052" lon="9.00531624502" />
  <node id="30197" visible="true" version="1" lat="49.9999661502" lon="9.00532322172" />
  <node id="30198" visible="true" version="1" lat="49.99996614988" lon="9.00533019842" />
  <node id="30199" visible="true" version="1" lat="49.99996614956" lon="9.00533717512" />
  <node id="30200" visible="true" version="1" lat="49.99996614923" lon="9.00534415182" />
  <node id="30201" visible="true" version="1" lat="49.99996614891" lon="9.00535112852" />
  <node id="30202" visible="true" version="1" lat="49.99996614859" lon="9.00535810522" />
  <node id="30203" visible="true" version="1" lat="49.99996614827" lon="9.00536508192" />
  <node id="30204" visible="true" version="1" lat="49.99996614795" lon="9.00537205862" />
  <node id="30205" visible="true" version="1" lat="49.99996614762" lon="9.00537903532" />
  <node id="30206" visible="true" version="1" lat="49.9999661473" lon="9.00538601202" />
  <node id="30207" visible="true" version="1" lat="49.99996614697" lon="9.00539298872" />
  <node id="30208" visible="true" version="1" lat="49.99996614665" lon="9.00539996542" />
  <node id="30209" visible="true" version="1" lat="49.99996614633" lon="9.00540694212" />
  <node id="30210" visible="true" version="1" lat="49.999966146" lon="9.00541391882" />
  <node id="30211" visible="true" version="1" lat="49.99996614567" lon="9.00542089552" />
  <node id="30212" visible="true" version="1" lat="49.99996614535" lon="9.00542787222" />
  <node id="30213" visible="true" version="1" lat="49.99996614502" lon="9.00543484892" />
  <node id="30214" visible="true" version="1" lat="49.99996614469" lon="9.00544182562" />
  <node id="30215" visible="true" version="1" lat="49.99996614437" lon="9.00544880231" />
  <node id="30216" visible="true" version="1" lat="49.99996614404" lon="9.00545577901" />
  <node id="30217" visible="true" version="1" lat="49.99996614371" lon="9.00546275571" />
  <node id="30218" visible="true" version="1" lat="49.99996614338" lon="9.00546973241" />
  <node id="30219" visible="true" version="1" lat="49.99996614305" lon="9.00547670911" />
  <node id="30220" visible="true" version="1" lat="49.99996614272" lon="9.00548368581" />
  <node id="30221" visible="true" version="1" lat="49.99996614239" lon="9.00549066251" />
  <node id="30222" visible="true" version="1" lat="49.99996614206" lon="9.00549763921" />
  <node id="30223" visible="true" version="1" lat="49.99996614173" lon="9.00550461591" />
  <node id="30224" visible="true" version="1" lat="49.9999661414" lon="9.00551159261" />
  <node id="30225" visible="true" version="1" lat="49.99996614107" lon="9.00551856931" />
  <node id="30226" visible="true" version="1" lat="49.99996614074" lon="9.00552554601" />
  <node id="30227" visible="true" version="1" lat="49.99996614041" lon="9.00553252271" />
  <node id="30228" visible="true" version="1" lat="49.99996614007" lon="9.00553949941" />
  <node id="30229" visible="true" version="1" lat="49.99996613974" lon="9.00554647611" />
  <node id="30230" visible="true" version="1" lat="49.99996613941" lon="9.00555345281" />
  <node id="30231" visible="true" version="1" lat="49.99996613907" lon="9.00556042951" />
  <node id="30232" visible="true" version="1" lat="49.99996613874" lon="9.00556740621" />
  <node id="30233" visible="true" version="1" lat="49.9999661384" lon="9.00557438291" />
  <node id="30234" visible="true" version="1" lat="49.99996613807" lon="9.0055813596" />
  <node id="30235" visible="true" version="1" lat="49.99996613773" lon="9.0055883363" />
  <node id="30236" visible="true" version="1" lat="49.99996613739" lon="9.005595313" />
  <node id="30237" visible="true" version="1" lat="49.99996613706" lon="9.0056022897" />
  <node id="30238" visible="true" version="1" lat="49.99996613672" lon="9.0056092664" />
  <node id="30239" visible="true" version="1" lat="49.99996613638" lon="9.0056162431" />
  <node id="30240" visible="true" version="1" lat="49.99996613605" lon="9.0056232198" />
  <node id="30241" visible="true" version="1" lat="49.99996613571" lon="9.0056301965" />
  <node id="30242" visible="true" version="1" lat="49.99996613537" lon="9.0056371732" />
  <node id="30243" visible="true" version="1" lat="49.99996613503" lon="9.0056441499" />
  <node id="30244" visible="true" version="1" lat="49.99996613469" lon="9.0056511266" />
  <node id="30245" visible="true" version="1" lat="49.99996613435" lon="9.0056581033" />
  <node id="30246" visible="true" version="1" lat="49.99996613401" lon="9.00566508" />
  <node id="30247" visible="true" version="1" lat="49.99996613367" lon="9.0056720567" />
  <node id="30248" visible="true" version="1" lat="49.99996613333" lon="9.0056790334" />
  <node id="30249" visible="true" version="1" lat="49.99996613299" lon="9.0056860101" />
  <node id="30250" visible="true" version="1" lat="49.99996613264" lon="9.0056929868" />
  <node id="30251" visible="true" version="1" lat="49.9999661323" lon="9.0056999635" />
  <node id="30252" visible="true" version="1" lat="49.99996613196" lon="9.0057069402" />
  <node id="30253" visible="true" version="1" lat="49.99996613162" lon="9.00571391689" />
  <node id="30254" visible="true" version="1" lat="49.99996613127" lon="9.00572089359" />
  <node id="30255" visible="true" version="1" lat="49.99996613093" lon="9.00572787029" />
  <node id="30256" visible="true" version="1" lat="49.99996613058" lon="9.00573484699" />
  <node id="30257" visible="true" version="1" lat="49.99996613024" lon="9.00574182369" />
  <node id="30258" visible="true" version="1" lat="49.99996612989" lon="9.00574880039" />
  <node id="30259" visible="true" version="1" lat="49.99996612955" lon="9.00575577709" />
  <node id="30260" visible="true" version="1" lat="49.9999661292" lon="9.00576275379" />
  <node id="30261" visible="true" version="1" lat="49.99996612885" lon="9.00576973049" />
  <node id="30262" visible="true" version="1" lat="49.99996612851" lon="9.00577670719" />
  <node id="30263" visible="true" version="1" lat="49.99996612816" lon="9.00578368389" />
  <node id="30264" visible="true" version="1" lat="49.99996612781" lon="9.00579066059" />
  <node id="30265" visible="true" version="1" lat="49.99996612746" lon="9.00579763729" />
  <node id="30266" visible="true" version="1" lat="49.99996612711" lon="9.00580461399" />
  <node id="30267" visible="true" version="1" lat="49.99996612676" lon="9.00581159069" />
  <node id="30268" visible="true" version="1" lat="49.99996612641" lon="9.00581856739" />
  <node id="30269" visible="true" version="1" lat="49.99996612606" lon="9.00582554409" />
  <node id="30270" visible="true" version="1" lat="49.99996612571" lon="9.00583252079" />
  <node id="30271" visible="true" version="1" lat="49.99996612536" lon="9.00583949749" />
  <node id="30272" visible="true" version="1" lat="49.99996612501" lon="9.00584647418" />
  <node id="30273" visible="true" version="1" lat="49.99996612466" lon="9.00585345088" />
  <node id="30274" visible="true" version="1" lat="49.99996612431" lon="9.00586042758" />
  <node id="30275" visible="true" version="1" lat="49.99996612396" lon="9.00586740428" />
  <node id="30276" visible="true" version="1" lat="49.9999661236" lon="9.00587438098" />
  <node id="30277" visible="true" version="1" lat="49.99996612325" lon="9.00588135768" />
  <node id="30278" visible="true" version="1" lat="49.9999661229" lon="9.00588833438" />
  <node id="30279" visible="true" version="1" lat="49.99996612254" lon="9.00589531108" />
  <node id="30280" visible="true" version="1" lat="49.99996612219" lon="9.00590228778" />
  <node id="30281" visible="true" version="1" lat="49.99996612183" lon="9.00590926448" />
  <node id="30282" visible="true" version="1" lat="49.99996612148" lon="9.00591624118" />
  <node id="30283" visible="true" version="1" lat="49.99996612112" lon="9.00592321788" />
  <node id="30284" visible="true" version="1" lat="49.99996612076" lon="9.00593019458" />
  <node id="30285" visible="true" version="1" lat="49.99996612041" lon="9.00593717128" />
  <node id="30286" visible="true" version="1" lat="49.99996612005" lon="9.00594414798" />
  <node id="30287" visible="true" version="1" lat="49.99996611969" lon="9.00595112468" />
  <node id="30288" visible="true" version="1" lat="49.99996611933" lon="9.00595810138" />
  <node id="30289" visible="true" version="1" lat="49.99996611898" lon="9.00596507808" />
  <node id="30290" visible="true" version="1" lat="49.99996611862" lon="9.00597205478" />
  <node id="30291" visible="true" version="1" lat="49.99996611826" lon="9.00597903147" />
  <node id="30292" visible="true" version="1" lat="49.9999661179" lon="9.00598600817" />
  <node id="30293" visible="true" version="1" lat="49.99996611754" lon="9.00599298487" />
  <node id="30294" visible="true" version="1" lat="49.99996611718" lon="9.00599996157" />
  <node id="30295" visible="true" version="1" lat="49.99996611682" lon="9.00600693827" />
  <node id="30296" visible="true" version="1" lat="49.99996611645" lon="9.00601391497" />
  <node id="30297" visible="true" version="1" lat="49.99996611609" lon="9.00602089167" />
  <node id="30298" visible="true" version="1" lat="49.99996611573" lon="9.00602786837" />
  <node id="30299" visible="true" version="1" lat="49.99996611537" lon="9.00603484507" />
  <node id="30300" visible="true" version="1" lat="49.999966115" lon="9.00604182177" />
  <node id="30301" visible="true" version="1" lat="49.99996611464" lon="9.00604879847" />
  <node id="30302" visible="true" version="1" lat="49.99996611428" lon="9.00605577517" />
  <node id="30303" visible="true" version="1" lat="49.99996611391" lon="9.00606275187" />
  <node id="30304" visible="true" version="1" lat="49.99996611355" lon="9.00606972857" />
  <node id="30305" visible="true" version="1" lat="49.99996611318" lon="9.00607670527" />
  <node id="30306" visible="true" version="1" lat="49.99996611282" lon="9.00608368197" />
  <node id="30307" visible="true" version="1" lat="49.99996611245" lon="9.00609065867" />
  <node id="30308" visible="true" version="1" lat="49.99996611209" lon="9.00609763537" />
  <node id="30309" visible="true" version="1" lat="49.99996611172" lon="9.00610461206" />
  <node id="30310" visible="true" version="1" lat="49.99996611135" lon="9.00611158876" />
  <node id="30311" visible="true" version="1" lat="49.99996611098" lon="9.00611856546" />
  <node id="30312" visible="true" version="1" lat="49.99996611062" lon="9.00612554216" />
  <node id="30313" visible="true" version="1" lat="49.99996611025" lon="9.00613251886" />
  <node id="30314" visible="true" version="1" lat="49.99996610988" lon="9.00613949556" />
  <node id="30315" visible="true" version="1" lat="49.99996610951" lon="9.00614647226" />
  <node id="30316" visible="true" version="1" lat="49.99996610914" lon="9.00615344896" />
  <node id="30317" visible="true" version="1" lat="49.99996610877" lon="9.00616042566" />
  <node id="30318" visible="true" version="1" lat="49.9999661084" lon="9.00616740236" />
  <node id="30319" visible="true" version="1" lat="49.99996610803" lon="9.00617437906" />
  <node id="30320" visible="true" version="1" lat="49.99996610766" lon="9.00618135576" />
  <node id="30321" visible="true" version="1" lat="49.99996610728" lon="9.00618833246" />
  <node id="30322" visible="true" version="1" lat="49.99996610691" lon="9.00619530916" />
  <node id="30323" visible="true" version="1" lat="49.99996610654" lon="9.00620228586" />
  <node id="30324" visible="true" version="1" lat="49.99996610617" lon="9.00620926256" />
  <node id="30325" visible="true" version="1" lat="49.99996610579" lon="9.00621623926" />
  <node id="30326" visible="true" version="1" lat="49.99996610542" lon="9.00622321596" />
  <node id="30327" visible="true" version="1" lat="49.99996610504" lon="9.00623019266" />
  <node id="30328" visible="true" version="1" lat="49.99996610467" lon="9.00623716935" />
  <node id="30329" visible="true" version="1" lat="49.99996610429" lon="9.00624414605" />
  <node id="30330" visible="true" version="1" lat="49.99996610392" lon="9.00625112275" />
  <node id="30331" visible="true" version="1" lat="49.99996610354" lon="9.00625809945" />
  <node id="30332" visible="true" version="1" lat="49.99996610317" lon="9.00626507615" />
  <node id="30333" visible="true" version="1" lat="49.99996610279" lon="9.00627205285" />
  <node id="30334" visible="true" version="1" lat="49.99996610241" lon="9.00627902955" />
  <node id="30335" visible="true" version="1" lat="49.99996610203" lon="9.00628600625" />
  <node id="30336" visible="true" version="1" lat="49.99996610166" lon="9.00629298295" />
  <node id="30337" visible="true" version="1" lat="49.99996610128" lon="9.00629995965" />
  <node id="30338" visible="true" version="1" lat="49.9999661009" lon="9.00630693635" />
  <node id="30339" visible="true" version="1" lat="49.99996610052" lon="9.00631391305" />
  <node id="30340" visible="true" version="1" lat="49.99996610014" lon="9.00632088975" />
  <node id="30341" visible="true" version="1" lat="49.99996609976" lon="9.00632786645" />
  <node id="30342" visible="true" version="1" lat="49.99996609938" lon="9.00633484315" />
  <node id="30343" visible="true" version="1" lat="49.999966099" lon="9.00634181985" />
  <node id="30344" visible="true" version="1" lat="49.99996609862" lon="9.00634879655" />
  <node id="30345" visible="true" version="1" lat="49.99996609823" lon="9.00635577325" />
  <node id="30346" visible="true" version="1" lat="49.99996609785" lon="9.00636274994" />
  <node id="30347" visible="true" version="1" lat="49.99996609747" lon="9.00636972664" />
  <node id="30348" visible="true" version="1" lat="49.99996609708" lon="9.00637670334" />
  <node id="30349" visible="true" version="1" lat="49.9999660967" lon="9.00638368004" />
  <node id="30350" visible="true" version="1" lat="49.99996609632" lon="9.00639065674" />
  <node id="30351" visible="true" version="1" lat="49.99996609593" lon="9.00639763344" />
  <node id="30352" visible="true" version="1" lat="49.99996609555" lon="9.00640461014" />
  <node id="30353" visible="true" version="1" lat="49.99996609516" lon="9.00641158684" />
  <node id="30354" visible="true" version="1" lat="49.99996609478" lon="9.00641856354" />
  <node id="30355" visible="true" version="1" lat="49.99996609439" lon="9.00642554024" />
  <node id="30356" visible="true" version="1" lat="49.999966094" lon="9.00643251694" />
  <node id="30357" visible="true" version="1" lat="49.99996609362" lon="9.00643949364" />
  <node id="30358" visible="true" version="1" lat="49.99996609323" lon="9.00644647034" />
  <node id="30359" visible="true" version="1" lat="49.99996609284" lon="9.00645344704" />
  <node id="30360" visible="true" version="1" lat="49.99996609245" lon="9.00646042374" />
  <node id="30361" visible="true" version="1" lat="49.99996609207" lon="9.00646740044" />
  <node id="30362" visible="true" version="1" lat="49.99996609168" lon="9.00647437714" />
  <node id="30363" visible="true" version="1" lat="49.99996609129" lon="9.00648135384" />
  <node id="30364" visible="true" version="1" lat="49.9999660909" lon="9.00648833053" />
  <node id="30365" visible="true" version="1" lat="49.99996609051" lon="9.00649530723" />
  <node id="30366" visible="true" version="1" lat="49.99996609012" lon="9.00650228393" />
  <node id="30367" visible="true" version="1" lat="49.99996608972" lon="9.00650926063" />
  <node id="30368" visible="true" version="1" lat="49.99996608933" lon="9.00651623733" />
  <node id="30369" visible="true" version="1" lat="49.99996608894" lon="9.00652321403" />
  <node id="30370" visible="true" version="1" lat="49.99996608855" lon="9.00653019073" />
  <node id="30371" visible="true" version="1" lat="49.99996608816" lon="9.00653716743" />
  <node id="30372" visible="true" version="1" lat="49.99996608776" lon="9.00654414413" />
  <node id="30373" visible="true" version="1" lat="49.99996608737" lon="9.00655112083" />
  <node id="30374" visible="true" version="1" lat="49.99996608697" lon="9.00655809753" />
  <node id="30375" visible="true" version="1" lat="49.99996608658" lon="9.00656507423" />
  <node id="30376" visible="true" version="1" lat="49.99996608619" lon="9.00657205093" />
  <node id="30377" visible="true" version="1" lat="49.99996608579" lon="9.00657902763" />
  <node id="30378" visible="true" version="1" lat="49.99996608539" lon="9.00658600433" />
  <node id="30379" visible="true" version="1" lat="49.999966085" lon="9.00659298103" />
  <node id="30380" visible="true" version="1" lat="49.9999660846" lon="9.00659995773" />
  <node id="30381" visible="true" version="1" lat="49.9999660842" lon="9.00660693443" />
  <node id="30382" visible="true" version="1" lat="49.99996608381" lon="9.00661391113" />
  <node id="30383" visible="true" version="1" lat="49.99996608341" lon="9.00662088782" />
  <node id="30384" visible="true" version="1" lat="49.99996608301" lon="9.00662786452" />
  <node id="30385" visible="true" version="1" lat="49.99996608261" lon="9.00663484122" />
  <node id="30386" visible="true" version="1" lat="49.99996608221" lon="9.00664181792" />
  <node id="30387" visible="true" version="1" lat="49.99996608181" lon="9.00664879462" />
  <node id="30388" visible="true" version="1" lat="49.99996608141" lon="9.00665577132" />
  <node id="30389" visible="true" version="1" lat="49.99996608101" lon="9.00666274802" />
  <node id="30390" visible="true" version="1" lat="49.99996608061" lon="9.00666972472" />
  <node id="30391" visible="true" version="1" lat="49.99996608021" lon="9.00667670142" />
  <node id="30392" visible="true" version="1" lat="49.99996607981" lon="9.00668367812" />
  <node id="30393" visible="true" version="1" lat="49.99996607941" lon="9.00669065482" />
  <node id="30394" visible="true" version="1" lat="49.999966079" lon="9.00669763152" />
  <node id="30395" visible="true" version="1" lat="49.9999660786" lon="9.00670460822" />
  <node id="30396" visible="true" version="1" lat="49.9999660782" lon="9.00671158492" />
  <node id="30397" visible="true" version="1" lat="49.99996607779" lon="9.00671856162" />
  <node id="30398" visible="true" version="1" lat="49.99996607739" lon="9.00672553832" />
  <node id="30399" visible="true" version="1" lat="49.99996607699" lon="9.00673251502" />
  <node id="30400" visible="true" version="1" lat="49.99996607658" lon="9.00673949172" />
  <node id="30401" visible="true" version="1" lat="49.99996607618" lon="9.00674646841" />
  <node id="30402" visible="true" version="1" lat="49.99996607577" lon="9.00675344511" />
  <node id="30403" visible="true" version="1" lat="49.99996607536" lon="9.00676042181" />
  <node id="30404" visible="true" version="1" lat="49.99996607496" lon="9.00676739851" />
  <node id="30405" visible="true" version="1" lat="49.99996607455" lon="9.00677437521" />
  <node id="30406" visible="true" version="1" lat="49.99996607414" lon="9.00678135191" />
  <node id="30407" visible="true" version="1" lat="49.99996607373" lon="9.00678832861" />
  <node id="30408" visible="true" version="1" lat="49.99996607333" lon="9.00679530531" />
  <node id="30409" visible="true" version="1" lat="49.99996607292" lon="9.00680228201" />
  <node id="30410" visible="true" version="1" lat="49.99996607251" lon="9.00680925871" />
  <node id="30411" visible="true" version="1" lat="49.9999660721" lon="9.00681623541" />
  <node id="30412" visible="true" version="1" lat="49.99996607169" lon="9.00682321211" />
  <node id="30413" visible="true" version="1" lat="49.99996607128" lon="9.00683018881" />
  <node id="30414" visible="true" version="1" lat="49.99996607087" lon="9.00683716551" />
  <node id="30415" visible="true" version="1" lat="49.99996607046" lon="9.00684414221" />
  <node id="30416" visible="true" version="1" lat="49.99996607004" lon="9.00685111891" />
  <node id="30417" visible="true" version="1" lat="49.99996606963" lon="9.00685809561" />
  <node id="30418" visible="true" version="1" lat="49.99996606922" lon="9.00686507231" />
  <node id="30419" visible="true" version="1" lat="49.99996606881" lon="9.006872049" />
  <node id="30420" visible="true" version="1" lat="49.99996606839" lon="9.0068790257" />
  <node id="30421" visible="true" version="1" lat="49.99996606798" lon="9.0068860024" />
  <node id="30422" visible="true" version="1" lat="49.99996606756" lon="9.0068929791" />
  <node id="30423" visible="true" version="1" lat="49.99996606715" lon="9.0068999558" />
  <node id="30424" visible="true" version="1" lat="49.99996606674" lon="9.0069069325" />
  <node id="30425" visible="true" version="1" lat="49.99996606632" lon="9.0069139092" />
  <node id="30426" visible="true" version="1" lat="49.9999660659" lon="9.0069208859" />
  <node id="30427" visible="true" version="1" lat="49.99996606549" lon="9.0069278626" />
  <node id="30428" visible="true" version="1" lat="49.99996606507" lon="9.0069348393" />
  <node id="30429" visible="true" version="1" lat="49.99996606465" lon="9.006941816" />
  <node id="30430" visible="true" version="1" lat="49.99996606424" lon="9.0069487927" />
  <node id="30431" visible="true" version="1" lat="49.99996606382" lon="9.0069557694" />
  <node id="30432" visible="true" version="1" lat="49.9999660634" lon="9.0069627461" />
  <node id="30433" visible="true" version="1" lat="49.99996606298" lon="9.0069697228" />
  <node id="30434" visible="true" version="1" lat="49.99996606256" lon="9.0069766995" />
  <node id="30436" visible="true" version="1" lat="49.99998313615" lon="9" />
  <node id="30437" visible="true" version="1" lat="49.99998313615" lon="9.0000069767" />
  <node id="30438" visible="true" version="1" lat="49.99998313615" lon="9.0000139534" />
  <node id="30439" visible="true" version="1" lat="49.99998313615" lon="9.00002093011" />
  <node id="30440" visible="true" version="1" lat="49.99998313615" lon="9.00002790681" />
  <node id="30441" visible="true" version="1" lat="49.99998313614" lon="9.00003488351" />
  <node id="30442" visible="true" version="1" lat="49.99998313614" lon="9.00004186021" />
  <node id="30443" visible="true" version="1" lat="49.99998313614" lon="9.00004883691" />
  <node id="30444" visible="true" version="1" lat="49.99998313614" lon="9.00005581362" />
  <node id="30445" visible="true" version="1" lat="49.99998313613" lon="9.00006279032" />
  <node id="30446" visible="true" version="1" lat="49.99998313613" lon="9.00006976702" />
  <node id="30447" visible="true" version="1" lat="49.99998313612" lon="9.00007674372" />
  <node id="30448" visible="true" version="1" lat="49.99998313612" lon="9.00008372042" />
  <node id="30449" visible="true" version="1" lat="49.99998313611" lon="9.00009069713" />
  <node id="30450" visible="true" version="1" lat="49.99998313611" lon="9.00009767383" />
  <node id="30451" visible="true" version="1" lat="49.9999831361" lon="9.00010465053" />
  <node id="30452" visible="true" version="1" lat="49.9999831361" lon="9.00011162723" />
  <node id="30453" visible="true" version="1" lat="49.99998313609" lon="9.00011860393" />
  <node id="30454" visible="true" version="1" lat="49.99998313608" lon="9.00012558064" />
  <node id="30455" visible="true" version="1" lat="49.99998313607" lon="9.00013255734" />
  <node id="30456" visible="true" version="1" lat="49.99998313607" lon="9.00013953404" />
  <node id="30457" visible="true" version="1" lat="49.99998313606" lon="9.00014651074" />
  <node id="30458" visible="true" version="1" lat="49.99998313605" lon="9.00015348744" />
  <node id="30459" visible="true" version="1" lat="49.99998313604" lon="9.00016046415" />
  <node id="30460" visible="true" version="1" lat="49.99998313603" lon="9.00016744085" />
  <node id="30461" visible="true" version="1" lat="49.99998313602" lon="9.00017441755" />
  <node id="30462" visible="true" version="1" lat="49.99998313601" lon="9.00018139425" />
  <node id="30463" visible="true" version="1" lat="49.999983136" lon="9.00018837095" />
  <node id="30464" visible="true" version="1" lat="49.99998313599" lon="9.00019534765" />
  <node id="30465" visible="true" version="1" lat="49.99998313597" lon="9.00020232436" />
  <node id="30466" visible="true" version="1" lat="49.99998313596" lon="9.00020930106" />
  <node id="30467" visible="true" version="1" lat="49.99998313595" lon="9.00021627776" />
  <node id="30468" visible="true" version="1" lat="49.99998313593" lon="9.00022325446" />
  <node id="30469" visible="true" version="1" lat="49.99998313592" lon="9.00023023116" />
  <node id="30470" visible="true" version="1" lat="49.99998313591" lon="9.00023720787" />
  <node id="30471" visible="true" version="1" lat="49.99998313589" lon="9.00024418457" />
  <node id="30472" visible="true" version="1" lat="49.99998313588" lon="9.00025116127" />
  <node id="30473" visible="true" version="1" lat="49.99998313586" lon="9.00025813797" />
  <node id="30474" visible="true" version="1" lat="49.99998313585" lon="9.00026511467" />
  <node id="30475" visible="true" version="1" lat="49.99998313583" lon="9.00027209138" />
  <node id="30476" visible="true" version="1" lat="49.99998313581" lon="9.00027906808" />
  <node id="30477" visible="true" version="1" lat="49.9999831358" lon="9.00028604478" />
  <node id="30478" visible="true" version="1" lat="49.99998313578" lon="9.00029302148" />
  <node id="30479" visible="true" version="1" lat="49.99998313576" lon="9.00029999818" />
  <node id="30480" visible="true" version="1" lat="49.99998313574" lon="9.00030697489" />
  <node id="30481" visible="true" version="1" lat="49.99998313572" lon="9.00031395159" />
  <node id="30482" visible="true" version="1" lat="49.99998313571" lon="9.00032092829" />
  <node id="30483" visible="true" version="1" lat="49.99998313569" lon="9.00032790499" />
  <node id="30484" visible="true" version="1" lat="49.99998313567" lon="9.00033488169" />
  <node id="30485" visible="true" version="1" lat="49.99998313565" lon="9.0003418584" />
  <node id="30486" visible="true" version="1" lat="49.99998313563" lon="9.0003488351" />
  <node id="30487" visible="true" version="1" lat="49.9999831356" lon="9.0003558118" />
  <node id="30488" visible="true" version="1" lat="49.99998313558" lon="9.0003627885" />
  <node id="30489" visible="true" version="1" lat="49.99998313556" lon="9.0003697652" />
  <node id="30490" visible="true" version="1" lat="49.99998313554" lon="9.00037674191" />
  <node id="30491" visible="true" version="1" lat="49.99998313552" lon="9.00038371861" />
  <node id="30492" visible="true" version="1" lat="49.99998313549" lon="9.00039069531" />
  <node id="30493" visible="true" version="1" lat="49.99998313547" lon="9.00039767201" />
  <node id="30494" visible="true" version="1" lat="49.99998313544" lon="9.00040464871" />
  <node id="30495" visible="true" version="1" lat="49.99998313542" lon="9.00041162542" />
  <node id="30496" visible="true" version="1" lat="49.99998313539" lon="9.00041860212" />
  <node id="30497" visible="true" version="1" lat="49.99998313537" lon="9.00042557882" />
  <node id="30498" visible="true" version="1" lat="49.99998313534" lon="9.00043255552" />
  <node id="30499" visible="true" version="1" lat="49.99998313532" lon="9.00043953222" />
  <node id="30500" visible="true" version="1" lat="49.99998313529" lon="9.00044650893" />
  <node id="30501" visible="true" version="1" lat="49.99998313526" lon="9.00045348563" />
  <node id="30502" visible="true" version="1" lat="49.99998313524" lon="9.00046046233" />
  <node id="30503" visible="true" version="1" lat="49.99998313521" lon="9.00046743903" />
  <node id="30504" visible="true" version="1" lat="49.99998313518" lon="9.00047441573" />
  <node id="30505" visible="true" version="1" lat="49.99998313515" lon="9.00048139244" />
  <node id="30506" visible="true" version="1" lat="49.99998313512" lon="9.00048836914" />
  <node id="30507" visible="true" version="1" lat="49.99998313509" lon="9.00049534584" />
  <node id="30508" visible="true" version="1" lat="49.99998313506" lon="9.00050232254" />
  <node id="30509" visible="true" version="1" lat="49.99998313503" lon="9.00050929924" />
  <node id="30510" visible="true" version="1" lat="49.999983135" lon="9.00051627595" />
  <node id="30511" visible="true" version="1" lat="49.99998313497" lon="9.00052325265" />
  <node id="30512" visible="true" version="1" lat="49.99998313494" lon="9.00053022935" />
  <node id="30513" visible="true" version="1" lat="49.99998313491" lon="9.00053720605" />
  <node id="30514" visible="true" version="1" lat="49.99998313487" lon="9.00054418275" />
  <node id="30515" visible="true" version="1" lat="49.99998313484" lon="9.00055115946" />
  <node id="30516" visible="true" version="1" lat="49.99998313481" lon="9.00055813616" />
  <node id="30517" visible="true" version="1" lat="49.99998313477" lon="9.00056511286" />
  <node id="30518" visible="true" version="1" lat="49.99998313474" lon="9.00057208956" />
  <node id="30519" visible="true" version="1" lat="49.9999831347" lon="9.00057906626" />
  <node id="30520" visible="true" version="1" lat="49.99998313467" lon="9.00058604296" />
  <node id="30521" visible="true" version="1" lat="49.99998313463" lon="9.00059301967" />
  <node id="30522" visible="true" version="1" lat="49.9999831346" lon="9.00059999637" />
  <node id="30523" visible="true" version="1" lat="49.99998313456" lon="9.00060697307" />
  <node id="30524" visible="true" version="1" lat="49.99998313453" lon="9.00061394977" />
  <node id="30525" visible="true" version="1" lat="49.99998313449" lon="9.00062092647" />
  <node id="30526" visible="true" version="1" lat="49.99998313445" lon="9.00062790318" />
  <node id="30527" visible="true" version="1" lat="49.99998313441" lon="9.00063487988" />
  <node id="30528" visible="true" version="1" lat="49.99998313437" lon="9.00064185658" />
  <node id="30529" visible="true" version="1" lat="49.99998313434" lon="9.00064883328" />
  <node id="30530" visible="true" version="1" lat="49.9999831343" lon="9.00065580998" />
  <node id="30531" visible="true" version="1" lat="49.99998313426" lon="9.00066278669" />
  <node id="30532" visible="true" version="1" lat="49.99998313422" lon="9.00066976339" />
  <node id="30533" visible="true" version="1" lat="49.99998313418" lon="9.00067674009" />
  <node id="30534" visible="true" version="1" lat="49.99998313414" lon="9.00068371679" />
  <node id="30535" visible="true" version="1" lat="49.99998313409" lon="9.00069069349" />
  <node id="30536" visible="true" version="1" lat="49.99998313405" lon="9.0006976702" />
  <node id="30537" visible="true" version="1" lat="49.99998313401" lon="9.0007046469" />
  <node id="30538" visible="true" version="1" lat="49.99998313397" lon="9.0007116236" />
  <node id="30539" visible="true" version="1" lat="49.99998313392" lon="9.0007186003" />
  <node id="30540" visible="true" version="1" lat="49.99998313388" lon="9.000725577" />
  <node id="30541" visible="true" version="1" lat="49.99998313384" lon="9.00073255371" />
  <node id="30542" visible="true" version="1" lat="49.99998313379" lon="9.00073953041" />
  <node id="30543" visible="true" version="1" lat="49.99998313375" lon="9.00074650711" />
  <node id="30544" visible="true" version="1" lat="49.9999831337" lon="9.00075348381" />
  <node id="30545" visible="true" version="1" lat="49.99998313366" lon="9.00076046051" />
  <node id="30546" visible="true" version="1" lat="49.99998313361" lon="9.00076743722" />
  <node id="30547" visible="true" version="1" lat="49.99998313357" lon="9.00077441392" />
  <node id="30548" visible="true" version="1" lat="49.99998313352" lon="9.00078139062" />
  <node id="30549" visible="true" version="1" lat="49.99998313347" lon="9.00078836732" />
  <node id="30550" visible="true" version="1" lat="49.99998313342" lon="9.00079534402" />
  <node id="30551" visible="true" version="1" lat="49.99998313338" lon="9.00080232073" />
  <node id="30552" visible="true" version="1" lat="49.99998313333" lon="9.00080929743" />
  <node id="30553" visible="true" version="1" lat="49.99998313328" lon="9.00081627413" />
  <node id="30554" visible="true" version="1" lat="49.99998313323" lon="9.00082325083" />
  <node id="30555" visible="true" version="1" lat="49.99998313318" lon="9.00083022753" />
  <node id="30556" visible="true" version="1" lat="49.99998313313" lon="9.00083720424" />
  <node id="30557" visible="true" version="1" lat="49.99998313308" lon="9.00084418094" />
  <node id="30558" visible="true" version="1" lat="49.99998313303" lon="9.00085115764" />
  <node id="30559" visible="true" version="1" lat="49.99998313298" lon="9.00085813434" />
  <node id="30560" visible="true" version="1" lat="49.99998313292" lon="9.00086511104" />
  <node id="30561" visible="true" version="1" lat="49.99998313287" lon="9.00087208775" />
  <node id="30562" visible="true" version="1" lat="49.99998313282" lon="9.00087906445" />
  <node id="30563" visible="true" version="1" lat="49.99998313277" lon="9.00088604115" />
  <node id="30564" visible="true" version="1" lat="49.99998313271" lon="9.00089301785" />
  <node id="30565" visible="true" version="1" lat="49.99998313266" lon="9.00089999455" />
  <node id="30566" visible="true" version="1" lat="49.9999831326" lon="9.00090697126" />
  <node id="30567" visible="true" version="1" lat="49.99998313255" lon="9.00091394796" />
  <node id="30568" visible="true" version="1" lat="49.9999831325" lon="9.00092092466" />
  <node id="30569" visible="true" version="1" lat="49.99998313244" lon="9.00092790136" />
  <node id="30570" visible="true" version="1" lat="49.99998313238" lon="9.00093487806" />
  <node id="30571" visible="true" version="1" lat="49.99998313233" lon="9.00094185477" />
  <node id="30572" visible="true" version="1" lat="49.99998313227" lon="9.00094883147" />
  <node id="30573" visible="true" version="1" lat="49.99998313221" lon="9.00095580817" />
  <node id="30574" visible="true" version="1" lat="49.99998313216" lon="9.00096278487" />
  <node id="30575" visible="true" version="1" lat="49.9999831321" lon="9.00096976157" />
  <node id="30576" visible="true" version="1" lat="49.99998313204" lon="9.00097673827" />
  <node id="30577" visible="true" version="1" lat="49.99998313198" lon="9.00098371498" />
  <node id="30578" visible="true" version="1" lat="49.99998313192" lon="9.00099069168" />
  <node id="30579" visible="true" version="1" lat="49.99998313186" lon="9.00099766838" />
  <node id="30580" visible="true" version="1" lat="49.9999831318" lon="9.00100464508" />
  <node id="30581" visible="true" version="1" lat="49.99998313174" lon="9.00101162178" />
  <node id="30582" visible="true" version="1" lat="49.99998313168" lon="9.00101859849" />
  <node id="30583" visible="true" version="1" lat="49.99998313162" lon="9.00102557519" />
  <node id="30584" visible="true" version="1" lat="49.99998313156" lon="9.00103255189" />
  <node id="30585" visible="true" version="1" lat="49.99998313149" lon="9.00103952859" />
  <node id="30586" visible="true" version="1" lat="49.99998313143" lon="9.00104650529" />
  <node id="30587" visible="true" version="1" lat="49.99998313137" lon="9.001053482" />
  <node id="30588" visible="true" version="1" lat="49.9999831313" lon="9.0010604587" />
  <node id="30589" visible="true" version="1" lat="49.99998313124" lon="9.0010674354" />
  <node id="30590" visible="true" version="1" lat="49.99998313118" lon="9.0010744121" />
  <node id="30591" visible="true" version="1" lat="49.99998313111" lon="9.0010813888" />
  <node id="30592" visible="true" version="1" lat="49.99998313105" lon="9.00108836551" />
  <node id="30593" visible="true" version="1" lat="49.99998313098" lon="9.00109534221" />
  <node id="30594" visible="true" version="1" lat="49.99998313091" lon="9.00110231891" />
  <node id="30595" visible="true" version="1" lat="49.99998313085" lon="9.00110929561" />
  <node id="30596" visible="true" version="1" lat="49.99998313078" lon="9.00111627231" />
  <node id="30597" visible="true" version="1" lat="49.99998313071" lon="9.00112324902" />
  <node id="30598" visible="true" version="1" lat="49.99998313065" lon="9.00113022572" />
  <node id="30599" visible="true" version="1" lat="49.99998313058" lon="9.00113720242" />
  <node id="30600" visible="true" version="1" lat="49.99998313051" lon="9.00114417912" />
  <node id="30601" visible="true" version="1" lat="49.99998313044" lon="9.00115115582" />
  <node id="30602" visible="true" version="1" lat="49.99998313037" lon="9.00115813253" />
  <node id="30603" visible="true" version="1" lat="49.9999831303" lon="9.00116510923" />
  <node id="30604" visible="true" version="1" lat="49.99998313023" lon="9.00117208593" />
  <node id="30605" visible="true" version="1" lat="49.99998313016" lon="9.00117906263" />
  <node id="30606" visible="true" version="1" lat="49.99998313009" lon="9.00118603933" />
  <node id="30607" visible="true" version="1" lat="49.99998313002" lon="9.00119301604" />
  <node id="30608" visible="true" version="1" lat="49.99998312994" lon="9.00119999274" />
  <node id="30609" visible="true" version="1" lat="49.99998312987" lon="9.00120696944" />
  <node id="30610" visible="true" version="1" lat="49.9999831298" lon="9.00121394614" />
  <node id="30611" visible="true" version="1" lat="49.99998312973" lon="9.00122092284" />
  <node id="30612" visible="true" version="1" lat="49.99998312965" lon="9.00122789955" />
  <node id="30613" visible="true" version="1" lat="49.99998312958" lon="9.00123487625" />
  <node id="30614" visible="true" version="1" lat="49.9999831295" lon="9.00124185295" />
  <node id="30615" visible="true" version="1" lat="49.99998312943" lon="9.00124882965" />
  <node id="30616" visible="true" version="1" lat="49.99998312935" lon="9.00125580635" />
  <node id="30617" visible="true" version="1" lat="49.99998312928" lon="9.00126278306" />
  <node id="30618" visible="true" version="1" lat="49.9999831292" lon="9.00126975976" />
  <node id="30619" visible="true" version="1" lat="49.99998312913" lon="9.00127673646" />
  <node id="30620" visible="true" version="1" lat="49.99998312905" lon="9.00128371316" />
  <node id="30621" visible="true" version="1" lat="49.99998312897" lon="9.00129068986" />
  <node id="30622" visible="true" version="1" lat="49.99998312889" lon="9.00129766657" />
  <node id="30623" visible="true" version="1" lat="49.99998312882" lon="9.00130464327" />
  <node id="30624" visible="true" version="1" lat="49.99998312874" lon="9.00131161997" />
  <node id="30625" visible="true" version="1" lat="49.99998312866" lon="9.00131859667" />
  <node id="30626" visible="true" version="1" lat="49.99998312858" lon="9.00132557337" />
  <node id="30627" visible="true" version="1" lat="49.9999831285" lon="9.00133255007" />
  <node id="30628" visible="true" version="1" lat="49.99998312842" lon="9.00133952678" />
  <node id="30629" visible="true" version="1" lat="49.99998312834" lon="9.00134650348" />
  <node id="30630" visible="true" version="1" lat="49.99998312826" lon="9.00135348018" />
  <node id="30631" visible="true" version="1" lat="49.99998312817" lon="9.00136045688" />
  <node id="30632" visible="true" version="1" lat="49.99998312809" lon="9.00136743358" />
  <node id="30633" visible="true" version="1" lat="49.99998312801" lon="9.00137441029" />
  <node id="30634" visible="true" version="1" lat="49.99998312793" lon="9.00138138699" />
  <node id="30635" visible="true" version="1" lat="49.99998312784" lon="9.00138836369" />
  <node id="30636" visible="true" version="1" lat="49.99998312776" lon="9.00139534039" />
  <node id="30637" visible="true" version="1" lat="49.99998312768" lon="9.00140231709" />
  <node id="30638" visible="true" version="1" lat="49.99998312759" lon="9.0014092938" />
  <node id="30639" visible="true" version="1" lat="49.99998312751" lon="9.0014162705" />
  <node id="30640" visible="true" version="1" lat="49.99998312742" lon="9.0014232472" />
  <node id="30641" visible="true" version="1" lat="49.99998312734" lon="9.0014302239" />
  <node id="30642" visible="true" version="1" lat="49.99998312725" lon="9.0014372006" />
  <node id="30643" visible="true" version="1" lat="49.99998312716" lon="9.00144417731" />
  <node id="30644" visible="true" version="1" lat="49.99998312708" lon="9.00145115401" />
  <node id="30645" visible="true" version="1" lat="49.99998312699" lon="9.00145813071" />
  <node id="30646" visible="true" version="1" lat="49.9999831269" lon="9.00146510741" />
  <node id="30647" visible="true" version="1" lat="49.99998312681" lon="9.00147208411" />
  <node id="30648" visible="true" version="1" lat="49.99998312672" lon="9.00147906082" />
  <node id="30649" visible="true" version="1" lat="49.99998312663" lon="9.00148603752" />
  <node id="30650" visible="true" version="1" lat="49.99998312654" lon="9.00149301422" />
  <node id="30651" visible="true" version="1" lat="49.99998312645" lon="9.00149999092" />
  <node id="30652" visible="true" version="1" lat="49.99998312636" lon="9.00150696762" />
  <node id="30653" visible="true" version="1" lat="49.99998312627" lon="9.00151394433" />
  <node id="30654" visible="true" version="1" lat="49.99998312618" lon="9.00152092103" />
  <node id="30655" visible="true" version="1" lat="49.99998312609" lon="9.00152789773" />
  <node id="30656" visible="true" version="1" lat="49.999983126" lon="9.00153487443" />
  <node id="30657" visible="true" version="1" lat="49.99998312591" lon="9.00154185113" />
  <node id="30658" visible="true" version="1" lat="49.99998312581" lon="9.00154882784" />
  <node id="30659" visible="true" version="1" lat="49.99998312572" lon="9.00155580454" />
  <node id="30660" visible="true" version="1" lat="49.99998312563" lon="9.00156278124" />
  <node id="30661" visible="true" version="1" lat="49.99998312553" lon="9.00156975794" />
  <node id="30662" visible="true" version="1" lat="49.99998312544" lon="9.00157673464" />
  <node id="30663" visible="true" version="1" lat="49.99998312534" lon="9.00158371135" />
  <node id="30664" visible="true" version="1" lat="49.99998312525" lon="9.00159068805" />
  <node id="30665" visible="true" version="1" lat="49.99998312515" lon="9.00159766475" />
  <node id="30666" visible="true" version="1" lat="49.99998312505" lon="9.00160464145" />
  <node id="30667" visible="true" version="1" lat="49.99998312496" lon="9.00161161815" />
  <node id="30668" visible="true" version="1" lat="49.99998312486" lon="9.00161859486" />
  <node id="30669" visible="true" version="1" lat="49.99998312476" lon="9.00162557156" />
  <node id="30670" visible="true" version="1" lat="49.99998312467" lon="9.00163254826" />
  <node id="30671" visible="true" version="1" lat="49.99998312457" lon="9.00163952496" />
  <node id="30672" visible="true" version="1" lat="49.99998312447" lon="9.00164650166" />
  <node id="30673" visible="true" version="1" lat="49.99998312437" lon="9.00165347837" />
  <node id="30674" visible="true" version="1" lat="49.99998312427" lon="9.00166045507" />
  <node id="30675" visible="true" version="1" lat="49.99998312417" lon="9.00166743177" />
  <node id="30676" visible="true" version="1" lat="49.99998312407" lon="9.00167440847" />
  <node id="30677" visible="true" version="1" lat="49.99998312397" lon="9.00168138517" />
  <node id="30678" visible="true" version="1" lat="49.99998312387" lon="9.00168836187" />
  <node id="30679" visible="true" version="1" lat="49.99998312376" lon="9.00169533858" />
  <node id="30680" visible="true" version="1" lat="49.99998312366" lon="9.00170231528" />
  <node id="30681" visible="true" version="1" lat="49.99998312356" lon="9.00170929198" />
  <node id="30682" visible="true" version="1" lat="49.99998312346" lon="9.00171626868" />
  <node id="30683" visible="true" version="1" lat="49.99998312335" lon="9.00172324538" />
  <node id="30684" visible="true" version="1" lat="49.99998312325" lon="9.00173022209" />
  <node id="30685" visible="true" version="1" lat="49.99998312315" lon="9.00173719879" />
  <node id="30686" visible="true" version="1" lat="49.99998312304" lon="9.00174417549" />
  <node id="30687" visible="true" version="1" lat="49.99998312294" lon="9.00175115219" />
  <node id="30688" visible="true" version="1" lat="49.99998312283" lon="9.00175812889" />
  <node id="30689" visible="true" version="1" lat="49.99998312272" lon="9.0017651056" />
  <node id="30690" visible="true" version="1" lat="49.99998312262" lon="9.0017720823" />
  <node id="30691" visible="true" version="1" lat="49.99998312251" lon="9.001779059" />
  <node id="30692" visible="true" version="1" lat="49.9999831224" lon="9.0017860357" />
  <node id="30693" visible="true" version="1" lat="49.9999831223" lon="9.0017930124" />
  <node id="30694" visible="true" version="1" lat="49.99998312219" lon="9.00179998911" />
  <node id="30695" visible="true" version="1" lat="49.99998312208" lon="9.00180696581" />
  <node id="30696" visible="true" version="1" lat="49.99998312197" lon="9.00181394251" />
  <node id="30697" visible="true" version="1" lat="49.99998312186" lon="9.00182091921" />
  <node id="30698" visible="true" version="1" lat="49.99998312175" lon="9.00182789591" />
  <node id="30699" visible="true" version="1" lat="49.99998312164" lon="9.00183487262" />
  <node id="30700" visible="true" version="1" lat="49.99998312153" lon="9.00184184932" />
  <node id="30701" visible="true" version="1" lat="49.99998312142" lon="9.00184882602" />
  <node id="30702" visible="true" version="1" lat="49.99998312131" lon="9.00185580272" />
  <node id="30703" visible="true" version="1" lat="49.9999831212" lon="9.00186277942" />
  <node id="30704" visible="true" version="1" lat="49.99998312109" lon="9.00186975613" />
  <node id="30705" visible="true" version="1" lat="49.99998312097" lon="9.00187673283" />
  <node id="30706" visible="true" version="1" lat="49.99998312086" lon="9.00188370953" />
  <node id="30707" visible="true" version="1" lat="49.99998312075" lon="9.00189068623" />
  <node id="30708" visible="true" version="1" lat="49.99998312063" lon="9.00189766293" />
  <node id="30709" visible="true" version="1" lat="49.99998312052" lon="9.00190463964" />
  <node id="30710" visible="true" version="1" lat="49.9999831204" lon="9.00191161634" />
  <node id="30711" visible="true" version="1" lat="49.99998312029" lon="9.00191859304" />
  <node id="30712" visible="true" version="1" lat="49.99998312017" lon="9.00192556974" />
  <node id="30713" visible="true" version="1" lat="49.99998312006" lon="9.00193254644" />
  <node id="30714" visible="true" version="1" lat="49.99998311994" lon="9.00193952315" />
  <node id="30715" visible="true" version="1" lat="49.99998311982" lon="9.00194649985" />
  <node id="30716" visible="true" version="1" lat="49.99998311971" lon="9.00195347655" />
  <node id="30717" visible="true" version="1" lat="49.99998311959" lon="9.00196045325" />
  <node id="30718" visible="true" version="1" lat="49.99998311947" lon="9.00196742995" />
  <node id="30719" visible="true" version="1" lat="49.99998311935" lon="9.00197440666" />
  <node id="30720" visible="true" version="1" lat="49.99998311923" lon="9.00198138336" />
  <node id="30721" visible="true" version="1" lat="49.99998311911" lon="9.00198836006" />
  <node id="30722" visible="true" version="1" lat="49.99998311899" lon="9.00199533676" />
  <node id="30723" visible="true" version="1" lat="49.99998311887" lon="9.00200231346" />
  <node id="30724" visible="true" version="1" lat="49.99998311875" lon="9.00200929016" />
  <node id="30725" visible="true" version="1" lat="49.99998311863" lon="9.00201626687" />
  <node id="30726" visible="true" version="1" lat="49.99998311851" lon="9.00202324357" />
  <node id="30727" visible="true" version="1" lat="49.99998311839" lon="9.00203022027" />
  <node id="30728" visible="true" version="1" lat="49.99998311827" lon="9.00203719697" />
  <node id="30729" visible="true" version="1" lat="49.99998311814" lon="9.00204417367" />
  <node id="30730" visible="true" version="1" lat="49.99998311802" lon="9.00205115038" />
  <node id="30731" visible="true" version="1" lat="49.9999831179" lon="9.00205812708" />
  <node id="30732" visible="true" version="1" lat="49.99998311777" lon="9.00206510378" />
  <node id="30733" visible="true" version="1" lat="49.99998311765" lon="9.00207208048" />
  <node id="30734" visible="true" version="1" lat="49.99998311752" lon="9.00207905718" />
  <node id="30735" visible="true" version="1" lat="49.9999831174" lon="9.00208603389" />
  <node id="30736" visible="true" version="1" lat="49.99998311727" lon="9.00209301059" />
  <node id="30737" visible="true" version="1" lat="49.99998311715" lon="9.00209998729" />
  <node id="30738" visible="true" version="1" lat="49.99998311702" lon="9.00210696399" />
  <node id="30739" visible="true" version="1" lat="49.99998311689" lon="9.00211394069" />
  <node id="30740" visible="true" version="1" lat="49.99998311677" lon="9.0021209174" />
  <node id="30741" visible="true" version="1" lat="49.99998311664" lon="9.0021278941" />
  <node id="30742" visible="true" version="1" lat="49.99998311651" lon="9.0021348708" />
  <node id="30743" visible="true" version="1" lat="49.99998311638" lon="9.0021418475" />
  <node id="30744" visible="true" version="1" lat="49.99998311625" lon="9.0021488242" />
  <node id="30745" visible="true" version="1" lat="49.99998311612" lon="9.00215580091" />
  <node id="30746" visible="true" version="1" lat="49.99998311599" lon="9.00216277761" />
  <node id="30747" visible="true" version="1" lat="49.99998311586" lon="9.00216975431" />
  <node id="30748" visible="true" version="1" lat="49.99998311573" lon="9.00217673101" />
  <node id="30749" visible="true" version="1" lat="49.9999831156" lon="9.00218370771" />
  <node id="30750" visible="true" version="1" lat="49.99998311547" lon="9.00219068442" />
  <node id="30751" visible="true" version="1" lat="49.99998311534" lon="9.00219766112" />
  <node id="30752" visible="true" version="1" lat="49.99998311521" lon="9.00220463782" />
  <node id="30753" visible="true" version="1" lat="49.99998311507" lon="9.00221161452" />
  <node id="30754" visible="true" version="1" lat="49.99998311494" lon="9.00221859122" />
  <node id="30755" visible="true" version="1" lat="49.99998311481" lon="9.00222556793" />
  <node id="30756" visible="true" version="1" lat="49.99998311467" lon="9.00223254463" />
  <node id="30757" visible="true" version="1" lat="49.99998311454" lon="9.00223952133" />
  <node id="30758" visible="true" version="1" lat="49.9999831144" lon="9.00224649803" />
  <node id="30759" visible="true" version="1" lat="49.99998311427" lon="9.00225347473" />
  <node id="30760" visible="true" version="1" lat="49.99998311413" lon="9.00226045144" />
  <node id="30761" visible="true" version="1" lat="49.999983114" lon="9.00226742814" />
  <node id="30762" visible="true" version="1" lat="49.99998311386" lon="9.00227440484" />
  <node id="30763" visible="true" version="1" lat="49.99998311372" lon="9.00228138154" />
  <node id="30764" visible="true" version="1" lat="49.99998311359" lon="9.00228835824" />
  <node id="30765" visible="true" version="1" lat="49.99998311345" lon="9.00229533495" />
  <node id="30766" visible="true" version="1" lat="49.99998311331" lon="9.00230231165" />
  <node id="30767" visible="true" version="1" lat="49.99998311317" lon="9.00230928835" />
  <node id="30768" visible="true" version="1" lat="49.99998311303" lon="9.00231626505" />
  <node id="30769" visible="true" version="1" lat="49.99998311289" lon="9.00232324175" />
  <node id="30770" visible="true" version="1" lat="49.99998311275" lon="9.00233021845" />
  <node id="30771" visible="true" version="1" lat="49.99998311261" lon="9.00233719516" />
  <node id="30772" visible="true" version="1" lat="49.99998311247" lon="9.00234417186" />
  <node id="30773" visible="true" version="1" lat="49.99998311233" lon="9.00235114856" />
  <node id="30774" visible="true" version="1" lat="49.99998311219" lon="9.00235812526" />
  <node id="30775" visible="true" version="1" lat="49.99998311205" lon="9.00236510196" />
  <node id="30776" visible="true" version="1" lat="49.9999831119" lon="9.00237207867" />
  <node id="30777" visible="true" version="1" lat="49.99998311176" lon="9.00237905537" />
  <node id="30778" visible="true" version="1" lat="49.99998311162" lon="9.00238603207" />
  <node id="30779" visible="true" version="1" lat="49.99998311147" lon="9.00239300877" />
  <node id="30780" visible="true" version="1" lat="49.99998311133" lon="9.00239998547" />
  <node id="30781" visible="true" version="1" lat="49.99998311119" lon="9.00240696218" />
  <node id="30782" visible="true" version="1" lat="49.99998311104" lon="9.00241393888" />
  <node id="30783" visible="true" version="1" lat="49.9999831109" lon="9.00242091558" />
  <node id="30784" visible="true" version="1" lat="49.99998311075" lon="9.00242789228" />
  <node id="30785" visible="true" version="1" lat="49.9999831106" lon="9.00243486898" />
  <node id="30786" visible="true" version="1" lat="49.99998311046" lon="9.00244184569" />
  <node id="30787" visible="true" version="1" lat="49.99998311031" lon="9.00244882239" />
  <node id="30788" visible="true" version="1" lat="49.99998311016" lon="9.00245579909" />
  <node id="30789" visible="true" version="1" lat="49.99998311001" lon="9.00246277579" />
  <node id="30790" visible="true" version="1" lat="49.99998310987" lon="9.00246975249" />
  <node id="30791" visible="true" version="1" lat="49.99998310972" lon="9.0024767292" />
  <node id="30792" visible="true" version="1" lat="49.99998310957" lon="9.0024837059" />
  <node id="30793" visible="true" version="1" lat="49.99998310942" lon="9.0024906826" />
  <node id="30794" visible="true" version="1" lat="49.99998310927" lon="9.0024976593" />
  <node id="30795" visible="true" version="1" lat="49.99998310912" lon="9.002504636" />
  <node id="30796" visible="true" version="1" lat="49.99998310897" lon="9.00251161271" />
  <node id="30797" visible="true" version="1" lat="49.99998310882" lon="9.00251858941" />
  <node id="30798" visible="true" version="1" lat="49.99998310866" lon="9.00252556611" />
  <node id="30799" visible="true" version="1" lat="49.99998310851" lon="9.00253254281" />
  <node id="30800" visible="true" version="1" lat="49.99998310836" lon="9.00253951951" />
  <node id="30801" visible="true" version="1" lat="49.99998310821" lon="9.00254649622" />
  <node id="30802" visible="true" version="1" lat="49.99998310805" lon="9.00255347292" />
  <node id="30803" visible="true" version="1" lat="49.9999831079" lon="9.00256044962" />
  <node id="30804" visible="true" version="1" lat="49.99998310775" lon="9.00256742632" />
  <node id="30805" visible="true" version="1" lat="49.99998310759" lon="9.00257440302" />
  <node id="30806" visible="true" version="1" lat="49.99998310744" lon="9.00258137973" />
  <node id="30807" visible="true" version="1" lat="49.99998310728" lon="9.00258835643" />
  <node id="30808" visible="true" version="1" lat="49.99998310713" lon="9.00259533313" />
  <node id="30809" visible="true" version="1" lat="49.99998310697" lon="9.00260230983" />
  <node id="30810" visible="true" version="1" lat="49.99998310681" lon="9.00260928653" />
  <node id="30811" visible="true" version="1" lat="49.99998310666" lon="9.00261626324" />
  <node id="30812" visible="true" version="1" lat="49.9999831065" lon="9.00262323994" />
  <node id="30813" visible="true" version="1" lat="49.99998310634" lon="9.00263021664" />
  <node id="30814" visible="true" version="1" lat="49.99998310618" lon="9.00263719334" />
  <node id="30815" visible="true" version="1" lat="49.99998310602" lon="9.00264417004" />
  <node id="30816" visible="true" version="1" lat="49.99998310586" lon="9.00265114674" />
  <node id="30817" visible="true" version="1" lat="49.9999831057" lon="9.00265812345" />
  <node id="30818" visible="true" version="1" lat="49.99998310554" lon="9.00266510015" />
  <node id="30819" visible="true" version="1" lat="49.99998310538" lon="9.00267207685" />
  <node id="30820" visible="true" version="1" lat="49.99998310522" lon="9.00267905355" />
  <node id="30821" visible="true" version="1" lat="49.99998310506" lon="9.00268603025" />
  <node id="30822" visible="true" version="1" lat="49.9999831049" lon="9.00269300696" />
  <node id="30823" visible="true" version="1" lat="49.99998310474" lon="9.00269998366" />
  <node id="30824" visible="true" version="1" lat="49.99998310457" lon="9.00270696036" />
  <node id="30825" visible="true" version="1" lat="49.99998310441" lon="9.00271393706" />
  <node id="30826" visible="true" version="1" lat="49.99998310425" lon="9.00272091376" />
  <node id="30827" visible="true" version="1" lat="49.99998310408" lon="9.00272789047" />
  <node id="30828" visible="true" version="1" lat="49.99998310392" lon="9.00273486717" />
  <node id="30829" visible="true" version="1" lat="49.99998310376" lon="9.00274184387" />
  <node id="30830" visible="true" version="1" lat="49.99998310359" lon="9.00274882057" />
  <node id="30831" visible="true" version="1" lat="49.99998310343" lon="9.00275579727" />
  <node id="30832" visible="true" version="1" lat="49.99998310326" lon="9.00276277398" />
  <node id="30833" visible="true" version="1" lat="49.99998310309" lon="9.00276975068" />
  <node id="30834" visible="true" version="1" lat="49.99998310293" lon="9.00277672738" />
  <node id="30835" visible="true" version="1" lat="49.99998310276" lon="9.00278370408" />
  <node id="30836" visible="true" version="1" lat="49.99998310259" lon="9.00279068078" />
  <node id="30837" visible="true" version="1" lat="49.99998310242" lon="9.00279765749" />
  <node id="30838" visible="true" version="1" lat="49.99998310226" lon="9.00280463419" />
  <node id="30839" visible="true" version="1" lat="49.99998310209" lon="9.00281161089" />
  <node id="30840" visible="true" version="1" lat="49.99998310192" lon="9.00281858759" />
  <node id="30841" visible="true" version="1" lat="49.99998310175" lon="9.00282556429" />
  <node id="30842" visible="true" version="1" lat="49.99998310158" lon="9.002832541" />
  <node id="30843" visible="true" version="1" lat="49.99998310141" lon="9.0028395177" />
  <node id="30844" visible="true" version="1" lat="49.99998310124" lon="9.0028464944" />
  <node id="30845" visible="true" version="1" lat="49.99998310106" lon="9.0028534711" />
  <node id="30846" visible="true" version="1" lat="49.99998310089" lon="9.0028604478" />
  <node id="30847" visible="true" version="1" lat="49.99998310072" lon="9.00286742451" />
  <node id="30848" visible="true" version="1" lat="49.99998310055" lon="9.00287440121" />
  <node id="30849" visible="true" version="1" lat="49.99998310037" lon="9.00288137791" />
  <node id="30850" visible="true" version="1" lat="49.9999831002" lon="9.00288835461" />
  <node id="30851" visible="true" version="1" lat="49.99998310003" lon="9.00289533131" />
  <node id="30852" visible="true" version="1" lat="49.99998309985" lon="9.00290230802" />
  <node id="30853" visible="true" version="1" lat="49.99998309968" lon="9.00290928472" />
  <node id="30854" visible="true" version="1" lat="49.9999830995" lon="9.00291626142" />
  <node id="30855" visible="true" version="1" lat="49.99998309933" lon="9.00292323812" />
  <node id="30856" visible="true" version="1" lat="49.99998309915" lon="9.00293021482" />
  <node id="30857" visible="true" version="1" lat="49.99998309898" lon="9.00293719152" />
  <node id="30858" visible="true" version="1" lat="49.9999830988" lon="9.00294416823" />
  <node id="30859" visible="true" version="1" lat="49.99998309862" lon="9.00295114493" />
  <node id="30860" visible="true" version="1" lat="49.99998309844" lon="9.00295812163" />
  <node id="30861" visible="true" version="1" lat="49.99998309827" lon="9.00296509833" />
  <node id="30862" visible="true" version="1" lat="49.99998309809" lon="9.00297207503" />
  <node id="30863" visible="true" version="1" lat="49.99998309791" lon="9.00297905174" />
  <node id="30864" visible="true" version="1" lat="49.99998309773" lon="9.00298602844" />
  <node id="30865" visible="true" version="1" lat="49.99998309755" lon="9.00299300514" />
  <node id="30866" visible="true" version="1" lat="49.99998309737" lon="9.00299998184" />
  <node id="30867" visible="true" version="1" lat="49.99998309719" lon="9.00300695854" />
  <node id="30868" visible="true" version="1" lat="49.99998309701" lon="9.00301393525" />
  <node id="30869" visible="true" version="1" lat="49.99998309683" lon="9.00302091195" />
  <node id="30870" visible="true" version="1" lat="49.99998309664" lon="9.00302788865" />
  <node id="30871" visible="true" version="1" lat="49.99998309646" lon="9.00303486535" />
  <node id="30872" visible="true" version="1" lat="49.99998309628" lon="9.00304184205" />
  <node id="30873" visible="true" version="1" lat="49.9999830961" lon="9.00304881876" />
  <node id="30874" visible="true" version="1" lat="49.99998309591" lon="9.00305579546" />
  <node id="30875" visible="true" version="1" lat="49.99998309573" lon="9.00306277216" />
  <node id="30876" visible="true" version="1" lat="49.99998309554" lon="9.00306974886" />
  <node id="30877" visible="true" version="1" lat="49.99998309536" lon="9.00307672556" />
  <node id="30878" visible="true" version="1" lat="49.99998309517" lon="9.00308370227" />
  <node id="30879" visible="true" version="1" lat="49.99998309499" lon="9.00309067897" />
  <node id="30880" visible="true" version="1" lat="49.9999830948" lon="9.00309765567" />
  <node id="30881" visible="true" version="1" lat="49.99998309462" lon="9.00310463237" />
  <node id="30882" visible="true" version="1" lat="49.99998309443" lon="9.00311160907" />
  <node id="30883" visible="true" version="1" lat="49.99998309424" lon="9.00311858578" />
  <node id="30884" visible="true" version="1" lat="49.99998309405" lon="9.00312556248" />
  <node id="30885" visible="true" version="1" lat="49.99998309387" lon="9.00313253918" />
  <node id="30886" visible="true" version="1" lat="49.99998309368" lon="9.00313951588" />
  <node id="30887" visible="true" version="1" lat="49.99998309349" lon="9.00314649258" />
  <node id="30888" visible="true" version="1" lat="49.9999830933" lon="9.00315346929" />
  <node id="30889" visible="true" version="1" lat="49.99998309311" lon="9.00316044599" />
  <node id="30890" visible="true" version="1" lat="49.99998309292" lon="9.00316742269" />
  <node id="30891" visible="true" version="1" lat="49.99998309273" lon="9.00317439939" />
  <node id="30892" visible="true" version="1" lat="49.99998309254" lon="9.00318137609" />
  <node id="30893" visible="true" version="1" lat="49.99998309235" lon="9.00318835279" />
  <node id="30894" visible="true" version="1" lat="49.99998309215" lon="9.0031953295" />
  <node id="30895" visible="true" version="1" lat="49.99998309196" lon="9.0032023062" />
  <node id="30896" visible="true" version="1" lat="49.99998309177" lon="9.0032092829" />
  <node id="30897" visible="true" version="1" lat="49.99998309158" lon="9.0032162596" />
  <node id="30898" visible="true" version="1" lat="49.99998309138" lon="9.0032232363" />
  <node id="30899" visible="true" version="1" lat="49.99998309119" lon="9.00323021301" />
  <node id="30900" visible="true" version="1" lat="49.99998309099" lon="9.00323718971" />
  <node id="30901" visible="true" version="1" lat="49.9999830908" lon="9.00324416641" />
  <node id="30902" visible="true" version="1" lat="49.9999830906" lon="9.00325114311" />
  <node id="30903" visible="true" version="1" lat="49.99998309041" lon="9.00325811981" />
  <node id="30904" visible="true" version="1" lat="49.99998309021" lon="9.00326509652" />
  <node id="30905" visible="true" version="1" lat="49.99998309002" lon="9.00327207322" />
  <node id="30906" visible="true" version="1" lat="49.99998308982" lon="9.00327904992" />
  <node id="30907" visible="true" version="1" lat="49.99998308962" lon="9.00328602662" />
  <node id="30908" visible="true" version="1" lat="49.99998308942" lon="9.00329300332" />
  <node id="30909" visible="true" version="1" lat="49.99998308923" lon="9.00329998003" />
  <node id="30910" visible="true" version="1" lat="49.99998308903" lon="9.00330695673" />
  <node id="30911" visible="true" version="1" lat="49.99998308883" lon="9.00331393343" />
  <node id="30912" visible="true" version="1" lat="49.99998308863" lon="9.00332091013" />
  <node id="30913" visible="true" version="1" lat="49.99998308843" lon="9.00332788683" />
  <node id="30914" visible="true" version="1" lat="49.99998308823" lon="9.00333486354" />
  <node id="30915" visible="true" version="1" lat="49.99998308803" lon="9.00334184024" />
  <node id="30916" visible="true" version="1" lat="49.99998308783" lon="9.00334881694" />
  <node id="30917" visible="true" version="1" lat="49.99998308762" lon="9.00335579364" />
  <node id="30918" visible="true" version="1" lat="49.99998308742" lon="9.00336277034" />
  <node id="30919" visible="true" version="1" lat="49.99998308722" lon="9.00336974705" />
  <node id="30920" visible="true" version="1" lat="49.99998308702" lon="9.00337672375" />
  <node id="30921" visible="true" version="1" lat="49.99998308681" lon="9.00338370045" />
  <node id="30922" visible="true" version="1" lat="49.99998308661" lon="9.00339067715" />
  <node id="30923" visible="true" version="1" lat="49.99998308641" lon="9.00339765385" />
  <node id="30924" visible="true" version="1" lat="49.9999830862" lon="9.00340463056" />
  <node id="30925" visible="true" version="1" lat="49.999983086" lon="9.00341160726" />
  <node id="30926" visible="true" version="1" lat="49.99998308579" lon="9.00341858396" />
  <node id="30927" visible="true" version="1" lat="49.99998308559" lon="9.00342556066" />
  <node id="30928" visible="true" version="1" lat="49.99998308538" lon="9.00343253736" />
  <node id="30929" visible="true" version="1" lat="49.99998308517" lon="9.00343951406" />
  <node id="30930" visible="true" version="1" lat="49.99998308497" lon="9.00344649077" />
  <node id="30931" visible="true" version="1" lat="49.99998308476" lon="9.00345346747" />
  <node id="30932" visible="true" version="1" lat="49.99998308455" lon="9.00346044417" />
  <node id="30933" visible="true" version="1" lat="49.99998308434" lon="9.00346742087" />
  <node id="30934" visible="true" version="1" lat="49.99998308413" lon="9.00347439757" />
  <node id="30935" visible="true" version="1" lat="49.99998308392" lon="9.00348137428" />
  <node id="30936" visible="true" version="1" lat="49.99998308372" lon="9.00348835098" />
  <node id="30937" visible="true" version="1" lat="49.99998308351" lon="9.00349532768" />
  <node id="30938" visible="true" version="1" lat="49.99998308329" lon="9.00350230438" />
  <node id="30939" visible="true" version="1" lat="49.99998308308" lon="9.00350928108" />
  <node id="30940" visible="true" version="1" lat="49.99998308287" lon="9.00351625779" />
  <node id="30941" visible="true" version="1" lat="49.99998308266" lon="9.00352323449" />
  <node id="30942" visible="true" version="1" lat="49.99998308245" lon="9.00353021119" />
  <node id="30943" visible="true" version="1" lat="49.99998308224" lon="9.00353718789" />
  <node id="30944" visible="true" version="1" lat="49.99998308202" lon="9.00354416459" />
  <node id="30945" visible="true" version="1" lat="49.99998308181" lon="9.0035511413" />
  <node id="30946" visible="true" version="1" lat="49.9999830816" lon="9.003558118" />
  <node id="30947" visible="true" version="1" lat="49.99998308138" lon="9.0035650947" />
  <node id="30948" visible="true" version="1" lat="49.99998308117" lon="9.0035720714" />
  <node id="30949" visible="true" version="1" lat="49.99998308095" lon="9.0035790481" />
  <node id="30950" visible="true" version="1" lat="49.99998308074" lon="9.00358602481" />
  <node id="30951" visible="true" version="1" lat="49.99998308052" lon="9.00359300151" />
  <node id="30952" visible="true" version="1" lat="49.99998308031" lon="9.00359997821" />
  <node id="30953" visible="true" version="1" lat="49.99998308009" lon="9.00360695491" />
  <node id="30954" visible="true" version="1" lat="49.99998307987" lon="9.00361393161" />
  <node id="30955" visible="true" version="1" lat="49.99998307965" lon="9.00362090832" />
  <node id="30956" visible="true" version="1" lat="49.99998307944" lon="9.00362788502" />
  <node id="30957" visible="true" version="1" lat="49.99998307922" lon="9.00363486172" />
  <node id="30958" visible="true" version="1" lat="49.999983079" lon="9.00364183842" />
  <node id="30959" visible="true" version="1" lat="49.99998307878" lon="9.00364881512" />
  <node id="30960" visible="true" version="1" lat="49.99998307856" lon="9.00365579183" />
  <node id="30961" visible="true" version="1" lat="49.99998307834" lon="9.00366276853" />
  <node id="30962" visible="true" version="1" lat="49.99998307812" lon="9.00366974523" />
  <node id="30963" visible="true" version="1" lat="49.9999830779" lon="9.00367672193" />
  <node id="30964" visible="true" version="1" lat="49.99998307768" lon="9.00368369863" />
  <node id="30965" visible="true" version="1" lat="49.99998307746" lon="9.00369067533" />
  <node id="30966" visible="true" version="1" lat="49.99998307723" lon="9.00369765204" />
  <node id="30967" visible="true" version="1" lat="49.99998307701" lon="9.00370462874" />
  <node id="30968" visible="true" version="1" lat="49.99998307679" lon="9.00371160544" />
  <node id="30969" visible="true" version="1" lat="49.99998307657" lon="9.00371858214" />
  <node id="30970" visible="true" version="1" lat="49.99998307634" lon="9.00372555884" />
  <node id="30971" visible="true" version="1" lat="49.99998307612" lon="9.00373253555" />
  <node id="30972" visible="true" version="1" lat="49.99998307589" lon="9.00373951225" />
  <node id="30973" visible="true" version="1" lat="49.99998307567" lon="9.00374648895" />
  <node id="30974" visible="true" version="1" lat="49.99998307544" lon="9.00375346565" />
  <node id="30975" visible="true" version="1" lat="49.99998307522" lon="9.00376044235" />
  <node id="30976" visible="true" version="1" lat="49.99998307499" lon="9.00376741906" />
  <node id="30977" visible="true" version="1" lat="49.99998307476" lon="9.00377439576" />
  <node id="30978" visible="true" version="1" lat="49.99998307454" lon="9.00378137246" />
  <node id="30979" visible="true" version="1" lat="49.99998307431" lon="9.00378834916" />
  <node id="30980" visible="true" version="1" lat="49.99998307408" lon="9.00379532586" />
  <node id="30981" visible="true" version="1" lat="49.99998307385" lon="9.00380230257" />
  <node id="30982" visible="true" version="1" lat="49.99998307362" lon="9.00380927927" />
  <node id="30983" visible="true" version="1" lat="49.99998307339" lon="9.00381625597" />
  <node id="30984" visible="true" version="1" lat="49.99998307316" lon="9.00382323267" />
  <node id="30985" visible="true" version="1" lat="49.99998307293" lon="9.00383020937" />
  <node id="30986" visible="true" version="1" lat="49.9999830727" lon="9.00383718608" />
  <node id="30987" visible="true" version="1" lat="49.99998307247" lon="9.00384416278" />
  <node id="30988" visible="true" version="1" lat="49.99998307224" lon="9.00385113948" />
  <node id="30989" visible="true" version="1" lat="49.99998307201" lon="9.00385811618" />
  <node id="30990" visible="true" version="1" lat="49.99998307178" lon="9.00386509288" />
  <node id="30991" visible="true" version="1" lat="49.99998307155" lon="9.00387206959" />
  <node id="30992" visible="true" version="1" lat="49.99998307131" lon="9.00387904629" />
  <node id="30993" visible="true" version="1" lat="49.99998307108" lon="9.00388602299" />
  <node id="30994" visible="true" version="1" lat="49.99998307084" lon="9.00389299969" />
  <node id="30995" visible="true" version="1" lat="49.99998307061" lon="9.00389997639" />
  <node id="30996" visible="true" version="1" lat="49.99998307038" lon="9.0039069531" />
  <node id="30997" visible="true" version="1" lat="49.99998307014" lon="9.0039139298" />
  <node id="30998" visible="true" version="1" lat="49.99998306991" lon="9.0039209065" />
  <node id="30999" visible="true" version="1" lat="49.99998306967" lon="9.0039278832" />
  <node id="31000" visible="true" version="1" lat="49.99998306943" lon="9.0039348599" />
  <node id="31001" visible="true" version="1" lat="49.9999830692" lon="9.0039418366" />
  <node id="31002" visible="true" version="1" lat="49.99998306896" lon="9.00394881331" />
  <node id="31003" visible="true" version="1" lat="49.99998306872" lon="9.00395579001" />
  <node id="31004" visible="true" version="1" lat="49.99998306848" lon="9.00396276671" />
  <node id="31005" visible="true" version="1" lat="49.99998306824" lon="9.00396974341" />
  <node id="31006" visible="true" version="1" lat="49.99998306801" lon="9.00397672011" />
  <node id="31007" visible="true" version="1" lat="49.99998306777" lon="9.00398369682" />
  <node id="31008" visible="true" version="1" lat="49.99998306753" lon="9.00399067352" />
  <node id="31009" visible="true" version="1" lat="49.99998306729" lon="9.00399765022" />
  <node id="31010" visible="true" version="1" lat="49.99998306705" lon="9.00400462692" />
  <node id="31011" visible="true" version="1" lat="49.9999830668" lon="9.00401160362" />
  <node id="31012" visible="true" version="1" lat="49.99998306656" lon="9.00401858033" />
  <node id="31013" visible="true" version="1" lat="49.99998306632" lon="9.00402555703" />
  <node id="31014" visible="true" version="1" lat="49.99998306608" lon="9.00403253373" />
  <node id="31015" visible="true" version="1" lat="49.99998306584" lon="9.00403951043" />
  <node id="31016" visible="true" version="1" lat="49.99998306559" lon="9.00404648713" />
  <node id="31017" visible="true" version="1" lat="49.99998306535" lon="9.00405346384" />
  <node id="31018" visible="true" version="1" lat="49.99998306511" lon="9.00406044054" />
  <node id="31019" visible="true" version="1" lat="49.99998306486" lon="9.00406741724" />
  <node id="31020" visible="true" version="1" lat="49.99998306462" lon="9.00407439394" />
  <node id="31021" visible="true" version="1" lat="49.99998306437" lon="9.00408137064" />
  <node id="31022" visible="true" version="1" lat="49.99998306413" lon="9.00408834735" />
  <node id="31023" visible="true" version="1" lat="49.99998306388" lon="9.00409532405" />
  <node id="31024" visible="true" version="1" lat="49.99998306363" lon="9.00410230075" />
  <node id="31025" visible="true" version="1" lat="49.99998306339" lon="9.00410927745" />
  <node id="31026" visible="true" version="1" lat="49.99998306314" lon="9.00411625415" />
  <node id="31027" visible="true" version="1" lat="49.99998306289" lon="9.00412323086" />
  <node id="31028" visible="true" version="1" lat="49.99998306264" lon="9.00413020756" />
  <node id="31029" visible="true" version="1" lat="49.9999830624" lon="9.00413718426" />
  <node id="31030" visible="true" version="1" lat="49.99998306215" lon="9.00414416096" />
  <node id="31031" visible="true" version="1" lat="49.9999830619" lon="9.00415113766" />
  <node id="31032" visible="true" version="1" lat="49.99998306165" lon="9.00415811436" />
  <node id="31033" visible="true" version="1" lat="49.9999830614" lon="9.00416509107" />
  <node id="31034" visible="true" version="1" lat="49.99998306115" lon="9.00417206777" />
  <node id="31035" visible="true" version="1" lat="49.9999830609" lon="9.00417904447" />
  <node id="31036" visible="true" version="1" lat="49.99998306064" lon="9.00418602117" />
  <node id="31037" visible="true" version="1" lat="49.99998306039" lon="9.00419299787" />
  <node id="31038" visible="true" version="1" lat="49.99998306014" lon="9.00419997458" />
  <node id="31039" visible="true" version="1" lat="49.99998305989" lon="9.00420695128" />
  <node id="31040" visible="true" version="1" lat="49.99998305963" lon="9.00421392798" />
  <node id="31041" visible="true" version="1" lat="49.99998305938" lon="9.00422090468" />
  <node id="31042" visible="true" version="1" lat="49.99998305913" lon="9.00422788138" />
  <node id="31043" visible="true" version="1" lat="49.99998305887" lon="9.00423485809" />
  <node id="31044" visible="true" version="1" lat="49.99998305862" lon="9.00424183479" />
  <node id="31045" visible="true" version="1" lat="49.99998305836" lon="9.00424881149" />
  <node id="31046" visible="true" version="1" lat="49.99998305811" lon="9.00425578819" />
  <node id="31047" visible="true" version="1" lat="49.99998305785" lon="9.00426276489" />
  <node id="31048" visible="true" version="1" lat="49.99998305759" lon="9.0042697416" />
  <node id="31049" visible="true" version="1" lat="49.99998305734" lon="9.0042767183" />
  <node id="31050" visible="true" version="1" lat="49.99998305708" lon="9.004283695" />
  <node id="31051" visible="true" version="1" lat="49.99998305682" lon="9.0042906717" />
  <node id="31052" visible="true" version="1" lat="49.99998305656" lon="9.0042976484" />
  <node id="31053" visible="true" version="1" lat="49.9999830563" lon="9.00430462511" />
  <node id="31054" visible="true" version="1" lat="49.99998305605" lon="9.00431160181" />
  <node id="31055" visible="true" version="1" lat="49.99998305579" lon="9.00431857851" />
  <node id="31056" visible="true" version="1" lat="49.99998305553" lon="9.00432555521" />
  <node id="31057" visible="true" version="1" lat="49.99998305527" lon="9.00433253191" />
  <node id="31058" visible="true" version="1" lat="49.99998305501" lon="9.00433950862" />
  <node id="31059" visible="true" version="1" lat="49.99998305474" lon="9.00434648532" />
  <node id="31060" visible="true" version="1" lat="49.99998305448" lon="9.00435346202" />
  <node id="31061" visible="true" version="1" lat="49.99998305422" lon="9.00436043872" />
  <node id="31062" visible="true" version="1" lat="49.99998305396" lon="9.00436741542" />
  <node id="31063" visible="true" version="1" lat="49.9999830537" lon="9.00437439212" />
  <node id="31064" visible="true" version="1" lat="49.99998305343" lon="9.00438136883" />
  <node id="31065" visible="true" version="1" lat="49.99998305317" lon="9.00438834553" />
  <node id="31066" visible="true" version="1" lat="49.9999830529" lon="9.00439532223" />
  <node id="31067" visible="true" version="1" lat="49.99998305264" lon="9.00440229893" />
  <node id="31068" visible="true" version="1" lat="49.99998305238" lon="9.00440927563" />
  <node id="31069" visible="true" version="1" lat="49.99998305211" lon="9.00441625234" />
  <node id="31070" visible="true" version="1" lat="49.99998305184" lon="9.00442322904" />
  <node id="31071" visible="true" version="1" lat="49.99998305158" lon="9.00443020574" />
  <node id="31072" visible="true" version="1" lat="49.99998305131" lon="9.00443718244" />
  <node id="31073" visible="true" version="1" lat="49.99998305104" lon="9.00444415914" />
  <node id="31074" visible="true" version="1" lat="49.99998305078" lon="9.00445113585" />
  <node id="31075" visible="true" version="1" lat="49.99998305051" lon="9.00445811255" />
  <node id="31076" visible="true" version="1" lat="49.99998305024" lon="9.00446508925" />
  <node id="31077" visible="true" version="1" lat="49.99998304997" lon="9.00447206595" />
  <node id="31078" visible="true" version="1" lat="49.9999830497" lon="9.00447904265" />
  <node id="31079" visible="true" version="1" lat="49.99998304943" lon="9.00448601936" />
  <node id="31080" visible="true" version="1" lat="49.99998304916" lon="9.00449299606" />
  <node id="31081" visible="true" version="1" lat="49.99998304889" lon="9.00449997276" />
  <node id="31082" visible="true" version="1" lat="49.99998304862" lon="9.00450694946" />
  <node id="31083" visible="true" version="1" lat="49.99998304835" lon="9.00451392616" />
  <node id="31084" visible="true" version="1" lat="49.99998304808" lon="9.00452090287" />
  <node id="31085" visible="true" version="1" lat="49.99998304781" lon="9.00452787957" />
  <node id="31086" visible="true" version="1" lat="49.99998304754" lon="9.00453485627" />
  <node id="31087" visible="true" version="1" lat="49.99998304726" lon="9.00454183297" />
  <node id="31088" visible="true" version="1" lat="49.99998304699" lon="9.00454880967" />
  <node id="31089" visible="true" version="1" lat="49.99998304672" lon="9.00455578637" />
  <node id="31090" visible="true" version="1" lat="49.99998304644" lon="9.00456276308" />
  <node id="31091" visible="true" version="1" lat="49.99998304617" lon="9.00456973978" />
  <node id="31092" visible="true" version="1" lat="49.99998304589" lon="9.00457671648" />
  <node id="31093" visible="true" version="1" lat="49.99998304562" lon="9.00458369318" />
  <node id="31094" visible="true" version="1" lat="49.99998304534" lon="9.00459066988" />
  <node id="31095" visible="true" version="1" lat="49.99998304506" lon="9.00459764659" />
  <node id="31096" visible="true" version="1" lat="49.99998304479" lon="9.00460462329" />
  <node id="31097" visible="true" version="1" lat="49.99998304451" lon="9.00461159999" />
  <node id="31098" visible="true" version="1" lat="49.99998304423" lon="9.00461857669" />
  <node id="31099" visible="true" version="1" lat="49.99998304396" lon="9.00462555339" />
  <node id="31100" visible="true" version="1" lat="49.99998304368" lon="9.0046325301" />
  <node id="31101" visible="true" version="1" lat="49.9999830434" lon="9.0046395068" />
  <node id="31102" visible="true" version="1" lat="49.99998304312" lon="9.0046464835" />
  <node id="31103" visible="true" version="1" lat="49.99998304284" lon="9.0046534602" />
  <node id="31104" visible="true" version="1" lat="49.99998304256" lon="9.0046604369" />
  <node id="31105" visible="true" version="1" lat="49.99998304228" lon="9.00466741361" />
  <node id="31106" visible="true" version="1" lat="49.999983042" lon="9.00467439031" />
  <node id="31107" visible="true" version="1" lat="49.99998304172" lon="9.00468136701" />
  <node id="31108" visible="true" version="1" lat="49.99998304144" lon="9.00468834371" />
  <node id="31109" visible="true" version="1" lat="49.99998304115" lon="9.00469532041" />
  <node id="31110" visible="true" version="1" lat="49.99998304087" lon="9.00470229712" />
  <node id="31111" visible="true" version="1" lat="49.99998304059" lon="9.00470927382" />
  <node id="31112" visible="true" version="1" lat="49.9999830403" lon="9.00471625052" />
  <node id="31113" visible="true" version="1" lat="49.99998304002" lon="9.00472322722" />
  <node id="31114" visible="true" version="1" lat="49.99998303974" lon="9.00473020392" />
  <node id="31115" visible="true" version="1" lat="49.99998303945" lon="9.00473718063" />
  <node id="31116" visible="true" version="1" lat="49.99998303917" lon="9.00474415733" />
  <node id="31117" visible="true" version="1" lat="49.99998303888" lon="9.00475113403" />
  <node id="31118" visible="true" version="1" lat="49.9999830386" lon="9.00475811073" />
  <node id="31119" visible="true" version="1" lat="49.99998303831" lon="9.00476508743" />
  <node id="31120" visible="true" version="1" lat="49.99998303802" lon="9.00477206413" />
  <node id="31121" visible="true" version="1" lat="49.99998303774" lon="9.00477904084" />
  <node id="31122" visible="true" version="1" lat="49.99998303745" lon="9.00478601754" />
  <node id="31123" visible="true" version="1" lat="49.99998303716" lon="9.00479299424" />
  <node id="31124" visible="true" version="1" lat="49.99998303687" lon="9.00479997094" />
  <node id="31125" visible="true" version="1" lat="49.99998303658" lon="9.00480694764" />
  <node id="31126" visible="true" version="1" lat="49.99998303629" lon="9.00481392435" />
  <node id="31127" visible="true" version="1" lat="49.999983036" lon="9.00482090105" />
  <node id="31128" visible="true" version="1" lat="49.99998303571" lon="9.00482787775" />
  <node id="31129" visible="true" version="1" lat="49.99998303542" lon="9.00483485445" />
  <node id="31130" visible="true" version="1" lat="49.99998303513" lon="9.00484183115" />
  <node id="31131" visible="true" version="1" lat="49.99998303484" lon="9.00484880786" />
  <node id="31132" visible="true" version="1" lat="49.99998303455" lon="9.00485578456" />
  <node id="31133" visible="true" version="1" lat="49.99998303426" lon="9.00486276126" />
  <node id="31134" visible="true" version="1" lat="49.99998303396" lon="9.00486973796" />
  <node id="31135" visible="true" version="1" lat="49.99998303367" lon="9.00487671466" />
  <node id="31136" visible="true" version="1" lat="49.99998303338" lon="9.00488369137" />
  <node id="31137" visible="true" version="1" lat="49.99998303308" lon="9.00489066807" />
  <node id="31138" visible="true" version="1" lat="49.99998303279" lon="9.00489764477" />
  <node id="31139" visible="true" version="1" lat="49.9999830325" lon="9.00490462147" />
  <node id="31140" visible="true" version="1" lat="49.9999830322" lon="9.00491159817" />
  <node id="31141" visible="true" version="1" lat="49.9999830319" lon="9.00491857488" />
  <node id="31142" visible="true" version="1" lat="49.99998303161" lon="9.00492555158" />
  <node id="31143" visible="true" version="1" lat="49.99998303131" lon="9.00493252828" />
  <node id="31144" visible="true" version="1" lat="49.99998303102" lon="9.00493950498" />
  <node id="31145" visible="true" version="1" lat="49.99998303072" lon="9.00494648168" />
  <node id="31146" visible="true" version="1" lat="49.99998303042" lon="9.00495345838" />
  <node id="31147" visible="true" version="1" lat="49.99998303012" lon="9.00496043509" />
  <node id="31148" visible="true" version="1" lat="49.99998302982" lon="9.00496741179" />
  <node id="31149" visible="true" version="1" lat="49.99998302953" lon="9.00497438849" />
  <node id="31150" visible="true" version="1" lat="49.99998302923" lon="9.00498136519" />
  <node id="31151" visible="true" version="1" lat="49.99998302893" lon="9.00498834189" />
  <node id="31152" visible="true" version="1" lat="49.99998302863" lon="9.0049953186" />
  <node id="31153" visible="true" version="1" lat="49.99998302833" lon="9.0050022953" />
  <node id="31154" visible="true" version="1" lat="49.99998302802" lon="9.005009272" />
  <node id="31155" visible="true" version="1" lat="49.99998302772" lon="9.0050162487" />
  <node id="31156" visible="true" version="1" lat="49.99998302742" lon="9.0050232254" />
  <node id="31157" visible="true" version="1" lat="49.99998302712" lon="9.00503020211" />
  <node id="31158" visible="true" version="1" lat="49.99998302682" lon="9.00503717881" />
  <node id="31159" visible="true" version="1" lat="49.99998302651" lon="9.00504415551" />
  <node id="31160" visible="true" version="1" lat="49.99998302621" lon="9.00505113221" />
  <node id="31161" visible="true" version="1" lat="49.99998302591" lon="9.00505810891" />
  <node id="31162" visible="true" version="1" lat="49.9999830256" lon="9.00506508562" />
  <node id="31163" visible="true" version="1" lat="49.9999830253" lon="9.00507206232" />
  <node id="31164" visible="true" version="1" lat="49.99998302499" lon="9.00507903902" />
  <node id="31165" visible="true" version="1" lat="49.99998302469" lon="9.00508601572" />
  <node id="31166" visible="true" version="1" lat="49.99998302438" lon="9.00509299242" />
  <node id="31167" visible="true" version="1" lat="49.99998302407" lon="9.00509996913" />
  <node id="31168" visible="true" version="1" lat="49.99998302377" lon="9.00510694583" />
  <node id="31169" visible="true" version="1" lat="49.99998302346" lon="9.00511392253" />
  <node id="31170" visible="true" version="1" lat="49.99998302315" lon="9.00512089923" />
  <node id="31171" visible="true" version="1" lat="49.99998302284" lon="9.00512787593" />
  <node id="31172" visible="true" version="1" lat="49.99998302254" lon="9.00513485263" />
  <node id="31173" visible="true" version="1" lat="49.99998302223" lon="9.00514182934" />
  <node id="31174" visible="true" version="1" lat="49.99998302192" lon="9.00514880604" />
  <node id="31175" visible="true" version="1" lat="49.99998302161" lon="9.00515578274" />
  <node id="31176" visible="true" version="1" lat="49.9999830213" lon="9.00516275944" />
  <node id="31177" visible="true" version="1" lat="49.99998302099" lon="9.00516973614" />
  <node id="31178" visible="true" version="1" lat="49.99998302068" lon="9.00517671285" />
  <node id="31179" visible="true" version="1" lat="49.99998302036" lon="9.00518368955" />
  <node id="31180" visible="true" version="1" lat="49.99998302005" lon="9.00519066625" />
  <node id="31181" visible="true" version="1" lat="49.99998301974" lon="9.00519764295" />
  <node id="31182" visible="true" version="1" lat="49.99998301943" lon="9.00520461965" />
  <node id="31183" visible="true" version="1" lat="49.99998301911" lon="9.00521159636" />
  <node id="31184" visible="true" version="1" lat="49.9999830188" lon="9.00521857306" />
  <node id="31185" visible="true" version="1" lat="49.99998301849" lon="9.00522554976" />
  <node id="31186" visible="true" version="1" lat="49.99998301817" lon="9.00523252646" />
  <node id="31187" visible="true" version="1" lat="49.99998301786" lon="9.00523950316" />
  <node id="31188" visible="true" version="1" lat="49.99998301754" lon="9.00524647987" />
  <node id="31189" visible="true" version="1" lat="49.99998301723" lon="9.00525345657" />
  <node id="31190" visible="true" version="1" lat="49.99998301691" lon="9.00526043327" />
  <node id="31191" visible="true" version="1" lat="49.99998301659" lon="9.00526740997" />
  <node id="31192" visible="true" version="1" lat="49.99998301628" lon="9.00527438667" />
  <node id="31193" visible="true" version="1" lat="49.99998301596" lon="9.00528136337" />
  <node id="31194" visible="true" version="1" lat="49.99998301564" lon="9.00528834008" />
  <node id="31195" visible="true" version="1" lat="49.99998301532" lon="9.00529531678" />
  <node id="31196" visible="true" version="1" lat="49.999983015" lon="9.00530229348" />
  <node id="31197" visible="true" version="1" lat="49.99998301469" lon="9.00530927018" />
  <node id="31198" visible="true" version="1" lat="49.99998301437" lon="9.00531624688" />
  <node id="31199" visible="true" version="1" lat="49.99998301405" lon="9.00532322359" />
  <node id="31200" visible="true" version="1" lat="49.99998301373" lon="9.00533020029" />
  <node id="31201" visible="true" version="1" lat="49.99998301341" lon="9.00533717699" />
  <node id="31202" visible="true" version="1" lat="49.99998301308" lon="9.00534415369" />
  <node id="31203" visible="true" version="1" lat="49.99998301276" lon="9.00535113039" />
  <node id="31204" visible="true" version="1" lat="49.99998301244" lon="9.0053581071" />
  <node id="31205" visible="true" version="1" lat="49.99998301212" lon="9.0053650838" />
  <node id="31206" visible="true" version="1" lat="49.9999830118" lon="9.0053720605" />
  <node id="31207" visible="true" version="1" lat="49.99998301147" lon="9.0053790372" />
  <node id="31208" visible="true" version="1" lat="49.99998301115" lon="9.0053860139" />
  <node id="31209" visible="true" version="1" lat="49.99998301083" lon="9.00539299061" />
  <node id="31210" visible="true" version="1" lat="49.9999830105" lon="9.00539996731" />
  <node id="31211" visible="true" version="1" lat="49.99998301018" lon="9.00540694401" />
  <node id="31212" visible="true" version="1" lat="49.99998300985" lon="9.00541392071" />
  <node id="31213" visible="true" version="1" lat="49.99998300952" lon="9.00542089741" />
  <node id="31214" visible="true" version="1" lat="49.9999830092" lon="9.00542787412" />
  <node id="31215" visible="true" version="1" lat="49.99998300887" lon="9.00543485082" />
  <node id="31216" visible="true" version="1" lat="49.99998300855" lon="9.00544182752" />
  <node id="31217" visible="true" version="1" lat="49.99998300822" lon="9.00544880422" />
  <node id="31218" visible="true" version="1" lat="49.99998300789" lon="9.00545578092" />
  <node id="31219" visible="true" version="1" lat="49.99998300756" lon="9.00546275762" />
  <node id="31220" visible="true" version="1" lat="49.99998300723" lon="9.00546973433" />
  <node id="31221" visible="true" version="1" lat="49.9999830069" lon="9.00547671103" />
  <node id="31222" visible="true" version="1" lat="49.99998300657" lon="9.00548368773" />
  <node id="31223" visible="true" version="1" lat="49.99998300624" lon="9.00549066443" />
  <node id="31224" visible="true" version="1" lat="49.99998300591" lon="9.00549764113" />
  <node id="31225" visible="true" version="1" lat="49.99998300558" lon="9.00550461784" />
  <node id="31226" visible="true" version="1" lat="49.99998300525" lon="9.00551159454" />
  <node id="31227" visible="true" version="1" lat="49.99998300492" lon="9.00551857124" />
  <node id="31228" visible="true" version="1" lat="49.99998300459" lon="9.00552554794" />
  <node id="31229" visible="true" version="1" lat="49.99998300426" lon="9.00553252464" />
  <node id="31230" visible="true" version="1" lat="49.99998300392" lon="9.00553950135" />
  <node id="31231" visible="true" version="1" lat="49.99998300359" lon="9.00554647805" />
  <node id="31232" visible="true" version="1" lat="49.99998300326" lon="9.00555345475" />
  <node id="31233" visible="true" version="1" lat="49.99998300292" lon="9.00556043145" />
  <node id="31234" visible="true" version="1" lat="49.99998300259" lon="9.00556740815" />
  <node id="31235" visible="true" version="1" lat="49.99998300225" lon="9.00557438486" />
  <node id="31236" visible="true" version="1" lat="49.99998300192" lon="9.00558136156" />
  <node id="31237" visible="true" version="1" lat="49.99998300158" lon="9.00558833826" />
  <node id="31238" visible="true" version="1" lat="49.99998300125" lon="9.00559531496" />
  <node id="31239" visible="true" version="1" lat="49.99998300091" lon="9.00560229166" />
  <node id="31240" visible="true" version="1" lat="49.99998300057" lon="9.00560926836" />
  <node id="31241" visible="true" version="1" lat="49.99998300023" lon="9.00561624507" />
  <node id="31242" visible="true" version="1" lat="49.9999829999" lon="9.00562322177" />
  <node id="31243" visible="true" version="1" lat="49.99998299956" lon="9.00563019847" />
  <node id="31244" visible="true" version="1" lat="49.99998299922" lon="9.00563717517" />
  <node id="31245" visible="true" version="1" lat="49.99998299888" lon="9.00564415187" />
  <node id="31246" visible="true" version="1" lat="49.99998299854" lon="9.00565112858" />
  <node id="31247" visible="true" version="1" lat="49.9999829982" lon="9.00565810528" />
  <node id="31248" visible="true" version="1" lat="49.99998299786" lon="9.00566508198" />
  <node id="31249" visible="true" version="1" lat="49.99998299752" lon="9.00567205868" />
  <node id="31250" visible="true" version="1" lat="49.99998299718" lon="9.00567903538" />
  <node id="31251" visible="true" version="1" lat="49.99998299684" lon="9.00568601209" />
  <node id="31252" visible="true" version="1" lat="49.99998299649" lon="9.00569298879" />
  <node id="31253" visible="true" version="1" lat="49.99998299615" lon="9.00569996549" />
  <node id="31254" visible="true" version="1" lat="49.99998299581" lon="9.00570694219" />
  <node id="31255" visible="true" version="1" lat="49.99998299547" lon="9.00571391889" />
  <node id="31256" visible="true" version="1" lat="49.99998299512" lon="9.0057208956" />
  <node id="31257" visible="true" version="1" lat="49.99998299478" lon="9.0057278723" />
  <node id="31258" visible="true" version="1" lat="49.99998299443" lon="9.005734849" />
  <node id="31259" visible="true" version="1" lat="49.99998299409" lon="9.0057418257" />
  <node id="31260" visible="true" version="1" lat="49.99998299374" lon="9.0057488024" />
  <node id="31261" visible="true" version="1" lat="49.9999829934" lon="9.0057557791" />
  <node id="31262" visible="true" version="1" lat="49.99998299305" lon="9.00576275581" />
  <node id="31263" visible="true" version="1" lat="49.9999829927" lon="9.00576973251" />
  <node id="31264" visible="true" version="1" lat="49.99998299236" lon="9.00577670921" />
  <node id="31265" visible="true" version="1" lat="49.99998299201" lon="9.00578368591" />
  <node id="31266" visible="true" version="1" lat="49.99998299166" lon="9.00579066261" />
  <node id="31267" visible="true" version="1" lat="49.99998299131" lon="9.00579763932" />
  <node id="31268" visible="true" version="1" lat="49.99998299096" lon="9.00580461602" />
  <node id="31269" visible="true" version="1" lat="49.99998299061" lon="9.00581159272" />
  <node id="31270" visible="true" version="1" lat="49.99998299027" lon="9.00581856942" />
  <node id="31271" visible="true" version="1" lat="49.99998298992" lon="9.00582554612" />
  <node id="31272" visible="true" version="1" lat="49.99998298956" lon="9.00583252283" />
  <node id="31273" visible="true" version="1" lat="49.99998298921" lon="9.00583949953" />
  <node id="31274" visible="true" version="1" lat="49.99998298886" lon="9.00584647623" />
  <node id="31275" visible="true" version="1" lat="49.99998298851" lon="9.00585345293" />
  <node id="31276" visible="true" version="1" lat="49.99998298816" lon="9.00586042963" />
  <node id="31277" visible="true" version="1" lat="49.99998298781" lon="9.00586740634" />
  <node id="31278" visible="true" version="1" lat="49.99998298745" lon="9.00587438304" />
  <node id="31279" visible="true" version="1" lat="49.9999829871" lon="9.00588135974" />
  <node id="31280" visible="true" version="1" lat="49.99998298675" lon="9.00588833644" />
  <node id="31281" visible="true" version="1" lat="49.99998298639" lon="9.00589531314" />
  <node id="31282" visible="true" version="1" lat="49.99998298604" lon="9.00590228984" />
  <node id="31283" visible="true" version="1" lat="49.99998298568" lon="9.00590926655" />
  <node id="31284" visible="true" version="1" lat="49.99998298533" lon="9.00591624325" />
  <node id="31285" visible="true" version="1" lat="49.99998298497" lon="9.00592321995" />
  <node id="31286" visible="true" version="1" lat="49.99998298461" lon="9.00593019665" />
  <node id="31287" visible="true" version="1" lat="49.99998298426" lon="9.00593717335" />
  <node id="31288" visible="true" version="1" lat="49.9999829839" lon="9.00594415006" />
  <node id="31289" visible="true" version="1" lat="49.99998298354" lon="9.00595112676" />
  <node id="31290" visible="true" version="1" lat="49.99998298318" lon="9.00595810346" />
  <node id="31291" visible="true" version="1" lat="49.99998298283" lon="9.00596508016" />
  <node id="31292" visible="true" version="1" lat="49.99998298247" lon="9.00597205686" />
  <node id="31293" visible="true" version="1" lat="49.99998298211" lon="9.00597903357" />
  <node id="31294" visible="true" version="1" lat="49.99998298175" lon="9.00598601027" />
  <node id="31295" visible="true" version="1" lat="49.99998298139" lon="9.00599298697" />
  <node id="31296" visible="true" version="1" lat="49.99998298103" lon="9.00599996367" />
  <node id="31297" visible="true" version="1" lat="49.99998298067" lon="9.00600694037" />
  <node id="31298" visible="true" version="1" lat="49.99998298031" lon="9.00601391708" />
  <node id="31299" visible="true" version="1" lat="49.99998297994" lon="9.00602089378" />
  <node id="31300" visible="true" version="1" lat="49.99998297958" lon="9.00602787048" />
  <node id="31301" visible="true" version="1" lat="49.99998297922" lon="9.00603484718" />
  <node id="31302" visible="true" version="1" lat="49.99998297886" lon="9.00604182388" />
  <node id="31303" visible="true" version="1" lat="49.99998297849" lon="9.00604880058" />
  <node id="31304" visible="true" version="1" lat="49.99998297813" lon="9.00605577729" />
  <node id="31305" visible="true" version="1" lat="49.99998297776" lon="9.00606275399" />
  <node id="31306" visible="true" version="1" lat="49.9999829774" lon="9.00606973069" />
  <node id="31307" visible="true" version="1" lat="49.99998297703" lon="9.00607670739" />
  <node id="31308" visible="true" version="1" lat="49.99998297667" lon="9.00608368409" />
  <node id="31309" visible="true" version="1" lat="49.9999829763" lon="9.0060906608" />
  <node id="31310" visible="true" version="1" lat="49.99998297594" lon="9.0060976375" />
  <node id="31311" visible="true" version="1" lat="49.99998297557" lon="9.0061046142" />
  <node id="31312" visible="true" version="1" lat="49.9999829752" lon="9.0061115909" />
  <node id="31313" visible="true" version="1" lat="49.99998297483" lon="9.0061185676" />
  <node id="31314" visible="true" version="1" lat="49.99998297447" lon="9.00612554431" />
  <node id="31315" visible="true" version="1" lat="49.9999829741" lon="9.00613252101" />
  <node id="31316" visible="true" version="1" lat="49.99998297373" lon="9.00613949771" />
  <node id="31317" visible="true" version="1" lat="49.99998297336" lon="9.00614647441" />
  <node id="31318" visible="true" version="1" lat="49.99998297299" lon="9.00615345111" />
  <node id="31319" visible="true" version="1" lat="49.99998297262" lon="9.00616042782" />
  <node id="31320" visible="true" version="1" lat="49.99998297225" lon="9.00616740452" />
  <node id="31321" visible="true" version="1" lat="49.99998297188" lon="9.00617438122" />
  <node id="31322" visible="true" version="1" lat="49.99998297151" lon="9.00618135792" />
  <node id="31323" visible="true" version="1" lat="49.99998297113" lon="9.00618833462" />
  <node id="31324" visible="true" version="1" lat="49.99998297076" lon="9.00619531132" />
  <node id="31325" visible="true" version="1" lat="49.99998297039" lon="9.00620228803" />
  <node id="31326" visible="true" version="1" lat="49.99998297002" lon="9.00620926473" />
  <node id="31327" visible="true" version="1" lat="49.99998296964" lon="9.00621624143" />
  <node id="31328" visible="true" version="1" lat="49.99998296927" lon="9.00622321813" />
  <node id="31329" visible="true" version="1" lat="49.99998296889" lon="9.00623019483" />
  <node id="31330" visible="true" version="1" lat="49.99998296852" lon="9.00623717154" />
  <node id="31331" visible="true" version="1" lat="49.99998296814" lon="9.00624414824" />
  <node id="31332" visible="true" version="1" lat="49.99998296777" lon="9.00625112494" />
  <node id="31333" visible="true" version="1" lat="49.99998296739" lon="9.00625810164" />
  <node id="31334" visible="true" version="1" lat="49.99998296702" lon="9.00626507834" />
  <node id="31335" visible="true" version="1" lat="49.99998296664" lon="9.00627205505" />
  <node id="31336" visible="true" version="1" lat="49.99998296626" lon="9.00627903175" />
  <node id="31337" visible="true" version="1" lat="49.99998296588" lon="9.00628600845" />
  <node id="31338" visible="true" version="1" lat="49.99998296551" lon="9.00629298515" />
  <node id="31339" visible="true" version="1" lat="49.99998296513" lon="9.00629996185" />
  <node id="31340" visible="true" version="1" lat="49.99998296475" lon="9.00630693856" />
  <node id="31341" visible="true" version="1" lat="49.99998296437" lon="9.00631391526" />
  <node id="31342" visible="true" version="1" lat="49.99998296399" lon="9.00632089196" />
  <node id="31343" visible="true" version="1" lat="49.99998296361" lon="9.00632786866" />
  <node id="31344" visible="true" version="1" lat="49.99998296323" lon="9.00633484536" />
  <node id="31345" visible="true" version="1" lat="49.99998296285" lon="9.00634182206" />
  <node id="31346" visible="true" version="1" lat="49.99998296247" lon="9.00634879877" />
  <node id="31347" visible="true" version="1" lat="49.99998296208" lon="9.00635577547" />
  <node id="31348" visible="true" version="1" lat="49.9999829617" lon="9.00636275217" />
  <node id="31349" visible="true" version="1" lat="49.99998296132" lon="9.00636972887" />
  <node id="31350" visible="true" version="1" lat="49.99998296094" lon="9.00637670557" />
  <node id="31351" visible="true" version="1" lat="49.99998296055" lon="9.00638368228" />
  <node id="31352" visible="true" version="1" lat="49.99998296017" lon="9.00639065898" />
  <node id="31353" visible="true" version="1" lat="49.99998295978" lon="9.00639763568" />
  <node id="31354" visible="true" version="1" lat="49.9999829594" lon="9.00640461238" />
  <node id="31355" visible="true" version="1" lat="49.99998295901" lon="9.00641158908" />
  <node id="31356" visible="true" version="1" lat="49.99998295863" lon="9.00641856579" />
  <node id="31357" visible="true" version="1" lat="49.99998295824" lon="9.00642554249" />
  <node id="31358" visible="true" version="1" lat="49.99998295785" lon="9.00643251919" />
  <node id="31359" visible="true" version="1" lat="49.99998295747" lon="9.00643949589" />
  <node id="31360" visible="true" version="1" lat="49.99998295708" lon="9.00644647259" />
  <node id="31361" visible="true" version="1" lat="49.99998295669" lon="9.0064534493" />
  <node id="31362" visible="true" version="1" lat="49.9999829563" lon="9.006460426" />
  <node id="31363" visible="true" version="1" lat="49.99998295592" lon="9.0064674027" />
  <node id="31364" visible="true" version="1" lat="49.99998295553" lon="9.0064743794" />
  <node id="31365" visible="true" version="1" lat="49.99998295514" lon="9.0064813561" />
  <node id="31366" visible="true" version="1" lat="49.99998295475" lon="9.0064883328" />
  <node id="31367" visible="true" version="1" lat="49.99998295436" lon="9.00649530951" />
  <node id="31368" visible="true" version="1" lat="49.99998295397" lon="9.00650228621" />
  <node id="31369" visible="true" version="1" lat="49.99998295358" lon="9.00650926291" />
  <node id="31370" visible="true" version="1" lat="49.99998295318" lon="9.00651623961" />
  <node id="31371" visible="true" version="1" lat="49.99998295279" lon="9.00652321631" />
  <node id="31372" visible="true" version="1" lat="49.9999829524" lon="9.00653019302" />
  <node id="31373" visible="true" version="1" lat="49.99998295201" lon="9.00653716972" />
  <node id="31374" visible="true" version="1" lat="49.99998295161" lon="9.00654414642" />
  <node id="31375" visible="true" version="1" lat="49.99998295122" lon="9.00655112312" />
  <node id="31376" visible="true" version="1" lat="49.99998295083" lon="9.00655809982" />
  <node id="31377" visible="true" version="1" lat="49.99998295043" lon="9.00656507653" />
  <node id="31378" visible="true" version="1" lat="49.99998295004" lon="9.00657205323" />
  <node id="31379" visible="true" version="1" lat="49.99998294964" lon="9.00657902993" />
  <node id="31380" visible="true" version="1" lat="49.99998294924" lon="9.00658600663" />
  <node id="31381" visible="true" version="1" lat="49.99998294885" lon="9.00659298333" />
  <node id="31382" visible="true" version="1" lat="49.99998294845" lon="9.00659996003" />
  <node id="31383" visible="true" version="1" lat="49.99998294805" lon="9.00660693674" />
  <node id="31384" visible="true" version="1" lat="49.99998294766" lon="9.00661391344" />
  <node id="31385" visible="true" version="1" lat="49.99998294726" lon="9.00662089014" />
  <node id="31386" visible="true" version="1" lat="49.99998294686" lon="9.00662786684" />
  <node id="31387" visible="true" version="1" lat="49.99998294646" lon="9.00663484354" />
  <node id="31388" visible="true" version="1" lat="49.99998294606" lon="9.00664182025" />
  <node id="31389" visible="true" version="1" lat="49.99998294566" lon="9.00664879695" />
  <node id="31390" visible="true" version="1" lat="49.99998294526" lon="9.00665577365" />
  <node id="31391" visible="true" version="1" lat="49.99998294486" lon="9.00666275035" />
  <node id="31392" visible="true" version="1" lat="49.99998294446" lon="9.00666972705" />
  <node id="31393" visible="true" version="1" lat="49.99998294406" lon="9.00667670376" />
  <node id="31394" visible="true" version="1" lat="49.99998294366" lon="9.00668368046" />
  <node id="31395" visible="true" version="1" lat="49.99998294326" lon="9.00669065716" />
  <node id="31396" visible="true" version="1" lat="49.99998294286" lon="9.00669763386" />
  <node id="31397" visible="true" version="1" lat="49.99998294245" lon="9.00670461056" />
  <node id="31398" visible="true" version="1" lat="49.99998294205" lon="9.00671158727" />
  <node id="31399" visible="true" version="1" lat="49.99998294165" lon="9.00671856397" />
  <node id="31400" visible="true" version="1" lat="49.99998294124" lon="9.00672554067" />
  <node id="31401" visible="true" version="1" lat="49.99998294084" lon="9.00673251737" />
  <node id="31402" visible="true" version="1" lat="49.99998294043" lon="9.00673949407" />
  <node id="31403" visible="true" version="1" lat="49.99998294003" lon="9.00674647077" />
  <node id="31404" visible="true" version="1" lat="49.99998293962" lon="9.00675344748" />
  <node id="31405" visible="true" version="1" lat="49.99998293921" lon="9.00676042418" />
  <node id="31406" visible="true" version="1" lat="49.99998293881" lon="9.00676740088" />
  <node id="31407" visible="true" version="1" lat="49.9999829384" lon="9.00677437758" />
  <node id="31408" visible="true" version="1" lat="49.99998293799" lon="9.00678135428" />
  <node id="31409" visible="true" version="1" lat="49.99998293758" lon="9.00678833099" />
  <node id="31410" visible="true" version="1" lat="49.99998293718" lon="9.00679530769" />
  <node id="31411" visible="true" version="1" lat="49.99998293677" lon="9.00680228439" />
  <node id="31412" visible="true" version="1" lat="49.99998293636" lon="9.00680926109" />
  <node id="31413" visible="true" version="1" lat="49.99998293595" lon="9.00681623779" />
  <node id="31414" visible="true" version="1" lat="49.99998293554" lon="9.0068232145" />
  <node id="31415" visible="true" version="1" lat="49.99998293513" lon="9.0068301912" />
  <node id="31416" visible="true" version="1" lat="49.99998293472" lon="9.0068371679" />
  <node id="31417" visible="true" version="1" lat="49.99998293431" lon="9.0068441446" />
  <node id="31418" visible="true" version="1" lat="49.99998293389" lon="9.0068511213" />
  <node id="31419" visible="true" version="1" lat="49.99998293348" lon="9.006858098" />
  <node id="31420" visible="true" version="1" lat="49.99998293307" lon="9.00686507471" />
  <node id="31421" visible="true" version="1" lat="49.99998293266" lon="9.00687205141" />
  <node id="31422" visible="true" version="1" lat="49.99998293224" lon="9.00687902811" />
  <node id="31423" visible="true" version="1" lat="49.99998293183" lon="9.00688600481" />
  <node id="31424" visible="true" version="1" lat="49.99998293142" lon="9.00689298151" />
  <node id="31425" visible="true" version="1" lat="49.999982931" lon="9.00689995822" />
  <node id="31426" visible="true" version="1" lat="49.99998293059" lon="9.00690693492" />
  <node id="31427" visible="true" version="1" lat="49.99998293017" lon="9.00691391162" />
  <node id="31428" visible="true" version="1" lat="49.99998292975" lon="9.00692088832" />
  <node id="31429" visible="true" version="1" lat="49.99998292934" lon="9.00692786502" />
  <node id="31430" visible="true" version="1" lat="49.99998292892" lon="9.00693484173" />
  <node id="31431" visible="true" version="1" lat="49.9999829285" lon="9.00694181843" />
  <node id="31432" visible="true" version="1" lat="49.99998292809" lon="9.00694879513" />
  <node id="31433" visible="true" version="1" lat="49.99998292767" lon="9.00695577183" />
  <node id="31434" visible="true" version="1" lat="49.99998292725" lon="9.00696274853" />
  <node id="31435" visible="true" version="1" lat="49.99998292683" lon="9.00696972523" />
  <node id="31436" visible="true" version="1" lat="49.99998292641" lon="9.00697670194" />
  <node id="31438" visible="true" version="1" lat="50" lon="9" />
  <node id="31439" visible="true" version="1" lat="50" lon="9.0000069767" />
  <node id="31440" visible="true" version="1" lat="50" lon="9.00001395341" />
  <node id="31441" visible="true" version="1" lat="50" lon="9.00002093011" />
  <node id="31442" visible="true" version="1" lat="50" lon="9.00002790682" />
  <node id="31443" visible="true" version="1" lat="49.99999999999" lon="9.00003488352" />
  <node id="31444" visible="true" version="1" lat="49.99999999999" lon="9.00004186023" />
  <node id="31445" visible="true" version="1" lat="49.99999999999" lon="9.00004883693" />
  <node id="31446" visible="true" version="1" lat="49.99999999999" lon="9.00005581364" />
  <node id="31447" visible="true" version="1" lat="49.99999999998" lon="9.00006279034" />
  <node id="31448" visible="true" version="1" lat="49.99999999998" lon="9.00006976704" />
  <node id="31449" visible="true" version="1" lat="49.99999999997" lon="9.00007674375" />
  <node id="31450" visible="true" version="1" lat="49.99999999997" lon="9.00008372045" />
  <node id="31451" visible="true" version="1" lat="49.99999999996" lon="9.00009069716" />
  <node id="31452" visible="true" version="1" lat="49.99999999996" lon="9.00009767386" />
  <node id="31453" visible="true" version="1" lat="49.99999999995" lon="9.00010465057" />
  <node id="31454" visible="true" version="1" lat="49.99999999995" lon="9.00011162727" />
  <node id="31455" visible="true" version="1" lat="49.99999999994" lon="9.00011860397" />
  <node id="31456" visible="true" version="1" lat="49.99999999993" lon="9.00012558068" />
  <node id="31457" visible="true" version="1" lat="49.99999999992" lon="9.00013255738" />
  <node id="31458" visible="true" version="1" lat="49.99999999992" lon="9.00013953409" />
  <node id="31459" visible="true" version="1" lat="49.99999999991" lon="9.00014651079" />
  <node id="31460" visible="true" version="1" lat="49.9999999999" lon="9.0001534875" />
  <node id="31461" visible="true" version="1" lat="49.99999999989" lon="9.0001604642" />
  <node id="31462" visible="true" version="1" lat="49.99999999988" lon="9.00016744091" />
  <node id="31463" visible="true" version="1" lat="49.99999999987" lon="9.00017441761" />
  <node id="31464" visible="true" version="1" lat="49.99999999986" lon="9.00018139431" />
  <node id="31465" visible="true" version="1" lat="49.99999999985" lon="9.00018837102" />
  <node id="31466" visible="true" version="1" lat="49.99999999984" lon="9.00019534772" />
  <node id="31467" visible="true" version="1" lat="49.99999999982" lon="9.00020232443" />
  <node id="31468" visible="true" version="1" lat="49.99999999981" lon="9.00020930113" />
  <node id="31469" visible="true" version="1" lat="49.9999999998" lon="9.00021627784" />
  <node id="31470" visible="true" version="1" lat="49.99999999979" lon="9.00022325454" />
  <node id="31471" visible="true" version="1" lat="49.99999999977" lon="9.00023023125" />
  <node id="31472" visible="true" version="1" lat="49.99999999976" lon="9.00023720795" />
  <node id="31473" visible="true" version="1" lat="49.99999999974" lon="9.00024418465" />
  <node id="31474" visible="true" version="1" lat="49.99999999973" lon="9.00025116136" />
  <node id="31475" visible="true" version="1" lat="49.99999999971" lon="9.00025813806" />
  <node id="31476" visible="true" version="1" lat="49.9999999997" lon="9.00026511477" />
  <node id="31477" visible="true" version="1" lat="49.99999999968" lon="9.00027209147" />
  <node id="31478" visible="true" version="1" lat="49.99999999966" lon="9.00027906818" />
  <node id="31479" visible="true" version="1" lat="49.99999999965" lon="9.00028604488" />
  <node id="31480" visible="true" version="1" lat="49.99999999963" lon="9.00029302158" />
  <node id="31481" visible="true" version="1" lat="49.99999999961" lon="9.00029999829" />
  <node id="31482" visible="true" version="1" lat="49.99999999959" lon="9.00030697499" />
  <node id="31483" visible="true" version="1" lat="49.99999999958" lon="9.0003139517" />
  <node id="31484" visible="true" version="1" lat="49.99999999956" lon="9.0003209284" />
  <node id="31485" visible="true" version="1" lat="49.99999999954" lon="9.00032790511" />
  <node id="31486" visible="true" version="1" lat="49.99999999952" lon="9.00033488181" />
  <node id="31487" visible="true" version="1" lat="49.9999999995" lon="9.00034185852" />
  <node id="31488" visible="true" version="1" lat="49.99999999948" lon="9.00034883522" />
  <node id="31489" visible="true" version="1" lat="49.99999999945" lon="9.00035581192" />
  <node id="31490" visible="true" version="1" lat="49.99999999943" lon="9.00036278863" />
  <node id="31491" visible="true" version="1" lat="49.99999999941" lon="9.00036976533" />
  <node id="31492" visible="true" version="1" lat="49.99999999939" lon="9.00037674204" />
  <node id="31493" visible="true" version="1" lat="49.99999999937" lon="9.00038371874" />
  <node id="31494" visible="true" version="1" lat="49.99999999934" lon="9.00039069545" />
  <node id="31495" visible="true" version="1" lat="49.99999999932" lon="9.00039767215" />
  <node id="31496" visible="true" version="1" lat="49.99999999929" lon="9.00040464886" />
  <node id="31497" visible="true" version="1" lat="49.99999999927" lon="9.00041162556" />
  <node id="31498" visible="true" version="1" lat="49.99999999924" lon="9.00041860226" />
  <node id="31499" visible="true" version="1" lat="49.99999999922" lon="9.00042557897" />
  <node id="31500" visible="true" version="1" lat="49.99999999919" lon="9.00043255567" />
  <node id="31501" visible="true" version="1" lat="49.99999999917" lon="9.00043953238" />
  <node id="31502" visible="true" version="1" lat="49.99999999914" lon="9.00044650908" />
  <node id="31503" visible="true" version="1" lat="49.99999999911" lon="9.00045348579" />
  <node id="31504" visible="true" version="1" lat="49.99999999909" lon="9.00046046249" />
  <node id="31505" visible="true" version="1" lat="49.99999999906" lon="9.0004674392" />
  <node id="31506" visible="true" version="1" lat="49.99999999903" lon="9.0004744159" />
  <node id="31507" visible="true" version="1" lat="49.999999999" lon="9.0004813926" />
  <node id="31508" visible="true" version="1" lat="49.99999999897" lon="9.00048836931" />
  <node id="31509" visible="true" version="1" lat="49.99999999894" lon="9.00049534601" />
  <node id="31510" visible="true" version="1" lat="49.99999999891" lon="9.00050232272" />
  <node id="31511" visible="true" version="1" lat="49.99999999888" lon="9.00050929942" />
  <node id="31512" visible="true" version="1" lat="49.99999999885" lon="9.00051627613" />
  <node id="31513" visible="true" version="1" lat="49.99999999882" lon="9.00052325283" />
  <node id="31514" visible="true" version="1" lat="49.99999999879" lon="9.00053022953" />
  <node id="31515" visible="true" version="1" lat="49.99999999876" lon="9.00053720624" />
  <node id="31516" visible="true" version="1" lat="49.99999999872" lon="9.00054418294" />
  <node id="31517" visible="true" version="1" lat="49.99999999869" lon="9.00055115965" />
  <node id="31518" visible="true" version="1" lat="49.99999999866" lon="9.00055813635" />
  <node id="31519" visible="true" version="1" lat="49.99999999862" lon="9.00056511306" />
  <node id="31520" visible="true" version="1" lat="49.99999999859" lon="9.00057208976" />
  <node id="31521" visible="true" version="1" lat="49.99999999856" lon="9.00057906647" />
  <node id="31522" visible="true" version="1" lat="49.99999999852" lon="9.00058604317" />
  <node id="31523" visible="true" version="1" lat="49.99999999848" lon="9.00059301987" />
  <node id="31524" visible="true" version="1" lat="49.99999999845" lon="9.00059999658" />
  <node id="31525" visible="true" version="1" lat="49.99999999841" lon="9.00060697328" />
  <node id="31526" visible="true" version="1" lat="49.99999999838" lon="9.00061394999" />
  <node id="31527" visible="true" version="1" lat="49.99999999834" lon="9.00062092669" />
  <node id="31528" visible="true" version="1" lat="49.9999999983" lon="9.0006279034" />
  <node id="31529" visible="true" version="1" lat="49.99999999826" lon="9.0006348801" />
  <node id="31530" visible="true" version="1" lat="49.99999999822" lon="9.00064185681" />
  <node id="31531" visible="true" version="1" lat="49.99999999819" lon="9.00064883351" />
  <node id="31532" visible="true" version="1" lat="49.99999999815" lon="9.00065581021" />
  <node id="31533" visible="true" version="1" lat="49.99999999811" lon="9.00066278692" />
  <node id="31534" visible="true" version="1" lat="49.99999999807" lon="9.00066976362" />
  <node id="31535" visible="true" version="1" lat="49.99999999803" lon="9.00067674033" />
  <node id="31536" visible="true" version="1" lat="49.99999999799" lon="9.00068371703" />
  <node id="31537" visible="true" version="1" lat="49.99999999794" lon="9.00069069374" />
  <node id="31538" visible="true" version="1" lat="49.9999999979" lon="9.00069767044" />
  <node id="31539" visible="true" version="1" lat="49.99999999786" lon="9.00070464714" />
  <node id="31540" visible="true" version="1" lat="49.99999999782" lon="9.00071162385" />
  <node id="31541" visible="true" version="1" lat="49.99999999777" lon="9.00071860055" />
  <node id="31542" visible="true" version="1" lat="49.99999999773" lon="9.00072557726" />
  <node id="31543" visible="true" version="1" lat="49.99999999769" lon="9.00073255396" />
  <node id="31544" visible="true" version="1" lat="49.99999999764" lon="9.00073953067" />
  <node id="31545" visible="true" version="1" lat="49.9999999976" lon="9.00074650737" />
  <node id="31546" visible="true" version="1" lat="49.99999999755" lon="9.00075348408" />
  <node id="31547" visible="true" version="1" lat="49.99999999751" lon="9.00076046078" />
  <node id="31548" visible="true" version="1" lat="49.99999999746" lon="9.00076743748" />
  <node id="31549" visible="true" version="1" lat="49.99999999742" lon="9.00077441419" />
  <node id="31550" visible="true" version="1" lat="49.99999999737" lon="9.00078139089" />
  <node id="31551" visible="true" version="1" lat="49.99999999732" lon="9.0007883676" />
  <node id="31552" visible="true" version="1" lat="49.99999999727" lon="9.0007953443" />
  <node id="31553" visible="true" version="1" lat="49.99999999723" lon="9.00080232101" />
  <node id="31554" visible="true" version="1" lat="49.99999999718" lon="9.00080929771" />
  <node id="31555" visible="true" version="1" lat="49.99999999713" lon="9.00081627442" />
  <node id="31556" visible="true" version="1" lat="49.99999999708" lon="9.00082325112" />
  <node id="31557" visible="true" version="1" lat="49.99999999703" lon="9.00083022782" />
  <node id="31558" visible="true" version="1" lat="49.99999999698" lon="9.00083720453" />
  <node id="31559" visible="true" version="1" lat="49.99999999693" lon="9.00084418123" />
  <node id="31560" visible="true" version="1" lat="49.99999999688" lon="9.00085115794" />
  <node id="31561" visible="true" version="1" lat="49.99999999683" lon="9.00085813464" />
  <node id="31562" visible="true" version="1" lat="49.99999999678" lon="9.00086511135" />
  <node id="31563" visible="true" version="1" lat="49.99999999672" lon="9.00087208805" />
  <node id="31564" visible="true" version="1" lat="49.99999999667" lon="9.00087906475" />
  <node id="31565" visible="true" version="1" lat="49.99999999662" lon="9.00088604146" />
  <node id="31566" visible="true" version="1" lat="49.99999999656" lon="9.00089301816" />
  <node id="31567" visible="true" version="1" lat="49.99999999651" lon="9.00089999487" />
  <node id="31568" visible="true" version="1" lat="49.99999999646" lon="9.00090697157" />
  <node id="31569" visible="true" version="1" lat="49.9999999964" lon="9.00091394828" />
  <node id="31570" visible="true" version="1" lat="49.99999999635" lon="9.00092092498" />
  <node id="31571" visible="true" version="1" lat="49.99999999629" lon="9.00092790169" />
  <node id="31572" visible="true" version="1" lat="49.99999999623" lon="9.00093487839" />
  <node id="31573" visible="true" version="1" lat="49.99999999618" lon="9.00094185509" />
  <node id="31574" visible="true" version="1" lat="49.99999999612" lon="9.0009488318" />
  <node id="31575" visible="true" version="1" lat="49.99999999606" lon="9.0009558085" />
  <node id="31576" visible="true" version="1" lat="49.99999999601" lon="9.00096278521" />
  <node id="31577" visible="true" version="1" lat="49.99999999595" lon="9.00096976191" />
  <node id="31578" visible="true" version="1" lat="49.99999999589" lon="9.00097673862" />
  <node id="31579" visible="true" version="1" lat="49.99999999583" lon="9.00098371532" />
  <node id="31580" visible="true" version="1" lat="49.99999999577" lon="9.00099069203" />
  <node id="31581" visible="true" version="1" lat="49.99999999571" lon="9.00099766873" />
  <node id="31582" visible="true" version="1" lat="49.99999999565" lon="9.00100464543" />
  <node id="31583" visible="true" version="1" lat="49.99999999559" lon="9.00101162214" />
  <node id="31584" visible="true" version="1" lat="49.99999999553" lon="9.00101859884" />
  <node id="31585" visible="true" version="1" lat="49.99999999547" lon="9.00102557555" />
  <node id="31586" visible="true" version="1" lat="49.99999999541" lon="9.00103255225" />
  <node id="31587" visible="true" version="1" lat="49.99999999534" lon="9.00103952896" />
  <node id="31588" visible="true" version="1" lat="49.99999999528" lon="9.00104650566" />
  <node id="31589" visible="true" version="1" lat="49.99999999522" lon="9.00105348236" />
  <node id="31590" visible="true" version="1" lat="49.99999999515" lon="9.00106045907" />
  <node id="31591" visible="true" version="1" lat="49.99999999509" lon="9.00106743577" />
  <node id="31592" visible="true" version="1" lat="49.99999999503" lon="9.00107441248" />
  <node id="31593" visible="true" version="1" lat="49.99999999496" lon="9.00108138918" />
  <node id="31594" visible="true" version="1" lat="49.9999999949" lon="9.00108836589" />
  <node id="31595" visible="true" version="1" lat="49.99999999483" lon="9.00109534259" />
  <node id="31596" visible="true" version="1" lat="49.99999999476" lon="9.0011023193" />
  <node id="31597" visible="true" version="1" lat="49.9999999947" lon="9.001109296" />
  <node id="31598" visible="true" version="1" lat="49.99999999463" lon="9.0011162727" />
  <node id="31599" visible="true" version="1" lat="49.99999999456" lon="9.00112324941" />
  <node id="31600" visible="true" version="1" lat="49.9999999945" lon="9.00113022611" />
  <node id="31601" visible="true" version="1" lat="49.99999999443" lon="9.00113720282" />
  <node id="31602" visible="true" version="1" lat="49.99999999436" lon="9.00114417952" />
  <node id="31603" visible="true" version="1" lat="49.99999999429" lon="9.00115115623" />
  <node id="31604" visible="true" version="1" lat="49.99999999422" lon="9.00115813293" />
  <node id="31605" visible="true" version="1" lat="49.99999999415" lon="9.00116510964" />
  <node id="31606" visible="true" version="1" lat="49.99999999408" lon="9.00117208634" />
  <node id="31607" visible="true" version="1" lat="49.99999999401" lon="9.00117906304" />
  <node id="31608" visible="true" version="1" lat="49.99999999394" lon="9.00118603975" />
  <node id="31609" visible="true" version="1" lat="49.99999999387" lon="9.00119301645" />
  <node id="31610" visible="true" version="1" lat="49.9999999938" lon="9.00119999316" />
  <node id="31611" visible="true" version="1" lat="49.99999999372" lon="9.00120696986" />
  <node id="31612" visible="true" version="1" lat="49.99999999365" lon="9.00121394657" />
  <node id="31613" visible="true" version="1" lat="49.99999999358" lon="9.00122092327" />
  <node id="31614" visible="true" version="1" lat="49.9999999935" lon="9.00122789998" />
  <node id="31615" visible="true" version="1" lat="49.99999999343" lon="9.00123487668" />
  <node id="31616" visible="true" version="1" lat="49.99999999335" lon="9.00124185338" />
  <node id="31617" visible="true" version="1" lat="49.99999999328" lon="9.00124883009" />
  <node id="31618" visible="true" version="1" lat="49.9999999932" lon="9.00125580679" />
  <node id="31619" visible="true" version="1" lat="49.99999999313" lon="9.0012627835" />
  <node id="31620" visible="true" version="1" lat="49.99999999305" lon="9.0012697602" />
  <node id="31621" visible="true" version="1" lat="49.99999999298" lon="9.00127673691" />
  <node id="31622" visible="true" version="1" lat="49.9999999929" lon="9.00128371361" />
  <node id="31623" visible="true" version="1" lat="49.99999999282" lon="9.00129069031" />
  <node id="31624" visible="true" version="1" lat="49.99999999274" lon="9.00129766702" />
  <node id="31625" visible="true" version="1" lat="49.99999999267" lon="9.00130464372" />
  <node id="31626" visible="true" version="1" lat="49.99999999259" lon="9.00131162043" />
  <node id="31627" visible="true" version="1" lat="49.99999999251" lon="9.00131859713" />
  <node id="31628" visible="true" version="1" lat="49.99999999243" lon="9.00132557384" />
  <node id="31629" visible="true" version="1" lat="49.99999999235" lon="9.00133255054" />
  <node id="31630" visible="true" version="1" lat="49.99999999227" lon="9.00133952725" />
  <node id="31631" visible="true" version="1" lat="49.99999999219" lon="9.00134650395" />
  <node id="31632" visible="true" version="1" lat="49.99999999211" lon="9.00135348065" />
  <node id="31633" visible="true" version="1" lat="49.99999999202" lon="9.00136045736" />
  <node id="31634" visible="true" version="1" lat="49.99999999194" lon="9.00136743406" />
  <node id="31635" visible="true" version="1" lat="49.99999999186" lon="9.00137441077" />
  <node id="31636" visible="true" version="1" lat="49.99999999178" lon="9.00138138747" />
  <node id="31637" visible="true" version="1" lat="49.99999999169" lon="9.00138836418" />
  <node id="31638" visible="true" version="1" lat="49.99999999161" lon="9.00139534088" />
  <node id="31639" visible="true" version="1" lat="49.99999999153" lon="9.00140231759" />
  <node id="31640" visible="true" version="1" lat="49.99999999144" lon="9.00140929429" />
  <node id="31641" visible="true" version="1" lat="49.99999999136" lon="9.00141627099" />
  <node id="31642" visible="true" version="1" lat="49.99999999127" lon="9.0014232477" />
  <node id="31643" visible="true" version="1" lat="49.99999999119" lon="9.0014302244" />
  <node id="31644" visible="true" version="1" lat="49.9999999911" lon="9.00143720111" />
  <node id="31645" visible="true" version="1" lat="49.99999999101" lon="9.00144417781" />
  <node id="31646" visible="true" version="1" lat="49.99999999093" lon="9.00145115452" />
  <node id="31647" visible="true" version="1" lat="49.99999999084" lon="9.00145813122" />
  <node id="31648" visible="true" version="1" lat="49.99999999075" lon="9.00146510792" />
  <node id="31649" visible="true" version="1" lat="49.99999999066" lon="9.00147208463" />
  <node id="31650" visible="true" version="1" lat="49.99999999057" lon="9.00147906133" />
  <node id="31651" visible="true" version="1" lat="49.99999999048" lon="9.00148603804" />
  <node id="31652" visible="true" version="1" lat="49.99999999039" lon="9.00149301474" />
  <node id="31653" visible="true" version="1" lat="49.9999999903" lon="9.00149999145" />
  <node id="31654" visible="true" version="1" lat="49.99999999021" lon="9.00150696815" />
  <node id="31655" visible="true" version="1" lat="49.99999999012" lon="9.00151394486" />
  <node id="31656" visible="true" version="1" lat="49.99999999003" lon="9.00152092156" />
  <node id="31657" visible="true" version="1" lat="49.99999998994" lon="9.00152789826" />
  <node id="31658" visible="true" version="1" lat="49.99999998985" lon="9.00153487497" />
  <node id="31659" visible="true" version="1" lat="49.99999998976" lon="9.00154185167" />
  <node id="31660" visible="true" version="1" lat="49.99999998966" lon="9.00154882838" />
  <node id="31661" visible="true" version="1" lat="49.99999998957" lon="9.00155580508" />
  <node id="31662" visible="true" version="1" lat="49.99999998948" lon="9.00156278179" />
  <node id="31663" visible="true" version="1" lat="49.99999998938" lon="9.00156975849" />
  <node id="31664" visible="true" version="1" lat="49.99999998929" lon="9.0015767352" />
  <node id="31665" visible="true" version="1" lat="49.99999998919" lon="9.0015837119" />
  <node id="31666" visible="true" version="1" lat="49.9999999891" lon="9.0015906886" />
  <node id="31667" visible="true" version="1" lat="49.999999989" lon="9.00159766531" />
  <node id="31668" visible="true" version="1" lat="49.9999999889" lon="9.00160464201" />
  <node id="31669" visible="true" version="1" lat="49.99999998881" lon="9.00161161872" />
  <node id="31670" visible="true" version="1" lat="49.99999998871" lon="9.00161859542" />
  <node id="31671" visible="true" version="1" lat="49.99999998861" lon="9.00162557213" />
  <node id="31672" visible="true" version="1" lat="49.99999998852" lon="9.00163254883" />
  <node id="31673" visible="true" version="1" lat="49.99999998842" lon="9.00163952553" />
  <node id="31674" visible="true" version="1" lat="49.99999998832" lon="9.00164650224" />
  <node id="31675" visible="true" version="1" lat="49.99999998822" lon="9.00165347894" />
  <node id="31676" visible="true" version="1" lat="49.99999998812" lon="9.00166045565" />
  <node id="31677" visible="true" version="1" lat="49.99999998802" lon="9.00166743235" />
  <node id="31678" visible="true" version="1" lat="49.99999998792" lon="9.00167440906" />
  <node id="31679" visible="true" version="1" lat="49.99999998782" lon="9.00168138576" />
  <node id="31680" visible="true" version="1" lat="49.99999998772" lon="9.00168836247" />
  <node id="31681" visible="true" version="1" lat="49.99999998762" lon="9.00169533917" />
  <node id="31682" visible="true" version="1" lat="49.99999998751" lon="9.00170231587" />
  <node id="31683" visible="true" version="1" lat="49.99999998741" lon="9.00170929258" />
  <node id="31684" visible="true" version="1" lat="49.99999998731" lon="9.00171626928" />
  <node id="31685" visible="true" version="1" lat="49.9999999872" lon="9.00172324599" />
  <node id="31686" visible="true" version="1" lat="49.9999999871" lon="9.00173022269" />
  <node id="31687" visible="true" version="1" lat="49.999999987" lon="9.0017371994" />
  <node id="31688" visible="true" version="1" lat="49.99999998689" lon="9.0017441761" />
  <node id="31689" visible="true" version="1" lat="49.99999998679" lon="9.00175115281" />
  <node id="31690" visible="true" version="1" lat="49.99999998668" lon="9.00175812951" />
  <node id="31691" visible="true" version="1" lat="49.99999998657" lon="9.00176510621" />
  <node id="31692" visible="true" version="1" lat="49.99999998647" lon="9.00177208292" />
  <node id="31693" visible="true" version="1" lat="49.99999998636" lon="9.00177905962" />
  <node id="31694" visible="true" version="1" lat="49.99999998625" lon="9.00178603633" />
  <node id="31695" visible="true" version="1" lat="49.99999998615" lon="9.00179301303" />
  <node id="31696" visible="true" version="1" lat="49.99999998604" lon="9.00179998974" />
  <node id="31697" visible="true" version="1" lat="49.99999998593" lon="9.00180696644" />
  <node id="31698" visible="true" version="1" lat="49.99999998582" lon="9.00181394314" />
  <node id="31699" visible="true" version="1" lat="49.99999998571" lon="9.00182091985" />
  <node id="31700" visible="true" version="1" lat="49.9999999856" lon="9.00182789655" />
  <node id="31701" visible="true" version="1" lat="49.99999998549" lon="9.00183487326" />
  <node id="31702" visible="true" version="1" lat="49.99999998538" lon="9.00184184996" />
  <node id="31703" visible="true" version="1" lat="49.99999998527" lon="9.00184882667" />
  <node id="31704" visible="true" version="1" lat="49.99999998516" lon="9.00185580337" />
  <node id="31705" visible="true" version="1" lat="49.99999998505" lon="9.00186278008" />
  <node id="31706" visible="true" version="1" lat="49.99999998494" lon="9.00186975678" />
  <node id="31707" visible="true" version="1" lat="49.99999998482" lon="9.00187673348" />
  <node id="31708" visible="true" version="1" lat="49.99999998471" lon="9.00188371019" />
  <node id="31709" visible="true" version="1" lat="49.9999999846" lon="9.00189068689" />
  <node id="31710" visible="true" version="1" lat="49.99999998448" lon="9.0018976636" />
  <node id="31711" visible="true" version="1" lat="49.99999998437" lon="9.0019046403" />
  <node id="31712" visible="true" version="1" lat="49.99999998425" lon="9.00191161701" />
  <node id="31713" visible="true" version="1" lat="49.99999998414" lon="9.00191859371" />
  <node id="31714" visible="true" version="1" lat="49.99999998402" lon="9.00192557042" />
  <node id="31715" visible="true" version="1" lat="49.99999998391" lon="9.00193254712" />
  <node id="31716" visible="true" version="1" lat="49.99999998379" lon="9.00193952382" />
  <node id="31717" visible="true" version="1" lat="49.99999998367" lon="9.00194650053" />
  <node id="31718" visible="true" version="1" lat="49.99999998356" lon="9.00195347723" />
  <node id="31719" visible="true" version="1" lat="49.99999998344" lon="9.00196045394" />
  <node id="31720" visible="true" version="1" lat="49.99999998332" lon="9.00196743064" />
  <node id="31721" visible="true" version="1" lat="49.9999999832" lon="9.00197440735" />
  <node id="31722" visible="true" version="1" lat="49.99999998308" lon="9.00198138405" />
  <node id="31723" visible="true" version="1" lat="49.99999998296" lon="9.00198836075" />
  <node id="31724" visible="true" version="1" lat="49.99999998284" lon="9.00199533746" />
  <node id="31725" visible="true" version="1" lat="49.99999998272" lon="9.00200231416" />
  <node id="31726" visible="true" version="1" lat="49.9999999826" lon="9.00200929087" />
  <node id="31727" visible="true" version="1" lat="49.99999998248" lon="9.00201626757" />
  <node id="31728" visible="true" version="1" lat="49.99999998236" lon="9.00202324428" />
  <node id="31729" visible="true" version="1" lat="49.99999998224" lon="9.00203022098" />
  <node id="31730" visible="true" version="1" lat="49.99999998212" lon="9.00203719769" />
  <node id="31731" visible="true" version="1" lat="49.99999998199" lon="9.00204417439" />
  <node id="31732" visible="true" version="1" lat="49.99999998187" lon="9.00205115109" />
  <node id="31733" visible="true" version="1" lat="49.99999998175" lon="9.0020581278" />
  <node id="31734" visible="true" version="1" lat="49.99999998162" lon="9.0020651045" />
  <node id="31735" visible="true" version="1" lat="49.9999999815" lon="9.00207208121" />
  <node id="31736" visible="true" version="1" lat="49.99999998137" lon="9.00207905791" />
  <node id="31737" visible="true" version="1" lat="49.99999998125" lon="9.00208603462" />
  <node id="31738" visible="true" version="1" lat="49.99999998112" lon="9.00209301132" />
  <node id="31739" visible="true" version="1" lat="49.999999981" lon="9.00209998802" />
  <node id="31740" visible="true" version="1" lat="49.99999998087" lon="9.00210696473" />
  <node id="31741" visible="true" version="1" lat="49.99999998074" lon="9.00211394143" />
  <node id="31742" visible="true" version="1" lat="49.99999998062" lon="9.00212091814" />
  <node id="31743" visible="true" version="1" lat="49.99999998049" lon="9.00212789484" />
  <node id="31744" visible="true" version="1" lat="49.99999998036" lon="9.00213487155" />
  <node id="31745" visible="true" version="1" lat="49.99999998023" lon="9.00214184825" />
  <node id="31746" visible="true" version="1" lat="49.9999999801" lon="9.00214882496" />
  <node id="31747" visible="true" version="1" lat="49.99999997997" lon="9.00215580166" />
  <node id="31748" visible="true" version="1" lat="49.99999997984" lon="9.00216277836" />
  <node id="31749" visible="true" version="1" lat="49.99999997971" lon="9.00216975507" />
  <node id="31750" visible="true" version="1" lat="49.99999997958" lon="9.00217673177" />
  <node id="31751" visible="true" version="1" lat="49.99999997945" lon="9.00218370848" />
  <node id="31752" visible="true" version="1" lat="49.99999997932" lon="9.00219068518" />
  <node id="31753" visible="true" version="1" lat="49.99999997919" lon="9.00219766189" />
  <node id="31754" visible="true" version="1" lat="49.99999997906" lon="9.00220463859" />
  <node id="31755" visible="true" version="1" lat="49.99999997892" lon="9.0022116153" />
  <node id="31756" visible="true" version="1" lat="49.99999997879" lon="9.002218592" />
  <node id="31757" visible="true" version="1" lat="49.99999997866" lon="9.0022255687" />
  <node id="31758" visible="true" version="1" lat="49.99999997852" lon="9.00223254541" />
  <node id="31759" visible="true" version="1" lat="49.99999997839" lon="9.00223952211" />
  <node id="31760" visible="true" version="1" lat="49.99999997825" lon="9.00224649882" />
  <node id="31761" visible="true" version="1" lat="49.99999997812" lon="9.00225347552" />
  <node id="31762" visible="true" version="1" lat="49.99999997798" lon="9.00226045223" />
  <node id="31763" visible="true" version="1" lat="49.99999997785" lon="9.00226742893" />
  <node id="31764" visible="true" version="1" lat="49.99999997771" lon="9.00227440563" />
  <node id="31765" visible="true" version="1" lat="49.99999997757" lon="9.00228138234" />
  <node id="31766" visible="true" version="1" lat="49.99999997744" lon="9.00228835904" />
  <node id="31767" visible="true" version="1" lat="49.9999999773" lon="9.00229533575" />
  <node id="31768" visible="true" version="1" lat="49.99999997716" lon="9.00230231245" />
  <node id="31769" visible="true" version="1" lat="49.99999997702" lon="9.00230928916" />
  <node id="31770" visible="true" version="1" lat="49.99999997688" lon="9.00231626586" />
  <node id="31771" visible="true" version="1" lat="49.99999997674" lon="9.00232324257" />
  <node id="31772" visible="true" version="1" lat="49.9999999766" lon="9.00233021927" />
  <node id="31773" visible="true" version="1" lat="49.99999997646" lon="9.00233719597" />
  <node id="31774" visible="true" version="1" lat="49.99999997632" lon="9.00234417268" />
  <node id="31775" visible="true" version="1" lat="49.99999997618" lon="9.00235114938" />
  <node id="31776" visible="true" version="1" lat="49.99999997604" lon="9.00235812609" />
  <node id="31777" visible="true" version="1" lat="49.9999999759" lon="9.00236510279" />
  <node id="31778" visible="true" version="1" lat="49.99999997575" lon="9.0023720795" />
  <node id="31779" visible="true" version="1" lat="49.99999997561" lon="9.0023790562" />
  <node id="31780" visible="true" version="1" lat="49.99999997547" lon="9.00238603291" />
  <node id="31781" visible="true" version="1" lat="49.99999997532" lon="9.00239300961" />
  <node id="31782" visible="true" version="1" lat="49.99999997518" lon="9.00239998631" />
  <node id="31783" visible="true" version="1" lat="49.99999997504" lon="9.00240696302" />
  <node id="31784" visible="true" version="1" lat="49.99999997489" lon="9.00241393972" />
  <node id="31785" visible="true" version="1" lat="49.99999997475" lon="9.00242091643" />
  <node id="31786" visible="true" version="1" lat="49.9999999746" lon="9.00242789313" />
  <node id="31787" visible="true" version="1" lat="49.99999997445" lon="9.00243486984" />
  <node id="31788" visible="true" version="1" lat="49.99999997431" lon="9.00244184654" />
  <node id="31789" visible="true" version="1" lat="49.99999997416" lon="9.00244882324" />
  <node id="31790" visible="true" version="1" lat="49.99999997401" lon="9.00245579995" />
  <node id="31791" visible="true" version="1" lat="49.99999997386" lon="9.00246277665" />
  <node id="31792" visible="true" version="1" lat="49.99999997372" lon="9.00246975336" />
  <node id="31793" visible="true" version="1" lat="49.99999997357" lon="9.00247673006" />
  <node id="31794" visible="true" version="1" lat="49.99999997342" lon="9.00248370677" />
  <node id="31795" visible="true" version="1" lat="49.99999997327" lon="9.00249068347" />
  <node id="31796" visible="true" version="1" lat="49.99999997312" lon="9.00249766018" />
  <node id="31797" visible="true" version="1" lat="49.99999997297" lon="9.00250463688" />
  <node id="31798" visible="true" version="1" lat="49.99999997282" lon="9.00251161358" />
  <node id="31799" visible="true" version="1" lat="49.99999997267" lon="9.00251859029" />
  <node id="31800" visible="true" version="1" lat="49.99999997252" lon="9.00252556699" />
  <node id="31801" visible="true" version="1" lat="49.99999997236" lon="9.0025325437" />
  <node id="31802" visible="true" version="1" lat="49.99999997221" lon="9.0025395204" />
  <node id="31803" visible="true" version="1" lat="49.99999997206" lon="9.00254649711" />
  <node id="31804" visible="true" version="1" lat="49.9999999719" lon="9.00255347381" />
  <node id="31805" visible="true" version="1" lat="49.99999997175" lon="9.00256045052" />
  <node id="31806" visible="true" version="1" lat="49.9999999716" lon="9.00256742722" />
  <node id="31807" visible="true" version="1" lat="49.99999997144" lon="9.00257440392" />
  <node id="31808" visible="true" version="1" lat="49.99999997129" lon="9.00258138063" />
  <node id="31809" visible="true" version="1" lat="49.99999997113" lon="9.00258835733" />
  <node id="31810" visible="true" version="1" lat="49.99999997098" lon="9.00259533404" />
  <node id="31811" visible="true" version="1" lat="49.99999997082" lon="9.00260231074" />
  <node id="31812" visible="true" version="1" lat="49.99999997066" lon="9.00260928745" />
  <node id="31813" visible="true" version="1" lat="49.99999997051" lon="9.00261626415" />
  <node id="31814" visible="true" version="1" lat="49.99999997035" lon="9.00262324085" />
  <node id="31815" visible="true" version="1" lat="49.99999997019" lon="9.00263021756" />
  <node id="31816" visible="true" version="1" lat="49.99999997003" lon="9.00263719426" />
  <node id="31817" visible="true" version="1" lat="49.99999996987" lon="9.00264417097" />
  <node id="31818" visible="true" version="1" lat="49.99999996971" lon="9.00265114767" />
  <node id="31819" visible="true" version="1" lat="49.99999996955" lon="9.00265812438" />
  <node id="31820" visible="true" version="1" lat="49.99999996939" lon="9.00266510108" />
  <node id="31821" visible="true" version="1" lat="49.99999996923" lon="9.00267207779" />
  <node id="31822" visible="true" version="1" lat="49.99999996907" lon="9.00267905449" />
  <node id="31823" visible="true" version="1" lat="49.99999996891" lon="9.00268603119" />
  <node id="31824" visible="true" version="1" lat="49.99999996875" lon="9.0026930079" />
  <node id="31825" visible="true" version="1" lat="49.99999996859" lon="9.0026999846" />
  <node id="31826" visible="true" version="1" lat="49.99999996843" lon="9.00270696131" />
  <node id="31827" visible="true" version="1" lat="49.99999996826" lon="9.00271393801" />
  <node id="31828" visible="true" version="1" lat="49.9999999681" lon="9.00272091472" />
  <node id="31829" visible="true" version="1" lat="49.99999996794" lon="9.00272789142" />
  <node id="31830" visible="true" version="1" lat="49.99999996777" lon="9.00273486812" />
  <node id="31831" visible="true" version="1" lat="49.99999996761" lon="9.00274184483" />
  <node id="31832" visible="true" version="1" lat="49.99999996744" lon="9.00274882153" />
  <node id="31833" visible="true" version="1" lat="49.99999996728" lon="9.00275579824" />
  <node id="31834" visible="true" version="1" lat="49.99999996711" lon="9.00276277494" />
  <node id="31835" visible="true" version="1" lat="49.99999996694" lon="9.00276975165" />
  <node id="31836" visible="true" version="1" lat="49.99999996678" lon="9.00277672835" />
  <node id="31837" visible="true" version="1" lat="49.99999996661" lon="9.00278370506" />
  <node id="31838" visible="true" version="1" lat="49.99999996644" lon="9.00279068176" />
  <node id="31839" visible="true" version="1" lat="49.99999996627" lon="9.00279765846" />
  <node id="31840" visible="true" version="1" lat="49.99999996611" lon="9.00280463517" />
  <node id="31841" visible="true" version="1" lat="49.99999996594" lon="9.00281161187" />
  <node id="31842" visible="true" version="1" lat="49.99999996577" lon="9.00281858858" />
  <node id="31843" visible="true" version="1" lat="49.9999999656" lon="9.00282556528" />
  <node id="31844" visible="true" version="1" lat="49.99999996543" lon="9.00283254199" />
  <node id="31845" visible="true" version="1" lat="49.99999996526" lon="9.00283951869" />
  <node id="31846" visible="true" version="1" lat="49.99999996509" lon="9.0028464954" />
  <node id="31847" visible="true" version="1" lat="49.99999996491" lon="9.0028534721" />
  <node id="31848" visible="true" version="1" lat="49.99999996474" lon="9.0028604488" />
  <node id="31849" visible="true" version="1" lat="49.99999996457" lon="9.00286742551" />
  <node id="31850" visible="true" version="1" lat="49.9999999644" lon="9.00287440221" />
  <node id="31851" visible="true" version="1" lat="49.99999996423" lon="9.00288137892" />
  <node id="31852" visible="true" version="1" lat="49.99999996405" lon="9.00288835562" />
  <node id="31853" visible="true" version="1" lat="49.99999996388" lon="9.00289533233" />
  <node id="31854" visible="true" version="1" lat="49.9999999637" lon="9.00290230903" />
  <node id="31855" visible="true" version="1" lat="49.99999996353" lon="9.00290928573" />
  <node id="31856" visible="true" version="1" lat="49.99999996335" lon="9.00291626244" />
  <node id="31857" visible="true" version="1" lat="49.99999996318" lon="9.00292323914" />
  <node id="31858" visible="true" version="1" lat="49.999999963" lon="9.00293021585" />
  <node id="31859" visible="true" version="1" lat="49.99999996283" lon="9.00293719255" />
  <node id="31860" visible="true" version="1" lat="49.99999996265" lon="9.00294416926" />
  <node id="31861" visible="true" version="1" lat="49.99999996247" lon="9.00295114596" />
  <node id="31862" visible="true" version="1" lat="49.99999996229" lon="9.00295812267" />
  <node id="31863" visible="true" version="1" lat="49.99999996212" lon="9.00296509937" />
  <node id="31864" visible="true" version="1" lat="49.99999996194" lon="9.00297207607" />
  <node id="31865" visible="true" version="1" lat="49.99999996176" lon="9.00297905278" />
  <node id="31866" visible="true" version="1" lat="49.99999996158" lon="9.00298602948" />
  <node id="31867" visible="true" version="1" lat="49.9999999614" lon="9.00299300619" />
  <node id="31868" visible="true" version="1" lat="49.99999996122" lon="9.00299998289" />
  <node id="31869" visible="true" version="1" lat="49.99999996104" lon="9.0030069596" />
  <node id="31870" visible="true" version="1" lat="49.99999996086" lon="9.0030139363" />
  <node id="31871" visible="true" version="1" lat="49.99999996068" lon="9.003020913" />
  <node id="31872" visible="true" version="1" lat="49.99999996049" lon="9.00302788971" />
  <node id="31873" visible="true" version="1" lat="49.99999996031" lon="9.00303486641" />
  <node id="31874" visible="true" version="1" lat="49.99999996013" lon="9.00304184312" />
  <node id="31875" visible="true" version="1" lat="49.99999995995" lon="9.00304881982" />
  <node id="31876" visible="true" version="1" lat="49.99999995976" lon="9.00305579653" />
  <node id="31877" visible="true" version="1" lat="49.99999995958" lon="9.00306277323" />
  <node id="31878" visible="true" version="1" lat="49.99999995939" lon="9.00306974994" />
  <node id="31879" visible="true" version="1" lat="49.99999995921" lon="9.00307672664" />
  <node id="31880" visible="true" version="1" lat="49.99999995902" lon="9.00308370334" />
  <node id="31881" visible="true" version="1" lat="49.99999995884" lon="9.00309068005" />
  <node id="31882" visible="true" version="1" lat="49.99999995865" lon="9.00309765675" />
  <node id="31883" visible="true" version="1" lat="49.99999995847" lon="9.00310463346" />
  <node id="31884" visible="true" version="1" lat="49.99999995828" lon="9.00311161016" />
  <node id="31885" visible="true" version="1" lat="49.99999995809" lon="9.00311858687" />
  <node id="31886" visible="true" version="1" lat="49.9999999579" lon="9.00312556357" />
  <node id="31887" visible="true" version="1" lat="49.99999995772" lon="9.00313254028" />
  <node id="31888" visible="true" version="1" lat="49.99999995753" lon="9.00313951698" />
  <node id="31889" visible="true" version="1" lat="49.99999995734" lon="9.00314649368" />
  <node id="31890" visible="true" version="1" lat="49.99999995715" lon="9.00315347039" />
  <node id="31891" visible="true" version="1" lat="49.99999995696" lon="9.00316044709" />
  <node id="31892" visible="true" version="1" lat="49.99999995677" lon="9.0031674238" />
  <node id="31893" visible="true" version="1" lat="49.99999995658" lon="9.0031744005" />
  <node id="31894" visible="true" version="1" lat="49.99999995639" lon="9.00318137721" />
  <node id="31895" visible="true" version="1" lat="49.9999999562" lon="9.00318835391" />
  <node id="31896" visible="true" version="1" lat="49.999999956" lon="9.00319533061" />
  <node id="31897" visible="true" version="1" lat="49.99999995581" lon="9.00320230732" />
  <node id="31898" visible="true" version="1" lat="49.99999995562" lon="9.00320928402" />
  <node id="31899" visible="true" version="1" lat="49.99999995543" lon="9.00321626073" />
  <node id="31900" visible="true" version="1" lat="49.99999995523" lon="9.00322323743" />
  <node id="31901" visible="true" version="1" lat="49.99999995504" lon="9.00323021414" />
  <node id="31902" visible="true" version="1" lat="49.99999995484" lon="9.00323719084" />
  <node id="31903" visible="true" version="1" lat="49.99999995465" lon="9.00324416755" />
  <node id="31904" visible="true" version="1" lat="49.99999995445" lon="9.00325114425" />
  <node id="31905" visible="true" version="1" lat="49.99999995426" lon="9.00325812095" />
  <node id="31906" visible="true" version="1" lat="49.99999995406" lon="9.00326509766" />
  <node id="31907" visible="true" version="1" lat="49.99999995387" lon="9.00327207436" />
  <node id="31908" visible="true" version="1" lat="49.99999995367" lon="9.00327905107" />
  <node id="31909" visible="true" version="1" lat="49.99999995347" lon="9.00328602777" />
  <node id="31910" visible="true" version="1" lat="49.99999995327" lon="9.00329300448" />
  <node id="31911" visible="true" version="1" lat="49.99999995308" lon="9.00329998118" />
  <node id="31912" visible="true" version="1" lat="49.99999995288" lon="9.00330695788" />
  <node id="31913" visible="true" version="1" lat="49.99999995268" lon="9.00331393459" />
  <node id="31914" visible="true" version="1" lat="49.99999995248" lon="9.00332091129" />
  <node id="31915" visible="true" version="1" lat="49.99999995228" lon="9.003327888" />
  <node id="31916" visible="true" version="1" lat="49.99999995208" lon="9.0033348647" />
  <node id="31917" visible="true" version="1" lat="49.99999995188" lon="9.00334184141" />
  <node id="31918" visible="true" version="1" lat="49.99999995168" lon="9.00334881811" />
  <node id="31919" visible="true" version="1" lat="49.99999995147" lon="9.00335579482" />
  <node id="31920" visible="true" version="1" lat="49.99999995127" lon="9.00336277152" />
  <node id="31921" visible="true" version="1" lat="49.99999995107" lon="9.00336974822" />
  <node id="31922" visible="true" version="1" lat="49.99999995087" lon="9.00337672493" />
  <node id="31923" visible="true" version="1" lat="49.99999995066" lon="9.00338370163" />
  <node id="31924" visible="true" version="1" lat="49.99999995046" lon="9.00339067834" />
  <node id="31925" visible="true" version="1" lat="49.99999995026" lon="9.00339765504" />
  <node id="31926" visible="true" version="1" lat="49.99999995005" lon="9.00340463175" />
  <node id="31927" visible="true" version="1" lat="49.99999994985" lon="9.00341160845" />
  <node id="31928" visible="true" version="1" lat="49.99999994964" lon="9.00341858515" />
  <node id="31929" visible="true" version="1" lat="49.99999994944" lon="9.00342556186" />
  <node id="31930" visible="true" version="1" lat="49.99999994923" lon="9.00343253856" />
  <node id="31931" visible="true" version="1" lat="49.99999994902" lon="9.00343951527" />
  <node id="31932" visible="true" version="1" lat="49.99999994882" lon="9.00344649197" />
  <node id="31933" visible="true" version="1" lat="49.99999994861" lon="9.00345346868" />
  <node id="31934" visible="true" version="1" lat="49.9999999484" lon="9.00346044538" />
  <node id="31935" visible="true" version="1" lat="49.99999994819" lon="9.00346742209" />
  <node id="31936" visible="true" version="1" lat="49.99999994798" lon="9.00347439879" />
  <node id="31937" visible="true" version="1" lat="49.99999994778" lon="9.00348137549" />
  <node id="31938" visible="true" version="1" lat="49.99999994757" lon="9.0034883522" />
  <node id="31939" visible="true" version="1" lat="49.99999994736" lon="9.0034953289" />
  <node id="31940" visible="true" version="1" lat="49.99999994715" lon="9.00350230561" />
  <node id="31941" visible="true" version="1" lat="49.99999994693" lon="9.00350928231" />
  <node id="31942" visible="true" version="1" lat="49.99999994672" lon="9.00351625902" />
  <node id="31943" visible="true" version="1" lat="49.99999994651" lon="9.00352323572" />
  <node id="31944" visible="true" version="1" lat="49.9999999463" lon="9.00353021243" />
  <node id="31945" visible="true" version="1" lat="49.99999994609" lon="9.00353718913" />
  <node id="31946" visible="true" version="1" lat="49.99999994587" lon="9.00354416583" />
  <node id="31947" visible="true" version="1" lat="49.99999994566" lon="9.00355114254" />
  <node id="31948" visible="true" version="1" lat="49.99999994545" lon="9.00355811924" />
  <node id="31949" visible="true" version="1" lat="49.99999994523" lon="9.00356509595" />
  <node id="31950" visible="true" version="1" lat="49.99999994502" lon="9.00357207265" />
  <node id="31951" visible="true" version="1" lat="49.9999999448" lon="9.00357904936" />
  <node id="31952" visible="true" version="1" lat="49.99999994459" lon="9.00358602606" />
  <node id="31953" visible="true" version="1" lat="49.99999994437" lon="9.00359300276" />
  <node id="31954" visible="true" version="1" lat="49.99999994416" lon="9.00359997947" />
  <node id="31955" visible="true" version="1" lat="49.99999994394" lon="9.00360695617" />
  <node id="31956" visible="true" version="1" lat="49.99999994372" lon="9.00361393288" />
  <node id="31957" visible="true" version="1" lat="49.9999999435" lon="9.00362090958" />
  <node id="31958" visible="true" version="1" lat="49.99999994329" lon="9.00362788629" />
  <node id="31959" visible="true" version="1" lat="49.99999994307" lon="9.00363486299" />
  <node id="31960" visible="true" version="1" lat="49.99999994285" lon="9.0036418397" />
  <node id="31961" visible="true" version="1" lat="49.99999994263" lon="9.0036488164" />
  <node id="31962" visible="true" version="1" lat="49.99999994241" lon="9.0036557931" />
  <node id="31963" visible="true" version="1" lat="49.99999994219" lon="9.00366276981" />
  <node id="31964" visible="true" version="1" lat="49.99999994197" lon="9.00366974651" />
  <node id="31965" visible="true" version="1" lat="49.99999994175" lon="9.00367672322" />
  <node id="31966" visible="true" version="1" lat="49.99999994153" lon="9.00368369992" />
  <node id="31967" visible="true" version="1" lat="49.99999994131" lon="9.00369067663" />
  <node id="31968" visible="true" version="1" lat="49.99999994108" lon="9.00369765333" />
  <node id="31969" visible="true" version="1" lat="49.99999994086" lon="9.00370463003" />
  <node id="31970" visible="true" version="1" lat="49.99999994064" lon="9.00371160674" />
  <node id="31971" visible="true" version="1" lat="49.99999994042" lon="9.00371858344" />
  <node id="31972" visible="true" version="1" lat="49.99999994019" lon="9.00372556015" />
  <node id="31973" visible="true" version="1" lat="49.99999993997" lon="9.00373253685" />
  <node id="31974" visible="true" version="1" lat="49.99999993974" lon="9.00373951356" />
  <node id="31975" visible="true" version="1" lat="49.99999993952" lon="9.00374649026" />
  <node id="31976" visible="true" version="1" lat="49.99999993929" lon="9.00375346697" />
  <node id="31977" visible="true" version="1" lat="49.99999993907" lon="9.00376044367" />
  <node id="31978" visible="true" version="1" lat="49.99999993884" lon="9.00376742037" />
  <node id="31979" visible="true" version="1" lat="49.99999993861" lon="9.00377439708" />
  <node id="31980" visible="true" version="1" lat="49.99999993839" lon="9.00378137378" />
  <node id="31981" visible="true" version="1" lat="49.99999993816" lon="9.00378835049" />
  <node id="31982" visible="true" version="1" lat="49.99999993793" lon="9.00379532719" />
  <node id="31983" visible="true" version="1" lat="49.9999999377" lon="9.0038023039" />
  <node id="31984" visible="true" version="1" lat="49.99999993747" lon="9.0038092806" />
  <node id="31985" visible="true" version="1" lat="49.99999993724" lon="9.0038162573" />
  <node id="31986" visible="true" version="1" lat="49.99999993701" lon="9.00382323401" />
  <node id="31987" visible="true" version="1" lat="49.99999993678" lon="9.00383021071" />
  <node id="31988" visible="true" version="1" lat="49.99999993655" lon="9.00383718742" />
  <node id="31989" visible="true" version="1" lat="49.99999993632" lon="9.00384416412" />
  <node id="31990" visible="true" version="1" lat="49.99999993609" lon="9.00385114083" />
  <node id="31991" visible="true" version="1" lat="49.99999993586" lon="9.00385811753" />
  <node id="31992" visible="true" version="1" lat="49.99999993563" lon="9.00386509424" />
  <node id="31993" visible="true" version="1" lat="49.9999999354" lon="9.00387207094" />
  <node id="31994" visible="true" version="1" lat="49.99999993516" lon="9.00387904764" />
  <node id="31995" visible="true" version="1" lat="49.99999993493" lon="9.00388602435" />
  <node id="31996" visible="true" version="1" lat="49.9999999347" lon="9.00389300105" />
  <node id="31997" visible="true" version="1" lat="49.99999993446" lon="9.00389997776" />
  <node id="31998" visible="true" version="1" lat="49.99999993423" lon="9.00390695446" />
  <node id="31999" visible="true" version="1" lat="49.99999993399" lon="9.00391393117" />
  <node id="32000" visible="true" version="1" lat="49.99999993376" lon="9.00392090787" />
  <node id="32001" visible="true" version="1" lat="49.99999993352" lon="9.00392788457" />
  <node id="32002" visible="true" version="1" lat="49.99999993328" lon="9.00393486128" />
  <node id="32003" visible="true" version="1" lat="49.99999993305" lon="9.00394183798" />
  <node id="32004" visible="true" version="1" lat="49.99999993281" lon="9.00394881469" />
  <node id="32005" visible="true" version="1" lat="49.99999993257" lon="9.00395579139" />
  <node id="32006" visible="true" version="1" lat="49.99999993233" lon="9.0039627681" />
  <node id="32007" visible="true" version="1" lat="49.9999999321" lon="9.0039697448" />
  <node id="32008" visible="true" version="1" lat="49.99999993186" lon="9.00397672151" />
  <node id="32009" visible="true" version="1" lat="49.99999993162" lon="9.00398369821" />
  <node id="32010" visible="true" version="1" lat="49.99999993138" lon="9.00399067491" />
  <node id="32011" visible="true" version="1" lat="49.99999993114" lon="9.00399765162" />
  <node id="32012" visible="true" version="1" lat="49.9999999309" lon="9.00400462832" />
  <node id="32013" visible="true" version="1" lat="49.99999993066" lon="9.00401160503" />
  <node id="32014" visible="true" version="1" lat="49.99999993041" lon="9.00401858173" />
  <node id="32015" visible="true" version="1" lat="49.99999993017" lon="9.00402555844" />
  <node id="32016" visible="true" version="1" lat="49.99999992993" lon="9.00403253514" />
  <node id="32017" visible="true" version="1" lat="49.99999992969" lon="9.00403951184" />
  <node id="32018" visible="true" version="1" lat="49.99999992944" lon="9.00404648855" />
  <node id="32019" visible="true" version="1" lat="49.9999999292" lon="9.00405346525" />
  <node id="32020" visible="true" version="1" lat="49.99999992896" lon="9.00406044196" />
  <node id="32021" visible="true" version="1" lat="49.99999992871" lon="9.00406741866" />
  <node id="32022" visible="true" version="1" lat="49.99999992847" lon="9.00407439537" />
  <node id="32023" visible="true" version="1" lat="49.99999992822" lon="9.00408137207" />
  <node id="32024" visible="true" version="1" lat="49.99999992798" lon="9.00408834878" />
  <node id="32025" visible="true" version="1" lat="49.99999992773" lon="9.00409532548" />
  <node id="32026" visible="true" version="1" lat="49.99999992748" lon="9.00410230218" />
  <node id="32027" visible="true" version="1" lat="49.99999992724" lon="9.00410927889" />
  <node id="32028" visible="true" version="1" lat="49.99999992699" lon="9.00411625559" />
  <node id="32029" visible="true" version="1" lat="49.99999992674" lon="9.0041232323" />
  <node id="32030" visible="true" version="1" lat="49.99999992649" lon="9.004130209" />
  <node id="32031" visible="true" version="1" lat="49.99999992625" lon="9.00413718571" />
  <node id="32032" visible="true" version="1" lat="49.999999926" lon="9.00414416241" />
  <node id="32033" visible="true" version="1" lat="49.99999992575" lon="9.00415113911" />
  <node id="32034" visible="true" version="1" lat="49.9999999255" lon="9.00415811582" />
  <node id="32035" visible="true" version="1" lat="49.99999992525" lon="9.00416509252" />
  <node id="32036" visible="true" version="1" lat="49.999999925" lon="9.00417206923" />
  <node id="32037" visible="true" version="1" lat="49.99999992475" lon="9.00417904593" />
  <node id="32038" visible="true" version="1" lat="49.99999992449" lon="9.00418602264" />
  <node id="32039" visible="true" version="1" lat="49.99999992424" lon="9.00419299934" />
  <node id="32040" visible="true" version="1" lat="49.99999992399" lon="9.00419997605" />
  <node id="32041" visible="true" version="1" lat="49.99999992374" lon="9.00420695275" />
  <node id="32042" visible="true" version="1" lat="49.99999992348" lon="9.00421392945" />
  <node id="32043" visible="true" version="1" lat="49.99999992323" lon="9.00422090616" />
  <node id="32044" visible="true" version="1" lat="49.99999992298" lon="9.00422788286" />
  <node id="32045" visible="true" version="1" lat="49.99999992272" lon="9.00423485957" />
  <node id="32046" visible="true" version="1" lat="49.99999992247" lon="9.00424183627" />
  <node id="32047" visible="true" version="1" lat="49.99999992221" lon="9.00424881298" />
  <node id="32048" visible="true" version="1" lat="49.99999992196" lon="9.00425578968" />
  <node id="32049" visible="true" version="1" lat="49.9999999217" lon="9.00426276638" />
  <node id="32050" visible="true" version="1" lat="49.99999992144" lon="9.00426974309" />
  <node id="32051" visible="true" version="1" lat="49.99999992119" lon="9.00427671979" />
  <node id="32052" visible="true" version="1" lat="49.99999992093" lon="9.0042836965" />
  <node id="32053" visible="true" version="1" lat="49.99999992067" lon="9.0042906732" />
  <node id="32054" visible="true" version="1" lat="49.99999992041" lon="9.00429764991" />
  <node id="32055" visible="true" version="1" lat="49.99999992016" lon="9.00430462661" />
  <node id="32056" visible="true" version="1" lat="49.9999999199" lon="9.00431160332" />
  <node id="32057" visible="true" version="1" lat="49.99999991964" lon="9.00431858002" />
  <node id="32058" visible="true" version="1" lat="49.99999991938" lon="9.00432555672" />
  <node id="32059" visible="true" version="1" lat="49.99999991912" lon="9.00433253343" />
  <node id="32060" visible="true" version="1" lat="49.99999991886" lon="9.00433951013" />
  <node id="32061" visible="true" version="1" lat="49.99999991859" lon="9.00434648684" />
  <node id="32062" visible="true" version="1" lat="49.99999991833" lon="9.00435346354" />
  <node id="32063" visible="true" version="1" lat="49.99999991807" lon="9.00436044025" />
  <node id="32064" visible="true" version="1" lat="49.99999991781" lon="9.00436741695" />
  <node id="32065" visible="true" version="1" lat="49.99999991755" lon="9.00437439365" />
  <node id="32066" visible="true" version="1" lat="49.99999991728" lon="9.00438137036" />
  <node id="32067" visible="true" version="1" lat="49.99999991702" lon="9.00438834706" />
  <node id="32068" visible="true" version="1" lat="49.99999991675" lon="9.00439532377" />
  <node id="32069" visible="true" version="1" lat="49.99999991649" lon="9.00440230047" />
  <node id="32070" visible="true" version="1" lat="49.99999991623" lon="9.00440927718" />
  <node id="32071" visible="true" version="1" lat="49.99999991596" lon="9.00441625388" />
  <node id="32072" visible="true" version="1" lat="49.99999991569" lon="9.00442323059" />
  <node id="32073" visible="true" version="1" lat="49.99999991543" lon="9.00443020729" />
  <node id="32074" visible="true" version="1" lat="49.99999991516" lon="9.00443718399" />
  <node id="32075" visible="true" version="1" lat="49.99999991489" lon="9.0044441607" />
  <node id="32076" visible="true" version="1" lat="49.99999991463" lon="9.0044511374" />
  <node id="32077" visible="true" version="1" lat="49.99999991436" lon="9.00445811411" />
  <node id="32078" visible="true" version="1" lat="49.99999991409" lon="9.00446509081" />
  <node id="32079" visible="true" version="1" lat="49.99999991382" lon="9.00447206752" />
  <node id="32080" visible="true" version="1" lat="49.99999991355" lon="9.00447904422" />
  <node id="32081" visible="true" version="1" lat="49.99999991328" lon="9.00448602092" />
  <node id="32082" visible="true" version="1" lat="49.99999991301" lon="9.00449299763" />
  <node id="32083" visible="true" version="1" lat="49.99999991274" lon="9.00449997433" />
  <node id="32084" visible="true" version="1" lat="49.99999991247" lon="9.00450695104" />
  <node id="32085" visible="true" version="1" lat="49.9999999122" lon="9.00451392774" />
  <node id="32086" visible="true" version="1" lat="49.99999991193" lon="9.00452090445" />
  <node id="32087" visible="true" version="1" lat="49.99999991166" lon="9.00452788115" />
  <node id="32088" visible="true" version="1" lat="49.99999991139" lon="9.00453485786" />
  <node id="32089" visible="true" version="1" lat="49.99999991111" lon="9.00454183456" />
  <node id="32090" visible="true" version="1" lat="49.99999991084" lon="9.00454881126" />
  <node id="32091" visible="true" version="1" lat="49.99999991057" lon="9.00455578797" />
  <node id="32092" visible="true" version="1" lat="49.99999991029" lon="9.00456276467" />
  <node id="32093" visible="true" version="1" lat="49.99999991002" lon="9.00456974138" />
  <node id="32094" visible="true" version="1" lat="49.99999990974" lon="9.00457671808" />
  <node id="32095" visible="true" version="1" lat="49.99999990947" lon="9.00458369479" />
  <node id="32096" visible="true" version="1" lat="49.99999990919" lon="9.00459067149" />
  <node id="32097" visible="true" version="1" lat="49.99999990891" lon="9.00459764819" />
  <node id="32098" visible="true" version="1" lat="49.99999990864" lon="9.0046046249" />
  <node id="32099" visible="true" version="1" lat="49.99999990836" lon="9.0046116016" />
  <node id="32100" visible="true" version="1" lat="49.99999990808" lon="9.00461857831" />
  <node id="32101" visible="true" version="1" lat="49.99999990781" lon="9.00462555501" />
  <node id="32102" visible="true" version="1" lat="49.99999990753" lon="9.00463253172" />
  <node id="32103" visible="true" version="1" lat="49.99999990725" lon="9.00463950842" />
  <node id="32104" visible="true" version="1" lat="49.99999990697" lon="9.00464648513" />
  <node id="32105" visible="true" version="1" lat="49.99999990669" lon="9.00465346183" />
  <node id="32106" visible="true" version="1" lat="49.99999990641" lon="9.00466043853" />
  <node id="32107" visible="true" version="1" lat="49.99999990613" lon="9.00466741524" />
  <node id="32108" visible="true" version="1" lat="49.99999990585" lon="9.00467439194" />
  <node id="32109" visible="true" version="1" lat="49.99999990557" lon="9.00468136865" />
  <node id="32110" visible="true" version="1" lat="49.99999990529" lon="9.00468834535" />
  <node id="32111" visible="true" version="1" lat="49.999999905" lon="9.00469532206" />
  <node id="32112" visible="true" version="1" lat="49.99999990472" lon="9.00470229876" />
  <node id="32113" visible="true" version="1" lat="49.99999990444" lon="9.00470927546" />
  <node id="32114" visible="true" version="1" lat="49.99999990415" lon="9.00471625217" />
  <node id="32115" visible="true" version="1" lat="49.99999990387" lon="9.00472322887" />
  <node id="32116" visible="true" version="1" lat="49.99999990359" lon="9.00473020558" />
  <node id="32117" visible="true" version="1" lat="49.9999999033" lon="9.00473718228" />
  <node id="32118" visible="true" version="1" lat="49.99999990302" lon="9.00474415899" />
  <node id="32119" visible="true" version="1" lat="49.99999990273" lon="9.00475113569" />
  <node id="32120" visible="true" version="1" lat="49.99999990245" lon="9.0047581124" />
  <node id="32121" visible="true" version="1" lat="49.99999990216" lon="9.0047650891" />
  <node id="32122" visible="true" version="1" lat="49.99999990187" lon="9.0047720658" />
  <node id="32123" visible="true" version="1" lat="49.99999990159" lon="9.00477904251" />
  <node id="32124" visible="true" version="1" lat="49.9999999013" lon="9.00478601921" />
  <node id="32125" visible="true" version="1" lat="49.99999990101" lon="9.00479299592" />
  <node id="32126" visible="true" version="1" lat="49.99999990072" lon="9.00479997262" />
  <node id="32127" visible="true" version="1" lat="49.99999990043" lon="9.00480694933" />
  <node id="32128" visible="true" version="1" lat="49.99999990014" lon="9.00481392603" />
  <node id="32129" visible="true" version="1" lat="49.99999989985" lon="9.00482090273" />
  <node id="32130" visible="true" version="1" lat="49.99999989956" lon="9.00482787944" />
  <node id="32131" visible="true" version="1" lat="49.99999989927" lon="9.00483485614" />
  <node id="32132" visible="true" version="1" lat="49.99999989898" lon="9.00484183285" />
  <node id="32133" visible="true" version="1" lat="49.99999989869" lon="9.00484880955" />
  <node id="32134" visible="true" version="1" lat="49.9999998984" lon="9.00485578626" />
  <node id="32135" visible="true" version="1" lat="49.99999989811" lon="9.00486276296" />
  <node id="32136" visible="true" version="1" lat="49.99999989781" lon="9.00486973966" />
  <node id="32137" visible="true" version="1" lat="49.99999989752" lon="9.00487671637" />
  <node id="32138" visible="true" version="1" lat="49.99999989723" lon="9.00488369307" />
  <node id="32139" visible="true" version="1" lat="49.99999989693" lon="9.00489066978" />
  <node id="32140" visible="true" version="1" lat="49.99999989664" lon="9.00489764648" />
  <node id="32141" visible="true" version="1" lat="49.99999989635" lon="9.00490462319" />
  <node id="32142" visible="true" version="1" lat="49.99999989605" lon="9.00491159989" />
  <node id="32143" visible="true" version="1" lat="49.99999989575" lon="9.0049185766" />
  <node id="32144" visible="true" version="1" lat="49.99999989546" lon="9.0049255533" />
  <node id="32145" visible="true" version="1" lat="49.99999989516" lon="9.00493253" />
  <node id="32146" visible="true" version="1" lat="49.99999989487" lon="9.00493950671" />
  <node id="32147" visible="true" version="1" lat="49.99999989457" lon="9.00494648341" />
  <node id="32148" visible="true" version="1" lat="49.99999989427" lon="9.00495346012" />
  <node id="32149" visible="true" version="1" lat="49.99999989397" lon="9.00496043682" />
  <node id="32150" visible="true" version="1" lat="49.99999989367" lon="9.00496741353" />
  <node id="32151" visible="true" version="1" lat="49.99999989338" lon="9.00497439023" />
  <node id="32152" visible="true" version="1" lat="49.99999989308" lon="9.00498136693" />
  <node id="32153" visible="true" version="1" lat="49.99999989278" lon="9.00498834364" />
  <node id="32154" visible="true" version="1" lat="49.99999989248" lon="9.00499532034" />
  <node id="32155" visible="true" version="1" lat="49.99999989218" lon="9.00500229705" />
  <node id="32156" visible="true" version="1" lat="49.99999989188" lon="9.00500927375" />
  <node id="32157" visible="true" version="1" lat="49.99999989157" lon="9.00501625046" />
  <node id="32158" visible="true" version="1" lat="49.99999989127" lon="9.00502322716" />
  <node id="32159" visible="true" version="1" lat="49.99999989097" lon="9.00503020387" />
  <node id="32160" visible="true" version="1" lat="49.99999989067" lon="9.00503718057" />
  <node id="32161" visible="true" version="1" lat="49.99999989036" lon="9.00504415727" />
  <node id="32162" visible="true" version="1" lat="49.99999989006" lon="9.00505113398" />
  <node id="32163" visible="true" version="1" lat="49.99999988976" lon="9.00505811068" />
  <node id="32164" visible="true" version="1" lat="49.99999988945" lon="9.00506508739" />
  <node id="32165" visible="true" version="1" lat="49.99999988915" lon="9.00507206409" />
  <node id="32166" visible="true" version="1" lat="49.99999988884" lon="9.0050790408" />
  <node id="32167" visible="true" version="1" lat="49.99999988854" lon="9.0050860175" />
  <node id="32168" visible="true" version="1" lat="49.99999988823" lon="9.0050929942" />
  <node id="32169" visible="true" version="1" lat="49.99999988792" lon="9.00509997091" />
  <node id="32170" visible="true" version="1" lat="49.99999988762" lon="9.00510694761" />
  <node id="32171" visible="true" version="1" lat="49.99999988731" lon="9.00511392432" />
  <node id="32172" visible="true" version="1" lat="49.999999887" lon="9.00512090102" />
  <node id="32173" visible="true" version="1" lat="49.99999988669" lon="9.00512787773" />
  <node id="32174" visible="true" version="1" lat="49.99999988639" lon="9.00513485443" />
  <node id="32175" visible="true" version="1" lat="49.99999988608" lon="9.00514183114" />
  <node id="32176" visible="true" version="1" lat="49.99999988577" lon="9.00514880784" />
  <node id="32177" visible="true" version="1" lat="49.99999988546" lon="9.00515578454" />
  <node id="32178" visible="true" version="1" lat="49.99999988515" lon="9.00516276125" />
  <node id="32179" visible="true" version="1" lat="49.99999988484" lon="9.00516973795" />
  <node id="32180" visible="true" version="1" lat="49.99999988453" lon="9.00517671466" />
  <node id="32181" visible="true" version="1" lat="49.99999988421" lon="9.00518369136" />
  <node id="32182" visible="true" version="1" lat="49.9999998839" lon="9.00519066807" />
  <node id="32183" visible="true" version="1" lat="49.99999988359" lon="9.00519764477" />
  <node id="32184" visible="true" version="1" lat="49.99999988328" lon="9.00520462147" />
  <node id="32185" visible="true" version="1" lat="49.99999988296" lon="9.00521159818" />
  <node id="32186" visible="true" version="1" lat="49.99999988265" lon="9.00521857488" />
  <node id="32187" visible="true" version="1" lat="49.99999988234" lon="9.00522555159" />
  <node id="32188" visible="true" version="1" lat="49.99999988202" lon="9.00523252829" />
  <node id="32189" visible="true" version="1" lat="49.99999988171" lon="9.005239505" />
  <node id="32190" visible="true" version="1" lat="49.99999988139" lon="9.0052464817" />
  <node id="32191" visible="true" version="1" lat="49.99999988108" lon="9.0052534584" />
  <node id="32192" visible="true" version="1" lat="49.99999988076" lon="9.00526043511" />
  <node id="32193" visible="true" version="1" lat="49.99999988044" lon="9.00526741181" />
  <node id="32194" visible="true" version="1" lat="49.99999988013" lon="9.00527438852" />
  <node id="32195" visible="true" version="1" lat="49.99999987981" lon="9.00528136522" />
  <node id="32196" visible="true" version="1" lat="49.99999987949" lon="9.00528834193" />
  <node id="32197" visible="true" version="1" lat="49.99999987917" lon="9.00529531863" />
  <node id="32198" visible="true" version="1" lat="49.99999987886" lon="9.00530229534" />
  <node id="32199" visible="true" version="1" lat="49.99999987854" lon="9.00530927204" />
  <node id="32200" visible="true" version="1" lat="49.99999987822" lon="9.00531624874" />
  <node id="32201" visible="true" version="1" lat="49.9999998779" lon="9.00532322545" />
  <node id="32202" visible="true" version="1" lat="49.99999987758" lon="9.00533020215" />
  <node id="32203" visible="true" version="1" lat="49.99999987726" lon="9.00533717886" />
  <node id="32204" visible="true" version="1" lat="49.99999987693" lon="9.00534415556" />
  <node id="32205" visible="true" version="1" lat="49.99999987661" lon="9.00535113227" />
  <node id="32206" visible="true" version="1" lat="49.99999987629" lon="9.00535810897" />
  <node id="32207" visible="true" version="1" lat="49.99999987597" lon="9.00536508567" />
  <node id="32208" visible="true" version="1" lat="49.99999987565" lon="9.00537206238" />
  <node id="32209" visible="true" version="1" lat="49.99999987532" lon="9.00537903908" />
  <node id="32210" visible="true" version="1" lat="49.999999875" lon="9.00538601579" />
  <node id="32211" visible="true" version="1" lat="49.99999987468" lon="9.00539299249" />
  <node id="32212" visible="true" version="1" lat="49.99999987435" lon="9.0053999692" />
  <node id="32213" visible="true" version="1" lat="49.99999987403" lon="9.0054069459" />
  <node id="32214" visible="true" version="1" lat="49.9999998737" lon="9.00541392261" />
  <node id="32215" visible="true" version="1" lat="49.99999987338" lon="9.00542089931" />
  <node id="32216" visible="true" version="1" lat="49.99999987305" lon="9.00542787601" />
  <node id="32217" visible="true" version="1" lat="49.99999987272" lon="9.00543485272" />
  <node id="32218" visible="true" version="1" lat="49.9999998724" lon="9.00544182942" />
  <node id="32219" visible="true" version="1" lat="49.99999987207" lon="9.00544880613" />
  <node id="32220" visible="true" version="1" lat="49.99999987174" lon="9.00545578283" />
  <node id="32221" visible="true" version="1" lat="49.99999987141" lon="9.00546275954" />
  <node id="32222" visible="true" version="1" lat="49.99999987108" lon="9.00546973624" />
  <node id="32223" visible="true" version="1" lat="49.99999987075" lon="9.00547671294" />
  <node id="32224" visible="true" version="1" lat="49.99999987042" lon="9.00548368965" />
  <node id="32225" visible="true" version="1" lat="49.99999987009" lon="9.00549066635" />
  <node id="32226" visible="true" version="1" lat="49.99999986976" lon="9.00549764306" />
  <node id="32227" visible="true" version="1" lat="49.99999986943" lon="9.00550461976" />
  <node id="32228" visible="true" version="1" lat="49.9999998691" lon="9.00551159647" />
  <node id="32229" visible="true" version="1" lat="49.99999986877" lon="9.00551857317" />
  <node id="32230" visible="true" version="1" lat="49.99999986844" lon="9.00552554987" />
  <node id="32231" visible="true" version="1" lat="49.99999986811" lon="9.00553252658" />
  <node id="32232" visible="true" version="1" lat="49.99999986777" lon="9.00553950328" />
  <node id="32233" visible="true" version="1" lat="49.99999986744" lon="9.00554647999" />
  <node id="32234" visible="true" version="1" lat="49.99999986711" lon="9.00555345669" />
  <node id="32235" visible="true" version="1" lat="49.99999986677" lon="9.0055604334" />
  <node id="32236" visible="true" version="1" lat="49.99999986644" lon="9.0055674101" />
  <node id="32237" visible="true" version="1" lat="49.9999998661" lon="9.00557438681" />
  <node id="32238" visible="true" version="1" lat="49.99999986577" lon="9.00558136351" />
  <node id="32239" visible="true" version="1" lat="49.99999986543" lon="9.00558834021" />
  <node id="32240" visible="true" version="1" lat="49.9999998651" lon="9.00559531692" />
  <node id="32241" visible="true" version="1" lat="49.99999986476" lon="9.00560229362" />
  <node id="32242" visible="true" version="1" lat="49.99999986442" lon="9.00560927033" />
  <node id="32243" visible="true" version="1" lat="49.99999986408" lon="9.00561624703" />
  <node id="32244" visible="true" version="1" lat="49.99999986375" lon="9.00562322374" />
  <node id="32245" visible="true" version="1" lat="49.99999986341" lon="9.00563020044" />
  <node id="32246" visible="true" version="1" lat="49.99999986307" lon="9.00563717714" />
  <node id="32247" visible="true" version="1" lat="49.99999986273" lon="9.00564415385" />
  <node id="32248" visible="true" version="1" lat="49.99999986239" lon="9.00565113055" />
  <node id="32249" visible="true" version="1" lat="49.99999986205" lon="9.00565810726" />
  <node id="32250" visible="true" version="1" lat="49.99999986171" lon="9.00566508396" />
  <node id="32251" visible="true" version="1" lat="49.99999986137" lon="9.00567206067" />
  <node id="32252" visible="true" version="1" lat="49.99999986103" lon="9.00567903737" />
  <node id="32253" visible="true" version="1" lat="49.99999986069" lon="9.00568601407" />
  <node id="32254" visible="true" version="1" lat="49.99999986034" lon="9.00569299078" />
  <node id="32255" visible="true" version="1" lat="49.99999986" lon="9.00569996748" />
  <node id="32256" visible="true" version="1" lat="49.99999985966" lon="9.00570694419" />
  <node id="32257" visible="true" version="1" lat="49.99999985932" lon="9.00571392089" />
  <node id="32258" visible="true" version="1" lat="49.99999985897" lon="9.0057208976" />
  <node id="32259" visible="true" version="1" lat="49.99999985863" lon="9.0057278743" />
  <node id="32260" visible="true" version="1" lat="49.99999985828" lon="9.00573485101" />
  <node id="32261" visible="true" version="1" lat="49.99999985794" lon="9.00574182771" />
  <node id="32262" visible="true" version="1" lat="49.99999985759" lon="9.00574880441" />
  <node id="32263" visible="true" version="1" lat="49.99999985725" lon="9.00575578112" />
  <node id="32264" visible="true" version="1" lat="49.9999998569" lon="9.00576275782" />
  <node id="32265" visible="true" version="1" lat="49.99999985655" lon="9.00576973453" />
  <node id="32266" visible="true" version="1" lat="49.99999985621" lon="9.00577671123" />
  <node id="32267" visible="true" version="1" lat="49.99999985586" lon="9.00578368794" />
  <node id="32268" visible="true" version="1" lat="49.99999985551" lon="9.00579066464" />
  <node id="32269" visible="true" version="1" lat="49.99999985516" lon="9.00579764134" />
  <node id="32270" visible="true" version="1" lat="49.99999985481" lon="9.00580461805" />
  <node id="32271" visible="true" version="1" lat="49.99999985447" lon="9.00581159475" />
  <node id="32272" visible="true" version="1" lat="49.99999985412" lon="9.00581857146" />
  <node id="32273" visible="true" version="1" lat="49.99999985377" lon="9.00582554816" />
  <node id="32274" visible="true" version="1" lat="49.99999985341" lon="9.00583252487" />
  <node id="32275" visible="true" version="1" lat="49.99999985306" lon="9.00583950157" />
  <node id="32276" visible="true" version="1" lat="49.99999985271" lon="9.00584647827" />
  <node id="32277" visible="true" version="1" lat="49.99999985236" lon="9.00585345498" />
  <node id="32278" visible="true" version="1" lat="49.99999985201" lon="9.00586043168" />
  <node id="32279" visible="true" version="1" lat="49.99999985166" lon="9.00586740839" />
  <node id="32280" visible="true" version="1" lat="49.9999998513" lon="9.00587438509" />
  <node id="32281" visible="true" version="1" lat="49.99999985095" lon="9.0058813618" />
  <node id="32282" visible="true" version="1" lat="49.9999998506" lon="9.0058883385" />
  <node id="32283" visible="true" version="1" lat="49.99999985024" lon="9.00589531521" />
  <node id="32284" visible="true" version="1" lat="49.99999984989" lon="9.00590229191" />
  <node id="32285" visible="true" version="1" lat="49.99999984953" lon="9.00590926861" />
  <node id="32286" visible="true" version="1" lat="49.99999984918" lon="9.00591624532" />
  <node id="32287" visible="true" version="1" lat="49.99999984882" lon="9.00592322202" />
  <node id="32288" visible="true" version="1" lat="49.99999984846" lon="9.00593019873" />
  <node id="32289" visible="true" version="1" lat="49.99999984811" lon="9.00593717543" />
  <node id="32290" visible="true" version="1" lat="49.99999984775" lon="9.00594415214" />
  <node id="32291" visible="true" version="1" lat="49.99999984739" lon="9.00595112884" />
  <node id="32292" visible="true" version="1" lat="49.99999984703" lon="9.00595810554" />
  <node id="32293" visible="true" version="1" lat="49.99999984668" lon="9.00596508225" />
  <node id="32294" visible="true" version="1" lat="49.99999984632" lon="9.00597205895" />
  <node id="32295" visible="true" version="1" lat="49.99999984596" lon="9.00597903566" />
  <node id="32296" visible="true" version="1" lat="49.9999998456" lon="9.00598601236" />
  <node id="32297" visible="true" version="1" lat="49.99999984524" lon="9.00599298907" />
  <node id="32298" visible="true" version="1" lat="49.99999984488" lon="9.00599996577" />
  <node id="32299" visible="true" version="1" lat="49.99999984452" lon="9.00600694247" />
  <node id="32300" visible="true" version="1" lat="49.99999984416" lon="9.00601391918" />
  <node id="32301" visible="true" version="1" lat="49.99999984379" lon="9.00602089588" />
  <node id="32302" visible="true" version="1" lat="49.99999984343" lon="9.00602787259" />
  <node id="32303" visible="true" version="1" lat="49.99999984307" lon="9.00603484929" />
  <node id="32304" visible="true" version="1" lat="49.99999984271" lon="9.006041826" />
  <node id="32305" visible="true" version="1" lat="49.99999984234" lon="9.0060488027" />
  <node id="32306" visible="true" version="1" lat="49.99999984198" lon="9.00605577941" />
  <node id="32307" visible="true" version="1" lat="49.99999984161" lon="9.00606275611" />
  <node id="32308" visible="true" version="1" lat="49.99999984125" lon="9.00606973281" />
  <node id="32309" visible="true" version="1" lat="49.99999984088" lon="9.00607670952" />
  <node id="32310" visible="true" version="1" lat="49.99999984052" lon="9.00608368622" />
  <node id="32311" visible="true" version="1" lat="49.99999984015" lon="9.00609066293" />
  <node id="32312" visible="true" version="1" lat="49.99999983979" lon="9.00609763963" />
  <node id="32313" visible="true" version="1" lat="49.99999983942" lon="9.00610461634" />
  <node id="32314" visible="true" version="1" lat="49.99999983905" lon="9.00611159304" />
  <node id="32315" visible="true" version="1" lat="49.99999983868" lon="9.00611856974" />
  <node id="32316" visible="true" version="1" lat="49.99999983832" lon="9.00612554645" />
  <node id="32317" visible="true" version="1" lat="49.99999983795" lon="9.00613252315" />
  <node id="32318" visible="true" version="1" lat="49.99999983758" lon="9.00613949986" />
  <node id="32319" visible="true" version="1" lat="49.99999983721" lon="9.00614647656" />
  <node id="32320" visible="true" version="1" lat="49.99999983684" lon="9.00615345327" />
  <node id="32321" visible="true" version="1" lat="49.99999983647" lon="9.00616042997" />
  <node id="32322" visible="true" version="1" lat="49.9999998361" lon="9.00616740667" />
  <node id="32323" visible="true" version="1" lat="49.99999983573" lon="9.00617438338" />
  <node id="32324" visible="true" version="1" lat="49.99999983536" lon="9.00618136008" />
  <node id="32325" visible="true" version="1" lat="49.99999983498" lon="9.00618833679" />
  <node id="32326" visible="true" version="1" lat="49.99999983461" lon="9.00619531349" />
  <node id="32327" visible="true" version="1" lat="49.99999983424" lon="9.0062022902" />
  <node id="32328" visible="true" version="1" lat="49.99999983387" lon="9.0062092669" />
  <node id="32329" visible="true" version="1" lat="49.99999983349" lon="9.0062162436" />
  <node id="32330" visible="true" version="1" lat="49.99999983312" lon="9.00622322031" />
  <node id="32331" visible="true" version="1" lat="49.99999983274" lon="9.00623019701" />
  <node id="32332" visible="true" version="1" lat="49.99999983237" lon="9.00623717372" />
  <node id="32333" visible="true" version="1" lat="49.99999983199" lon="9.00624415042" />
  <node id="32334" visible="true" version="1" lat="49.99999983162" lon="9.00625112713" />
  <node id="32335" visible="true" version="1" lat="49.99999983124" lon="9.00625810383" />
  <node id="32336" visible="true" version="1" lat="49.99999983087" lon="9.00626508054" />
  <node id="32337" visible="true" version="1" lat="49.99999983049" lon="9.00627205724" />
  <node id="32338" visible="true" version="1" lat="49.99999983011" lon="9.00627903394" />
  <node id="32339" visible="true" version="1" lat="49.99999982973" lon="9.00628601065" />
  <node id="32340" visible="true" version="1" lat="49.99999982936" lon="9.00629298735" />
  <node id="32341" visible="true" version="1" lat="49.99999982898" lon="9.00629996406" />
  <node id="32342" visible="true" version="1" lat="49.9999998286" lon="9.00630694076" />
  <node id="32343" visible="true" version="1" lat="49.99999982822" lon="9.00631391747" />
  <node id="32344" visible="true" version="1" lat="49.99999982784" lon="9.00632089417" />
  <node id="32345" visible="true" version="1" lat="49.99999982746" lon="9.00632787087" />
  <node id="32346" visible="true" version="1" lat="49.99999982708" lon="9.00633484758" />
  <node id="32347" visible="true" version="1" lat="49.9999998267" lon="9.00634182428" />
  <node id="32348" visible="true" version="1" lat="49.99999982632" lon="9.00634880099" />
  <node id="32349" visible="true" version="1" lat="49.99999982593" lon="9.00635577769" />
  <node id="32350" visible="true" version="1" lat="49.99999982555" lon="9.0063627544" />
  <node id="32351" visible="true" version="1" lat="49.99999982517" lon="9.0063697311" />
  <node id="32352" visible="true" version="1" lat="49.99999982479" lon="9.0063767078" />
  <node id="32353" visible="true" version="1" lat="49.9999998244" lon="9.00638368451" />
  <node id="32354" visible="true" version="1" lat="49.99999982402" lon="9.00639066121" />
  <node id="32355" visible="true" version="1" lat="49.99999982363" lon="9.00639763792" />
  <node id="32356" visible="true" version="1" lat="49.99999982325" lon="9.00640461462" />
  <node id="32357" visible="true" version="1" lat="49.99999982286" lon="9.00641159133" />
  <node id="32358" visible="true" version="1" lat="49.99999982248" lon="9.00641856803" />
  <node id="32359" visible="true" version="1" lat="49.99999982209" lon="9.00642554474" />
  <node id="32360" visible="true" version="1" lat="49.99999982171" lon="9.00643252144" />
  <node id="32361" visible="true" version="1" lat="49.99999982132" lon="9.00643949814" />
  <node id="32362" visible="true" version="1" lat="49.99999982093" lon="9.00644647485" />
  <node id="32363" visible="true" version="1" lat="49.99999982054" lon="9.00645345155" />
  <node id="32364" visible="true" version="1" lat="49.99999982015" lon="9.00646042826" />
  <node id="32365" visible="true" version="1" lat="49.99999981977" lon="9.00646740496" />
  <node id="32366" visible="true" version="1" lat="49.99999981938" lon="9.00647438167" />
  <node id="32367" visible="true" version="1" lat="49.99999981899" lon="9.00648135837" />
  <node id="32368" visible="true" version="1" lat="49.9999998186" lon="9.00648833507" />
  <node id="32369" visible="true" version="1" lat="49.99999981821" lon="9.00649531178" />
  <node id="32370" visible="true" version="1" lat="49.99999981782" lon="9.00650228848" />
  <node id="32371" visible="true" version="1" lat="49.99999981743" lon="9.00650926519" />
  <node id="32372" visible="true" version="1" lat="49.99999981703" lon="9.00651624189" />
  <node id="32373" visible="true" version="1" lat="49.99999981664" lon="9.0065232186" />
  <node id="32374" visible="true" version="1" lat="49.99999981625" lon="9.0065301953" />
  <node id="32375" visible="true" version="1" lat="49.99999981586" lon="9.006537172" />
  <node id="32376" visible="true" version="1" lat="49.99999981546" lon="9.00654414871" />
  <node id="32377" visible="true" version="1" lat="49.99999981507" lon="9.00655112541" />
  <node id="32378" visible="true" version="1" lat="49.99999981468" lon="9.00655810212" />
  <node id="32379" visible="true" version="1" lat="49.99999981428" lon="9.00656507882" />
  <node id="32380" visible="true" version="1" lat="49.99999981389" lon="9.00657205553" />
  <node id="32381" visible="true" version="1" lat="49.99999981349" lon="9.00657903223" />
  <node id="32382" visible="true" version="1" lat="49.99999981309" lon="9.00658600893" />
  <node id="32383" visible="true" version="1" lat="49.9999998127" lon="9.00659298564" />
  <node id="32384" visible="true" version="1" lat="49.9999998123" lon="9.00659996234" />
  <node id="32385" visible="true" version="1" lat="49.99999981191" lon="9.00660693905" />
  <node id="32386" visible="true" version="1" lat="49.99999981151" lon="9.00661391575" />
  <node id="32387" visible="true" version="1" lat="49.99999981111" lon="9.00662089246" />
  <node id="32388" visible="true" version="1" lat="49.99999981071" lon="9.00662786916" />
  <node id="32389" visible="true" version="1" lat="49.99999981031" lon="9.00663484587" />
  <node id="32390" visible="true" version="1" lat="49.99999980991" lon="9.00664182257" />
  <node id="32391" visible="true" version="1" lat="49.99999980951" lon="9.00664879927" />
  <node id="32392" visible="true" version="1" lat="49.99999980911" lon="9.00665577598" />
  <node id="32393" visible="true" version="1" lat="49.99999980871" lon="9.00666275268" />
  <node id="32394" visible="true" version="1" lat="49.99999980831" lon="9.00666972939" />
  <node id="32395" visible="true" version="1" lat="49.99999980791" lon="9.00667670609" />
  <node id="32396" visible="true" version="1" lat="49.99999980751" lon="9.0066836828" />
  <node id="32397" visible="true" version="1" lat="49.99999980711" lon="9.0066906595" />
  <node id="32398" visible="true" version="1" lat="49.99999980671" lon="9.0066976362" />
  <node id="32399" visible="true" version="1" lat="49.9999998063" lon="9.00670461291" />
  <node id="32400" visible="true" version="1" lat="49.9999998059" lon="9.00671158961" />
  <node id="32401" visible="true" version="1" lat="49.9999998055" lon="9.00671856632" />
  <node id="32402" visible="true" version="1" lat="49.99999980509" lon="9.00672554302" />
  <node id="32403" visible="true" version="1" lat="49.99999980469" lon="9.00673251973" />
  <node id="32404" visible="true" version="1" lat="49.99999980428" lon="9.00673949643" />
  <node id="32405" visible="true" version="1" lat="49.99999980388" lon="9.00674647313" />
  <node id="32406" visible="true" version="1" lat="49.99999980347" lon="9.00675344984" />
  <node id="32407" visible="true" version="1" lat="49.99999980306" lon="9.00676042654" />
  <node id="32408" visible="true" version="1" lat="49.99999980266" lon="9.00676740325" />
  <node id="32409" visible="true" version="1" lat="49.99999980225" lon="9.00677437995" />
  <node id="32410" visible="true" version="1" lat="49.99999980184" lon="9.00678135666" />
  <node id="32411" visible="true" version="1" lat="49.99999980143" lon="9.00678833336" />
  <node id="32412" visible="true" version="1" lat="49.99999980103" lon="9.00679531006" />
  <node id="32413" visible="true" version="1" lat="49.99999980062" lon="9.00680228677" />
  <node id="32414" visible="true" version="1" lat="49.99999980021" lon="9.00680926347" />
  <node id="32415" visible="true" version="1" lat="49.9999997998" lon="9.00681624018" />
  <node id="32416" visible="true" version="1" lat="49.99999979939" lon="9.00682321688" />
  <node id="32417" visible="true" version="1" lat="49.99999979898" lon="9.00683019359" />
  <node id="32418" visible="true" version="1" lat="49.99999979857" lon="9.00683717029" />
  <node id="32419" visible="true" version="1" lat="49.99999979816" lon="9.00684414699" />
  <node id="32420" visible="true" version="1" lat="49.99999979774" lon="9.0068511237" />
  <node id="32421" visible="true" version="1" lat="49.99999979733" lon="9.0068581004" />
  <node id="32422" visible="true" version="1" lat="49.99999979692" lon="9.00686507711" />
  <node id="32423" visible="true" version="1" lat="49.99999979651" lon="9.00687205381" />
  <node id="32424" visible="true" version="1" lat="49.99999979609" lon="9.00687903052" />
  <node id="32425" visible="true" version="1" lat="49.99999979568" lon="9.00688600722" />
  <node id="32426" visible="true" version="1" lat="49.99999979527" lon="9.00689298393" />
  <node id="32427" visible="true" version="1" lat="49.99999979485" lon="9.00689996063" />
  <node id="32428" visible="true" version="1" lat="49.99999979444" lon="9.00690693733" />
  <node id="32429" visible="true" version="1" lat="49.99999979402" lon="9.00691391404" />
  <node id="32430" visible="true" version="1" lat="49.9999997936" lon="9.00692089074" />
  <node id="32431" visible="true" version="1" lat="49.99999979319" lon="9.00692786745" />
  <node id="32432" visible="true" version="1" lat="49.99999979277" lon="9.00693484415" />
  <node id="32433" visible="true" version="1" lat="49.99999979235" lon="9.00694182086" />
  <node id="32434" visible="true" version="1" lat="49.99999979194" lon="9.00694879756" />
  <node id="32435" visible="true" version="1" lat="49.99999979152" lon="9.00695577426" />
  <node id="32436" visible="true" version="1" lat="49.9999997911" lon="9.00696275097" />
  <node id="32437" visible="true" version="1" lat="49.99999979068" lon="9.00696972767" />
  <node id="32438" visible="true" version="1" lat="49.99999979026" lon="9.00697670438" />
  <way id="28431" visible="true" version="1">
    <nd ref="27430" />
    <nd ref="27431" />
    <nd ref="27432" />
    <nd ref="27433" />
    <nd ref="27434" />
    <nd ref="27435" />
    <nd ref="27436" />
    <nd ref="27437" />
    <nd ref="27438" />
    <nd ref="27439" />
    <nd ref="27440" />
    <nd ref="27441" />
    <nd ref="27442" />
    <nd ref="27443" />
    <nd ref="27444" />
    <nd ref="27445" />
    <nd ref="27446" />
    <nd ref="27447" />
    <nd ref="27448" />
    <nd ref="27449" />
    <nd ref="27450" />
    <nd ref="27451" />
    <nd ref="27452" />
    <nd ref="27453" />
    <nd ref="27454" />
    <nd ref="27455" />
    <nd ref="27456" />
    <nd ref="27457" />
    <nd ref="27458" />
    <nd ref="27459" />
    <nd ref="27460" />
    <nd ref="27461" />
    <nd ref="27462" />
    <nd ref="27463" />
    <nd ref="27464" />
    <nd ref="27465" />
    <nd ref="27466" />
    <nd ref="27467" />
    <nd ref="27468" />
    <nd ref="27469" />
    <nd ref="27470" />
    <nd ref="27471" />
    <nd ref="27472" />
    <nd ref="27473" />
    <nd ref="27474" />
    <nd ref="27475" />
    <nd ref="27476" />
    <nd ref="27477" />
    <nd ref="27478" />
    <nd ref="27479" />
    <nd ref="27480" />
    <nd ref="27481" />
    <nd ref="27482" />
    <nd ref="27483" />
    <nd ref="27484" />
    <nd ref="27485" />
    <nd ref="27486" />
    <nd ref="27487" />
    <nd ref="27488" />
    <nd ref="27489" />
    <nd ref="27490" />
    <nd ref="27491" />
    <nd ref="27492" />
    <nd ref="27493" />
    <nd ref="27494" />
    <nd ref="27495" />
    <nd ref="27496" />
    <nd ref="27497" />
    <nd ref="27498" />
    <nd ref="27499" />
    <nd ref="27500" />
    <nd ref="27501" />
    <nd ref="27502" />
    <nd ref="27503" />
    <nd ref="27504" />
    <nd ref="27505" />
    <nd ref="27506" />
    <nd ref="27507" />
    <nd ref="27508" />
    <nd ref="27509" />
    <nd ref="27510" />
    <nd ref="27511" />
    <nd ref="27512" />
    <nd ref="27513" />
    <nd ref="27514" />
    <nd ref="27515" />
    <nd ref="27516" />
    <nd ref="27517" />
    <nd ref="27518" />
    <nd ref="27519" />
    <nd ref="27520" />
    <nd ref="27521" />
    <nd ref="27522" />
    <nd ref="27523" />
    <nd ref="27524" />
    <nd ref="27525" />
    <nd ref="27526" />
    <nd ref="27527" />
    <nd ref="27528" />
    <nd ref="27529" />
    <nd ref="27530" />
    <nd ref="27531" />
    <nd ref="27532" />
    <nd ref="27533" />
    <nd ref="27534" />
    <nd ref="27535" />
    <nd ref="27536" />
    <nd ref="27537" />
    <nd ref="27538" />
    <nd ref="27539" />
    <nd ref="27540" />
    <nd ref="27541" />
    <nd ref="27542" />
    <nd ref="27543" />
    <nd ref="27544" />
    <nd ref="27545" />
    <nd ref="27546" />
    <nd ref="27547" />
    <nd ref="27548" />
    <nd ref="27549" />
    <nd ref="27550" />
    <nd ref="27551" />
    <nd ref="27552" />
    <nd ref="27553" />
    <nd ref="27554" />
    <nd ref="27555" />
    <nd ref="27556" />
    <nd ref="27557" />
    <nd ref="27558" />
    <nd ref="27559" />
    <nd ref="27560" />
    <nd ref="27561" />
    <nd ref="27562" />
    <nd ref="27563" />
    <nd ref="27564" />
    <nd ref="27565" />
    <nd ref="27566" />
    <nd ref="27567" />
    <nd ref="27568" />
    <nd ref="27569" />
    <nd ref="27570" />
    <nd ref="27571" />
    <nd ref="27572" />
    <nd ref="27573" />
    <nd ref="27574" />
    <nd ref="27575" />
    <nd ref="27576" />
    <nd ref="27577" />
    <nd ref="27578" />
    <nd ref="27579" />
    <nd ref="27580" />
    <nd ref="27581" />
    <nd ref="27582" />
    <nd ref="27583" />
    <nd ref="27584" />
    <nd ref="27585" />
    <nd ref="27586" />
    <nd ref="27587" />
    <nd ref="27588" />
    <nd ref="27589" />
    <nd ref="27590" />
    <nd ref="27591" />
    <nd ref="27592" />
    <nd ref="27593" />
    <nd ref="27594" />
    <nd ref="27595" />
    <nd ref="27596" />
    <nd ref="27597" />
    <nd ref="27598" />
    <nd ref="27599" />
    <nd ref="27600" />
    <nd ref="27601" />
    <nd ref="27602" />
    <nd ref="27603" />
    <nd ref="27604" />
    <nd ref="27605" />
    <nd ref="27606" />
    <nd ref="27607" />
    <nd ref="27608" />
    <nd ref="27609" />
    <nd ref="27610" />
    <nd ref="27611" />
    <nd ref="27612" />
    <nd ref="27613" />
    <nd ref="27614" />
    <nd ref="27615" />
    <nd ref="27616" />
    <nd ref="27617" />
    <nd ref="27618" />
    <nd ref="27619" />
    <nd ref="27620" />
    <nd ref="27621" />
    <nd ref="27622" />
    <nd ref="27623" />
    <nd ref="27624" />
    <nd ref="27625" />
    <nd ref="27626" />
    <nd ref="27627" />
    <nd ref="27628" />
    <nd ref="27629" />
    <nd ref="27630" />
    <nd ref="27631" />
    <nd ref="27632" />
    <nd ref="27633" />
    <nd ref="27634" />
    <nd ref="27635" />
    <nd ref="27636" />
    <nd ref="27637" />
    <nd ref="27638" />
    <nd ref="27639" />
    <nd ref="27640" />
    <nd ref="27641" />
    <nd ref="27642" />
    <nd ref="27643" />
    <nd ref="27644" />
    <nd ref="27645" />
    <nd ref="27646" />
    <nd ref="27647" />
    <nd ref="27648" />
    <nd ref="27649" />
    <nd ref="27650" />
    <nd ref="27651" />
    <nd ref="27652" />
    <nd ref="27653" />
    <nd ref="27654" />
    <nd ref="27655" />
    <nd ref="27656" />
    <nd ref="27657" />
    <nd ref="27658" />
    <nd ref="27659" />
    <nd ref="27660" />
    <nd ref="27661" />
    <nd ref="27662" />
    <nd ref="27663" />
    <nd ref="27664" />
    <nd ref="27665" />
    <nd ref="27666" />
    <nd ref="27667" />
    <nd ref="27668" />
    <nd ref="27669" />
    <nd ref="27670" />
    <nd ref="27671" />
    <nd ref="27672" />
    <nd ref="27673" />
    <nd ref="27674" />
    <nd ref="27675" />
    <nd ref="27676" />
    <nd ref="27677" />
    <nd ref="27678" />
    <nd ref="27679" />
    <nd ref="27680" />
    <nd ref="27681" />
    <nd ref="27682" />
    <nd ref="27683" />
    <nd ref="27684" />
    <nd ref="27685" />
    <nd ref="27686" />
    <nd ref="27687" />
    <nd ref="27688" />
    <nd ref="27689" />
    <nd ref="27690" />
    <nd ref="27691" />
    <nd ref="27692" />
    <nd ref="27693" />
    <nd ref="27694" />
    <nd ref="27695" />
    <nd ref="27696" />
    <nd ref="27697" />
    <nd ref="27698" />
    <nd ref="27699" />
    <nd ref="27700" />
    <nd ref="27701" />
    <nd ref="27702" />
    <nd ref="27703" />
    <nd ref="27704" />
    <nd ref="27705" />
    <nd ref="27706" />
    <nd ref="27707" />
    <nd ref="27708" />
    <nd ref="27709" />
    <nd ref="27710" />
    <nd ref="27711" />
    <nd ref="27712" />
    <nd ref="27713" />
    <nd ref="27714" />
    <nd ref="27715" />
    <nd ref="27716" />
    <nd ref="27717" />
    <nd ref="27718" />
    <nd ref="27719" />
    <nd ref="27720" />
    <nd ref="27721" />
    <nd ref="27722" />
    <nd ref="27723" />
    <nd ref="27724" />
    <nd ref="27725" />
    <nd ref="27726" />
    <nd ref="27727" />
    <nd ref="27728" />
    <nd ref="27729" />
    <nd ref="27730" />
    <nd ref="27731" />
    <nd ref="27732" />
    <nd ref="27733" />
    <nd ref="27734" />
    <nd ref="27735" />
    <nd ref="27736" />
    <nd ref="27737" />
    <nd ref="27738" />
    <nd ref="27739" />
    <nd ref="27740" />
    <nd ref="27741" />
    <nd ref="27742" />
    <nd ref="27743" />
    <nd ref="27744" />
    <nd ref="27745" />
    <nd ref="27746" />
    <nd ref="27747" />
    <nd ref="27748" />
    <nd ref="27749" />
    <nd ref="27750" />
    <nd ref="27751" />
    <nd ref="27752" />
    <nd ref="27753" />
    <nd ref="27754" />
    <nd ref="27755" />
    <nd ref="27756" />
    <nd ref="27757" />
    <nd ref="27758" />
    <nd ref="27759" />
    <nd ref="27760" />
    <nd ref="27761" />
    <nd ref="27762" />
    <nd ref="27763" />
    <nd ref="27764" />
    <nd ref="27765" />
    <nd ref="27766" />
    <nd ref="27767" />
    <nd ref="27768" />
    <nd ref="27769" />
    <nd ref="27770" />
    <nd ref="27771" />
    <nd ref="27772" />
    <nd ref="27773" />
    <nd ref="27774" />
    <nd ref="27775" />
    <nd ref="27776" />
    <nd ref="27777" />
    <nd ref="27778" />
    <nd ref="27779" />
    <nd ref="27780" />
    <nd ref="27781" />
    <nd ref="27782" />
    <nd ref="27783" />
    <nd ref="27784" />
    <nd ref="27785" />
    <nd ref="27786" />
    <nd ref="27787" />
    <nd ref="27788" />
    <nd ref="27789" />
    <nd ref="27790" />
    <nd ref="27791" />
    <nd ref="27792" />
    <nd ref="27793" />
    <nd ref="27794" />
    <nd ref="27795" />
    <nd ref="27796" />
    <nd ref="27797" />
    <nd ref="27798" />
    <nd ref="27799" />
    <nd ref="27800" />
    <nd ref="27801" />
    <nd ref="27802" />
    <nd ref="27803" />
    <nd ref="27804" />
    <nd ref="27805" />
    <nd ref="27806" />
    <nd ref="27807" />
    <nd ref="27808" />
    <nd ref="27809" />
    <nd ref="27810" />
    <nd ref="27811" />
    <nd ref="27812" />
    <nd ref="27813" />
    <nd ref="27814" />
    <nd ref="27815" />
    <nd ref="27816" />
    <nd ref="27817" />
    <nd ref="27818" />
    <nd ref="27819" />
    <nd ref="27820" />
    <nd ref="27821" />
    <nd ref="27822" />
    <nd ref="27823" />
    <nd ref="27824" />
    <nd ref="27825" />
    <nd ref="27826" />
    <nd ref="27827" />
    <nd ref="27828" />
    <nd ref="27829" />
    <nd ref="27830" />
    <nd ref="27831" />
    <nd ref="27832" />
    <nd ref="27833" />
    <nd ref="27834" />
    <nd ref="27835" />
    <nd ref="27836" />
    <nd ref="27837" />
    <nd ref="27838" />
    <nd ref="27839" />
    <nd ref="27840" />
    <nd ref="27841" />
    <nd ref="27842" />
    <nd ref="27843" />
    <nd ref="27844" />
    <nd ref="27845" />
    <nd ref="27846" />
    <nd ref="27847" />
    <nd ref="27848" />
    <nd ref="27849" />
    <nd ref="27850" />
    <nd ref="27851" />
    <nd ref="27852" />
    <nd ref="27853" />
    <nd ref="27854" />
    <nd ref="27855" />
    <nd ref="27856" />
    <nd ref="27857" />
    <nd ref="27858" />
    <nd ref="27859" />
    <nd ref="27860" />
    <nd ref="27861" />
    <nd ref="27862" />
    <nd ref="27863" />
    <nd ref="27864" />
    <nd ref="27865" />
    <nd ref="27866" />
    <nd ref="27867" />
    <nd ref="27868" />
    <nd ref="27869" />
    <nd ref="27870" />
    <nd ref="27871" />
    <nd ref="27872" />
    <nd ref="27873" />
    <nd ref="27874" />
    <nd ref="27875" />
    <nd ref="27876" />
    <nd ref="27877" />
    <nd ref="27878" />
    <nd ref="27879" />
    <nd ref="27880" />
    <nd ref="27881" />
    <nd ref="27882" />
    <nd ref="27883" />
    <nd ref="27884" />
    <nd ref="27885" />
    <nd ref="27886" />
    <nd ref="27887" />
    <nd ref="27888" />
    <nd ref="27889" />
    <nd ref="27890" />
    <nd ref="27891" />
    <nd ref="27892" />
    <nd ref="27893" />
    <nd ref="27894" />
    <nd ref="27895" />
    <nd ref="27896" />
    <nd ref="27897" />
    <nd ref="27898" />
    <nd ref="27899" />
    <nd ref="27900" />
    <nd ref="27901" />
    <nd ref="27902" />
    <nd ref="27903" />
    <nd ref="27904" />
    <nd ref="27905" />
    <nd ref="27906" />
    <nd ref="27907" />
    <nd ref="27908" />
    <nd ref="27909" />
    <nd ref="27910" />
    <nd ref="27911" />
    <nd ref="27912" />
    <nd ref="27913" />
    <nd ref="27914" />
    <nd ref="27915" />
    <nd ref="27916" />
    <nd ref="27917" />
    <nd ref="27918" />
    <nd ref="27919" />
    <nd ref="27920" />
    <nd ref="27921" />
    <nd ref="27922" />
    <nd ref="27923" />
    <nd ref="27924" />
    <nd ref="27925" />
    <nd ref="27926" />
    <nd ref="27927" />
    <nd ref="27928" />
    <nd ref="27929" />
    <nd ref="27930" />
    <nd ref="27931" />
    <nd ref="27932" />
    <nd ref="27933" />
    <nd ref="27934" />
    <nd ref="27935" />
    <nd ref="27936" />
    <nd ref="27937" />
    <nd ref="27938" />
    <nd ref="27939" />
    <nd ref="27940" />
    <nd ref="27941" />
    <nd ref="27942" />
    <nd ref="27943" />
    <nd ref="27944" />
    <nd ref="27945" />
    <nd ref="27946" />
    <nd ref="27947" />
    <nd ref="27948" />
    <nd ref="27949" />
    <nd ref="27950" />
    <nd ref="27951" />
    <nd ref="27952" />
    <nd ref="27953" />
    <nd ref="27954" />
    <nd ref="27955" />
    <nd ref="27956" />
    <nd ref="27957" />
    <nd ref="27958" />
    <nd ref="27959" />
    <nd ref="27960" />
    <nd ref="27961" />
    <nd ref="27962" />
    <nd ref="27963" />
    <nd ref="27964" />
    <nd ref="27965" />
    <nd ref="27966" />
    <nd ref="27967" />
    <nd ref="27968" />
    <nd ref="27969" />
    <nd ref="27970" />
    <nd ref="27971" />
    <nd ref="27972" />
    <nd ref="27973" />
    <nd ref="27974" />
    <nd ref="27975" />
    <nd ref="27976" />
    <nd ref="27977" />
    <nd ref="27978" />
    <nd ref="27979" />
    <nd ref="27980" />
    <nd ref="27981" />
    <nd ref="27982" />
    <nd ref="27983" />
    <nd ref="27984" />
    <nd ref="27985" />
    <nd ref="27986" />
    <nd ref="27987" />
    <nd ref="27988" />
    <nd ref="27989" />
    <nd ref="27990" />
    <nd ref="27991" />
    <nd ref="27992" />
    <nd ref="27993" />
    <nd ref="27994" />
    <nd ref="27995" />
    <nd ref="27996" />
    <nd ref="27997" />
    <nd ref="27998" />
    <nd ref="27999" />
    <nd ref="28000" />
    <nd ref="28001" />
    <nd ref="28002" />
    <nd ref="28003" />
    <nd ref="28004" />
    <nd ref="28005" />
    <nd ref="28006" />
    <nd ref="28007" />
    <nd ref="28008" />
    <nd ref="28009" />
    <nd ref="28010" />
    <nd ref="28011" />
    <nd ref="28012" />
    <nd ref="28013" />
    <nd ref="28014" />
    <nd ref="28015" />
    <nd ref="28016" />
    <nd ref="28017" />
    <nd ref="28018" />
    <nd ref="28019" />
    <nd ref="28020" />
    <nd ref="28021" />
    <nd ref="28022" />
    <nd ref="28023" />
    <nd ref="28024" />
    <nd ref="28025" />
    <nd ref="28026" />
    <nd ref="28027" />
    <nd ref="28028" />
    <nd ref="28029" />
    <nd ref="28030" />
    <nd ref="28031" />
    <nd ref="28032" />
    <nd ref="28033" />
    <nd ref="28034" />
    <nd ref="28035" />
    <nd ref="28036" />
    <nd ref="28037" />
    <nd ref="28038" />
    <nd ref="28039" />
    <nd ref="28040" />
    <nd ref="28041" />
    <nd ref="28042" />
    <nd ref="28043" />
    <nd ref="28044" />
    <nd ref="28045" />
    <nd ref="28046" />
    <nd ref="28047" />
    <nd ref="28048" />
    <nd ref="28049" />
    <nd ref="28050" />
    <nd ref="28051" />
    <nd ref="28052" />
    <nd ref="28053" />
    <nd ref="28054" />
    <nd ref="28055" />
    <nd ref="28056" />
    <nd ref="28057" />
    <nd ref="28058" />
    <nd ref="28059" />
    <nd ref="28060" />
    <nd ref="28061" />
    <nd ref="28062" />
    <nd ref="28063" />
    <nd ref="28064" />
    <nd ref="28065" />
    <nd ref="28066" />
    <nd ref="28067" />
    <nd ref="28068" />
    <nd ref="28069" />
    <nd ref="28070" />
    <nd ref="28071" />
    <nd ref="28072" />
    <nd ref="28073" />
    <nd ref="28074" />
    <nd ref="28075" />
    <nd ref="28076" />
    <nd ref="28077" />
    <nd ref="28078" />
    <nd ref="28079" />
    <nd ref="28080" />
    <nd ref="28081" />
    <nd ref="28082" />
    <nd ref="28083" />
    <nd ref="28084" />
    <nd ref="28085" />
    <nd ref="28086" />
    <nd ref="28087" />
    <nd ref="28088" />
    <nd ref="28089" />
    <nd ref="28090" />
    <nd ref="28091" />
    <nd ref="28092" />
    <nd ref="28093" />
    <nd ref="28094" />
    <nd ref="28095" />
    <nd ref="28096" />
    <nd ref="28097" />
    <nd ref="28098" />
    <nd ref="28099" />
    <nd ref="28100" />
    <nd ref="28101" />
    <nd ref="28102" />
    <nd ref="28103" />
    <nd ref="28104" />
    <nd ref="28105" />
    <nd ref="28106" />
    <nd ref="28107" />
    <nd ref="28108" />
    <nd ref="28109" />
    <nd ref="28110" />
    <nd ref="28111" />
    <nd ref="28112" />
    <nd ref="28113" />
    <nd ref="28114" />
    <nd ref="28115" />
    <nd ref="28116" />
    <nd ref="28117" />
    <nd ref="28118" />
    <nd ref="28119" />
    <nd ref="28120" />
    <nd ref="28121" />
    <nd ref="28122" />
    <nd ref="28123" />
    <nd ref="28124" />
    <nd ref="28125" />
    <nd ref="28126" />
    <nd ref="28127" />
    <nd ref="28128" />
    <nd ref="28129" />
    <nd ref="28130" />
    <nd ref="28131" />
    <nd ref="28132" />
    <nd ref="28133" />
    <nd ref="28134" />
    <nd ref="28135" />
    <nd ref="28136" />
    <nd ref="28137" />
    <nd ref="28138" />
    <nd ref="28139" />
    <nd ref="28140" />
    <nd ref="28141" />
    <nd ref="28142" />
    <nd ref="28143" />
    <nd ref="28144" />
    <nd ref="28145" />
    <nd ref="28146" />
    <nd ref="28147" />
    <nd ref="28148" />
    <nd ref="28149" />
    <nd ref="28150" />
    <nd ref="28151" />
    <nd ref="28152" />
    <nd ref="28153" />
    <nd ref="28154" />
    <nd ref="28155" />
    <nd ref="28156" />
    <nd ref="28157" />
    <nd ref="28158" />
    <nd ref="28159" />
    <nd ref="28160" />
    <nd ref="28161" />
    <nd ref="28162" />
    <nd ref="28163" />
    <nd ref="28164" />
    <nd ref="28165" />
    <nd ref="28166" />
    <nd ref="28167" />
    <nd ref="28168" />
    <nd ref="28169" />
    <nd ref="28170" />
    <nd ref="28171" />
    <nd ref="28172" />
    <nd ref="28173" />
    <nd ref="28174" />
    <nd ref="28175" />
    <nd ref="28176" />
    <nd ref="28177" />
    <nd ref="28178" />
    <nd ref="28179" />
    <nd ref="28180" />
    <nd ref="28181" />
    <nd ref="28182" />
    <nd ref="28183" />
    <nd ref="28184" />
    <nd ref="28185" />
    <nd ref="28186" />
    <nd ref="28187" />
    <nd ref="28188" />
    <nd ref="28189" />
    <nd ref="28190" />
    <nd ref="28191" />
    <nd ref="28192" />
    <nd ref="28193" />
    <nd ref="28194" />
    <nd ref="28195" />
    <nd ref="28196" />
    <nd ref="28197" />
    <nd ref="28198" />
    <nd ref="28199" />
    <nd ref="28200" />
    <nd ref="28201" />
    <nd ref="28202" />
    <nd ref="28203" />
    <nd ref="28204" />
    <nd ref="28205" />
    <nd ref="28206" />
    <nd ref="28207" />
    <nd ref="28208" />
    <nd ref="28209" />
    <nd ref="28210" />
    <nd ref="28211" />
    <nd ref="28212" />
    <nd ref="28213" />
    <nd ref="28214" />
    <nd ref="28215" />
    <nd ref="28216" />
    <nd ref="28217" />
    <nd ref="28218" />
    <nd ref="28219" />
    <nd ref="28220" />
    <nd ref="28221" />
    <nd ref="28222" />
    <nd ref="28223" />
    <nd ref="28224" />
    <nd ref="28225" />
    <nd ref="28226" />
    <nd ref="28227" />
    <nd ref="28228" />
    <nd ref="28229" />
    <nd ref="28230" />
    <nd ref="28231" />
    <nd ref="28232" />
    <nd ref="28233" />
    <nd ref="28234" />
    <nd ref="28235" />
    <nd ref="28236" />
    <nd ref="28237" />
    <nd ref="28238" />
    <nd ref="28239" />
    <nd ref="28240" />
    <nd ref="28241" />
    <nd ref="28242" />
    <nd ref="28243" />
    <nd ref="28244" />
    <nd ref="28245" />
    <nd ref="28246" />
    <nd ref="28247" />
    <nd ref="28248" />
    <nd ref="28249" />
    <nd ref="28250" />
    <nd ref="28251" />
    <nd ref="28252" />
    <nd ref="28253" />
    <nd ref="28254" />
    <nd ref="28255" />
    <nd ref="28256" />
    <nd ref="28257" />
    <nd ref="28258" />
    <nd ref="28259" />
    <nd ref="28260" />
    <nd ref="28261" />
    <nd ref="28262" />
    <nd ref="28263" />
    <nd ref="28264" />
    <nd ref="28265" />
    <nd ref="28266" />
    <nd ref="28267" />
    <nd ref="28268" />
    <nd ref="28269" />
    <nd ref="28270" />
    <nd ref="28271" />
    <nd ref="28272" />
    <nd ref="28273" />
    <nd ref="28274" />
    <nd ref="28275" />
    <nd ref="28276" />
    <nd ref="28277" />
    <nd ref="28278" />
    <nd ref="28279" />
    <nd ref="28280" />
    <nd ref="28281" />
    <nd ref="28282" />
    <nd ref="28283" />
    <nd ref="28284" />
    <nd ref="28285" />
    <nd ref="28286" />
    <nd ref="28287" />
    <nd ref="28288" />
    <nd ref="28289" />
    <nd ref="28290" />
    <nd ref="28291" />
    <nd ref="28292" />
    <nd ref="28293" />
    <nd ref="28294" />
    <nd ref="28295" />
    <nd ref="28296" />
    <nd ref="28297" />
    <nd ref="28298" />
    <nd ref="28299" />
    <nd ref="28300" />
    <nd ref="28301" />
    <nd ref="28302" />
    <nd ref="28303" />
    <nd ref="28304" />
    <nd ref="28305" />
    <nd ref="28306" />
    <nd ref="28307" />
    <nd ref="28308" />
    <nd ref="28309" />
    <nd ref="28310" />
    <nd ref="28311" />
    <nd ref="28312" />
    <nd ref="28313" />
    <nd ref="28314" />
    <nd ref="28315" />
    <nd ref="28316" />
    <nd ref="28317" />
    <nd ref="28318" />
    <nd ref="28319" />
    <nd ref="28320" />
    <nd ref="28321" />
    <nd ref="28322" />
    <nd ref="28323" />
    <nd ref="28324" />
    <nd ref="28325" />
    <nd ref="28326" />
    <nd ref="28327" />
    <nd ref="28328" />
    <nd ref="28329" />
    <nd ref="28330" />
    <nd ref="28331" />
    <nd ref="28332" />
    <nd ref="28333" />
    <nd ref="28334" />
    <nd ref="28335" />
    <nd ref="28336" />
    <nd ref="28337" />
    <nd ref="28338" />
    <nd ref="28339" />
    <nd ref="28340" />
    <nd ref="28341" />
    <nd ref="28342" />
    <nd ref="28343" />
    <nd ref="28344" />
    <nd ref="28345" />
    <nd ref="28346" />
    <nd ref="28347" />
    <nd ref="28348" />
    <nd ref="28349" />
    <nd ref="28350" />
    <nd ref="28351" />
    <nd ref="28352" />
    <nd ref="28353" />
    <nd ref="28354" />
    <nd ref="28355" />
    <nd ref="28356" />
    <nd ref="28357" />
    <nd ref="28358" />
    <nd ref="28359" />
    <nd ref="28360" />
    <nd ref="28361" />
    <nd ref="28362" />
    <nd ref="28363" />
    <nd ref="28364" />
    <nd ref="28365" />
    <nd ref="28366" />
    <nd ref="28367" />
    <nd ref="28368" />
    <nd ref="28369" />
    <nd ref="28370" />
    <nd ref="28371" />
    <nd ref="28372" />
    <nd ref="28373" />
    <nd ref="28374" />
    <nd ref="28375" />
    <nd ref="28376" />
    <nd ref="28377" />
    <nd ref="28378" />
    <nd ref="28379" />
    <nd ref="28380" />
    <nd ref="28381" />
    <nd ref="28382" />
    <nd ref="28383" />
    <nd ref="28384" />
    <nd ref="28385" />
    <nd ref="28386" />
    <nd ref="28387" />
    <nd ref="28388" />
    <nd ref="28389" />
    <nd ref="28390" />
    <nd ref="28391" />
    <nd ref="28392" />
    <nd ref="28393" />
    <nd ref="28394" />
    <nd ref="28395" />
    <nd ref="28396" />
    <nd ref="28397" />
    <nd ref="28398" />
    <nd ref="28399" />
    <nd ref="28400" />
    <nd ref="28401" />
    <nd ref="28402" />
    <nd ref="28403" />
    <nd ref="28404" />
    <nd ref="28405" />
    <nd ref="28406" />
    <nd ref="28407" />
    <nd ref="28408" />
    <nd ref="28409" />
    <nd ref="28410" />
    <nd ref="28411" />
    <nd ref="28412" />
    <nd ref="28413" />
    <nd ref="28414" />
    <nd ref="28415" />
    <nd ref="28416" />
    <nd ref="28417" />
    <nd ref="28418" />
    <nd ref="28419" />
    <nd ref="28420" />
    <nd ref="28421" />
    <nd ref="28422" />
    <nd ref="28423" />
    <nd ref="28424" />
    <nd ref="28425" />
    <nd ref="28426" />
    <nd ref="28427" />
    <nd ref="28428" />
    <nd ref="28429" />
    <nd ref="28430" />
    <tag k="subtype" v="solid" />
    <tag k="type" v="line_thin" />
  </way>
  <way id="29433" visible="true" version="1">
    <nd ref="28432" />
    <nd ref="28433" />
    <nd ref="28434" />
    <nd ref="28435" />
    <nd ref="28436" />
    <nd ref="28437" />
    <nd ref="28438" />
    <nd ref="28439" />
    <nd ref="28440" />
    <nd ref="28441" />
    <nd ref="28442" />
    <nd ref="28443" />
    <nd ref="28444" />
    <nd ref="28445" />
    <nd ref="28446" />
    <nd ref="28447" />
    <nd ref="28448" />
    <nd ref="28449" />
    <nd ref="28450" />
    <nd ref="28451" />
    <nd ref="28452" />
    <nd ref="28453" />
    <nd ref="28454" />
    <nd ref="28455" />
    <nd ref="28456" />
    <nd ref="28457" />
    <nd ref="28458" />
    <nd ref="28459" />
    <nd ref="28460" />
    <nd ref="28461" />
    <nd ref="28462" />
    <nd ref="28463" />
    <nd ref="28464" />
    <nd ref="28465" />
    <nd ref="28466" />
    <nd ref="28467" />
    <nd ref="28468" />
    <nd ref="28469" />
    <nd ref="28470" />
    <nd ref="28471" />
    <nd ref="28472" />
    <nd ref="28473" />
    <nd ref="28474" />
    <nd ref="28475" />
    <nd ref="28476" />
    <nd ref="28477" />
    <nd ref="28478" />
    <nd ref="28479" />
    <nd ref="28480" />
    <nd ref="28481" />
    <nd ref="28482" />
    <nd ref="28483" />
    <nd ref="28484" />
    <nd ref="28485" />
    <nd ref="28486" />
    <nd ref="28487" />
    <nd ref="28488" />
    <nd ref="28489" />
    <nd ref="28490" />
    <nd ref="28491" />
    <nd ref="28492" />
    <nd ref="28493" />
    <nd ref="28494" />
    <nd ref="28495" />
    <nd ref="28496" />
    <nd ref="28497" />
    <nd ref="28498" />
    <nd ref="28499" />
    <nd ref="28500" />
    <nd ref="28501" />
    <nd ref="28502" />
    <nd ref="28503" />
    <nd ref="28504" />
    <nd ref="28505" />
    <nd ref="28506" />
    <nd ref="28507" />
    <nd ref="28508" />
    <nd ref="28509" />
    <nd ref="28510" />
    <nd ref="28511" />
    <nd ref="28512" />
    <nd ref="28513" />
    <nd ref="28514" />
    <nd ref="28515" />
    <nd ref="28516" />
    <nd ref="28517" />
    <nd ref="28518" />
    <nd ref="28519" />
    <nd ref="28520" />
    <nd ref="28521" />
    <nd ref="28522" />
    <nd ref="28523" />
    <nd ref="28524" />
    <nd ref="28525" />
    <nd ref="28526" />
    <nd ref="28527" />
    <nd ref="28528" />
    <nd ref="28529" />
    <nd ref="28530" />
    <nd ref="28531" />
    <nd ref="28532" />
    <nd ref="28533" />
    <nd ref="28534" />
    <nd ref="28535" />
    <nd ref="28536" />
    <nd ref="28537" />
    <nd ref="28538" />
    <nd ref="28539" />
    <nd ref="28540" />
    <nd ref="28541" />
    <nd ref="28542" />
    <nd ref="28543" />
    <nd ref="28544" />
    <nd ref="28545" />
    <nd ref="28546" />
    <nd ref="28547" />
    <nd ref="28548" />
    <nd ref="28549" />
    <nd ref="28550" />
    <nd ref="28551" />
    <nd ref="28552" />
    <nd ref="28553" />
    <nd ref="28554" />
    <nd ref="28555" />
    <nd ref="28556" />
    <nd ref="28557" />
    <nd ref="28558" />
    <nd ref="28559" />
    <nd ref="28560" />
    <nd ref="28561" />
    <nd ref="28562" />
    <nd ref="28563" />
    <nd ref="28564" />
    <nd ref="28565" />
    <nd ref="28566" />
    <nd ref="28567" />
    <nd ref="28568" />
    <nd ref="28569" />
    <nd ref="28570" />
    <nd ref="28571" />
    <nd ref="28572" />
    <nd ref="28573" />
    <nd ref="28574" />
    <nd ref="28575" />
    <nd ref="28576" />
    <nd ref="28577" />
    <nd ref="28578" />
    <nd ref="28579" />
    <nd ref="28580" />
    <nd ref="28581" />
    <nd ref="28582" />
    <nd ref="28583" />
    <nd ref="28584" />
    <nd ref="28585" />
    <nd ref="28586" />
    <nd ref="28587" />
    <nd ref="28588" />
    <nd ref="28589" />
    <nd ref="28590" />
    <nd ref="28591" />
    <nd ref="28592" />
    <nd ref="28593" />
    <nd ref="28594" />
    <nd ref="28595" />
    <nd ref="28596" />
    <nd ref="28597" />
    <nd ref="28598" />
    <nd ref="28599" />
    <nd ref="28600" />
    <nd ref="28601" />
    <nd ref="28602" />
    <nd ref="28603" />
    <nd ref="28604" />
    <nd ref="28605" />
    <nd ref="28606" />
    <nd ref="28607" />
    <nd ref="28608" />
    <nd ref="28609" />
    <nd ref="28610" />
    <nd ref="28611" />
    <nd ref="28612" />
    <nd ref="28613" />
    <nd ref="28614" />
    <nd ref="28615" />
    <nd ref="28616" />
    <nd ref="28617" />
    <nd ref="28618" />
    <nd ref="28619" />
    <nd ref="28620" />
    <nd ref="28621" />
    <nd ref="28622" />
    <nd ref="28623" />
    <nd ref="28624" />
    <nd ref="28625" />
    <nd ref="28626" />
    <nd ref="28627" />
    <nd ref="28628" />
    <nd ref="28629" />
    <nd ref="28630" />
    <nd ref="28631" />
    <nd ref="28632" />
    <nd ref="28633" />
    <nd ref="28634" />
    <nd ref="28635" />
    <nd ref="28636" />
    <nd ref="28637" />
    <nd ref="28638" />
    <nd ref="28639" />
    <nd ref="28640" />
    <nd ref="28641" />
    <nd ref="28642" />
    <nd ref="28643" />
    <nd ref="28644" />
    <nd ref="28645" />
    <nd ref="28646" />
    <nd ref="28647" />
    <nd ref="28648" />
    <nd ref="28649" />
    <nd ref="28650" />
    <nd ref="28651" />
    <nd ref="28652" />
    <nd ref="28653" />
    <nd ref="28654" />
    <nd ref="28655" />
    <nd ref="28656" />
    <nd ref="28657" />
    <nd ref="28658" />
    <nd ref="28659" />
    <nd ref="28660" />
    <nd ref="28661" />
    <nd ref="28662" />
    <nd ref="28663" />
    <nd ref="28664" />
    <nd ref="28665" />
    <nd ref="28666" />
    <nd ref="28667" />
    <nd ref="28668" />
    <nd ref="28669" />
    <nd ref="28670" />
    <nd ref="28671" />
    <nd ref="28672" />
    <nd ref="28673" />
    <nd ref="28674" />
    <nd ref="28675" />
    <nd ref="28676" />
    <nd ref="28677" />
    <nd ref="28678" />
    <nd ref="28679" />
    <nd ref="28680" />
    <nd ref="28681" />
    <nd ref="28682" />
    <nd ref="28683" />
    <nd ref="28684" />
    <nd ref="28685" />
    <nd ref="28686" />
    <nd ref="28687" />
    <nd ref="28688" />
    <nd ref="28689" />
    <nd ref="28690" />
    <nd ref="28691" />
    <nd ref="28692" />
    <nd ref="28693" />
    <nd ref="28694" />
    <nd ref="28695" />
    <nd ref="28696" />
    <nd ref="28697" />
    <nd ref="28698" />
    <nd ref="28699" />
    <nd ref="28700" />
    <nd ref="28701" />
    <nd ref="28702" />
    <nd ref="28703" />
    <nd ref="28704" />
    <nd ref="28705" />
    <nd ref="28706" />
    <nd ref="28707" />
    <nd ref="28708" />
    <nd ref="28709" />
    <nd ref="28710" />
    <nd ref="28711" />
    <nd ref="28712" />
    <nd ref="28713" />
    <nd ref="28714" />
    <nd ref="28715" />
    <nd ref="28716" />
    <nd ref="28717" />
    <nd ref="28718" />
    <nd ref="28719" />
    <nd ref="28720" />
    <nd ref="28721" />
    <nd ref="28722" />
    <nd ref="28723" />
    <nd ref="28724" />
    <nd ref="28725" />
    <nd ref="28726" />
    <nd ref="28727" />
    <nd ref="28728" />
    <nd ref="28729" />
    <nd ref="28730" />
    <nd ref="28731" />
    <nd ref="28732" />
    <nd ref="28733" />
    <nd ref="28734" />
    <nd ref="28735" />
    <nd ref="28736" />
    <nd ref="28737" />
    <nd ref="28738" />
    <nd ref="28739" />
    <nd ref="28740" />
    <nd ref="28741" />
    <nd ref="28742" />
    <nd ref="28743" />
    <nd ref="28744" />
    <nd ref="28745" />
    <nd ref="28746" />
    <nd ref="28747" />
    <nd ref="28748" />
    <nd ref="28749" />
    <nd ref="28750" />
    <nd ref="28751" />
    <nd ref="28752" />
    <nd ref="28753" />
    <nd ref="28754" />
    <nd ref="28755" />
    <nd ref="28756" />
    <nd ref="28757" />
    <nd ref="28758" />
    <nd ref="28759" />
    <nd ref="28760" />
    <nd ref="28761" />
    <nd ref="28762" />
    <nd ref="28763" />
    <nd ref="28764" />
    <nd ref="28765" />
    <nd ref="28766" />
    <nd ref="28767" />
    <nd ref="28768" />
    <nd ref="28769" />
    <nd ref="28770" />
    <nd ref="28771" />
    <nd ref="28772" />
    <nd ref="28773" />
    <nd ref="28774" />
    <nd ref="28775" />
    <nd ref="28776" />
    <nd ref="28777" />
    <nd ref="28778" />
    <nd ref="28779" />
    <nd ref="28780" />
    <nd ref="28781" />
    <nd ref="28782" />
    <nd ref="28783" />
    <nd ref="28784" />
    <nd ref="28785" />
    <nd ref="28786" />
    <nd ref="28787" />
    <nd ref="28788" />
    <nd ref="28789" />
    <nd ref="28790" />
    <nd ref="28791" />
    <nd ref="28792" />
    <nd ref="28793" />
    <nd ref="28794" />
    <nd ref="28795" />
    <nd ref="28796" />
    <nd ref="28797" />
    <nd ref="28798" />
    <nd ref="28799" />
    <nd ref="28800" />
    <nd ref="28801" />
    <nd ref="28802" />
    <nd ref="28803" />
    <nd ref="28804" />
    <nd ref="28805" />
    <nd ref="28806" />
    <nd ref="28807" />
    <nd ref="28808" />
    <nd ref="28809" />
    <nd ref="28810" />
    <nd ref="28811" />
    <nd ref="28812" />
    <nd ref="28813" />
    <nd ref="28814" />
    <nd ref="28815" />
    <nd ref="28816" />
    <nd ref="28817" />
    <nd ref="28818" />
    <nd ref="28819" />
    <nd ref="28820" />
    <nd ref="28821" />
    <nd ref="28822" />
    <nd ref="28823" />
    <nd ref="28824" />
    <nd ref="28825" />
    <nd ref="28826" />
    <nd ref="28827" />
    <nd ref="28828" />
    <nd ref="28829" />
    <nd ref="28830" />
    <nd ref="28831" />
    <nd ref="28832" />
    <nd ref="28833" />
    <nd ref="28834" />
    <nd ref="28835" />
    <nd ref="28836" />
    <nd ref="28837" />
    <nd ref="28838" />
    <nd ref="28839" />
    <nd ref="28840" />
    <nd ref="28841" />
    <nd ref="28842" />
    <nd ref="28843" />
    <nd ref="28844" />
    <nd ref="28845" />
    <nd ref="28846" />
    <nd ref="28847" />
    <nd ref="28848" />
    <nd ref="28849" />
    <nd ref="28850" />
    <nd ref="28851" />
    <nd ref="28852" />
    <nd ref="28853" />
    <nd ref="28854" />
    <nd ref="28855" />
    <nd ref="28856" />
    <nd ref="28857" />
    <nd ref="28858" />
    <nd ref="28859" />
    <nd ref="28860" />
    <nd ref="28861" />
    <nd ref="28862" />
    <nd ref="28863" />
    <nd ref="28864" />
    <nd ref="28865" />
    <nd ref="28866" />
    <nd ref="28867" />
    <nd ref="28868" />
    <nd ref="28869" />
    <nd ref="28870" />
    <nd ref="28871" />
    <nd ref="28872" />
    <nd ref="28873" />
    <nd ref="28874" />
    <nd ref="28875" />
    <nd ref="28876" />
    <nd ref="28877" />
    <nd ref="28878" />
    <nd ref="28879" />
    <nd ref="28880" />
    <nd ref="28881" />
    <nd ref="28882" />
    <nd ref="28883" />
    <nd ref="28884" />
    <nd ref="28885" />
    <nd ref="28886" />
    <nd ref="28887" />
    <nd ref="28888" />
    <nd ref="28889" />
    <nd ref="28890" />
    <nd ref="28891" />
    <nd ref="28892" />
    <nd ref="28893" />
    <nd ref="28894" />
    <nd ref="28895" />
    <nd ref="28896" />
    <nd ref="28897" />
    <nd ref="28898" />
    <nd ref="28899" />
    <nd ref="28900" />
    <nd ref="28901" />
    <nd ref="28902" />
    <nd ref="28903" />
    <nd ref="28904" />
    <nd ref="28905" />
    <nd ref="28906" />
    <nd ref="28907" />
    <nd ref="28908" />
    <nd ref="28909" />
    <nd ref="28910" />
    <nd ref="28911" />
    <nd ref="28912" />
    <nd ref="28913" />
    <nd ref="28914" />
    <nd ref="28915" />
    <nd ref="28916" />
    <nd ref="28917" />
    <nd ref="28918" />
    <nd ref="28919" />
    <nd ref="28920" />
    <nd ref="28921" />
    <nd ref="28922" />
    <nd ref="28923" />
    <nd ref="28924" />
    <nd ref="28925" />
    <nd ref="28926" />
    <nd ref="28927" />
    <nd ref="28928" />
    <nd ref="28929" />
    <nd ref="28930" />
    <nd ref="28931" />
    <nd ref="28932" />
    <nd ref="28933" />
    <nd ref="28934" />
    <nd ref="28935" />
    <nd ref="28936" />
    <nd ref="28937" />
    <nd ref="28938" />
    <nd ref="28939" />
    <nd ref="28940" />
    <nd ref="28941" />
    <nd ref="28942" />
    <nd ref="28943" />
    <nd ref="28944" />
    <nd ref="28945" />
    <nd ref="28946" />
    <nd ref="28947" />
    <nd ref="28948" />
    <nd ref="28949" />
    <nd ref="28950" />
    <nd ref="28951" />
    <nd ref="28952" />
    <nd ref="28953" />
    <nd ref="28954" />
    <nd ref="28955" />
    <nd ref="28956" />
    <nd ref="28957" />
    <nd ref="28958" />
    <nd ref="28959" />
    <nd ref="28960" />
    <nd ref="28961" />
    <nd ref="28962" />
    <nd ref="28963" />
    <nd ref="28964" />
    <nd ref="28965" />
    <nd ref="28966" />
    <nd ref="28967" />
    <nd ref="28968" />
    <nd ref="28969" />
    <nd ref="28970" />
    <nd ref="28971" />
    <nd ref="28972" />
    <nd ref="28973" />
    <nd ref="28974" />
    <nd ref="28975" />
    <nd ref="28976" />
    <nd ref="28977" />
    <nd ref="28978" />
    <nd ref="28979" />
    <nd ref="28980" />
    <nd ref="28981" />
    <nd ref="28982" />
    <nd ref="28983" />
    <nd ref="28984" />
    <nd ref="28985" />
    <nd ref="28986" />
    <nd ref="28987" />
    <nd ref="28988" />
    <nd ref="28989" />
    <nd ref="28990" />
    <nd ref="28991" />
    <nd ref="28992" />
    <nd ref="28993" />
    <nd ref="28994" />
    <nd ref="28995" />
    <nd ref="28996" />
    <nd ref="28997" />
    <nd ref="28998" />
    <nd ref="28999" />
    <nd ref="29000" />
    <nd ref="29001" />
    <nd ref="29002" />
    <nd ref="29003" />
    <nd ref="29004" />
    <nd ref="29005" />
    <nd ref="29006" />
    <nd ref="29007" />
    <nd ref="29008" />
    <nd ref="29009" />
    <nd ref="29010" />
    <nd ref="29011" />
    <nd ref="29012" />
    <nd ref="29013" />
    <nd ref="29014" />
    <nd ref="29015" />
    <nd ref="29016" />
    <nd ref="29017" />
    <nd ref="29018" />
    <nd ref="29019" />
    <nd ref="29020" />
    <nd ref="29021" />
    <nd ref="29022" />
    <nd ref="29023" />
    <nd ref="29024" />
    <nd ref="29025" />
    <nd ref="29026" />
    <nd ref="29027" />
    <nd ref="29028" />
    <nd ref="29029" />
    <nd ref="29030" />
    <nd ref="29031" />
    <nd ref="29032" />
    <nd ref="29033" />
    <nd ref="29034" />
    <nd ref="29035" />
    <nd ref="29036" />
    <nd ref="29037" />
    <nd ref="29038" />
    <nd ref="29039" />
    <nd ref="29040" />
    <nd ref="29041" />
    <nd ref="29042" />
    <nd ref="29043" />
    <nd ref="29044" />
    <nd ref="29045" />
    <nd ref="29046" />
    <nd ref="29047" />
    <nd ref="29048" />
    <nd ref="29049" />
    <nd ref="29050" />
    <nd ref="29051" />
    <nd ref="29052" />
    <nd ref="29053" />
    <nd ref="29054" />
    <nd ref="29055" />
    <nd ref="29056" />
    <nd ref="29057" />
    <nd ref="29058" />
    <nd ref="29059" />
    <nd ref="29060" />
    <nd ref="29061" />
    <nd ref="29062" />
    <nd ref="29063" />
    <nd ref="29064" />
    <nd ref="29065" />
    <nd ref="29066" />
    <nd ref="29067" />
    <nd ref="29068" />
    <nd ref="29069" />
    <nd ref="29070" />
    <nd ref="29071" />
    <nd ref="29072" />
    <nd ref="29073" />
    <nd ref="29074" />
    <nd ref="29075" />
    <nd ref="29076" />
    <nd ref="29077" />
    <nd ref="29078" />
    <nd ref="29079" />
    <nd ref="29080" />
    <nd ref="29081" />
    <nd ref="29082" />
    <nd ref="29083" />
    <nd ref="29084" />
    <nd ref="29085" />
    <nd ref="29086" />
    <nd ref="29087" />
    <nd ref="29088" />
    <nd ref="29089" />
    <nd ref="29090" />
    <nd ref="29091" />
    <nd ref="29092" />
    <nd ref="29093" />
    <nd ref="29094" />
    <nd ref="29095" />
    <nd ref="29096" />
    <nd ref="29097" />
    <nd ref="29098" />
    <nd ref="29099" />
    <nd ref="29100" />
    <nd ref="29101" />
    <nd ref="29102" />
    <nd ref="29103" />
    <nd ref="29104" />
    <nd ref="29105" />
    <nd ref="29106" />
    <nd ref="29107" />
    <nd ref="29108" />
    <nd ref="29109" />
    <nd ref="29110" />
    <nd ref="29111" />
    <nd ref="29112" />
    <nd ref="29113" />
    <nd ref="29114" />
    <nd ref="29115" />
    <nd ref="29116" />
    <nd ref="29117" />
    <nd ref="29118" />
    <nd ref="29119" />
    <nd ref="29120" />
    <nd ref="29121" />
    <nd ref="29122" />
    <nd ref="29123" />
    <nd ref="29124" />
    <nd ref="29125" />
    <nd ref="29126" />
    <nd ref="29127" />
    <nd ref="29128" />
    <nd ref="29129" />
    <nd ref="29130" />
    <nd ref="29131" />
    <nd ref="29132" />
    <nd ref="29133" />
    <nd ref="29134" />
    <nd ref="29135" />
    <nd ref="29136" />
    <nd ref="29137" />
    <nd ref="29138" />
    <nd ref="29139" />
    <nd ref="29140" />
    <nd ref="29141" />
    <nd ref="29142" />
    <nd ref="29143" />
    <nd ref="29144" />
    <nd ref="29145" />
    <nd ref="29146" />
    <nd ref="29147" />
    <nd ref="29148" />
    <nd ref="29149" />
    <nd ref="29150" />
    <nd ref="29151" />
    <nd ref="29152" />
    <nd ref="29153" />
    <nd ref="29154" />
    <nd ref="29155" />
    <nd ref="29156" />
    <nd ref="29157" />
    <nd ref="29158" />
    <nd ref="29159" />
    <nd ref="29160" />
    <nd ref="29161" />
    <nd ref="29162" />
    <nd ref="29163" />
    <nd ref="29164" />
    <nd ref="29165" />
    <nd ref="29166" />
    <nd ref="29167" />
    <nd ref="29168" />
    <nd ref="29169" />
    <nd ref="29170" />
    <nd ref="29171" />
    <nd ref="29172" />
    <nd ref="29173" />
    <nd ref="29174" />
    <nd ref="29175" />
    <nd ref="29176" />
    <nd ref="29177" />
    <nd ref="29178" />
    <nd ref="29179" />
    <nd ref="29180" />
    <nd ref="29181" />
    <nd ref="29182" />
    <nd ref="29183" />
    <nd ref="29184" />
    <nd ref="29185" />
    <nd ref="29186" />
    <nd ref="29187" />
    <nd ref="29188" />
    <nd ref="29189" />
    <nd ref="29190" />
    <nd ref="29191" />
    <nd ref="29192" />
    <nd ref="29193" />
    <nd ref="29194" />
    <nd ref="29195" />
    <nd ref="29196" />
    <nd ref="29197" />
    <nd ref="29198" />
    <nd ref="29199" />
    <nd ref="29200" />
    <nd ref="29201" />
    <nd ref="29202" />
    <nd ref="29203" />
    <nd ref="29204" />
    <nd ref="29205" />
    <nd ref="29206" />
    <nd ref="29207" />
    <nd ref="29208" />
    <nd ref="29209" />
    <nd ref="29210" />
    <nd ref="29211" />
    <nd ref="29212" />
    <nd ref="29213" />
    <nd ref="29214" />
    <nd ref="29215" />
    <nd ref="29216" />
    <nd ref="29217" />
    <nd ref="29218" />
    <nd ref="29219" />
    <nd ref="29220" />
    <nd ref="29221" />
    <nd ref="29222" />
    <nd ref="29223" />
    <nd ref="29224" />
    <nd ref="29225" />
    <nd ref="29226" />
    <nd ref="29227" />
    <nd ref="29228" />
    <nd ref="29229" />
    <nd ref="29230" />
    <nd ref="29231" />
    <nd ref="29232" />
    <nd ref="29233" />
    <nd ref="29234" />
    <nd ref="29235" />
    <nd ref="29236" />
    <nd ref="29237" />
    <nd ref="29238" />
    <nd ref="29239" />
    <nd ref="29240" />
    <nd ref="29241" />
    <nd ref="29242" />
    <nd ref="29243" />
    <nd ref="29244" />
    <nd ref="29245" />
    <nd ref="29246" />
    <nd ref="29247" />
    <nd ref="29248" />
    <nd ref="29249" />
    <nd ref="29250" />
    <nd ref="29251" />
    <nd ref="29252" />
    <nd ref="29253" />
    <nd ref="29254" />
    <nd ref="29255" />
    <nd ref="29256" />
    <nd ref="29257" />
    <nd ref="29258" />
    <nd ref="29259" />
    <nd ref="29260" />
    <nd ref="29261" />
    <nd ref="29262" />
    <nd ref="29263" />
    <nd ref="29264" />
    <nd ref="29265" />
    <nd ref="29266" />
    <nd ref="29267" />
    <nd ref="29268" />
    <nd ref="29269" />
    <nd ref="29270" />
    <nd ref="29271" />
    <nd ref="29272" />
    <nd ref="29273" />
    <nd ref="29274" />
    <nd ref="29275" />
    <nd ref="29276" />
    <nd ref="29277" />
    <nd ref="29278" />
    <nd ref="29279" />
    <nd ref="29280" />
    <nd ref="29281" />
    <nd ref="29282" />
    <nd ref="29283" />
    <nd ref="29284" />
    <nd ref="29285" />
    <nd ref="29286" />
    <nd ref="29287" />
    <nd ref="29288" />
    <nd ref="29289" />
    <nd ref="29290" />
    <nd ref="29291" />
    <nd ref="29292" />
    <nd ref="29293" />
    <nd ref="29294" />
    <nd ref="29295" />
    <nd ref="29296" />
    <nd ref="29297" />
    <nd ref="29298" />
    <nd ref="29299" />
    <nd ref="29300" />
    <nd ref="29301" />
    <nd ref="29302" />
    <nd ref="29303" />
    <nd ref="29304" />
    <nd ref="29305" />
    <nd ref="29306" />
    <nd ref="29307" />
    <nd ref="29308" />
    <nd ref="29309" />
    <nd ref="29310" />
    <nd ref="29311" />
    <nd ref="29312" />
    <nd ref="29313" />
    <nd ref="29314" />
    <nd ref="29315" />
    <nd ref="29316" />
    <nd ref="29317" />
    <nd ref="29318" />
    <nd ref="29319" />
    <nd ref="29320" />
    <nd ref="29321" />
    <nd ref="29322" />
    <nd ref="29323" />
    <nd ref="29324" />
    <nd ref="29325" />
    <nd ref="29326" />
    <nd ref="29327" />
    <nd ref="29328" />
    <nd ref="29329" />
    <nd ref="29330" />
    <nd ref="29331" />
    <nd ref="29332" />
    <nd ref="29333" />
    <nd ref="29334" />
    <nd ref="29335" />
    <nd ref="29336" />
    <nd ref="29337" />
    <nd ref="29338" />
    <nd ref="29339" />
    <nd ref="29340" />
    <nd ref="29341" />
    <nd ref="29342" />
    <nd ref="29343" />
    <nd ref="29344" />
    <nd ref="29345" />
    <nd ref="29346" />
    <nd ref="29347" />
    <nd ref="29348" />
    <nd ref="29349" />
    <nd ref="29350" />
    <nd ref="29351" />
    <nd ref="29352" />
    <nd ref="29353" />
    <nd ref="29354" />
    <nd ref="29355" />
    <nd ref="29356" />
    <nd ref="29357" />
    <nd ref="29358" />
    <nd ref="29359" />
    <nd ref="29360" />
    <nd ref="29361" />
    <nd ref="29362" />
    <nd ref="29363" />
    <nd ref="29364" />
    <nd ref="29365" />
    <nd ref="29366" />
    <nd ref="29367" />
    <nd ref="29368" />
    <nd ref="29369" />
    <nd ref="29370" />
    <nd ref="29371" />
    <nd ref="29372" />
    <nd ref="29373" />
    <nd ref="29374" />
    <nd ref="29375" />
    <nd ref="29376" />
    <nd ref="29377" />
    <nd ref="29378" />
    <nd ref="29379" />
    <nd ref="29380" />
    <nd ref="29381" />
    <nd ref="29382" />
    <nd ref="29383" />
    <nd ref="29384" />
    <nd ref="29385" />
    <nd ref="29386" />
    <nd ref="29387" />
    <nd ref="29388" />
    <nd ref="29389" />
    <nd ref="29390" />
    <nd ref="29391" />
    <nd ref="29392" />
    <nd ref="29393" />
    <nd ref="29394" />
    <nd ref="29395" />
    <nd ref="29396" />
    <nd ref="29397" />
    <nd ref="29398" />
    <nd ref="29399" />
    <nd ref="29400" />
    <nd ref="29401" />
    <nd ref="29402" />
    <nd ref="29403" />
    <nd ref="29404" />
    <nd ref="29405" />
    <nd ref="29406" />
    <nd ref="29407" />
    <nd ref="29408" />
    <nd ref="29409" />
    <nd ref="29410" />
    <nd ref="29411" />
    <nd ref="29412" />
    <nd ref="29413" />
    <nd ref="29414" />
    <nd ref="29415" />
    <nd ref="29416" />
    <nd ref="29417" />
    <nd ref="29418" />
    <nd ref="29419" />
    <nd ref="29420" />
    <nd ref="29421" />
    <nd ref="29422" />
    <nd ref="29423" />
    <nd ref="29424" />
    <nd ref="29425" />
    <nd ref="29426" />
    <nd ref="29427" />
    <nd ref="29428" />
    <nd ref="29429" />
    <nd ref="29430" />
    <nd ref="29431" />
    <nd ref="29432" />
  </way>
  <way id="30435" visible="true" version="1">
    <nd ref="29434" />
    <nd ref="29435" />
    <nd ref="29436" />
    <nd ref="29437" />
    <nd ref="29438" />
    <nd ref="29439" />
    <nd ref="29440" />
    <nd ref="29441" />
    <nd ref="29442" />
    <nd ref="29443" />
    <nd ref="29444" />
    <nd ref="29445" />
    <nd ref="29446" />
    <nd ref="29447" />
    <nd ref="29448" />
    <nd ref="29449" />
    <nd ref="29450" />
    <nd ref="29451" />
    <nd ref="29452" />
    <nd ref="29453" />
    <nd ref="29454" />
    <nd ref="29455" />
    <nd ref="29456" />
    <nd ref="29457" />
    <nd ref="29458" />
    <nd ref="29459" />
    <nd ref="29460" />
    <nd ref="29461" />
    <nd ref="29462" />
    <nd ref="29463" />
    <nd ref="29464" />
    <nd ref="29465" />
    <nd ref="29466" />
    <nd ref="29467" />
    <nd ref="29468" />
    <nd ref="29469" />
    <nd ref="29470" />
    <nd ref="29471" />
    <nd ref="29472" />
    <nd ref="29473" />
    <nd ref="29474" />
    <nd ref="29475" />
    <nd ref="29476" />
    <nd ref="29477" />
    <nd ref="29478" />
    <nd ref="29479" />
    <nd ref="29480" />
    <nd ref="29481" />
    <nd ref="29482" />
    <nd ref="29483" />
    <nd ref="29484" />
    <nd ref="29485" />
    <nd ref="29486" />
    <nd ref="29487" />
    <nd ref="29488" />
    <nd ref="29489" />
    <nd ref="29490" />
    <nd ref="29491" />
    <nd ref="29492" />
    <nd ref="29493" />
    <nd ref="29494" />
    <nd ref="29495" />
    <nd ref="29496" />
    <nd ref="29497" />
    <nd ref="29498" />
    <nd ref="29499" />
    <nd ref="29500" />
    <nd ref="29501" />
    <nd ref="29502" />
    <nd ref="29503" />
    <nd ref="29504" />
    <nd ref="29505" />
    <nd ref="29506" />
    <nd ref="29507" />
    <nd ref="29508" />
    <nd ref="29509" />
    <nd ref="29510" />
    <nd ref="29511" />
    <nd ref="29512" />
    <nd ref="29513" />
    <nd ref="29514" />
    <nd ref="29515" />
    <nd ref="29516" />
    <nd ref="29517" />
    <nd ref="29518" />
    <nd ref="29519" />
    <nd ref="29520" />
    <nd ref="29521" />
    <nd ref="29522" />
    <nd ref="29523" />
    <nd ref="29524" />
    <nd ref="29525" />
    <nd ref="29526" />
    <nd ref="29527" />
    <nd ref="29528" />
    <nd ref="29529" />
    <nd ref="29530" />
    <nd ref="29531" />
    <nd ref="29532" />
    <nd ref="29533" />
    <nd ref="29534" />
    <nd ref="29535" />
    <nd ref="29536" />
    <nd ref="29537" />
    <nd ref="29538" />
    <nd ref="29539" />
    <nd ref="29540" />
    <nd ref="29541" />
    <nd ref="29542" />
    <nd ref="29543" />
    <nd ref="29544" />
    <nd ref="29545" />
    <nd ref="29546" />
    <nd ref="29547" />
    <nd ref="29548" />
    <nd ref="29549" />
    <nd ref="29550" />
    <nd ref="29551" />
    <nd ref="29552" />
    <nd ref="29553" />
    <nd ref="29554" />
    <nd ref="29555" />
    <nd ref="29556" />
    <nd ref="29557" />
    <nd ref="29558" />
    <nd ref="29559" />
    <nd ref="29560" />
    <nd ref="29561" />
    <nd ref="29562" />
    <nd ref="29563" />
    <nd ref="29564" />
    <nd ref="29565" />
    <nd ref="29566" />
    <nd ref="29567" />
    <nd ref="29568" />
    <nd ref="29569" />
    <nd ref="29570" />
    <nd ref="29571" />
    <nd ref="29572" />
    <nd ref="29573" />
    <nd ref="29574" />
    <nd ref="29575" />
    <nd ref="29576" />
    <nd ref="29577" />
    <nd ref="29578" />
    <nd ref="29579" />
    <nd ref="29580" />
    <nd ref="29581" />
    <nd ref="29582" />
    <nd ref="29583" />
    <nd ref="29584" />
    <nd ref="29585" />
    <nd ref="29586" />
    <nd ref="29587" />
    <nd ref="29588" />
    <nd ref="29589" />
    <nd ref="29590" />
    <nd ref="29591" />
    <nd ref="29592" />
    <nd ref="29593" />
    <nd ref="29594" />
    <nd ref="29595" />
    <nd ref="29596" />
    <nd ref="29597" />
    <nd ref="29598" />
    <nd ref="29599" />
    <nd ref="29600" />
    <nd ref="29601" />
    <nd ref="29602" />
    <nd ref="29603" />
    <nd ref="29604" />
    <nd ref="29605" />
    <nd ref="29606" />
    <nd ref="29607" />
    <nd ref="29608" />
    <nd ref="29609" />
    <nd ref="29610" />
    <nd ref="29611" />
    <nd ref="29612" />
    <nd ref="29613" />
    <nd ref="29614" />
    <nd ref="29615" />
    <nd ref="29616" />
    <nd ref="29617" />
    <nd ref="29618" />
    <nd ref="29619" />
    <nd ref="29620" />
    <nd ref="29621" />
    <nd ref="29622" />
    <nd ref="29623" />
    <nd ref="29624" />
    <nd ref="29625" />
    <nd ref="29626" />
    <nd ref="29627" />
    <nd ref="29628" />
    <nd ref="29629" />
    <nd ref="29630" />
    <nd ref="29631" />
    <nd ref="29632" />
    <nd ref="29633" />
    <nd ref="29634" />
    <nd ref="29635" />
    <nd ref="29636" />
    <nd ref="29637" />
    <nd ref="29638" />
    <nd ref="29639" />
    <nd ref="29640" />
    <nd ref="29641" />
    <nd ref="29642" />
    <nd ref="29643" />
    <nd ref="29644" />
    <nd ref="29645" />
    <nd ref="29646" />
    <nd ref="29647" />
    <nd ref="29648" />
    <nd ref="29649" />
    <nd ref="29650" />
    <nd ref="29651" />
    <nd ref="29652" />
    <nd ref="29653" />
    <nd ref="29654" />
    <nd ref="29655" />
    <nd ref="29656" />
    <nd ref="29657" />
    <nd ref="29658" />
    <nd ref="29659" />
    <nd ref="29660" />
    <nd ref="29661" />
    <nd ref="29662" />
    <nd ref="29663" />
    <nd ref="29664" />
    <nd ref="29665" />
    <nd ref="29666" />
    <nd ref="29667" />
    <nd ref="29668" />
    <nd ref="29669" />
    <nd ref="29670" />
    <nd ref="29671" />
    <nd ref="29672" />
    <nd ref="29673" />
    <nd ref="29674" />
    <nd ref="29675" />
    <nd ref="29676" />
    <nd ref="29677" />
    <nd ref="29678" />
    <nd ref="29679" />
    <nd ref="29680" />
    <nd ref="29681" />
    <nd ref="29682" />
    <nd ref="29683" />
    <nd ref="29684" />
    <nd ref="29685" />
    <nd ref="29686" />
    <nd ref="29687" />
    <nd ref="29688" />
    <nd ref="29689" />
    <nd ref="29690" />
    <nd ref="29691" />
    <nd ref="29692" />
    <nd ref="29693" />
    <nd ref="29694" />
    <nd ref="29695" />
    <nd ref="29696" />
    <nd ref="29697" />
    <nd ref="29698" />
    <nd ref="29699" />
    <nd ref="29700" />
    <nd ref="29701" />
    <nd ref="29702" />
    <nd ref="29703" />
    <nd ref="29704" />
    <nd ref="29705" />
    <nd ref="29706" />
    <nd ref="29707" />
    <nd ref="29708" />
    <nd ref="29709" />
    <nd ref="29710" />
    <nd ref="29711" />
    <nd ref="29712" />
    <nd ref="29713" />
    <nd ref="29714" />
    <nd ref="29715" />
    <nd ref="29716" />
    <nd ref="29717" />
    <nd ref="29718" />
    <nd ref="29719" />
    <nd ref="29720" />
    <nd ref="29721" />
    <nd ref="29722" />
    <nd ref="29723" />
    <nd ref="29724" />
    <nd ref="29725" />
    <nd ref="29726" />
    <nd ref="29727" />
    <nd ref="29728" />
    <nd ref="29729" />
    <nd ref="29730" />
    <nd ref="29731" />
    <nd ref="29732" />
    <nd ref="29733" />
    <nd ref="29734" />
    <nd ref="29735" />
    <nd ref="29736" />
    <nd ref="29737" />
    <nd ref="29738" />
    <nd ref="29739" />
    <nd ref="29740" />
    <nd ref="29741" />
    <nd ref="29742" />
    <nd ref="29743" />
    <nd ref="29744" />
    <nd ref="29745" />
    <nd ref="29746" />
    <nd ref="29747" />
    <nd ref="29748" />
    <nd ref="29749" />
    <nd ref="29750" />
    <nd ref="29751" />
    <nd ref="29752" />
    <nd ref="29753" />
    <nd ref="29754" />
    <nd ref="29755" />
    <nd ref="29756" />
    <nd ref="29757" />
    <nd ref="29758" />
    <nd ref="29759" />
    <nd ref="29760" />
    <nd ref="29761" />
    <nd ref="29762" />
    <nd ref="29763" />
    <nd ref="29764" />
    <nd ref="29765" />
    <nd ref="29766" />
    <nd ref="29767" />
    <nd ref="29768" />
    <nd ref="29769" />
    <nd ref="29770" />
    <nd ref="29771" />
    <nd ref="29772" />
    <nd ref="29773" />
    <nd ref="29774" />
    <nd ref="29775" />
    <nd ref="29776" />
    <nd ref="29777" />
    <nd ref="29778" />
    <nd ref="29779" />
    <nd ref="29780" />
    <nd ref="29781" />
    <nd ref="29782" />
    <nd ref="29783" />
    <nd ref="29784" />
    <nd ref="29785" />
    <nd ref="29786" />
    <nd ref="29787" />
    <nd ref="29788" />
    <nd ref="29789" />
    <nd ref="29790" />
    <nd ref="29791" />
    <nd ref="29792" />
    <nd ref="29793" />
    <nd ref="29794" />
    <nd ref="29795" />
    <nd ref="29796" />
    <nd ref="29797" />
    <nd ref="29798" />
    <nd ref="29799" />
    <nd ref="29800" />
    <nd ref="29801" />
    <nd ref="29802" />
    <nd ref="29803" />
    <nd ref="29804" />
    <nd ref="29805" />
    <nd ref="29806" />
    <nd ref="29807" />
    <nd ref="29808" />
    <nd ref="29809" />
    <nd ref="29810" />
    <nd ref="29811" />
    <nd ref="29812" />
    <nd ref="29813" />
    <nd ref="29814" />
    <nd ref="29815" />
    <nd ref="29816" />
    <nd ref="29817" />
    <nd ref="29818" />
    <nd ref="29819" />
    <nd ref="29820" />
    <nd ref="29821" />
    <nd ref="29822" />
    <nd ref="29823" />
    <nd ref="29824" />
    <nd ref="29825" />
    <nd ref="29826" />
    <nd ref="29827" />
    <nd ref="29828" />
    <nd ref="29829" />
    <nd ref="29830" />
    <nd ref="29831" />
    <nd ref="29832" />
    <nd ref="29833" />
    <nd ref="29834" />
    <nd ref="29835" />
    <nd ref="29836" />
    <nd ref="29837" />
    <nd ref="29838" />
    <nd ref="29839" />
    <nd ref="29840" />
    <nd ref="29841" />
    <nd ref="29842" />
    <nd ref="29843" />
    <nd ref="29844" />
    <nd ref="29845" />
    <nd ref="29846" />
    <nd ref="29847" />
    <nd ref="29848" />
    <nd ref="29849" />
    <nd ref="29850" />
    <nd ref="29851" />
    <nd ref="29852" />
    <nd ref="29853" />
    <nd ref="29854" />
    <nd ref="29855" />
    <nd ref="29856" />
    <nd ref="29857" />
    <nd ref="29858" />
    <nd ref="29859" />
    <nd ref="29860" />
    <nd ref="29861" />
    <nd ref="29862" />
    <nd ref="29863" />
    <nd ref="29864" />
    <nd ref="29865" />
    <nd ref="29866" />
    <nd ref="29867" />
    <nd ref="29868" />
    <nd ref="29869" />
    <nd ref="29870" />
    <nd ref="29871" />
    <nd ref="29872" />
    <nd ref="29873" />
    <nd ref="29874" />
    <nd ref="29875" />
    <nd ref="29876" />
    <nd ref="29877" />
    <nd ref="29878" />
    <nd ref="29879" />
    <nd ref="29880" />
    <nd ref="29881" />
    <nd ref="29882" />
    <nd ref="29883" />
    <nd ref="29884" />
    <nd ref="29885" />
    <nd ref="29886" />
    <nd ref="29887" />
    <nd ref="29888" />
    <nd ref="29889" />
    <nd ref="29890" />
    <nd ref="29891" />
    <nd ref="29892" />
    <nd ref="29893" />
    <nd ref="29894" />
    <nd ref="29895" />
    <nd ref="29896" />
    <nd ref="29897" />
    <nd ref="29898" />
    <nd ref="29899" />
    <nd ref="29900" />
    <nd ref="29901" />
    <nd ref="29902" />
    <nd ref="29903" />
    <nd ref="29904" />
    <nd ref="29905" />
    <nd ref="29906" />
    <nd ref="29907" />
    <nd ref="29908" />
    <nd ref="29909" />
    <nd ref="29910" />
    <nd ref="29911" />
    <nd ref="29912" />
    <nd ref="29913" />
    <nd ref="29914" />
    <nd ref="29915" />
    <nd ref="29916" />
    <nd ref="29917" />
    <nd ref="29918" />
    <nd ref="29919" />
    <nd ref="29920" />
    <nd ref="29921" />
    <nd ref="29922" />
    <nd ref="29923" />
    <nd ref="29924" />
    <nd ref="29925" />
    <nd ref="29926" />
    <nd ref="29927" />
    <nd ref="29928" />
    <nd ref="29929" />
    <nd ref="29930" />
    <nd ref="29931" />
    <nd ref="29932" />
    <nd ref="29933" />
    <nd ref="29934" />
    <nd ref="29935" />
    <nd ref="29936" />
    <nd ref="29937" />
    <nd ref="29938" />
    <nd ref="29939" />
    <nd ref="29940" />
    <nd ref="29941" />
    <nd ref="29942" />
    <nd ref="29943" />
    <nd ref="29944" />
    <nd ref="29945" />
    <nd ref="29946" />
    <nd ref="29947" />
    <nd ref="29948" />
    <nd ref="29949" />
    <nd ref="29950" />
    <nd ref="29951" />
    <nd ref="29952" />
    <nd ref="29953" />
    <nd ref="29954" />
    <nd ref="29955" />
    <nd ref="29956" />
    <nd ref="29957" />
    <nd ref="29958" />
    <nd ref="29959" />
    <nd ref="29960" />
    <nd ref="29961" />
    <nd ref="29962" />
    <nd ref="29963" />
    <nd ref="29964" />
    <nd ref="29965" />
    <nd ref="29966" />
    <nd ref="29967" />
    <nd ref="29968" />
    <nd ref="29969" />
    <nd ref="29970" />
    <nd ref="29971" />
    <nd ref="29972" />
    <nd ref="29973" />
    <nd ref="29974" />
    <nd ref="29975" />
    <nd ref="29976" />
    <nd ref="29977" />
    <nd ref="29978" />
    <nd ref="29979" />
    <nd ref="29980" />
    <nd ref="29981" />
    <nd ref="29982" />
    <nd ref="29983" />
    <nd ref="29984" />
    <nd ref="29985" />
    <nd ref="29986" />
    <nd ref="29987" />
    <nd ref="29988" />
    <nd ref="29989" />
    <nd ref="29990" />
    <nd ref="29991" />
    <nd ref="29992" />
    <nd ref="29993" />
    <nd ref="29994" />
    <nd ref="29995" />
    <nd ref="29996" />
    <nd ref="29997" />
    <nd ref="29998" />
    <nd ref="29999" />
    <nd ref="30000" />
    <nd ref="30001" />
    <nd ref="30002" />
    <nd ref="30003" />
    <nd ref="30004" />
    <nd ref="30005" />
    <nd ref="30006" />
    <nd ref="30007" />
    <nd ref="30008" />
    <nd ref="30009" />
    <nd ref="30010" />
    <nd ref="30011" />
    <nd ref="30012" />
    <nd ref="30013" />
    <nd ref="30014" />
    <nd ref="30015" />
    <nd ref="30016" />
    <nd ref="30017" />
    <nd ref="30018" />
    <nd ref="30019" />
    <nd ref="30020" />
    <nd ref="30021" />
    <nd ref="30022" />
    <nd ref="30023" />
    <nd ref="30024" />
    <nd ref="30025" />
    <nd ref="30026" />
    <nd ref="30027" />
    <nd ref="30028" />
    <nd ref="30029" />
    <nd ref="30030" />
    <nd ref="30031" />
    <nd ref="30032" />
    <nd ref="30033" />
    <nd ref="30034" />
    <nd ref="30035" />
    <nd ref="30036" />
    <nd ref="30037" />
    <nd ref="30038" />
    <nd ref="30039" />
    <nd ref="30040" />
    <nd ref="30041" />
    <nd ref="30042" />
    <nd ref="30043" />
    <nd ref="30044" />
    <nd ref="30045" />
    <nd ref="30046" />
    <nd ref="30047" />
    <nd ref="30048" />
    <nd ref="30049" />
    <nd ref="30050" />
    <nd ref="30051" />
    <nd ref="30052" />
    <nd ref="30053" />
    <nd ref="30054" />
    <nd ref="30055" />
    <nd ref="30056" />
    <nd ref="30057" />
    <nd ref="30058" />
    <nd ref="30059" />
    <nd ref="30060" />
    <nd ref="30061" />
    <nd ref="30062" />
    <nd ref="30063" />
    <nd ref="30064" />
    <nd ref="30065" />
    <nd ref="30066" />
    <nd ref="30067" />
    <nd ref="30068" />
    <nd ref="30069" />
    <nd ref="30070" />
    <nd ref="30071" />
    <nd ref="30072" />
    <nd ref="30073" />
    <nd ref="30074" />
    <nd ref="30075" />
    <nd ref="30076" />
    <nd ref="30077" />
    <nd ref="30078" />
    <nd ref="30079" />
    <nd ref="30080" />
    <nd ref="30081" />
    <nd ref="30082" />
    <nd ref="30083" />
    <nd ref="30084" />
    <nd ref="30085" />
    <nd ref="30086" />
    <nd ref="30087" />
    <nd ref="30088" />
    <nd ref="30089" />
    <nd ref="30090" />
    <nd ref="30091" />
    <nd ref="30092" />
    <nd ref="30093" />
    <nd ref="30094" />
    <nd ref="30095" />
    <nd ref="30096" />
    <nd ref="30097" />
    <nd ref="30098" />
    <nd ref="30099" />
    <nd ref="30100" />
    <nd ref="30101" />
    <nd ref="30102" />
    <nd ref="30103" />
    <nd ref="30104" />
    <nd ref="30105" />
    <nd ref="30106" />
    <nd ref="30107" />
    <nd ref="30108" />
    <nd ref="30109" />
    <nd ref="30110" />
    <nd ref="30111" />
    <nd ref="30112" />
    <nd ref="30113" />
    <nd ref="30114" />
    <nd ref="30115" />
    <nd ref="30116" />
    <nd ref="30117" />
    <nd ref="30118" />
    <nd ref="30119" />
    <nd ref="30120" />
    <nd ref="30121" />
    <nd ref="30122" />
    <nd ref="30123" />
    <nd ref="30124" />
    <nd ref="30125" />
    <nd ref="30126" />
    <nd ref="30127" />
    <nd ref="30128" />
    <nd ref="30129" />
    <nd ref="30130" />
    <nd ref="30131" />
    <nd ref="30132" />
    <nd ref="30133" />
    <nd ref="30134" />
    <nd ref="30135" />
    <nd ref="30136" />
    <nd ref="30137" />
    <nd ref="30138" />
    <nd ref="30139" />
    <nd ref="30140" />
    <nd ref="30141" />
    <nd ref="30142" />
    <nd ref="30143" />
    <nd ref="30144" />
    <nd ref="30145" />
    <nd ref="30146" />
    <nd ref="30147" />
    <nd ref="30148" />
    <nd ref="30149" />
    <nd ref="30150" />
    <nd ref="30151" />
    <nd ref="30152" />
    <nd ref="30153" />
    <nd ref="30154" />
    <nd ref="30155" />
    <nd ref="30156" />
    <nd ref="30157" />
    <nd ref="30158" />
    <nd ref="30159" />
    <nd ref="30160" />
    <nd ref="30161" />
    <nd ref="30162" />
    <nd ref="30163" />
    <nd ref="30164" />
    <nd ref="30165" />
    <nd ref="30166" />
    <nd ref="30167" />
    <nd ref="30168" />
    <nd ref="30169" />
    <nd ref="30170" />
    <nd ref="30171" />
    <nd ref="30172" />
    <nd ref="30173" />
    <nd ref="30174" />
    <nd ref="30175" />
    <nd ref="30176" />
    <nd ref="30177" />
    <nd ref="30178" />
    <nd ref="30179" />
    <nd ref="30180" />
    <nd ref="30181" />
    <nd ref="30182" />
    <nd ref="30183" />
    <nd ref="30184" />
    <nd ref="30185" />
    <nd ref="30186" />
    <nd ref="30187" />
    <nd ref="30188" />
    <nd ref="30189" />
    <nd ref="30190" />
    <nd ref="30191" />
    <nd ref="30192" />
    <nd ref="30193" />
    <nd ref="30194" />
    <nd ref="30195" />
    <nd ref="30196" />
    <nd ref="30197" />
    <nd ref="30198" />
    <nd ref="30199" />
    <nd ref="30200" />
    <nd ref="30201" />
    <nd ref="30202" />
    <nd ref="30203" />
    <nd ref="30204" />
    <nd ref="30205" />
    <nd ref="30206" />
    <nd ref="30207" />
    <nd ref="30208" />
    <nd ref="30209" />
    <nd ref="30210" />
    <nd ref="30211" />
    <nd ref="30212" />
    <nd ref="30213" />
    <nd ref="30214" />
    <nd ref="30215" />
    <nd ref="30216" />
    <nd ref="30217" />
    <nd ref="30218" />
    <nd ref="30219" />
    <nd ref="30220" />
    <nd ref="30221" />
    <nd ref="30222" />
    <nd ref="30223" />
    <nd ref="30224" />
    <nd ref="30225" />
    <nd ref="30226" />
    <nd ref="30227" />
    <nd ref="30228" />
    <nd ref="30229" />
    <nd ref="30230" />
    <nd ref="30231" />
    <nd ref="30232" />
    <nd ref="30233" />
    <nd ref="30234" />
    <nd ref="30235" />
    <nd ref="30236" />
    <nd ref="30237" />
    <nd ref="30238" />
    <nd ref="30239" />
    <nd ref="30240" />
    <nd ref="30241" />
    <nd ref="30242" />
    <nd ref="30243" />
    <nd ref="30244" />
    <nd ref="30245" />
    <nd ref="30246" />
    <nd ref="30247" />
    <nd ref="30248" />
    <nd ref="30249" />
    <nd ref="30250" />
    <nd ref="30251" />
    <nd ref="30252" />
    <nd ref="30253" />
    <nd ref="30254" />
    <nd ref="30255" />
    <nd ref="30256" />
    <nd ref="30257" />
    <nd ref="30258" />
    <nd ref="30259" />
    <nd ref="30260" />
    <nd ref="30261" />
    <nd ref="30262" />
    <nd ref="30263" />
    <nd ref="30264" />
    <nd ref="30265" />
    <nd ref="30266" />
    <nd ref="30267" />
    <nd ref="30268" />
    <nd ref="30269" />
    <nd ref="30270" />
    <nd ref="30271" />
    <nd ref="30272" />
    <nd ref="30273" />
    <nd ref="30274" />
    <nd ref="30275" />
    <nd ref="30276" />
    <nd ref="30277" />
    <nd ref="30278" />
    <nd ref="30279" />
    <nd ref="30280" />
    <nd ref="30281" />
    <nd ref="30282" />
    <nd ref="30283" />
    <nd ref="30284" />
    <nd ref="30285" />
    <nd ref="30286" />
    <nd ref="30287" />
    <nd ref="30288" />
    <nd ref="30289" />
    <nd ref="30290" />
    <nd ref="30291" />
    <nd ref="30292" />
    <nd ref="30293" />
    <nd ref="30294" />
    <nd ref="30295" />
    <nd ref="30296" />
    <nd ref="30297" />
    <nd ref="30298" />
    <nd ref="30299" />
    <nd ref="30300" />
    <nd ref="30301" />
    <nd ref="30302" />
    <nd ref="30303" />
    <nd ref="30304" />
    <nd ref="30305" />
    <nd ref="30306" />
    <nd ref="30307" />
    <nd ref="30308" />
    <nd ref="30309" />
    <nd ref="30310" />
    <nd ref="30311" />
    <nd ref="30312" />
    <nd ref="30313" />
    <nd ref="30314" />
    <nd ref="30315" />
    <nd ref="30316" />
    <nd ref="30317" />
    <nd ref="30318" />
    <nd ref="30319" />
    <nd ref="30320" />
    <nd ref="30321" />
    <nd ref="30322" />
    <nd ref="30323" />
    <nd ref="30324" />
    <nd ref="30325" />
    <nd ref="30326" />
    <nd ref="30327" />
    <nd ref="30328" />
    <nd ref="30329" />
    <nd ref="30330" />
    <nd ref="30331" />
    <nd ref="30332" />
    <nd ref="30333" />
    <nd ref="30334" />
    <nd ref="30335" />
    <nd ref="30336" />
    <nd ref="30337" />
    <nd ref="30338" />
    <nd ref="30339" />
    <nd ref="30340" />
    <nd ref="30341" />
    <nd ref="30342" />
    <nd ref="30343" />
    <nd ref="30344" />
    <nd ref="30345" />
    <nd ref="30346" />
    <nd ref="30347" />
    <nd ref="30348" />
    <nd ref="30349" />
    <nd ref="30350" />
    <nd ref="30351" />
    <nd ref="30352" />
    <nd ref="30353" />
    <nd ref="30354" />
    <nd ref="30355" />
    <nd ref="30356" />
    <nd ref="30357" />
    <nd ref="30358" />
    <nd ref="30359" />
    <nd ref="30360" />
    <nd ref="30361" />
    <nd ref="30362" />
    <nd ref="30363" />
    <nd ref="30364" />
    <nd ref="30365" />
    <nd ref="30366" />
    <nd ref="30367" />
    <nd ref="30368" />
    <nd ref="30369" />
    <nd ref="30370" />
    <nd ref="30371" />
    <nd ref="30372" />
    <nd ref="30373" />
    <nd ref="30374" />
    <nd ref="30375" />
    <nd ref="30376" />
    <nd ref="30377" />
    <nd ref="30378" />
    <nd ref="30379" />
    <nd ref="30380" />
    <nd ref="30381" />
    <nd ref="30382" />
    <nd ref="30383" />
    <nd ref="30384" />
    <nd ref="30385" />
    <nd ref="30386" />
    <nd ref="30387" />
    <nd ref="30388" />
    <nd ref="30389" />
    <nd ref="30390" />
    <nd ref="30391" />
    <nd ref="30392" />
    <nd ref="30393" />
    <nd ref="30394" />
    <nd ref="30395" />
    <nd ref="30396" />
    <nd ref="30397" />
    <nd ref="30398" />
    <nd ref="30399" />
    <nd ref="30400" />
    <nd ref="30401" />
    <nd ref="30402" />
    <nd ref="30403" />
    <nd ref="30404" />
    <nd ref="30405" />
    <nd ref="30406" />
    <nd ref="30407" />
    <nd ref="30408" />
    <nd ref="30409" />
    <nd ref="30410" />
    <nd ref="30411" />
    <nd ref="30412" />
    <nd ref="30413" />
    <nd ref="30414" />
    <nd ref="30415" />
    <nd ref="30416" />
    <nd ref="30417" />
    <nd ref="30418" />
    <nd ref="30419" />
    <nd ref="30420" />
    <nd ref="30421" />
    <nd ref="30422" />
    <nd ref="30423" />
    <nd ref="30424" />
    <nd ref="30425" />
    <nd ref="30426" />
    <nd ref="30427" />
    <nd ref="30428" />
    <nd ref="30429" />
    <nd ref="30430" />
    <nd ref="30431" />
    <nd ref="30432" />
    <nd ref="30433" />
    <nd ref="30434" />
    <tag k="subtype" v="dashed" />
    <tag k="type" v="line_thin" />
  </way>
  <way id="31437" visible="true" version="1">
    <nd ref="30436" />
    <nd ref="30437" />
    <nd ref="30438" />
    <nd ref="30439" />
    <nd ref="30440" />
    <nd ref="30441" />
    <nd ref="30442" />
    <nd ref="30443" />
    <nd ref="30444" />
    <nd ref="30445" />
    <nd ref="30446" />
    <nd ref="30447" />
    <nd ref="30448" />
    <nd ref="30449" />
    <nd ref="30450" />
    <nd ref="30451" />
    <nd ref="30452" />
    <nd ref="30453" />
    <nd ref="30454" />
    <nd ref="30455" />
    <nd ref="30456" />
    <nd ref="30457" />
    <nd ref="30458" />
    <nd ref="30459" />
    <nd ref="30460" />
    <nd ref="30461" />
    <nd ref="30462" />
    <nd ref="30463" />
    <nd ref="30464" />
    <nd ref="30465" />
    <nd ref="30466" />
    <nd ref="30467" />
    <nd ref="30468" />
    <nd ref="30469" />
    <nd ref="30470" />
    <nd ref="30471" />
    <nd ref="30472" />
    <nd ref="30473" />
    <nd ref="30474" />
    <nd ref="30475" />
    <nd ref="30476" />
    <nd ref="30477" />
    <nd ref="30478" />
    <nd ref="30479" />
    <nd ref="30480" />
    <nd ref="30481" />
    <nd ref="30482" />
    <nd ref="30483" />
    <nd ref="30484" />
    <nd ref="30485" />
    <nd ref="30486" />
    <nd ref="30487" />
    <nd ref="30488" />
    <nd ref="30489" />
    <nd ref="30490" />
    <nd ref="30491" />
    <nd ref="30492" />
    <nd ref="30493" />
    <nd ref="30494" />
    <nd ref="30495" />
    <nd ref="30496" />
    <nd ref="30497" />
    <nd ref="30498" />
    <nd ref="30499" />
    <nd ref="30500" />
    <nd ref="30501" />
    <nd ref="30502" />
    <nd ref="30503" />
    <nd ref="30504" />
    <nd ref="30505" />
    <nd ref="30506" />
    <nd ref="30507" />
    <nd ref="30508" />
    <nd ref="30509" />
    <nd ref="30510" />
    <nd ref="30511" />
    <nd ref="30512" />
    <nd ref="30513" />
    <nd ref="30514" />
    <nd ref="30515" />
    <nd ref="30516" />
    <nd ref="30517" />
    <nd ref="30518" />
    <nd ref="30519" />
    <nd ref="30520" />
    <nd ref="30521" />
    <nd ref="30522" />
    <nd ref="30523" />
    <nd ref="30524" />
    <nd ref="30525" />
    <nd ref="30526" />
    <nd ref="30527" />
    <nd ref="30528" />
    <nd ref="30529" />
    <nd ref="30530" />
    <nd ref="30531" />
    <nd ref="30532" />
    <nd ref="30533" />
    <nd ref="30534" />
    <nd ref="30535" />
    <nd ref="30536" />
    <nd ref="30537" />
    <nd ref="30538" />
    <nd ref="30539" />
    <nd ref="30540" />
    <nd ref="30541" />
    <nd ref="30542" />
    <nd ref="30543" />
    <nd ref="30544" />
    <nd ref="30545" />
    <nd ref="30546" />
    <nd ref="30547" />
    <nd ref="30548" />
    <nd ref="30549" />
    <nd ref="30550" />
    <nd ref="30551" />
    <nd ref="30552" />
    <nd ref="30553" />
    <nd ref="30554" />
    <nd ref="30555" />
    <nd ref="30556" />
    <nd ref="30557" />
    <nd ref="30558" />
    <nd ref="30559" />
    <nd ref="30560" />
    <nd ref="30561" />
    <nd ref="30562" />
    <nd ref="30563" />
    <nd ref="30564" />
    <nd ref="30565" />
    <nd ref="30566" />
    <nd ref="30567" />
    <nd ref="30568" />
    <nd ref="30569" />
    <nd ref="30570" />
    <nd ref="30571" />
    <nd ref="30572" />
    <nd ref="30573" />
    <nd ref="30574" />
    <nd ref="30575" />
    <nd ref="30576" />
    <nd ref="30577" />
    <nd ref="30578" />
    <nd ref="30579" />
    <nd ref="30580" />
    <nd ref="30581" />
    <nd ref="30582" />
    <nd ref="30583" />
    <nd ref="30584" />
    <nd ref="30585" />
    <nd ref="30586" />
    <nd ref="30587" />
    <nd ref="30588" />
    <nd ref="30589" />
    <nd ref="30590" />
    <nd ref="30591" />
    <nd ref="30592" />
    <nd ref="30593" />
    <nd ref="30594" />
    <nd ref="30595" />
    <nd ref="30596" />
    <nd ref="30597" />
    <nd ref="30598" />
    <nd ref="30599" />
    <nd ref="30600" />
    <nd ref="30601" />
    <nd ref="30602" />
    <nd ref="30603" />
    <nd ref="30604" />
    <nd ref="30605" />
    <nd ref="30606" />
    <nd ref="30607" />
    <nd ref="30608" />
    <nd ref="30609" />
    <nd ref="30610" />
    <nd ref="30611" />
    <nd ref="30612" />
    <nd ref="30613" />
    <nd ref="30614" />
    <nd ref="30615" />
    <nd ref="30616" />
    <nd ref="30617" />
    <nd ref="30618" />
    <nd ref="30619" />
    <nd ref="30620" />
    <nd ref="30621" />
    <nd ref="30622" />
    <nd ref="30623" />
    <nd ref="30624" />
    <nd ref="30625" />
    <nd ref="30626" />
    <nd ref="30627" />
    <nd ref="30628" />
    <nd ref="30629" />
    <nd ref="30630" />
    <nd ref="30631" />
    <nd ref="30632" />
    <nd ref="30633" />
    <nd ref="30634" />
    <nd ref="30635" />
    <nd ref="30636" />
    <nd ref="30637" />
    <nd ref="30638" />
    <nd ref="30639" />
    <nd ref="30640" />
    <nd ref="30641" />
    <nd ref="30642" />
    <nd ref="30643" />
    <nd ref="30644" />
    <nd ref="30645" />
    <nd ref="30646" />
    <nd ref="30647" />
    <nd ref="30648" />
    <nd ref="30649" />
    <nd ref="30650" />
    <nd ref="30651" />
    <nd ref="30652" />
    <nd ref="30653" />
    <nd ref="30654" />
    <nd ref="30655" />
    <nd ref="30656" />
    <nd ref="30657" />
    <nd ref="30658" />
    <nd ref="30659" />
    <nd ref="30660" />
    <nd ref="30661" />
    <nd ref="30662" />
    <nd ref="30663" />
    <nd ref="30664" />
    <nd ref="30665" />
    <nd ref="30666" />
    <nd ref="30667" />
    <nd ref="30668" />
    <nd ref="30669" />
    <nd ref="30670" />
    <nd ref="30671" />
    <nd ref="30672" />
    <nd ref="30673" />
    <nd ref="30674" />
    <nd ref="30675" />
    <nd ref="30676" />
    <nd ref="30677" />
    <nd ref="30678" />
    <nd ref="30679" />
    <nd ref="30680" />
    <nd ref="30681" />
    <nd ref="30682" />
    <nd ref="30683" />
    <nd ref="30684" />
    <nd ref="30685" />
    <nd ref="30686" />
    <nd ref="30687" />
    <nd ref="30688" />
    <nd ref="30689" />
    <nd ref="30690" />
    <nd ref="30691" />
    <nd ref="30692" />
    <nd ref="30693" />
    <nd ref="30694" />
    <nd ref="30695" />
    <nd ref="30696" />
    <nd ref="30697" />
    <nd ref="30698" />
    <nd ref="30699" />
    <nd ref="30700" />
    <nd ref="30701" />
    <nd ref="30702" />
    <nd ref="30703" />
    <nd ref="30704" />
    <nd ref="30705" />
    <nd ref="30706" />
    <nd ref="30707" />
    <nd ref="30708" />
    <nd ref="30709" />
    <nd ref="30710" />
    <nd ref="30711" />
    <nd ref="30712" />
    <nd ref="30713" />
    <nd ref="30714" />
    <nd ref="30715" />
    <nd ref="30716" />
    <nd ref="30717" />
    <nd ref="30718" />
    <nd ref="30719" />
    <nd ref="30720" />
    <nd ref="30721" />
    <nd ref="30722" />
    <nd ref="30723" />
    <nd ref="30724" />
    <nd ref="30725" />
    <nd ref="30726" />
    <nd ref="30727" />
    <nd ref="30728" />
    <nd ref="30729" />
    <nd ref="30730" />
    <nd ref="30731" />
    <nd ref="30732" />
    <nd ref="30733" />
    <nd ref="30734" />
    <nd ref="30735" />
    <nd ref="30736" />
    <nd ref="30737" />
    <nd ref="30738" />
    <nd ref="30739" />
    <nd ref="30740" />
    <nd ref="30741" />
    <nd ref="30742" />
    <nd ref="30743" />
    <nd ref="30744" />
    <nd ref="30745" />
    <nd ref="30746" />
    <nd ref="30747" />
    <nd ref="30748" />
    <nd ref="30749" />
    <nd ref="30750" />
    <nd ref="30751" />
    <nd ref="30752" />
    <nd ref="30753" />
    <nd ref="30754" />
    <nd ref="30755" />
    <nd ref="30756" />
    <nd ref="30757" />
    <nd ref="30758" />
    <nd ref="30759" />
    <nd ref="30760" />
    <nd ref="30761" />
    <nd ref="30762" />
    <nd ref="30763" />
    <nd ref="30764" />
    <nd ref="30765" />
    <nd ref="30766" />
    <nd ref="30767" />
    <nd ref="30768" />
    <nd ref="30769" />
    <nd ref="30770" />
    <nd ref="30771" />
    <nd ref="30772" />
    <nd ref="30773" />
    <nd ref="30774" />
    <nd ref="30775" />
    <nd ref="30776" />
    <nd ref="30777" />
    <nd ref="30778" />
    <nd ref="30779" />
    <nd ref="30780" />
    <nd ref="30781" />
    <nd ref="30782" />
    <nd ref="30783" />
    <nd ref="30784" />
    <nd ref="30785" />
    <nd ref="30786" />
    <nd ref="30787" />
    <nd ref="30788" />
    <nd ref="30789" />
    <nd ref="30790" />
    <nd ref="30791" />
    <nd ref="30792" />
    <nd ref="30793" />
    <nd ref="30794" />
    <nd ref="30795" />
    <nd ref="30796" />
    <nd ref="30797" />
    <nd ref="30798" />
    <nd ref="30799" />
    <nd ref="30800" />
    <nd ref="30801" />
    <nd ref="30802" />
    <nd ref="30803" />
    <nd ref="30804" />
    <nd ref="30805" />
    <nd ref="30806" />
    <nd ref="30807" />
    <nd ref="30808" />
    <nd ref="30809" />
    <nd ref="30810" />
    <nd ref="30811" />
    <nd ref="30812" />
    <nd ref="30813" />
    <nd ref="30814" />
    <nd ref="30815" />
    <nd ref="30816" />
    <nd ref="30817" />
    <nd ref="30818" />
    <nd ref="30819" />
    <nd ref="30820" />
    <nd ref="30821" />
    <nd ref="30822" />
    <nd ref="30823" />
    <nd ref="30824" />
    <nd ref="30825" />
    <nd ref="30826" />
    <nd ref="30827" />
    <nd ref="30828" />
    <nd ref="30829" />
    <nd ref="30830" />
    <nd ref="30831" />
    <nd ref="30832" />
    <nd ref="30833" />
    <nd ref="30834" />
    <nd ref="30835" />
    <nd ref="30836" />
    <nd ref="30837" />
    <nd ref="30838" />
    <nd ref="30839" />
    <nd ref="30840" />
    <nd ref="30841" />
    <nd ref="30842" />
    <nd ref="30843" />
    <nd ref="30844" />
    <nd ref="30845" />
    <nd ref="30846" />
    <nd ref="30847" />
    <nd ref="30848" />
    <nd ref="30849" />
    <nd ref="30850" />
    <nd ref="30851" />
    <nd ref="30852" />
    <nd ref="30853" />
    <nd ref="30854" />
    <nd ref="30855" />
    <nd ref="30856" />
    <nd ref="30857" />
    <nd ref="30858" />
    <nd ref="30859" />
    <nd ref="30860" />
    <nd ref="30861" />
    <nd ref="30862" />
    <nd ref="30863" />
    <nd ref="30864" />
    <nd ref="30865" />
    <nd ref="30866" />
    <nd ref="30867" />
    <nd ref="30868" />
    <nd ref="30869" />
    <nd ref="30870" />
    <nd ref="30871" />
    <nd ref="30872" />
    <nd ref="30873" />
    <nd ref="30874" />
    <nd ref="30875" />
    <nd ref="30876" />
    <nd ref="30877" />
    <nd ref="30878" />
    <nd ref="30879" />
    <nd ref="30880" />
    <nd ref="30881" />
    <nd ref="30882" />
    <nd ref="30883" />
    <nd ref="30884" />
    <nd ref="30885" />
    <nd ref="30886" />
    <nd ref="30887" />
    <nd ref="30888" />
    <nd ref="30889" />
    <nd ref="30890" />
    <nd ref="30891" />
    <nd ref="30892" />
    <nd ref="30893" />
    <nd ref="30894" />
    <nd ref="30895" />
    <nd ref="30896" />
    <nd ref="30897" />
    <nd ref="30898" />
    <nd ref="30899" />
    <nd ref="30900" />
    <nd ref="30901" />
    <nd ref="30902" />
    <nd ref="30903" />
    <nd ref="30904" />
    <nd ref="30905" />
    <nd ref="30906" />
    <nd ref="30907" />
    <nd ref="30908" />
    <nd ref="30909" />
    <nd ref="30910" />
    <nd ref="30911" />
    <nd ref="30912" />
    <nd ref="30913" />
    <nd ref="30914" />
    <nd ref="30915" />
    <nd ref="30916" />
    <nd ref="30917" />
    <nd ref="30918" />
    <nd ref="30919" />
    <nd ref="30920" />
    <nd ref="30921" />
    <nd ref="30922" />
    <nd ref="30923" />
    <nd ref="30924" />
    <nd ref="30925" />
    <nd ref="30926" />
    <nd ref="30927" />
    <nd ref="30928" />
    <nd ref="30929" />
    <nd ref="30930" />
    <nd ref="30931" />
    <nd ref="30932" />
    <nd ref="30933" />
    <nd ref="30934" />
    <nd ref="30935" />
    <nd ref="30936" />
    <nd ref="30937" />
    <nd ref="30938" />
    <nd ref="30939" />
    <nd ref="30940" />
    <nd ref="30941" />
    <nd ref="30942" />
    <nd ref="30943" />
    <nd ref="30944" />
    <nd ref="30945" />
    <nd ref="30946" />
    <nd ref="30947" />
    <nd ref="30948" />
    <nd ref="30949" />
    <nd ref="30950" />
    <nd ref="30951" />
    <nd ref="30952" />
    <nd ref="30953" />
    <nd ref="30954" />
    <nd ref="30955" />
    <nd ref="30956" />
    <nd ref="30957" />
    <nd ref="30958" />
    <nd ref="30959" />
    <nd ref="30960" />
    <nd ref="30961" />
    <nd ref="30962" />
    <nd ref="30963" />
    <nd ref="30964" />
    <nd ref="30965" />
    <nd ref="30966" />
    <nd ref="30967" />
    <nd ref="30968" />
    <nd ref="30969" />
    <nd ref="30970" />
    <nd ref="30971" />
    <nd ref="30972" />
    <nd ref="30973" />
    <nd ref="30974" />
    <nd ref="30975" />
    <nd ref="30976" />
    <nd ref="30977" />
    <nd ref="30978" />
    <nd ref="30979" />
    <nd ref="30980" />
    <nd ref="30981" />
    <nd ref="30982" />
    <nd ref="30983" />
    <nd ref="30984" />
    <nd ref="30985" />
    <nd ref="30986" />
    <nd ref="30987" />
    <nd ref="30988" />
    <nd ref="30989" />
    <nd ref="30990" />
    <nd ref="30991" />
    <nd ref="30992" />
    <nd ref="30993" />
    <nd ref="30994" />
    <nd ref="30995" />
    <nd ref="30996" />
    <nd ref="30997" />
    <nd ref="30998" />
    <nd ref="30999" />
    <nd ref="31000" />
    <nd ref="31001" />
    <nd ref="31002" />
    <nd ref="31003" />
    <nd ref="31004" />
    <nd ref="31005" />
    <nd ref="31006" />
    <nd ref="31007" />
    <nd ref="31008" />
    <nd ref="31009" />
    <nd ref="31010" />
    <nd ref="31011" />
    <nd ref="31012" />
    <nd ref="31013" />
    <nd ref="31014" />
    <nd ref="31015" />
    <nd ref="31016" />
    <nd ref="31017" />
    <nd ref="31018" />
    <nd ref="31019" />
    <nd ref="31020" />
    <nd ref="31021" />
    <nd ref="31022" />
    <nd ref="31023" />
    <nd ref="31024" />
    <nd ref="31025" />
    <nd ref="31026" />
    <nd ref="31027" />
    <nd ref="31028" />
    <nd ref="31029" />
    <nd ref="31030" />
    <nd ref="31031" />
    <nd ref="31032" />
    <nd ref="31033" />
    <nd ref="31034" />
    <nd ref="31035" />
    <nd ref="31036" />
    <nd ref="31037" />
    <nd ref="31038" />
    <nd ref="31039" />
    <nd ref="31040" />
    <nd ref="31041" />
    <nd ref="31042" />
    <nd ref="31043" />
    <nd ref="31044" />
    <nd ref="31045" />
    <nd ref="31046" />
    <nd ref="31047" />
    <nd ref="31048" />
    <nd ref="31049" />
    <nd ref="31050" />
    <nd ref="31051" />
    <nd ref="31052" />
    <nd ref="31053" />
    <nd ref="31054" />
    <nd ref="31055" />
    <nd ref="31056" />
    <nd ref="31057" />
    <nd ref="31058" />
    <nd ref="31059" />
    <nd ref="31060" />
    <nd ref="31061" />
    <nd ref="31062" />
    <nd ref="31063" />
    <nd ref="31064" />
    <nd ref="31065" />
    <nd ref="31066" />
    <nd ref="31067" />
    <nd ref="31068" />
    <nd ref="31069" />
    <nd ref="31070" />
    <nd ref="31071" />
    <nd ref="31072" />
    <nd ref="31073" />
    <nd ref="31074" />
    <nd ref="31075" />
    <nd ref="31076" />
    <nd ref="31077" />
    <nd ref="31078" />
    <nd ref="31079" />
    <nd ref="31080" />
    <nd ref="31081" />
    <nd ref="31082" />
    <nd ref="31083" />
    <nd ref="31084" />
    <nd ref="31085" />
    <nd ref="31086" />
    <nd ref="31087" />
    <nd ref="31088" />
    <nd ref="31089" />
    <nd ref="31090" />
    <nd ref="31091" />
    <nd ref="31092" />
    <nd ref="31093" />
    <nd ref="31094" />
    <nd ref="31095" />
    <nd ref="31096" />
    <nd ref="31097" />
    <nd ref="31098" />
    <nd ref="31099" />
    <nd ref="31100" />
    <nd ref="31101" />
    <nd ref="31102" />
    <nd ref="31103" />
    <nd ref="31104" />
    <nd ref="31105" />
    <nd ref="31106" />
    <nd ref="31107" />
    <nd ref="31108" />
    <nd ref="31109" />
    <nd ref="31110" />
    <nd ref="31111" />
    <nd ref="31112" />
    <nd ref="31113" />
    <nd ref="31114" />
    <nd ref="31115" />
    <nd ref="31116" />
    <nd ref="31117" />
    <nd ref="31118" />
    <nd ref="31119" />
    <nd ref="31120" />
    <nd ref="31121" />
    <nd ref="31122" />
    <nd ref="31123" />
    <nd ref="31124" />
    <nd ref="31125" />
    <nd ref="31126" />
    <nd ref="31127" />
    <nd ref="31128" />
    <nd ref="31129" />
    <nd ref="31130" />
    <nd ref="31131" />
    <nd ref="31132" />
    <nd ref="31133" />
    <nd ref="31134" />
    <nd ref="31135" />
    <nd ref="31136" />
    <nd ref="31137" />
    <nd ref="31138" />
    <nd ref="31139" />
    <nd ref="31140" />
    <nd ref="31141" />
    <nd ref="31142" />
    <nd ref="31143" />
    <nd ref="31144" />
    <nd ref="31145" />
    <nd ref="31146" />
    <nd ref="31147" />
    <nd ref="31148" />
    <nd ref="31149" />
    <nd ref="31150" />
    <nd ref="31151" />
    <nd ref="31152" />
    <nd ref="31153" />
    <nd ref="31154" />
    <nd ref="31155" />
    <nd ref="31156" />
    <nd ref="31157" />
    <nd ref="31158" />
    <nd ref="31159" />
    <nd ref="31160" />
    <nd ref="31161" />
    <nd ref="31162" />
    <nd ref="31163" />
    <nd ref="31164" />
    <nd ref="31165" />
    <nd ref="31166" />
    <nd ref="31167" />
    <nd ref="31168" />
    <nd ref="31169" />
    <nd ref="31170" />
    <nd ref="31171" />
    <nd ref="31172" />
    <nd ref="31173" />
    <nd ref="31174" />
    <nd ref="31175" />
    <nd ref="31176" />
    <nd ref="31177" />
    <nd ref="31178" />
    <nd ref="31179" />
    <nd ref="31180" />
    <nd ref="31181" />
    <nd ref="31182" />
    <nd ref="31183" />
    <nd ref="31184" />
    <nd ref="31185" />
    <nd ref="31186" />
    <nd ref="31187" />
    <nd ref="31188" />
    <nd ref="31189" />
    <nd ref="31190" />
    <nd ref="31191" />
    <nd ref="31192" />
    <nd ref="31193" />
    <nd ref="31194" />
    <nd ref="31195" />
    <nd ref="31196" />
    <nd ref="31197" />
    <nd ref="31198" />
    <nd ref="31199" />
    <nd ref="31200" />
    <nd ref="31201" />
    <nd ref="31202" />
    <nd ref="31203" />
    <nd ref="31204" />
    <nd ref="31205" />
    <nd ref="31206" />
    <nd ref="31207" />
    <nd ref="31208" />
    <nd ref="31209" />
    <nd ref="31210" />
    <nd ref="31211" />
    <nd ref="31212" />
    <nd ref="31213" />
    <nd ref="31214" />
    <nd ref="31215" />
    <nd ref="31216" />
    <nd ref="31217" />
    <nd ref="31218" />
    <nd ref="31219" />
    <nd ref="31220" />
    <nd ref="31221" />
    <nd ref="31222" />
    <nd ref="31223" />
    <nd ref="31224" />
    <nd ref="31225" />
    <nd ref="31226" />
    <nd ref="31227" />
    <nd ref="31228" />
    <nd ref="31229" />
    <nd ref="31230" />
    <nd ref="31231" />
    <nd ref="31232" />
    <nd ref="31233" />
    <nd ref="31234" />
    <nd ref="31235" />
    <nd ref="31236" />
    <nd ref="31237" />
    <nd ref="31238" />
    <nd ref="31239" />
    <nd ref="31240" />
    <nd ref="31241" />
    <nd ref="31242" />
    <nd ref="31243" />
    <nd ref="31244" />
    <nd ref="31245" />
    <nd ref="31246" />
    <nd ref="31247" />
    <nd ref="31248" />
    <nd ref="31249" />
    <nd ref="31250" />
    <nd ref="31251" />
    <nd ref="31252" />
    <nd ref="31253" />
    <nd ref="31254" />
    <nd ref="31255" />
    <nd ref="31256" />
    <nd ref="31257" />
    <nd ref="31258" />
    <nd ref="31259" />
    <nd ref="31260" />
    <nd ref="31261" />
    <nd ref="31262" />
    <nd ref="31263" />
    <nd ref="31264" />
    <nd ref="31265" />
    <nd ref="31266" />
    <nd ref="31267" />
    <nd ref="31268" />
    <nd ref="31269" />
    <nd ref="31270" />
    <nd ref="31271" />
    <nd ref="31272" />
    <nd ref="31273" />
    <nd ref="31274" />
    <nd ref="31275" />
    <nd ref="31276" />
    <nd ref="31277" />
    <nd ref="31278" />
    <nd ref="31279" />
    <nd ref="31280" />
    <nd ref="31281" />
    <nd ref="31282" />
    <nd ref="31283" />
    <nd ref="31284" />
    <nd ref="31285" />
    <nd ref="31286" />
    <nd ref="31287" />
    <nd ref="31288" />
    <nd ref="31289" />
    <nd ref="31290" />
    <nd ref="31291" />
    <nd ref="31292" />
    <nd ref="31293" />
    <nd ref="31294" />
    <nd ref="31295" />
    <nd ref="31296" />
    <nd ref="31297" />
    <nd ref="31298" />
    <nd ref="31299" />
    <nd ref="31300" />
    <nd ref="31301" />
    <nd ref="31302" />
    <nd ref="31303" />
    <nd ref="31304" />
    <nd ref="31305" />
    <nd ref="31306" />
    <nd ref="31307" />
    <nd ref="31308" />
    <nd ref="31309" />
    <nd ref="31310" />
    <nd ref="31311" />
    <nd ref="31312" />
    <nd ref="31313" />
    <nd ref="31314" />
    <nd ref="31315" />
    <nd ref="31316" />
    <nd ref="31317" />
    <nd ref="31318" />
    <nd ref="31319" />
    <nd ref="31320" />
    <nd ref="31321" />
    <nd ref="31322" />
    <nd ref="31323" />
    <nd ref="31324" />
    <nd ref="31325" />
    <nd ref="31326" />
    <nd ref="31327" />
    <nd ref="31328" />
    <nd ref="31329" />
    <nd ref="31330" />
    <nd ref="31331" />
    <nd ref="31332" />
    <nd ref="31333" />
    <nd ref="31334" />
    <nd ref="31335" />
    <nd ref="31336" />
    <nd ref="31337" />
    <nd ref="31338" />
    <nd ref="31339" />
    <nd ref="31340" />
    <nd ref="31341" />
    <nd ref="31342" />
    <nd ref="31343" />
    <nd ref="31344" />
    <nd ref="31345" />
    <nd ref="31346" />
    <nd ref="31347" />
    <nd ref="31348" />
    <nd ref="31349" />
    <nd ref="31350" />
    <nd ref="31351" />
    <nd ref="31352" />
    <nd ref="31353" />
    <nd ref="31354" />
    <nd ref="31355" />
    <nd ref="31356" />
    <nd ref="31357" />
    <nd ref="31358" />
    <nd ref="31359" />
    <nd ref="31360" />
    <nd ref="31361" />
    <nd ref="31362" />
    <nd ref="31363" />
    <nd ref="31364" />
    <nd ref="31365" />
    <nd ref="31366" />
    <nd ref="31367" />
    <nd ref="31368" />
    <nd ref="31369" />
    <nd ref="31370" />
    <nd ref="31371" />
    <nd ref="31372" />
    <nd ref="31373" />
    <nd ref="31374" />
    <nd ref="31375" />
    <nd ref="31376" />
    <nd ref="31377" />
    <nd ref="31378" />
    <nd ref="31379" />
    <nd ref="31380" />
    <nd ref="31381" />
    <nd ref="31382" />
    <nd ref="31383" />
    <nd ref="31384" />
    <nd ref="31385" />
    <nd ref="31386" />
    <nd ref="31387" />
    <nd ref="31388" />
    <nd ref="31389" />
    <nd ref="31390" />
    <nd ref="31391" />
    <nd ref="31392" />
    <nd ref="31393" />
    <nd ref="31394" />
    <nd ref="31395" />
    <nd ref="31396" />
    <nd ref="31397" />
    <nd ref="31398" />
    <nd ref="31399" />
    <nd ref="31400" />
    <nd ref="31401" />
    <nd ref="31402" />
    <nd ref="31403" />
    <nd ref="31404" />
    <nd ref="31405" />
    <nd ref="31406" />
    <nd ref="31407" />
    <nd ref="31408" />
    <nd ref="31409" />
    <nd ref="31410" />
    <nd ref="31411" />
    <nd ref="31412" />
    <nd ref="31413" />
    <nd ref="31414" />
    <nd ref="31415" />
    <nd ref="31416" />
    <nd ref="31417" />
    <nd ref="31418" />
    <nd ref="31419" />
    <nd ref="31420" />
    <nd ref="31421" />
    <nd ref="31422" />
    <nd ref="31423" />
    <nd ref="31424" />
    <nd ref="31425" />
    <nd ref="31426" />
    <nd ref="31427" />
    <nd ref="31428" />
    <nd ref="31429" />
    <nd ref="31430" />
    <nd ref="31431" />
    <nd ref="31432" />
    <nd ref="31433" />
    <nd ref="31434" />
    <nd ref="31435" />
    <nd ref="31436" />
  </way>
  <way id="32439" visible="true" version="1">
    <nd ref="31438" />
    <nd ref="31439" />
    <nd ref="31440" />
    <nd ref="31441" />
    <nd ref="31442" />
    <nd ref="31443" />
    <nd ref="31444" />
    <nd ref="31445" />
    <nd ref="31446" />
    <nd ref="31447" />
    <nd ref="31448" />
    <nd ref="31449" />
    <nd ref="31450" />
    <nd ref="31451" />
    <nd ref="31452" />
    <nd ref="31453" />
    <nd ref="31454" />
    <nd ref="31455" />
    <nd ref="31456" />
    <nd ref="31457" />
    <nd ref="31458" />
    <nd ref="31459" />
    <nd ref="31460" />
    <nd ref="31461" />
    <nd ref="31462" />
    <nd ref="31463" />
    <nd ref="31464" />
    <nd ref="31465" />
    <nd ref="31466" />
    <nd ref="31467" />
    <nd ref="31468" />
    <nd ref="31469" />
    <nd ref="31470" />
    <nd ref="31471" />
    <nd ref="31472" />
    <nd ref="31473" />
    <nd ref="31474" />
    <nd ref="31475" />
    <nd ref="31476" />
    <nd ref="31477" />
    <nd ref="31478" />
    <nd ref="31479" />
    <nd ref="31480" />
    <nd ref="31481" />
    <nd ref="31482" />
    <nd ref="31483" />
    <nd ref="31484" />
    <nd ref="31485" />
    <nd ref="31486" />
    <nd ref="31487" />
    <nd ref="31488" />
    <nd ref="31489" />
    <nd ref="31490" />
    <nd ref="31491" />
    <nd ref="31492" />
    <nd ref="31493" />
    <nd ref="31494" />
    <nd ref="31495" />
    <nd ref="31496" />
    <nd ref="31497" />
    <nd ref="31498" />
    <nd ref="31499" />
    <nd ref="31500" />
    <nd ref="31501" />
    <nd ref="31502" />
    <nd ref="31503" />
    <nd ref="31504" />
    <nd ref="31505" />
    <nd ref="31506" />
    <nd ref="31507" />
    <nd ref="31508" />
    <nd ref="31509" />
    <nd ref="31510" />
    <nd ref="31511" />
    <nd ref="31512" />
    <nd ref="31513" />
    <nd ref="31514" />
    <nd ref="31515" />
    <nd ref="31516" />
    <nd ref="31517" />
    <nd ref="31518" />
    <nd ref="31519" />
    <nd ref="31520" />
    <nd ref="31521" />
    <nd ref="31522" />
    <nd ref="31523" />
    <nd ref="31524" />
    <nd ref="31525" />
    <nd ref="31526" />
    <nd ref="31527" />
    <nd ref="31528" />
    <nd ref="31529" />
    <nd ref="31530" />
    <nd ref="31531" />
    <nd ref="31532" />
    <nd ref="31533" />
    <nd ref="31534" />
    <nd ref="31535" />
    <nd ref="31536" />
    <nd ref="31537" />
    <nd ref="31538" />
    <nd ref="31539" />
    <nd ref="31540" />
    <nd ref="31541" />
    <nd ref="31542" />
    <nd ref="31543" />
    <nd ref="31544" />
    <nd ref="31545" />
    <nd ref="31546" />
    <nd ref="31547" />
    <nd ref="31548" />
    <nd ref="31549" />
    <nd ref="31550" />
    <nd ref="31551" />
    <nd ref="31552" />
    <nd ref="31553" />
    <nd ref="31554" />
    <nd ref="31555" />
    <nd ref="31556" />
    <nd ref="31557" />
    <nd ref="31558" />
    <nd ref="31559" />
    <nd ref="31560" />
    <nd ref="31561" />
    <nd ref="31562" />
    <nd ref="31563" />
    <nd ref="31564" />
    <nd ref="31565" />
    <nd ref="31566" />
    <nd ref="31567" />
    <nd ref="31568" />
    <nd ref="31569" />
    <nd ref="31570" />
    <nd ref="31571" />
    <nd ref="31572" />
    <nd ref="31573" />
    <nd ref="31574" />
    <nd ref="31575" />
    <nd ref="31576" />
    <nd ref="31577" />
    <nd ref="31578" />
    <nd ref="31579" />
    <nd ref="31580" />
    <nd ref="31581" />
    <nd ref="31582" />
    <nd ref="31583" />
    <nd ref="31584" />
    <nd ref="31585" />
    <nd ref="31586" />
    <nd ref="31587" />
    <nd ref="31588" />
    <nd ref="31589" />
    <nd ref="31590" />
    <nd ref="31591" />
    <nd ref="31592" />
    <nd ref="31593" />
    <nd ref="31594" />
    <nd ref="31595" />
    <nd ref="31596" />
    <nd ref="31597" />
    <nd ref="31598" />
    <nd ref="31599" />
    <nd ref="31600" />
    <nd ref="31601" />
    <nd ref="31602" />
    <nd ref="31603" />
    <nd ref="31604" />
    <nd ref="31605" />
    <nd ref="31606" />
    <nd ref="31607" />
    <nd ref="31608" />
    <nd ref="31609" />
    <nd ref="31610" />
    <nd ref="31611" />
    <nd ref="31612" />
    <nd ref="31613" />
    <nd ref="31614" />
    <nd ref="31615" />
    <nd ref="31616" />
    <nd ref="31617" />
    <nd ref="31618" />
    <nd ref="31619" />
    <nd ref="31620" />
    <nd ref="31621" />
    <nd ref="31622" />
    <nd ref="31623" />
    <nd ref="31624" />
    <nd ref="31625" />
    <nd ref="31626" />
    <nd ref="31627" />
    <nd ref="31628" />
    <nd ref="31629" />
    <nd ref="31630" />
    <nd ref="31631" />
    <nd ref="31632" />
    <nd ref="31633" />
    <nd ref="31634" />
    <nd ref="31635" />
    <nd ref="31636" />
    <nd ref="31637" />
    <nd ref="31638" />
    <nd ref="31639" />
    <nd ref="31640" />
    <nd ref="31641" />
    <nd ref="31642" />
    <nd ref="31643" />
    <nd ref="31644" />
    <nd ref="31645" />
    <nd ref="31646" />
    <nd ref="31647" />
    <nd ref="31648" />
    <nd ref="31649" />
    <nd ref="31650" />
    <nd ref="31651" />
    <nd ref="31652" />
    <nd ref="31653" />
    <nd ref="31654" />
    <nd ref="31655" />
    <nd ref="31656" />
    <nd ref="31657" />
    <nd ref="31658" />
    <nd ref="31659" />
    <nd ref="31660" />
    <nd ref="31661" />
    <nd ref="31662" />
    <nd ref="31663" />
    <nd ref="31664" />
    <nd ref="31665" />
    <nd ref="31666" />
    <nd ref="31667" />
    <nd ref="31668" />
    <nd ref="31669" />
    <nd ref="31670" />
    <nd ref="31671" />
    <nd ref="31672" />
    <nd ref="31673" />
    <nd ref="31674" />
    <nd ref="31675" />
    <nd ref="31676" />
    <nd ref="31677" />
    <nd ref="31678" />
    <nd ref="31679" />
    <nd ref="31680" />
    <nd ref="31681" />
    <nd ref="31682" />
    <nd ref="31683" />
    <nd ref="31684" />
    <nd ref="31685" />
    <nd ref="31686" />
    <nd ref="31687" />
    <nd ref="31688" />
    <nd ref="31689" />
    <nd ref="31690" />
    <nd ref="31691" />
    <nd ref="31692" />
    <nd ref="31693" />
    <nd ref="31694" />
    <nd ref="31695" />
    <nd ref="31696" />
    <nd ref="31697" />
    <nd ref="31698" />
    <nd ref="31699" />
    <nd ref="31700" />
    <nd ref="31701" />
    <nd ref="31702" />
    <nd ref="31703" />
    <nd ref="31704" />
    <nd ref="31705" />
    <nd ref="31706" />
    <nd ref="31707" />
    <nd ref="31708" />
    <nd ref="31709" />
    <nd ref="31710" />
    <nd ref="31711" />
    <nd ref="31712" />
    <nd ref="31713" />
    <nd ref="31714" />
    <nd ref="31715" />
    <nd ref="31716" />
    <nd ref="31717" />
    <nd ref="31718" />
    <nd ref="31719" />
    <nd ref="31720" />
    <nd ref="31721" />
    <nd ref="31722" />
    <nd ref="31723" />
    <nd ref="31724" />
    <nd ref="31725" />
    <nd ref="31726" />
    <nd ref="31727" />
    <nd ref="31728" />
    <nd ref="31729" />
    <nd ref="31730" />
    <nd ref="31731" />
    <nd ref="31732" />
    <nd ref="31733" />
    <nd ref="31734" />
    <nd ref="31735" />
    <nd ref="31736" />
    <nd ref="31737" />
    <nd ref="31738" />
    <nd ref="31739" />
    <nd ref="31740" />
    <nd ref="31741" />
    <nd ref="31742" />
    <nd ref="31743" />
    <nd ref="31744" />
    <nd ref="31745" />
    <nd ref="31746" />
    <nd ref="31747" />
    <nd ref="31748" />
    <nd ref="31749" />
    <nd ref="31750" />
    <nd ref="31751" />
    <nd ref="31752" />
    <nd ref="31753" />
    <nd ref="31754" />
    <nd ref="31755" />
    <nd ref="31756" />
    <nd ref="31757" />
    <nd ref="31758" />
    <nd ref="31759" />
    <nd ref="31760" />
    <nd ref="31761" />
    <nd ref="31762" />
    <nd ref="31763" />
    <nd ref="31764" />
    <nd ref="31765" />
    <nd ref="31766" />
    <nd ref="31767" />
    <nd ref="31768" />
    <nd ref="31769" />
    <nd ref="31770" />
    <nd ref="31771" />
    <nd ref="31772" />
    <nd ref="31773" />
    <nd ref="31774" />
    <nd ref="31775" />
    <nd ref="31776" />
    <nd ref="31777" />
    <nd ref="31778" />
    <nd ref="31779" />
    <nd ref="31780" />
    <nd ref="31781" />
    <nd ref="31782" />
    <nd ref="31783" />
    <nd ref="31784" />
    <nd ref="31785" />
    <nd ref="31786" />
    <nd ref="31787" />
    <nd ref="31788" />
    <nd ref="31789" />
    <nd ref="31790" />
    <nd ref="31791" />
    <nd ref="31792" />
    <nd ref="31793" />
    <nd ref="31794" />
    <nd ref="31795" />
    <nd ref="31796" />
    <nd ref="31797" />
    <nd ref="31798" />
    <nd ref="31799" />
    <nd ref="31800" />
    <nd ref="31801" />
    <nd ref="31802" />
    <nd ref="31803" />
    <nd ref="31804" />
    <nd ref="31805" />
    <nd ref="31806" />
    <nd ref="31807" />
    <nd ref="31808" />
    <nd ref="31809" />
    <nd ref="31810" />
    <nd ref="31811" />
    <nd ref="31812" />
    <nd ref="31813" />
    <nd ref="31814" />
    <nd ref="31815" />
    <nd ref="31816" />
    <nd ref="31817" />
    <nd ref="31818" />
    <nd ref="31819" />
    <nd ref="31820" />
    <nd ref="31821" />
    <nd ref="31822" />
    <nd ref="31823" />
    <nd ref="31824" />
    <nd ref="31825" />
    <nd ref="31826" />
    <nd ref="31827" />
    <nd ref="31828" />
    <nd ref="31829" />
    <nd ref="31830" />
    <nd ref="31831" />
    <nd ref="31832" />
    <nd ref="31833" />
    <nd ref="31834" />
    <nd ref="31835" />
    <nd ref="31836" />
    <nd ref="31837" />
    <nd ref="31838" />
    <nd ref="31839" />
    <nd ref="31840" />
    <nd ref="31841" />
    <nd ref="31842" />
    <nd ref="31843" />
    <nd ref="31844" />
    <nd ref="31845" />
    <nd ref="31846" />
    <nd ref="31847" />
    <nd ref="31848" />
    <nd ref="31849" />
    <nd ref="31850" />
    <nd ref="31851" />
    <nd ref="31852" />
    <nd ref="31853" />
    <nd ref="31854" />
    <nd ref="31855" />
    <nd ref="31856" />
    <nd ref="31857" />
    <nd ref="31858" />
    <nd ref="31859" />
    <nd ref="31860" />
    <nd ref="31861" />
    <nd ref="31862" />
    <nd ref="31863" />
    <nd ref="31864" />
    <nd ref="31865" />
    <nd ref="31866" />
    <nd ref="31867" />
    <nd ref="31868" />
    <nd ref="31869" />
    <nd ref="31870" />
    <nd ref="31871" />
    <nd ref="31872" />
    <nd ref="31873" />
    <nd ref="31874" />
    <nd ref="31875" />
    <nd ref="31876" />
    <nd ref="31877" />
    <nd ref="31878" />
    <nd ref="31879" />
    <nd ref="31880" />
    <nd ref="31881" />
    <nd ref="31882" />
    <nd ref="31883" />
    <nd ref="31884" />
    <nd ref="31885" />
    <nd ref="31886" />
    <nd ref="31887" />
    <nd ref="31888" />
    <nd ref="31889" />
    <nd ref="31890" />
    <nd ref="31891" />
    <nd ref="31892" />
    <nd ref="31893" />
    <nd ref="31894" />
    <nd ref="31895" />
    <nd ref="31896" />
    <nd ref="31897" />
    <nd ref="31898" />
    <nd ref="31899" />
    <nd ref="31900" />
    <nd ref="31901" />
    <nd ref="31902" />
    <nd ref="31903" />
    <nd ref="31904" />
    <nd ref="31905" />
    <nd ref="31906" />
    <nd ref="31907" />
    <nd ref="31908" />
    <nd ref="31909" />
    <nd ref="31910" />
    <nd ref="31911" />
    <nd ref="31912" />
    <nd ref="31913" />
    <nd ref="31914" />
    <nd ref="31915" />
    <nd ref="31916" />
    <nd ref="31917" />
    <nd ref="31918" />
    <nd ref="31919" />
    <nd ref="31920" />
    <nd ref="31921" />
    <nd ref="31922" />
    <nd ref="31923" />
    <nd ref="31924" />
    <nd ref="31925" />
    <nd ref="31926" />
    <nd ref="31927" />
    <nd ref="31928" />
    <nd ref="31929" />
    <nd ref="31930" />
    <nd ref="31931" />
    <nd ref="31932" />
    <nd ref="31933" />
    <nd ref="31934" />
    <nd ref="31935" />
    <nd ref="31936" />
    <nd ref="31937" />
    <nd ref="31938" />
    <nd ref="31939" />
    <nd ref="31940" />
    <nd ref="31941" />
    <nd ref="31942" />
    <nd ref="31943" />
    <nd ref="31944" />
    <nd ref="31945" />
    <nd ref="31946" />
    <nd ref="31947" />
    <nd ref="31948" />
    <nd ref="31949" />
    <nd ref="31950" />
    <nd ref="31951" />
    <nd ref="31952" />
    <nd ref="31953" />
    <nd ref="31954" />
    <nd ref="31955" />
    <nd ref="31956" />
    <nd ref="31957" />
    <nd ref="31958" />
    <nd ref="31959" />
    <nd ref="31960" />
    <nd ref="31961" />
    <nd ref="31962" />
    <nd ref="31963" />
    <nd ref="31964" />
    <nd ref="31965" />
    <nd ref="31966" />
    <nd ref="31967" />
    <nd ref="31968" />
    <nd ref="31969" />
    <nd ref="31970" />
    <nd ref="31971" />
    <nd ref="31972" />
    <nd ref="31973" />
    <nd ref="31974" />
    <nd ref="31975" />
    <nd ref="31976" />
    <nd ref="31977" />
    <nd ref="31978" />
    <nd ref="31979" />
    <nd ref="31980" />
    <nd ref="31981" />
    <nd ref="31982" />
    <nd ref="31983" />
    <nd ref="31984" />
    <nd ref="31985" />
    <nd ref="31986" />
    <nd ref="31987" />
    <nd ref="31988" />
    <nd ref="31989" />
    <nd ref="31990" />
    <nd ref="31991" />
    <nd ref="31992" />
    <nd ref="31993" />
    <nd ref="31994" />
    <nd ref="31995" />
    <nd ref="31996" />
    <nd ref="31997" />
    <nd ref="31998" />
    <nd ref="31999" />
    <nd ref="32000" />
    <nd ref="32001" />
    <nd ref="32002" />
    <nd ref="32003" />
    <nd ref="32004" />
    <nd ref="32005" />
    <nd ref="32006" />
    <nd ref="32007" />
    <nd ref="32008" />
    <nd ref="32009" />
    <nd ref="32010" />
    <nd ref="32011" />
    <nd ref="32012" />
    <nd ref="32013" />
    <nd ref="32014" />
    <nd ref="32015" />
    <nd ref="32016" />
    <nd ref="32017" />
    <nd ref="32018" />
    <nd ref="32019" />
    <nd ref="32020" />
    <nd ref="32021" />
    <nd ref="32022" />
    <nd ref="32023" />
    <nd ref="32024" />
    <nd ref="32025" />
    <nd ref="32026" />
    <nd ref="32027" />
    <nd ref="32028" />
    <nd ref="32029" />
    <nd ref="32030" />
    <nd ref="32031" />
    <nd ref="32032" />
    <nd ref="32033" />
    <nd ref="32034" />
    <nd ref="32035" />
    <nd ref="32036" />
    <nd ref="32037" />
    <nd ref="32038" />
    <nd ref="32039" />
    <nd ref="32040" />
    <nd ref="32041" />
    <nd ref="32042" />
    <nd ref="32043" />
    <nd ref="32044" />
    <nd ref="32045" />
    <nd ref="32046" />
    <nd ref="32047" />
    <nd ref="32048" />
    <nd ref="32049" />
    <nd ref="32050" />
    <nd ref="32051" />
    <nd ref="32052" />
    <nd ref="32053" />
    <nd ref="32054" />
    <nd ref="32055" />
    <nd ref="32056" />
    <nd ref="32057" />
    <nd ref="32058" />
    <nd ref="32059" />
    <nd ref="32060" />
    <nd ref="32061" />
    <nd ref="32062" />
    <nd ref="32063" />
    <nd ref="32064" />
    <nd ref="32065" />
    <nd ref="32066" />
    <nd ref="32067" />
    <nd ref="32068" />
    <nd ref="32069" />
    <nd ref="32070" />
    <nd ref="32071" />
    <nd ref="32072" />
    <nd ref="32073" />
    <nd ref="32074" />
    <nd ref="32075" />
    <nd ref="32076" />
    <nd ref="32077" />
    <nd ref="32078" />
    <nd ref="32079" />
    <nd ref="32080" />
    <nd ref="32081" />
    <nd ref="32082" />
    <nd ref="32083" />
    <nd ref="32084" />
    <nd ref="32085" />
    <nd ref="32086" />
    <nd ref="32087" />
    <nd ref="32088" />
    <nd ref="32089" />
    <nd ref="32090" />
    <nd ref="32091" />
    <nd ref="32092" />
    <nd ref="32093" />
    <nd ref="32094" />
    <nd ref="32095" />
    <nd ref="32096" />
    <nd ref="32097" />
    <nd ref="32098" />
    <nd ref="32099" />
    <nd ref="32100" />
    <nd ref="32101" />
    <nd ref="32102" />
    <nd ref="32103" />
    <nd ref="32104" />
    <nd ref="32105" />
    <nd ref="32106" />
    <nd ref="32107" />
    <nd ref="32108" />
    <nd ref="32109" />
    <nd ref="32110" />
    <nd ref="32111" />
    <nd ref="32112" />
    <nd ref="32113" />
    <nd ref="32114" />
    <nd ref="32115" />
    <nd ref="32116" />
    <nd ref="32117" />
    <nd ref="32118" />
    <nd ref="32119" />
    <nd ref="32120" />
    <nd ref="32121" />
    <nd ref="32122" />
    <nd ref="32123" />
    <nd ref="32124" />
    <nd ref="32125" />
    <nd ref="32126" />
    <nd ref="32127" />
    <nd ref="32128" />
    <nd ref="32129" />
    <nd ref="32130" />
    <nd ref="32131" />
    <nd ref="32132" />
    <nd ref="32133" />
    <nd ref="32134" />
    <nd ref="32135" />
    <nd ref="32136" />
    <nd ref="32137" />
    <nd ref="32138" />
    <nd ref="32139" />
    <nd ref="32140" />
    <nd ref="32141" />
    <nd ref="32142" />
    <nd ref="32143" />
    <nd ref="32144" />
    <nd ref="32145" />
    <nd ref="32146" />
    <nd ref="32147" />
    <nd ref="32148" />
    <nd ref="32149" />
    <nd ref="32150" />
    <nd ref="32151" />
    <nd ref="32152" />
    <nd ref="32153" />
    <nd ref="32154" />
    <nd ref="32155" />
    <nd ref="32156" />
    <nd ref="32157" />
    <nd ref="32158" />
    <nd ref="32159" />
    <nd ref="32160" />
    <nd ref="32161" />
    <nd ref="32162" />
    <nd ref="32163" />
    <nd ref="32164" />
    <nd ref="32165" />
    <nd ref="32166" />
    <nd ref="32167" />
    <nd ref="32168" />
    <nd ref="32169" />
    <nd ref="32170" />
    <nd ref="32171" />
    <nd ref="32172" />
    <nd ref="32173" />
    <nd ref="32174" />
    <nd ref="32175" />
    <nd ref="32176" />
    <nd ref="32177" />
    <nd ref="32178" />
    <nd ref="32179" />
    <nd ref="32180" />
    <nd ref="32181" />
    <nd ref="32182" />
    <nd ref="32183" />
    <nd ref="32184" />
    <nd ref="32185" />
    <nd ref="32186" />
    <nd ref="32187" />
    <nd ref="32188" />
    <nd ref="32189" />
    <nd ref="32190" />
    <nd ref="32191" />
    <nd ref="32192" />
    <nd ref="32193" />
    <nd ref="32194" />
    <nd ref="32195" />
    <nd ref="32196" />
    <nd ref="32197" />
    <nd ref="32198" />
    <nd ref="32199" />
    <nd ref="32200" />
    <nd ref="32201" />
    <nd ref="32202" />
    <nd ref="32203" />
    <nd ref="32204" />
    <nd ref="32205" />
    <nd ref="32206" />
    <nd ref="32207" />
    <nd ref="32208" />
    <nd ref="32209" />
    <nd ref="32210" />
    <nd ref="32211" />
    <nd ref="32212" />
    <nd ref="32213" />
    <nd ref="32214" />
    <nd ref="32215" />
    <nd ref="32216" />
    <nd ref="32217" />
    <nd ref="32218" />
    <nd ref="32219" />
    <nd ref="32220" />
    <nd ref="32221" />
    <nd ref="32222" />
    <nd ref="32223" />
    <nd ref="32224" />
    <nd ref="32225" />
    <nd ref="32226" />
    <nd ref="32227" />
    <nd ref="32228" />
    <nd ref="32229" />
    <nd ref="32230" />
    <nd ref="32231" />
    <nd ref="32232" />
    <nd ref="32233" />
    <nd ref="32234" />
    <nd ref="32235" />
    <nd ref="32236" />
    <nd ref="32237" />
    <nd ref="32238" />
    <nd ref="32239" />
    <nd ref="32240" />
    <nd ref="32241" />
    <nd ref="32242" />
    <nd ref="32243" />
    <nd ref="32244" />
    <nd ref="32245" />
    <nd ref="32246" />
    <nd ref="32247" />
    <nd ref="32248" />
    <nd ref="32249" />
    <nd ref="32250" />
    <nd ref="32251" />
    <nd ref="32252" />
    <nd ref="32253" />
    <nd ref="32254" />
    <nd ref="32255" />
    <nd ref="32256" />
    <nd ref="32257" />
    <nd ref="32258" />
    <nd ref="32259" />
    <nd ref="32260" />
    <nd ref="32261" />
    <nd ref="32262" />
    <nd ref="32263" />
    <nd ref="32264" />
    <nd ref="32265" />
    <nd ref="32266" />
    <nd ref="32267" />
    <nd ref="32268" />
    <nd ref="32269" />
    <nd ref="32270" />
    <nd ref="32271" />
    <nd ref="32272" />
    <nd ref="32273" />
    <nd ref="32274" />
    <nd ref="32275" />
    <nd ref="32276" />
    <nd ref="32277" />
    <nd ref="32278" />
    <nd ref="32279" />
    <nd ref="32280" />
    <nd ref="32281" />
    <nd ref="32282" />
    <nd ref="32283" />
    <nd ref="32284" />
    <nd ref="32285" />
    <nd ref="32286" />
    <nd ref="32287" />
    <nd ref="32288" />
    <nd ref="32289" />
    <nd ref="32290" />
    <nd ref="32291" />
    <nd ref="32292" />
    <nd ref="32293" />
    <nd ref="32294" />
    <nd ref="32295" />
    <nd ref="32296" />
    <nd ref="32297" />
    <nd ref="32298" />
    <nd ref="32299" />
    <nd ref="32300" />
    <nd ref="32301" />
    <nd ref="32302" />
    <nd ref="32303" />
    <nd ref="32304" />
    <nd ref="32305" />
    <nd ref="32306" />
    <nd ref="32307" />
    <nd ref="32308" />
    <nd ref="32309" />
    <nd ref="32310" />
    <nd ref="32311" />
    <nd ref="32312" />
    <nd ref="32313" />
    <nd ref="32314" />
    <nd ref="32315" />
    <nd ref="32316" />
    <nd ref="32317" />
    <nd ref="32318" />
    <nd ref="32319" />
    <nd ref="32320" />
    <nd ref="32321" />
    <nd ref="32322" />
    <nd ref="32323" />
    <nd ref="32324" />
    <nd ref="32325" />
    <nd ref="32326" />
    <nd ref="32327" />
    <nd ref="32328" />
    <nd ref="32329" />
    <nd ref="32330" />
    <nd ref="32331" />
    <nd ref="32332" />
    <nd ref="32333" />
    <nd ref="32334" />
    <nd ref="32335" />
    <nd ref="32336" />
    <nd ref="32337" />
    <nd ref="32338" />
    <nd ref="32339" />
    <nd ref="32340" />
    <nd ref="32341" />
    <nd ref="32342" />
    <nd ref="32343" />
    <nd ref="32344" />
    <nd ref="32345" />
    <nd ref="32346" />
    <nd ref="32347" />
    <nd ref="32348" />
    <nd ref="32349" />
    <nd ref="32350" />
    <nd ref="32351" />
    <nd ref="32352" />
    <nd ref="32353" />
    <nd ref="32354" />
    <nd ref="32355" />
    <nd ref="32356" />
    <nd ref="32357" />
    <nd ref="32358" />
    <nd ref="32359" />
    <nd ref="32360" />
    <nd ref="32361" />
    <nd ref="32362" />
    <nd ref="32363" />
    <nd ref="32364" />
    <nd ref="32365" />
    <nd ref="32366" />
    <nd ref="32367" />
    <nd ref="32368" />
    <nd ref="32369" />
    <nd ref="32370" />
    <nd ref="32371" />
    <nd ref="32372" />
    <nd ref="32373" />
    <nd ref="32374" />
    <nd ref="32375" />
    <nd ref="32376" />
    <nd ref="32377" />
    <nd ref="32378" />
    <nd ref="32379" />
    <nd ref="32380" />
    <nd ref="32381" />
    <nd ref="32382" />
    <nd ref="32383" />
    <nd ref="32384" />
    <nd ref="32385" />
    <nd ref="32386" />
    <nd ref="32387" />
    <nd ref="32388" />
    <nd ref="32389" />
    <nd ref="32390" />
    <nd ref="32391" />
    <nd ref="32392" />
    <nd ref="32393" />
    <nd ref="32394" />
    <nd ref="32395" />
    <nd ref="32396" />
    <nd ref="32397" />
    <nd ref="32398" />
    <nd ref="32399" />
    <nd ref="32400" />
    <nd ref="32401" />
    <nd ref="32402" />
    <nd ref="32403" />
    <nd ref="32404" />
    <nd ref="32405" />
    <nd ref="32406" />
    <nd ref="32407" />
    <nd ref="32408" />
    <nd ref="32409" />
    <nd ref="32410" />
    <nd ref="32411" />
    <nd ref="32412" />
    <nd ref="32413" />
    <nd ref="32414" />
    <nd ref="32415" />
    <nd ref="32416" />
    <nd ref="32417" />
    <nd ref="32418" />
    <nd ref="32419" />
    <nd ref="32420" />
    <nd ref="32421" />
    <nd ref="32422" />
    <nd ref="32423" />
    <nd ref="32424" />
    <nd ref="32425" />
    <nd ref="32426" />
    <nd ref="32427" />
    <nd ref="32428" />
    <nd ref="32429" />
    <nd ref="32430" />
    <nd ref="32431" />
    <nd ref="32432" />
    <nd ref="32433" />
    <nd ref="32434" />
    <nd ref="32435" />
    <nd ref="32436" />
    <nd ref="32437" />
    <nd ref="32438" />
    <tag k="subtype" v="solid" />
    <tag k="type" v="line_thin" />
  </way>
  <relation id="1000" visible="true" version="1">
    <member type="way" ref="30435" role="left" />
    <member type="way" ref="28431" role="right" />
    <member type="way" ref="29433" role="centerline" />
    <tag k="location" v="nonurban" />
    <tag k="one_way" v="yes" />
    <tag k="region" v="de" />
    <tag k="speed_limit" v="18.0" />
    <tag k="subtype" v="highway" />
    <tag k="type" v="lanelet" />
  </relation>
  <relation id="1001" visible="true" version="1">
    <member type="way" ref="32439" role="left" />
    <member type="way" ref="30435" role="right" />
    <member type="way" ref="31437" role="centerline" />
    <tag k="location" v="nonurban" />
    <tag k="one_way" v="yes" />
    <tag k="region" v="de" />
    <tag k="speed_limit" v="18.0" />
    <tag k="subtype" v="highway" />
    <tag k="type" v="lanelet" />
  </relation>
</osm>
