<?xml version="1.0"?>
<osm version="0.6" upload="false" generator="lanelet2">
  <node id="22420" visible="true" version="1" lat="49.9999325446" lon="9" />
  <node id="22421" visible="true" version="1" lat="49.9999325446" lon="9.00000697669" />
  <node id="22422" visible="true" version="1" lat="49.9999325446" lon="9.00001395339" />
  <node id="22423" visible="true" version="1" lat="49.9999325446" lon="9.00002093008" />
  <node id="22424" visible="true" version="1" lat="49.99993254459" lon="9.00002790678" />
  <node id="22425" visible="true" version="1" lat="49.99993254459" lon="9.00003488347" />
  <node id="22426" visible="true" version="1" lat="49.99993254459" lon="9.00004186017" />
  <node id="22427" visible="true" version="1" lat="49.99993254459" lon="9.00004883686" />
  <node id="22428" visible="true" version="1" lat="49.99993254458" lon="9.00005581356" />
  <node id="22429" visible="true" version="1" lat="49.99993254458" lon="9.00006279025" />
  <node id="22430" visible="true" version="1" lat="49.99993254458" lon="9.00006976695" />
  <node id="22431" visible="true" version="1" lat="49.99993254457" lon="9.00007674364" />
  <node id="22432" visible="true" version="1" lat="49.99993254457" lon="9.00008372034" />
  <node id="22433" visible="true" version="1" lat="49.99993254456" lon="9.00009069703" />
  <node id="22434" visible="true" version="1" lat="49.99993254456" lon="9.00009767372" />
  <node id="22435" visible="true" version="1" lat="49.99993254455" lon="9.00010465042" />
  <node id="22436" visible="true" version="1" lat="49.99993254454" lon="9.00011162711" />
  <node id="22437" visible="true" version="1" lat="49.99993254454" lon="9.00011860381" />
  <node id="22438" visible="true" version="1" lat="49.99993254453" lon="9.0001255805" />
  <node id="22439" visible="true" version="1" lat="49.99993254452" lon="9.0001325572" />
  <node id="22440" visible="true" version="1" lat="49.99993254451" lon="9.00013953389" />
  <node id="22441" visible="true" version="1" lat="49.99993254451" lon="9.00014651059" />
  <node id="22442" visible="true" version="1" lat="49.9999325445" lon="9.00015348728" />
  <node id="22443" visible="true" version="1" lat="49.99993254449" lon="9.00016046398" />
  <node id="22444" visible="true" version="1" lat="49.99993254448" lon="9.00016744067" />
  <node id="22445" visible="true" version="1" lat="49.99993254447" lon="9.00017441737" />
  <node id="22446" visible="true" version="1" lat="49.99993254446" lon="9.00018139406" />
  <node id="22447" visible="true" version="1" lat="49.99993254444" lon="9.00018837076" />
  <node id="22448" visible="true" version="1" lat="49.99993254443" lon="9.00019534745" />
  <node id="22449" visible="true" version="1" lat="49.99993254442" lon="9.00020232414" />
  <node id="22450" visible="true" version="1" lat="49.99993254441" lon="9.00020930084" />
  <node id="22451" visible="true" version="1" lat="49.9999325444" lon="9.00021627753" />
  <node id="22452" visible="true" version="1" lat="49.99993254438" lon="9.00022325423" />
  <node id="22453" visible="true" version="1" lat="49.99993254437" lon="9.00023023092" />
  <node id="22454" visible="true" version="1" lat="49.99993254436" lon="9.00023720762" />
  <node id="22455" visible="true" version="1" lat="49.99993254434" lon="9.00024418431" />
  <node id="22456" visible="true" version="1" lat="49.99993254433" lon="9.00025116101" />
  <node id="22457" visible="true" version="1" lat="49.99993254431" lon="9.0002581377" />
  <node id="22458" visible="true" version="1" lat="49.99993254429" lon="9.0002651144" />
  <node id="22459" visible="true" version="1" lat="49.99993254428" lon="9.00027209109" />
  <node id="22460" visible="true" version="1" lat="49.99993254426" lon="9.00027906779" />
  <node id="22461" visible="true" version="1" lat="49.99993254425" lon="9.00028604448" />
  <node id="22462" visible="true" version="1" lat="49.99993254423" lon="9.00029302117" />
  <node id="22463" visible="true" version="1" lat="49.99993254421" lon="9.00029999787" />
  <node id="22464" visible="true" version="1" lat="49.99993254419" lon="9.00030697456" />
  <node id="22465" visible="true" version="1" lat="49.99993254417" lon="9.00031395126" />
  <node id="22466" visible="true" version="1" lat="49.99993254415" lon="9.00032092795" />
  <node id="22467" visible="true" version="1" lat="49.99993254413" lon="9.00032790465" />
  <node id="22468" visible="true" version="1" lat="49.99993254411" lon="9.00033488134" />
  <node id="22469" visible="true" version="1" lat="49.99993254409" lon="9.00034185804" />
  <node id="22470" visible="true" version="1" lat="49.99993254407" lon="9.00034883473" />
  <node id="22471" visible="true" version="1" lat="49.99993254405" lon="9.00035581143" />
  <node id="22472" visible="true" version="1" lat="49.99993254403" lon="9.00036278812" />
  <node id="22473" visible="true" version="1" lat="49.99993254401" lon="9.00036976482" />
  <node id="22474" visible="true" version="1" lat="49.99993254399" lon="9.00037674151" />
  <node id="22475" visible="true" version="1" lat="49.99993254396" lon="9.00038371821" />
  <node id="22476" visible="true" version="1" lat="49.99993254394" lon="9.0003906949" />
  <node id="22477" visible="true" version="1" lat="49.99993254392" lon="9.00039767159" />
  <node id="22478" visible="true" version="1" lat="49.99993254389" lon="9.00040464829" />
  <node id="22479" visible="true" version="1" lat="49.99993254387" lon="9.00041162498" />
  <node id="22480" visible="true" version="1" lat="49.99993254384" lon="9.00041860168" />
  <node id="22481" visible="true" version="1" lat="49.99993254382" lon="9.00042557837" />
  <node id="22482" visible="true" version="1" lat="49.99993254379" lon="9.00043255507" />
  <node id="22483" visible="true" version="1" lat="49.99993254377" lon="9.00043953176" />
  <node id="22484" visible="true" version="1" lat="49.99993254374" lon="9.00044650846" />
  <node id="22485" visible="true" version="1" lat="49.99993254371" lon="9.00045348515" />
  <node id="22486" visible="true" version="1" lat="49.99993254368" lon="9.00046046185" />
  <node id="22487" visible="true" version="1" lat="49.99993254366" lon="9.00046743854" />
  <node id="22488" visible="true" version="1" lat="49.99993254363" lon="9.00047441524" />
  <node id="22489" visible="true" version="1" lat="49.9999325436" lon="9.00048139193" />
  <node id="22490" visible="true" version="1" lat="49.99993254357" lon="9.00048836862" />
  <node id="22491" visible="true" version="1" lat="49.99993254354" lon="9.00049534532" />
  <node id="22492" visible="true" version="1" lat="49.99993254351" lon="9.00050232201" />
  <node id="22493" visible="true" version="1" lat="49.99993254348" lon="9.00050929871" />
  <node id="22494" visible="true" version="1" lat="49.99993254345" lon="9.0005162754" />
  <node id="22495" visible="true" version="1" lat="49.99993254342" lon="9.0005232521" />
  <node id="22496" visible="true" version="1" lat="49.99993254339" lon="9.00053022879" />
  <node id="22497" visible="true" version="1" lat="49.99993254335" lon="9.00053720549" />
  <node id="22498" visible="true" version="1" lat="49.99993254332" lon="9.00054418218" />
  <node id="22499" visible="true" version="1" lat="49.99993254329" lon="9.00055115888" />
  <node id="22500" visible="true" version="1" lat="49.99993254326" lon="9.00055813557" />
  <node id="22501" visible="true" version="1" lat="49.99993254322" lon="9.00056511227" />
  <node id="22502" visible="true" version="1" lat="49.99993254319" lon="9.00057208896" />
  <node id="22503" visible="true" version="1" lat="49.99993254315" lon="9.00057906566" />
  <node id="22504" visible="true" version="1" lat="49.99993254312" lon="9.00058604235" />
  <node id="22505" visible="true" version="1" lat="49.99993254308" lon="9.00059301904" />
  <node id="22506" visible="true" version="1" lat="49.99993254305" lon="9.00059999574" />
  <node id="22507" visible="true" version="1" lat="49.99993254301" lon="9.00060697243" />
  <node id="22508" visible="true" version="1" lat="49.99993254297" lon="9.00061394913" />
  <node id="22509" visible="true" version="1" lat="49.99993254294" lon="9.00062092582" />
  <node id="22510" visible="true" version="1" lat="49.9999325429" lon="9.00062790252" />
  <node id="22511" visible="true" version="1" lat="49.99993254286" lon="9.00063487921" />
  <node id="22512" visible="true" version="1" lat="49.99993254282" lon="9.00064185591" />
  <node id="22513" visible="true" version="1" lat="49.99993254278" lon="9.0006488326" />
  <node id="22514" visible="true" version="1" lat="49.99993254274" lon="9.0006558093" />
  <node id="22515" visible="true" version="1" lat="49.9999325427" lon="9.00066278599" />
  <node id="22516" visible="true" version="1" lat="49.99993254266" lon="9.00066976269" />
  <node id="22517" visible="true" version="1" lat="49.99993254262" lon="9.00067673938" />
  <node id="22518" visible="true" version="1" lat="49.99993254258" lon="9.00068371607" />
  <node id="22519" visible="true" version="1" lat="49.99993254254" lon="9.00069069277" />
  <node id="22520" visible="true" version="1" lat="49.9999325425" lon="9.00069766946" />
  <node id="22521" visible="true" version="1" lat="49.99993254246" lon="9.00070464616" />
  <node id="22522" visible="true" version="1" lat="49.99993254242" lon="9.00071162285" />
  <node id="22523" visible="true" version="1" lat="49.99993254237" lon="9.00071859955" />
  <node id="22524" visible="true" version="1" lat="49.99993254233" lon="9.00072557624" />
  <node id="22525" visible="true" version="1" lat="49.99993254229" lon="9.00073255294" />
  <node id="22526" visible="true" version="1" lat="49.99993254224" lon="9.00073952963" />
  <node id="22527" visible="true" version="1" lat="49.9999325422" lon="9.00074650633" />
  <node id="22528" visible="true" version="1" lat="49.99993254215" lon="9.00075348302" />
  <node id="22529" visible="true" version="1" lat="49.99993254211" lon="9.00076045972" />
  <node id="22530" visible="true" version="1" lat="49.99993254206" lon="9.00076743641" />
  <node id="22531" visible="true" version="1" lat="49.99993254201" lon="9.00077441311" />
  <node id="22532" visible="true" version="1" lat="49.99993254197" lon="9.0007813898" />
  <node id="22533" visible="true" version="1" lat="49.99993254192" lon="9.00078836649" />
  <node id="22534" visible="true" version="1" lat="49.99993254187" lon="9.00079534319" />
  <node id="22535" visible="true" version="1" lat="49.99993254182" lon="9.00080231988" />
  <node id="22536" visible="true" version="1" lat="49.99993254178" lon="9.00080929658" />
  <node id="22537" visible="true" version="1" lat="49.99993254173" lon="9.00081627327" />
  <node id="22538" visible="true" version="1" lat="49.99993254168" lon="9.00082324997" />
  <node id="22539" visible="true" version="1" lat="49.99993254163" lon="9.00083022666" />
  <node id="22540" visible="true" version="1" lat="49.99993254158" lon="9.00083720336" />
  <node id="22541" visible="true" version="1" lat="49.99993254153" lon="9.00084418005" />
  <node id="22542" visible="true" version="1" lat="49.99993254148" lon="9.00085115675" />
  <node id="22543" visible="true" version="1" lat="49.99993254142" lon="9.00085813344" />
  <node id="22544" visible="true" version="1" lat="49.99993254137" lon="9.00086511014" />
  <node id="22545" visible="true" version="1" lat="49.99993254132" lon="9.00087208683" />
  <node id="22546" visible="true" version="1" lat="49.99993254127" lon="9.00087906352" />
  <node id="22547" visible="true" version="1" lat="49.99993254121" lon="9.00088604022" />
  <node id="22548" visible="true" version="1" lat="49.99993254116" lon="9.00089301691" />
  <node id="22549" visible="true" version="1" lat="49.99993254111" lon="9.00089999361" />
  <node id="22550" visible="true" version="1" lat="49.99993254105" lon="9.0009069703" />
  <node id="22551" visible="true" version="1" lat="49.999932541" lon="9.000913947" />
  <node id="22552" visible="true" version="1" lat="49.99993254094" lon="9.00092092369" />
  <node id="22553" visible="true" version="1" lat="49.99993254089" lon="9.00092790039" />
  <node id="22554" visible="true" version="1" lat="49.99993254083" lon="9.00093487708" />
  <node id="22555" visible="true" version="1" lat="49.99993254078" lon="9.00094185378" />
  <node id="22556" visible="true" version="1" lat="49.99993254072" lon="9.00094883047" />
  <node id="22557" visible="true" version="1" lat="49.99993254066" lon="9.00095580717" />
  <node id="22558" visible="true" version="1" lat="49.9999325406" lon="9.00096278386" />
  <node id="22559" visible="true" version="1" lat="49.99993254055" lon="9.00096976056" />
  <node id="22560" visible="true" version="1" lat="49.99993254049" lon="9.00097673725" />
  <node id="22561" visible="true" version="1" lat="49.99993254043" lon="9.00098371394" />
  <node id="22562" visible="true" version="1" lat="49.99993254037" lon="9.00099069064" />
  <node id="22563" visible="true" version="1" lat="49.99993254031" lon="9.00099766733" />
  <node id="22564" visible="true" version="1" lat="49.99993254025" lon="9.00100464403" />
  <node id="22565" visible="true" version="1" lat="49.99993254019" lon="9.00101162072" />
  <node id="22566" visible="true" version="1" lat="49.99993254013" lon="9.00101859742" />
  <node id="22567" visible="true" version="1" lat="49.99993254007" lon="9.00102557411" />
  <node id="22568" visible="true" version="1" lat="49.99993254" lon="9.00103255081" />
  <node id="22569" visible="true" version="1" lat="49.99993253994" lon="9.0010395275" />
  <node id="22570" visible="true" version="1" lat="49.99993253988" lon="9.0010465042" />
  <node id="22571" visible="true" version="1" lat="49.99993253982" lon="9.00105348089" />
  <node id="22572" visible="true" version="1" lat="49.99993253975" lon="9.00106045759" />
  <node id="22573" visible="true" version="1" lat="49.99993253969" lon="9.00106743428" />
  <node id="22574" visible="true" version="1" lat="49.99993253962" lon="9.00107441097" />
  <node id="22575" visible="true" version="1" lat="49.99993253956" lon="9.00108138767" />
  <node id="22576" visible="true" version="1" lat="49.99993253949" lon="9.00108836436" />
  <node id="22577" visible="true" version="1" lat="49.99993253943" lon="9.00109534106" />
  <node id="22578" visible="true" version="1" lat="49.99993253936" lon="9.00110231775" />
  <node id="22579" visible="true" version="1" lat="49.9999325393" lon="9.00110929445" />
  <node id="22580" visible="true" version="1" lat="49.99993253923" lon="9.00111627114" />
  <node id="22581" visible="true" version="1" lat="49.99993253916" lon="9.00112324784" />
  <node id="22582" visible="true" version="1" lat="49.99993253909" lon="9.00113022453" />
  <node id="22583" visible="true" version="1" lat="49.99993253903" lon="9.00113720123" />
  <node id="22584" visible="true" version="1" lat="49.99993253896" lon="9.00114417792" />
  <node id="22585" visible="true" version="1" lat="49.99993253889" lon="9.00115115462" />
  <node id="22586" visible="true" version="1" lat="49.99993253882" lon="9.00115813131" />
  <node id="22587" visible="true" version="1" lat="49.99993253875" lon="9.00116510801" />
  <node id="22588" visible="true" version="1" lat="49.99993253868" lon="9.0011720847" />
  <node id="22589" visible="true" version="1" lat="49.99993253861" lon="9.00117906139" />
  <node id="22590" visible="true" version="1" lat="49.99993253854" lon="9.00118603809" />
  <node id="22591" visible="true" version="1" lat="49.99993253846" lon="9.00119301478" />
  <node id="22592" visible="true" version="1" lat="49.99993253839" lon="9.00119999148" />
  <node id="22593" visible="true" version="1" lat="49.99993253832" lon="9.00120696817" />
  <node id="22594" visible="true" version="1" lat="49.99993253825" lon="9.00121394487" />
  <node id="22595" visible="true" version="1" lat="49.99993253817" lon="9.00122092156" />
  <node id="22596" visible="true" version="1" lat="49.9999325381" lon="9.00122789826" />
  <node id="22597" visible="true" version="1" lat="49.99993253803" lon="9.00123487495" />
  <node id="22598" visible="true" version="1" lat="49.99993253795" lon="9.00124185165" />
  <node id="22599" visible="true" version="1" lat="49.99993253788" lon="9.00124882834" />
  <node id="22600" visible="true" version="1" lat="49.9999325378" lon="9.00125580504" />
  <node id="22601" visible="true" version="1" lat="49.99993253773" lon="9.00126278173" />
  <node id="22602" visible="true" version="1" lat="49.99993253765" lon="9.00126975842" />
  <node id="22603" visible="true" version="1" lat="49.99993253757" lon="9.00127673512" />
  <node id="22604" visible="true" version="1" lat="49.9999325375" lon="9.00128371181" />
  <node id="22605" visible="true" version="1" lat="49.99993253742" lon="9.00129068851" />
  <node id="22606" visible="true" version="1" lat="49.99993253734" lon="9.0012976652" />
  <node id="22607" visible="true" version="1" lat="49.99993253726" lon="9.0013046419" />
  <node id="22608" visible="true" version="1" lat="49.99993253718" lon="9.00131161859" />
  <node id="22609" visible="true" version="1" lat="49.99993253711" lon="9.00131859529" />
  <node id="22610" visible="true" version="1" lat="49.99993253703" lon="9.00132557198" />
  <node id="22611" visible="true" version="1" lat="49.99993253695" lon="9.00133254868" />
  <node id="22612" visible="true" version="1" lat="49.99993253687" lon="9.00133952537" />
  <node id="22613" visible="true" version="1" lat="49.99993253679" lon="9.00134650207" />
  <node id="22614" visible="true" version="1" lat="49.9999325367" lon="9.00135347876" />
  <node id="22615" visible="true" version="1" lat="49.99993253662" lon="9.00136045546" />
  <node id="22616" visible="true" version="1" lat="49.99993253654" lon="9.00136743215" />
  <node id="22617" visible="true" version="1" lat="49.99993253646" lon="9.00137440884" />
  <node id="22618" visible="true" version="1" lat="49.99993253638" lon="9.00138138554" />
  <node id="22619" visible="true" version="1" lat="49.99993253629" lon="9.00138836223" />
  <node id="22620" visible="true" version="1" lat="49.99993253621" lon="9.00139533893" />
  <node id="22621" visible="true" version="1" lat="49.99993253612" lon="9.00140231562" />
  <node id="22622" visible="true" version="1" lat="49.99993253604" lon="9.00140929232" />
  <node id="22623" visible="true" version="1" lat="49.99993253595" lon="9.00141626901" />
  <node id="22624" visible="true" version="1" lat="49.99993253587" lon="9.00142324571" />
  <node id="22625" visible="true" version="1" lat="49.99993253578" lon="9.0014302224" />
  <node id="22626" visible="true" version="1" lat="49.9999325357" lon="9.0014371991" />
  <node id="22627" visible="true" version="1" lat="49.99993253561" lon="9.00144417579" />
  <node id="22628" visible="true" version="1" lat="49.99993253552" lon="9.00145115249" />
  <node id="22629" visible="true" version="1" lat="49.99993253544" lon="9.00145812918" />
  <node id="22630" visible="true" version="1" lat="49.99993253535" lon="9.00146510587" />
  <node id="22631" visible="true" version="1" lat="49.99993253526" lon="9.00147208257" />
  <node id="22632" visible="true" version="1" lat="49.99993253517" lon="9.00147905926" />
  <node id="22633" visible="true" version="1" lat="49.99993253508" lon="9.00148603596" />
  <node id="22634" visible="true" version="1" lat="49.99993253499" lon="9.00149301265" />
  <node id="22635" visible="true" version="1" lat="49.9999325349" lon="9.00149998935" />
  <node id="22636" visible="true" version="1" lat="49.99993253481" lon="9.00150696604" />
  <node id="22637" visible="true" version="1" lat="49.99993253472" lon="9.00151394274" />
  <node id="22638" visible="true" version="1" lat="49.99993253463" lon="9.00152091943" />
  <node id="22639" visible="true" version="1" lat="49.99993253454" lon="9.00152789613" />
  <node id="22640" visible="true" version="1" lat="49.99993253445" lon="9.00153487282" />
  <node id="22641" visible="true" version="1" lat="49.99993253435" lon="9.00154184952" />
  <node id="22642" visible="true" version="1" lat="49.99993253426" lon="9.00154882621" />
  <node id="22643" visible="true" version="1" lat="49.99993253417" lon="9.00155580291" />
  <node id="22644" visible="true" version="1" lat="49.99993253407" lon="9.0015627796" />
  <node id="22645" visible="true" version="1" lat="49.99993253398" lon="9.00156975629" />
  <node id="22646" visible="true" version="1" lat="49.99993253389" lon="9.00157673299" />
  <node id="22647" visible="true" version="1" lat="49.99993253379" lon="9.00158370968" />
  <node id="22648" visible="true" version="1" lat="49.99993253369" lon="9.00159068638" />
  <node id="22649" visible="true" version="1" lat="49.9999325336" lon="9.00159766307" />
  <node id="22650" visible="true" version="1" lat="49.9999325335" lon="9.00160463977" />
  <node id="22651" visible="true" version="1" lat="49.99993253341" lon="9.00161161646" />
  <node id="22652" visible="true" version="1" lat="49.99993253331" lon="9.00161859316" />
  <node id="22653" visible="true" version="1" lat="49.99993253321" lon="9.00162556985" />
  <node id="22654" visible="true" version="1" lat="49.99993253311" lon="9.00163254655" />
  <node id="22655" visible="true" version="1" lat="49.99993253302" lon="9.00163952324" />
  <node id="22656" visible="true" version="1" lat="49.99993253292" lon="9.00164649994" />
  <node id="22657" visible="true" version="1" lat="49.99993253282" lon="9.00165347663" />
  <node id="22658" visible="true" version="1" lat="49.99993253272" lon="9.00166045332" />
  <node id="22659" visible="true" version="1" lat="49.99993253262" lon="9.00166743002" />
  <node id="22660" visible="true" version="1" lat="49.99993253252" lon="9.00167440671" />
  <node id="22661" visible="true" version="1" lat="49.99993253242" lon="9.00168138341" />
  <node id="22662" visible="true" version="1" lat="49.99993253231" lon="9.0016883601" />
  <node id="22663" visible="true" version="1" lat="49.99993253221" lon="9.0016953368" />
  <node id="22664" visible="true" version="1" lat="49.99993253211" lon="9.00170231349" />
  <node id="22665" visible="true" version="1" lat="49.99993253201" lon="9.00170929019" />
  <node id="22666" visible="true" version="1" lat="49.99993253191" lon="9.00171626688" />
  <node id="22667" visible="true" version="1" lat="49.9999325318" lon="9.00172324358" />
  <node id="22668" visible="true" version="1" lat="49.9999325317" lon="9.00173022027" />
  <node id="22669" visible="true" version="1" lat="49.99993253159" lon="9.00173719697" />
  <node id="22670" visible="true" version="1" lat="49.99993253149" lon="9.00174417366" />
  <node id="22671" visible="true" version="1" lat="49.99993253138" lon="9.00175115035" />
  <node id="22672" visible="true" version="1" lat="49.99993253128" lon="9.00175812705" />
  <node id="22673" visible="true" version="1" lat="49.99993253117" lon="9.00176510374" />
  <node id="22674" visible="true" version="1" lat="49.99993253107" lon="9.00177208044" />
  <node id="22675" visible="true" version="1" lat="49.99993253096" lon="9.00177905713" />
  <node id="22676" visible="true" version="1" lat="49.99993253085" lon="9.00178603383" />
  <node id="22677" visible="true" version="1" lat="49.99993253074" lon="9.00179301052" />
  <node id="22678" visible="true" version="1" lat="49.99993253064" lon="9.00179998722" />
  <node id="22679" visible="true" version="1" lat="49.99993253053" lon="9.00180696391" />
  <node id="22680" visible="true" version="1" lat="49.99993253042" lon="9.00181394061" />
  <node id="22681" visible="true" version="1" lat="49.99993253031" lon="9.0018209173" />
  <node id="22682" visible="true" version="1" lat="49.9999325302" lon="9.001827894" />
  <node id="22683" visible="true" version="1" lat="49.99993253009" lon="9.00183487069" />
  <node id="22684" visible="true" version="1" lat="49.99993252998" lon="9.00184184739" />
  <node id="22685" visible="true" version="1" lat="49.99993252987" lon="9.00184882408" />
  <node id="22686" visible="true" version="1" lat="49.99993252976" lon="9.00185580077" />
  <node id="22687" visible="true" version="1" lat="49.99993252965" lon="9.00186277747" />
  <node id="22688" visible="true" version="1" lat="49.99993252953" lon="9.00186975416" />
  <node id="22689" visible="true" version="1" lat="49.99993252942" lon="9.00187673086" />
  <node id="22690" visible="true" version="1" lat="49.99993252931" lon="9.00188370755" />
  <node id="22691" visible="true" version="1" lat="49.99993252919" lon="9.00189068425" />
  <node id="22692" visible="true" version="1" lat="49.99993252908" lon="9.00189766094" />
  <node id="22693" visible="true" version="1" lat="49.99993252897" lon="9.00190463764" />
  <node id="22694" visible="true" version="1" lat="49.99993252885" lon="9.00191161433" />
  <node id="22695" visible="true" version="1" lat="49.99993252874" lon="9.00191859103" />
  <node id="22696" visible="true" version="1" lat="49.99993252862" lon="9.00192556772" />
  <node id="22697" visible="true" version="1" lat="49.9999325285" lon="9.00193254442" />
  <node id="22698" visible="true" version="1" lat="49.99993252839" lon="9.00193952111" />
  <node id="22699" visible="true" version="1" lat="49.99993252827" lon="9.0019464978" />
  <node id="22700" visible="true" version="1" lat="49.99993252815" lon="9.0019534745" />
  <node id="22701" visible="true" version="1" lat="49.99993252804" lon="9.00196045119" />
  <node id="22702" visible="true" version="1" lat="49.99993252792" lon="9.00196742789" />
  <node id="22703" visible="true" version="1" lat="49.9999325278" lon="9.00197440458" />
  <node id="22704" visible="true" version="1" lat="49.99993252768" lon="9.00198138128" />
  <node id="22705" visible="true" version="1" lat="49.99993252756" lon="9.00198835797" />
  <node id="22706" visible="true" version="1" lat="49.99993252744" lon="9.00199533467" />
  <node id="22707" visible="true" version="1" lat="49.99993252732" lon="9.00200231136" />
  <node id="22708" visible="true" version="1" lat="49.9999325272" lon="9.00200928806" />
  <node id="22709" visible="true" version="1" lat="49.99993252708" lon="9.00201626475" />
  <node id="22710" visible="true" version="1" lat="49.99993252696" lon="9.00202324145" />
  <node id="22711" visible="true" version="1" lat="49.99993252684" lon="9.00203021814" />
  <node id="22712" visible="true" version="1" lat="49.99993252671" lon="9.00203719484" />
  <node id="22713" visible="true" version="1" lat="49.99993252659" lon="9.00204417153" />
  <node id="22714" visible="true" version="1" lat="49.99993252647" lon="9.00205114822" />
  <node id="22715" visible="true" version="1" lat="49.99993252635" lon="9.00205812492" />
  <node id="22716" visible="true" version="1" lat="49.99993252622" lon="9.00206510161" />
  <node id="22717" visible="true" version="1" lat="49.9999325261" lon="9.00207207831" />
  <node id="22718" visible="true" version="1" lat="49.99993252597" lon="9.002079055" />
  <node id="22719" visible="true" version="1" lat="49.99993252585" lon="9.0020860317" />
  <node id="22720" visible="true" version="1" lat="49.99993252572" lon="9.00209300839" />
  <node id="22721" visible="true" version="1" lat="49.9999325256" lon="9.00209998509" />
  <node id="22722" visible="true" version="1" lat="49.99993252547" lon="9.00210696178" />
  <node id="22723" visible="true" version="1" lat="49.99993252534" lon="9.00211393848" />
  <node id="22724" visible="true" version="1" lat="49.99993252521" lon="9.00212091517" />
  <node id="22725" visible="true" version="1" lat="49.99993252509" lon="9.00212789187" />
  <node id="22726" visible="true" version="1" lat="49.99993252496" lon="9.00213486856" />
  <node id="22727" visible="true" version="1" lat="49.99993252483" lon="9.00214184525" />
  <node id="22728" visible="true" version="1" lat="49.9999325247" lon="9.00214882195" />
  <node id="22729" visible="true" version="1" lat="49.99993252457" lon="9.00215579864" />
  <node id="22730" visible="true" version="1" lat="49.99993252444" lon="9.00216277534" />
  <node id="22731" visible="true" version="1" lat="49.99993252431" lon="9.00216975203" />
  <node id="22732" visible="true" version="1" lat="49.99993252418" lon="9.00217672873" />
  <node id="22733" visible="true" version="1" lat="49.99993252405" lon="9.00218370542" />
  <node id="22734" visible="true" version="1" lat="49.99993252392" lon="9.00219068212" />
  <node id="22735" visible="true" version="1" lat="49.99993252379" lon="9.00219765881" />
  <node id="22736" visible="true" version="1" lat="49.99993252365" lon="9.00220463551" />
  <node id="22737" visible="true" version="1" lat="49.99993252352" lon="9.0022116122" />
  <node id="22738" visible="true" version="1" lat="49.99993252339" lon="9.0022185889" />
  <node id="22739" visible="true" version="1" lat="49.99993252325" lon="9.00222556559" />
  <node id="22740" visible="true" version="1" lat="49.99993252312" lon="9.00223254228" />
  <node id="22741" visible="true" version="1" lat="49.99993252299" lon="9.00223951898" />
  <node id="22742" visible="true" version="1" lat="49.99993252285" lon="9.00224649567" />
  <node id="22743" visible="true" version="1" lat="49.99993252272" lon="9.00225347237" />
  <node id="22744" visible="true" version="1" lat="49.99993252258" lon="9.00226044906" />
  <node id="22745" visible="true" version="1" lat="49.99993252244" lon="9.00226742576" />
  <node id="22746" visible="true" version="1" lat="49.99993252231" lon="9.00227440245" />
  <node id="22747" visible="true" version="1" lat="49.99993252217" lon="9.00228137915" />
  <node id="22748" visible="true" version="1" lat="49.99993252203" lon="9.00228835584" />
  <node id="22749" visible="true" version="1" lat="49.9999325219" lon="9.00229533254" />
  <node id="22750" visible="true" version="1" lat="49.99993252176" lon="9.00230230923" />
  <node id="22751" visible="true" version="1" lat="49.99993252162" lon="9.00230928593" />
  <node id="22752" visible="true" version="1" lat="49.99993252148" lon="9.00231626262" />
  <node id="22753" visible="true" version="1" lat="49.99993252134" lon="9.00232323932" />
  <node id="22754" visible="true" version="1" lat="49.9999325212" lon="9.00233021601" />
  <node id="22755" visible="true" version="1" lat="49.99993252106" lon="9.0023371927" />
  <node id="22756" visible="true" version="1" lat="49.99993252092" lon="9.0023441694" />
  <node id="22757" visible="true" version="1" lat="49.99993252078" lon="9.00235114609" />
  <node id="22758" visible="true" version="1" lat="49.99993252064" lon="9.00235812279" />
  <node id="22759" visible="true" version="1" lat="49.99993252049" lon="9.00236509948" />
  <node id="22760" visible="true" version="1" lat="49.99993252035" lon="9.00237207618" />
  <node id="22761" visible="true" version="1" lat="49.99993252021" lon="9.00237905287" />
  <node id="22762" visible="true" version="1" lat="49.99993252007" lon="9.00238602957" />
  <node id="22763" visible="true" version="1" lat="49.99993251992" lon="9.00239300626" />
  <node id="22764" visible="true" version="1" lat="49.99993251978" lon="9.00239998296" />
  <node id="22765" visible="true" version="1" lat="49.99993251963" lon="9.00240695965" />
  <node id="22766" visible="true" version="1" lat="49.99993251949" lon="9.00241393635" />
  <node id="22767" visible="true" version="1" lat="49.99993251934" lon="9.00242091304" />
  <node id="22768" visible="true" version="1" lat="49.9999325192" lon="9.00242788973" />
  <node id="22769" visible="true" version="1" lat="49.99993251905" lon="9.00243486643" />
  <node id="22770" visible="true" version="1" lat="49.9999325189" lon="9.00244184312" />
  <node id="22771" visible="true" version="1" lat="49.99993251876" lon="9.00244881982" />
  <node id="22772" visible="true" version="1" lat="49.99993251861" lon="9.00245579651" />
  <node id="22773" visible="true" version="1" lat="49.99993251846" lon="9.00246277321" />
  <node id="22774" visible="true" version="1" lat="49.99993251831" lon="9.0024697499" />
  <node id="22775" visible="true" version="1" lat="49.99993251817" lon="9.0024767266" />
  <node id="22776" visible="true" version="1" lat="49.99993251802" lon="9.00248370329" />
  <node id="22777" visible="true" version="1" lat="49.99993251787" lon="9.00249067999" />
  <node id="22778" visible="true" version="1" lat="49.99993251772" lon="9.00249765668" />
  <node id="22779" visible="true" version="1" lat="49.99993251757" lon="9.00250463338" />
  <node id="22780" visible="true" version="1" lat="49.99993251742" lon="9.00251161007" />
  <node id="22781" visible="true" version="1" lat="49.99993251726" lon="9.00251858676" />
  <node id="22782" visible="true" version="1" lat="49.99993251711" lon="9.00252556346" />
  <node id="22783" visible="true" version="1" lat="49.99993251696" lon="9.00253254015" />
  <node id="22784" visible="true" version="1" lat="49.99993251681" lon="9.00253951685" />
  <node id="22785" visible="true" version="1" lat="49.99993251666" lon="9.00254649354" />
  <node id="22786" visible="true" version="1" lat="49.9999325165" lon="9.00255347024" />
  <node id="22787" visible="true" version="1" lat="49.99993251635" lon="9.00256044693" />
  <node id="22788" visible="true" version="1" lat="49.99993251619" lon="9.00256742363" />
  <node id="22789" visible="true" version="1" lat="49.99993251604" lon="9.00257440032" />
  <node id="22790" visible="true" version="1" lat="49.99993251588" lon="9.00258137702" />
  <node id="22791" visible="true" version="1" lat="49.99993251573" lon="9.00258835371" />
  <node id="22792" visible="true" version="1" lat="49.99993251557" lon="9.00259533041" />
  <node id="22793" visible="true" version="1" lat="49.99993251542" lon="9.0026023071" />
  <node id="22794" visible="true" version="1" lat="49.99993251526" lon="9.00260928379" />
  <node id="22795" visible="true" version="1" lat="49.9999325151" lon="9.00261626049" />
  <node id="22796" visible="true" version="1" lat="49.99993251495" lon="9.00262323718" />
  <node id="22797" visible="true" version="1" lat="49.99993251479" lon="9.00263021388" />
  <node id="22798" visible="true" version="1" lat="49.99993251463" lon="9.00263719057" />
  <node id="22799" visible="true" version="1" lat="49.99993251447" lon="9.00264416727" />
  <node id="22800" visible="true" version="1" lat="49.99993251431" lon="9.00265114396" />
  <node id="22801" visible="true" version="1" lat="49.99993251415" lon="9.00265812066" />
  <node id="22802" visible="true" version="1" lat="49.99993251399" lon="9.00266509735" />
  <node id="22803" visible="true" version="1" lat="49.99993251383" lon="9.00267207405" />
  <node id="22804" visible="true" version="1" lat="49.99993251367" lon="9.00267905074" />
  <node id="22805" visible="true" version="1" lat="49.99993251351" lon="9.00268602744" />
  <node id="22806" visible="true" version="1" lat="49.99993251335" lon="9.00269300413" />
  <node id="22807" visible="true" version="1" lat="49.99993251319" lon="9.00269998083" />
  <node id="22808" visible="true" version="1" lat="49.99993251302" lon="9.00270695752" />
  <node id="22809" visible="true" version="1" lat="49.99993251286" lon="9.00271393421" />
  <node id="22810" visible="true" version="1" lat="49.9999325127" lon="9.00272091091" />
  <node id="22811" visible="true" version="1" lat="49.99993251253" lon="9.0027278876" />
  <node id="22812" visible="true" version="1" lat="49.99993251237" lon="9.0027348643" />
  <node id="22813" visible="true" version="1" lat="49.9999325122" lon="9.00274184099" />
  <node id="22814" visible="true" version="1" lat="49.99993251204" lon="9.00274881769" />
  <node id="22815" visible="true" version="1" lat="49.99993251187" lon="9.00275579438" />
  <node id="22816" visible="true" version="1" lat="49.99993251171" lon="9.00276277108" />
  <node id="22817" visible="true" version="1" lat="49.99993251154" lon="9.00276974777" />
  <node id="22818" visible="true" version="1" lat="49.99993251137" lon="9.00277672447" />
  <node id="22819" visible="true" version="1" lat="49.99993251121" lon="9.00278370116" />
  <node id="22820" visible="true" version="1" lat="49.99993251104" lon="9.00279067786" />
  <node id="22821" visible="true" version="1" lat="49.99993251087" lon="9.00279765455" />
  <node id="22822" visible="true" version="1" lat="49.9999325107" lon="9.00280463124" />
  <node id="22823" visible="true" version="1" lat="49.99993251053" lon="9.00281160794" />
  <node id="22824" visible="true" version="1" lat="49.99993251037" lon="9.00281858463" />
  <node id="22825" visible="true" version="1" lat="49.9999325102" lon="9.00282556133" />
  <node id="22826" visible="true" version="1" lat="49.99993251003" lon="9.00283253802" />
  <node id="22827" visible="true" version="1" lat="49.99993250986" lon="9.00283951472" />
  <node id="22828" visible="true" version="1" lat="49.99993250968" lon="9.00284649141" />
  <node id="22829" visible="true" version="1" lat="49.99993250951" lon="9.00285346811" />
  <node id="22830" visible="true" version="1" lat="49.99993250934" lon="9.0028604448" />
  <node id="22831" visible="true" version="1" lat="49.99993250917" lon="9.0028674215" />
  <node id="22832" visible="true" version="1" lat="49.999932509" lon="9.00287439819" />
  <node id="22833" visible="true" version="1" lat="49.99993250882" lon="9.00288137489" />
  <node id="22834" visible="true" version="1" lat="49.99993250865" lon="9.00288835158" />
  <node id="22835" visible="true" version="1" lat="49.99993250848" lon="9.00289532827" />
  <node id="22836" visible="true" version="1" lat="49.9999325083" lon="9.00290230497" />
  <node id="22837" visible="true" version="1" lat="49.99993250813" lon="9.00290928166" />
  <node id="22838" visible="true" version="1" lat="49.99993250795" lon="9.00291625836" />
  <node id="22839" visible="true" version="1" lat="49.99993250778" lon="9.00292323505" />
  <node id="22840" visible="true" version="1" lat="49.9999325076" lon="9.00293021175" />
  <node id="22841" visible="true" version="1" lat="49.99993250742" lon="9.00293718844" />
  <node id="22842" visible="true" version="1" lat="49.99993250725" lon="9.00294416514" />
  <node id="22843" visible="true" version="1" lat="49.99993250707" lon="9.00295114183" />
  <node id="22844" visible="true" version="1" lat="49.99993250689" lon="9.00295811853" />
  <node id="22845" visible="true" version="1" lat="49.99993250671" lon="9.00296509522" />
  <node id="22846" visible="true" version="1" lat="49.99993250654" lon="9.00297207192" />
  <node id="22847" visible="true" version="1" lat="49.99993250636" lon="9.00297904861" />
  <node id="22848" visible="true" version="1" lat="49.99993250618" lon="9.0029860253" />
  <node id="22849" visible="true" version="1" lat="49.999932506" lon="9.002993002" />
  <node id="22850" visible="true" version="1" lat="49.99993250582" lon="9.00299997869" />
  <node id="22851" visible="true" version="1" lat="49.99993250564" lon="9.00300695539" />
  <node id="22852" visible="true" version="1" lat="49.99993250546" lon="9.00301393208" />
  <node id="22853" visible="true" version="1" lat="49.99993250527" lon="9.00302090878" />
  <node id="22854" visible="true" version="1" lat="49.99993250509" lon="9.00302788547" />
  <node id="22855" visible="true" version="1" lat="49.99993250491" lon="9.00303486217" />
  <node id="22856" visible="true" version="1" lat="49.99993250473" lon="9.00304183886" />
  <node id="22857" visible="true" version="1" lat="49.99993250454" lon="9.00304881556" />
  <node id="22858" visible="true" version="1" lat="49.99993250436" lon="9.00305579225" />
  <node id="22859" visible="true" version="1" lat="49.99993250418" lon="9.00306276895" />
  <node id="22860" visible="true" version="1" lat="49.99993250399" lon="9.00306974564" />
  <node id="22861" visible="true" version="1" lat="49.99993250381" lon="9.00307672234" />
  <node id="22862" visible="true" version="1" lat="49.99993250362" lon="9.00308369903" />
  <node id="22863" visible="true" version="1" lat="49.99993250344" lon="9.00309067572" />
  <node id="22864" visible="true" version="1" lat="49.99993250325" lon="9.00309765242" />
  <node id="22865" visible="true" version="1" lat="49.99993250306" lon="9.00310462911" />
  <node id="22866" visible="true" version="1" lat="49.99993250288" lon="9.00311160581" />
  <node id="22867" visible="true" version="1" lat="49.99993250269" lon="9.0031185825" />
  <node id="22868" visible="true" version="1" lat="49.9999325025" lon="9.0031255592" />
  <node id="22869" visible="true" version="1" lat="49.99993250231" lon="9.00313253589" />
  <node id="22870" visible="true" version="1" lat="49.99993250213" lon="9.00313951259" />
  <node id="22871" visible="true" version="1" lat="49.99993250194" lon="9.00314648928" />
  <node id="22872" visible="true" version="1" lat="49.99993250175" lon="9.00315346598" />
  <node id="22873" visible="true" version="1" lat="49.99993250156" lon="9.00316044267" />
  <node id="22874" visible="true" version="1" lat="49.99993250137" lon="9.00316741937" />
  <node id="22875" visible="true" version="1" lat="49.99993250118" lon="9.00317439606" />
  <node id="22876" visible="true" version="1" lat="49.99993250099" lon="9.00318137275" />
  <node id="22877" visible="true" version="1" lat="49.99993250079" lon="9.00318834945" />
  <node id="22878" visible="true" version="1" lat="49.9999325006" lon="9.00319532614" />
  <node id="22879" visible="true" version="1" lat="49.99993250041" lon="9.00320230284" />
  <node id="22880" visible="true" version="1" lat="49.99993250022" lon="9.00320927953" />
  <node id="22881" visible="true" version="1" lat="49.99993250002" lon="9.00321625623" />
  <node id="22882" visible="true" version="1" lat="49.99993249983" lon="9.00322323292" />
  <node id="22883" visible="true" version="1" lat="49.99993249964" lon="9.00323020962" />
  <node id="22884" visible="true" version="1" lat="49.99993249944" lon="9.00323718631" />
  <node id="22885" visible="true" version="1" lat="49.99993249925" lon="9.00324416301" />
  <node id="22886" visible="true" version="1" lat="49.99993249905" lon="9.0032511397" />
  <node id="22887" visible="true" version="1" lat="49.99993249886" lon="9.0032581164" />
  <node id="22888" visible="true" version="1" lat="49.99993249866" lon="9.00326509309" />
  <node id="22889" visible="true" version="1" lat="49.99993249846" lon="9.00327206978" />
  <node id="22890" visible="true" version="1" lat="49.99993249827" lon="9.00327904648" />
  <node id="22891" visible="true" version="1" lat="49.99993249807" lon="9.00328602317" />
  <node id="22892" visible="true" version="1" lat="49.99993249787" lon="9.00329299987" />
  <node id="22893" visible="true" version="1" lat="49.99993249767" lon="9.00329997656" />
  <node id="22894" visible="true" version="1" lat="49.99993249747" lon="9.00330695326" />
  <node id="22895" visible="true" version="1" lat="49.99993249728" lon="9.00331392995" />
  <node id="22896" visible="true" version="1" lat="49.99993249708" lon="9.00332090665" />
  <node id="22897" visible="true" version="1" lat="49.99993249688" lon="9.00332788334" />
  <node id="22898" visible="true" version="1" lat="49.99993249668" lon="9.00333486004" />
  <node id="22899" visible="true" version="1" lat="49.99993249648" lon="9.00334183673" />
  <node id="22900" visible="true" version="1" lat="49.99993249627" lon="9.00334881343" />
  <node id="22901" visible="true" version="1" lat="49.99993249607" lon="9.00335579012" />
  <node id="22902" visible="true" version="1" lat="49.99993249587" lon="9.00336276681" />
  <node id="22903" visible="true" version="1" lat="49.99993249567" lon="9.00336974351" />
  <node id="22904" visible="true" version="1" lat="49.99993249547" lon="9.0033767202" />
  <node id="22905" visible="true" version="1" lat="49.99993249526" lon="9.0033836969" />
  <node id="22906" visible="true" version="1" lat="49.99993249506" lon="9.00339067359" />
  <node id="22907" visible="true" version="1" lat="49.99993249485" lon="9.00339765029" />
  <node id="22908" visible="true" version="1" lat="49.99993249465" lon="9.00340462698" />
  <node id="22909" visible="true" version="1" lat="49.99993249445" lon="9.00341160368" />
  <node id="22910" visible="true" version="1" lat="49.99993249424" lon="9.00341858037" />
  <node id="22911" visible="true" version="1" lat="49.99993249403" lon="9.00342555707" />
  <node id="22912" visible="true" version="1" lat="49.99993249383" lon="9.00343253376" />
  <node id="22913" visible="true" version="1" lat="49.99993249362" lon="9.00343951046" />
  <node id="22914" visible="true" version="1" lat="49.99993249341" lon="9.00344648715" />
  <node id="22915" visible="true" version="1" lat="49.99993249321" lon="9.00345346384" />
  <node id="22916" visible="true" version="1" lat="49.999932493" lon="9.00346044054" />
  <node id="22917" visible="true" version="1" lat="49.99993249279" lon="9.00346741723" />
  <node id="22918" visible="true" version="1" lat="49.99993249258" lon="9.00347439393" />
  <node id="22919" visible="true" version="1" lat="49.99993249237" lon="9.00348137062" />
  <node id="22920" visible="true" version="1" lat="49.99993249216" lon="9.00348834732" />
  <node id="22921" visible="true" version="1" lat="49.99993249195" lon="9.00349532401" />
  <node id="22922" visible="true" version="1" lat="49.99993249174" lon="9.00350230071" />
  <node id="22923" visible="true" version="1" lat="49.99993249153" lon="9.0035092774" />
  <node id="22924" visible="true" version="1" lat="49.99993249132" lon="9.0035162541" />
  <node id="22925" visible="true" version="1" lat="49.99993249111" lon="9.00352323079" />
  <node id="22926" visible="true" version="1" lat="49.9999324909" lon="9.00353020749" />
  <node id="22927" visible="true" version="1" lat="49.99993249069" lon="9.00353718418" />
  <node id="22928" visible="true" version="1" lat="49.99993249047" lon="9.00354416087" />
  <node id="22929" visible="true" version="1" lat="49.99993249026" lon="9.00355113757" />
  <node id="22930" visible="true" version="1" lat="49.99993249005" lon="9.00355811426" />
  <node id="22931" visible="true" version="1" lat="49.99993248983" lon="9.00356509096" />
  <node id="22932" visible="true" version="1" lat="49.99993248962" lon="9.00357206765" />
  <node id="22933" visible="true" version="1" lat="49.9999324894" lon="9.00357904435" />
  <node id="22934" visible="true" version="1" lat="49.99993248919" lon="9.00358602104" />
  <node id="22935" visible="true" version="1" lat="49.99993248897" lon="9.00359299774" />
  <node id="22936" visible="true" version="1" lat="49.99993248875" lon="9.00359997443" />
  <node id="22937" visible="true" version="1" lat="49.99993248854" lon="9.00360695113" />
  <node id="22938" visible="true" version="1" lat="49.99993248832" lon="9.00361392782" />
  <node id="22939" visible="true" version="1" lat="49.9999324881" lon="9.00362090452" />
  <node id="22940" visible="true" version="1" lat="49.99993248788" lon="9.00362788121" />
  <node id="22941" visible="true" version="1" lat="49.99993248767" lon="9.00363485791" />
  <node id="22942" visible="true" version="1" lat="49.99993248745" lon="9.0036418346" />
  <node id="22943" visible="true" version="1" lat="49.99993248723" lon="9.00364881129" />
  <node id="22944" visible="true" version="1" lat="49.99993248701" lon="9.00365578799" />
  <node id="22945" visible="true" version="1" lat="49.99993248679" lon="9.00366276468" />
  <node id="22946" visible="true" version="1" lat="49.99993248657" lon="9.00366974138" />
  <node id="22947" visible="true" version="1" lat="49.99993248635" lon="9.00367671807" />
  <node id="22948" visible="true" version="1" lat="49.99993248613" lon="9.00368369477" />
  <node id="22949" visible="true" version="1" lat="49.9999324859" lon="9.00369067146" />
  <node id="22950" visible="true" version="1" lat="49.99993248568" lon="9.00369764816" />
  <node id="22951" visible="true" version="1" lat="49.99993248546" lon="9.00370462485" />
  <node id="22952" visible="true" version="1" lat="49.99993248524" lon="9.00371160155" />
  <node id="22953" visible="true" version="1" lat="49.99993248501" lon="9.00371857824" />
  <node id="22954" visible="true" version="1" lat="49.99993248479" lon="9.00372555494" />
  <node id="22955" visible="true" version="1" lat="49.99993248457" lon="9.00373253163" />
  <node id="22956" visible="true" version="1" lat="49.99993248434" lon="9.00373950832" />
  <node id="22957" visible="true" version="1" lat="49.99993248412" lon="9.00374648502" />
  <node id="22958" visible="true" version="1" lat="49.99993248389" lon="9.00375346171" />
  <node id="22959" visible="true" version="1" lat="49.99993248366" lon="9.00376043841" />
  <node id="22960" visible="true" version="1" lat="49.99993248344" lon="9.0037674151" />
  <node id="22961" visible="true" version="1" lat="49.99993248321" lon="9.0037743918" />
  <node id="22962" visible="true" version="1" lat="49.99993248298" lon="9.00378136849" />
  <node id="22963" visible="true" version="1" lat="49.99993248276" lon="9.00378834519" />
  <node id="22964" visible="true" version="1" lat="49.99993248253" lon="9.00379532188" />
  <node id="22965" visible="true" version="1" lat="49.9999324823" lon="9.00380229858" />
  <node id="22966" visible="true" version="1" lat="49.99993248207" lon="9.00380927527" />
  <node id="22967" visible="true" version="1" lat="49.99993248184" lon="9.00381625197" />
  <node id="22968" visible="true" version="1" lat="49.99993248161" lon="9.00382322866" />
  <node id="22969" visible="true" version="1" lat="49.99993248138" lon="9.00383020535" />
  <node id="22970" visible="true" version="1" lat="49.99993248115" lon="9.00383718205" />
  <node id="22971" visible="true" version="1" lat="49.99993248092" lon="9.00384415874" />
  <node id="22972" visible="true" version="1" lat="49.99993248069" lon="9.00385113544" />
  <node id="22973" visible="true" version="1" lat="49.99993248046" lon="9.00385811213" />
  <node id="22974" visible="true" version="1" lat="49.99993248023" lon="9.00386508883" />
  <node id="22975" visible="true" version="1" lat="49.99993247999" lon="9.00387206552" />
  <node id="22976" visible="true" version="1" lat="49.99993247976" lon="9.00387904222" />
  <node id="22977" visible="true" version="1" lat="49.99993247953" lon="9.00388601891" />
  <node id="22978" visible="true" version="1" lat="49.99993247929" lon="9.00389299561" />
  <node id="22979" visible="true" version="1" lat="49.99993247906" lon="9.0038999723" />
  <node id="22980" visible="true" version="1" lat="49.99993247882" lon="9.003906949" />
  <node id="22981" visible="true" version="1" lat="49.99993247859" lon="9.00391392569" />
  <node id="22982" visible="true" version="1" lat="49.99993247835" lon="9.00392090238" />
  <node id="22983" visible="true" version="1" lat="49.99993247812" lon="9.00392787908" />
  <node id="22984" visible="true" version="1" lat="49.99993247788" lon="9.00393485577" />
  <node id="22985" visible="true" version="1" lat="49.99993247764" lon="9.00394183247" />
  <node id="22986" visible="true" version="1" lat="49.99993247741" lon="9.00394880916" />
  <node id="22987" visible="true" version="1" lat="49.99993247717" lon="9.00395578586" />
  <node id="22988" visible="true" version="1" lat="49.99993247693" lon="9.00396276255" />
  <node id="22989" visible="true" version="1" lat="49.99993247669" lon="9.00396973925" />
  <node id="22990" visible="true" version="1" lat="49.99993247645" lon="9.00397671594" />
  <node id="22991" visible="true" version="1" lat="49.99993247621" lon="9.00398369264" />
  <node id="22992" visible="true" version="1" lat="49.99993247598" lon="9.00399066933" />
  <node id="22993" visible="true" version="1" lat="49.99993247573" lon="9.00399764603" />
  <node id="22994" visible="true" version="1" lat="49.99993247549" lon="9.00400462272" />
  <node id="22995" visible="true" version="1" lat="49.99993247525" lon="9.00401159941" />
  <node id="22996" visible="true" version="1" lat="49.99993247501" lon="9.00401857611" />
  <node id="22997" visible="true" version="1" lat="49.99993247477" lon="9.0040255528" />
  <node id="22998" visible="true" version="1" lat="49.99993247453" lon="9.0040325295" />
  <node id="22999" visible="true" version="1" lat="49.99993247429" lon="9.00403950619" />
  <node id="23000" visible="true" version="1" lat="49.99993247404" lon="9.00404648289" />
  <node id="23001" visible="true" version="1" lat="49.9999324738" lon="9.00405345958" />
  <node id="23002" visible="true" version="1" lat="49.99993247355" lon="9.00406043628" />
  <node id="23003" visible="true" version="1" lat="49.99993247331" lon="9.00406741297" />
  <node id="23004" visible="true" version="1" lat="49.99993247307" lon="9.00407438967" />
  <node id="23005" visible="true" version="1" lat="49.99993247282" lon="9.00408136636" />
  <node id="23006" visible="true" version="1" lat="49.99993247257" lon="9.00408834306" />
  <node id="23007" visible="true" version="1" lat="49.99993247233" lon="9.00409531975" />
  <node id="23008" visible="true" version="1" lat="49.99993247208" lon="9.00410229644" />
  <node id="23009" visible="true" version="1" lat="49.99993247184" lon="9.00410927314" />
  <node id="23010" visible="true" version="1" lat="49.99993247159" lon="9.00411624983" />
  <node id="23011" visible="true" version="1" lat="49.99993247134" lon="9.00412322653" />
  <node id="23012" visible="true" version="1" lat="49.99993247109" lon="9.00413020322" />
  <node id="23013" visible="true" version="1" lat="49.99993247084" lon="9.00413717992" />
  <node id="23014" visible="true" version="1" lat="49.99993247059" lon="9.00414415661" />
  <node id="23015" visible="true" version="1" lat="49.99993247035" lon="9.00415113331" />
  <node id="23016" visible="true" version="1" lat="49.9999324701" lon="9.00415811" />
  <node id="23017" visible="true" version="1" lat="49.99993246985" lon="9.0041650867" />
  <node id="23018" visible="true" version="1" lat="49.99993246959" lon="9.00417206339" />
  <node id="23019" visible="true" version="1" lat="49.99993246934" lon="9.00417904009" />
  <node id="23020" visible="true" version="1" lat="49.99993246909" lon="9.00418601678" />
  <node id="23021" visible="true" version="1" lat="49.99993246884" lon="9.00419299347" />
  <node id="23022" visible="true" version="1" lat="49.99993246859" lon="9.00419997017" />
  <node id="23023" visible="true" version="1" lat="49.99993246834" lon="9.00420694686" />
  <node id="23024" visible="true" version="1" lat="49.99993246808" lon="9.00421392356" />
  <node id="23025" visible="true" version="1" lat="49.99993246783" lon="9.00422090025" />
  <node id="23026" visible="true" version="1" lat="49.99993246757" lon="9.00422787695" />
  <node id="23027" visible="true" version="1" lat="49.99993246732" lon="9.00423485364" />
  <node id="23028" visible="true" version="1" lat="49.99993246707" lon="9.00424183034" />
  <node id="23029" visible="true" version="1" lat="49.99993246681" lon="9.00424880703" />
  <node id="23030" visible="true" version="1" lat="49.99993246655" lon="9.00425578373" />
  <node id="23031" visible="true" version="1" lat="49.9999324663" lon="9.00426276042" />
  <node id="23032" visible="true" version="1" lat="49.99993246604" lon="9.00426973712" />
  <node id="23033" visible="true" version="1" lat="49.99993246578" lon="9.00427671381" />
  <node id="23034" visible="true" version="1" lat="49.99993246553" lon="9.0042836905" />
  <node id="23035" visible="true" version="1" lat="49.99993246527" lon="9.0042906672" />
  <node id="23036" visible="true" version="1" lat="49.99993246501" lon="9.00429764389" />
  <node id="23037" visible="true" version="1" lat="49.99993246475" lon="9.00430462059" />
  <node id="23038" visible="true" version="1" lat="49.99993246449" lon="9.00431159728" />
  <node id="23039" visible="true" version="1" lat="49.99993246423" lon="9.00431857398" />
  <node id="23040" visible="true" version="1" lat="49.99993246397" lon="9.00432555067" />
  <node id="23041" visible="true" version="1" lat="49.99993246371" lon="9.00433252737" />
  <node id="23042" visible="true" version="1" lat="49.99993246345" lon="9.00433950406" />
  <node id="23043" visible="true" version="1" lat="49.99993246319" lon="9.00434648076" />
  <node id="23044" visible="true" version="1" lat="49.99993246293" lon="9.00435345745" />
  <node id="23045" visible="true" version="1" lat="49.99993246267" lon="9.00436043415" />
  <node id="23046" visible="true" version="1" lat="49.99993246241" lon="9.00436741084" />
  <node id="23047" visible="true" version="1" lat="49.99993246214" lon="9.00437438753" />
  <node id="23048" visible="true" version="1" lat="49.99993246188" lon="9.00438136423" />
  <node id="23049" visible="true" version="1" lat="49.99993246162" lon="9.00438834092" />
  <node id="23050" visible="true" version="1" lat="49.99993246135" lon="9.00439531762" />
  <node id="23051" visible="true" version="1" lat="49.99993246109" lon="9.00440229431" />
  <node id="23052" visible="true" version="1" lat="49.99993246082" lon="9.00440927101" />
  <node id="23053" visible="true" version="1" lat="49.99993246056" lon="9.0044162477" />
  <node id="23054" visible="true" version="1" lat="49.99993246029" lon="9.0044232244" />
  <node id="23055" visible="true" version="1" lat="49.99993246003" lon="9.00443020109" />
  <node id="23056" visible="true" version="1" lat="49.99993245976" lon="9.00443717779" />
  <node id="23057" visible="true" version="1" lat="49.99993245949" lon="9.00444415448" />
  <node id="23058" visible="true" version="1" lat="49.99993245923" lon="9.00445113117" />
  <node id="23059" visible="true" version="1" lat="49.99993245896" lon="9.00445810787" />
  <node id="23060" visible="true" version="1" lat="49.99993245869" lon="9.00446508456" />
  <node id="23061" visible="true" version="1" lat="49.99993245842" lon="9.00447206126" />
  <node id="23062" visible="true" version="1" lat="49.99993245815" lon="9.00447903795" />
  <node id="23063" visible="true" version="1" lat="49.99993245788" lon="9.00448601465" />
  <node id="23064" visible="true" version="1" lat="49.99993245761" lon="9.00449299134" />
  <node id="23065" visible="true" version="1" lat="49.99993245734" lon="9.00449996804" />
  <node id="23066" visible="true" version="1" lat="49.99993245707" lon="9.00450694473" />
  <node id="23067" visible="true" version="1" lat="49.9999324568" lon="9.00451392143" />
  <node id="23068" visible="true" version="1" lat="49.99993245653" lon="9.00452089812" />
  <node id="23069" visible="true" version="1" lat="49.99993245626" lon="9.00452787482" />
  <node id="23070" visible="true" version="1" lat="49.99993245598" lon="9.00453485151" />
  <node id="23071" visible="true" version="1" lat="49.99993245571" lon="9.0045418282" />
  <node id="23072" visible="true" version="1" lat="49.99993245544" lon="9.0045488049" />
  <node id="23073" visible="true" version="1" lat="49.99993245516" lon="9.00455578159" />
  <node id="23074" visible="true" version="1" lat="49.99993245489" lon="9.00456275829" />
  <node id="23075" visible="true" version="1" lat="49.99993245462" lon="9.00456973498" />
  <node id="23076" visible="true" version="1" lat="49.99993245434" lon="9.00457671168" />
  <node id="23077" visible="true" version="1" lat="49.99993245406" lon="9.00458368837" />
  <node id="23078" visible="true" version="1" lat="49.99993245379" lon="9.00459066507" />
  <node id="23079" visible="true" version="1" lat="49.99993245351" lon="9.00459764176" />
  <node id="23080" visible="true" version="1" lat="49.99993245324" lon="9.00460461846" />
  <node id="23081" visible="true" version="1" lat="49.99993245296" lon="9.00461159515" />
  <node id="23082" visible="true" version="1" lat="49.99993245268" lon="9.00461857185" />
  <node id="23083" visible="true" version="1" lat="49.9999324524" lon="9.00462554854" />
  <node id="23084" visible="true" version="1" lat="49.99993245213" lon="9.00463252523" />
  <node id="23085" visible="true" version="1" lat="49.99993245185" lon="9.00463950193" />
  <node id="23086" visible="true" version="1" lat="49.99993245157" lon="9.00464647862" />
  <node id="23087" visible="true" version="1" lat="49.99993245129" lon="9.00465345532" />
  <node id="23088" visible="true" version="1" lat="49.99993245101" lon="9.00466043201" />
  <node id="23089" visible="true" version="1" lat="49.99993245073" lon="9.00466740871" />
  <node id="23090" visible="true" version="1" lat="49.99993245045" lon="9.0046743854" />
  <node id="23091" visible="true" version="1" lat="49.99993245017" lon="9.0046813621" />
  <node id="23092" visible="true" version="1" lat="49.99993244988" lon="9.00468833879" />
  <node id="23093" visible="true" version="1" lat="49.9999324496" lon="9.00469531549" />
  <node id="23094" visible="true" version="1" lat="49.99993244932" lon="9.00470229218" />
  <node id="23095" visible="true" version="1" lat="49.99993244904" lon="9.00470926888" />
  <node id="23096" visible="true" version="1" lat="49.99993244875" lon="9.00471624557" />
  <node id="23097" visible="true" version="1" lat="49.99993244847" lon="9.00472322226" />
  <node id="23098" visible="true" version="1" lat="49.99993244818" lon="9.00473019896" />
  <node id="23099" visible="true" version="1" lat="49.9999324479" lon="9.00473717565" />
  <node id="23100" visible="true" version="1" lat="49.99993244762" lon="9.00474415235" />
  <node id="23101" visible="true" version="1" lat="49.99993244733" lon="9.00475112904" />
  <node id="23102" visible="true" version="1" lat="49.99993244704" lon="9.00475810574" />
  <node id="23103" visible="true" version="1" lat="49.99993244676" lon="9.00476508243" />
  <node id="23104" visible="true" version="1" lat="49.99993244647" lon="9.00477205913" />
  <node id="23105" visible="true" version="1" lat="49.99993244618" lon="9.00477903582" />
  <node id="23106" visible="true" version="1" lat="49.9999324459" lon="9.00478601252" />
  <node id="23107" visible="true" version="1" lat="49.99993244561" lon="9.00479298921" />
  <node id="23108" visible="true" version="1" lat="49.99993244532" lon="9.00479996591" />
  <node id="23109" visible="true" version="1" lat="49.99993244503" lon="9.0048069426" />
  <node id="23110" visible="true" version="1" lat="49.99993244474" lon="9.00481391929" />
  <node id="23111" visible="true" version="1" lat="49.99993244445" lon="9.00482089599" />
  <node id="23112" visible="true" version="1" lat="49.99993244416" lon="9.00482787268" />
  <node id="23113" visible="true" version="1" lat="49.99993244387" lon="9.00483484938" />
  <node id="23114" visible="true" version="1" lat="49.99993244358" lon="9.00484182607" />
  <node id="23115" visible="true" version="1" lat="49.99993244329" lon="9.00484880277" />
  <node id="23116" visible="true" version="1" lat="49.999932443" lon="9.00485577946" />
  <node id="23117" visible="true" version="1" lat="49.99993244271" lon="9.00486275616" />
  <node id="23118" visible="true" version="1" lat="49.99993244241" lon="9.00486973285" />
  <node id="23119" visible="true" version="1" lat="49.99993244212" lon="9.00487670955" />
  <node id="23120" visible="true" version="1" lat="49.99993244183" lon="9.00488368624" />
  <node id="23121" visible="true" version="1" lat="49.99993244153" lon="9.00489066294" />
  <node id="23122" visible="true" version="1" lat="49.99993244124" lon="9.00489763963" />
  <node id="23123" visible="true" version="1" lat="49.99993244094" lon="9.00490461632" />
  <node id="23124" visible="true" version="1" lat="49.99993244065" lon="9.00491159302" />
  <node id="23125" visible="true" version="1" lat="49.99993244035" lon="9.00491856971" />
  <node id="23126" visible="true" version="1" lat="49.99993244006" lon="9.00492554641" />
  <node id="23127" visible="true" version="1" lat="49.99993243976" lon="9.0049325231" />
  <node id="23128" visible="true" version="1" lat="49.99993243946" lon="9.0049394998" />
  <node id="23129" visible="true" version="1" lat="49.99993243917" lon="9.00494647649" />
  <node id="23130" visible="true" version="1" lat="49.99993243887" lon="9.00495345319" />
  <node id="23131" visible="true" version="1" lat="49.99993243857" lon="9.00496042988" />
  <node id="23132" visible="true" version="1" lat="49.99993243827" lon="9.00496740658" />
  <node id="23133" visible="true" version="1" lat="49.99993243797" lon="9.00497438327" />
  <node id="23134" visible="true" version="1" lat="49.99993243767" lon="9.00498135996" />
  <node id="23135" visible="true" version="1" lat="49.99993243737" lon="9.00498833666" />
  <node id="23136" visible="true" version="1" lat="49.99993243707" lon="9.00499531335" />
  <node id="23137" visible="true" version="1" lat="49.99993243677" lon="9.00500229005" />
  <node id="23138" visible="true" version="1" lat="49.99993243647" lon="9.00500926674" />
  <node id="23139" visible="true" version="1" lat="49.99993243617" lon="9.00501624344" />
  <node id="23140" visible="true" version="1" lat="49.99993243587" lon="9.00502322013" />
  <node id="23141" visible="true" version="1" lat="49.99993243557" lon="9.00503019683" />
  <node id="23142" visible="true" version="1" lat="49.99993243527" lon="9.00503717352" />
  <node id="23143" visible="true" version="1" lat="49.99993243496" lon="9.00504415022" />
  <node id="23144" visible="true" version="1" lat="49.99993243466" lon="9.00505112691" />
  <node id="23145" visible="true" version="1" lat="49.99993243435" lon="9.00505810361" />
  <node id="23146" visible="true" version="1" lat="49.99993243405" lon="9.0050650803" />
  <node id="23147" visible="true" version="1" lat="49.99993243375" lon="9.00507205699" />
  <node id="23148" visible="true" version="1" lat="49.99993243344" lon="9.00507903369" />
  <node id="23149" visible="true" version="1" lat="49.99993243313" lon="9.00508601038" />
  <node id="23150" visible="true" version="1" lat="49.99993243283" lon="9.00509298708" />
  <node id="23151" visible="true" version="1" lat="49.99993243252" lon="9.00509996377" />
  <node id="23152" visible="true" version="1" lat="49.99993243222" lon="9.00510694047" />
  <node id="23153" visible="true" version="1" lat="49.99993243191" lon="9.00511391716" />
  <node id="23154" visible="true" version="1" lat="49.9999324316" lon="9.00512089386" />
  <node id="23155" visible="true" version="1" lat="49.99993243129" lon="9.00512787055" />
  <node id="23156" visible="true" version="1" lat="49.99993243098" lon="9.00513484725" />
  <node id="23157" visible="true" version="1" lat="49.99993243067" lon="9.00514182394" />
  <node id="23158" visible="true" version="1" lat="49.99993243037" lon="9.00514880064" />
  <node id="23159" visible="true" version="1" lat="49.99993243006" lon="9.00515577733" />
  <node id="23160" visible="true" version="1" lat="49.99993242975" lon="9.00516275402" />
  <node id="23161" visible="true" version="1" lat="49.99993242943" lon="9.00516973072" />
  <node id="23162" visible="true" version="1" lat="49.99993242912" lon="9.00517670741" />
  <node id="23163" visible="true" version="1" lat="49.99993242881" lon="9.00518368411" />
  <node id="23164" visible="true" version="1" lat="49.9999324285" lon="9.0051906608" />
  <node id="23165" visible="true" version="1" lat="49.99993242819" lon="9.0051976375" />
  <node id="23166" visible="true" version="1" lat="49.99993242788" lon="9.00520461419" />
  <node id="23167" visible="true" version="1" lat="49.99993242756" lon="9.00521159089" />
  <node id="23168" visible="true" version="1" lat="49.99993242725" lon="9.00521856758" />
  <node id="23169" visible="true" version="1" lat="49.99993242693" lon="9.00522554428" />
  <node id="23170" visible="true" version="1" lat="49.99993242662" lon="9.00523252097" />
  <node id="23171" visible="true" version="1" lat="49.99993242631" lon="9.00523949767" />
  <node id="23172" visible="true" version="1" lat="49.99993242599" lon="9.00524647436" />
  <node id="23173" visible="true" version="1" lat="49.99993242567" lon="9.00525345105" />
  <node id="23174" visible="true" version="1" lat="49.99993242536" lon="9.00526042775" />
  <node id="23175" visible="true" version="1" lat="49.99993242504" lon="9.00526740444" />
  <node id="23176" visible="true" version="1" lat="49.99993242473" lon="9.00527438114" />
  <node id="23177" visible="true" version="1" lat="49.99993242441" lon="9.00528135783" />
  <node id="23178" visible="true" version="1" lat="49.99993242409" lon="9.00528833453" />
  <node id="23179" visible="true" version="1" lat="49.99993242377" lon="9.00529531122" />
  <node id="23180" visible="true" version="1" lat="49.99993242345" lon="9.00530228792" />
  <node id="23181" visible="true" version="1" lat="49.99993242313" lon="9.00530926461" />
  <node id="23182" visible="true" version="1" lat="49.99993242282" lon="9.00531624131" />
  <node id="23183" visible="true" version="1" lat="49.9999324225" lon="9.005323218" />
  <node id="23184" visible="true" version="1" lat="49.99993242217" lon="9.00533019469" />
  <node id="23185" visible="true" version="1" lat="49.99993242185" lon="9.00533717139" />
  <node id="23186" visible="true" version="1" lat="49.99993242153" lon="9.00534414808" />
  <node id="23187" visible="true" version="1" lat="49.99993242121" lon="9.00535112478" />
  <node id="23188" visible="true" version="1" lat="49.99993242089" lon="9.00535810147" />
  <node id="23189" visible="true" version="1" lat="49.99993242057" lon="9.00536507817" />
  <node id="23190" visible="true" version="1" lat="49.99993242024" lon="9.00537205486" />
  <node id="23191" visible="true" version="1" lat="49.99993241992" lon="9.00537903156" />
  <node id="23192" visible="true" version="1" lat="49.9999324196" lon="9.00538600825" />
  <node id="23193" visible="true" version="1" lat="49.99993241927" lon="9.00539298495" />
  <node id="23194" visible="true" version="1" lat="49.99993241895" lon="9.00539996164" />
  <node id="23195" visible="true" version="1" lat="49.99993241862" lon="9.00540693834" />
  <node id="23196" visible="true" version="1" lat="49.9999324183" lon="9.00541391503" />
  <node id="23197" visible="true" version="1" lat="49.99993241797" lon="9.00542089172" />
  <node id="23198" visible="true" version="1" lat="49.99993241765" lon="9.00542786842" />
  <node id="23199" visible="true" version="1" lat="49.99993241732" lon="9.00543484511" />
  <node id="23200" visible="true" version="1" lat="49.99993241699" lon="9.00544182181" />
  <node id="23201" visible="true" version="1" lat="49.99993241667" lon="9.0054487985" />
  <node id="23202" visible="true" version="1" lat="49.99993241634" lon="9.0054557752" />
  <node id="23203" visible="true" version="1" lat="49.99993241601" lon="9.00546275189" />
  <node id="23204" visible="true" version="1" lat="49.99993241568" lon="9.00546972859" />
  <node id="23205" visible="true" version="1" lat="49.99993241535" lon="9.00547670528" />
  <node id="23206" visible="true" version="1" lat="49.99993241502" lon="9.00548368198" />
  <node id="23207" visible="true" version="1" lat="49.99993241469" lon="9.00549065867" />
  <node id="23208" visible="true" version="1" lat="49.99993241436" lon="9.00549763537" />
  <node id="23209" visible="true" version="1" lat="49.99993241403" lon="9.00550461206" />
  <node id="23210" visible="true" version="1" lat="49.9999324137" lon="9.00551158875" />
  <node id="23211" visible="true" version="1" lat="49.99993241337" lon="9.00551856545" />
  <node id="23212" visible="true" version="1" lat="49.99993241304" lon="9.00552554214" />
  <node id="23213" visible="true" version="1" lat="49.9999324127" lon="9.00553251884" />
  <node id="23214" visible="true" version="1" lat="49.99993241237" lon="9.00553949553" />
  <node id="23215" visible="true" version="1" lat="49.99993241204" lon="9.00554647223" />
  <node id="23216" visible="true" version="1" lat="49.9999324117" lon="9.00555344892" />
  <node id="23217" visible="true" version="1" lat="49.99993241137" lon="9.00556042562" />
  <node id="23218" visible="true" version="1" lat="49.99993241104" lon="9.00556740231" />
  <node id="23219" visible="true" version="1" lat="49.9999324107" lon="9.00557437901" />
  <node id="23220" visible="true" version="1" lat="49.99993241037" lon="9.0055813557" />
  <node id="23221" visible="true" version="1" lat="49.99993241003" lon="9.00558833239" />
  <node id="23222" visible="true" version="1" lat="49.99993240969" lon="9.00559530909" />
  <node id="23223" visible="true" version="1" lat="49.99993240936" lon="9.00560228578" />
  <node id="23224" visible="true" version="1" lat="49.99993240902" lon="9.00560926248" />
  <node id="23225" visible="true" version="1" lat="49.99993240868" lon="9.00561623917" />
  <node id="23226" visible="true" version="1" lat="49.99993240834" lon="9.00562321587" />
  <node id="23227" visible="true" version="1" lat="49.99993240801" lon="9.00563019256" />
  <node id="23228" visible="true" version="1" lat="49.99993240767" lon="9.00563716926" />
  <node id="23229" visible="true" version="1" lat="49.99993240733" lon="9.00564414595" />
  <node id="23230" visible="true" version="1" lat="49.99993240699" lon="9.00565112265" />
  <node id="23231" visible="true" version="1" lat="49.99993240665" lon="9.00565809934" />
  <node id="23232" visible="true" version="1" lat="49.99993240631" lon="9.00566507604" />
  <node id="23233" visible="true" version="1" lat="49.99993240597" lon="9.00567205273" />
  <node id="23234" visible="true" version="1" lat="49.99993240563" lon="9.00567902942" />
  <node id="23235" visible="true" version="1" lat="49.99993240528" lon="9.00568600612" />
  <node id="23236" visible="true" version="1" lat="49.99993240494" lon="9.00569298281" />
  <node id="23237" visible="true" version="1" lat="49.9999324046" lon="9.00569995951" />
  <node id="23238" visible="true" version="1" lat="49.99993240426" lon="9.0057069362" />
  <node id="23239" visible="true" version="1" lat="49.99993240391" lon="9.0057139129" />
  <node id="23240" visible="true" version="1" lat="49.99993240357" lon="9.00572088959" />
  <node id="23241" visible="true" version="1" lat="49.99993240323" lon="9.00572786629" />
  <node id="23242" visible="true" version="1" lat="49.99993240288" lon="9.00573484298" />
  <node id="23243" visible="true" version="1" lat="49.99993240254" lon="9.00574181968" />
  <node id="23244" visible="true" version="1" lat="49.99993240219" lon="9.00574879637" />
  <node id="23245" visible="true" version="1" lat="49.99993240185" lon="9.00575577306" />
  <node id="23246" visible="true" version="1" lat="49.9999324015" lon="9.00576274976" />
  <node id="23247" visible="true" version="1" lat="49.99993240115" lon="9.00576972645" />
  <node id="23248" visible="true" version="1" lat="49.99993240081" lon="9.00577670315" />
  <node id="23249" visible="true" version="1" lat="49.99993240046" lon="9.00578367984" />
  <node id="23250" visible="true" version="1" lat="49.99993240011" lon="9.00579065654" />
  <node id="23251" visible="true" version="1" lat="49.99993239976" lon="9.00579763323" />
  <node id="23252" visible="true" version="1" lat="49.99993239941" lon="9.00580460993" />
  <node id="23253" visible="true" version="1" lat="49.99993239906" lon="9.00581158662" />
  <node id="23254" visible="true" version="1" lat="49.99993239871" lon="9.00581856332" />
  <node id="23255" visible="true" version="1" lat="49.99993239836" lon="9.00582554001" />
  <node id="23256" visible="true" version="1" lat="49.99993239801" lon="9.00583251671" />
  <node id="23257" visible="true" version="1" lat="49.99993239766" lon="9.0058394934" />
  <node id="23258" visible="true" version="1" lat="49.99993239731" lon="9.00584647009" />
  <node id="23259" visible="true" version="1" lat="49.99993239696" lon="9.00585344679" />
  <node id="23260" visible="true" version="1" lat="49.99993239661" lon="9.00586042348" />
  <node id="23261" visible="true" version="1" lat="49.99993239625" lon="9.00586740018" />
  <node id="23262" visible="true" version="1" lat="49.9999323959" lon="9.00587437687" />
  <node id="23263" visible="true" version="1" lat="49.99993239555" lon="9.00588135357" />
  <node id="23264" visible="true" version="1" lat="49.99993239519" lon="9.00588833026" />
  <node id="23265" visible="true" version="1" lat="49.99993239484" lon="9.00589530696" />
  <node id="23266" visible="true" version="1" lat="49.99993239449" lon="9.00590228365" />
  <node id="23267" visible="true" version="1" lat="49.99993239413" lon="9.00590926035" />
  <node id="23268" visible="true" version="1" lat="49.99993239377" lon="9.00591623704" />
  <node id="23269" visible="true" version="1" lat="49.99993239342" lon="9.00592321373" />
  <node id="23270" visible="true" version="1" lat="49.99993239306" lon="9.00593019043" />
  <node id="23271" visible="true" version="1" lat="49.99993239271" lon="9.00593716712" />
  <node id="23272" visible="true" version="1" lat="49.99993239235" lon="9.00594414382" />
  <node id="23273" visible="true" version="1" lat="49.99993239199" lon="9.00595112051" />
  <node id="23274" visible="true" version="1" lat="49.99993239163" lon="9.00595809721" />
  <node id="23275" visible="true" version="1" lat="49.99993239127" lon="9.0059650739" />
  <node id="23276" visible="true" version="1" lat="49.99993239092" lon="9.0059720506" />
  <node id="23277" visible="true" version="1" lat="49.99993239056" lon="9.00597902729" />
  <node id="23278" visible="true" version="1" lat="49.9999323902" lon="9.00598600399" />
  <node id="23279" visible="true" version="1" lat="49.99993238984" lon="9.00599298068" />
  <node id="23280" visible="true" version="1" lat="49.99993238948" lon="9.00599995738" />
  <node id="23281" visible="true" version="1" lat="49.99993238912" lon="9.00600693407" />
  <node id="23282" visible="true" version="1" lat="49.99993238875" lon="9.00601391076" />
  <node id="23283" visible="true" version="1" lat="49.99993238839" lon="9.00602088746" />
  <node id="23284" visible="true" version="1" lat="49.99993238803" lon="9.00602786415" />
  <node id="23285" visible="true" version="1" lat="49.99993238767" lon="9.00603484085" />
  <node id="23286" visible="true" version="1" lat="49.9999323873" lon="9.00604181754" />
  <node id="23287" visible="true" version="1" lat="49.99993238694" lon="9.00604879424" />
  <node id="23288" visible="true" version="1" lat="49.99993238658" lon="9.00605577093" />
  <node id="23289" visible="true" version="1" lat="49.99993238621" lon="9.00606274763" />
  <node id="23290" visible="true" version="1" lat="49.99993238585" lon="9.00606972432" />
  <node id="23291" visible="true" version="1" lat="49.99993238548" lon="9.00607670102" />
  <node id="23292" visible="true" version="1" lat="49.99993238512" lon="9.00608367771" />
  <node id="23293" visible="true" version="1" lat="49.99993238475" lon="9.0060906544" />
  <node id="23294" visible="true" version="1" lat="49.99993238438" lon="9.0060976311" />
  <node id="23295" visible="true" version="1" lat="49.99993238402" lon="9.00610460779" />
  <node id="23296" visible="true" version="1" lat="49.99993238365" lon="9.00611158449" />
  <node id="23297" visible="true" version="1" lat="49.99993238328" lon="9.00611856118" />
  <node id="23298" visible="true" version="1" lat="49.99993238291" lon="9.00612553788" />
  <node id="23299" visible="true" version="1" lat="49.99993238255" lon="9.00613251457" />
  <node id="23300" visible="true" version="1" lat="49.99993238218" lon="9.00613949127" />
  <node id="23301" visible="true" version="1" lat="49.99993238181" lon="9.00614646796" />
  <node id="23302" visible="true" version="1" lat="49.99993238144" lon="9.00615344466" />
  <node id="23303" visible="true" version="1" lat="49.99993238107" lon="9.00616042135" />
  <node id="23304" visible="true" version="1" lat="49.9999323807" lon="9.00616739805" />
  <node id="23305" visible="true" version="1" lat="49.99993238033" lon="9.00617437474" />
  <node id="23306" visible="true" version="1" lat="49.99993237995" lon="9.00618135143" />
  <node id="23307" visible="true" version="1" lat="49.99993237958" lon="9.00618832813" />
  <node id="23308" visible="true" version="1" lat="49.99993237921" lon="9.00619530482" />
  <node id="23309" visible="true" version="1" lat="49.99993237884" lon="9.00620228152" />
  <node id="23310" visible="true" version="1" lat="49.99993237846" lon="9.00620925821" />
  <node id="23311" visible="true" version="1" lat="49.99993237809" lon="9.00621623491" />
  <node id="23312" visible="true" version="1" lat="49.99993237772" lon="9.0062232116" />
  <node id="23313" visible="true" version="1" lat="49.99993237734" lon="9.0062301883" />
  <node id="23314" visible="true" version="1" lat="49.99993237697" lon="9.00623716499" />
  <node id="23315" visible="true" version="1" lat="49.99993237659" lon="9.00624414169" />
  <node id="23316" visible="true" version="1" lat="49.99993237622" lon="9.00625111838" />
  <node id="23317" visible="true" version="1" lat="49.99993237584" lon="9.00625809507" />
  <node id="23318" visible="true" version="1" lat="49.99993237546" lon="9.00626507177" />
  <node id="23319" visible="true" version="1" lat="49.99993237509" lon="9.00627204846" />
  <node id="23320" visible="true" version="1" lat="49.99993237471" lon="9.00627902516" />
  <node id="23321" visible="true" version="1" lat="49.99993237433" lon="9.00628600185" />
  <node id="23322" visible="true" version="1" lat="49.99993237395" lon="9.00629297855" />
  <node id="23323" visible="true" version="1" lat="49.99993237358" lon="9.00629995524" />
  <node id="23324" visible="true" version="1" lat="49.9999323732" lon="9.00630693194" />
  <node id="23325" visible="true" version="1" lat="49.99993237282" lon="9.00631390863" />
  <node id="23326" visible="true" version="1" lat="49.99993237244" lon="9.00632088533" />
  <node id="23327" visible="true" version="1" lat="49.99993237206" lon="9.00632786202" />
  <node id="23328" visible="true" version="1" lat="49.99993237168" lon="9.00633483872" />
  <node id="23329" visible="true" version="1" lat="49.9999323713" lon="9.00634181541" />
  <node id="23330" visible="true" version="1" lat="49.99993237091" lon="9.0063487921" />
  <node id="23331" visible="true" version="1" lat="49.99993237053" lon="9.0063557688" />
  <node id="23332" visible="true" version="1" lat="49.99993237015" lon="9.00636274549" />
  <node id="23333" visible="true" version="1" lat="49.99993236977" lon="9.00636972219" />
  <node id="23334" visible="true" version="1" lat="49.99993236938" lon="9.00637669888" />
  <node id="23335" visible="true" version="1" lat="49.999932369" lon="9.00638367558" />
  <node id="23336" visible="true" version="1" lat="49.99993236862" lon="9.00639065227" />
  <node id="23337" visible="true" version="1" lat="49.99993236823" lon="9.00639762897" />
  <node id="23338" visible="true" version="1" lat="49.99993236785" lon="9.00640460566" />
  <node id="23339" visible="true" version="1" lat="49.99993236746" lon="9.00641158236" />
  <node id="23340" visible="true" version="1" lat="49.99993236708" lon="9.00641855905" />
  <node id="23341" visible="true" version="1" lat="49.99993236669" lon="9.00642553574" />
  <node id="23342" visible="true" version="1" lat="49.9999323663" lon="9.00643251244" />
  <node id="23343" visible="true" version="1" lat="49.99993236592" lon="9.00643948913" />
  <node id="23344" visible="true" version="1" lat="49.99993236553" lon="9.00644646583" />
  <node id="23345" visible="true" version="1" lat="49.99993236514" lon="9.00645344252" />
  <node id="23346" visible="true" version="1" lat="49.99993236475" lon="9.00646041922" />
  <node id="23347" visible="true" version="1" lat="49.99993236436" lon="9.00646739591" />
  <node id="23348" visible="true" version="1" lat="49.99993236398" lon="9.00647437261" />
  <node id="23349" visible="true" version="1" lat="49.99993236359" lon="9.0064813493" />
  <node id="23350" visible="true" version="1" lat="49.9999323632" lon="9.006488326" />
  <node id="23351" visible="true" version="1" lat="49.99993236281" lon="9.00649530269" />
  <node id="23352" visible="true" version="1" lat="49.99993236241" lon="9.00650227938" />
  <node id="23353" visible="true" version="1" lat="49.99993236202" lon="9.00650925608" />
  <node id="23354" visible="true" version="1" lat="49.99993236163" lon="9.00651623277" />
  <node id="23355" visible="true" version="1" lat="49.99993236124" lon="9.00652320947" />
  <node id="23356" visible="true" version="1" lat="49.99993236085" lon="9.00653018616" />
  <node id="23357" visible="true" version="1" lat="49.99993236045" lon="9.00653716286" />
  <node id="23358" visible="true" version="1" lat="49.99993236006" lon="9.00654413955" />
  <node id="23359" visible="true" version="1" lat="49.99993235967" lon="9.00655111625" />
  <node id="23360" visible="true" version="1" lat="49.99993235927" lon="9.00655809294" />
  <node id="23361" visible="true" version="1" lat="49.99993235888" lon="9.00656506964" />
  <node id="23362" visible="true" version="1" lat="49.99993235848" lon="9.00657204633" />
  <node id="23363" visible="true" version="1" lat="49.99993235809" lon="9.00657902303" />
  <node id="23364" visible="true" version="1" lat="49.99993235769" lon="9.00658599972" />
  <node id="23365" visible="true" version="1" lat="49.9999323573" lon="9.00659297641" />
  <node id="23366" visible="true" version="1" lat="49.9999323569" lon="9.00659995311" />
  <node id="23367" visible="true" version="1" lat="49.9999323565" lon="9.0066069298" />
  <node id="23368" visible="true" version="1" lat="49.99993235611" lon="9.0066139065" />
  <node id="23369" visible="true" version="1" lat="49.99993235571" lon="9.00662088319" />
  <node id="23370" visible="true" version="1" lat="49.99993235531" lon="9.00662785989" />
  <node id="23371" visible="true" version="1" lat="49.99993235491" lon="9.00663483658" />
  <node id="23372" visible="true" version="1" lat="49.99993235451" lon="9.00664181328" />
  <node id="23373" visible="true" version="1" lat="49.99993235411" lon="9.00664878997" />
  <node id="23374" visible="true" version="1" lat="49.99993235371" lon="9.00665576667" />
  <node id="23375" visible="true" version="1" lat="49.99993235331" lon="9.00666274336" />
  <node id="23376" visible="true" version="1" lat="49.99993235291" lon="9.00666972005" />
  <node id="23377" visible="true" version="1" lat="49.99993235251" lon="9.00667669675" />
  <node id="23378" visible="true" version="1" lat="49.99993235211" lon="9.00668367344" />
  <node id="23379" visible="true" version="1" lat="49.99993235171" lon="9.00669065014" />
  <node id="23380" visible="true" version="1" lat="49.9999323513" lon="9.00669762683" />
  <node id="23381" visible="true" version="1" lat="49.9999323509" lon="9.00670460353" />
  <node id="23382" visible="true" version="1" lat="49.9999323505" lon="9.00671158022" />
  <node id="23383" visible="true" version="1" lat="49.99993235009" lon="9.00671855692" />
  <node id="23384" visible="true" version="1" lat="49.99993234969" lon="9.00672553361" />
  <node id="23385" visible="true" version="1" lat="49.99993234929" lon="9.00673251031" />
  <node id="23386" visible="true" version="1" lat="49.99993234888" lon="9.006739487" />
  <node id="23387" visible="true" version="1" lat="49.99993234847" lon="9.00674646369" />
  <node id="23388" visible="true" version="1" lat="49.99993234807" lon="9.00675344039" />
  <node id="23389" visible="true" version="1" lat="49.99993234766" lon="9.00676041708" />
  <node id="23390" visible="true" version="1" lat="49.99993234726" lon="9.00676739378" />
  <node id="23391" visible="true" version="1" lat="49.99993234685" lon="9.00677437047" />
  <node id="23392" visible="true" version="1" lat="49.99993234644" lon="9.00678134717" />
  <node id="23393" visible="true" version="1" lat="49.99993234603" lon="9.00678832386" />
  <node id="23394" visible="true" version="1" lat="49.99993234562" lon="9.00679530056" />
  <node id="23395" visible="true" version="1" lat="49.99993234522" lon="9.00680227725" />
  <node id="23396" visible="true" version="1" lat="49.99993234481" lon="9.00680925395" />
  <node id="23397" visible="true" version="1" lat="49.9999323444" lon="9.00681623064" />
  <node id="23398" visible="true" version="1" lat="49.99993234399" lon="9.00682320734" />
  <node id="23399" visible="true" version="1" lat="49.99993234358" lon="9.00683018403" />
  <node id="23400" visible="true" version="1" lat="49.99993234317" lon="9.00683716072" />
  <node id="23401" visible="true" version="1" lat="49.99993234275" lon="9.00684413742" />
  <node id="23402" visible="true" version="1" lat="49.99993234234" lon="9.00685111411" />
  <node id="23403" visible="true" version="1" lat="49.99993234193" lon="9.00685809081" />
  <node id="23404" visible="true" version="1" lat="49.99993234152" lon="9.0068650675" />
  <node id="23405" visible="true" version="1" lat="49.99993234111" lon="9.0068720442" />
  <node id="23406" visible="true" version="1" lat="49.99993234069" lon="9.00687902089" />
  <node id="23407" visible="true" version="1" lat="49.99993234028" lon="9.00688599759" />
  <node id="23408" visible="true" version="1" lat="49.99993233986" lon="9.00689297428" />
  <node id="23409" visible="true" version="1" lat="49.99993233945" lon="9.00689995098" />
  <node id="23410" visible="true" version="1" lat="49.99993233903" lon="9.00690692767" />
  <node id="23411" visible="true" version="1" lat="49.99993233862" lon="9.00691390436" />
  <node id="23412" visible="true" version="1" lat="49.9999323382" lon="9.00692088106" />
  <node id="23413" visible="true" version="1" lat="49.99993233779" lon="9.00692785775" />
  <node id="23414" visible="true" version="1" lat="49.99993233737" lon="9.00693483445" />
  <node id="23415" visible="true" version="1" lat="49.99993233695" lon="9.00694181114" />
  <node id="23416" visible="true" version="1" lat="49.99993233653" lon="9.00694878784" />
  <node id="23417" visible="true" version="1" lat="49.99993233612" lon="9.00695576453" />
  <node id="23418" visible="true" version="1" lat="49.9999323357" lon="9.00696274123" />
  <node id="23419" visible="true" version="1" lat="49.99993233528" lon="9.00696971792" />
  <node id="23420" visible="true" version="1" lat="49.99993233486" lon="9.00697669462" />
  <node id="23422" visible="true" version="1" lat="49.99994940845" lon="9" />
  <node id="23423" visible="true" version="1" lat="49.99994940845" lon="9.0000069767" />
  <node id="23424" visible="true" version="1" lat="49.99994940845" lon="9.00001395339" />
  <node id="23425" visible="true" version="1" lat="49.99994940845" lon="9.00002093009" />
  <node id="23426" visible="true" version="1" lat="49.99994940845" lon="9.00002790679" />
  <node id="23427" visible="true" version="1" lat="49.99994940844" lon="9.00003488349" />
  <node id="23428" visible="true" version="1" lat="49.99994940844" lon="9.00004186018" />
  <node id="23429" visible="true" version="1" lat="49.99994940844" lon="9.00004883688" />
  <node id="23430" visible="true" version="1" lat="49.99994940844" lon="9.00005581358" />
  <node id="23431" visible="true" version="1" lat="49.99994940843" lon="9.00006279027" />
  <node id="23432" visible="true" version="1" lat="49.99994940843" lon="9.00006976697" />
  <node id="23433" visible="true" version="1" lat="49.99994940842" lon="9.00007674367" />
  <node id="23434" visible="true" version="1" lat="49.99994940842" lon="9.00008372036" />
  <node id="23435" visible="true" version="1" lat="49.99994940841" lon="9.00009069706" />
  <node id="23436" visible="true" version="1" lat="49.99994940841" lon="9.00009767376" />
  <node id="23437" visible="true" version="1" lat="49.9999494084" lon="9.00010465046" />
  <node id="23438" visible="true" version="1" lat="49.99994940839" lon="9.00011162715" />
  <node id="23439" visible="true" version="1" lat="49.99994940839" lon="9.00011860385" />
  <node id="23440" visible="true" version="1" lat="49.99994940838" lon="9.00012558055" />
  <node id="23441" visible="true" version="1" lat="49.99994940837" lon="9.00013255724" />
  <node id="23442" visible="true" version="1" lat="49.99994940836" lon="9.00013953394" />
  <node id="23443" visible="true" version="1" lat="49.99994940836" lon="9.00014651064" />
  <node id="23444" visible="true" version="1" lat="49.99994940835" lon="9.00015348734" />
  <node id="23445" visible="true" version="1" lat="49.99994940834" lon="9.00016046403" />
  <node id="23446" visible="true" version="1" lat="49.99994940833" lon="9.00016744073" />
  <node id="23447" visible="true" version="1" lat="49.99994940832" lon="9.00017441743" />
  <node id="23448" visible="true" version="1" lat="49.99994940831" lon="9.00018139412" />
  <node id="23449" visible="true" version="1" lat="49.9999494083" lon="9.00018837082" />
  <node id="23450" visible="true" version="1" lat="49.99994940828" lon="9.00019534752" />
  <node id="23451" visible="true" version="1" lat="49.99994940827" lon="9.00020232422" />
  <node id="23452" visible="true" version="1" lat="49.99994940826" lon="9.00020930091" />
  <node id="23453" visible="true" version="1" lat="49.99994940825" lon="9.00021627761" />
  <node id="23454" visible="true" version="1" lat="49.99994940823" lon="9.00022325431" />
  <node id="23455" visible="true" version="1" lat="49.99994940822" lon="9.000230231" />
  <node id="23456" visible="true" version="1" lat="49.99994940821" lon="9.0002372077" />
  <node id="23457" visible="true" version="1" lat="49.99994940819" lon="9.0002441844" />
  <node id="23458" visible="true" version="1" lat="49.99994940818" lon="9.00025116109" />
  <node id="23459" visible="true" version="1" lat="49.99994940816" lon="9.00025813779" />
  <node id="23460" visible="true" version="1" lat="49.99994940815" lon="9.00026511449" />
  <node id="23461" visible="true" version="1" lat="49.99994940813" lon="9.00027209119" />
  <node id="23462" visible="true" version="1" lat="49.99994940811" lon="9.00027906788" />
  <node id="23463" visible="true" version="1" lat="49.9999494081" lon="9.00028604458" />
  <node id="23464" visible="true" version="1" lat="49.99994940808" lon="9.00029302128" />
  <node id="23465" visible="true" version="1" lat="49.99994940806" lon="9.00029999797" />
  <node id="23466" visible="true" version="1" lat="49.99994940804" lon="9.00030697467" />
  <node id="23467" visible="true" version="1" lat="49.99994940802" lon="9.00031395137" />
  <node id="23468" visible="true" version="1" lat="49.999949408" lon="9.00032092807" />
  <node id="23469" visible="true" version="1" lat="49.99994940799" lon="9.00032790476" />
  <node id="23470" visible="true" version="1" lat="49.99994940797" lon="9.00033488146" />
  <node id="23471" visible="true" version="1" lat="49.99994940794" lon="9.00034185816" />
  <node id="23472" visible="true" version="1" lat="49.99994940792" lon="9.00034883485" />
  <node id="23473" visible="true" version="1" lat="49.9999494079" lon="9.00035581155" />
  <node id="23474" visible="true" version="1" lat="49.99994940788" lon="9.00036278825" />
  <node id="23475" visible="true" version="1" lat="49.99994940786" lon="9.00036976495" />
  <node id="23476" visible="true" version="1" lat="49.99994940784" lon="9.00037674164" />
  <node id="23477" visible="true" version="1" lat="49.99994940781" lon="9.00038371834" />
  <node id="23478" visible="true" version="1" lat="49.99994940779" lon="9.00039069504" />
  <node id="23479" visible="true" version="1" lat="49.99994940777" lon="9.00039767173" />
  <node id="23480" visible="true" version="1" lat="49.99994940774" lon="9.00040464843" />
  <node id="23481" visible="true" version="1" lat="49.99994940772" lon="9.00041162513" />
  <node id="23482" visible="true" version="1" lat="49.99994940769" lon="9.00041860182" />
  <node id="23483" visible="true" version="1" lat="49.99994940767" lon="9.00042557852" />
  <node id="23484" visible="true" version="1" lat="49.99994940764" lon="9.00043255522" />
  <node id="23485" visible="true" version="1" lat="49.99994940762" lon="9.00043953192" />
  <node id="23486" visible="true" version="1" lat="49.99994940759" lon="9.00044650861" />
  <node id="23487" visible="true" version="1" lat="49.99994940756" lon="9.00045348531" />
  <node id="23488" visible="true" version="1" lat="49.99994940753" lon="9.00046046201" />
  <node id="23489" visible="true" version="1" lat="49.99994940751" lon="9.0004674387" />
  <node id="23490" visible="true" version="1" lat="49.99994940748" lon="9.0004744154" />
  <node id="23491" visible="true" version="1" lat="49.99994940745" lon="9.0004813921" />
  <node id="23492" visible="true" version="1" lat="49.99994940742" lon="9.0004883688" />
  <node id="23493" visible="true" version="1" lat="49.99994940739" lon="9.00049534549" />
  <node id="23494" visible="true" version="1" lat="49.99994940736" lon="9.00050232219" />
  <node id="23495" visible="true" version="1" lat="49.99994940733" lon="9.00050929889" />
  <node id="23496" visible="true" version="1" lat="49.9999494073" lon="9.00051627558" />
  <node id="23497" visible="true" version="1" lat="49.99994940727" lon="9.00052325228" />
  <node id="23498" visible="true" version="1" lat="49.99994940724" lon="9.00053022898" />
  <node id="23499" visible="true" version="1" lat="49.9999494072" lon="9.00053720568" />
  <node id="23500" visible="true" version="1" lat="49.99994940717" lon="9.00054418237" />
  <node id="23501" visible="true" version="1" lat="49.99994940714" lon="9.00055115907" />
  <node id="23502" visible="true" version="1" lat="49.99994940711" lon="9.00055813577" />
  <node id="23503" visible="true" version="1" lat="49.99994940707" lon="9.00056511246" />
  <node id="23504" visible="true" version="1" lat="49.99994940704" lon="9.00057208916" />
  <node id="23505" visible="true" version="1" lat="49.999949407" lon="9.00057906586" />
  <node id="23506" visible="true" version="1" lat="49.99994940697" lon="9.00058604255" />
  <node id="23507" visible="true" version="1" lat="49.99994940693" lon="9.00059301925" />
  <node id="23508" visible="true" version="1" lat="49.9999494069" lon="9.00059999595" />
  <node id="23509" visible="true" version="1" lat="49.99994940686" lon="9.00060697265" />
  <node id="23510" visible="true" version="1" lat="49.99994940682" lon="9.00061394934" />
  <node id="23511" visible="true" version="1" lat="49.99994940679" lon="9.00062092604" />
  <node id="23512" visible="true" version="1" lat="49.99994940675" lon="9.00062790274" />
  <node id="23513" visible="true" version="1" lat="49.99994940671" lon="9.00063487943" />
  <node id="23514" visible="true" version="1" lat="49.99994940667" lon="9.00064185613" />
  <node id="23515" visible="true" version="1" lat="49.99994940663" lon="9.00064883283" />
  <node id="23516" visible="true" version="1" lat="49.9999494066" lon="9.00065580953" />
  <node id="23517" visible="true" version="1" lat="49.99994940656" lon="9.00066278622" />
  <node id="23518" visible="true" version="1" lat="49.99994940652" lon="9.00066976292" />
  <node id="23519" visible="true" version="1" lat="49.99994940648" lon="9.00067673962" />
  <node id="23520" visible="true" version="1" lat="49.99994940643" lon="9.00068371631" />
  <node id="23521" visible="true" version="1" lat="49.99994940639" lon="9.00069069301" />
  <node id="23522" visible="true" version="1" lat="49.99994940635" lon="9.00069766971" />
  <node id="23523" visible="true" version="1" lat="49.99994940631" lon="9.00070464641" />
  <node id="23524" visible="true" version="1" lat="49.99994940627" lon="9.0007116231" />
  <node id="23525" visible="true" version="1" lat="49.99994940622" lon="9.0007185998" />
  <node id="23526" visible="true" version="1" lat="49.99994940618" lon="9.0007255765" />
  <node id="23527" visible="true" version="1" lat="49.99994940614" lon="9.00073255319" />
  <node id="23528" visible="true" version="1" lat="49.99994940609" lon="9.00073952989" />
  <node id="23529" visible="true" version="1" lat="49.99994940605" lon="9.00074650659" />
  <node id="23530" visible="true" version="1" lat="49.999949406" lon="9.00075348328" />
  <node id="23531" visible="true" version="1" lat="49.99994940596" lon="9.00076045998" />
  <node id="23532" visible="true" version="1" lat="49.99994940591" lon="9.00076743668" />
  <node id="23533" visible="true" version="1" lat="49.99994940586" lon="9.00077441338" />
  <node id="23534" visible="true" version="1" lat="49.99994940582" lon="9.00078139007" />
  <node id="23535" visible="true" version="1" lat="49.99994940577" lon="9.00078836677" />
  <node id="23536" visible="true" version="1" lat="49.99994940572" lon="9.00079534347" />
  <node id="23537" visible="true" version="1" lat="49.99994940567" lon="9.00080232016" />
  <node id="23538" visible="true" version="1" lat="49.99994940563" lon="9.00080929686" />
  <node id="23539" visible="true" version="1" lat="49.99994940558" lon="9.00081627356" />
  <node id="23540" visible="true" version="1" lat="49.99994940553" lon="9.00082325026" />
  <node id="23541" visible="true" version="1" lat="49.99994940548" lon="9.00083022695" />
  <node id="23542" visible="true" version="1" lat="49.99994940543" lon="9.00083720365" />
  <node id="23543" visible="true" version="1" lat="49.99994940538" lon="9.00084418035" />
  <node id="23544" visible="true" version="1" lat="49.99994940533" lon="9.00085115704" />
  <node id="23545" visible="true" version="1" lat="49.99994940528" lon="9.00085813374" />
  <node id="23546" visible="true" version="1" lat="49.99994940522" lon="9.00086511044" />
  <node id="23547" visible="true" version="1" lat="49.99994940517" lon="9.00087208714" />
  <node id="23548" visible="true" version="1" lat="49.99994940512" lon="9.00087906383" />
  <node id="23549" visible="true" version="1" lat="49.99994940507" lon="9.00088604053" />
  <node id="23550" visible="true" version="1" lat="49.99994940501" lon="9.00089301723" />
  <node id="23551" visible="true" version="1" lat="49.99994940496" lon="9.00089999392" />
  <node id="23552" visible="true" version="1" lat="49.9999494049" lon="9.00090697062" />
  <node id="23553" visible="true" version="1" lat="49.99994940485" lon="9.00091394732" />
  <node id="23554" visible="true" version="1" lat="49.99994940479" lon="9.00092092401" />
  <node id="23555" visible="true" version="1" lat="49.99994940474" lon="9.00092790071" />
  <node id="23556" visible="true" version="1" lat="49.99994940468" lon="9.00093487741" />
  <node id="23557" visible="true" version="1" lat="49.99994940463" lon="9.00094185411" />
  <node id="23558" visible="true" version="1" lat="49.99994940457" lon="9.0009488308" />
  <node id="23559" visible="true" version="1" lat="49.99994940451" lon="9.0009558075" />
  <node id="23560" visible="true" version="1" lat="49.99994940445" lon="9.0009627842" />
  <node id="23561" visible="true" version="1" lat="49.9999494044" lon="9.00096976089" />
  <node id="23562" visible="true" version="1" lat="49.99994940434" lon="9.00097673759" />
  <node id="23563" visible="true" version="1" lat="49.99994940428" lon="9.00098371429" />
  <node id="23564" visible="true" version="1" lat="49.99994940422" lon="9.00099069099" />
  <node id="23565" visible="true" version="1" lat="49.99994940416" lon="9.00099766768" />
  <node id="23566" visible="true" version="1" lat="49.9999494041" lon="9.00100464438" />
  <node id="23567" visible="true" version="1" lat="49.99994940404" lon="9.00101162108" />
  <node id="23568" visible="true" version="1" lat="49.99994940398" lon="9.00101859777" />
  <node id="23569" visible="true" version="1" lat="49.99994940392" lon="9.00102557447" />
  <node id="23570" visible="true" version="1" lat="49.99994940385" lon="9.00103255117" />
  <node id="23571" visible="true" version="1" lat="49.99994940379" lon="9.00103952787" />
  <node id="23572" visible="true" version="1" lat="49.99994940373" lon="9.00104650456" />
  <node id="23573" visible="true" version="1" lat="49.99994940367" lon="9.00105348126" />
  <node id="23574" visible="true" version="1" lat="49.9999494036" lon="9.00106045796" />
  <node id="23575" visible="true" version="1" lat="49.99994940354" lon="9.00106743465" />
  <node id="23576" visible="true" version="1" lat="49.99994940347" lon="9.00107441135" />
  <node id="23577" visible="true" version="1" lat="49.99994940341" lon="9.00108138805" />
  <node id="23578" visible="true" version="1" lat="49.99994940334" lon="9.00108836474" />
  <node id="23579" visible="true" version="1" lat="49.99994940328" lon="9.00109534144" />
  <node id="23580" visible="true" version="1" lat="49.99994940321" lon="9.00110231814" />
  <node id="23581" visible="true" version="1" lat="49.99994940315" lon="9.00110929484" />
  <node id="23582" visible="true" version="1" lat="49.99994940308" lon="9.00111627153" />
  <node id="23583" visible="true" version="1" lat="49.99994940301" lon="9.00112324823" />
  <node id="23584" visible="true" version="1" lat="49.99994940294" lon="9.00113022493" />
  <node id="23585" visible="true" version="1" lat="49.99994940288" lon="9.00113720162" />
  <node id="23586" visible="true" version="1" lat="49.99994940281" lon="9.00114417832" />
  <node id="23587" visible="true" version="1" lat="49.99994940274" lon="9.00115115502" />
  <node id="23588" visible="true" version="1" lat="49.99994940267" lon="9.00115813172" />
  <node id="23589" visible="true" version="1" lat="49.9999494026" lon="9.00116510841" />
  <node id="23590" visible="true" version="1" lat="49.99994940253" lon="9.00117208511" />
  <node id="23591" visible="true" version="1" lat="49.99994940246" lon="9.00117906181" />
  <node id="23592" visible="true" version="1" lat="49.99994940239" lon="9.0011860385" />
  <node id="23593" visible="true" version="1" lat="49.99994940232" lon="9.0011930152" />
  <node id="23594" visible="true" version="1" lat="49.99994940224" lon="9.0011999919" />
  <node id="23595" visible="true" version="1" lat="49.99994940217" lon="9.0012069686" />
  <node id="23596" visible="true" version="1" lat="49.9999494021" lon="9.00121394529" />
  <node id="23597" visible="true" version="1" lat="49.99994940203" lon="9.00122092199" />
  <node id="23598" visible="true" version="1" lat="49.99994940195" lon="9.00122789869" />
  <node id="23599" visible="true" version="1" lat="49.99994940188" lon="9.00123487538" />
  <node id="23600" visible="true" version="1" lat="49.9999494018" lon="9.00124185208" />
  <node id="23601" visible="true" version="1" lat="49.99994940173" lon="9.00124882878" />
  <node id="23602" visible="true" version="1" lat="49.99994940165" lon="9.00125580547" />
  <node id="23603" visible="true" version="1" lat="49.99994940158" lon="9.00126278217" />
  <node id="23604" visible="true" version="1" lat="49.9999494015" lon="9.00126975887" />
  <node id="23605" visible="true" version="1" lat="49.99994940142" lon="9.00127673557" />
  <node id="23606" visible="true" version="1" lat="49.99994940135" lon="9.00128371226" />
  <node id="23607" visible="true" version="1" lat="49.99994940127" lon="9.00129068896" />
  <node id="23608" visible="true" version="1" lat="49.99994940119" lon="9.00129766566" />
  <node id="23609" visible="true" version="1" lat="49.99994940111" lon="9.00130464235" />
  <node id="23610" visible="true" version="1" lat="49.99994940104" lon="9.00131161905" />
  <node id="23611" visible="true" version="1" lat="49.99994940096" lon="9.00131859575" />
  <node id="23612" visible="true" version="1" lat="49.99994940088" lon="9.00132557245" />
  <node id="23613" visible="true" version="1" lat="49.9999494008" lon="9.00133254914" />
  <node id="23614" visible="true" version="1" lat="49.99994940072" lon="9.00133952584" />
  <node id="23615" visible="true" version="1" lat="49.99994940064" lon="9.00134650254" />
  <node id="23616" visible="true" version="1" lat="49.99994940055" lon="9.00135347923" />
  <node id="23617" visible="true" version="1" lat="49.99994940047" lon="9.00136045593" />
  <node id="23618" visible="true" version="1" lat="49.99994940039" lon="9.00136743263" />
  <node id="23619" visible="true" version="1" lat="49.99994940031" lon="9.00137440933" />
  <node id="23620" visible="true" version="1" lat="49.99994940023" lon="9.00138138602" />
  <node id="23621" visible="true" version="1" lat="49.99994940014" lon="9.00138836272" />
  <node id="23622" visible="true" version="1" lat="49.99994940006" lon="9.00139533942" />
  <node id="23623" visible="true" version="1" lat="49.99994939997" lon="9.00140231611" />
  <node id="23624" visible="true" version="1" lat="49.99994939989" lon="9.00140929281" />
  <node id="23625" visible="true" version="1" lat="49.99994939981" lon="9.00141626951" />
  <node id="23626" visible="true" version="1" lat="49.99994939972" lon="9.0014232462" />
  <node id="23627" visible="true" version="1" lat="49.99994939963" lon="9.0014302229" />
  <node id="23628" visible="true" version="1" lat="49.99994939955" lon="9.0014371996" />
  <node id="23629" visible="true" version="1" lat="49.99994939946" lon="9.0014441763" />
  <node id="23630" visible="true" version="1" lat="49.99994939937" lon="9.00145115299" />
  <node id="23631" visible="true" version="1" lat="49.99994939929" lon="9.00145812969" />
  <node id="23632" visible="true" version="1" lat="49.9999493992" lon="9.00146510639" />
  <node id="23633" visible="true" version="1" lat="49.99994939911" lon="9.00147208308" />
  <node id="23634" visible="true" version="1" lat="49.99994939902" lon="9.00147905978" />
  <node id="23635" visible="true" version="1" lat="49.99994939893" lon="9.00148603648" />
  <node id="23636" visible="true" version="1" lat="49.99994939884" lon="9.00149301318" />
  <node id="23637" visible="true" version="1" lat="49.99994939875" lon="9.00149998987" />
  <node id="23638" visible="true" version="1" lat="49.99994939866" lon="9.00150696657" />
  <node id="23639" visible="true" version="1" lat="49.99994939857" lon="9.00151394327" />
  <node id="23640" visible="true" version="1" lat="49.99994939848" lon="9.00152091996" />
  <node id="23641" visible="true" version="1" lat="49.99994939839" lon="9.00152789666" />
  <node id="23642" visible="true" version="1" lat="49.9999493983" lon="9.00153487336" />
  <node id="23643" visible="true" version="1" lat="49.9999493982" lon="9.00154185006" />
  <node id="23644" visible="true" version="1" lat="49.99994939811" lon="9.00154882675" />
  <node id="23645" visible="true" version="1" lat="49.99994939802" lon="9.00155580345" />
  <node id="23646" visible="true" version="1" lat="49.99994939792" lon="9.00156278015" />
  <node id="23647" visible="true" version="1" lat="49.99994939783" lon="9.00156975684" />
  <node id="23648" visible="true" version="1" lat="49.99994939774" lon="9.00157673354" />
  <node id="23649" visible="true" version="1" lat="49.99994939764" lon="9.00158371024" />
  <node id="23650" visible="true" version="1" lat="49.99994939755" lon="9.00159068693" />
  <node id="23651" visible="true" version="1" lat="49.99994939745" lon="9.00159766363" />
  <node id="23652" visible="true" version="1" lat="49.99994939735" lon="9.00160464033" />
  <node id="23653" visible="true" version="1" lat="49.99994939726" lon="9.00161161703" />
  <node id="23654" visible="true" version="1" lat="49.99994939716" lon="9.00161859372" />
  <node id="23655" visible="true" version="1" lat="49.99994939706" lon="9.00162557042" />
  <node id="23656" visible="true" version="1" lat="49.99994939696" lon="9.00163254712" />
  <node id="23657" visible="true" version="1" lat="49.99994939687" lon="9.00163952381" />
  <node id="23658" visible="true" version="1" lat="49.99994939677" lon="9.00164650051" />
  <node id="23659" visible="true" version="1" lat="49.99994939667" lon="9.00165347721" />
  <node id="23660" visible="true" version="1" lat="49.99994939657" lon="9.00166045391" />
  <node id="23661" visible="true" version="1" lat="49.99994939647" lon="9.0016674306" />
  <node id="23662" visible="true" version="1" lat="49.99994939637" lon="9.0016744073" />
  <node id="23663" visible="true" version="1" lat="49.99994939627" lon="9.001681384" />
  <node id="23664" visible="true" version="1" lat="49.99994939617" lon="9.00168836069" />
  <node id="23665" visible="true" version="1" lat="49.99994939606" lon="9.00169533739" />
  <node id="23666" visible="true" version="1" lat="49.99994939596" lon="9.00170231409" />
  <node id="23667" visible="true" version="1" lat="49.99994939586" lon="9.00170929078" />
  <node id="23668" visible="true" version="1" lat="49.99994939576" lon="9.00171626748" />
  <node id="23669" visible="true" version="1" lat="49.99994939565" lon="9.00172324418" />
  <node id="23670" visible="true" version="1" lat="49.99994939555" lon="9.00173022088" />
  <node id="23671" visible="true" version="1" lat="49.99994939544" lon="9.00173719757" />
  <node id="23672" visible="true" version="1" lat="49.99994939534" lon="9.00174417427" />
  <node id="23673" visible="true" version="1" lat="49.99994939523" lon="9.00175115097" />
  <node id="23674" visible="true" version="1" lat="49.99994939513" lon="9.00175812766" />
  <node id="23675" visible="true" version="1" lat="49.99994939502" lon="9.00176510436" />
  <node id="23676" visible="true" version="1" lat="49.99994939492" lon="9.00177208106" />
  <node id="23677" visible="true" version="1" lat="49.99994939481" lon="9.00177905776" />
  <node id="23678" visible="true" version="1" lat="49.9999493947" lon="9.00178603445" />
  <node id="23679" visible="true" version="1" lat="49.9999493946" lon="9.00179301115" />
  <node id="23680" visible="true" version="1" lat="49.99994939449" lon="9.00179998785" />
  <node id="23681" visible="true" version="1" lat="49.99994939438" lon="9.00180696454" />
  <node id="23682" visible="true" version="1" lat="49.99994939427" lon="9.00181394124" />
  <node id="23683" visible="true" version="1" lat="49.99994939416" lon="9.00182091794" />
  <node id="23684" visible="true" version="1" lat="49.99994939405" lon="9.00182789464" />
  <node id="23685" visible="true" version="1" lat="49.99994939394" lon="9.00183487133" />
  <node id="23686" visible="true" version="1" lat="49.99994939383" lon="9.00184184803" />
  <node id="23687" visible="true" version="1" lat="49.99994939372" lon="9.00184882473" />
  <node id="23688" visible="true" version="1" lat="49.99994939361" lon="9.00185580142" />
  <node id="23689" visible="true" version="1" lat="49.9999493935" lon="9.00186277812" />
  <node id="23690" visible="true" version="1" lat="49.99994939338" lon="9.00186975482" />
  <node id="23691" visible="true" version="1" lat="49.99994939327" lon="9.00187673151" />
  <node id="23692" visible="true" version="1" lat="49.99994939316" lon="9.00188370821" />
  <node id="23693" visible="true" version="1" lat="49.99994939305" lon="9.00189068491" />
  <node id="23694" visible="true" version="1" lat="49.99994939293" lon="9.00189766161" />
  <node id="23695" visible="true" version="1" lat="49.99994939282" lon="9.0019046383" />
  <node id="23696" visible="true" version="1" lat="49.9999493927" lon="9.001911615" />
  <node id="23697" visible="true" version="1" lat="49.99994939259" lon="9.0019185917" />
  <node id="23698" visible="true" version="1" lat="49.99994939247" lon="9.00192556839" />
  <node id="23699" visible="true" version="1" lat="49.99994939236" lon="9.00193254509" />
  <node id="23700" visible="true" version="1" lat="49.99994939224" lon="9.00193952179" />
  <node id="23701" visible="true" version="1" lat="49.99994939212" lon="9.00194649849" />
  <node id="23702" visible="true" version="1" lat="49.99994939201" lon="9.00195347518" />
  <node id="23703" visible="true" version="1" lat="49.99994939189" lon="9.00196045188" />
  <node id="23704" visible="true" version="1" lat="49.99994939177" lon="9.00196742858" />
  <node id="23705" visible="true" version="1" lat="49.99994939165" lon="9.00197440527" />
  <node id="23706" visible="true" version="1" lat="49.99994939153" lon="9.00198138197" />
  <node id="23707" visible="true" version="1" lat="49.99994939141" lon="9.00198835867" />
  <node id="23708" visible="true" version="1" lat="49.99994939129" lon="9.00199533537" />
  <node id="23709" visible="true" version="1" lat="49.99994939117" lon="9.00200231206" />
  <node id="23710" visible="true" version="1" lat="49.99994939105" lon="9.00200928876" />
  <node id="23711" visible="true" version="1" lat="49.99994939093" lon="9.00201626546" />
  <node id="23712" visible="true" version="1" lat="49.99994939081" lon="9.00202324215" />
  <node id="23713" visible="true" version="1" lat="49.99994939069" lon="9.00203021885" />
  <node id="23714" visible="true" version="1" lat="49.99994939057" lon="9.00203719555" />
  <node id="23715" visible="true" version="1" lat="49.99994939044" lon="9.00204417224" />
  <node id="23716" visible="true" version="1" lat="49.99994939032" lon="9.00205114894" />
  <node id="23717" visible="true" version="1" lat="49.9999493902" lon="9.00205812564" />
  <node id="23718" visible="true" version="1" lat="49.99994939007" lon="9.00206510234" />
  <node id="23719" visible="true" version="1" lat="49.99994938995" lon="9.00207207903" />
  <node id="23720" visible="true" version="1" lat="49.99994938982" lon="9.00207905573" />
  <node id="23721" visible="true" version="1" lat="49.9999493897" lon="9.00208603243" />
  <node id="23722" visible="true" version="1" lat="49.99994938957" lon="9.00209300912" />
  <node id="23723" visible="true" version="1" lat="49.99994938945" lon="9.00209998582" />
  <node id="23724" visible="true" version="1" lat="49.99994938932" lon="9.00210696252" />
  <node id="23725" visible="true" version="1" lat="49.99994938919" lon="9.00211393922" />
  <node id="23726" visible="true" version="1" lat="49.99994938907" lon="9.00212091591" />
  <node id="23727" visible="true" version="1" lat="49.99994938894" lon="9.00212789261" />
  <node id="23728" visible="true" version="1" lat="49.99994938881" lon="9.00213486931" />
  <node id="23729" visible="true" version="1" lat="49.99994938868" lon="9.002141846" />
  <node id="23730" visible="true" version="1" lat="49.99994938855" lon="9.0021488227" />
  <node id="23731" visible="true" version="1" lat="49.99994938842" lon="9.0021557994" />
  <node id="23732" visible="true" version="1" lat="49.99994938829" lon="9.00216277609" />
  <node id="23733" visible="true" version="1" lat="49.99994938816" lon="9.00216975279" />
  <node id="23734" visible="true" version="1" lat="49.99994938803" lon="9.00217672949" />
  <node id="23735" visible="true" version="1" lat="49.9999493879" lon="9.00218370619" />
  <node id="23736" visible="true" version="1" lat="49.99994938777" lon="9.00219068288" />
  <node id="23737" visible="true" version="1" lat="49.99994938764" lon="9.00219765958" />
  <node id="23738" visible="true" version="1" lat="49.9999493875" lon="9.00220463628" />
  <node id="23739" visible="true" version="1" lat="49.99994938737" lon="9.00221161297" />
  <node id="23740" visible="true" version="1" lat="49.99994938724" lon="9.00221858967" />
  <node id="23741" visible="true" version="1" lat="49.99994938711" lon="9.00222556637" />
  <node id="23742" visible="true" version="1" lat="49.99994938697" lon="9.00223254307" />
  <node id="23743" visible="true" version="1" lat="49.99994938684" lon="9.00223951976" />
  <node id="23744" visible="true" version="1" lat="49.9999493867" lon="9.00224649646" />
  <node id="23745" visible="true" version="1" lat="49.99994938657" lon="9.00225347316" />
  <node id="23746" visible="true" version="1" lat="49.99994938643" lon="9.00226044985" />
  <node id="23747" visible="true" version="1" lat="49.99994938629" lon="9.00226742655" />
  <node id="23748" visible="true" version="1" lat="49.99994938616" lon="9.00227440325" />
  <node id="23749" visible="true" version="1" lat="49.99994938602" lon="9.00228137995" />
  <node id="23750" visible="true" version="1" lat="49.99994938588" lon="9.00228835664" />
  <node id="23751" visible="true" version="1" lat="49.99994938575" lon="9.00229533334" />
  <node id="23752" visible="true" version="1" lat="49.99994938561" lon="9.00230231004" />
  <node id="23753" visible="true" version="1" lat="49.99994938547" lon="9.00230928673" />
  <node id="23754" visible="true" version="1" lat="49.99994938533" lon="9.00231626343" />
  <node id="23755" visible="true" version="1" lat="49.99994938519" lon="9.00232324013" />
  <node id="23756" visible="true" version="1" lat="49.99994938505" lon="9.00233021682" />
  <node id="23757" visible="true" version="1" lat="49.99994938491" lon="9.00233719352" />
  <node id="23758" visible="true" version="1" lat="49.99994938477" lon="9.00234417022" />
  <node id="23759" visible="true" version="1" lat="49.99994938463" lon="9.00235114692" />
  <node id="23760" visible="true" version="1" lat="49.99994938449" lon="9.00235812361" />
  <node id="23761" visible="true" version="1" lat="49.99994938435" lon="9.00236510031" />
  <node id="23762" visible="true" version="1" lat="49.9999493842" lon="9.00237207701" />
  <node id="23763" visible="true" version="1" lat="49.99994938406" lon="9.0023790537" />
  <node id="23764" visible="true" version="1" lat="49.99994938392" lon="9.0023860304" />
  <node id="23765" visible="true" version="1" lat="49.99994938377" lon="9.0023930071" />
  <node id="23766" visible="true" version="1" lat="49.99994938363" lon="9.0023999838" />
  <node id="23767" visible="true" version="1" lat="49.99994938348" lon="9.00240696049" />
  <node id="23768" visible="true" version="1" lat="49.99994938334" lon="9.00241393719" />
  <node id="23769" visible="true" version="1" lat="49.99994938319" lon="9.00242091389" />
  <node id="23770" visible="true" version="1" lat="49.99994938305" lon="9.00242789058" />
  <node id="23771" visible="true" version="1" lat="49.9999493829" lon="9.00243486728" />
  <node id="23772" visible="true" version="1" lat="49.99994938276" lon="9.00244184398" />
  <node id="23773" visible="true" version="1" lat="49.99994938261" lon="9.00244882068" />
  <node id="23774" visible="true" version="1" lat="49.99994938246" lon="9.00245579737" />
  <node id="23775" visible="true" version="1" lat="49.99994938231" lon="9.00246277407" />
  <node id="23776" visible="true" version="1" lat="49.99994938216" lon="9.00246975077" />
  <node id="23777" visible="true" version="1" lat="49.99994938202" lon="9.00247672746" />
  <node id="23778" visible="true" version="1" lat="49.99994938187" lon="9.00248370416" />
  <node id="23779" visible="true" version="1" lat="49.99994938172" lon="9.00249068086" />
  <node id="23780" visible="true" version="1" lat="49.99994938157" lon="9.00249765755" />
  <node id="23781" visible="true" version="1" lat="49.99994938142" lon="9.00250463425" />
  <node id="23782" visible="true" version="1" lat="49.99994938127" lon="9.00251161095" />
  <node id="23783" visible="true" version="1" lat="49.99994938112" lon="9.00251858765" />
  <node id="23784" visible="true" version="1" lat="49.99994938096" lon="9.00252556434" />
  <node id="23785" visible="true" version="1" lat="49.99994938081" lon="9.00253254104" />
  <node id="23786" visible="true" version="1" lat="49.99994938066" lon="9.00253951774" />
  <node id="23787" visible="true" version="1" lat="49.99994938051" lon="9.00254649443" />
  <node id="23788" visible="true" version="1" lat="49.99994938035" lon="9.00255347113" />
  <node id="23789" visible="true" version="1" lat="49.9999493802" lon="9.00256044783" />
  <node id="23790" visible="true" version="1" lat="49.99994938004" lon="9.00256742453" />
  <node id="23791" visible="true" version="1" lat="49.99994937989" lon="9.00257440122" />
  <node id="23792" visible="true" version="1" lat="49.99994937974" lon="9.00258137792" />
  <node id="23793" visible="true" version="1" lat="49.99994937958" lon="9.00258835462" />
  <node id="23794" visible="true" version="1" lat="49.99994937942" lon="9.00259533131" />
  <node id="23795" visible="true" version="1" lat="49.99994937927" lon="9.00260230801" />
  <node id="23796" visible="true" version="1" lat="49.99994937911" lon="9.00260928471" />
  <node id="23797" visible="true" version="1" lat="49.99994937895" lon="9.0026162614" />
  <node id="23798" visible="true" version="1" lat="49.9999493788" lon="9.0026232381" />
  <node id="23799" visible="true" version="1" lat="49.99994937864" lon="9.0026302148" />
  <node id="23800" visible="true" version="1" lat="49.99994937848" lon="9.0026371915" />
  <node id="23801" visible="true" version="1" lat="49.99994937832" lon="9.00264416819" />
  <node id="23802" visible="true" version="1" lat="49.99994937816" lon="9.00265114489" />
  <node id="23803" visible="true" version="1" lat="49.999949378" lon="9.00265812159" />
  <node id="23804" visible="true" version="1" lat="49.99994937784" lon="9.00266509828" />
  <node id="23805" visible="true" version="1" lat="49.99994937768" lon="9.00267207498" />
  <node id="23806" visible="true" version="1" lat="49.99994937752" lon="9.00267905168" />
  <node id="23807" visible="true" version="1" lat="49.99994937736" lon="9.00268602838" />
  <node id="23808" visible="true" version="1" lat="49.9999493772" lon="9.00269300507" />
  <node id="23809" visible="true" version="1" lat="49.99994937704" lon="9.00269998177" />
  <node id="23810" visible="true" version="1" lat="49.99994937687" lon="9.00270695847" />
  <node id="23811" visible="true" version="1" lat="49.99994937671" lon="9.00271393516" />
  <node id="23812" visible="true" version="1" lat="49.99994937655" lon="9.00272091186" />
  <node id="23813" visible="true" version="1" lat="49.99994937638" lon="9.00272788856" />
  <node id="23814" visible="true" version="1" lat="49.99994937622" lon="9.00273486525" />
  <node id="23815" visible="true" version="1" lat="49.99994937605" lon="9.00274184195" />
  <node id="23816" visible="true" version="1" lat="49.99994937589" lon="9.00274881865" />
  <node id="23817" visible="true" version="1" lat="49.99994937572" lon="9.00275579535" />
  <node id="23818" visible="true" version="1" lat="49.99994937556" lon="9.00276277204" />
  <node id="23819" visible="true" version="1" lat="49.99994937539" lon="9.00276974874" />
  <node id="23820" visible="true" version="1" lat="49.99994937523" lon="9.00277672544" />
  <node id="23821" visible="true" version="1" lat="49.99994937506" lon="9.00278370213" />
  <node id="23822" visible="true" version="1" lat="49.99994937489" lon="9.00279067883" />
  <node id="23823" visible="true" version="1" lat="49.99994937472" lon="9.00279765553" />
  <node id="23824" visible="true" version="1" lat="49.99994937455" lon="9.00280463223" />
  <node id="23825" visible="true" version="1" lat="49.99994937439" lon="9.00281160892" />
  <node id="23826" visible="true" version="1" lat="49.99994937422" lon="9.00281858562" />
  <node id="23827" visible="true" version="1" lat="49.99994937405" lon="9.00282556232" />
  <node id="23828" visible="true" version="1" lat="49.99994937388" lon="9.00283253901" />
  <node id="23829" visible="true" version="1" lat="49.99994937371" lon="9.00283951571" />
  <node id="23830" visible="true" version="1" lat="49.99994937353" lon="9.00284649241" />
  <node id="23831" visible="true" version="1" lat="49.99994937336" lon="9.00285346911" />
  <node id="23832" visible="true" version="1" lat="49.99994937319" lon="9.0028604458" />
  <node id="23833" visible="true" version="1" lat="49.99994937302" lon="9.0028674225" />
  <node id="23834" visible="true" version="1" lat="49.99994937285" lon="9.0028743992" />
  <node id="23835" visible="true" version="1" lat="49.99994937267" lon="9.00288137589" />
  <node id="23836" visible="true" version="1" lat="49.9999493725" lon="9.00288835259" />
  <node id="23837" visible="true" version="1" lat="49.99994937233" lon="9.00289532929" />
  <node id="23838" visible="true" version="1" lat="49.99994937215" lon="9.00290230598" />
  <node id="23839" visible="true" version="1" lat="49.99994937198" lon="9.00290928268" />
  <node id="23840" visible="true" version="1" lat="49.9999493718" lon="9.00291625938" />
  <node id="23841" visible="true" version="1" lat="49.99994937163" lon="9.00292323608" />
  <node id="23842" visible="true" version="1" lat="49.99994937145" lon="9.00293021277" />
  <node id="23843" visible="true" version="1" lat="49.99994937127" lon="9.00293718947" />
  <node id="23844" visible="true" version="1" lat="49.9999493711" lon="9.00294416617" />
  <node id="23845" visible="true" version="1" lat="49.99994937092" lon="9.00295114286" />
  <node id="23846" visible="true" version="1" lat="49.99994937074" lon="9.00295811956" />
  <node id="23847" visible="true" version="1" lat="49.99994937056" lon="9.00296509626" />
  <node id="23848" visible="true" version="1" lat="49.99994937039" lon="9.00297207296" />
  <node id="23849" visible="true" version="1" lat="49.99994937021" lon="9.00297904965" />
  <node id="23850" visible="true" version="1" lat="49.99994937003" lon="9.00298602635" />
  <node id="23851" visible="true" version="1" lat="49.99994936985" lon="9.00299300305" />
  <node id="23852" visible="true" version="1" lat="49.99994936967" lon="9.00299997974" />
  <node id="23853" visible="true" version="1" lat="49.99994936949" lon="9.00300695644" />
  <node id="23854" visible="true" version="1" lat="49.99994936931" lon="9.00301393314" />
  <node id="23855" visible="true" version="1" lat="49.99994936912" lon="9.00302090983" />
  <node id="23856" visible="true" version="1" lat="49.99994936894" lon="9.00302788653" />
  <node id="23857" visible="true" version="1" lat="49.99994936876" lon="9.00303486323" />
  <node id="23858" visible="true" version="1" lat="49.99994936858" lon="9.00304183993" />
  <node id="23859" visible="true" version="1" lat="49.9999493684" lon="9.00304881662" />
  <node id="23860" visible="true" version="1" lat="49.99994936821" lon="9.00305579332" />
  <node id="23861" visible="true" version="1" lat="49.99994936803" lon="9.00306277002" />
  <node id="23862" visible="true" version="1" lat="49.99994936784" lon="9.00306974671" />
  <node id="23863" visible="true" version="1" lat="49.99994936766" lon="9.00307672341" />
  <node id="23864" visible="true" version="1" lat="49.99994936747" lon="9.00308370011" />
  <node id="23865" visible="true" version="1" lat="49.99994936729" lon="9.00309067681" />
  <node id="23866" visible="true" version="1" lat="49.9999493671" lon="9.0030976535" />
  <node id="23867" visible="true" version="1" lat="49.99994936692" lon="9.0031046302" />
  <node id="23868" visible="true" version="1" lat="49.99994936673" lon="9.0031116069" />
  <node id="23869" visible="true" version="1" lat="49.99994936654" lon="9.00311858359" />
  <node id="23870" visible="true" version="1" lat="49.99994936635" lon="9.00312556029" />
  <node id="23871" visible="true" version="1" lat="49.99994936617" lon="9.00313253699" />
  <node id="23872" visible="true" version="1" lat="49.99994936598" lon="9.00313951368" />
  <node id="23873" visible="true" version="1" lat="49.99994936579" lon="9.00314649038" />
  <node id="23874" visible="true" version="1" lat="49.9999493656" lon="9.00315346708" />
  <node id="23875" visible="true" version="1" lat="49.99994936541" lon="9.00316044378" />
  <node id="23876" visible="true" version="1" lat="49.99994936522" lon="9.00316742047" />
  <node id="23877" visible="true" version="1" lat="49.99994936503" lon="9.00317439717" />
  <node id="23878" visible="true" version="1" lat="49.99994936484" lon="9.00318137387" />
  <node id="23879" visible="true" version="1" lat="49.99994936464" lon="9.00318835056" />
  <node id="23880" visible="true" version="1" lat="49.99994936445" lon="9.00319532726" />
  <node id="23881" visible="true" version="1" lat="49.99994936426" lon="9.00320230396" />
  <node id="23882" visible="true" version="1" lat="49.99994936407" lon="9.00320928066" />
  <node id="23883" visible="true" version="1" lat="49.99994936387" lon="9.00321625735" />
  <node id="23884" visible="true" version="1" lat="49.99994936368" lon="9.00322323405" />
  <node id="23885" visible="true" version="1" lat="49.99994936349" lon="9.00323021075" />
  <node id="23886" visible="true" version="1" lat="49.99994936329" lon="9.00323718744" />
  <node id="23887" visible="true" version="1" lat="49.9999493631" lon="9.00324416414" />
  <node id="23888" visible="true" version="1" lat="49.9999493629" lon="9.00325114084" />
  <node id="23889" visible="true" version="1" lat="49.99994936271" lon="9.00325811754" />
  <node id="23890" visible="true" version="1" lat="49.99994936251" lon="9.00326509423" />
  <node id="23891" visible="true" version="1" lat="49.99994936231" lon="9.00327207093" />
  <node id="23892" visible="true" version="1" lat="49.99994936212" lon="9.00327904763" />
  <node id="23893" visible="true" version="1" lat="49.99994936192" lon="9.00328602432" />
  <node id="23894" visible="true" version="1" lat="49.99994936172" lon="9.00329300102" />
  <node id="23895" visible="true" version="1" lat="49.99994936152" lon="9.00329997772" />
  <node id="23896" visible="true" version="1" lat="49.99994936133" lon="9.00330695441" />
  <node id="23897" visible="true" version="1" lat="49.99994936113" lon="9.00331393111" />
  <node id="23898" visible="true" version="1" lat="49.99994936093" lon="9.00332090781" />
  <node id="23899" visible="true" version="1" lat="49.99994936073" lon="9.00332788451" />
  <node id="23900" visible="true" version="1" lat="49.99994936053" lon="9.0033348612" />
  <node id="23901" visible="true" version="1" lat="49.99994936033" lon="9.0033418379" />
  <node id="23902" visible="true" version="1" lat="49.99994936012" lon="9.0033488146" />
  <node id="23903" visible="true" version="1" lat="49.99994935992" lon="9.00335579129" />
  <node id="23904" visible="true" version="1" lat="49.99994935972" lon="9.00336276799" />
  <node id="23905" visible="true" version="1" lat="49.99994935952" lon="9.00336974469" />
  <node id="23906" visible="true" version="1" lat="49.99994935932" lon="9.00337672139" />
  <node id="23907" visible="true" version="1" lat="49.99994935911" lon="9.00338369808" />
  <node id="23908" visible="true" version="1" lat="49.99994935891" lon="9.00339067478" />
  <node id="23909" visible="true" version="1" lat="49.99994935871" lon="9.00339765148" />
  <node id="23910" visible="true" version="1" lat="49.9999493585" lon="9.00340462817" />
  <node id="23911" visible="true" version="1" lat="49.9999493583" lon="9.00341160487" />
  <node id="23912" visible="true" version="1" lat="49.99994935809" lon="9.00341858157" />
  <node id="23913" visible="true" version="1" lat="49.99994935788" lon="9.00342555826" />
  <node id="23914" visible="true" version="1" lat="49.99994935768" lon="9.00343253496" />
  <node id="23915" visible="true" version="1" lat="49.99994935747" lon="9.00343951166" />
  <node id="23916" visible="true" version="1" lat="49.99994935726" lon="9.00344648836" />
  <node id="23917" visible="true" version="1" lat="49.99994935706" lon="9.00345346505" />
  <node id="23918" visible="true" version="1" lat="49.99994935685" lon="9.00346044175" />
  <node id="23919" visible="true" version="1" lat="49.99994935664" lon="9.00346741845" />
  <node id="23920" visible="true" version="1" lat="49.99994935643" lon="9.00347439514" />
  <node id="23921" visible="true" version="1" lat="49.99994935622" lon="9.00348137184" />
  <node id="23922" visible="true" version="1" lat="49.99994935601" lon="9.00348834854" />
  <node id="23923" visible="true" version="1" lat="49.9999493558" lon="9.00349532524" />
  <node id="23924" visible="true" version="1" lat="49.99994935559" lon="9.00350230193" />
  <node id="23925" visible="true" version="1" lat="49.99994935538" lon="9.00350927863" />
  <node id="23926" visible="true" version="1" lat="49.99994935517" lon="9.00351625533" />
  <node id="23927" visible="true" version="1" lat="49.99994935496" lon="9.00352323202" />
  <node id="23928" visible="true" version="1" lat="49.99994935475" lon="9.00353020872" />
  <node id="23929" visible="true" version="1" lat="49.99994935454" lon="9.00353718542" />
  <node id="23930" visible="true" version="1" lat="49.99994935432" lon="9.00354416211" />
  <node id="23931" visible="true" version="1" lat="49.99994935411" lon="9.00355113881" />
  <node id="23932" visible="true" version="1" lat="49.9999493539" lon="9.00355811551" />
  <node id="23933" visible="true" version="1" lat="49.99994935368" lon="9.00356509221" />
  <node id="23934" visible="true" version="1" lat="49.99994935347" lon="9.0035720689" />
  <node id="23935" visible="true" version="1" lat="49.99994935325" lon="9.0035790456" />
  <node id="23936" visible="true" version="1" lat="49.99994935304" lon="9.0035860223" />
  <node id="23937" visible="true" version="1" lat="49.99994935282" lon="9.00359299899" />
  <node id="23938" visible="true" version="1" lat="49.9999493526" lon="9.00359997569" />
  <node id="23939" visible="true" version="1" lat="49.99994935239" lon="9.00360695239" />
  <node id="23940" visible="true" version="1" lat="49.99994935217" lon="9.00361392909" />
  <node id="23941" visible="true" version="1" lat="49.99994935195" lon="9.00362090578" />
  <node id="23942" visible="true" version="1" lat="49.99994935174" lon="9.00362788248" />
  <node id="23943" visible="true" version="1" lat="49.99994935152" lon="9.00363485918" />
  <node id="23944" visible="true" version="1" lat="49.9999493513" lon="9.00364183587" />
  <node id="23945" visible="true" version="1" lat="49.99994935108" lon="9.00364881257" />
  <node id="23946" visible="true" version="1" lat="49.99994935086" lon="9.00365578927" />
  <node id="23947" visible="true" version="1" lat="49.99994935064" lon="9.00366276596" />
  <node id="23948" visible="true" version="1" lat="49.99994935042" lon="9.00366974266" />
  <node id="23949" visible="true" version="1" lat="49.9999493502" lon="9.00367671936" />
  <node id="23950" visible="true" version="1" lat="49.99994934998" lon="9.00368369606" />
  <node id="23951" visible="true" version="1" lat="49.99994934976" lon="9.00369067275" />
  <node id="23952" visible="true" version="1" lat="49.99994934953" lon="9.00369764945" />
  <node id="23953" visible="true" version="1" lat="49.99994934931" lon="9.00370462615" />
  <node id="23954" visible="true" version="1" lat="49.99994934909" lon="9.00371160284" />
  <node id="23955" visible="true" version="1" lat="49.99994934886" lon="9.00371857954" />
  <node id="23956" visible="true" version="1" lat="49.99994934864" lon="9.00372555624" />
  <node id="23957" visible="true" version="1" lat="49.99994934842" lon="9.00373253294" />
  <node id="23958" visible="true" version="1" lat="49.99994934819" lon="9.00373950963" />
  <node id="23959" visible="true" version="1" lat="49.99994934797" lon="9.00374648633" />
  <node id="23960" visible="true" version="1" lat="49.99994934774" lon="9.00375346303" />
  <node id="23961" visible="true" version="1" lat="49.99994934752" lon="9.00376043972" />
  <node id="23962" visible="true" version="1" lat="49.99994934729" lon="9.00376741642" />
  <node id="23963" visible="true" version="1" lat="49.99994934706" lon="9.00377439312" />
  <node id="23964" visible="true" version="1" lat="49.99994934684" lon="9.00378136981" />
  <node id="23965" visible="true" version="1" lat="49.99994934661" lon="9.00378834651" />
  <node id="23966" visible="true" version="1" lat="49.99994934638" lon="9.00379532321" />
  <node id="23967" visible="true" version="1" lat="49.99994934615" lon="9.00380229991" />
  <node id="23968" visible="true" version="1" lat="49.99994934592" lon="9.0038092766" />
  <node id="23969" visible="true" version="1" lat="49.99994934569" lon="9.0038162533" />
  <node id="23970" visible="true" version="1" lat="49.99994934546" lon="9.00382323" />
  <node id="23971" visible="true" version="1" lat="49.99994934523" lon="9.00383020669" />
  <node id="23972" visible="true" version="1" lat="49.999949345" lon="9.00383718339" />
  <node id="23973" visible="true" version="1" lat="49.99994934477" lon="9.00384416009" />
  <node id="23974" visible="true" version="1" lat="49.99994934454" lon="9.00385113679" />
  <node id="23975" visible="true" version="1" lat="49.99994934431" lon="9.00385811348" />
  <node id="23976" visible="true" version="1" lat="49.99994934408" lon="9.00386509018" />
  <node id="23977" visible="true" version="1" lat="49.99994934384" lon="9.00387206688" />
  <node id="23978" visible="true" version="1" lat="49.99994934361" lon="9.00387904357" />
  <node id="23979" visible="true" version="1" lat="49.99994934338" lon="9.00388602027" />
  <node id="23980" visible="true" version="1" lat="49.99994934314" lon="9.00389299697" />
  <node id="23981" visible="true" version="1" lat="49.99994934291" lon="9.00389997366" />
  <node id="23982" visible="true" version="1" lat="49.99994934267" lon="9.00390695036" />
  <node id="23983" visible="true" version="1" lat="49.99994934244" lon="9.00391392706" />
  <node id="23984" visible="true" version="1" lat="49.9999493422" lon="9.00392090376" />
  <node id="23985" visible="true" version="1" lat="49.99994934197" lon="9.00392788045" />
  <node id="23986" visible="true" version="1" lat="49.99994934173" lon="9.00393485715" />
  <node id="23987" visible="true" version="1" lat="49.99994934149" lon="9.00394183385" />
  <node id="23988" visible="true" version="1" lat="49.99994934126" lon="9.00394881054" />
  <node id="23989" visible="true" version="1" lat="49.99994934102" lon="9.00395578724" />
  <node id="23990" visible="true" version="1" lat="49.99994934078" lon="9.00396276394" />
  <node id="23991" visible="true" version="1" lat="49.99994934054" lon="9.00396974064" />
  <node id="23992" visible="true" version="1" lat="49.9999493403" lon="9.00397671733" />
  <node id="23993" visible="true" version="1" lat="49.99994934007" lon="9.00398369403" />
  <node id="23994" visible="true" version="1" lat="49.99994933983" lon="9.00399067073" />
  <node id="23995" visible="true" version="1" lat="49.99994933959" lon="9.00399764742" />
  <node id="23996" visible="true" version="1" lat="49.99994933934" lon="9.00400462412" />
  <node id="23997" visible="true" version="1" lat="49.9999493391" lon="9.00401160082" />
  <node id="23998" visible="true" version="1" lat="49.99994933886" lon="9.00401857751" />
  <node id="23999" visible="true" version="1" lat="49.99994933862" lon="9.00402555421" />
  <node id="24000" visible="true" version="1" lat="49.99994933838" lon="9.00403253091" />
  <node id="24001" visible="true" version="1" lat="49.99994933814" lon="9.00403950761" />
  <node id="24002" visible="true" version="1" lat="49.99994933789" lon="9.0040464843" />
  <node id="24003" visible="true" version="1" lat="49.99994933765" lon="9.004053461" />
  <node id="24004" visible="true" version="1" lat="49.99994933741" lon="9.0040604377" />
  <node id="24005" visible="true" version="1" lat="49.99994933716" lon="9.00406741439" />
  <node id="24006" visible="true" version="1" lat="49.99994933692" lon="9.00407439109" />
  <node id="24007" visible="true" version="1" lat="49.99994933667" lon="9.00408136779" />
  <node id="24008" visible="true" version="1" lat="49.99994933643" lon="9.00408834449" />
  <node id="24009" visible="true" version="1" lat="49.99994933618" lon="9.00409532118" />
  <node id="24010" visible="true" version="1" lat="49.99994933593" lon="9.00410229788" />
  <node id="24011" visible="true" version="1" lat="49.99994933569" lon="9.00410927458" />
  <node id="24012" visible="true" version="1" lat="49.99994933544" lon="9.00411625127" />
  <node id="24013" visible="true" version="1" lat="49.99994933519" lon="9.00412322797" />
  <node id="24014" visible="true" version="1" lat="49.99994933494" lon="9.00413020467" />
  <node id="24015" visible="true" version="1" lat="49.99994933469" lon="9.00413718136" />
  <node id="24016" visible="true" version="1" lat="49.99994933445" lon="9.00414415806" />
  <node id="24017" visible="true" version="1" lat="49.9999493342" lon="9.00415113476" />
  <node id="24018" visible="true" version="1" lat="49.99994933395" lon="9.00415811146" />
  <node id="24019" visible="true" version="1" lat="49.9999493337" lon="9.00416508815" />
  <node id="24020" visible="true" version="1" lat="49.99994933345" lon="9.00417206485" />
  <node id="24021" visible="true" version="1" lat="49.99994933319" lon="9.00417904155" />
  <node id="24022" visible="true" version="1" lat="49.99994933294" lon="9.00418601824" />
  <node id="24023" visible="true" version="1" lat="49.99994933269" lon="9.00419299494" />
  <node id="24024" visible="true" version="1" lat="49.99994933244" lon="9.00419997164" />
  <node id="24025" visible="true" version="1" lat="49.99994933219" lon="9.00420694834" />
  <node id="24026" visible="true" version="1" lat="49.99994933193" lon="9.00421392503" />
  <node id="24027" visible="true" version="1" lat="49.99994933168" lon="9.00422090173" />
  <node id="24028" visible="true" version="1" lat="49.99994933143" lon="9.00422787843" />
  <node id="24029" visible="true" version="1" lat="49.99994933117" lon="9.00423485512" />
  <node id="24030" visible="true" version="1" lat="49.99994933092" lon="9.00424183182" />
  <node id="24031" visible="true" version="1" lat="49.99994933066" lon="9.00424880852" />
  <node id="24032" visible="true" version="1" lat="49.99994933041" lon="9.00425578521" />
  <node id="24033" visible="true" version="1" lat="49.99994933015" lon="9.00426276191" />
  <node id="24034" visible="true" version="1" lat="49.99994932989" lon="9.00426973861" />
  <node id="24035" visible="true" version="1" lat="49.99994932964" lon="9.00427671531" />
  <node id="24036" visible="true" version="1" lat="49.99994932938" lon="9.004283692" />
  <node id="24037" visible="true" version="1" lat="49.99994932912" lon="9.0042906687" />
  <node id="24038" visible="true" version="1" lat="49.99994932886" lon="9.0042976454" />
  <node id="24039" visible="true" version="1" lat="49.9999493286" lon="9.00430462209" />
  <node id="24040" visible="true" version="1" lat="49.99994932834" lon="9.00431159879" />
  <node id="24041" visible="true" version="1" lat="49.99994932809" lon="9.00431857549" />
  <node id="24042" visible="true" version="1" lat="49.99994932783" lon="9.00432555219" />
  <node id="24043" visible="true" version="1" lat="49.99994932757" lon="9.00433252888" />
  <node id="24044" visible="true" version="1" lat="49.9999493273" lon="9.00433950558" />
  <node id="24045" visible="true" version="1" lat="49.99994932704" lon="9.00434648228" />
  <node id="24046" visible="true" version="1" lat="49.99994932678" lon="9.00435345897" />
  <node id="24047" visible="true" version="1" lat="49.99994932652" lon="9.00436043567" />
  <node id="24048" visible="true" version="1" lat="49.99994932626" lon="9.00436741237" />
  <node id="24049" visible="true" version="1" lat="49.99994932599" lon="9.00437438906" />
  <node id="24050" visible="true" version="1" lat="49.99994932573" lon="9.00438136576" />
  <node id="24051" visible="true" version="1" lat="49.99994932547" lon="9.00438834246" />
  <node id="24052" visible="true" version="1" lat="49.9999493252" lon="9.00439531916" />
  <node id="24053" visible="true" version="1" lat="49.99994932494" lon="9.00440229585" />
  <node id="24054" visible="true" version="1" lat="49.99994932467" lon="9.00440927255" />
  <node id="24055" visible="true" version="1" lat="49.99994932441" lon="9.00441624925" />
  <node id="24056" visible="true" version="1" lat="49.99994932414" lon="9.00442322594" />
  <node id="24057" visible="true" version="1" lat="49.99994932388" lon="9.00443020264" />
  <node id="24058" visible="true" version="1" lat="49.99994932361" lon="9.00443717934" />
  <node id="24059" visible="true" version="1" lat="49.99994932334" lon="9.00444415603" />
  <node id="24060" visible="true" version="1" lat="49.99994932308" lon="9.00445113273" />
  <node id="24061" visible="true" version="1" lat="49.99994932281" lon="9.00445810943" />
  <node id="24062" visible="true" version="1" lat="49.99994932254" lon="9.00446508613" />
  <node id="24063" visible="true" version="1" lat="49.99994932227" lon="9.00447206282" />
  <node id="24064" visible="true" version="1" lat="49.999949322" lon="9.00447903952" />
  <node id="24065" visible="true" version="1" lat="49.99994932173" lon="9.00448601622" />
  <node id="24066" visible="true" version="1" lat="49.99994932146" lon="9.00449299291" />
  <node id="24067" visible="true" version="1" lat="49.99994932119" lon="9.00449996961" />
  <node id="24068" visible="true" version="1" lat="49.99994932092" lon="9.00450694631" />
  <node id="24069" visible="true" version="1" lat="49.99994932065" lon="9.00451392301" />
  <node id="24070" visible="true" version="1" lat="49.99994932038" lon="9.0045208997" />
  <node id="24071" visible="true" version="1" lat="49.99994932011" lon="9.0045278764" />
  <node id="24072" visible="true" version="1" lat="49.99994931983" lon="9.0045348531" />
  <node id="24073" visible="true" version="1" lat="49.99994931956" lon="9.00454182979" />
  <node id="24074" visible="true" version="1" lat="49.99994931929" lon="9.00454880649" />
  <node id="24075" visible="true" version="1" lat="49.99994931901" lon="9.00455578319" />
  <node id="24076" visible="true" version="1" lat="49.99994931874" lon="9.00456275988" />
  <node id="24077" visible="true" version="1" lat="49.99994931847" lon="9.00456973658" />
  <node id="24078" visible="true" version="1" lat="49.99994931819" lon="9.00457671328" />
  <node id="24079" visible="true" version="1" lat="49.99994931792" lon="9.00458368998" />
  <node id="24080" visible="true" version="1" lat="49.99994931764" lon="9.00459066667" />
  <node id="24081" visible="true" version="1" lat="49.99994931736" lon="9.00459764337" />
  <node id="24082" visible="true" version="1" lat="49.99994931709" lon="9.00460462007" />
  <node id="24083" visible="true" version="1" lat="49.99994931681" lon="9.00461159676" />
  <node id="24084" visible="true" version="1" lat="49.99994931653" lon="9.00461857346" />
  <node id="24085" visible="true" version="1" lat="49.99994931625" lon="9.00462555016" />
  <node id="24086" visible="true" version="1" lat="49.99994931598" lon="9.00463252686" />
  <node id="24087" visible="true" version="1" lat="49.9999493157" lon="9.00463950355" />
  <node id="24088" visible="true" version="1" lat="49.99994931542" lon="9.00464648025" />
  <node id="24089" visible="true" version="1" lat="49.99994931514" lon="9.00465345695" />
  <node id="24090" visible="true" version="1" lat="49.99994931486" lon="9.00466043364" />
  <node id="24091" visible="true" version="1" lat="49.99994931458" lon="9.00466741034" />
  <node id="24092" visible="true" version="1" lat="49.9999493143" lon="9.00467438704" />
  <node id="24093" visible="true" version="1" lat="49.99994931402" lon="9.00468136373" />
  <node id="24094" visible="true" version="1" lat="49.99994931373" lon="9.00468834043" />
  <node id="24095" visible="true" version="1" lat="49.99994931345" lon="9.00469531713" />
  <node id="24096" visible="true" version="1" lat="49.99994931317" lon="9.00470229383" />
  <node id="24097" visible="true" version="1" lat="49.99994931289" lon="9.00470927052" />
  <node id="24098" visible="true" version="1" lat="49.9999493126" lon="9.00471624722" />
  <node id="24099" visible="true" version="1" lat="49.99994931232" lon="9.00472322392" />
  <node id="24100" visible="true" version="1" lat="49.99994931204" lon="9.00473020061" />
  <node id="24101" visible="true" version="1" lat="49.99994931175" lon="9.00473717731" />
  <node id="24102" visible="true" version="1" lat="49.99994931147" lon="9.00474415401" />
  <node id="24103" visible="true" version="1" lat="49.99994931118" lon="9.00475113071" />
  <node id="24104" visible="true" version="1" lat="49.99994931089" lon="9.0047581074" />
  <node id="24105" visible="true" version="1" lat="49.99994931061" lon="9.0047650841" />
  <node id="24106" visible="true" version="1" lat="49.99994931032" lon="9.0047720608" />
  <node id="24107" visible="true" version="1" lat="49.99994931003" lon="9.00477903749" />
  <node id="24108" visible="true" version="1" lat="49.99994930975" lon="9.00478601419" />
  <node id="24109" visible="true" version="1" lat="49.99994930946" lon="9.00479299089" />
  <node id="24110" visible="true" version="1" lat="49.99994930917" lon="9.00479996758" />
  <node id="24111" visible="true" version="1" lat="49.99994930888" lon="9.00480694428" />
  <node id="24112" visible="true" version="1" lat="49.99994930859" lon="9.00481392098" />
  <node id="24113" visible="true" version="1" lat="49.9999493083" lon="9.00482089768" />
  <node id="24114" visible="true" version="1" lat="49.99994930801" lon="9.00482787437" />
  <node id="24115" visible="true" version="1" lat="49.99994930772" lon="9.00483485107" />
  <node id="24116" visible="true" version="1" lat="49.99994930743" lon="9.00484182777" />
  <node id="24117" visible="true" version="1" lat="49.99994930714" lon="9.00484880446" />
  <node id="24118" visible="true" version="1" lat="49.99994930685" lon="9.00485578116" />
  <node id="24119" visible="true" version="1" lat="49.99994930656" lon="9.00486275786" />
  <node id="24120" visible="true" version="1" lat="49.99994930626" lon="9.00486973455" />
  <node id="24121" visible="true" version="1" lat="49.99994930597" lon="9.00487671125" />
  <node id="24122" visible="true" version="1" lat="49.99994930568" lon="9.00488368795" />
  <node id="24123" visible="true" version="1" lat="49.99994930538" lon="9.00489066465" />
  <node id="24124" visible="true" version="1" lat="49.99994930509" lon="9.00489764134" />
  <node id="24125" visible="true" version="1" lat="49.99994930479" lon="9.00490461804" />
  <node id="24126" visible="true" version="1" lat="49.9999493045" lon="9.00491159474" />
  <node id="24127" visible="true" version="1" lat="49.9999493042" lon="9.00491857143" />
  <node id="24128" visible="true" version="1" lat="49.99994930391" lon="9.00492554813" />
  <node id="24129" visible="true" version="1" lat="49.99994930361" lon="9.00493252483" />
  <node id="24130" visible="true" version="1" lat="49.99994930331" lon="9.00493950153" />
  <node id="24131" visible="true" version="1" lat="49.99994930302" lon="9.00494647822" />
  <node id="24132" visible="true" version="1" lat="49.99994930272" lon="9.00495345492" />
  <node id="24133" visible="true" version="1" lat="49.99994930242" lon="9.00496043162" />
  <node id="24134" visible="true" version="1" lat="49.99994930212" lon="9.00496740831" />
  <node id="24135" visible="true" version="1" lat="49.99994930182" lon="9.00497438501" />
  <node id="24136" visible="true" version="1" lat="49.99994930153" lon="9.00498136171" />
  <node id="24137" visible="true" version="1" lat="49.99994930123" lon="9.0049883384" />
  <node id="24138" visible="true" version="1" lat="49.99994930093" lon="9.0049953151" />
  <node id="24139" visible="true" version="1" lat="49.99994930062" lon="9.0050022918" />
  <node id="24140" visible="true" version="1" lat="49.99994930032" lon="9.0050092685" />
  <node id="24141" visible="true" version="1" lat="49.99994930002" lon="9.00501624519" />
  <node id="24142" visible="true" version="1" lat="49.99994929972" lon="9.00502322189" />
  <node id="24143" visible="true" version="1" lat="49.99994929942" lon="9.00503019859" />
  <node id="24144" visible="true" version="1" lat="49.99994929912" lon="9.00503717528" />
  <node id="24145" visible="true" version="1" lat="49.99994929881" lon="9.00504415198" />
  <node id="24146" visible="true" version="1" lat="49.99994929851" lon="9.00505112868" />
  <node id="24147" visible="true" version="1" lat="49.99994929821" lon="9.00505810537" />
  <node id="24148" visible="true" version="1" lat="49.9999492979" lon="9.00506508207" />
  <node id="24149" visible="true" version="1" lat="49.9999492976" lon="9.00507205877" />
  <node id="24150" visible="true" version="1" lat="49.99994929729" lon="9.00507903547" />
  <node id="24151" visible="true" version="1" lat="49.99994929699" lon="9.00508601216" />
  <node id="24152" visible="true" version="1" lat="49.99994929668" lon="9.00509298886" />
  <node id="24153" visible="true" version="1" lat="49.99994929637" lon="9.00509996556" />
  <node id="24154" visible="true" version="1" lat="49.99994929607" lon="9.00510694225" />
  <node id="24155" visible="true" version="1" lat="49.99994929576" lon="9.00511391895" />
  <node id="24156" visible="true" version="1" lat="49.99994929545" lon="9.00512089565" />
  <node id="24157" visible="true" version="1" lat="49.99994929514" lon="9.00512787235" />
  <node id="24158" visible="true" version="1" lat="49.99994929483" lon="9.00513484904" />
  <node id="24159" visible="true" version="1" lat="49.99994929453" lon="9.00514182574" />
  <node id="24160" visible="true" version="1" lat="49.99994929422" lon="9.00514880244" />
  <node id="24161" visible="true" version="1" lat="49.99994929391" lon="9.00515577913" />
  <node id="24162" visible="true" version="1" lat="49.9999492936" lon="9.00516275583" />
  <node id="24163" visible="true" version="1" lat="49.99994929329" lon="9.00516973253" />
  <node id="24164" visible="true" version="1" lat="49.99994929297" lon="9.00517670922" />
  <node id="24165" visible="true" version="1" lat="49.99994929266" lon="9.00518368592" />
  <node id="24166" visible="true" version="1" lat="49.99994929235" lon="9.00519066262" />
  <node id="24167" visible="true" version="1" lat="49.99994929204" lon="9.00519763932" />
  <node id="24168" visible="true" version="1" lat="49.99994929173" lon="9.00520461601" />
  <node id="24169" visible="true" version="1" lat="49.99994929141" lon="9.00521159271" />
  <node id="24170" visible="true" version="1" lat="49.9999492911" lon="9.00521856941" />
  <node id="24171" visible="true" version="1" lat="49.99994929079" lon="9.0052255461" />
  <node id="24172" visible="true" version="1" lat="49.99994929047" lon="9.0052325228" />
  <node id="24173" visible="true" version="1" lat="49.99994929016" lon="9.0052394995" />
  <node id="24174" visible="true" version="1" lat="49.99994928984" lon="9.00524647619" />
  <node id="24175" visible="true" version="1" lat="49.99994928953" lon="9.00525345289" />
  <node id="24176" visible="true" version="1" lat="49.99994928921" lon="9.00526042959" />
  <node id="24177" visible="true" version="1" lat="49.99994928889" lon="9.00526740629" />
  <node id="24178" visible="true" version="1" lat="49.99994928858" lon="9.00527438298" />
  <node id="24179" visible="true" version="1" lat="49.99994928826" lon="9.00528135968" />
  <node id="24180" visible="true" version="1" lat="49.99994928794" lon="9.00528833638" />
  <node id="24181" visible="true" version="1" lat="49.99994928762" lon="9.00529531307" />
  <node id="24182" visible="true" version="1" lat="49.9999492873" lon="9.00530228977" />
  <node id="24183" visible="true" version="1" lat="49.99994928698" lon="9.00530926647" />
  <node id="24184" visible="true" version="1" lat="49.99994928667" lon="9.00531624317" />
  <node id="24185" visible="true" version="1" lat="49.99994928635" lon="9.00532321986" />
  <node id="24186" visible="true" version="1" lat="49.99994928603" lon="9.00533019656" />
  <node id="24187" visible="true" version="1" lat="49.9999492857" lon="9.00533717326" />
  <node id="24188" visible="true" version="1" lat="49.99994928538" lon="9.00534414995" />
  <node id="24189" visible="true" version="1" lat="49.99994928506" lon="9.00535112665" />
  <node id="24190" visible="true" version="1" lat="49.99994928474" lon="9.00535810335" />
  <node id="24191" visible="true" version="1" lat="49.99994928442" lon="9.00536508004" />
  <node id="24192" visible="true" version="1" lat="49.99994928409" lon="9.00537205674" />
  <node id="24193" visible="true" version="1" lat="49.99994928377" lon="9.00537903344" />
  <node id="24194" visible="true" version="1" lat="49.99994928345" lon="9.00538601014" />
  <node id="24195" visible="true" version="1" lat="49.99994928312" lon="9.00539298683" />
  <node id="24196" visible="true" version="1" lat="49.9999492828" lon="9.00539996353" />
  <node id="24197" visible="true" version="1" lat="49.99994928247" lon="9.00540694023" />
  <node id="24198" visible="true" version="1" lat="49.99994928215" lon="9.00541391692" />
  <node id="24199" visible="true" version="1" lat="49.99994928182" lon="9.00542089362" />
  <node id="24200" visible="true" version="1" lat="49.9999492815" lon="9.00542787032" />
  <node id="24201" visible="true" version="1" lat="49.99994928117" lon="9.00543484701" />
  <node id="24202" visible="true" version="1" lat="49.99994928084" lon="9.00544182371" />
  <node id="24203" visible="true" version="1" lat="49.99994928052" lon="9.00544880041" />
  <node id="24204" visible="true" version="1" lat="49.99994928019" lon="9.00545577711" />
  <node id="24205" visible="true" version="1" lat="49.99994927986" lon="9.0054627538" />
  <node id="24206" visible="true" version="1" lat="49.99994927953" lon="9.0054697305" />
  <node id="24207" visible="true" version="1" lat="49.9999492792" lon="9.0054767072" />
  <node id="24208" visible="true" version="1" lat="49.99994927887" lon="9.00548368389" />
  <node id="24209" visible="true" version="1" lat="49.99994927854" lon="9.00549066059" />
  <node id="24210" visible="true" version="1" lat="49.99994927821" lon="9.00549763729" />
  <node id="24211" visible="true" version="1" lat="49.99994927788" lon="9.00550461399" />
  <node id="24212" visible="true" version="1" lat="49.99994927755" lon="9.00551159068" />
  <node id="24213" visible="true" version="1" lat="49.99994927722" lon="9.00551856738" />
  <node id="24214" visible="true" version="1" lat="49.99994927689" lon="9.00552554408" />
  <node id="24215" visible="true" version="1" lat="49.99994927656" lon="9.00553252077" />
  <node id="24216" visible="true" version="1" lat="49.99994927622" lon="9.00553949747" />
  <node id="24217" visible="true" version="1" lat="49.99994927589" lon="9.00554647417" />
  <node id="24218" visible="true" version="1" lat="49.99994927556" lon="9.00555345086" />
  <node id="24219" visible="true" version="1" lat="49.99994927522" lon="9.00556042756" />
  <node id="24220" visible="true" version="1" lat="49.99994927489" lon="9.00556740426" />
  <node id="24221" visible="true" version="1" lat="49.99994927455" lon="9.00557438096" />
  <node id="24222" visible="true" version="1" lat="49.99994927422" lon="9.00558135765" />
  <node id="24223" visible="true" version="1" lat="49.99994927388" lon="9.00558833435" />
  <node id="24224" visible="true" version="1" lat="49.99994927354" lon="9.00559531105" />
  <node id="24225" visible="true" version="1" lat="49.99994927321" lon="9.00560228774" />
  <node id="24226" visible="true" version="1" lat="49.99994927287" lon="9.00560926444" />
  <node id="24227" visible="true" version="1" lat="49.99994927253" lon="9.00561624114" />
  <node id="24228" visible="true" version="1" lat="49.9999492722" lon="9.00562321783" />
  <node id="24229" visible="true" version="1" lat="49.99994927186" lon="9.00563019453" />
  <node id="24230" visible="true" version="1" lat="49.99994927152" lon="9.00563717123" />
  <node id="24231" visible="true" version="1" lat="49.99994927118" lon="9.00564414793" />
  <node id="24232" visible="true" version="1" lat="49.99994927084" lon="9.00565112462" />
  <node id="24233" visible="true" version="1" lat="49.9999492705" lon="9.00565810132" />
  <node id="24234" visible="true" version="1" lat="49.99994927016" lon="9.00566507802" />
  <node id="24235" visible="true" version="1" lat="49.99994926982" lon="9.00567205471" />
  <node id="24236" visible="true" version="1" lat="49.99994926948" lon="9.00567903141" />
  <node id="24237" visible="true" version="1" lat="49.99994926914" lon="9.00568600811" />
  <node id="24238" visible="true" version="1" lat="49.99994926879" lon="9.00569298481" />
  <node id="24239" visible="true" version="1" lat="49.99994926845" lon="9.0056999615" />
  <node id="24240" visible="true" version="1" lat="49.99994926811" lon="9.0057069382" />
  <node id="24241" visible="true" version="1" lat="49.99994926776" lon="9.0057139149" />
  <node id="24242" visible="true" version="1" lat="49.99994926742" lon="9.00572089159" />
  <node id="24243" visible="true" version="1" lat="49.99994926708" lon="9.00572786829" />
  <node id="24244" visible="true" version="1" lat="49.99994926673" lon="9.00573484499" />
  <node id="24245" visible="true" version="1" lat="49.99994926639" lon="9.00574182168" />
  <node id="24246" visible="true" version="1" lat="49.99994926604" lon="9.00574879838" />
  <node id="24247" visible="true" version="1" lat="49.9999492657" lon="9.00575577508" />
  <node id="24248" visible="true" version="1" lat="49.99994926535" lon="9.00576275178" />
  <node id="24249" visible="true" version="1" lat="49.999949265" lon="9.00576972847" />
  <node id="24250" visible="true" version="1" lat="49.99994926466" lon="9.00577670517" />
  <node id="24251" visible="true" version="1" lat="49.99994926431" lon="9.00578368187" />
  <node id="24252" visible="true" version="1" lat="49.99994926396" lon="9.00579065856" />
  <node id="24253" visible="true" version="1" lat="49.99994926361" lon="9.00579763526" />
  <node id="24254" visible="true" version="1" lat="49.99994926326" lon="9.00580461196" />
  <node id="24255" visible="true" version="1" lat="49.99994926291" lon="9.00581158865" />
  <node id="24256" visible="true" version="1" lat="49.99994926256" lon="9.00581856535" />
  <node id="24257" visible="true" version="1" lat="49.99994926221" lon="9.00582554205" />
  <node id="24258" visible="true" version="1" lat="49.99994926186" lon="9.00583251875" />
  <node id="24259" visible="true" version="1" lat="49.99994926151" lon="9.00583949544" />
  <node id="24260" visible="true" version="1" lat="49.99994926116" lon="9.00584647214" />
  <node id="24261" visible="true" version="1" lat="49.99994926081" lon="9.00585344884" />
  <node id="24262" visible="true" version="1" lat="49.99994926046" lon="9.00586042553" />
  <node id="24263" visible="true" version="1" lat="49.9999492601" lon="9.00586740223" />
  <node id="24264" visible="true" version="1" lat="49.99994925975" lon="9.00587437893" />
  <node id="24265" visible="true" version="1" lat="49.9999492594" lon="9.00588135562" />
  <node id="24266" visible="true" version="1" lat="49.99994925904" lon="9.00588833232" />
  <node id="24267" visible="true" version="1" lat="49.99994925869" lon="9.00589530902" />
  <node id="24268" visible="true" version="1" lat="49.99994925834" lon="9.00590228572" />
  <node id="24269" visible="true" version="1" lat="49.99994925798" lon="9.00590926241" />
  <node id="24270" visible="true" version="1" lat="49.99994925763" lon="9.00591623911" />
  <node id="24271" visible="true" version="1" lat="49.99994925727" lon="9.00592321581" />
  <node id="24272" visible="true" version="1" lat="49.99994925691" lon="9.0059301925" />
  <node id="24273" visible="true" version="1" lat="49.99994925656" lon="9.0059371692" />
  <node id="24274" visible="true" version="1" lat="49.9999492562" lon="9.0059441459" />
  <node id="24275" visible="true" version="1" lat="49.99994925584" lon="9.00595112259" />
  <node id="24276" visible="true" version="1" lat="49.99994925548" lon="9.00595809929" />
  <node id="24277" visible="true" version="1" lat="49.99994925512" lon="9.00596507599" />
  <node id="24278" visible="true" version="1" lat="49.99994925477" lon="9.00597205269" />
  <node id="24279" visible="true" version="1" lat="49.99994925441" lon="9.00597902938" />
  <node id="24280" visible="true" version="1" lat="49.99994925405" lon="9.00598600608" />
  <node id="24281" visible="true" version="1" lat="49.99994925369" lon="9.00599298278" />
  <node id="24282" visible="true" version="1" lat="49.99994925333" lon="9.00599995947" />
  <node id="24283" visible="true" version="1" lat="49.99994925297" lon="9.00600693617" />
  <node id="24284" visible="true" version="1" lat="49.9999492526" lon="9.00601391287" />
  <node id="24285" visible="true" version="1" lat="49.99994925224" lon="9.00602088957" />
  <node id="24286" visible="true" version="1" lat="49.99994925188" lon="9.00602786626" />
  <node id="24287" visible="true" version="1" lat="49.99994925152" lon="9.00603484296" />
  <node id="24288" visible="true" version="1" lat="49.99994925115" lon="9.00604181966" />
  <node id="24289" visible="true" version="1" lat="49.99994925079" lon="9.00604879635" />
  <node id="24290" visible="true" version="1" lat="49.99994925043" lon="9.00605577305" />
  <node id="24291" visible="true" version="1" lat="49.99994925006" lon="9.00606274975" />
  <node id="24292" visible="true" version="1" lat="49.9999492497" lon="9.00606972644" />
  <node id="24293" visible="true" version="1" lat="49.99994924933" lon="9.00607670314" />
  <node id="24294" visible="true" version="1" lat="49.99994924897" lon="9.00608367984" />
  <node id="24295" visible="true" version="1" lat="49.9999492486" lon="9.00609065654" />
  <node id="24296" visible="true" version="1" lat="49.99994924823" lon="9.00609763323" />
  <node id="24297" visible="true" version="1" lat="49.99994924787" lon="9.00610460993" />
  <node id="24298" visible="true" version="1" lat="49.9999492475" lon="9.00611158663" />
  <node id="24299" visible="true" version="1" lat="49.99994924713" lon="9.00611856332" />
  <node id="24300" visible="true" version="1" lat="49.99994924677" lon="9.00612554002" />
  <node id="24301" visible="true" version="1" lat="49.9999492464" lon="9.00613251672" />
  <node id="24302" visible="true" version="1" lat="49.99994924603" lon="9.00613949341" />
  <node id="24303" visible="true" version="1" lat="49.99994924566" lon="9.00614647011" />
  <node id="24304" visible="true" version="1" lat="49.99994924529" lon="9.00615344681" />
  <node id="24305" visible="true" version="1" lat="49.99994924492" lon="9.00616042351" />
  <node id="24306" visible="true" version="1" lat="49.99994924455" lon="9.0061674002" />
  <node id="24307" visible="true" version="1" lat="49.99994924418" lon="9.0061743769" />
  <node id="24308" visible="true" version="1" lat="49.99994924381" lon="9.0061813536" />
  <node id="24309" visible="true" version="1" lat="49.99994924343" lon="9.00618833029" />
  <node id="24310" visible="true" version="1" lat="49.99994924306" lon="9.00619530699" />
  <node id="24311" visible="true" version="1" lat="49.99994924269" lon="9.00620228369" />
  <node id="24312" visible="true" version="1" lat="49.99994924232" lon="9.00620926038" />
  <node id="24313" visible="true" version="1" lat="49.99994924194" lon="9.00621623708" />
  <node id="24314" visible="true" version="1" lat="49.99994924157" lon="9.00622321378" />
  <node id="24315" visible="true" version="1" lat="49.99994924119" lon="9.00623019048" />
  <node id="24316" visible="true" version="1" lat="49.99994924082" lon="9.00623716717" />
  <node id="24317" visible="true" version="1" lat="49.99994924044" lon="9.00624414387" />
  <node id="24318" visible="true" version="1" lat="49.99994924007" lon="9.00625112057" />
  <node id="24319" visible="true" version="1" lat="49.99994923969" lon="9.00625809726" />
  <node id="24320" visible="true" version="1" lat="49.99994923932" lon="9.00626507396" />
  <node id="24321" visible="true" version="1" lat="49.99994923894" lon="9.00627205066" />
  <node id="24322" visible="true" version="1" lat="49.99994923856" lon="9.00627902735" />
  <node id="24323" visible="true" version="1" lat="49.99994923818" lon="9.00628600405" />
  <node id="24324" visible="true" version="1" lat="49.99994923781" lon="9.00629298075" />
  <node id="24325" visible="true" version="1" lat="49.99994923743" lon="9.00629995745" />
  <node id="24326" visible="true" version="1" lat="49.99994923705" lon="9.00630693414" />
  <node id="24327" visible="true" version="1" lat="49.99994923667" lon="9.00631391084" />
  <node id="24328" visible="true" version="1" lat="49.99994923629" lon="9.00632088754" />
  <node id="24329" visible="true" version="1" lat="49.99994923591" lon="9.00632786423" />
  <node id="24330" visible="true" version="1" lat="49.99994923553" lon="9.00633484093" />
  <node id="24331" visible="true" version="1" lat="49.99994923515" lon="9.00634181763" />
  <node id="24332" visible="true" version="1" lat="49.99994923476" lon="9.00634879433" />
  <node id="24333" visible="true" version="1" lat="49.99994923438" lon="9.00635577102" />
  <node id="24334" visible="true" version="1" lat="49.999949234" lon="9.00636274772" />
  <node id="24335" visible="true" version="1" lat="49.99994923362" lon="9.00636972442" />
  <node id="24336" visible="true" version="1" lat="49.99994923323" lon="9.00637670111" />
  <node id="24337" visible="true" version="1" lat="49.99994923285" lon="9.00638367781" />
  <node id="24338" visible="true" version="1" lat="49.99994923247" lon="9.00639065451" />
  <node id="24339" visible="true" version="1" lat="49.99994923208" lon="9.0063976312" />
  <node id="24340" visible="true" version="1" lat="49.9999492317" lon="9.0064046079" />
  <node id="24341" visible="true" version="1" lat="49.99994923131" lon="9.0064115846" />
  <node id="24342" visible="true" version="1" lat="49.99994923093" lon="9.0064185613" />
  <node id="24343" visible="true" version="1" lat="49.99994923054" lon="9.00642553799" />
  <node id="24344" visible="true" version="1" lat="49.99994923015" lon="9.00643251469" />
  <node id="24345" visible="true" version="1" lat="49.99994922977" lon="9.00643949139" />
  <node id="24346" visible="true" version="1" lat="49.99994922938" lon="9.00644646808" />
  <node id="24347" visible="true" version="1" lat="49.99994922899" lon="9.00645344478" />
  <node id="24348" visible="true" version="1" lat="49.9999492286" lon="9.00646042148" />
  <node id="24349" visible="true" version="1" lat="49.99994922821" lon="9.00646739817" />
  <node id="24350" visible="true" version="1" lat="49.99994922783" lon="9.00647437487" />
  <node id="24351" visible="true" version="1" lat="49.99994922744" lon="9.00648135157" />
  <node id="24352" visible="true" version="1" lat="49.99994922705" lon="9.00648832827" />
  <node id="24353" visible="true" version="1" lat="49.99994922666" lon="9.00649530496" />
  <node id="24354" visible="true" version="1" lat="49.99994922627" lon="9.00650228166" />
  <node id="24355" visible="true" version="1" lat="49.99994922587" lon="9.00650925836" />
  <node id="24356" visible="true" version="1" lat="49.99994922548" lon="9.00651623505" />
  <node id="24357" visible="true" version="1" lat="49.99994922509" lon="9.00652321175" />
  <node id="24358" visible="true" version="1" lat="49.9999492247" lon="9.00653018845" />
  <node id="24359" visible="true" version="1" lat="49.99994922431" lon="9.00653716514" />
  <node id="24360" visible="true" version="1" lat="49.99994922391" lon="9.00654414184" />
  <node id="24361" visible="true" version="1" lat="49.99994922352" lon="9.00655111854" />
  <node id="24362" visible="true" version="1" lat="49.99994922312" lon="9.00655809524" />
  <node id="24363" visible="true" version="1" lat="49.99994922273" lon="9.00656507193" />
  <node id="24364" visible="true" version="1" lat="49.99994922233" lon="9.00657204863" />
  <node id="24365" visible="true" version="1" lat="49.99994922194" lon="9.00657902533" />
  <node id="24366" visible="true" version="1" lat="49.99994922154" lon="9.00658600202" />
  <node id="24367" visible="true" version="1" lat="49.99994922115" lon="9.00659297872" />
  <node id="24368" visible="true" version="1" lat="49.99994922075" lon="9.00659995542" />
  <node id="24369" visible="true" version="1" lat="49.99994922035" lon="9.00660693211" />
  <node id="24370" visible="true" version="1" lat="49.99994921996" lon="9.00661390881" />
  <node id="24371" visible="true" version="1" lat="49.99994921956" lon="9.00662088551" />
  <node id="24372" visible="true" version="1" lat="49.99994921916" lon="9.00662786221" />
  <node id="24373" visible="true" version="1" lat="49.99994921876" lon="9.0066348389" />
  <node id="24374" visible="true" version="1" lat="49.99994921836" lon="9.0066418156" />
  <node id="24375" visible="true" version="1" lat="49.99994921796" lon="9.0066487923" />
  <node id="24376" visible="true" version="1" lat="49.99994921756" lon="9.00665576899" />
  <node id="24377" visible="true" version="1" lat="49.99994921716" lon="9.00666274569" />
  <node id="24378" visible="true" version="1" lat="49.99994921676" lon="9.00666972239" />
  <node id="24379" visible="true" version="1" lat="49.99994921636" lon="9.00667669908" />
  <node id="24380" visible="true" version="1" lat="49.99994921596" lon="9.00668367578" />
  <node id="24381" visible="true" version="1" lat="49.99994921556" lon="9.00669065248" />
  <node id="24382" visible="true" version="1" lat="49.99994921515" lon="9.00669762918" />
  <node id="24383" visible="true" version="1" lat="49.99994921475" lon="9.00670460587" />
  <node id="24384" visible="true" version="1" lat="49.99994921435" lon="9.00671158257" />
  <node id="24385" visible="true" version="1" lat="49.99994921394" lon="9.00671855927" />
  <node id="24386" visible="true" version="1" lat="49.99994921354" lon="9.00672553596" />
  <node id="24387" visible="true" version="1" lat="49.99994921314" lon="9.00673251266" />
  <node id="24388" visible="true" version="1" lat="49.99994921273" lon="9.00673948936" />
  <node id="24389" visible="true" version="1" lat="49.99994921233" lon="9.00674646605" />
  <node id="24390" visible="true" version="1" lat="49.99994921192" lon="9.00675344275" />
  <node id="24391" visible="true" version="1" lat="49.99994921151" lon="9.00676041945" />
  <node id="24392" visible="true" version="1" lat="49.99994921111" lon="9.00676739615" />
  <node id="24393" visible="true" version="1" lat="49.9999492107" lon="9.00677437284" />
  <node id="24394" visible="true" version="1" lat="49.99994921029" lon="9.00678134954" />
  <node id="24395" visible="true" version="1" lat="49.99994920988" lon="9.00678832624" />
  <node id="24396" visible="true" version="1" lat="49.99994920948" lon="9.00679530293" />
  <node id="24397" visible="true" version="1" lat="49.99994920907" lon="9.00680227963" />
  <node id="24398" visible="true" version="1" lat="49.99994920866" lon="9.00680925633" />
  <node id="24399" visible="true" version="1" lat="49.99994920825" lon="9.00681623302" />
  <node id="24400" visible="true" version="1" lat="49.99994920784" lon="9.00682320972" />
  <node id="24401" visible="true" version="1" lat="49.99994920743" lon="9.00683018642" />
  <node id="24402" visible="true" version="1" lat="49.99994920702" lon="9.00683716312" />
  <node id="24403" visible="true" version="1" lat="49.99994920661" lon="9.00684413981" />
  <node id="24404" visible="true" version="1" lat="49.99994920619" lon="9.00685111651" />
  <node id="24405" visible="true" version="1" lat="49.99994920578" lon="9.00685809321" />
  <node id="24406" visible="true" version="1" lat="49.99994920537" lon="9.0068650699" />
  <node id="24407" visible="true" version="1" lat="49.99994920496" lon="9.0068720466" />
  <node id="24408" visible="true" version="1" lat="49.99994920454" lon="9.0068790233" />
  <node id="24409" visible="true" version="1" lat="49.99994920413" lon="9.00688599999" />
  <node id="24410" visible="true" version="1" lat="49.99994920371" lon="9.00689297669" />
  <node id="24411" visible="true" version="1" lat="49.9999492033" lon="9.00689995339" />
  <node id="24412" visible="true" version="1" lat="49.99994920288" lon="9.00690693009" />
  <node id="24413" visible="true" version="1" lat="49.99994920247" lon="9.00691390678" />
  <node id="24414" visible="true" version="1" lat="49.99994920205" lon="9.00692088348" />
  <node id="24415" visible="true" version="1" lat="49.99994920164" lon="9.00692786018" />
  <node id="24416" visible="true" version="1" lat="49.99994920122" lon="9.00693483687" />
  <node id="24417" visible="true" version="1" lat="49.9999492008" lon="9.00694181357" />
  <node id="24418" visible="true" version="1" lat="49.99994920039" lon="9.00694879027" />
  <node id="24419" visible="true" version="1" lat="49.99994919997" lon="9.00695576696" />
  <node id="24420" visible="true" version="1" lat="49.99994919955" lon="9.00696274366" />
  <node id="24421" visible="true" version="1" lat="49.99994919913" lon="9.00696972036" />
  <node id="24422" visible="true" version="1" lat="49.99994919871" lon="9.00697669706" />
  <node id="24424" visible="true" version="1" lat="49.9999662723" lon="9" />
  <node id="24425" visible="true" version="1" lat="49.9999662723" lon="9.0000069767" />
  <node id="24426" visible="true" version="1" lat="49.9999662723" lon="9.0000139534" />
  <node id="24427" visible="true" version="1" lat="49.9999662723" lon="9.0000209301" />
  <node id="24428" visible="true" version="1" lat="49.9999662723" lon="9.0000279068" />
  <node id="24429" visible="true" version="1" lat="49.99996627229" lon="9.0000348835" />
  <node id="24430" visible="true" version="1" lat="49.99996627229" lon="9.0000418602" />
  <node id="24431" visible="true" version="1" lat="49.99996627229" lon="9.0000488369" />
  <node id="24432" visible="true" version="1" lat="49.99996627229" lon="9.0000558136" />
  <node id="24433" visible="true" version="1" lat="49.99996627228" lon="9.0000627903" />
  <node id="24434" visible="true" version="1" lat="49.99996627228" lon="9.000069767" />
  <node id="24435" visible="true" version="1" lat="49.99996627227" lon="9.00007674369" />
  <node id="24436" visible="true" version="1" lat="49.99996627227" lon="9.00008372039" />
  <node id="24437" visible="true" version="1" lat="49.99996627226" lon="9.00009069709" />
  <node id="24438" visible="true" version="1" lat="49.99996627226" lon="9.00009767379" />
  <node id="24439" visible="true" version="1" lat="49.99996627225" lon="9.00010465049" />
  <node id="24440" visible="true" version="1" lat="49.99996627225" lon="9.00011162719" />
  <node id="24441" visible="true" version="1" lat="49.99996627224" lon="9.00011860389" />
  <node id="24442" visible="true" version="1" lat="49.99996627223" lon="9.00012558059" />
  <node id="24443" visible="true" version="1" lat="49.99996627222" lon="9.00013255729" />
  <node id="24444" visible="true" version="1" lat="49.99996627222" lon="9.00013953399" />
  <node id="24445" visible="true" version="1" lat="49.99996627221" lon="9.00014651069" />
  <node id="24446" visible="true" version="1" lat="49.9999662722" lon="9.00015348739" />
  <node id="24447" visible="true" version="1" lat="49.99996627219" lon="9.00016046409" />
  <node id="24448" visible="true" version="1" lat="49.99996627218" lon="9.00016744079" />
  <node id="24449" visible="true" version="1" lat="49.99996627217" lon="9.00017441749" />
  <node id="24450" visible="true" version="1" lat="49.99996627216" lon="9.00018139419" />
  <node id="24451" visible="true" version="1" lat="49.99996627215" lon="9.00018837089" />
  <node id="24452" visible="true" version="1" lat="49.99996627213" lon="9.00019534759" />
  <node id="24453" visible="true" version="1" lat="49.99996627212" lon="9.00020232429" />
  <node id="24454" visible="true" version="1" lat="49.99996627211" lon="9.00020930099" />
  <node id="24455" visible="true" version="1" lat="49.9999662721" lon="9.00021627769" />
  <node id="24456" visible="true" version="1" lat="49.99996627208" lon="9.00022325438" />
  <node id="24457" visible="true" version="1" lat="49.99996627207" lon="9.00023023108" />
  <node id="24458" visible="true" version="1" lat="49.99996627206" lon="9.00023720778" />
  <node id="24459" visible="true" version="1" lat="49.99996627204" lon="9.00024418448" />
  <node id="24460" visible="true" version="1" lat="49.99996627203" lon="9.00025116118" />
  <node id="24461" visible="true" version="1" lat="49.99996627201" lon="9.00025813788" />
  <node id="24462" visible="true" version="1" lat="49.999966272" lon="9.00026511458" />
  <node id="24463" visible="true" version="1" lat="49.99996627198" lon="9.00027209128" />
  <node id="24464" visible="true" version="1" lat="49.99996627196" lon="9.00027906798" />
  <node id="24465" visible="true" version="1" lat="49.99996627195" lon="9.00028604468" />
  <node id="24466" visible="true" version="1" lat="49.99996627193" lon="9.00029302138" />
  <node id="24467" visible="true" version="1" lat="49.99996627191" lon="9.00029999808" />
  <node id="24468" visible="true" version="1" lat="49.99996627189" lon="9.00030697478" />
  <node id="24469" visible="true" version="1" lat="49.99996627187" lon="9.00031395148" />
  <node id="24470" visible="true" version="1" lat="49.99996627186" lon="9.00032092818" />
  <node id="24471" visible="true" version="1" lat="49.99996627184" lon="9.00032790488" />
  <node id="24472" visible="true" version="1" lat="49.99996627182" lon="9.00033488158" />
  <node id="24473" visible="true" version="1" lat="49.9999662718" lon="9.00034185828" />
  <node id="24474" visible="true" version="1" lat="49.99996627177" lon="9.00034883498" />
  <node id="24475" visible="true" version="1" lat="49.99996627175" lon="9.00035581168" />
  <node id="24476" visible="true" version="1" lat="49.99996627173" lon="9.00036278838" />
  <node id="24477" visible="true" version="1" lat="49.99996627171" lon="9.00036976507" />
  <node id="24478" visible="true" version="1" lat="49.99996627169" lon="9.00037674177" />
  <node id="24479" visible="true" version="1" lat="49.99996627166" lon="9.00038371847" />
  <node id="24480" visible="true" version="1" lat="49.99996627164" lon="9.00039069517" />
  <node id="24481" visible="true" version="1" lat="49.99996627162" lon="9.00039767187" />
  <node id="24482" visible="true" version="1" lat="49.99996627159" lon="9.00040464857" />
  <node id="24483" visible="true" version="1" lat="49.99996627157" lon="9.00041162527" />
  <node id="24484" visible="true" version="1" lat="49.99996627154" lon="9.00041860197" />
  <node id="24485" visible="true" version="1" lat="49.99996627152" lon="9.00042557867" />
  <node id="24486" visible="true" version="1" lat="49.99996627149" lon="9.00043255537" />
  <node id="24487" visible="true" version="1" lat="49.99996627147" lon="9.00043953207" />
  <node id="24488" visible="true" version="1" lat="49.99996627144" lon="9.00044650877" />
  <node id="24489" visible="true" version="1" lat="49.99996627141" lon="9.00045348547" />
  <node id="24490" visible="true" version="1" lat="49.99996627139" lon="9.00046046217" />
  <node id="24491" visible="true" version="1" lat="49.99996627136" lon="9.00046743887" />
  <node id="24492" visible="true" version="1" lat="49.99996627133" lon="9.00047441557" />
  <node id="24493" visible="true" version="1" lat="49.9999662713" lon="9.00048139227" />
  <node id="24494" visible="true" version="1" lat="49.99996627127" lon="9.00048836897" />
  <node id="24495" visible="true" version="1" lat="49.99996627124" lon="9.00049534567" />
  <node id="24496" visible="true" version="1" lat="49.99996627121" lon="9.00050232237" />
  <node id="24497" visible="true" version="1" lat="49.99996627118" lon="9.00050929907" />
  <node id="24498" visible="true" version="1" lat="49.99996627115" lon="9.00051627576" />
  <node id="24499" visible="true" version="1" lat="49.99996627112" lon="9.00052325246" />
  <node id="24500" visible="true" version="1" lat="49.99996627109" lon="9.00053022916" />
  <node id="24501" visible="true" version="1" lat="49.99996627106" lon="9.00053720586" />
  <node id="24502" visible="true" version="1" lat="49.99996627102" lon="9.00054418256" />
  <node id="24503" visible="true" version="1" lat="49.99996627099" lon="9.00055115926" />
  <node id="24504" visible="true" version="1" lat="49.99996627096" lon="9.00055813596" />
  <node id="24505" visible="true" version="1" lat="49.99996627092" lon="9.00056511266" />
  <node id="24506" visible="true" version="1" lat="49.99996627089" lon="9.00057208936" />
  <node id="24507" visible="true" version="1" lat="49.99996627085" lon="9.00057906606" />
  <node id="24508" visible="true" version="1" lat="49.99996627082" lon="9.00058604276" />
  <node id="24509" visible="true" version="1" lat="49.99996627078" lon="9.00059301946" />
  <node id="24510" visible="true" version="1" lat="49.99996627075" lon="9.00059999616" />
  <node id="24511" visible="true" version="1" lat="49.99996627071" lon="9.00060697286" />
  <node id="24512" visible="true" version="1" lat="49.99996627067" lon="9.00061394956" />
  <node id="24513" visible="true" version="1" lat="49.99996627064" lon="9.00062092626" />
  <node id="24514" visible="true" version="1" lat="49.9999662706" lon="9.00062790296" />
  <node id="24515" visible="true" version="1" lat="49.99996627056" lon="9.00063487966" />
  <node id="24516" visible="true" version="1" lat="49.99996627052" lon="9.00064185636" />
  <node id="24517" visible="true" version="1" lat="49.99996627048" lon="9.00064883306" />
  <node id="24518" visible="true" version="1" lat="49.99996627045" lon="9.00065580976" />
  <node id="24519" visible="true" version="1" lat="49.99996627041" lon="9.00066278645" />
  <node id="24520" visible="true" version="1" lat="49.99996627037" lon="9.00066976315" />
  <node id="24521" visible="true" version="1" lat="49.99996627033" lon="9.00067673985" />
  <node id="24522" visible="true" version="1" lat="49.99996627028" lon="9.00068371655" />
  <node id="24523" visible="true" version="1" lat="49.99996627024" lon="9.00069069325" />
  <node id="24524" visible="true" version="1" lat="49.9999662702" lon="9.00069766995" />
  <node id="24525" visible="true" version="1" lat="49.99996627016" lon="9.00070464665" />
  <node id="24526" visible="true" version="1" lat="49.99996627012" lon="9.00071162335" />
  <node id="24527" visible="true" version="1" lat="49.99996627007" lon="9.00071860005" />
  <node id="24528" visible="true" version="1" lat="49.99996627003" lon="9.00072557675" />
  <node id="24529" visible="true" version="1" lat="49.99996626999" lon="9.00073255345" />
  <node id="24530" visible="true" version="1" lat="49.99996626994" lon="9.00073953015" />
  <node id="24531" visible="true" version="1" lat="49.9999662699" lon="9.00074650685" />
  <node id="24532" visible="true" version="1" lat="49.99996626985" lon="9.00075348355" />
  <node id="24533" visible="true" version="1" lat="49.99996626981" lon="9.00076046025" />
  <node id="24534" visible="true" version="1" lat="49.99996626976" lon="9.00076743695" />
  <node id="24535" visible="true" version="1" lat="49.99996626971" lon="9.00077441365" />
  <node id="24536" visible="true" version="1" lat="49.99996626967" lon="9.00078139035" />
  <node id="24537" visible="true" version="1" lat="49.99996626962" lon="9.00078836705" />
  <node id="24538" visible="true" version="1" lat="49.99996626957" lon="9.00079534375" />
  <node id="24539" visible="true" version="1" lat="49.99996626953" lon="9.00080232045" />
  <node id="24540" visible="true" version="1" lat="49.99996626948" lon="9.00080929714" />
  <node id="24541" visible="true" version="1" lat="49.99996626943" lon="9.00081627384" />
  <node id="24542" visible="true" version="1" lat="49.99996626938" lon="9.00082325054" />
  <node id="24543" visible="true" version="1" lat="49.99996626933" lon="9.00083022724" />
  <node id="24544" visible="true" version="1" lat="49.99996626928" lon="9.00083720394" />
  <node id="24545" visible="true" version="1" lat="49.99996626923" lon="9.00084418064" />
  <node id="24546" visible="true" version="1" lat="49.99996626918" lon="9.00085115734" />
  <node id="24547" visible="true" version="1" lat="49.99996626913" lon="9.00085813404" />
  <node id="24548" visible="true" version="1" lat="49.99996626907" lon="9.00086511074" />
  <node id="24549" visible="true" version="1" lat="49.99996626902" lon="9.00087208744" />
  <node id="24550" visible="true" version="1" lat="49.99996626897" lon="9.00087906414" />
  <node id="24551" visible="true" version="1" lat="49.99996626892" lon="9.00088604084" />
  <node id="24552" visible="true" version="1" lat="49.99996626886" lon="9.00089301754" />
  <node id="24553" visible="true" version="1" lat="49.99996626881" lon="9.00089999424" />
  <node id="24554" visible="true" version="1" lat="49.99996626875" lon="9.00090697094" />
  <node id="24555" visible="true" version="1" lat="49.9999662687" lon="9.00091394764" />
  <node id="24556" visible="true" version="1" lat="49.99996626864" lon="9.00092092434" />
  <node id="24557" visible="true" version="1" lat="49.99996626859" lon="9.00092790104" />
  <node id="24558" visible="true" version="1" lat="49.99996626853" lon="9.00093487774" />
  <node id="24559" visible="true" version="1" lat="49.99996626848" lon="9.00094185444" />
  <node id="24560" visible="true" version="1" lat="49.99996626842" lon="9.00094883114" />
  <node id="24561" visible="true" version="1" lat="49.99996626836" lon="9.00095580783" />
  <node id="24562" visible="true" version="1" lat="49.9999662683" lon="9.00096278453" />
  <node id="24563" visible="true" version="1" lat="49.99996626825" lon="9.00096976123" />
  <node id="24564" visible="true" version="1" lat="49.99996626819" lon="9.00097673793" />
  <node id="24565" visible="true" version="1" lat="49.99996626813" lon="9.00098371463" />
  <node id="24566" visible="true" version="1" lat="49.99996626807" lon="9.00099069133" />
  <node id="24567" visible="true" version="1" lat="49.99996626801" lon="9.00099766803" />
  <node id="24568" visible="true" version="1" lat="49.99996626795" lon="9.00100464473" />
  <node id="24569" visible="true" version="1" lat="49.99996626789" lon="9.00101162143" />
  <node id="24570" visible="true" version="1" lat="49.99996626783" lon="9.00101859813" />
  <node id="24571" visible="true" version="1" lat="49.99996626777" lon="9.00102557483" />
  <node id="24572" visible="true" version="1" lat="49.9999662677" lon="9.00103255153" />
  <node id="24573" visible="true" version="1" lat="49.99996626764" lon="9.00103952823" />
  <node id="24574" visible="true" version="1" lat="49.99996626758" lon="9.00104650493" />
  <node id="24575" visible="true" version="1" lat="49.99996626752" lon="9.00105348163" />
  <node id="24576" visible="true" version="1" lat="49.99996626745" lon="9.00106045833" />
  <node id="24577" visible="true" version="1" lat="49.99996626739" lon="9.00106743503" />
  <node id="24578" visible="true" version="1" lat="49.99996626732" lon="9.00107441173" />
  <node id="24579" visible="true" version="1" lat="49.99996626726" lon="9.00108138843" />
  <node id="24580" visible="true" version="1" lat="49.99996626719" lon="9.00108836513" />
  <node id="24581" visible="true" version="1" lat="49.99996626713" lon="9.00109534183" />
  <node id="24582" visible="true" version="1" lat="49.99996626706" lon="9.00110231852" />
  <node id="24583" visible="true" version="1" lat="49.999966267" lon="9.00110929522" />
  <node id="24584" visible="true" version="1" lat="49.99996626693" lon="9.00111627192" />
  <node id="24585" visible="true" version="1" lat="49.99996626686" lon="9.00112324862" />
  <node id="24586" visible="true" version="1" lat="49.99996626679" lon="9.00113022532" />
  <node id="24587" visible="true" version="1" lat="49.99996626673" lon="9.00113720202" />
  <node id="24588" visible="true" version="1" lat="49.99996626666" lon="9.00114417872" />
  <node id="24589" visible="true" version="1" lat="49.99996626659" lon="9.00115115542" />
  <node id="24590" visible="true" version="1" lat="49.99996626652" lon="9.00115813212" />
  <node id="24591" visible="true" version="1" lat="49.99996626645" lon="9.00116510882" />
  <node id="24592" visible="true" version="1" lat="49.99996626638" lon="9.00117208552" />
  <node id="24593" visible="true" version="1" lat="49.99996626631" lon="9.00117906222" />
  <node id="24594" visible="true" version="1" lat="49.99996626624" lon="9.00118603892" />
  <node id="24595" visible="true" version="1" lat="49.99996626617" lon="9.00119301562" />
  <node id="24596" visible="true" version="1" lat="49.99996626609" lon="9.00119999232" />
  <node id="24597" visible="true" version="1" lat="49.99996626602" lon="9.00120696902" />
  <node id="24598" visible="true" version="1" lat="49.99996626595" lon="9.00121394572" />
  <node id="24599" visible="true" version="1" lat="49.99996626588" lon="9.00122092242" />
  <node id="24600" visible="true" version="1" lat="49.9999662658" lon="9.00122789912" />
  <node id="24601" visible="true" version="1" lat="49.99996626573" lon="9.00123487582" />
  <node id="24602" visible="true" version="1" lat="49.99996626565" lon="9.00124185252" />
  <node id="24603" visible="true" version="1" lat="49.99996626558" lon="9.00124882921" />
  <node id="24604" visible="true" version="1" lat="49.9999662655" lon="9.00125580591" />
  <node id="24605" visible="true" version="1" lat="49.99996626543" lon="9.00126278261" />
  <node id="24606" visible="true" version="1" lat="49.99996626535" lon="9.00126975931" />
  <node id="24607" visible="true" version="1" lat="49.99996626528" lon="9.00127673601" />
  <node id="24608" visible="true" version="1" lat="49.9999662652" lon="9.00128371271" />
  <node id="24609" visible="true" version="1" lat="49.99996626512" lon="9.00129068941" />
  <node id="24610" visible="true" version="1" lat="49.99996626504" lon="9.00129766611" />
  <node id="24611" visible="true" version="1" lat="49.99996626496" lon="9.00130464281" />
  <node id="24612" visible="true" version="1" lat="49.99996626489" lon="9.00131161951" />
  <node id="24613" visible="true" version="1" lat="49.99996626481" lon="9.00131859621" />
  <node id="24614" visible="true" version="1" lat="49.99996626473" lon="9.00132557291" />
  <node id="24615" visible="true" version="1" lat="49.99996626465" lon="9.00133254961" />
  <node id="24616" visible="true" version="1" lat="49.99996626457" lon="9.00133952631" />
  <node id="24617" visible="true" version="1" lat="49.99996626449" lon="9.00134650301" />
  <node id="24618" visible="true" version="1" lat="49.99996626441" lon="9.00135347971" />
  <node id="24619" visible="true" version="1" lat="49.99996626432" lon="9.00136045641" />
  <node id="24620" visible="true" version="1" lat="49.99996626424" lon="9.00136743311" />
  <node id="24621" visible="true" version="1" lat="49.99996626416" lon="9.00137440981" />
  <node id="24622" visible="true" version="1" lat="49.99996626408" lon="9.00138138651" />
  <node id="24623" visible="true" version="1" lat="49.99996626399" lon="9.0013883632" />
  <node id="24624" visible="true" version="1" lat="49.99996626391" lon="9.0013953399" />
  <node id="24625" visible="true" version="1" lat="49.99996626383" lon="9.0014023166" />
  <node id="24626" visible="true" version="1" lat="49.99996626374" lon="9.0014092933" />
  <node id="24627" visible="true" version="1" lat="49.99996626366" lon="9.00141627" />
  <node id="24628" visible="true" version="1" lat="49.99996626357" lon="9.0014232467" />
  <node id="24629" visible="true" version="1" lat="49.99996626348" lon="9.0014302234" />
  <node id="24630" visible="true" version="1" lat="49.9999662634" lon="9.0014372001" />
  <node id="24631" visible="true" version="1" lat="49.99996626331" lon="9.0014441768" />
  <node id="24632" visible="true" version="1" lat="49.99996626322" lon="9.0014511535" />
  <node id="24633" visible="true" version="1" lat="49.99996626314" lon="9.0014581302" />
  <node id="24634" visible="true" version="1" lat="49.99996626305" lon="9.0014651069" />
  <node id="24635" visible="true" version="1" lat="49.99996626296" lon="9.0014720836" />
  <node id="24636" visible="true" version="1" lat="49.99996626287" lon="9.0014790603" />
  <node id="24637" visible="true" version="1" lat="49.99996626278" lon="9.001486037" />
  <node id="24638" visible="true" version="1" lat="49.99996626269" lon="9.0014930137" />
  <node id="24639" visible="true" version="1" lat="49.9999662626" lon="9.0014999904" />
  <node id="24640" visible="true" version="1" lat="49.99996626251" lon="9.0015069671" />
  <node id="24641" visible="true" version="1" lat="49.99996626242" lon="9.0015139438" />
  <node id="24642" visible="true" version="1" lat="49.99996626233" lon="9.0015209205" />
  <node id="24643" visible="true" version="1" lat="49.99996626224" lon="9.0015278972" />
  <node id="24644" visible="true" version="1" lat="49.99996626215" lon="9.00153487389" />
  <node id="24645" visible="true" version="1" lat="49.99996626206" lon="9.00154185059" />
  <node id="24646" visible="true" version="1" lat="49.99996626196" lon="9.00154882729" />
  <node id="24647" visible="true" version="1" lat="49.99996626187" lon="9.00155580399" />
  <node id="24648" visible="true" version="1" lat="49.99996626178" lon="9.00156278069" />
  <node id="24649" visible="true" version="1" lat="49.99996626168" lon="9.00156975739" />
  <node id="24650" visible="true" version="1" lat="49.99996626159" lon="9.00157673409" />
  <node id="24651" visible="true" version="1" lat="49.99996626149" lon="9.00158371079" />
  <node id="24652" visible="true" version="1" lat="49.9999662614" lon="9.00159068749" />
  <node id="24653" visible="true" version="1" lat="49.9999662613" lon="9.00159766419" />
  <node id="24654" visible="true" version="1" lat="49.9999662612" lon="9.00160464089" />
  <node id="24655" visible="true" version="1" lat="49.99996626111" lon="9.00161161759" />
  <node id="24656" visible="true" version="1" lat="49.99996626101" lon="9.00161859429" />
  <node id="24657" visible="true" version="1" lat="49.99996626091" lon="9.00162557099" />
  <node id="24658" visible="true" version="1" lat="49.99996626081" lon="9.00163254769" />
  <node id="24659" visible="true" version="1" lat="49.99996626072" lon="9.00163952439" />
  <node id="24660" visible="true" version="1" lat="49.99996626062" lon="9.00164650109" />
  <node id="24661" visible="true" version="1" lat="49.99996626052" lon="9.00165347779" />
  <node id="24662" visible="true" version="1" lat="49.99996626042" lon="9.00166045449" />
  <node id="24663" visible="true" version="1" lat="49.99996626032" lon="9.00166743119" />
  <node id="24664" visible="true" version="1" lat="49.99996626022" lon="9.00167440789" />
  <node id="24665" visible="true" version="1" lat="49.99996626012" lon="9.00168138458" />
  <node id="24666" visible="true" version="1" lat="49.99996626002" lon="9.00168836128" />
  <node id="24667" visible="true" version="1" lat="49.99996625991" lon="9.00169533798" />
  <node id="24668" visible="true" version="1" lat="49.99996625981" lon="9.00170231468" />
  <node id="24669" visible="true" version="1" lat="49.99996625971" lon="9.00170929138" />
  <node id="24670" visible="true" version="1" lat="49.99996625961" lon="9.00171626808" />
  <node id="24671" visible="true" version="1" lat="49.9999662595" lon="9.00172324478" />
  <node id="24672" visible="true" version="1" lat="49.9999662594" lon="9.00173022148" />
  <node id="24673" visible="true" version="1" lat="49.9999662593" lon="9.00173719818" />
  <node id="24674" visible="true" version="1" lat="49.99996625919" lon="9.00174417488" />
  <node id="24675" visible="true" version="1" lat="49.99996625909" lon="9.00175115158" />
  <node id="24676" visible="true" version="1" lat="49.99996625898" lon="9.00175812828" />
  <node id="24677" visible="true" version="1" lat="49.99996625887" lon="9.00176510498" />
  <node id="24678" visible="true" version="1" lat="49.99996625877" lon="9.00177208168" />
  <node id="24679" visible="true" version="1" lat="49.99996625866" lon="9.00177905838" />
  <node id="24680" visible="true" version="1" lat="49.99996625855" lon="9.00178603508" />
  <node id="24681" visible="true" version="1" lat="49.99996625845" lon="9.00179301178" />
  <node id="24682" visible="true" version="1" lat="49.99996625834" lon="9.00179998848" />
  <node id="24683" visible="true" version="1" lat="49.99996625823" lon="9.00180696518" />
  <node id="24684" visible="true" version="1" lat="49.99996625812" lon="9.00181394188" />
  <node id="24685" visible="true" version="1" lat="49.99996625801" lon="9.00182091858" />
  <node id="24686" visible="true" version="1" lat="49.9999662579" lon="9.00182789527" />
  <node id="24687" visible="true" version="1" lat="49.99996625779" lon="9.00183487197" />
  <node id="24688" visible="true" version="1" lat="49.99996625768" lon="9.00184184867" />
  <node id="24689" visible="true" version="1" lat="49.99996625757" lon="9.00184882537" />
  <node id="24690" visible="true" version="1" lat="49.99996625746" lon="9.00185580207" />
  <node id="24691" visible="true" version="1" lat="49.99996625735" lon="9.00186277877" />
  <node id="24692" visible="true" version="1" lat="49.99996625723" lon="9.00186975547" />
  <node id="24693" visible="true" version="1" lat="49.99996625712" lon="9.00187673217" />
  <node id="24694" visible="true" version="1" lat="49.99996625701" lon="9.00188370887" />
  <node id="24695" visible="true" version="1" lat="49.9999662569" lon="9.00189068557" />
  <node id="24696" visible="true" version="1" lat="49.99996625678" lon="9.00189766227" />
  <node id="24697" visible="true" version="1" lat="49.99996625667" lon="9.00190463897" />
  <node id="24698" visible="true" version="1" lat="49.99996625655" lon="9.00191161567" />
  <node id="24699" visible="true" version="1" lat="49.99996625644" lon="9.00191859237" />
  <node id="24700" visible="true" version="1" lat="49.99996625632" lon="9.00192556907" />
  <node id="24701" visible="true" version="1" lat="49.99996625621" lon="9.00193254577" />
  <node id="24702" visible="true" version="1" lat="49.99996625609" lon="9.00193952247" />
  <node id="24703" visible="true" version="1" lat="49.99996625597" lon="9.00194649917" />
  <node id="24704" visible="true" version="1" lat="49.99996625586" lon="9.00195347587" />
  <node id="24705" visible="true" version="1" lat="49.99996625574" lon="9.00196045257" />
  <node id="24706" visible="true" version="1" lat="49.99996625562" lon="9.00196742927" />
  <node id="24707" visible="true" version="1" lat="49.9999662555" lon="9.00197440596" />
  <node id="24708" visible="true" version="1" lat="49.99996625538" lon="9.00198138266" />
  <node id="24709" visible="true" version="1" lat="49.99996625526" lon="9.00198835936" />
  <node id="24710" visible="true" version="1" lat="49.99996625514" lon="9.00199533606" />
  <node id="24711" visible="true" version="1" lat="49.99996625502" lon="9.00200231276" />
  <node id="24712" visible="true" version="1" lat="49.9999662549" lon="9.00200928946" />
  <node id="24713" visible="true" version="1" lat="49.99996625478" lon="9.00201626616" />
  <node id="24714" visible="true" version="1" lat="49.99996625466" lon="9.00202324286" />
  <node id="24715" visible="true" version="1" lat="49.99996625454" lon="9.00203021956" />
  <node id="24716" visible="true" version="1" lat="49.99996625442" lon="9.00203719626" />
  <node id="24717" visible="true" version="1" lat="49.99996625429" lon="9.00204417296" />
  <node id="24718" visible="true" version="1" lat="49.99996625417" lon="9.00205114966" />
  <node id="24719" visible="true" version="1" lat="49.99996625405" lon="9.00205812636" />
  <node id="24720" visible="true" version="1" lat="49.99996625392" lon="9.00206510306" />
  <node id="24721" visible="true" version="1" lat="49.9999662538" lon="9.00207207976" />
  <node id="24722" visible="true" version="1" lat="49.99996625367" lon="9.00207905646" />
  <node id="24723" visible="true" version="1" lat="49.99996625355" lon="9.00208603316" />
  <node id="24724" visible="true" version="1" lat="49.99996625342" lon="9.00209300986" />
  <node id="24725" visible="true" version="1" lat="49.9999662533" lon="9.00209998656" />
  <node id="24726" visible="true" version="1" lat="49.99996625317" lon="9.00210696326" />
  <node id="24727" visible="true" version="1" lat="49.99996625304" lon="9.00211393995" />
  <node id="24728" visible="true" version="1" lat="49.99996625292" lon="9.00212091665" />
  <node id="24729" visible="true" version="1" lat="49.99996625279" lon="9.00212789335" />
  <node id="24730" visible="true" version="1" lat="49.99996625266" lon="9.00213487005" />
  <node id="24731" visible="true" version="1" lat="49.99996625253" lon="9.00214184675" />
  <node id="24732" visible="true" version="1" lat="49.9999662524" lon="9.00214882345" />
  <node id="24733" visible="true" version="1" lat="49.99996625227" lon="9.00215580015" />
  <node id="24734" visible="true" version="1" lat="49.99996625214" lon="9.00216277685" />
  <node id="24735" visible="true" version="1" lat="49.99996625201" lon="9.00216975355" />
  <node id="24736" visible="true" version="1" lat="49.99996625188" lon="9.00217673025" />
  <node id="24737" visible="true" version="1" lat="49.99996625175" lon="9.00218370695" />
  <node id="24738" visible="true" version="1" lat="49.99996625162" lon="9.00219068365" />
  <node id="24739" visible="true" version="1" lat="49.99996625149" lon="9.00219766035" />
  <node id="24740" visible="true" version="1" lat="49.99996625136" lon="9.00220463705" />
  <node id="24741" visible="true" version="1" lat="49.99996625122" lon="9.00221161375" />
  <node id="24742" visible="true" version="1" lat="49.99996625109" lon="9.00221859045" />
  <node id="24743" visible="true" version="1" lat="49.99996625096" lon="9.00222556715" />
  <node id="24744" visible="true" version="1" lat="49.99996625082" lon="9.00223254385" />
  <node id="24745" visible="true" version="1" lat="49.99996625069" lon="9.00223952055" />
  <node id="24746" visible="true" version="1" lat="49.99996625055" lon="9.00224649725" />
  <node id="24747" visible="true" version="1" lat="49.99996625042" lon="9.00225347395" />
  <node id="24748" visible="true" version="1" lat="49.99996625028" lon="9.00226045064" />
  <node id="24749" visible="true" version="1" lat="49.99996625015" lon="9.00226742734" />
  <node id="24750" visible="true" version="1" lat="49.99996625001" lon="9.00227440404" />
  <node id="24751" visible="true" version="1" lat="49.99996624987" lon="9.00228138074" />
  <node id="24752" visible="true" version="1" lat="49.99996624973" lon="9.00228835744" />
  <node id="24753" visible="true" version="1" lat="49.9999662496" lon="9.00229533414" />
  <node id="24754" visible="true" version="1" lat="49.99996624946" lon="9.00230231084" />
  <node id="24755" visible="true" version="1" lat="49.99996624932" lon="9.00230928754" />
  <node id="24756" visible="true" version="1" lat="49.99996624918" lon="9.00231626424" />
  <node id="24757" visible="true" version="1" lat="49.99996624904" lon="9.00232324094" />
  <node id="24758" visible="true" version="1" lat="49.9999662489" lon="9.00233021764" />
  <node id="24759" visible="true" version="1" lat="49.99996624876" lon="9.00233719434" />
  <node id="24760" visible="true" version="1" lat="49.99996624862" lon="9.00234417104" />
  <node id="24761" visible="true" version="1" lat="49.99996624848" lon="9.00235114774" />
  <node id="24762" visible="true" version="1" lat="49.99996624834" lon="9.00235812444" />
  <node id="24763" visible="true" version="1" lat="49.9999662482" lon="9.00236510114" />
  <node id="24764" visible="true" version="1" lat="49.99996624805" lon="9.00237207784" />
  <node id="24765" visible="true" version="1" lat="49.99996624791" lon="9.00237905454" />
  <node id="24766" visible="true" version="1" lat="49.99996624777" lon="9.00238603124" />
  <node id="24767" visible="true" version="1" lat="49.99996624762" lon="9.00239300794" />
  <node id="24768" visible="true" version="1" lat="49.99996624748" lon="9.00239998464" />
  <node id="24769" visible="true" version="1" lat="49.99996624733" lon="9.00240696133" />
  <node id="24770" visible="true" version="1" lat="49.99996624719" lon="9.00241393803" />
  <node id="24771" visible="true" version="1" lat="49.99996624704" lon="9.00242091473" />
  <node id="24772" visible="true" version="1" lat="49.9999662469" lon="9.00242789143" />
  <node id="24773" visible="true" version="1" lat="49.99996624675" lon="9.00243486813" />
  <node id="24774" visible="true" version="1" lat="49.99996624661" lon="9.00244184483" />
  <node id="24775" visible="true" version="1" lat="49.99996624646" lon="9.00244882153" />
  <node id="24776" visible="true" version="1" lat="49.99996624631" lon="9.00245579823" />
  <node id="24777" visible="true" version="1" lat="49.99996624616" lon="9.00246277493" />
  <node id="24778" visible="true" version="1" lat="49.99996624602" lon="9.00246975163" />
  <node id="24779" visible="true" version="1" lat="49.99996624587" lon="9.00247672833" />
  <node id="24780" visible="true" version="1" lat="49.99996624572" lon="9.00248370503" />
  <node id="24781" visible="true" version="1" lat="49.99996624557" lon="9.00249068173" />
  <node id="24782" visible="true" version="1" lat="49.99996624542" lon="9.00249765843" />
  <node id="24783" visible="true" version="1" lat="49.99996624527" lon="9.00250463513" />
  <node id="24784" visible="true" version="1" lat="49.99996624512" lon="9.00251161183" />
  <node id="24785" visible="true" version="1" lat="49.99996624497" lon="9.00251858853" />
  <node id="24786" visible="true" version="1" lat="49.99996624481" lon="9.00252556523" />
  <node id="24787" visible="true" version="1" lat="49.99996624466" lon="9.00253254193" />
  <node id="24788" visible="true" version="1" lat="49.99996624451" lon="9.00253951863" />
  <node id="24789" visible="true" version="1" lat="49.99996624436" lon="9.00254649532" />
  <node id="24790" visible="true" version="1" lat="49.9999662442" lon="9.00255347202" />
  <node id="24791" visible="true" version="1" lat="49.99996624405" lon="9.00256044872" />
  <node id="24792" visible="true" version="1" lat="49.9999662439" lon="9.00256742542" />
  <node id="24793" visible="true" version="1" lat="49.99996624374" lon="9.00257440212" />
  <node id="24794" visible="true" version="1" lat="49.99996624359" lon="9.00258137882" />
  <node id="24795" visible="true" version="1" lat="49.99996624343" lon="9.00258835552" />
  <node id="24796" visible="true" version="1" lat="49.99996624327" lon="9.00259533222" />
  <node id="24797" visible="true" version="1" lat="49.99996624312" lon="9.00260230892" />
  <node id="24798" visible="true" version="1" lat="49.99996624296" lon="9.00260928562" />
  <node id="24799" visible="true" version="1" lat="49.9999662428" lon="9.00261626232" />
  <node id="24800" visible="true" version="1" lat="49.99996624265" lon="9.00262323902" />
  <node id="24801" visible="true" version="1" lat="49.99996624249" lon="9.00263021572" />
  <node id="24802" visible="true" version="1" lat="49.99996624233" lon="9.00263719242" />
  <node id="24803" visible="true" version="1" lat="49.99996624217" lon="9.00264416912" />
  <node id="24804" visible="true" version="1" lat="49.99996624201" lon="9.00265114582" />
  <node id="24805" visible="true" version="1" lat="49.99996624185" lon="9.00265812252" />
  <node id="24806" visible="true" version="1" lat="49.99996624169" lon="9.00266509922" />
  <node id="24807" visible="true" version="1" lat="49.99996624153" lon="9.00267207592" />
  <node id="24808" visible="true" version="1" lat="49.99996624137" lon="9.00267905262" />
  <node id="24809" visible="true" version="1" lat="49.99996624121" lon="9.00268602932" />
  <node id="24810" visible="true" version="1" lat="49.99996624105" lon="9.00269300601" />
  <node id="24811" visible="true" version="1" lat="49.99996624089" lon="9.00269998271" />
  <node id="24812" visible="true" version="1" lat="49.99996624072" lon="9.00270695941" />
  <node id="24813" visible="true" version="1" lat="49.99996624056" lon="9.00271393611" />
  <node id="24814" visible="true" version="1" lat="49.9999662404" lon="9.00272091281" />
  <node id="24815" visible="true" version="1" lat="49.99996624023" lon="9.00272788951" />
  <node id="24816" visible="true" version="1" lat="49.99996624007" lon="9.00273486621" />
  <node id="24817" visible="true" version="1" lat="49.99996623991" lon="9.00274184291" />
  <node id="24818" visible="true" version="1" lat="49.99996623974" lon="9.00274881961" />
  <node id="24819" visible="true" version="1" lat="49.99996623957" lon="9.00275579631" />
  <node id="24820" visible="true" version="1" lat="49.99996623941" lon="9.00276277301" />
  <node id="24821" visible="true" version="1" lat="49.99996623924" lon="9.00276974971" />
  <node id="24822" visible="true" version="1" lat="49.99996623908" lon="9.00277672641" />
  <node id="24823" visible="true" version="1" lat="49.99996623891" lon="9.00278370311" />
  <node id="24824" visible="true" version="1" lat="49.99996623874" lon="9.00279067981" />
  <node id="24825" visible="true" version="1" lat="49.99996623857" lon="9.00279765651" />
  <node id="24826" visible="true" version="1" lat="49.9999662384" lon="9.00280463321" />
  <node id="24827" visible="true" version="1" lat="49.99996623824" lon="9.00281160991" />
  <node id="24828" visible="true" version="1" lat="49.99996623807" lon="9.00281858661" />
  <node id="24829" visible="true" version="1" lat="49.9999662379" lon="9.00282556331" />
  <node id="24830" visible="true" version="1" lat="49.99996623773" lon="9.00283254" />
  <node id="24831" visible="true" version="1" lat="49.99996623756" lon="9.0028395167" />
  <node id="24832" visible="true" version="1" lat="49.99996623739" lon="9.0028464934" />
  <node id="24833" visible="true" version="1" lat="49.99996623721" lon="9.0028534701" />
  <node id="24834" visible="true" version="1" lat="49.99996623704" lon="9.0028604468" />
  <node id="24835" visible="true" version="1" lat="49.99996623687" lon="9.0028674235" />
  <node id="24836" visible="true" version="1" lat="49.9999662367" lon="9.0028744002" />
  <node id="24837" visible="true" version="1" lat="49.99996623652" lon="9.0028813769" />
  <node id="24838" visible="true" version="1" lat="49.99996623635" lon="9.0028883536" />
  <node id="24839" visible="true" version="1" lat="49.99996623618" lon="9.0028953303" />
  <node id="24840" visible="true" version="1" lat="49.999966236" lon="9.002902307" />
  <node id="24841" visible="true" version="1" lat="49.99996623583" lon="9.0029092837" />
  <node id="24842" visible="true" version="1" lat="49.99996623565" lon="9.0029162604" />
  <node id="24843" visible="true" version="1" lat="49.99996623548" lon="9.0029232371" />
  <node id="24844" visible="true" version="1" lat="49.9999662353" lon="9.0029302138" />
  <node id="24845" visible="true" version="1" lat="49.99996623512" lon="9.0029371905" />
  <node id="24846" visible="true" version="1" lat="49.99996623495" lon="9.0029441672" />
  <node id="24847" visible="true" version="1" lat="49.99996623477" lon="9.0029511439" />
  <node id="24848" visible="true" version="1" lat="49.99996623459" lon="9.0029581206" />
  <node id="24849" visible="true" version="1" lat="49.99996623442" lon="9.0029650973" />
  <node id="24850" visible="true" version="1" lat="49.99996623424" lon="9.00297207399" />
  <node id="24851" visible="true" version="1" lat="49.99996623406" lon="9.00297905069" />
  <node id="24852" visible="true" version="1" lat="49.99996623388" lon="9.00298602739" />
  <node id="24853" visible="true" version="1" lat="49.9999662337" lon="9.00299300409" />
  <node id="24854" visible="true" version="1" lat="49.99996623352" lon="9.00299998079" />
  <node id="24855" visible="true" version="1" lat="49.99996623334" lon="9.00300695749" />
  <node id="24856" visible="true" version="1" lat="49.99996623316" lon="9.00301393419" />
  <node id="24857" visible="true" version="1" lat="49.99996623298" lon="9.00302091089" />
  <node id="24858" visible="true" version="1" lat="49.99996623279" lon="9.00302788759" />
  <node id="24859" visible="true" version="1" lat="49.99996623261" lon="9.00303486429" />
  <node id="24860" visible="true" version="1" lat="49.99996623243" lon="9.00304184099" />
  <node id="24861" visible="true" version="1" lat="49.99996623225" lon="9.00304881769" />
  <node id="24862" visible="true" version="1" lat="49.99996623206" lon="9.00305579439" />
  <node id="24863" visible="true" version="1" lat="49.99996623188" lon="9.00306277109" />
  <node id="24864" visible="true" version="1" lat="49.99996623169" lon="9.00306974779" />
  <node id="24865" visible="true" version="1" lat="49.99996623151" lon="9.00307672449" />
  <node id="24866" visible="true" version="1" lat="49.99996623132" lon="9.00308370119" />
  <node id="24867" visible="true" version="1" lat="49.99996623114" lon="9.00309067789" />
  <node id="24868" visible="true" version="1" lat="49.99996623095" lon="9.00309765459" />
  <node id="24869" visible="true" version="1" lat="49.99996623077" lon="9.00310463129" />
  <node id="24870" visible="true" version="1" lat="49.99996623058" lon="9.00311160799" />
  <node id="24871" visible="true" version="1" lat="49.99996623039" lon="9.00311858468" />
  <node id="24872" visible="true" version="1" lat="49.9999662302" lon="9.00312556138" />
  <node id="24873" visible="true" version="1" lat="49.99996623002" lon="9.00313253808" />
  <node id="24874" visible="true" version="1" lat="49.99996622983" lon="9.00313951478" />
  <node id="24875" visible="true" version="1" lat="49.99996622964" lon="9.00314649148" />
  <node id="24876" visible="true" version="1" lat="49.99996622945" lon="9.00315346818" />
  <node id="24877" visible="true" version="1" lat="49.99996622926" lon="9.00316044488" />
  <node id="24878" visible="true" version="1" lat="49.99996622907" lon="9.00316742158" />
  <node id="24879" visible="true" version="1" lat="49.99996622888" lon="9.00317439828" />
  <node id="24880" visible="true" version="1" lat="49.99996622869" lon="9.00318137498" />
  <node id="24881" visible="true" version="1" lat="49.9999662285" lon="9.00318835168" />
  <node id="24882" visible="true" version="1" lat="49.9999662283" lon="9.00319532838" />
  <node id="24883" visible="true" version="1" lat="49.99996622811" lon="9.00320230508" />
  <node id="24884" visible="true" version="1" lat="49.99996622792" lon="9.00320928178" />
  <node id="24885" visible="true" version="1" lat="49.99996622773" lon="9.00321625848" />
  <node id="24886" visible="true" version="1" lat="49.99996622753" lon="9.00322323518" />
  <node id="24887" visible="true" version="1" lat="49.99996622734" lon="9.00323021188" />
  <node id="24888" visible="true" version="1" lat="49.99996622714" lon="9.00323718858" />
  <node id="24889" visible="true" version="1" lat="49.99996622695" lon="9.00324416528" />
  <node id="24890" visible="true" version="1" lat="49.99996622675" lon="9.00325114198" />
  <node id="24891" visible="true" version="1" lat="49.99996622656" lon="9.00325811867" />
  <node id="24892" visible="true" version="1" lat="49.99996622636" lon="9.00326509537" />
  <node id="24893" visible="true" version="1" lat="49.99996622616" lon="9.00327207207" />
  <node id="24894" visible="true" version="1" lat="49.99996622597" lon="9.00327904877" />
  <node id="24895" visible="true" version="1" lat="49.99996622577" lon="9.00328602547" />
  <node id="24896" visible="true" version="1" lat="49.99996622557" lon="9.00329300217" />
  <node id="24897" visible="true" version="1" lat="49.99996622537" lon="9.00329997887" />
  <node id="24898" visible="true" version="1" lat="49.99996622518" lon="9.00330695557" />
  <node id="24899" visible="true" version="1" lat="49.99996622498" lon="9.00331393227" />
  <node id="24900" visible="true" version="1" lat="49.99996622478" lon="9.00332090897" />
  <node id="24901" visible="true" version="1" lat="49.99996622458" lon="9.00332788567" />
  <node id="24902" visible="true" version="1" lat="49.99996622438" lon="9.00333486237" />
  <node id="24903" visible="true" version="1" lat="49.99996622418" lon="9.00334183907" />
  <node id="24904" visible="true" version="1" lat="49.99996622398" lon="9.00334881577" />
  <node id="24905" visible="true" version="1" lat="49.99996622377" lon="9.00335579247" />
  <node id="24906" visible="true" version="1" lat="49.99996622357" lon="9.00336276917" />
  <node id="24907" visible="true" version="1" lat="49.99996622337" lon="9.00336974587" />
  <node id="24908" visible="true" version="1" lat="49.99996622317" lon="9.00337672257" />
  <node id="24909" visible="true" version="1" lat="49.99996622296" lon="9.00338369927" />
  <node id="24910" visible="true" version="1" lat="49.99996622276" lon="9.00339067597" />
  <node id="24911" visible="true" version="1" lat="49.99996622256" lon="9.00339765266" />
  <node id="24912" visible="true" version="1" lat="49.99996622235" lon="9.00340462936" />
  <node id="24913" visible="true" version="1" lat="49.99996622215" lon="9.00341160606" />
  <node id="24914" visible="true" version="1" lat="49.99996622194" lon="9.00341858276" />
  <node id="24915" visible="true" version="1" lat="49.99996622174" lon="9.00342555946" />
  <node id="24916" visible="true" version="1" lat="49.99996622153" lon="9.00343253616" />
  <node id="24917" visible="true" version="1" lat="49.99996622132" lon="9.00343951286" />
  <node id="24918" visible="true" version="1" lat="49.99996622112" lon="9.00344648956" />
  <node id="24919" visible="true" version="1" lat="49.99996622091" lon="9.00345346626" />
  <node id="24920" visible="true" version="1" lat="49.9999662207" lon="9.00346044296" />
  <node id="24921" visible="true" version="1" lat="49.99996622049" lon="9.00346741966" />
  <node id="24922" visible="true" version="1" lat="49.99996622028" lon="9.00347439636" />
  <node id="24923" visible="true" version="1" lat="49.99996622007" lon="9.00348137306" />
  <node id="24924" visible="true" version="1" lat="49.99996621986" lon="9.00348834976" />
  <node id="24925" visible="true" version="1" lat="49.99996621965" lon="9.00349532646" />
  <node id="24926" visible="true" version="1" lat="49.99996621944" lon="9.00350230316" />
  <node id="24927" visible="true" version="1" lat="49.99996621923" lon="9.00350927986" />
  <node id="24928" visible="true" version="1" lat="49.99996621902" lon="9.00351625656" />
  <node id="24929" visible="true" version="1" lat="49.99996621881" lon="9.00352323326" />
  <node id="24930" visible="true" version="1" lat="49.9999662186" lon="9.00353020996" />
  <node id="24931" visible="true" version="1" lat="49.99996621839" lon="9.00353718665" />
  <node id="24932" visible="true" version="1" lat="49.99996621817" lon="9.00354416335" />
  <node id="24933" visible="true" version="1" lat="49.99996621796" lon="9.00355114005" />
  <node id="24934" visible="true" version="1" lat="49.99996621775" lon="9.00355811675" />
  <node id="24935" visible="true" version="1" lat="49.99996621753" lon="9.00356509345" />
  <node id="24936" visible="true" version="1" lat="49.99996621732" lon="9.00357207015" />
  <node id="24937" visible="true" version="1" lat="49.9999662171" lon="9.00357904685" />
  <node id="24938" visible="true" version="1" lat="49.99996621689" lon="9.00358602355" />
  <node id="24939" visible="true" version="1" lat="49.99996621667" lon="9.00359300025" />
  <node id="24940" visible="true" version="1" lat="49.99996621646" lon="9.00359997695" />
  <node id="24941" visible="true" version="1" lat="49.99996621624" lon="9.00360695365" />
  <node id="24942" visible="true" version="1" lat="49.99996621602" lon="9.00361393035" />
  <node id="24943" visible="true" version="1" lat="49.9999662158" lon="9.00362090705" />
  <node id="24944" visible="true" version="1" lat="49.99996621559" lon="9.00362788375" />
  <node id="24945" visible="true" version="1" lat="49.99996621537" lon="9.00363486045" />
  <node id="24946" visible="true" version="1" lat="49.99996621515" lon="9.00364183715" />
  <node id="24947" visible="true" version="1" lat="49.99996621493" lon="9.00364881385" />
  <node id="24948" visible="true" version="1" lat="49.99996621471" lon="9.00365579055" />
  <node id="24949" visible="true" version="1" lat="49.99996621449" lon="9.00366276725" />
  <node id="24950" visible="true" version="1" lat="49.99996621427" lon="9.00366974395" />
  <node id="24951" visible="true" version="1" lat="49.99996621405" lon="9.00367672064" />
  <node id="24952" visible="true" version="1" lat="49.99996621383" lon="9.00368369734" />
  <node id="24953" visible="true" version="1" lat="49.99996621361" lon="9.00369067404" />
  <node id="24954" visible="true" version="1" lat="49.99996621338" lon="9.00369765074" />
  <node id="24955" visible="true" version="1" lat="49.99996621316" lon="9.00370462744" />
  <node id="24956" visible="true" version="1" lat="49.99996621294" lon="9.00371160414" />
  <node id="24957" visible="true" version="1" lat="49.99996621271" lon="9.00371858084" />
  <node id="24958" visible="true" version="1" lat="49.99996621249" lon="9.00372555754" />
  <node id="24959" visible="true" version="1" lat="49.99996621227" lon="9.00373253424" />
  <node id="24960" visible="true" version="1" lat="49.99996621204" lon="9.00373951094" />
  <node id="24961" visible="true" version="1" lat="49.99996621182" lon="9.00374648764" />
  <node id="24962" visible="true" version="1" lat="49.99996621159" lon="9.00375346434" />
  <node id="24963" visible="true" version="1" lat="49.99996621137" lon="9.00376044104" />
  <node id="24964" visible="true" version="1" lat="49.99996621114" lon="9.00376741774" />
  <node id="24965" visible="true" version="1" lat="49.99996621091" lon="9.00377439444" />
  <node id="24966" visible="true" version="1" lat="49.99996621069" lon="9.00378137114" />
  <node id="24967" visible="true" version="1" lat="49.99996621046" lon="9.00378834784" />
  <node id="24968" visible="true" version="1" lat="49.99996621023" lon="9.00379532454" />
  <node id="24969" visible="true" version="1" lat="49.99996621" lon="9.00380230124" />
  <node id="24970" visible="true" version="1" lat="49.99996620977" lon="9.00380927794" />
  <node id="24971" visible="true" version="1" lat="49.99996620954" lon="9.00381625463" />
  <node id="24972" visible="true" version="1" lat="49.99996620931" lon="9.00382323133" />
  <node id="24973" visible="true" version="1" lat="49.99996620908" lon="9.00383020803" />
  <node id="24974" visible="true" version="1" lat="49.99996620885" lon="9.00383718473" />
  <node id="24975" visible="true" version="1" lat="49.99996620862" lon="9.00384416143" />
  <node id="24976" visible="true" version="1" lat="49.99996620839" lon="9.00385113813" />
  <node id="24977" visible="true" version="1" lat="49.99996620816" lon="9.00385811483" />
  <node id="24978" visible="true" version="1" lat="49.99996620793" lon="9.00386509153" />
  <node id="24979" visible="true" version="1" lat="49.99996620769" lon="9.00387206823" />
  <node id="24980" visible="true" version="1" lat="49.99996620746" lon="9.00387904493" />
  <node id="24981" visible="true" version="1" lat="49.99996620723" lon="9.00388602163" />
  <node id="24982" visible="true" version="1" lat="49.99996620699" lon="9.00389299833" />
  <node id="24983" visible="true" version="1" lat="49.99996620676" lon="9.00389997503" />
  <node id="24984" visible="true" version="1" lat="49.99996620653" lon="9.00390695173" />
  <node id="24985" visible="true" version="1" lat="49.99996620629" lon="9.00391392843" />
  <node id="24986" visible="true" version="1" lat="49.99996620605" lon="9.00392090513" />
  <node id="24987" visible="true" version="1" lat="49.99996620582" lon="9.00392788183" />
  <node id="24988" visible="true" version="1" lat="49.99996620558" lon="9.00393485853" />
  <node id="24989" visible="true" version="1" lat="49.99996620535" lon="9.00394183523" />
  <node id="24990" visible="true" version="1" lat="49.99996620511" lon="9.00394881193" />
  <node id="24991" visible="true" version="1" lat="49.99996620487" lon="9.00395578862" />
  <node id="24992" visible="true" version="1" lat="49.99996620463" lon="9.00396276532" />
  <node id="24993" visible="true" version="1" lat="49.99996620439" lon="9.00396974202" />
  <node id="24994" visible="true" version="1" lat="49.99996620416" lon="9.00397671872" />
  <node id="24995" visible="true" version="1" lat="49.99996620392" lon="9.00398369542" />
  <node id="24996" visible="true" version="1" lat="49.99996620368" lon="9.00399067212" />
  <node id="24997" visible="true" version="1" lat="49.99996620344" lon="9.00399764882" />
  <node id="24998" visible="true" version="1" lat="49.9999662032" lon="9.00400462552" />
  <node id="24999" visible="true" version="1" lat="49.99996620295" lon="9.00401160222" />
  <node id="25000" visible="true" version="1" lat="49.99996620271" lon="9.00401857892" />
  <node id="25001" visible="true" version="1" lat="49.99996620247" lon="9.00402555562" />
  <node id="25002" visible="true" version="1" lat="49.99996620223" lon="9.00403253232" />
  <node id="25003" visible="true" version="1" lat="49.99996620199" lon="9.00403950902" />
  <node id="25004" visible="true" version="1" lat="49.99996620174" lon="9.00404648572" />
  <node id="25005" visible="true" version="1" lat="49.9999662015" lon="9.00405346242" />
  <node id="25006" visible="true" version="1" lat="49.99996620126" lon="9.00406043912" />
  <node id="25007" visible="true" version="1" lat="49.99996620101" lon="9.00406741582" />
  <node id="25008" visible="true" version="1" lat="49.99996620077" lon="9.00407439252" />
  <node id="25009" visible="true" version="1" lat="49.99996620052" lon="9.00408136922" />
  <node id="25010" visible="true" version="1" lat="49.99996620028" lon="9.00408834592" />
  <node id="25011" visible="true" version="1" lat="49.99996620003" lon="9.00409532261" />
  <node id="25012" visible="true" version="1" lat="49.99996619978" lon="9.00410229931" />
  <node id="25013" visible="true" version="1" lat="49.99996619954" lon="9.00410927601" />
  <node id="25014" visible="true" version="1" lat="49.99996619929" lon="9.00411625271" />
  <node id="25015" visible="true" version="1" lat="49.99996619904" lon="9.00412322941" />
  <node id="25016" visible="true" version="1" lat="49.99996619879" lon="9.00413020611" />
  <node id="25017" visible="true" version="1" lat="49.99996619854" lon="9.00413718281" />
  <node id="25018" visible="true" version="1" lat="49.9999661983" lon="9.00414415951" />
  <node id="25019" visible="true" version="1" lat="49.99996619805" lon="9.00415113621" />
  <node id="25020" visible="true" version="1" lat="49.9999661978" lon="9.00415811291" />
  <node id="25021" visible="true" version="1" lat="49.99996619755" lon="9.00416508961" />
  <node id="25022" visible="true" version="1" lat="49.9999661973" lon="9.00417206631" />
  <node id="25023" visible="true" version="1" lat="49.99996619704" lon="9.00417904301" />
  <node id="25024" visible="true" version="1" lat="49.99996619679" lon="9.00418601971" />
  <node id="25025" visible="true" version="1" lat="49.99996619654" lon="9.00419299641" />
  <node id="25026" visible="true" version="1" lat="49.99996619629" lon="9.00419997311" />
  <node id="25027" visible="true" version="1" lat="49.99996619604" lon="9.00420694981" />
  <node id="25028" visible="true" version="1" lat="49.99996619578" lon="9.00421392651" />
  <node id="25029" visible="true" version="1" lat="49.99996619553" lon="9.00422090321" />
  <node id="25030" visible="true" version="1" lat="49.99996619528" lon="9.00422787991" />
  <node id="25031" visible="true" version="1" lat="49.99996619502" lon="9.0042348566" />
  <node id="25032" visible="true" version="1" lat="49.99996619477" lon="9.0042418333" />
  <node id="25033" visible="true" version="1" lat="49.99996619451" lon="9.00424881" />
  <node id="25034" visible="true" version="1" lat="49.99996619426" lon="9.0042557867" />
  <node id="25035" visible="true" version="1" lat="49.999966194" lon="9.0042627634" />
  <node id="25036" visible="true" version="1" lat="49.99996619374" lon="9.0042697401" />
  <node id="25037" visible="true" version="1" lat="49.99996619349" lon="9.0042767168" />
  <node id="25038" visible="true" version="1" lat="49.99996619323" lon="9.0042836935" />
  <node id="25039" visible="true" version="1" lat="49.99996619297" lon="9.0042906702" />
  <node id="25040" visible="true" version="1" lat="49.99996619271" lon="9.0042976469" />
  <node id="25041" visible="true" version="1" lat="49.99996619245" lon="9.0043046236" />
  <node id="25042" visible="true" version="1" lat="49.9999661922" lon="9.0043116003" />
  <node id="25043" visible="true" version="1" lat="49.99996619194" lon="9.004318577" />
  <node id="25044" visible="true" version="1" lat="49.99996619168" lon="9.0043255537" />
  <node id="25045" visible="true" version="1" lat="49.99996619142" lon="9.0043325304" />
  <node id="25046" visible="true" version="1" lat="49.99996619115" lon="9.0043395071" />
  <node id="25047" visible="true" version="1" lat="49.99996619089" lon="9.0043464838" />
  <node id="25048" visible="true" version="1" lat="49.99996619063" lon="9.0043534605" />
  <node id="25049" visible="true" version="1" lat="49.99996619037" lon="9.0043604372" />
  <node id="25050" visible="true" version="1" lat="49.99996619011" lon="9.0043674139" />
  <node id="25051" visible="true" version="1" lat="49.99996618985" lon="9.00437439059" />
  <node id="25052" visible="true" version="1" lat="49.99996618958" lon="9.00438136729" />
  <node id="25053" visible="true" version="1" lat="49.99996618932" lon="9.00438834399" />
  <node id="25054" visible="true" version="1" lat="49.99996618905" lon="9.00439532069" />
  <node id="25055" visible="true" version="1" lat="49.99996618879" lon="9.00440229739" />
  <node id="25056" visible="true" version="1" lat="49.99996618852" lon="9.00440927409" />
  <node id="25057" visible="true" version="1" lat="49.99996618826" lon="9.00441625079" />
  <node id="25058" visible="true" version="1" lat="49.99996618799" lon="9.00442322749" />
  <node id="25059" visible="true" version="1" lat="49.99996618773" lon="9.00443020419" />
  <node id="25060" visible="true" version="1" lat="49.99996618746" lon="9.00443718089" />
  <node id="25061" visible="true" version="1" lat="49.99996618719" lon="9.00444415759" />
  <node id="25062" visible="true" version="1" lat="49.99996618693" lon="9.00445113429" />
  <node id="25063" visible="true" version="1" lat="49.99996618666" lon="9.00445811099" />
  <node id="25064" visible="true" version="1" lat="49.99996618639" lon="9.00446508769" />
  <node id="25065" visible="true" version="1" lat="49.99996618612" lon="9.00447206439" />
  <node id="25066" visible="true" version="1" lat="49.99996618585" lon="9.00447904109" />
  <node id="25067" visible="true" version="1" lat="49.99996618558" lon="9.00448601779" />
  <node id="25068" visible="true" version="1" lat="49.99996618531" lon="9.00449299449" />
  <node id="25069" visible="true" version="1" lat="49.99996618504" lon="9.00449997119" />
  <node id="25070" visible="true" version="1" lat="49.99996618477" lon="9.00450694788" />
  <node id="25071" visible="true" version="1" lat="49.9999661845" lon="9.00451392458" />
  <node id="25072" visible="true" version="1" lat="49.99996618423" lon="9.00452090128" />
  <node id="25073" visible="true" version="1" lat="49.99996618396" lon="9.00452787798" />
  <node id="25074" visible="true" version="1" lat="49.99996618368" lon="9.00453485468" />
  <node id="25075" visible="true" version="1" lat="49.99996618341" lon="9.00454183138" />
  <node id="25076" visible="true" version="1" lat="49.99996618314" lon="9.00454880808" />
  <node id="25077" visible="true" version="1" lat="49.99996618286" lon="9.00455578478" />
  <node id="25078" visible="true" version="1" lat="49.99996618259" lon="9.00456276148" />
  <node id="25079" visible="true" version="1" lat="49.99996618232" lon="9.00456973818" />
  <node id="25080" visible="true" version="1" lat="49.99996618204" lon="9.00457671488" />
  <node id="25081" visible="true" version="1" lat="49.99996618177" lon="9.00458369158" />
  <node id="25082" visible="true" version="1" lat="49.99996618149" lon="9.00459066828" />
  <node id="25083" visible="true" version="1" lat="49.99996618121" lon="9.00459764498" />
  <node id="25084" visible="true" version="1" lat="49.99996618094" lon="9.00460462168" />
  <node id="25085" visible="true" version="1" lat="49.99996618066" lon="9.00461159838" />
  <node id="25086" visible="true" version="1" lat="49.99996618038" lon="9.00461857508" />
  <node id="25087" visible="true" version="1" lat="49.9999661801" lon="9.00462555178" />
  <node id="25088" visible="true" version="1" lat="49.99996617983" lon="9.00463252848" />
  <node id="25089" visible="true" version="1" lat="49.99996617955" lon="9.00463950518" />
  <node id="25090" visible="true" version="1" lat="49.99996617927" lon="9.00464648187" />
  <node id="25091" visible="true" version="1" lat="49.99996617899" lon="9.00465345857" />
  <node id="25092" visible="true" version="1" lat="49.99996617871" lon="9.00466043527" />
  <node id="25093" visible="true" version="1" lat="49.99996617843" lon="9.00466741197" />
  <node id="25094" visible="true" version="1" lat="49.99996617815" lon="9.00467438867" />
  <node id="25095" visible="true" version="1" lat="49.99996617787" lon="9.00468136537" />
  <node id="25096" visible="true" version="1" lat="49.99996617758" lon="9.00468834207" />
  <node id="25097" visible="true" version="1" lat="49.9999661773" lon="9.00469531877" />
  <node id="25098" visible="true" version="1" lat="49.99996617702" lon="9.00470229547" />
  <node id="25099" visible="true" version="1" lat="49.99996617674" lon="9.00470927217" />
  <node id="25100" visible="true" version="1" lat="49.99996617645" lon="9.00471624887" />
  <node id="25101" visible="true" version="1" lat="49.99996617617" lon="9.00472322557" />
  <node id="25102" visible="true" version="1" lat="49.99996617589" lon="9.00473020227" />
  <node id="25103" visible="true" version="1" lat="49.9999661756" lon="9.00473717897" />
  <node id="25104" visible="true" version="1" lat="49.99996617532" lon="9.00474415567" />
  <node id="25105" visible="true" version="1" lat="49.99996617503" lon="9.00475113237" />
  <node id="25106" visible="true" version="1" lat="49.99996617474" lon="9.00475810907" />
  <node id="25107" visible="true" version="1" lat="49.99996617446" lon="9.00476508577" />
  <node id="25108" visible="true" version="1" lat="49.99996617417" lon="9.00477206247" />
  <node id="25109" visible="true" version="1" lat="49.99996617388" lon="9.00477903916" />
  <node id="25110" visible="true" version="1" lat="49.9999661736" lon="9.00478601586" />
  <node id="25111" visible="true" version="1" lat="49.99996617331" lon="9.00479299256" />
  <node id="25112" visible="true" version="1" lat="49.99996617302" lon="9.00479996926" />
  <node id="25113" visible="true" version="1" lat="49.99996617273" lon="9.00480694596" />
  <node id="25114" visible="true" version="1" lat="49.99996617244" lon="9.00481392266" />
  <node id="25115" visible="true" version="1" lat="49.99996617215" lon="9.00482089936" />
  <node id="25116" visible="true" version="1" lat="49.99996617186" lon="9.00482787606" />
  <node id="25117" visible="true" version="1" lat="49.99996617157" lon="9.00483485276" />
  <node id="25118" visible="true" version="1" lat="49.99996617128" lon="9.00484182946" />
  <node id="25119" visible="true" version="1" lat="49.99996617099" lon="9.00484880616" />
  <node id="25120" visible="true" version="1" lat="49.9999661707" lon="9.00485578286" />
  <node id="25121" visible="true" version="1" lat="49.99996617041" lon="9.00486275956" />
  <node id="25122" visible="true" version="1" lat="49.99996617011" lon="9.00486973626" />
  <node id="25123" visible="true" version="1" lat="49.99996616982" lon="9.00487671296" />
  <node id="25124" visible="true" version="1" lat="49.99996616953" lon="9.00488368966" />
  <node id="25125" visible="true" version="1" lat="49.99996616923" lon="9.00489066636" />
  <node id="25126" visible="true" version="1" lat="49.99996616894" lon="9.00489764306" />
  <node id="25127" visible="true" version="1" lat="49.99996616864" lon="9.00490461976" />
  <node id="25128" visible="true" version="1" lat="49.99996616835" lon="9.00491159646" />
  <node id="25129" visible="true" version="1" lat="49.99996616805" lon="9.00491857315" />
  <node id="25130" visible="true" version="1" lat="49.99996616776" lon="9.00492554985" />
  <node id="25131" visible="true" version="1" lat="49.99996616746" lon="9.00493252655" />
  <node id="25132" visible="true" version="1" lat="49.99996616717" lon="9.00493950325" />
  <node id="25133" visible="true" version="1" lat="49.99996616687" lon="9.00494647995" />
  <node id="25134" visible="true" version="1" lat="49.99996616657" lon="9.00495345665" />
  <node id="25135" visible="true" version="1" lat="49.99996616627" lon="9.00496043335" />
  <node id="25136" visible="true" version="1" lat="49.99996616597" lon="9.00496741005" />
  <node id="25137" visible="true" version="1" lat="49.99996616567" lon="9.00497438675" />
  <node id="25138" visible="true" version="1" lat="49.99996616538" lon="9.00498136345" />
  <node id="25139" visible="true" version="1" lat="49.99996616508" lon="9.00498834015" />
  <node id="25140" visible="true" version="1" lat="49.99996616478" lon="9.00499531685" />
  <node id="25141" visible="true" version="1" lat="49.99996616448" lon="9.00500229355" />
  <node id="25142" visible="true" version="1" lat="49.99996616417" lon="9.00500927025" />
  <node id="25143" visible="true" version="1" lat="49.99996616387" lon="9.00501624695" />
  <node id="25144" visible="true" version="1" lat="49.99996616357" lon="9.00502322365" />
  <node id="25145" visible="true" version="1" lat="49.99996616327" lon="9.00503020035" />
  <node id="25146" visible="true" version="1" lat="49.99996616297" lon="9.00503717705" />
  <node id="25147" visible="true" version="1" lat="49.99996616266" lon="9.00504415375" />
  <node id="25148" visible="true" version="1" lat="49.99996616236" lon="9.00505113044" />
  <node id="25149" visible="true" version="1" lat="49.99996616206" lon="9.00505810714" />
  <node id="25150" visible="true" version="1" lat="49.99996616175" lon="9.00506508384" />
  <node id="25151" visible="true" version="1" lat="49.99996616145" lon="9.00507206054" />
  <node id="25152" visible="true" version="1" lat="49.99996616114" lon="9.00507903724" />
  <node id="25153" visible="true" version="1" lat="49.99996616084" lon="9.00508601394" />
  <node id="25154" visible="true" version="1" lat="49.99996616053" lon="9.00509299064" />
  <node id="25155" visible="true" version="1" lat="49.99996616022" lon="9.00509996734" />
  <node id="25156" visible="true" version="1" lat="49.99996615992" lon="9.00510694404" />
  <node id="25157" visible="true" version="1" lat="49.99996615961" lon="9.00511392074" />
  <node id="25158" visible="true" version="1" lat="49.9999661593" lon="9.00512089744" />
  <node id="25159" visible="true" version="1" lat="49.99996615899" lon="9.00512787414" />
  <node id="25160" visible="true" version="1" lat="49.99996615868" lon="9.00513485084" />
  <node id="25161" visible="true" version="1" lat="49.99996615838" lon="9.00514182754" />
  <node id="25162" visible="true" version="1" lat="49.99996615807" lon="9.00514880424" />
  <node id="25163" visible="true" version="1" lat="49.99996615776" lon="9.00515578094" />
  <node id="25164" visible="true" version="1" lat="49.99996615745" lon="9.00516275764" />
  <node id="25165" visible="true" version="1" lat="49.99996615714" lon="9.00516973434" />
  <node id="25166" visible="true" version="1" lat="49.99996615682" lon="9.00517671104" />
  <node id="25167" visible="true" version="1" lat="49.99996615651" lon="9.00518368773" />
  <node id="25168" visible="true" version="1" lat="49.9999661562" lon="9.00519066443" />
  <node id="25169" visible="true" version="1" lat="49.99996615589" lon="9.00519764113" />
  <node id="25170" visible="true" version="1" lat="49.99996615558" lon="9.00520461783" />
  <node id="25171" visible="true" version="1" lat="49.99996615526" lon="9.00521159453" />
  <node id="25172" visible="true" version="1" lat="49.99996615495" lon="9.00521857123" />
  <node id="25173" visible="true" version="1" lat="49.99996615464" lon="9.00522554793" />
  <node id="25174" visible="true" version="1" lat="49.99996615432" lon="9.00523252463" />
  <node id="25175" visible="true" version="1" lat="49.99996615401" lon="9.00523950133" />
  <node id="25176" visible="true" version="1" lat="49.99996615369" lon="9.00524647803" />
  <node id="25177" visible="true" version="1" lat="49.99996615338" lon="9.00525345473" />
  <node id="25178" visible="true" version="1" lat="49.99996615306" lon="9.00526043143" />
  <node id="25179" visible="true" version="1" lat="49.99996615274" lon="9.00526740813" />
  <node id="25180" visible="true" version="1" lat="49.99996615243" lon="9.00527438483" />
  <node id="25181" visible="true" version="1" lat="49.99996615211" lon="9.00528136153" />
  <node id="25182" visible="true" version="1" lat="49.99996615179" lon="9.00528833823" />
  <node id="25183" visible="true" version="1" lat="49.99996615147" lon="9.00529531493" />
  <node id="25184" visible="true" version="1" lat="49.99996615115" lon="9.00530229163" />
  <node id="25185" visible="true" version="1" lat="49.99996615084" lon="9.00530926833" />
  <node id="25186" visible="true" version="1" lat="49.99996615052" lon="9.00531624502" />
  <node id="25187" visible="true" version="1" lat="49.9999661502" lon="9.00532322172" />
  <node id="25188" visible="true" version="1" lat="49.99996614988" lon="9.00533019842" />
  <node id="25189" visible="true" version="1" lat="49.99996614956" lon="9.00533717512" />
  <node id="25190" visible="true" version="1" lat="49.99996614923" lon="9.00534415182" />
  <node id="25191" visible="true" version="1" lat="49.99996614891" lon="9.00535112852" />
  <node id="25192" visible="true" version="1" lat="49.99996614859" lon="9.00535810522" />
  <node id="25193" visible="true" version="1" lat="49.99996614827" lon="9.00536508192" />
  <node id="25194" visible="true" version="1" lat="49.99996614795" lon="9.00537205862" />
  <node id="25195" visible="true" version="1" lat="49.99996614762" lon="9.00537903532" />
  <node id="25196" visible="true" version="1" lat="49.9999661473" lon="9.00538601202" />
  <node id="25197" visible="true" version="1" lat="49.99996614697" lon="9.00539298872" />
  <node id="25198" visible="true" version="1" lat="49.99996614665" lon="9.00539996542" />
  <node id="25199" visible="true" version="1" lat="49.99996614633" lon="9.00540694212" />
  <node id="25200" visible="true" version="1" lat="49.999966146" lon="9.00541391882" />
  <node id="25201" visible="true" version="1" lat="49.99996614567" lon="9.00542089552" />
  <node id="25202" visible="true" version="1" lat="49.99996614535" lon="9.00542787222" />
  <node id="25203" visible="true" version="1" lat="49.99996614502" lon="9.00543484892" />
  <node id="25204" visible="true" version="1" lat="49.99996614469" lon="9.00544182562" />
  <node id="25205" visible="true" version="1" lat="49.99996614437" lon="9.00544880231" />
  <node id="25206" visible="true" version="1" lat="49.99996614404" lon="9.00545577901" />
  <node id="25207" visible="true" version="1" lat="49.99996614371" lon="9.00546275571" />
  <node id="25208" visible="true" version="1" lat="49.99996614338" lon="9.00546973241" />
  <node id="25209" visible="true" version="1" lat="49.99996614305" lon="9.00547670911" />
  <node id="25210" visible="true" version="1" lat="49.99996614272" lon="9.00548368581" />
  <node id="25211" visible="true" version="1" lat="49.99996614239" lon="9.00549066251" />
  <node id="25212" visible="true" version="1" lat="49.99996614206" lon="9.00549763921" />
  <node id="25213" visible="true" version="1" lat="49.99996614173" lon="9.00550461591" />
  <node id="25214" visible="true" version="1" lat="49.9999661414" lon="9.00551159261" />
  <node id="25215" visible="true" version="1" lat="49.99996614107" lon="9.00551856931" />
  <node id="25216" visible="true" version="1" lat="49.99996614074" lon="9.00552554601" />
  <node id="25217" visible="true" version="1" lat="49.99996614041" lon="9.00553252271" />
  <node id="25218" visible="true" version="1" lat="49.99996614007" lon="9.00553949941" />
  <node id="25219" visible="true" version="1" lat="49.99996613974" lon="9.00554647611" />
  <node id="25220" visible="true" version="1" lat="49.99996613941" lon="9.00555345281" />
  <node id="25221" visible="true" version="1" lat="49.99996613907" lon="9.00556042951" />
  <node id="25222" visible="true" version="1" lat="49.99996613874" lon="9.00556740621" />
  <node id="25223" visible="true" version="1" lat="49.9999661384" lon="9.00557438291" />
  <node id="25224" visible="true" version="1" lat="49.99996613807" lon="9.0055813596" />
  <node id="25225" visible="true" version="1" lat="49.99996613773" lon="9.0055883363" />
  <node id="25226" visible="true" version="1" lat="49.99996613739" lon="9.005595313" />
  <node id="25227" visible="true" version="1" lat="49.99996613706" lon="9.0056022897" />
  <node id="25228" visible="true" version="1" lat="49.99996613672" lon="9.0056092664" />
  <node id="25229" visible="true" version="1" lat="49.99996613638" lon="9.0056162431" />
  <node id="25230" visible="true" version="1" lat="49.99996613605" lon="9.0056232198" />
  <node id="25231" visible="true" version="1" lat="49.99996613571" lon="9.0056301965" />
  <node id="25232" visible="true" version="1" lat="49.99996613537" lon="9.0056371732" />
  <node id="25233" visible="true" version="1" lat="49.99996613503" lon="9.0056441499" />
  <node id="25234" visible="true" version="1" lat="49.99996613469" lon="9.0056511266" />
  <node id="25235" visible="true" version="1" lat="49.99996613435" lon="9.0056581033" />
  <node id="25236" visible="true" version="1" lat="49.99996613401" lon="9.00566508" />
  <node id="25237" visible="true" version="1" lat="49.99996613367" lon="9.0056720567" />
  <node id="25238" visible="true" version="1" lat="49.99996613333" lon="9.0056790334" />
  <node id="25239" visible="true" version="1" lat="49.99996613299" lon="9.0056860101" />
  <node id="25240" visible="true" version="1" lat="49.99996613264" lon="9.0056929868" />
  <node id="25241" visible="true" version="1" lat="49.9999661323" lon="9.0056999635" />
  <node id="25242" visible="true" version="1" lat="49.99996613196" lon="9.0057069402" />
  <node id="25243" visible="true" version="1" lat="49.99996613162" lon="9.00571391689" />
  <node id="25244" visible="true" version="1" lat="49.99996613127" lon="9.00572089359" />
  <node id="25245" visible="true" version="1" lat="49.99996613093" lon="9.00572787029" />
  <node id="25246" visible="true" version="1" lat="49.99996613058" lon="9.00573484699" />
  <node id="25247" visible="true" version="1" lat="49.99996613024" lon="9.00574182369" />
  <node id="25248" visible="true" version="1" lat="49.99996612989" lon="9.00574880039" />
  <node id="25249" visible="true" version="1" lat="49.99996612955" lon="9.00575577709" />
  <node id="25250" visible="true" version="1" lat="49.9999661292" lon="9.00576275379" />
  <node id="25251" visible="true" version="1" lat="49.99996612885" lon="9.00576973049" />
  <node id="25252" visible="true" version="1" lat="49.99996612851" lon="9.00577670719" />
  <node id="25253" visible="true" version="1" lat="49.99996612816" lon="9.00578368389" />
  <node id="25254" visible="true" version="1" lat="49.99996612781" lon="9.00579066059" />
  <node id="25255" visible="true" version="1" lat="49.99996612746" lon="9.00579763729" />
  <node id="25256" visible="true" version="1" lat="49.99996612711" lon="9.00580461399" />
  <node id="25257" visible="true" version="1" lat="49.99996612676" lon="9.00581159069" />
  <node id="25258" visible="true" version="1" lat="49.99996612641" lon="9.00581856739" />
  <node id="25259" visible="true" version="1" lat="49.99996612606" lon="9.00582554409" />
  <node id="25260" visible="true" version="1" lat="49.99996612571" lon="9.00583252079" />
  <node id="25261" visible="true" version="1" lat="49.99996612536" lon="9.00583949749" />
  <node id="25262" visible="true" version="1" lat="49.99996612501" lon="9.00584647418" />
  <node id="25263" visible="true" version="1" lat="49.99996612466" lon="9.00585345088" />
  <node id="25264" visible="true" version="1" lat="49.99996612431" lon="9.00586042758" />
  <node id="25265" visible="true" version="1" lat="49.99996612396" lon="9.00586740428" />
  <node id="25266" visible="true" version="1" lat="49.9999661236" lon="9.00587438098" />
  <node id="25267" visible="true" version="1" lat="49.99996612325" lon="9.00588135768" />
  <node id="25268" visible="true" version="1" lat="49.9999661229" lon="9.00588833438" />
  <node id="25269" visible="true" version="1" lat="49.99996612254" lon="9.00589531108" />
  <node id="25270" visible="true" version="1" lat="49.99996612219" lon="9.00590228778" />
  <node id="25271" visible="true" version="1" lat="49.99996612183" lon="9.00590926448" />
  <node id="25272" visible="true" version="1" lat="49.99996612148" lon="9.00591624118" />
  <node id="25273" visible="true" version="1" lat="49.99996612112" lon="9.00592321788" />
  <node id="25274" visible="true" version="1" lat="49.99996612076" lon="9.00593019458" />
  <node id="25275" visible="true" version="1" lat="49.99996612041" lon="9.00593717128" />
  <node id="25276" visible="true" version="1" lat="49.99996612005" lon="9.00594414798" />
  <node id="25277" visible="true" version="1" lat="49.99996611969" lon="9.00595112468" />
  <node id="25278" visible="true" version="1" lat="49.99996611933" lon="9.00595810138" />
  <node id="25279" visible="true" version="1" lat="49.99996611898" lon="9.00596507808" />
  <node id="25280" visible="true" version="1" lat="49.99996611862" lon="9.00597205478" />
  <node id="25281" visible="true" version="1" lat="49.99996611826" lon="9.00597903147" />
  <node id="25282" visible="true" version="1" lat="49.9999661179" lon="9.00598600817" />
  <node id="25283" visible="true" version="1" lat="49.99996611754" lon="9.00599298487" />
  <node id="25284" visible="true" version="1" lat="49.99996611718" lon="9.00599996157" />
  <node id="25285" visible="true" version="1" lat="49.99996611682" lon="9.00600693827" />
  <node id="25286" visible="true" version="1" lat="49.99996611645" lon="9.00601391497" />
  <node id="25287" visible="true" version="1" lat="49.99996611609" lon="9.00602089167" />
  <node id="25288" visible="true" version="1" lat="49.99996611573" lon="9.00602786837" />
  <node id="25289" visible="true" version="1" lat="49.99996611537" lon="9.00603484507" />
  <node id="25290" visible="true" version="1" lat="49.999966115" lon="9.00604182177" />
  <node id="25291" visible="true" version="1" lat="49.99996611464" lon="9.00604879847" />
  <node id="25292" visible="true" version="1" lat="49.99996611428" lon="9.00605577517" />
  <node id="25293" visible="true" version="1" lat="49.99996611391" lon="9.00606275187" />
  <node id="25294" visible="true" version="1" lat="49.99996611355" lon="9.00606972857" />
  <node id="25295" visible="true" version="1" lat="49.99996611318" lon="9.00607670527" />
  <node id="25296" visible="true" version="1" lat="49.99996611282" lon="9.00608368197" />
  <node id="25297" visible="true" version="1" lat="49.99996611245" lon="9.00609065867" />
  <node id="25298" visible="true" version="1" lat="49.99996611209" lon="9.00609763537" />
  <node id="25299" visible="true" version="1" lat="49.99996611172" lon="9.00610461206" />
  <node id="25300" visible="true" version="1" lat="49.99996611135" lon="9.00611158876" />
  <node id="25301" visible="true" version="1" lat="49.99996611098" lon="9.00611856546" />
  <node id="25302" visible="true" version="1" lat="49.99996611062" lon="9.00612554216" />
  <node id="25303" visible="true" version="1" lat="49.99996611025" lon="9.00613251886" />
  <node id="25304" visible="true" version="1" lat="49.99996610988" lon="9.00613949556" />
  <node id="25305" visible="true" version="1" lat="49.99996610951" lon="9.00614647226" />
  <node id="25306" visible="true" version="1" lat="49.99996610914" lon="9.00615344896" />
  <node id="25307" visible="true" version="1" lat="49.99996610877" lon="9.00616042566" />
  <node id="25308" visible="true" version="1" lat="49.9999661084" lon="9.00616740236" />
  <node id="25309" visible="true" version="1" lat="49.99996610803" lon="9.00617437906" />
  <node id="25310" visible="true" version="1" lat="49.99996610766" lon="9.00618135576" />
  <node id="25311" visible="true" version="1" lat="49.99996610728" lon="9.00618833246" />
  <node id="25312" visible="true" version="1" lat="49.99996610691" lon="9.00619530916" />
  <node id="25313" visible="true" version="1" lat="49.99996610654" lon="9.00620228586" />
  <node id="25314" visible="true" version="1" lat="49.99996610617" lon="9.00620926256" />
  <node id="25315" visible="true" version="1" lat="49.99996610579" lon="9.00621623926" />
  <node id="25316" visible="true" version="1" lat="49.99996610542" lon="9.00622321596" />
  <node id="25317" visible="true" version="1" lat="49.99996610504" lon="9.00623019266" />
  <node id="25318" visible="true" version="1" lat="49.99996610467" lon="9.00623716935" />
  <node id="25319" visible="true" version="1" lat="49.99996610429" lon="9.00624414605" />
  <node id="25320" visible="true" version="1" lat="49.99996610392" lon="9.00625112275" />
  <node id="25321" visible="true" version="1" lat="49.99996610354" lon="9.00625809945" />
  <node id="25322" visible="true" version="1" lat="49.99996610317" lon="9.00626507615" />
  <node id="25323" visible="true" version="1" lat="49.99996610279" lon="9.00627205285" />
  <node id="25324" visible="true" version="1" lat="49.99996610241" lon="9.00627902955" />
  <node id="25325" visible="true" version="1" lat="49.99996610203" lon="9.00628600625" />
  <node id="25326" visible="true" version="1" lat="49.99996610166" lon="9.00629298295" />
  <node id="25327" visible="true" version="1" lat="49.99996610128" lon="9.00629995965" />
  <node id="25328" visible="true" version="1" lat="49.9999661009" lon="9.00630693635" />
  <node id="25329" visible="true" version="1" lat="49.99996610052" lon="9.00631391305" />
  <node id="25330" visible="true" version="1" lat="49.99996610014" lon="9.00632088975" />
  <node id="25331" visible="true" version="1" lat="49.99996609976" lon="9.00632786645" />
  <node id="25332" visible="true" version="1" lat="49.99996609938" lon="9.00633484315" />
  <node id="25333" visible="true" version="1" lat="49.999966099" lon="9.00634181985" />
  <node id="25334" visible="true" version="1" lat="49.99996609862" lon="9.00634879655" />
  <node id="25335" visible="true" version="1" lat="49.99996609823" lon="9.00635577325" />
  <node id="25336" visible="true" version="1" lat="49.99996609785" lon="9.00636274994" />
  <node id="25337" visible="true" version="1" lat="49.99996609747" lon="9.00636972664" />
  <node id="25338" visible="true" version="1" lat="49.99996609708" lon="9.00637670334" />
  <node id="25339" visible="true" version="1" lat="49.9999660967" lon="9.00638368004" />
  <node id="25340" visible="true" version="1" lat="49.99996609632" lon="9.00639065674" />
  <node id="25341" visible="true" version="1" lat="49.99996609593" lon="9.00639763344" />
  <node id="25342" visible="true" version="1" lat="49.99996609555" lon="9.00640461014" />
  <node id="25343" visible="true" version="1" lat="49.99996609516" lon="9.00641158684" />
  <node id="25344" visible="true" version="1" lat="49.99996609478" lon="9.00641856354" />
  <node id="25345" visible="true" version="1" lat="49.99996609439" lon="9.00642554024" />
  <node id="25346" visible="true" version="1" lat="49.999966094" lon="9.00643251694" />
  <node id="25347" visible="true" version="1" lat="49.99996609362" lon="9.00643949364" />
  <node id="25348" visible="true" version="1" lat="49.99996609323" lon="9.00644647034" />
  <node id="25349" visible="true" version="1" lat="49.99996609284" lon="9.00645344704" />
  <node id="25350" visible="true" version="1" lat="49.99996609245" lon="9.00646042374" />
  <node id="25351" visible="true" version="1" lat="49.99996609207" lon="9.00646740044" />
  <node id="25352" visible="true" version="1" lat="49.99996609168" lon="9.00647437714" />
  <node id="25353" visible="true" version="1" lat="49.99996609129" lon="9.00648135384" />
  <node id="25354" visible="true" version="1" lat="49.9999660909" lon="9.00648833053" />
  <node id="25355" visible="true" version="1" lat="49.99996609051" lon="9.00649530723" />
  <node id="25356" visible="true" version="1" lat="49.99996609012" lon="9.00650228393" />
  <node id="25357" visible="true" version="1" lat="49.99996608972" lon="9.00650926063" />
  <node id="25358" visible="true" version="1" lat="49.99996608933" lon="9.00651623733" />
  <node id="25359" visible="true" version="1" lat="49.99996608894" lon="9.00652321403" />
  <node id="25360" visible="true" version="1" lat="49.99996608855" lon="9.00653019073" />
  <node id="25361" visible="true" version="1" lat="49.99996608816" lon="9.00653716743" />
  <node id="25362" visible="true" version="1" lat="49.99996608776" lon="9.00654414413" />
  <node id="25363" visible="true" version="1" lat="49.99996608737" lon="9.00655112083" />
  <node id="25364" visible="true" version="1" lat="49.99996608697" lon="9.00655809753" />
  <node id="25365" visible="true" version="1" lat="49.99996608658" lon="9.00656507423" />
  <node id="25366" visible="true" version="1" lat="49.99996608619" lon="9.00657205093" />
  <node id="25367" visible="true" version="1" lat="49.99996608579" lon="9.00657902763" />
  <node id="25368" visible="true" version="1" lat="49.99996608539" lon="9.00658600433" />
  <node id="25369" visible="true" version="1" lat="49.999966085" lon="9.00659298103" />
  <node id="25370" visible="true" version="1" lat="49.9999660846" lon="9.00659995773" />
  <node id="25371" visible="true" version="1" lat="49.9999660842" lon="9.00660693443" />
  <node id="25372" visible="true" version="1" lat="49.99996608381" lon="9.00661391113" />
  <node id="25373" visible="true" version="1" lat="49.99996608341" lon="9.00662088782" />
  <node id="25374" visible="true" version="1" lat="49.99996608301" lon="9.00662786452" />
  <node id="25375" visible="true" version="1" lat="49.99996608261" lon="9.00663484122" />
  <node id="25376" visible="true" version="1" lat="49.99996608221" lon="9.00664181792" />
  <node id="25377" visible="true" version="1" lat="49.99996608181" lon="9.00664879462" />
  <node id="25378" visible="true" version="1" lat="49.99996608141" lon="9.00665577132" />
  <node id="25379" visible="true" version="1" lat="49.99996608101" lon="9.00666274802" />
  <node id="25380" visible="true" version="1" lat="49.99996608061" lon="9.00666972472" />
  <node id="25381" visible="true" version="1" lat="49.99996608021" lon="9.00667670142" />
  <node id="25382" visible="true" version="1" lat="49.99996607981" lon="9.00668367812" />
  <node id="25383" visible="true" version="1" lat="49.99996607941" lon="9.00669065482" />
  <node id="25384" visible="true" version="1" lat="49.999966079" lon="9.00669763152" />
  <node id="25385" visible="true" version="1" lat="49.9999660786" lon="9.00670460822" />
  <node id="25386" visible="true" version="1" lat="49.9999660782" lon="9.00671158492" />
  <node id="25387" visible="true" version="1" lat="49.99996607779" lon="9.00671856162" />
  <node id="25388" visible="true" version="1" lat="49.99996607739" lon="9.00672553832" />
  <node id="25389" visible="true" version="1" lat="49.99996607699" lon="9.00673251502" />
  <node id="25390" visible="true" version="1" lat="49.99996607658" lon="9.00673949172" />
  <node id="25391" visible="true" version="1" lat="49.99996607618" lon="9.00674646841" />
  <node id="25392" visible="true" version="1" lat="49.99996607577" lon="9.00675344511" />
  <node id="25393" visible="true" version="1" lat="49.99996607536" lon="9.00676042181" />
  <node id="25394" visible="true" version="1" lat="49.99996607496" lon="9.00676739851" />
  <node id="25395" visible="true" version="1" lat="49.99996607455" lon="9.00677437521" />
  <node id="25396" visible="true" version="1" lat="49.99996607414" lon="9.00678135191" />
  <node id="25397" visible="true" version="1" lat="49.99996607373" lon="9.00678832861" />
  <node id="25398" visible="true" version="1" lat="49.99996607333" lon="9.00679530531" />
  <node id="25399" visible="true" version="1" lat="49.99996607292" lon="9.00680228201" />
  <node id="25400" visible="true" version="1" lat="49.99996607251" lon="9.00680925871" />
  <node id="25401" visible="true" version="1" lat="49.9999660721" lon="9.00681623541" />
  <node id="25402" visible="true" version="1" lat="49.99996607169" lon="9.00682321211" />
  <node id="25403" visible="true" version="1" lat="49.99996607128" lon="9.00683018881" />
  <node id="25404" visible="true" version="1" lat="49.99996607087" lon="9.00683716551" />
  <node id="25405" visible="true" version="1" lat="49.99996607046" lon="9.00684414221" />
  <node id="25406" visible="true" version="1" lat="49.99996607004" lon="9.00685111891" />
  <node id="25407" visible="true" version="1" lat="49.99996606963" lon="9.00685809561" />
  <node id="25408" visible="true" version="1" lat="49.99996606922" lon="9.00686507231" />
  <node id="25409" visible="true" version="1" lat="49.99996606881" lon="9.006872049" />
  <node id="25410" visible="true" version="1" lat="49.99996606839" lon="9.0068790257" />
  <node id="25411" visible="true" version="1" lat="49.99996606798" lon="9.0068860024" />
  <node id="25412" visible="true" version="1" lat="49.99996606756" lon="9.0068929791" />
  <node id="25413" visible="true" version="1" lat="49.99996606715" lon="9.0068999558" />
  <node id="25414" visible="true" version="1" lat="49.99996606674" lon="9.0069069325" />
  <node id="25415" visible="true" version="1" lat="49.99996606632" lon="9.0069139092" />
  <node id="25416" visible="true" version="1" lat="49.9999660659" lon="9.0069208859" />
  <node id="25417" visible="true" version="1" lat="49.99996606549" lon="9.0069278626" />
  <node id="25418" visible="true" version="1" lat="49.99996606507" lon="9.0069348393" />
  <node id="25419" visible="true" version="1" lat="49.99996606465" lon="9.006941816" />
  <node id="25420" visible="true" version="1" lat="49.99996606424" lon="9.0069487927" />
  <node id="25421" visible="true" version="1" lat="49.99996606382" lon="9.0069557694" />
  <node id="25422" visible="true" version="1" lat="49.9999660634" lon="9.0069627461" />
  <node id="25423" visible="true" version="1" lat="49.99996606298" lon="9.0069697228" />
  <node id="25424" visible="true" version="1" lat="49.99996606256" lon="9.0069766995" />
  <node id="25426" visible="true" version="1" lat="49.99998313615" lon="9" />
  <node id="25427" visible="true" version="1" lat="49.99998313615" lon="9.0000069767" />
  <node id="25428" visible="true" version="1" lat="49.99998313615" lon="9.0000139534" />
  <node id="25429" visible="true" version="1" lat="49.99998313615" lon="9.00002093011" />
  <node id="25430" visible="true" version="1" lat="49.99998313615" lon="9.00002790681" />
  <node id="25431" visible="true" version="1" lat="49.99998313614" lon="9.00003488351" />
  <node id="25432" visible="true" version="1" lat="49.99998313614" lon="9.00004186021" />
  <node id="25433" visible="true" version="1" lat="49.99998313614" lon="9.00004883691" />
  <node id="25434" visible="true" version="1" lat="49.99998313614" lon="9.00005581362" />
  <node id="25435" visible="true" version="1" lat="49.99998313613" lon="9.00006279032" />
  <node id="25436" visible="true" version="1" lat="49.99998313613" lon="9.00006976702" />
  <node id="25437" visible="true" version="1" lat="49.99998313612" lon="9.00007674372" />
  <node id="25438" visible="true" version="1" lat="49.99998313612" lon="9.00008372042" />
  <node id="25439" visible="true" version="1" lat="49.99998313611" lon="9.00009069713" />
  <node id="25440" visible="true" version="1" lat="49.99998313611" lon="9.00009767383" />
  <node id="25441" visible="true" version="1" lat="49.9999831361" lon="9.00010465053" />
  <node id="25442" visible="true" version="1" lat="49.9999831361" lon="9.00011162723" />
  <node id="25443" visible="true" version="1" lat="49.99998313609" lon="9.00011860393" />
  <node id="25444" visible="true" version="1" lat="49.99998313608" lon="9.00012558064" />
  <node id="25445" visible="true" version="1" lat="49.99998313607" lon="9.00013255734" />
  <node id="25446" visible="true" version="1" lat="49.99998313607" lon="9.00013953404" />
  <node id="25447" visible="true" version="1" lat="49.99998313606" lon="9.00014651074" />
  <node id="25448" visible="true" version="1" lat="49.99998313605" lon="9.00015348744" />
  <node id="25449" visible="true" version="1" lat="49.99998313604" lon="9.00016046415" />
  <node id="25450" visible="true" version="1" lat="49.99998313603" lon="9.00016744085" />
  <node id="25451" visible="true" version="1" lat="49.99998313602" lon="9.00017441755" />
  <node id="25452" visible="true" version="1" lat="49.99998313601" lon="9.00018139425" />
  <node id="25453" visible="true" version="1" lat="49.999983136" lon="9.00018837095" />
  <node id="25454" visible="true" version="1" lat="49.99998313599" lon="9.00019534765" />
  <node id="25455" visible="true" version="1" lat="49.99998313597" lon="9.00020232436" />
  <node id="25456" visible="true" version="1" lat="49.99998313596" lon="9.00020930106" />
  <node id="25457" visible="true" version="1" lat="49.99998313595" lon="9.00021627776" />
  <node id="25458" visible="true" version="1" lat="49.99998313593" lon="9.00022325446" />
  <node id="25459" visible="true" version="1" lat="49.99998313592" lon="9.00023023116" />
  <node id="25460" visible="true" version="1" lat="49.99998313591" lon="9.00023720787" />
  <node id="25461" visible="true" version="1" lat="49.99998313589" lon="9.00024418457" />
  <node id="25462" visible="true" version="1" lat="49.99998313588" lon="9.00025116127" />
  <node id="25463" visible="true" version="1" lat="49.99998313586" lon="9.00025813797" />
  <node id="25464" visible="true" version="1" lat="49.99998313585" lon="9.00026511467" />
  <node id="25465" visible="true" version="1" lat="49.99998313583" lon="9.00027209138" />
  <node id="25466" visible="true" version="1" lat="49.99998313581" lon="9.00027906808" />
  <node id="25467" visible="true" version="1" lat="49.9999831358" lon="9.00028604478" />
  <node id="25468" visible="true" version="1" lat="49.99998313578" lon="9.00029302148" />
  <node id="25469" visible="true" version="1" lat="49.99998313576" lon="9.00029999818" />
  <node id="25470" visible="true" version="1" lat="49.99998313574" lon="9.00030697489" />
  <node id="25471" visible="true" version="1" lat="49.99998313572" lon="9.00031395159" />
  <node id="25472" visible="true" version="1" lat="49.99998313571" lon="9.00032092829" />
  <node id="25473" visible="true" version="1" lat="49.99998313569" lon="9.00032790499" />
  <node id="25474" visible="true" version="1" lat="49.99998313567" lon="9.00033488169" />
  <node id="25475" visible="true" version="1" lat="49.99998313565" lon="9.0003418584" />
  <node id="25476" visible="true" version="1" lat="49.99998313563" lon="9.0003488351" />
  <node id="25477" visible="true" version="1" lat="49.9999831356" lon="9.0003558118" />
  <node id="25478" visible="true" version="1" lat="49.99998313558" lon="9.0003627885" />
  <node id="25479" visible="true" version="1" lat="49.99998313556" lon="9.0003697652" />
  <node id="25480" visible="true" version="1" lat="49.99998313554" lon="9.00037674191" />
  <node id="25481" visible="true" version="1" lat="49.99998313552" lon="9.00038371861" />
  <node id="25482" visible="true" version="1" lat="49.99998313549" lon="9.00039069531" />
  <node id="25483" visible="true" version="1" lat="49.99998313547" lon="9.00039767201" />
  <node id="25484" visible="true" version="1" lat="49.99998313544" lon="9.00040464871" />
  <node id="25485" visible="true" version="1" lat="49.99998313542" lon="9.00041162542" />
  <node id="25486" visible="true" version="1" lat="49.99998313539" lon="9.00041860212" />
  <node id="25487" visible="true" version="1" lat="49.99998313537" lon="9.00042557882" />
  <node id="25488" visible="true" version="1" lat="49.99998313534" lon="9.00043255552" />
  <node id="25489" visible="true" version="1" lat="49.99998313532" lon="9.00043953222" />
  <node id="25490" visible="true" version="1" lat="49.99998313529" lon="9.00044650893" />
  <node id="25491" visible="true" version="1" lat="49.99998313526" lon="9.00045348563" />
  <node id="25492" visible="true" version="1" lat="49.99998313524" lon="9.00046046233" />
  <node id="25493" visible="true" version="1" lat="49.99998313521" lon="9.00046743903" />
  <node id="25494" visible="true" version="1" lat="49.99998313518" lon="9.00047441573" />
  <node id="25495" visible="true" version="1" lat="49.99998313515" lon="9.00048139244" />
  <node id="25496" visible="true" version="1" lat="49.99998313512" lon="9.00048836914" />
  <node id="25497" visible="true" version="1" lat="49.99998313509" lon="9.00049534584" />
  <node id="25498" visible="true" version="1" lat="49.99998313506" lon="9.00050232254" />
  <node id="25499" visible="true" version="1" lat="49.99998313503" lon="9.00050929924" />
  <node id="25500" visible="true" version="1" lat="49.999983135" lon="9.00051627595" />
  <node id="25501" visible="true" version="1" lat="49.99998313497" lon="9.00052325265" />
  <node id="25502" visible="true" version="1" lat="49.99998313494" lon="9.00053022935" />
  <node id="25503" visible="true" version="1" lat="49.99998313491" lon="9.00053720605" />
  <node id="25504" visible="true" version="1" lat="49.99998313487" lon="9.00054418275" />
  <node id="25505" visible="true" version="1" lat="49.99998313484" lon="9.00055115946" />
  <node id="25506" visible="true" version="1" lat="49.99998313481" lon="9.00055813616" />
  <node id="25507" visible="true" version="1" lat="49.99998313477" lon="9.00056511286" />
  <node id="25508" visible="true" version="1" lat="49.99998313474" lon="9.00057208956" />
  <node id="25509" visible="true" version="1" lat="49.9999831347" lon="9.00057906626" />
  <node id="25510" visible="true" version="1" lat="49.99998313467" lon="9.00058604296" />
  <node id="25511" visible="true" version="1" lat="49.99998313463" lon="9.00059301967" />
  <node id="25512" visible="true" version="1" lat="49.9999831346" lon="9.00059999637" />
  <node id="25513" visible="true" version="1" lat="49.99998313456" lon="9.00060697307" />
  <node id="25514" visible="true" version="1" lat="49.99998313453" lon="9.00061394977" />
  <node id="25515" visible="true" version="1" lat="49.99998313449" lon="9.00062092647" />
  <node id="25516" visible="true" version="1" lat="49.99998313445" lon="9.00062790318" />
  <node id="25517" visible="true" version="1" lat="49.99998313441" lon="9.00063487988" />
  <node id="25518" visible="true" version="1" lat="49.99998313437" lon="9.00064185658" />
  <node id="25519" visible="true" version="1" lat="49.99998313434" lon="9.00064883328" />
  <node id="25520" visible="true" version="1" lat="49.9999831343" lon="9.00065580998" />
  <node id="25521" visible="true" version="1" lat="49.99998313426" lon="9.00066278669" />
  <node id="25522" visible="true" version="1" lat="49.99998313422" lon="9.00066976339" />
  <node id="25523" visible="true" version="1" lat="49.99998313418" lon="9.00067674009" />
  <node id="25524" visible="true" version="1" lat="49.99998313414" lon="9.00068371679" />
  <node id="25525" visible="true" version="1" lat="49.99998313409" lon="9.00069069349" />
  <node id="25526" visible="true" version="1" lat="49.99998313405" lon="9.0006976702" />
  <node id="25527" visible="true" version="1" lat="49.99998313401" lon="9.0007046469" />
  <node id="25528" visible="true" version="1" lat="49.99998313397" lon="9.0007116236" />
  <node id="25529" visible="true" version="1" lat="49.99998313392" lon="9.0007186003" />
  <node id="25530" visible="true" version="1" lat="49.99998313388" lon="9.000725577" />
  <node id="25531" visible="true" version="1" lat="49.99998313384" lon="9.00073255371" />
  <node id="25532" visible="true" version="1" lat="49.99998313379" lon="9.00073953041" />
  <node id="25533" visible="true" version="1" lat="49.99998313375" lon="9.00074650711" />
  <node id="25534" visible="true" version="1" lat="49.9999831337" lon="9.00075348381" />
  <node id="25535" visible="true" version="1" lat="49.99998313366" lon="9.00076046051" />
  <node id="25536" visible="true" version="1" lat="49.99998313361" lon="9.00076743722" />
  <node id="25537" visible="true" version="1" lat="49.99998313357" lon="9.00077441392" />
  <node id="25538" visible="true" version="1" lat="49.99998313352" lon="9.00078139062" />
  <node id="25539" visible="true" version="1" lat="49.99998313347" lon="9.00078836732" />
  <node id="25540" visible="true" version="1" lat="49.99998313342" lon="9.00079534402" />
  <node id="25541" visible="true" version="1" lat="49.99998313338" lon="9.00080232073" />
  <node id="25542" visible="true" version="1" lat="49.99998313333" lon="9.00080929743" />
  <node id="25543" visible="true" version="1" lat="49.99998313328" lon="9.00081627413" />
  <node id="25544" visible="true" version="1" lat="49.99998313323" lon="9.00082325083" />
  <node id="25545" visible="true" version="1" lat="49.99998313318" lon="9.00083022753" />
  <node id="25546" visible="true" version="1" lat="49.99998313313" lon="9.00083720424" />
  <node id="25547" visible="true" version="1" lat="49.99998313308" lon="9.00084418094" />
  <node id="25548" visible="true" version="1" lat="49.99998313303" lon="9.00085115764" />
  <node id="25549" visible="true" version="1" lat="49.99998313298" lon="9.00085813434" />
  <node id="25550" visible="true" version="1" lat="49.99998313292" lon="9.00086511104" />
  <node id="25551" visible="true" version="1" lat="49.99998313287" lon="9.00087208775" />
  <node id="25552" visible="true" version="1" lat="49.99998313282" lon="9.00087906445" />
  <node id="25553" visible="true" version="1" lat="49.99998313277" lon="9.00088604115" />
  <node id="25554" visible="true" version="1" lat="49.99998313271" lon="9.00089301785" />
  <node id="25555" visible="true" version="1" lat="49.99998313266" lon="9.00089999455" />
  <node id="25556" visible="true" version="1" lat="49.9999831326" lon="9.00090697126" />
  <node id="25557" visible="true" version="1" lat="49.99998313255" lon="9.00091394796" />
  <node id="25558" visible="true" version="1" lat="49.9999831325" lon="9.00092092466" />
  <node id="25559" visible="true" version="1" lat="49.99998313244" lon="9.00092790136" />
  <node id="25560" visible="true" version="1" lat="49.99998313238" lon="9.00093487806" />
  <node id="25561" visible="true" version="1" lat="49.99998313233" lon="9.00094185477" />
  <node id="25562" visible="true" version="1" lat="49.99998313227" lon="9.00094883147" />
  <node id="25563" visible="true" version="1" lat="49.99998313221" lon="9.00095580817" />
  <node id="25564" visible="true" version="1" lat="49.99998313216" lon="9.00096278487" />
  <node id="25565" visible="true" version="1" lat="49.9999831321" lon="9.00096976157" />
  <node id="25566" visible="true" version="1" lat="49.99998313204" lon="9.00097673827" />
  <node id="25567" visible="true" version="1" lat="49.99998313198" lon="9.00098371498" />
  <node id="25568" visible="true" version="1" lat="49.99998313192" lon="9.00099069168" />
  <node id="25569" visible="true" version="1" lat="49.99998313186" lon="9.00099766838" />
  <node id="25570" visible="true" version="1" lat="49.9999831318" lon="9.00100464508" />
  <node id="25571" visible="true" version="1" lat="49.99998313174" lon="9.00101162178" />
  <node id="25572" visible="true" version="1" lat="49.99998313168" lon="9.00101859849" />
  <node id="25573" visible="true" version="1" lat="49.99998313162" lon="9.00102557519" />
  <node id="25574" visible="true" version="1" lat="49.99998313156" lon="9.00103255189" />
  <node id="25575" visible="true" version="1" lat="49.99998313149" lon="9.00103952859" />
  <node id="25576" visible="true" version="1" lat="49.99998313143" lon="9.00104650529" />
  <node id="25577" visible="true" version="1" lat="49.99998313137" lon="9.001053482" />
  <node id="25578" visible="true" version="1" lat="49.9999831313" lon="9.0010604587" />
  <node id="25579" visible="true" version="1" lat="49.99998313124" lon="9.0010674354" />
  <node id="25580" visible="true" version="1" lat="49.99998313118" lon="9.0010744121" />
  <node id="25581" visible="true" version="1" lat="49.99998313111" lon="9.0010813888" />
  <node id="25582" visible="true" version="1" lat="49.99998313105" lon="9.00108836551" />
  <node id="25583" visible="true" version="1" lat="49.99998313098" lon="9.00109534221" />
  <node id="25584" visible="true" version="1" lat="49.99998313091" lon="9.00110231891" />
  <node id="25585" visible="true" version="1" lat="49.99998313085" lon="9.00110929561" />
  <node id="25586" visible="true" version="1" lat="49.99998313078" lon="9.00111627231" />
  <node id="25587" visible="true" version="1" lat="49.99998313071" lon="9.00112324902" />
  <node id="25588" visible="true" version="1" lat="49.99998313065" lon="9.00113022572" />
  <node id="25589" visible="true" version="1" lat="49.99998313058" lon="9.00113720242" />
  <node id="25590" visible="true" version="1" lat="49.99998313051" lon="9.00114417912" />
  <node id="25591" visible="true" version="1" lat="49.99998313044" lon="9.00115115582" />
  <node id="25592" visible="true" version="1" lat="49.99998313037" lon="9.00115813253" />
  <node id="25593" visible="true" version="1" lat="49.9999831303" lon="9.00116510923" />
  <node id="25594" visible="true" version="1" lat="49.99998313023" lon="9.00117208593" />
  <node id="25595" visible="true" version="1" lat="49.99998313016" lon="9.00117906263" />
  <node id="25596" visible="true" version="1" lat="49.99998313009" lon="9.00118603933" />
  <node id="25597" visible="true" version="1" lat="49.99998313002" lon="9.00119301604" />
  <node id="25598" visible="true" version="1" lat="49.99998312994" lon="9.00119999274" />
  <node id="25599" visible="true" version="1" lat="49.99998312987" lon="9.00120696944" />
  <node id="25600" visible="true" version="1" lat="49.9999831298" lon="9.00121394614" />
  <node id="25601" visible="true" version="1" lat="49.99998312973" lon="9.00122092284" />
  <node id="25602" visible="true" version="1" lat="49.99998312965" lon="9.00122789955" />
  <node id="25603" visible="true" version="1" lat="49.99998312958" lon="9.00123487625" />
  <node id="25604" visible="true" version="1" lat="49.9999831295" lon="9.00124185295" />
  <node id="25605" visible="true" version="1" lat="49.99998312943" lon="9.00124882965" />
  <node id="25606" visible="true" version="1" lat="49.99998312935" lon="9.00125580635" />
  <node id="25607" visible="true" version="1" lat="49.99998312928" lon="9.00126278306" />
  <node id="25608" visible="true" version="1" lat="49.9999831292" lon="9.00126975976" />
  <node id="25609" visible="true" version="1" lat="49.99998312913" lon="9.00127673646" />
  <node id="25610" visible="true" version="1" lat="49.99998312905" lon="9.00128371316" />
  <node id="25611" visible="true" version="1" lat="49.99998312897" lon="9.00129068986" />
  <node id="25612" visible="true" version="1" lat="49.99998312889" lon="9.00129766657" />
  <node id="25613" visible="true" version="1" lat="49.99998312882" lon="9.00130464327" />
  <node id="25614" visible="true" version="1" lat="49.99998312874" lon="9.00131161997" />
  <node id="25615" visible="true" version="1" lat="49.99998312866" lon="9.00131859667" />
  <node id="25616" visible="true" version="1" lat="49.99998312858" lon="9.00132557337" />
  <node id="25617" visible="true" version="1" lat="49.9999831285" lon="9.00133255007" />
  <node id="25618" visible="true" version="1" lat="49.99998312842" lon="9.00133952678" />
  <node id="25619" visible="true" version="1" lat="49.99998312834" lon="9.00134650348" />
  <node id="25620" visible="true" version="1" lat="49.99998312826" lon="9.00135348018" />
  <node id="25621" visible="true" version="1" lat="49.99998312817" lon="9.00136045688" />
  <node id="25622" visible="true" version="1" lat="49.99998312809" lon="9.00136743358" />
  <node id="25623" visible="true" version="1" lat="49.99998312801" lon="9.00137441029" />
  <node id="25624" visible="true" version="1" lat="49.99998312793" lon="9.00138138699" />
  <node id="25625" visible="true" version="1" lat="49.99998312784" lon="9.00138836369" />
  <node id="25626" visible="true" version="1" lat="49.99998312776" lon="9.00139534039" />
  <node id="25627" visible="true" version="1" lat="49.99998312768" lon="9.00140231709" />
  <node id="25628" visible="true" version="1" lat="49.99998312759" lon="9.0014092938" />
  <node id="25629" visible="true" version="1" lat="49.99998312751" lon="9.0014162705" />
  <node id="25630" visible="true" version="1" lat="49.99998312742" lon="9.0014232472" />
  <node id="25631" visible="true" version="1" lat="49.99998312734" lon="9.0014302239" />
  <node id="25632" visible="true" version="1" lat="49.99998312725" lon="9.0014372006" />
  <node id="25633" visible="true" version="1" lat="49.99998312716" lon="9.00144417731" />
  <node id="25634" visible="true" version="1" lat="49.99998312708" lon="9.00145115401" />
  <node id="25635" visible="true" version="1" lat="49.99998312699" lon="9.00145813071" />
  <node id="25636" visible="true" version="1" lat="49.9999831269" lon="9.00146510741" />
  <node id="25637" visible="true" version="1" lat="49.99998312681" lon="9.00147208411" />
  <node id="25638" visible="true" version="1" lat="49.99998312672" lon="9.00147906082" />
  <node id="25639" visible="true" version="1" lat="49.99998312663" lon="9.00148603752" />
  <node id="25640" visible="true" version="1" lat="49.99998312654" lon="9.00149301422" />
  <node id="25641" visible="true" version="1" lat="49.99998312645" lon="9.00149999092" />
  <node id="25642" visible="true" version="1" lat="49.99998312636" lon="9.00150696762" />
  <node id="25643" visible="true" version="1" lat="49.99998312627" lon="9.00151394433" />
  <node id="25644" visible="true" version="1" lat="49.99998312618" lon="9.00152092103" />
  <node id="25645" visible="true" version="1" lat="49.99998312609" lon="9.00152789773" />
  <node id="25646" visible="true" version="1" lat="49.999983126" lon="9.00153487443" />
  <node id="25647" visible="true" version="1" lat="49.99998312591" lon="9.00154185113" />
  <node id="25648" visible="true" version="1" lat="49.99998312581" lon="9.00154882784" />
  <node id="25649" visible="true" version="1" lat="49.99998312572" lon="9.00155580454" />
  <node id="25650" visible="true" version="1" lat="49.99998312563" lon="9.00156278124" />
  <node id="25651" visible="true" version="1" lat="49.99998312553" lon="9.00156975794" />
  <node id="25652" visible="true" version="1" lat="49.99998312544" lon="9.00157673464" />
  <node id="25653" visible="true" version="1" lat="49.99998312534" lon="9.00158371135" />
  <node id="25654" visible="true" version="1" lat="49.99998312525" lon="9.00159068805" />
  <node id="25655" visible="true" version="1" lat="49.99998312515" lon="9.00159766475" />
  <node id="25656" visible="true" version="1" lat="49.99998312505" lon="9.00160464145" />
  <node id="25657" visible="true" version="1" lat="49.99998312496" lon="9.00161161815" />
  <node id="25658" visible="true" version="1" lat="49.99998312486" lon="9.00161859486" />
  <node id="25659" visible="true" version="1" lat="49.99998312476" lon="9.00162557156" />
  <node id="25660" visible="true" version="1" lat="49.99998312467" lon="9.00163254826" />
  <node id="25661" visible="true" version="1" lat="49.99998312457" lon="9.00163952496" />
  <node id="25662" visible="true" version="1" lat="49.99998312447" lon="9.00164650166" />
  <node id="25663" visible="true" version="1" lat="49.99998312437" lon="9.00165347837" />
  <node id="25664" visible="true" version="1" lat="49.99998312427" lon="9.00166045507" />
  <node id="25665" visible="true" version="1" lat="49.99998312417" lon="9.00166743177" />
  <node id="25666" visible="true" version="1" lat="49.99998312407" lon="9.00167440847" />
  <node id="25667" visible="true" version="1" lat="49.99998312397" lon="9.00168138517" />
  <node id="25668" visible="true" version="1" lat="49.99998312387" lon="9.00168836187" />
  <node id="25669" visible="true" version="1" lat="49.99998312376" lon="9.00169533858" />
  <node id="25670" visible="true" version="1" lat="49.99998312366" lon="9.00170231528" />
  <node id="25671" visible="true" version="1" lat="49.99998312356" lon="9.00170929198" />
  <node id="25672" visible="true" version="1" lat="49.99998312346" lon="9.00171626868" />
  <node id="25673" visible="true" version="1" lat="49.99998312335" lon="9.00172324538" />
  <node id="25674" visible="true" version="1" lat="49.99998312325" lon="9.00173022209" />
  <node id="25675" visible="true" version="1" lat="49.99998312315" lon="9.00173719879" />
  <node id="25676" visible="true" version="1" lat="49.99998312304" lon="9.00174417549" />
  <node id="25677" visible="true" version="1" lat="49.99998312294" lon="9.00175115219" />
  <node id="25678" visible="true" version="1" lat="49.99998312283" lon="9.00175812889" />
  <node id="25679" visible="true" version="1" lat="49.99998312272" lon="9.0017651056" />
  <node id="25680" visible="true" version="1" lat="49.99998312262" lon="9.0017720823" />
  <node id="25681" visible="true" version="1" lat="49.99998312251" lon="9.001779059" />
  <node id="25682" visible="true" version="1" lat="49.9999831224" lon="9.0017860357" />
  <node id="25683" visible="true" version="1" lat="49.9999831223" lon="9.0017930124" />
  <node id="25684" visible="true" version="1" lat="49.99998312219" lon="9.00179998911" />
  <node id="25685" visible="true" version="1" lat="49.99998312208" lon="9.00180696581" />
  <node id="25686" visible="true" version="1" lat="49.99998312197" lon="9.00181394251" />
  <node id="25687" visible="true" version="1" lat="49.99998312186" lon="9.00182091921" />
  <node id="25688" visible="true" version="1" lat="49.99998312175" lon="9.00182789591" />
  <node id="25689" visible="true" version="1" lat="49.99998312164" lon="9.00183487262" />
  <node id="25690" visible="true" version="1" lat="49.99998312153" lon="9.00184184932" />
  <node id="25691" visible="true" version="1" lat="49.99998312142" lon="9.00184882602" />
  <node id="25692" visible="true" version="1" lat="49.99998312131" lon="9.00185580272" />
  <node id="25693" visible="true" version="1" lat="49.9999831212" lon="9.00186277942" />
  <node id="25694" visible="true" version="1" lat="49.99998312109" lon="9.00186975613" />
  <node id="25695" visible="true" version="1" lat="49.99998312097" lon="9.00187673283" />
  <node id="25696" visible="true" version="1" lat="49.99998312086" lon="9.00188370953" />
  <node id="25697" visible="true" version="1" lat="49.99998312075" lon="9.00189068623" />
  <node id="25698" visible="true" version="1" lat="49.99998312063" lon="9.00189766293" />
  <node id="25699" visible="true" version="1" lat="49.99998312052" lon="9.00190463964" />
  <node id="25700" visible="true" version="1" lat="49.9999831204" lon="9.00191161634" />
  <node id="25701" visible="true" version="1" lat="49.99998312029" lon="9.00191859304" />
  <node id="25702" visible="true" version="1" lat="49.99998312017" lon="9.00192556974" />
  <node id="25703" visible="true" version="1" lat="49.99998312006" lon="9.00193254644" />
  <node id="25704" visible="true" version="1" lat="49.99998311994" lon="9.00193952315" />
  <node id="25705" visible="true" version="1" lat="49.99998311982" lon="9.00194649985" />
  <node id="25706" visible="true" version="1" lat="49.99998311971" lon="9.00195347655" />
  <node id="25707" visible="true" version="1" lat="49.99998311959" lon="9.00196045325" />
  <node id="25708" visible="true" version="1" lat="49.99998311947" lon="9.00196742995" />
  <node id="25709" visible="true" version="1" lat="49.99998311935" lon="9.00197440666" />
  <node id="25710" visible="true" version="1" lat="49.99998311923" lon="9.00198138336" />
  <node id="25711" visible="true" version="1" lat="49.99998311911" lon="9.00198836006" />
  <node id="25712" visible="true" version="1" lat="49.99998311899" lon="9.00199533676" />
  <node id="25713" visible="true" version="1" lat="49.99998311887" lon="9.00200231346" />
  <node id="25714" visible="true" version="1" lat="49.99998311875" lon="9.00200929016" />
  <node id="25715" visible="true" version="1" lat="49.99998311863" lon="9.00201626687" />
  <node id="25716" visible="true" version="1" lat="49.99998311851" lon="9.00202324357" />
  <node id="25717" visible="true" version="1" lat="49.99998311839" lon="9.00203022027" />
  <node id="25718" visible="true" version="1" lat="49.99998311827" lon="9.00203719697" />
  <node id="25719" visible="true" version="1" lat="49.99998311814" lon="9.00204417367" />
  <node id="25720" visible="true" version="1" lat="49.99998311802" lon="9.00205115038" />
  <node id="25721" visible="true" version="1" lat="49.9999831179" lon="9.00205812708" />
  <node id="25722" visible="true" version="1" lat="49.99998311777" lon="9.00206510378" />
  <node id="25723" visible="true" version="1" lat="49.99998311765" lon="9.00207208048" />
  <node id="25724" visible="true" version="1" lat="49.99998311752" lon="9.00207905718" />
  <node id="25725" visible="true" version="1" lat="49.9999831174" lon="9.00208603389" />
  <node id="25726" visible="true" version="1" lat="49.99998311727" lon="9.00209301059" />
  <node id="25727" visible="true" version="1" lat="49.99998311715" lon="9.00209998729" />
  <node id="25728" visible="true" version="1" lat="49.99998311702" lon="9.00210696399" />
  <node id="25729" visible="true" version="1" lat="49.99998311689" lon="9.00211394069" />
  <node id="25730" visible="true" version="1" lat="49.99998311677" lon="9.0021209174" />
  <node id="25731" visible="true" version="1" lat="49.99998311664" lon="9.0021278941" />
  <node id="25732" visible="true" version="1" lat="49.99998311651" lon="9.0021348708" />
  <node id="25733" visible="true" version="1" lat="49.99998311638" lon="9.0021418475" />
  <node id="25734" visible="true" version="1" lat="49.99998311625" lon="9.0021488242" />
  <node id="25735" visible="true" version="1" lat="49.99998311612" lon="9.00215580091" />
  <node id="25736" visible="true" version="1" lat="49.99998311599" lon="9.00216277761" />
  <node id="25737" visible="true" version="1" lat="49.99998311586" lon="9.00216975431" />
  <node id="25738" visible="true" version="1" lat="49.99998311573" lon="9.00217673101" />
  <node id="25739" visible="true" version="1" lat="49.9999831156" lon="9.00218370771" />
  <node id="25740" visible="true" version="1" lat="49.99998311547" lon="9.00219068442" />
  <node id="25741" visible="true" version="1" lat="49.99998311534" lon="9.00219766112" />
  <node id="25742" visible="true" version="1" lat="49.99998311521" lon="9.00220463782" />
  <node id="25743" visible="true" version="1" lat="49.99998311507" lon="9.00221161452" />
  <node id="25744" visible="true" version="1" lat="49.99998311494" lon="9.00221859122" />
  <node id="25745" visible="true" version="1" lat="49.99998311481" lon="9.00222556793" />
  <node id="25746" visible="true" version="1" lat="49.99998311467" lon="9.00223254463" />
  <node id="25747" visible="true" version="1" lat="49.99998311454" lon="9.00223952133" />
  <node id="25748" visible="true" version="1" lat="49.9999831144" lon="9.00224649803" />
  <node id="25749" visible="true" version="1" lat="49.99998311427" lon="9.00225347473" />
  <node id="25750" visible="true" version="1" lat="49.99998311413" lon="9.00226045144" />
  <node id="25751" visible="true" version="1" lat="49.999983114" lon="9.00226742814" />
  <node id="25752" visible="true" version="1" lat="49.99998311386" lon="9.00227440484" />
  <node id="25753" visible="true" version="1" lat="49.99998311372" lon="9.00228138154" />
  <node id="25754" visible="true" version="1" lat="49.99998311359" lon="9.00228835824" />
  <node id="25755" visible="true" version="1" lat="49.99998311345" lon="9.00229533495" />
  <node id="25756" visible="true" version="1" lat="49.99998311331" lon="9.00230231165" />
  <node id="25757" visible="true" version="1" lat="49.99998311317" lon="9.00230928835" />
  <node id="25758" visible="true" version="1" lat="49.99998311303" lon="9.00231626505" />
  <node id="25759" visible="true" version="1" lat="49.99998311289" lon="9.00232324175" />
  <node id="25760" visible="true" version="1" lat="49.99998311275" lon="9.00233021845" />
  <node id="25761" visible="true" version="1" lat="49.99998311261" lon="9.00233719516" />
  <node id="25762" visible="true" version="1" lat="49.99998311247" lon="9.00234417186" />
  <node id="25763" visible="true" version="1" lat="49.99998311233" lon="9.00235114856" />
  <node id="25764" visible="true" version="1" lat="49.99998311219" lon="9.00235812526" />
  <node id="25765" visible="true" version="1" lat="49.99998311205" lon="9.00236510196" />
  <node id="25766" visible="true" version="1" lat="49.9999831119" lon="9.00237207867" />
  <node id="25767" visible="true" version="1" lat="49.99998311176" lon="9.00237905537" />
  <node id="25768" visible="true" version="1" lat="49.99998311162" lon="9.00238603207" />
  <node id="25769" visible="true" version="1" lat="49.99998311147" lon="9.00239300877" />
  <node id="25770" visible="true" version="1" lat="49.99998311133" lon="9.00239998547" />
  <node id="25771" visible="true" version="1" lat="49.99998311119" lon="9.00240696218" />
  <node id="25772" visible="true" version="1" lat="49.99998311104" lon="9.00241393888" />
  <node id="25773" visible="true" version="1" lat="49.9999831109" lon="9.00242091558" />
  <node id="25774" visible="true" version="1" lat="49.99998311075" lon="9.00242789228" />
  <node id="25775" visible="true" version="1" lat="49.9999831106" lon="9.00243486898" />
  <node id="25776" visible="true" version="1" lat="49.99998311046" lon="9.00244184569" />
  <node id="25777" visible="true" version="1" lat="49.99998311031" lon="9.00244882239" />
  <node id="25778" visible="true" version="1" lat="49.99998311016" lon="9.00245579909" />
  <node id="25779" visible="true" version="1" lat="49.99998311001" lon="9.00246277579" />
  <node id="25780" visible="true" version="1" lat="49.99998310987" lon="9.00246975249" />
  <node id="25781" visible="true" version="1" lat="49.99998310972" lon="9.0024767292" />
  <node id="25782" visible="true" version="1" lat="49.99998310957" lon="9.0024837059" />
  <node id="25783" visible="true" version="1" lat="49.99998310942" lon="9.0024906826" />
  <node id="25784" visible="true" version="1" lat="49.99998310927" lon="9.0024976593" />
  <node id="25785" visible="true" version="1" lat="49.99998310912" lon="9.002504636" />
  <node id="25786" visible="true" version="1" lat="49.99998310897" lon="9.00251161271" />
  <node id="25787" visible="true" version="1" lat="49.99998310882" lon="9.00251858941" />
  <node id="25788" visible="true" version="1" lat="49.99998310866" lon="9.00252556611" />
  <node id="25789" visible="true" version="1" lat="49.99998310851" lon="9.00253254281" />
  <node id="25790" visible="true" version="1" lat="49.99998310836" lon="9.00253951951" />
  <node id="25791" visible="true" version="1" lat="49.99998310821" lon="9.00254649622" />
  <node id="25792" visible="true" version="1" lat="49.99998310805" lon="9.00255347292" />
  <node id="25793" visible="true" version="1" lat="49.9999831079" lon="9.00256044962" />
  <node id="25794" visible="true" version="1" lat="49.99998310775" lon="9.00256742632" />
  <node id="25795" visible="true" version="1" lat="49.99998310759" lon="9.00257440302" />
  <node id="25796" visible="true" version="1" lat="49.99998310744" lon="9.00258137973" />
  <node id="25797" visible="true" version="1" lat="49.99998310728" lon="9.00258835643" />
  <node id="25798" visible="true" version="1" lat="49.99998310713" lon="9.00259533313" />
  <node id="25799" visible="true" version="1" lat="49.99998310697" lon="9.00260230983" />
  <node id="25800" visible="true" version="1" lat="49.99998310681" lon="9.00260928653" />
  <node id="25801" visible="true" version="1" lat="49.99998310666" lon="9.00261626324" />
  <node id="25802" visible="true" version="1" lat="49.9999831065" lon="9.00262323994" />
  <node id="25803" visible="true" version="1" lat="49.99998310634" lon="9.00263021664" />
  <node id="25804" visible="true" version="1" lat="49.99998310618" lon="9.00263719334" />
  <node id="25805" visible="true" version="1" lat="49.99998310602" lon="9.00264417004" />
  <node id="25806" visible="true" version="1" lat="49.99998310586" lon="9.00265114674" />
  <node id="25807" visible="true" version="1" lat="49.9999831057" lon="9.00265812345" />
  <node id="25808" visible="true" version="1" lat="49.99998310554" lon="9.00266510015" />
  <node id="25809" visible="true" version="1" lat="49.99998310538" lon="9.00267207685" />
  <node id="25810" visible="true" version="1" lat="49.99998310522" lon="9.00267905355" />
  <node id="25811" visible="true" version="1" lat="49.99998310506" lon="9.00268603025" />
  <node id="25812" visible="true" version="1" lat="49.9999831049" lon="9.00269300696" />
  <node id="25813" visible="true" version="1" lat="49.99998310474" lon="9.00269998366" />
  <node id="25814" visible="true" version="1" lat="49.99998310457" lon="9.00270696036" />
  <node id="25815" visible="true" version="1" lat="49.99998310441" lon="9.00271393706" />
  <node id="25816" visible="true" version="1" lat="49.99998310425" lon="9.00272091376" />
  <node id="25817" visible="true" version="1" lat="49.99998310408" lon="9.00272789047" />
  <node id="25818" visible="true" version="1" lat="49.99998310392" lon="9.00273486717" />
  <node id="25819" visible="true" version="1" lat="49.99998310376" lon="9.00274184387" />
  <node id="25820" visible="true" version="1" lat="49.99998310359" lon="9.00274882057" />
  <node id="25821" visible="true" version="1" lat="49.99998310343" lon="9.00275579727" />
  <node id="25822" visible="true" version="1" lat="49.99998310326" lon="9.00276277398" />
  <node id="25823" visible="true" version="1" lat="49.99998310309" lon="9.00276975068" />
  <node id="25824" visible="true" version="1" lat="49.99998310293" lon="9.00277672738" />
  <node id="25825" visible="true" version="1" lat="49.99998310276" lon="9.00278370408" />
  <node id="25826" visible="true" version="1" lat="49.99998310259" lon="9.00279068078" />
  <node id="25827" visible="true" version="1" lat="49.99998310242" lon="9.00279765749" />
  <node id="25828" visible="true" version="1" lat="49.99998310226" lon="9.00280463419" />
  <node id="25829" visible="true" version="1" lat="49.99998310209" lon="9.00281161089" />
  <node id="25830" visible="true" version="1" lat="49.99998310192" lon="9.00281858759" />
  <node id="25831" visible="true" version="1" lat="49.99998310175" lon="9.00282556429" />
  <node id="25832" visible="true" version="1" lat="49.99998310158" lon="9.002832541" />
  <node id="25833" visible="true" version="1" lat="49.99998310141" lon="9.0028395177" />
  <node id="25834" visible="true" version="1" lat="49.99998310124" lon="9.0028464944" />
  <node id="25835" visible="true" version="1" lat="49.99998310106" lon="9.0028534711" />
  <node id="25836" visible="true" version="1" lat="49.99998310089" lon="9.0028604478" />
  <node id="25837" visible="true" version="1" lat="49.99998310072" lon="9.00286742451" />
  <node id="25838" visible="true" version="1" lat="49.99998310055" lon="9.00287440121" />
  <node id="25839" visible="true" version="1" lat="49.99998310037" lon="9.00288137791" />
  <node id="25840" visible="true" version="1" lat="49.9999831002" lon="9.00288835461" />
  <node id="25841" visible="true" version="1" lat="49.99998310003" lon="9.00289533131" />
  <node id="25842" visible="true" version="1" lat="49.99998309985" lon="9.00290230802" />
  <node id="25843" visible="true" version="1" lat="49.99998309968" lon="9.00290928472" />
  <node id="25844" visible="true" version="1" lat="49.9999830995" lon="9.00291626142" />
  <node id="25845" visible="true" version="1" lat="49.99998309933" lon="9.00292323812" />
  <node id="25846" visible="true" version="1" lat="49.99998309915" lon="9.00293021482" />
  <node id="25847" visible="true" version="1" lat="49.99998309898" lon="9.00293719152" />
  <node id="25848" visible="true" version="1" lat="49.9999830988" lon="9.00294416823" />
  <node id="25849" visible="true" version="1" lat="49.99998309862" lon="9.00295114493" />
  <node id="25850" visible="true" version="1" lat="49.99998309844" lon="9.00295812163" />
  <node id="25851" visible="true" version="1" lat="49.99998309827" lon="9.00296509833" />
  <node id="25852" visible="true" version="1" lat="49.99998309809" lon="9.00297207503" />
  <node id="25853" visible="true" version="1" lat="49.99998309791" lon="9.00297905174" />
  <node id="25854" visible="true" version="1" lat="49.99998309773" lon="9.00298602844" />
  <node id="25855" visible="true" version="1" lat="49.99998309755" lon="9.00299300514" />
  <node id="25856" visible="true" version="1" lat="49.99998309737" lon="9.00299998184" />
  <node id="25857" visible="true" version="1" lat="49.99998309719" lon="9.00300695854" />
  <node id="25858" visible="true" version="1" lat="49.99998309701" lon="9.00301393525" />
  <node id="25859" visible="true" version="1" lat="49.99998309683" lon="9.00302091195" />
  <node id="25860" visible="true" version="1" lat="49.99998309664" lon="9.00302788865" />
  <node id="25861" visible="true" version="1" lat="49.99998309646" lon="9.00303486535" />
  <node id="25862" visible="true" version="1" lat="49.99998309628" lon="9.00304184205" />
  <node id="25863" visible="true" version="1" lat="49.9999830961" lon="9.00304881876" />
  <node id="25864" visible="true" version="1" lat="49.99998309591" lon="9.00305579546" />
  <node id="25865" visible="true" version="1" lat="49.99998309573" lon="9.00306277216" />
  <node id="25866" visible="true" version="1" lat="49.99998309554" lon="9.00306974886" />
  <node id="25867" visible="true" version="1" lat="49.99998309536" lon="9.00307672556" />
  <node id="25868" visible="true" version="1" lat="49.99998309517" lon="9.00308370227" />
  <node id="25869" visible="true" version="1" lat="49.99998309499" lon="9.00309067897" />
  <node id="25870" visible="true" version="1" lat="49.9999830948" lon="9.00309765567" />
  <node id="25871" visible="true" version="1" lat="49.99998309462" lon="9.00310463237" />
  <node id="25872" visible="true" version="1" lat="49.99998309443" lon="9.00311160907" />
  <node id="25873" visible="true" version="1" lat="49.99998309424" lon="9.00311858578" />
  <node id="25874" visible="true" version="1" lat="49.99998309405" lon="9.00312556248" />
  <node id="25875" visible="true" version="1" lat="49.99998309387" lon="9.00313253918" />
  <node id="25876" visible="true" version="1" lat="49.99998309368" lon="9.00313951588" />
  <node id="25877" visible="true" version="1" lat="49.99998309349" lon="9.00314649258" />
  <node id="25878" visible="true" version="1" lat="49.9999830933" lon="9.00315346929" />
  <node id="25879" visible="true" version="1" lat="49.99998309311" lon="9.00316044599" />
  <node id="25880" visible="true" version="1" lat="49.99998309292" lon="9.00316742269" />
  <node id="25881" visible="true" version="1" lat="49.99998309273" lon="9.00317439939" />
  <node id="25882" visible="true" version="1" lat="49.99998309254" lon="9.00318137609" />
  <node id="25883" visible="true" version="1" lat="49.99998309235" lon="9.00318835279" />
  <node id="25884" visible="true" version="1" lat="49.99998309215" lon="9.0031953295" />
  <node id="25885" visible="true" version="1" lat="49.99998309196" lon="9.0032023062" />
  <node id="25886" visible="true" version="1" lat="49.99998309177" lon="9.0032092829" />
  <node id="25887" visible="true" version="1" lat="49.99998309158" lon="9.0032162596" />
  <node id="25888" visible="true" version="1" lat="49.99998309138" lon="9.0032232363" />
  <node id="25889" visible="true" version="1" lat="49.99998309119" lon="9.00323021301" />
  <node id="25890" visible="true" version="1" lat="49.99998309099" lon="9.00323718971" />
  <node id="25891" visible="true" version="1" lat="49.9999830908" lon="9.00324416641" />
  <node id="25892" visible="true" version="1" lat="49.9999830906" lon="9.00325114311" />
  <node id="25893" visible="true" version="1" lat="49.99998309041" lon="9.00325811981" />
  <node id="25894" visible="true" version="1" lat="49.99998309021" lon="9.00326509652" />
  <node id="25895" visible="true" version="1" lat="49.99998309002" lon="9.00327207322" />
  <node id="25896" visible="true" version="1" lat="49.99998308982" lon="9.00327904992" />
  <node id="25897" visible="true" version="1" lat="49.99998308962" lon="9.00328602662" />
  <node id="25898" visible="true" version="1" lat="49.99998308942" lon="9.00329300332" />
  <node id="25899" visible="true" version="1" lat="49.99998308923" lon="9.00329998003" />
  <node id="25900" visible="true" version="1" lat="49.99998308903" lon="9.00330695673" />
  <node id="25901" visible="true" version="1" lat="49.99998308883" lon="9.00331393343" />
  <node id="25902" visible="true" version="1" lat="49.99998308863" lon="9.00332091013" />
  <node id="25903" visible="true" version="1" lat="49.99998308843" lon="9.00332788683" />
  <node id="25904" visible="true" version="1" lat="49.99998308823" lon="9.00333486354" />
  <node id="25905" visible="true" version="1" lat="49.99998308803" lon="9.00334184024" />
  <node id="25906" visible="true" version="1" lat="49.99998308783" lon="9.00334881694" />
  <node id="25907" visible="true" version="1" lat="49.99998308762" lon="9.00335579364" />
  <node id="25908" visible="true" version="1" lat="49.99998308742" lon="9.00336277034" />
  <node id="25909" visible="true" version="1" lat="49.99998308722" lon="9.00336974705" />
  <node id="25910" visible="true" version="1" lat="49.99998308702" lon="9.00337672375" />
  <node id="25911" visible="true" version="1" lat="49.99998308681" lon="9.00338370045" />
  <node id="25912" visible="true" version="1" lat="49.99998308661" lon="9.00339067715" />
  <node id="25913" visible="true" version="1" lat="49.99998308641" lon="9.00339765385" />
  <node id="25914" visible="true" version="1" lat="49.9999830862" lon="9.00340463056" />
  <node id="25915" visible="true" version="1" lat="49.999983086" lon="9.00341160726" />
  <node id="25916" visible="true" version="1" lat="49.99998308579" lon="9.00341858396" />
  <node id="25917" visible="true" version="1" lat="49.99998308559" lon="9.00342556066" />
  <node id="25918" visible="true" version="1" lat="49.99998308538" lon="9.00343253736" />
  <node id="25919" visible="true" version="1" lat="49.99998308517" lon="9.00343951406" />
  <node id="25920" visible="true" version="1" lat="49.99998308497" lon="9.00344649077" />
  <node id="25921" visible="true" version="1" lat="49.99998308476" lon="9.00345346747" />
  <node id="25922" visible="true" version="1" lat="49.99998308455" lon="9.00346044417" />
  <node id="25923" visible="true" version="1" lat="49.99998308434" lon="9.00346742087" />
  <node id="25924" visible="true" version="1" lat="49.99998308413" lon="9.00347439757" />
  <node id="25925" visible="true" version="1" lat="49.99998308392" lon="9.00348137428" />
  <node id="25926" visible="true" version="1" lat="49.99998308372" lon="9.00348835098" />
  <node id="25927" visible="true" version="1" lat="49.99998308351" lon="9.00349532768" />
  <node id="25928" visible="true" version="1" lat="49.99998308329" lon="9.00350230438" />
  <node id="25929" visible="true" version="1" lat="49.99998308308" lon="9.00350928108" />
  <node id="25930" visible="true" version="1" lat="49.99998308287" lon="9.00351625779" />
  <node id="25931" visible="true" version="1" lat="49.99998308266" lon="9.00352323449" />
  <node id="25932" visible="true" version="1" lat="49.99998308245" lon="9.00353021119" />
  <node id="25933" visible="true" version="1" lat="49.99998308224" lon="9.00353718789" />
  <node id="25934" visible="true" version="1" lat="49.99998308202" lon="9.00354416459" />
  <node id="25935" visible="true" version="1" lat="49.99998308181" lon="9.0035511413" />
  <node id="25936" visible="true" version="1" lat="49.9999830816" lon="9.003558118" />
  <node id="25937" visible="true" version="1" lat="49.99998308138" lon="9.0035650947" />
  <node id="25938" visible="true" version="1" lat="49.99998308117" lon="9.0035720714" />
  <node id="25939" visible="true" version="1" lat="49.99998308095" lon="9.0035790481" />
  <node id="25940" visible="true" version="1" lat="49.99998308074" lon="9.00358602481" />
  <node id="25941" visible="true" version="1" lat="49.99998308052" lon="9.00359300151" />
  <node id="25942" visible="true" version="1" lat="49.99998308031" lon="9.00359997821" />
  <node id="25943" visible="true" version="1" lat="49.99998308009" lon="9.00360695491" />
  <node id="25944" visible="true" version="1" lat="49.99998307987" lon="9.00361393161" />
  <node id="25945" visible="true" version="1" lat="49.99998307965" lon="9.00362090832" />
  <node id="25946" visible="true" version="1" lat="49.99998307944" lon="9.00362788502" />
  <node id="25947" visible="true" version="1" lat="49.99998307922" lon="9.00363486172" />
  <node id="25948" visible="true" version="1" lat="49.999983079" lon="9.00364183842" />
  <node id="25949" visible="true" version="1" lat="49.99998307878" lon="9.00364881512" />
  <node id="25950" visible="true" version="1" lat="49.99998307856" lon="9.00365579183" />
  <node id="25951" visible="true" version="1" lat="49.99998307834" lon="9.00366276853" />
  <node id="25952" visible="true" version="1" lat="49.99998307812" lon="9.00366974523" />
  <node id="25953" visible="true" version="1" lat="49.9999830779" lon="9.00367672193" />
  <node id="25954" visible="true" version="1" lat="49.99998307768" lon="9.00368369863" />
  <node id="25955" visible="true" version="1" lat="49.99998307746" lon="9.00369067533" />
  <node id="25956" visible="true" version="1" lat="49.99998307723" lon="9.00369765204" />
  <node id="25957" visible="true" version="1" lat="49.99998307701" lon="9.00370462874" />
  <node id="25958" visible="true" version="1" lat="49.99998307679" lon="9.00371160544" />
  <node id="25959" visible="true" version="1" lat="49.99998307657" lon="9.00371858214" />
  <node id="25960" visible="true" version="1" lat="49.99998307634" lon="9.00372555884" />
  <node id="25961" visible="true" version="1" lat="49.99998307612" lon="9.00373253555" />
  <node id="25962" visible="true" version="1" lat="49.99998307589" lon="9.00373951225" />
  <node id="25963" visible="true" version="1" lat="49.99998307567" lon="9.00374648895" />
  <node id="25964" visible="true" version="1" lat="49.99998307544" lon="9.00375346565" />
  <node id="25965" visible="true" version="1" lat="49.99998307522" lon="9.00376044235" />
  <node id="25966" visible="true" version="1" lat="49.99998307499" lon="9.00376741906" />
  <node id="25967" visible="true" version="1" lat="49.99998307476" lon="9.00377439576" />
  <node id="25968" visible="true" version="1" lat="49.99998307454" lon="9.00378137246" />
  <node id="25969" visible="true" version="1" lat="49.99998307431" lon="9.00378834916" />
  <node id="25970" visible="true" version="1" lat="49.99998307408" lon="9.00379532586" />
  <node id="25971" visible="true" version="1" lat="49.99998307385" lon="9.00380230257" />
  <node id="25972" visible="true" version="1" lat="49.99998307362" lon="9.00380927927" />
  <node id="25973" visible="true" version="1" lat="49.99998307339" lon="9.00381625597" />
  <node id="25974" visible="true" version="1" lat="49.99998307316" lon="9.00382323267" />
  <node id="25975" visible="true" version="1" lat="49.99998307293" lon="9.00383020937" />
  <node id="25976" visible="true" version="1" lat="49.9999830727" lon="9.00383718608" />
  <node id="25977" visible="true" version="1" lat="49.99998307247" lon="9.00384416278" />
  <node id="25978" visible="true" version="1" lat="49.99998307224" lon="9.00385113948" />
  <node id="25979" visible="true" version="1" lat="49.99998307201" lon="9.00385811618" />
  <node id="25980" visible="true" version="1" lat="49.99998307178" lon="9.00386509288" />
  <node id="25981" visible="true" version="1" lat="49.99998307155" lon="9.00387206959" />
  <node id="25982" visible="true" version="1" lat="49.99998307131" lon="9.00387904629" />
  <node id="25983" visible="true" version="1" lat="49.99998307108" lon="9.00388602299" />
  <node id="25984" visible="true" version="1" lat="49.99998307084" lon="9.00389299969" />
  <node id="25985" visible="true" version="1" lat="49.99998307061" lon="9.00389997639" />
  <node id="25986" visible="true" version="1" lat="49.99998307038" lon="9.0039069531" />
  <node id="25987" visible="true" version="1" lat="49.99998307014" lon="9.0039139298" />
  <node id="25988" visible="true" version="1" lat="49.99998306991" lon="9.0039209065" />
  <node id="25989" visible="true" version="1" lat="49.99998306967" lon="9.0039278832" />
  <node id="25990" visible="true" version="1" lat="49.99998306943" lon="9.0039348599" />
  <node id="25991" visible="true" version="1" lat="49.9999830692" lon="9.0039418366" />
  <node id="25992" visible="true" version="1" lat="49.99998306896" lon="9.00394881331" />
  <node id="25993" visible="true" version="1" lat="49.99998306872" lon="9.00395579001" />
  <node id="25994" visible="true" version="1" lat="49.99998306848" lon="9.00396276671" />
  <node id="25995" visible="true" version="1" lat="49.99998306824" lon="9.00396974341" />
  <node id="25996" visible="true" version="1" lat="49.99998306801" lon="9.00397672011" />
  <node id="25997" visible="true" version="1" lat="49.99998306777" lon="9.00398369682" />
  <node id="25998" visible="true" version="1" lat="49.99998306753" lon="9.00399067352" />
  <node id="25999" visible="true" version="1" lat="49.99998306729" lon="9.00399765022" />
  <node id="26000" visible="true" version="1" lat="49.99998306705" lon="9.00400462692" />
  <node id="26001" visible="true" version="1" lat="49.9999830668" lon="9.00401160362" />
  <node id="26002" visible="true" version="1" lat="49.99998306656" lon="9.00401858033" />
  <node id="26003" visible="true" version="1" lat="49.99998306632" lon="9.00402555703" />
  <node id="26004" visible="true" version="1" lat="49.99998306608" lon="9.00403253373" />
  <node id="26005" visible="true" version="1" lat="49.99998306584" lon="9.00403951043" />
  <node id="26006" visible="true" version="1" lat="49.99998306559" lon="9.00404648713" />
  <node id="26007" visible="true" version="1" lat="49.99998306535" lon="9.00405346384" />
  <node id="26008" visible="true" version="1" lat="49.99998306511" lon="9.00406044054" />
  <node id="26009" visible="true" version="1" lat="49.99998306486" lon="9.00406741724" />
  <node id="26010" visible="true" version="1" lat="49.99998306462" lon="9.00407439394" />
  <node id="26011" visible="true" version="1" lat="49.99998306437" lon="9.00408137064" />
  <node id="26012" visible="true" version="1" lat="49.99998306413" lon="9.00408834735" />
  <node id="26013" visible="true" version="1" lat="49.99998306388" lon="9.00409532405" />
  <node id="26014" visible="true" version="1" lat="49.99998306363" lon="9.00410230075" />
  <node id="26015" visible="true" version="1" lat="49.99998306339" lon="9.00410927745" />
  <node id="26016" visible="true" version="1" lat="49.99998306314" lon="9.00411625415" />
  <node id="26017" visible="true" version="1" lat="49.99998306289" lon="9.00412323086" />
  <node id="26018" visible="true" version="1" lat="49.99998306264" lon="9.00413020756" />
  <node id="26019" visible="true" version="1" lat="49.9999830624" lon="9.00413718426" />
  <node id="26020" visible="true" version="1" lat="49.99998306215" lon="9.00414416096" />
  <node id="26021" visible="true" version="1" lat="49.9999830619" lon="9.00415113766" />
  <node id="26022" visible="true" version="1" lat="49.99998306165" lon="9.00415811436" />
  <node id="26023" visible="true" version="1" lat="49.9999830614" lon="9.00416509107" />
  <node id="26024" visible="true" version="1" lat="49.99998306115" lon="9.00417206777" />
  <node id="26025" visible="true" version="1" lat="49.9999830609" lon="9.00417904447" />
  <node id="26026" visible="true" version="1" lat="49.99998306064" lon="9.00418602117" />
  <node id="26027" visible="true" version="1" lat="49.99998306039" lon="9.00419299787" />
  <node id="26028" visible="true" version="1" lat="49.99998306014" lon="9.00419997458" />
  <node id="26029" visible="true" version="1" lat="49.99998305989" lon="9.00420695128" />
  <node id="26030" visible="true" version="1" lat="49.99998305963" lon="9.00421392798" />
  <node id="26031" visible="true" version="1" lat="49.99998305938" lon="9.00422090468" />
  <node id="26032" visible="true" version="1" lat="49.99998305913" lon="9.00422788138" />
  <node id="26033" visible="true" version="1" lat="49.99998305887" lon="9.00423485809" />
  <node id="26034" visible="true" version="1" lat="49.99998305862" lon="9.00424183479" />
  <node id="26035" visible="true" version="1" lat="49.99998305836" lon="9.00424881149" />
  <node id="26036" visible="true" version="1" lat="49.99998305811" lon="9.00425578819" />
  <node id="26037" visible="true" version="1" lat="49.99998305785" lon="9.00426276489" />
  <node id="26038" visible="true" version="1" lat="49.99998305759" lon="9.0042697416" />
  <node id="26039" visible="true" version="1" lat="49.99998305734" lon="9.0042767183" />
  <node id="26040" visible="true" version="1" lat="49.99998305708" lon="9.004283695" />
  <node id="26041" visible="true" version="1" lat="49.99998305682" lon="9.0042906717" />
  <node id="26042" visible="true" version="1" lat="49.99998305656" lon="9.0042976484" />
  <node id="26043" visible="true" version="1" lat="49.9999830563" lon="9.00430462511" />
  <node id="26044" visible="true" version="1" lat="49.99998305605" lon="9.00431160181" />
  <node id="26045" visible="true" version="1" lat="49.99998305579" lon="9.00431857851" />
  <node id="26046" visible="true" version="1" lat="49.99998305553" lon="9.00432555521" />
  <node id="26047" visible="true" version="1" lat="49.99998305527" lon="9.00433253191" />
  <node id="26048" visible="true" version="1" lat="49.99998305501" lon="9.00433950862" />
  <node id="26049" visible="true" version="1" lat="49.99998305474" lon="9.00434648532" />
  <node id="26050" visible="true" version="1" lat="49.99998305448" lon="9.00435346202" />
  <node id="26051" visible="true" version="1" lat="49.99998305422" lon="9.00436043872" />
  <node id="26052" visible="true" version="1" lat="49.99998305396" lon="9.00436741542" />
  <node id="26053" visible="true" version="1" lat="49.9999830537" lon="9.00437439212" />
  <node id="26054" visible="true" version="1" lat="49.99998305343" lon="9.00438136883" />
  <node id="26055" visible="true" version="1" lat="49.99998305317" lon="9.00438834553" />
  <node id="26056" visible="true" version="1" lat="49.9999830529" lon="9.00439532223" />
  <node id="26057" visible="true" version="1" lat="49.99998305264" lon="9.00440229893" />
  <node id="26058" visible="true" version="1" lat="49.99998305238" lon="9.00440927563" />
  <node id="26059" visible="true" version="1" lat="49.99998305211" lon="9.00441625234" />
  <node id="26060" visible="true" version="1" lat="49.99998305184" lon="9.00442322904" />
  <node id="26061" visible="true" version="1" lat="49.99998305158" lon="9.00443020574" />
  <node id="26062" visible="true" version="1" lat="49.99998305131" lon="9.00443718244" />
  <node id="26063" visible="true" version="1" lat="49.99998305104" lon="9.00444415914" />
  <node id="26064" visible="true" version="1" lat="49.99998305078" lon="9.00445113585" />
  <node id="26065" visible="true" version="1" lat="49.99998305051" lon="9.00445811255" />
  <node id="26066" visible="true" version="1" lat="49.99998305024" lon="9.00446508925" />
  <node id="26067" visible="true" version="1" lat="49.99998304997" lon="9.00447206595" />
  <node id="26068" visible="true" version="1" lat="49.9999830497" lon="9.00447904265" />
  <node id="26069" visible="true" version="1" lat="49.99998304943" lon="9.00448601936" />
  <node id="26070" visible="true" version="1" lat="49.99998304916" lon="9.00449299606" />
  <node id="26071" visible="true" version="1" lat="49.99998304889" lon="9.00449997276" />
  <node id="26072" visible="true" version="1" lat="49.99998304862" lon="9.00450694946" />
  <node id="26073" visible="true" version="1" lat="49.99998304835" lon="9.00451392616" />
  <node id="26074" visible="true" version="1" lat="49.99998304808" lon="9.00452090287" />
  <node id="26075" visible="true" version="1" lat="49.99998304781" lon="9.00452787957" />
  <node id="26076" visible="true" version="1" lat="49.99998304754" lon="9.00453485627" />
  <node id="26077" visible="true" version="1" lat="49.99998304726" lon="9.00454183297" />
  <node id="26078" visible="true" version="1" lat="49.99998304699" lon="9.00454880967" />
  <node id="26079" visible="true" version="1" lat="49.99998304672" lon="9.00455578637" />
  <node id="26080" visible="true" version="1" lat="49.99998304644" lon="9.00456276308" />
  <node id="26081" visible="true" version="1" lat="49.99998304617" lon="9.00456973978" />
  <node id="26082" visible="true" version="1" lat="49.99998304589" lon="9.00457671648" />
  <node id="26083" visible="true" version="1" lat="49.99998304562" lon="9.00458369318" />
  <node id="26084" visible="true" version="1" lat="49.99998304534" lon="9.00459066988" />
  <node id="26085" visible="true" version="1" lat="49.99998304506" lon="9.00459764659" />
  <node id="26086" visible="true" version="1" lat="49.99998304479" lon="9.00460462329" />
  <node id="26087" visible="true" version="1" lat="49.99998304451" lon="9.00461159999" />
  <node id="26088" visible="true" version="1" lat="49.99998304423" lon="9.00461857669" />
  <node id="26089" visible="true" version="1" lat="49.99998304396" lon="9.00462555339" />
  <node id="26090" visible="true" version="1" lat="49.99998304368" lon="9.0046325301" />
  <node id="26091" visible="true" version="1" lat="49.9999830434" lon="9.0046395068" />
  <node id="26092" visible="true" version="1" lat="49.99998304312" lon="9.0046464835" />
  <node id="26093" visible="true" version="1" lat="49.99998304284" lon="9.0046534602" />
  <node id="26094" visible="true" version="1" lat="49.99998304256" lon="9.0046604369" />
  <node id="26095" visible="true" version="1" lat="49.99998304228" lon="9.00466741361" />
  <node id="26096" visible="true" version="1" lat="49.999983042" lon="9.00467439031" />
  <node id="26097" visible="true" version="1" lat="49.99998304172" lon="9.00468136701" />
  <node id="26098" visible="true" version="1" lat="49.99998304144" lon="9.00468834371" />
  <node id="26099" visible="true" version="1" lat="49.99998304115" lon="9.00469532041" />
  <node id="26100" visible="true" version="1" lat="49.99998304087" lon="9.00470229712" />
  <node id="26101" visible="true" version="1" lat="49.99998304059" lon="9.00470927382" />
  <node id="26102" visible="true" version="1" lat="49.9999830403" lon="9.00471625052" />
  <node id="26103" visible="true" version="1" lat="49.99998304002" lon="9.00472322722" />
  <node id="26104" visible="true" version="1" lat="49.99998303974" lon="9.00473020392" />
  <node id="26105" visible="true" version="1" lat="49.99998303945" lon="9.00473718063" />
  <node id="26106" visible="true" version="1" lat="49.99998303917" lon="9.00474415733" />
  <node id="26107" visible="true" version="1" lat="49.99998303888" lon="9.00475113403" />
  <node id="26108" visible="true" version="1" lat="49.9999830386" lon="9.00475811073" />
  <node id="26109" visible="true" version="1" lat="49.99998303831" lon="9.00476508743" />
  <node id="26110" visible="true" version="1" lat="49.99998303802" lon="9.00477206413" />
  <node id="26111" visible="true" version="1" lat="49.99998303774" lon="9.00477904084" />
  <node id="26112" visible="true" version="1" lat="49.99998303745" lon="9.00478601754" />
  <node id="26113" visible="true" version="1" lat="49.99998303716" lon="9.00479299424" />
  <node id="26114" visible="true" version="1" lat="49.99998303687" lon="9.00479997094" />
  <node id="26115" visible="true" version="1" lat="49.99998303658" lon="9.00480694764" />
  <node id="26116" visible="true" version="1" lat="49.99998303629" lon="9.00481392435" />
  <node id="26117" visible="true" version="1" lat="49.999983036" lon="9.00482090105" />
  <node id="26118" visible="true" version="1" lat="49.99998303571" lon="9.00482787775" />
  <node id="26119" visible="true" version="1" lat="49.99998303542" lon="9.00483485445" />
  <node id="26120" visible="true" version="1" lat="49.99998303513" lon="9.00484183115" />
  <node id="26121" visible="true" version="1" lat="49.99998303484" lon="9.00484880786" />
  <node id="26122" visible="true" version="1" lat="49.99998303455" lon="9.00485578456" />
  <node id="26123" visible="true" version="1" lat="49.99998303426" lon="9.00486276126" />
  <node id="26124" visible="true" version="1" lat="49.99998303396" lon="9.00486973796" />
  <node id="26125" visible="true" version="1" lat="49.99998303367" lon="9.00487671466" />
  <node id="26126" visible="true" version="1" lat="49.99998303338" lon="9.00488369137" />
  <node id="26127" visible="true" version="1" lat="49.99998303308" lon="9.00489066807" />
  <node id="26128" visible="true" version="1" lat="49.99998303279" lon="9.00489764477" />
  <node id="26129" visible="true" version="1" lat="49.9999830325" lon="9.00490462147" />
  <node id="26130" visible="true" version="1" lat="49.9999830322" lon="9.00491159817" />
  <node id="26131" visible="true" version="1" lat="49.9999830319" lon="9.00491857488" />
  <node id="26132" visible="true" version="1" lat="49.99998303161" lon="9.00492555158" />
  <node id="26133" visible="true" version="1" lat="49.99998303131" lon="9.00493252828" />
  <node id="26134" visible="true" version="1" lat="49.99998303102" lon="9.00493950498" />
  <node id="26135" visible="true" version="1" lat="49.99998303072" lon="9.00494648168" />
  <node id="26136" visible="true" version="1" lat="49.99998303042" lon="9.00495345838" />
  <node id="26137" visible="true" version="1" lat="49.99998303012" lon="9.00496043509" />
  <node id="26138" visible="true" version="1" lat="49.99998302982" lon="9.00496741179" />
  <node id="26139" visible="true" version="1" lat="49.99998302953" lon="9.00497438849" />
  <node id="26140" visible="true" version="1" lat="49.99998302923" lon="9.00498136519" />
  <node id="26141" visible="true" version="1" lat="49.99998302893" lon="9.00498834189" />
  <node id="26142" visible="true" version="1" lat="49.99998302863" lon="9.0049953186" />
  <node id="26143" visible="true" version="1" lat="49.99998302833" lon="9.0050022953" />
  <node id="26144" visible="true" version="1" lat="49.99998302802" lon="9.005009272" />
  <node id="26145" visible="true" version="1" lat="49.99998302772" lon="9.0050162487" />
  <node id="26146" visible="true" version="1" lat="49.99998302742" lon="9.0050232254" />
  <node id="26147" visible="true" version="1" lat="49.99998302712" lon="9.00503020211" />
  <node id="26148" visible="true" version="1" lat="49.99998302682" lon="9.00503717881" />
  <node id="26149" visible="true" version="1" lat="49.99998302651" lon="9.00504415551" />
  <node id="26150" visible="true" version="1" lat="49.99998302621" lon="9.00505113221" />
  <node id="26151" visible="true" version="1" lat="49.99998302591" lon="9.00505810891" />
  <node id="26152" visible="true" version="1" lat="49.9999830256" lon="9.00506508562" />
  <node id="26153" visible="true" version="1" lat="49.9999830253" lon="9.00507206232" />
  <node id="26154" visible="true" version="1" lat="49.99998302499" lon="9.00507903902" />
  <node id="26155" visible="true" version="1" lat="49.99998302469" lon="9.00508601572" />
  <node id="26156" visible="true" version="1" lat="49.99998302438" lon="9.00509299242" />
  <node id="26157" visible="true" version="1" lat="49.99998302407" lon="9.00509996913" />
  <node id="26158" visible="true" version="1" lat="49.99998302377" lon="9.00510694583" />
  <node id="26159" visible="true" version="1" lat="49.99998302346" lon="9.00511392253" />
  <node id="26160" visible="true" version="1" lat="49.99998302315" lon="9.00512089923" />
  <node id="26161" visible="true" version="1" lat="49.99998302284" lon="9.00512787593" />
  <node id="26162" visible="true" version="1" lat="49.99998302254" lon="9.00513485263" />
  <node id="26163" visible="true" version="1" lat="49.99998302223" lon="9.00514182934" />
  <node id="26164" visible="true" version="1" lat="49.99998302192" lon="9.00514880604" />
  <node id="26165" visible="true" version="1" lat="49.99998302161" lon="9.00515578274" />
  <node id="26166" visible="true" version="1" lat="49.9999830213" lon="9.00516275944" />
  <node id="26167" visible="true" version="1" lat="49.99998302099" lon="9.00516973614" />
  <node id="26168" visible="true" version="1" lat="49.99998302068" lon="9.00517671285" />
  <node id="26169" visible="true" version="1" lat="49.99998302036" lon="9.00518368955" />
  <node id="26170" visible="true" version="1" lat="49.99998302005" lon="9.00519066625" />
  <node id="26171" visible="true" version="1" lat="49.99998301974" lon="9.00519764295" />
  <node id="26172" visible="true" version="1" lat="49.99998301943" lon="9.00520461965" />
  <node id="26173" visible="true" version="1" lat="49.99998301911" lon="9.00521159636" />
  <node id="26174" visible="true" version="1" lat="49.9999830188" lon="9.00521857306" />
  <node id="26175" visible="true" version="1" lat="49.99998301849" lon="9.00522554976" />
  <node id="26176" visible="true" version="1" lat="49.99998301817" lon="9.00523252646" />
  <node id="26177" visible="true" version="1" lat="49.99998301786" lon="9.00523950316" />
  <node id="26178" visible="true" version="1" lat="49.99998301754" lon="9.00524647987" />
  <node id="26179" visible="true" version="1" lat="49.99998301723" lon="9.00525345657" />
  <node id="26180" visible="true" version="1" lat="49.99998301691" lon="9.00526043327" />
  <node id="26181" visible="true" version="1" lat="49.99998301659" lon="9.00526740997" />
  <node id="26182" visible="true" version="1" lat="49.99998301628" lon="9.00527438667" />
  <node id="26183" visible="true" version="1" lat="49.99998301596" lon="9.00528136337" />
  <node id="26184" visible="true" version="1" lat="49.99998301564" lon="9.00528834008" />
  <node id="26185" visible="true" version="1" lat="49.99998301532" lon="9.00529531678" />
  <node id="26186" visible="true" version="1" lat="49.999983015" lon="9.00530229348" />
  <node id="26187" visible="true" version="1" lat="49.99998301469" lon="9.00530927018" />
  <node id="26188" visible="true" version="1" lat="49.99998301437" lon="9.00531624688" />
  <node id="26189" visible="true" version="1" lat="49.99998301405" lon="9.00532322359" />
  <node id="26190" visible="true" version="1" lat="49.99998301373" lon="9.00533020029" />
  <node id="26191" visible="true" version="1" lat="49.99998301341" lon="9.00533717699" />
  <node id="26192" visible="true" version="1" lat="49.99998301308" lon="9.00534415369" />
  <node id="26193" visible="true" version="1" lat="49.99998301276" lon="9.00535113039" />
  <node id="26194" visible="true" version="1" lat="49.99998301244" lon="9.0053581071" />
  <node id="26195" visible="true" version="1" lat="49.99998301212" lon="9.0053650838" />
  <node id="26196" visible="true" version="1" lat="49.9999830118" lon="9.0053720605" />
  <node id="26197" visible="true" version="1" lat="49.99998301147" lon="9.0053790372" />
  <node id="26198" visible="true" version="1" lat="49.99998301115" lon="9.0053860139" />
  <node id="26199" visible="true" version="1" lat="49.99998301083" lon="9.00539299061" />
  <node id="26200" visible="true" version="1" lat="49.9999830105" lon="9.00539996731" />
  <node id="26201" visible="true" version="1" lat="49.99998301018" lon="9.00540694401" />
  <node id="26202" visible="true" version="1" lat="49.99998300985" lon="9.00541392071" />
  <node id="26203" visible="true" version="1" lat="49.99998300952" lon="9.00542089741" />
  <node id="26204" visible="true" version="1" lat="49.9999830092" lon="9.00542787412" />
  <node id="26205" visible="true" version="1" lat="49.99998300887" lon="9.00543485082" />
  <node id="26206" visible="true" version="1" lat="49.99998300855" lon="9.00544182752" />
  <node id="26207" visible="true" version="1" lat="49.99998300822" lon="9.00544880422" />
  <node id="26208" visible="true" version="1" lat="49.99998300789" lon="9.00545578092" />
  <node id="26209" visible="true" version="1" lat="49.99998300756" lon="9.00546275762" />
  <node id="26210" visible="true" version="1" lat="49.99998300723" lon="9.00546973433" />
  <node id="26211" visible="true" version="1" lat="49.9999830069" lon="9.00547671103" />
  <node id="26212" visible="true" version="1" lat="49.99998300657" lon="9.00548368773" />
  <node id="26213" visible="true" version="1" lat="49.99998300624" lon="9.00549066443" />
  <node id="26214" visible="true" version="1" lat="49.99998300591" lon="9.00549764113" />
  <node id="26215" visible="true" version="1" lat="49.99998300558" lon="9.00550461784" />
  <node id="26216" visible="true" version="1" lat="49.99998300525" lon="9.00551159454" />
  <node id="26217" visible="true" version="1" lat="49.99998300492" lon="9.00551857124" />
  <node id="26218" visible="true" version="1" lat="49.99998300459" lon="9.00552554794" />
  <node id="26219" visible="true" version="1" lat="49.99998300426" lon="9.00553252464" />
  <node id="26220" visible="true" version="1" lat="49.99998300392" lon="9.00553950135" />
  <node id="26221" visible="true" version="1" lat="49.99998300359" lon="9.00554647805" />
  <node id="26222" visible="true" version="1" lat="49.99998300326" lon="9.00555345475" />
  <node id="26223" visible="true" version="1" lat="49.99998300292" lon="9.00556043145" />
  <node id="26224" visible="true" version="1" lat="49.99998300259" lon="9.00556740815" />
  <node id="26225" visible="true" version="1" lat="49.99998300225" lon="9.00557438486" />
  <node id="26226" visible="true" version="1" lat="49.99998300192" lon="9.00558136156" />
  <node id="26227" visible="true" version="1" lat="49.99998300158" lon="9.00558833826" />
  <node id="26228" visible="true" version="1" lat="49.99998300125" lon="9.00559531496" />
  <node id="26229" visible="true" version="1" lat="49.99998300091" lon="9.00560229166" />
  <node id="26230" visible="true" version="1" lat="49.99998300057" lon="9.00560926836" />
  <node id="26231" visible="true" version="1" lat="49.99998300023" lon="9.00561624507" />
  <node id="26232" visible="true" version="1" lat="49.9999829999" lon="9.00562322177" />
  <node id="26233" visible="true" version="1" lat="49.99998299956" lon="9.00563019847" />
  <node id="26234" visible="true" version="1" lat="49.99998299922" lon="9.00563717517" />
  <node id="26235" visible="true" version="1" lat="49.99998299888" lon="9.00564415187" />
  <node id="26236" visible="true" version="1" lat="49.99998299854" lon="9.00565112858" />
  <node id="26237" visible="true" version="1" lat="49.9999829982" lon="9.00565810528" />
  <node id="26238" visible="true" version="1" lat="49.99998299786" lon="9.00566508198" />
  <node id="26239" visible="true" version="1" lat="49.99998299752" lon="9.00567205868" />
  <node id="26240" visible="true" version="1" lat="49.99998299718" lon="9.00567903538" />
  <node id="26241" visible="true" version="1" lat="49.99998299684" lon="9.00568601209" />
  <node id="26242" visible="true" version="1" lat="49.99998299649" lon="9.00569298879" />
  <node id="26243" visible="true" version="1" lat="49.99998299615" lon="9.00569996549" />
  <node id="26244" visible="true" version="1" lat="49.99998299581" lon="9.00570694219" />
  <node id="26245" visible="true" version="1" lat="49.99998299547" lon="9.00571391889" />
  <node id="26246" visible="true" version="1" lat="49.99998299512" lon="9.0057208956" />
  <node id="26247" visible="true" version="1" lat="49.99998299478" lon="9.0057278723" />
  <node id="26248" visible="true" version="1" lat="49.99998299443" lon="9.005734849" />
  <node id="26249" visible="true" version="1" lat="49.99998299409" lon="9.0057418257" />
  <node id="26250" visible="true" version="1" lat="49.99998299374" lon="9.0057488024" />
  <node id="26251" visible="true" version="1" lat="49.9999829934" lon="9.0057557791" />
  <node id="26252" visible="true" version="1" lat="49.99998299305" lon="9.00576275581" />
  <node id="26253" visible="true" version="1" lat="49.9999829927" lon="9.00576973251" />
  <node id="26254" visible="true" version="1" lat="49.99998299236" lon="9.00577670921" />
  <node id="26255" visible="true" version="1" lat="49.99998299201" lon="9.00578368591" />
  <node id="26256" visible="true" version="1" lat="49.99998299166" lon="9.00579066261" />
  <node id="26257" visible="true" version="1" lat="49.99998299131" lon="9.00579763932" />
  <node id="26258" visible="true" version="1" lat="49.99998299096" lon="9.00580461602" />
  <node id="26259" visible="true" version="1" lat="49.99998299061" lon="9.00581159272" />
  <node id="26260" visible="true" version="1" lat="49.99998299027" lon="9.00581856942" />
  <node id="26261" visible="true" version="1" lat="49.99998298992" lon="9.00582554612" />
  <node id="26262" visible="true" version="1" lat="49.99998298956" lon="9.00583252283" />
  <node id="26263" visible="true" version="1" lat="49.99998298921" lon="9.00583949953" />
  <node id="26264" visible="true" version="1" lat="49.99998298886" lon="9.00584647623" />
  <node id="26265" visible="true" version="1" lat="49.99998298851" lon="9.00585345293" />
  <node id="26266" visible="true" version="1" lat="49.99998298816" lon="9.00586042963" />
  <node id="26267" visible="true" version="1" lat="49.99998298781" lon="9.00586740634" />
  <node id="26268" visible="true" version="1" lat="49.99998298745" lon="9.00587438304" />
  <node id="26269" visible="true" version="1" lat="49.9999829871" lon="9.00588135974" />
  <node id="26270" visible="true" version="1" lat="49.99998298675" lon="9.00588833644" />
  <node id="26271" visible="true" version="1" lat="49.99998298639" lon="9.00589531314" />
  <node id="26272" visible="true" version="1" lat="49.99998298604" lon="9.00590228984" />
  <node id="26273" visible="true" version="1" lat="49.99998298568" lon="9.00590926655" />
  <node id="26274" visible="true" version="1" lat="49.99998298533" lon="9.00591624325" />
  <node id="26275" visible="true" version="1" lat="49.99998298497" lon="9.00592321995" />
  <node id="26276" visible="true" version="1" lat="49.99998298461" lon="9.00593019665" />
  <node id="26277" visible="true" version="1" lat="49.99998298426" lon="9.00593717335" />
  <node id="26278" visible="true" version="1" lat="49.9999829839" lon="9.00594415006" />
  <node id="26279" visible="true" version="1" lat="49.99998298354" lon="9.00595112676" />
  <node id="26280" visible="true" version="1" lat="49.99998298318" lon="9.00595810346" />
  <node id="26281" visible="true" version="1" lat="49.99998298283" lon="9.00596508016" />
  <node id="26282" visible="true" version="1" lat="49.99998298247" lon="9.00597205686" />
  <node id="26283" visible="true" version="1" lat="49.99998298211" lon="9.00597903357" />
  <node id="26284" visible="true" version="1" lat="49.99998298175" lon="9.00598601027" />
  <node id="26285" visible="true" version="1" lat="49.99998298139" lon="9.00599298697" />
  <node id="26286" visible="true" version="1" lat="49.99998298103" lon="9.00599996367" />
  <node id="26287" visible="true" version="1" lat="49.99998298067" lon="9.00600694037" />
  <node id="26288" visible="true" version="1" lat="49.99998298031" lon="9.00601391708" />
  <node id="26289" visible="true" version="1" lat="49.99998297994" lon="9.00602089378" />
  <node id="26290" visible="true" version="1" lat="49.99998297958" lon="9.00602787048" />
  <node id="26291" visible="true" version="1" lat="49.99998297922" lon="9.00603484718" />
  <node id="26292" visible="true" version="1" lat="49.99998297886" lon="9.00604182388" />
  <node id="26293" visible="true" version="1" lat="49.99998297849" lon="9.00604880058" />
  <node id="26294" visible="true" version="1" lat="49.99998297813" lon="9.00605577729" />
  <node id="26295" visible="true" version="1" lat="49.99998297776" lon="9.00606275399" />
  <node id="26296" visible="true" version="1" lat="49.9999829774" lon="9.00606973069" />
  <node id="26297" visible="true" version="1" lat="49.99998297703" lon="9.00607670739" />
  <node id="26298" visible="true" version="1" lat="49.99998297667" lon="9.00608368409" />
  <node id="26299" visible="true" version="1" lat="49.9999829763" lon="9.0060906608" />
  <node id="26300" visible="true" version="1" lat="49.99998297594" lon="9.0060976375" />
  <node id="26301" visible="true" version="1" lat="49.99998297557" lon="9.0061046142" />
  <node id="26302" visible="true" version="1" lat="49.9999829752" lon="9.0061115909" />
  <node id="26303" visible="true" version="1" lat="49.99998297483" lon="9.0061185676" />
  <node id="26304" visible="true" version="1" lat="49.99998297447" lon="9.00612554431" />
  <node id="26305" visible="true" version="1" lat="49.9999829741" lon="9.00613252101" />
  <node id="26306" visible="true" version="1" lat="49.99998297373" lon="9.00613949771" />
  <node id="26307" visible="true" version="1" lat="49.99998297336" lon="9.00614647441" />
  <node id="26308" visible="true" version="1" lat="49.99998297299" lon="9.00615345111" />
  <node id="26309" visible="true" version="1" lat="49.99998297262" lon="9.00616042782" />
  <node id="26310" visible="true" version="1" lat="49.99998297225" lon="9.00616740452" />
  <node id="26311" visible="true" version="1" lat="49.99998297188" lon="9.00617438122" />
  <node id="26312" visible="true" version="1" lat="49.99998297151" lon="9.00618135792" />
  <node id="26313" visible="true" version="1" lat="49.99998297113" lon="9.00618833462" />
  <node id="26314" visible="true" version="1" lat="49.99998297076" lon="9.00619531132" />
  <node id="26315" visible="true" version="1" lat="49.99998297039" lon="9.00620228803" />
  <node id="26316" visible="true" version="1" lat="49.99998297002" lon="9.00620926473" />
  <node id="26317" visible="true" version="1" lat="49.99998296964" lon="9.00621624143" />
  <node id="26318" visible="true" version="1" lat="49.99998296927" lon="9.00622321813" />
  <node id="26319" visible="true" version="1" lat="49.99998296889" lon="9.00623019483" />
  <node id="26320" visible="true" version="1" lat="49.99998296852" lon="9.00623717154" />
  <node id="26321" visible="true" version="1" lat="49.99998296814" lon="9.00624414824" />
  <node id="26322" visible="true" version="1" lat="49.99998296777" lon="9.00625112494" />
  <node id="26323" visible="true" version="1" lat="49.99998296739" lon="9.00625810164" />
  <node id="26324" visible="true" version="1" lat="49.99998296702" lon="9.00626507834" />
  <node id="26325" visible="true" version="1" lat="49.99998296664" lon="9.00627205505" />
  <node id="26326" visible="true" version="1" lat="49.99998296626" lon="9.00627903175" />
  <node id="26327" visible="true" version="1" lat="49.99998296588" lon="9.00628600845" />
  <node id="26328" visible="true" version="1" lat="49.99998296551" lon="9.00629298515" />
  <node id="26329" visible="true" version="1" lat="49.99998296513" lon="9.00629996185" />
  <node id="26330" visible="true" version="1" lat="49.99998296475" lon="9.00630693856" />
  <node id="26331" visible="true" version="1" lat="49.99998296437" lon="9.00631391526" />
  <node id="26332" visible="true" version="1" lat="49.99998296399" lon="9.00632089196" />
  <node id="26333" visible="true" version="1" lat="49.99998296361" lon="9.00632786866" />
  <node id="26334" visible="true" version="1" lat="49.99998296323" lon="9.00633484536" />
  <node id="26335" visible="true" version="1" lat="49.99998296285" lon="9.00634182206" />
  <node id="26336" visible="true" version="1" lat="49.99998296247" lon="9.00634879877" />
  <node id="26337" visible="true" version="1" lat="49.99998296208" lon="9.00635577547" />
  <node id="26338" visible="true" version="1" lat="49.9999829617" lon="9.00636275217" />
  <node id="26339" visible="true" version="1" lat="49.99998296132" lon="9.00636972887" />
  <node id="26340" visible="true" version="1" lat="49.99998296094" lon="9.00637670557" />
  <node id="26341" visible="true" version="1" lat="49.99998296055" lon="9.00638368228" />
  <node id="26342" visible="true" version="1" lat="49.99998296017" lon="9.00639065898" />
  <node id="26343" visible="true" version="1" lat="49.99998295978" lon="9.00639763568" />
  <node id="26344" visible="true" version="1" lat="49.9999829594" lon="9.00640461238" />
  <node id="26345" visible="true" version="1" lat="49.99998295901" lon="9.00641158908" />
  <node id="26346" visible="true" version="1" lat="49.99998295863" lon="9.00641856579" />
  <node id="26347" visible="true" version="1" lat="49.99998295824" lon="9.00642554249" />
  <node id="26348" visible="true" version="1" lat="49.99998295785" lon="9.00643251919" />
  <node id="26349" visible="true" version="1" lat="49.99998295747" lon="9.00643949589" />
  <node id="26350" visible="true" version="1" lat="49.99998295708" lon="9.00644647259" />
  <node id="26351" visible="true" version="1" lat="49.99998295669" lon="9.0064534493" />
  <node id="26352" visible="true" version="1" lat="49.9999829563" lon="9.006460426" />
  <node id="26353" visible="true" version="1" lat="49.99998295592" lon="9.0064674027" />
  <node id="26354" visible="true" version="1" lat="49.99998295553" lon="9.0064743794" />
  <node id="26355" visible="true" version="1" lat="49.99998295514" lon="9.0064813561" />
  <node id="26356" visible="true" version="1" lat="49.99998295475" lon="9.0064883328" />
  <node id="26357" visible="true" version="1" lat="49.99998295436" lon="9.00649530951" />
  <node id="26358" visible="true" version="1" lat="49.99998295397" lon="9.00650228621" />
  <node id="26359" visible="true" version="1" lat="49.99998295358" lon="9.00650926291" />
  <node id="26360" visible="true" version="1" lat="49.99998295318" lon="9.00651623961" />
  <node id="26361" visible="true" version="1" lat="49.99998295279" lon="9.00652321631" />
  <node id="26362" visible="true" version="1" lat="49.9999829524" lon="9.00653019302" />
  <node id="26363" visible="true" version="1" lat="49.99998295201" lon="9.00653716972" />
  <node id="26364" visible="true" version="1" lat="49.99998295161" lon="9.00654414642" />
  <node id="26365" visible="true" version="1" lat="49.99998295122" lon="9.00655112312" />
  <node id="26366" visible="true" version="1" lat="49.99998295083" lon="9.00655809982" />
  <node id="26367" visible="true" version="1" lat="49.99998295043" lon="9.00656507653" />
  <node id="26368" visible="true" version="1" lat="49.99998295004" lon="9.00657205323" />
  <node id="26369" visible="true" version="1" lat="49.99998294964" lon="9.00657902993" />
  <node id="26370" visible="true" version="1" lat="49.99998294924" lon="9.00658600663" />
  <node id="26371" visible="true" version="1" lat="49.99998294885" lon="9.00659298333" />
  <node id="26372" visible="true" version="1" lat="49.99998294845" lon="9.00659996003" />
  <node id="26373" visible="true" version="1" lat="49.99998294805" lon="9.00660693674" />
  <node id="26374" visible="true" version="1" lat="49.99998294766" lon="9.00661391344" />
  <node id="26375" visible="true" version="1" lat="49.99998294726" lon="9.00662089014" />
  <node id="26376" visible="true" version="1" lat="49.99998294686" lon="9.00662786684" />
  <node id="26377" visible="true" version="1" lat="49.99998294646" lon="9.00663484354" />
  <node id="26378" visible="true" version="1" lat="49.99998294606" lon="9.00664182025" />
  <node id="26379" visible="true" version="1" lat="49.99998294566" lon="9.00664879695" />
  <node id="26380" visible="true" version="1" lat="49.99998294526" lon="9.00665577365" />
  <node id="26381" visible="true" version="1" lat="49.99998294486" lon="9.00666275035" />
  <node id="26382" visible="true" version="1" lat="49.99998294446" lon="9.00666972705" />
  <node id="26383" visible="true" version="1" lat="49.99998294406" lon="9.00667670376" />
  <node id="26384" visible="true" version="1" lat="49.99998294366" lon="9.00668368046" />
  <node id="26385" visible="true" version="1" lat="49.99998294326" lon="9.00669065716" />
  <node id="26386" visible="true" version="1" lat="49.99998294286" lon="9.00669763386" />
  <node id="26387" visible="true" version="1" lat="49.99998294245" lon="9.00670461056" />
  <node id="26388" visible="true" version="1" lat="49.99998294205" lon="9.00671158727" />
  <node id="26389" visible="true" version="1" lat="49.99998294165" lon="9.00671856397" />
  <node id="26390" visible="true" version="1" lat="49.99998294124" lon="9.00672554067" />
  <node id="26391" visible="true" version="1" lat="49.99998294084" lon="9.00673251737" />
  <node id="26392" visible="true" version="1" lat="49.99998294043" lon="9.00673949407" />
  <node id="26393" visible="true" version="1" lat="49.99998294003" lon="9.00674647077" />
  <node id="26394" visible="true" version="1" lat="49.99998293962" lon="9.00675344748" />
  <node id="26395" visible="true" version="1" lat="49.99998293921" lon="9.00676042418" />
  <node id="26396" visible="true" version="1" lat="49.99998293881" lon="9.00676740088" />
  <node id="26397" visible="true" version="1" lat="49.9999829384" lon="9.00677437758" />
  <node id="26398" visible="true" version="1" lat="49.99998293799" lon="9.00678135428" />
  <node id="26399" visible="true" version="1" lat="49.99998293758" lon="9.00678833099" />
  <node id="26400" visible="true" version="1" lat="49.99998293718" lon="9.00679530769" />
  <node id="26401" visible="true" version="1" lat="49.99998293677" lon="9.00680228439" />
  <node id="26402" visible="true" version="1" lat="49.99998293636" lon="9.00680926109" />
  <node id="26403" visible="true" version="1" lat="49.99998293595" lon="9.00681623779" />
  <node id="26404" visible="true" version="1" lat="49.99998293554" lon="9.0068232145" />
  <node id="26405" visible="true" version="1" lat="49.99998293513" lon="9.0068301912" />
  <node id="26406" visible="true" version="1" lat="49.99998293472" lon="9.0068371679" />
  <node id="26407" visible="true" version="1" lat="49.99998293431" lon="9.0068441446" />
  <node id="26408" visible="true" version="1" lat="49.99998293389" lon="9.0068511213" />
  <node id="26409" visible="true" version="1" lat="49.99998293348" lon="9.006858098" />
  <node id="26410" visible="true" version="1" lat="49.99998293307" lon="9.00686507471" />
  <node id="26411" visible="true" version="1" lat="49.99998293266" lon="9.00687205141" />
  <node id="26412" visible="true" version="1" lat="49.99998293224" lon="9.00687902811" />
  <node id="26413" visible="true" version="1" lat="49.99998293183" lon="9.00688600481" />
  <node id="26414" visible="true" version="1" lat="49.99998293142" lon="9.00689298151" />
  <node id="26415" visible="true" version="1" lat="49.999982931" lon="9.00689995822" />
  <node id="26416" visible="true" version="1" lat="49.99998293059" lon="9.00690693492" />
  <node id="26417" visible="true" version="1" lat="49.99998293017" lon="9.00691391162" />
  <node id="26418" visible="true" version="1" lat="49.99998292975" lon="9.00692088832" />
  <node id="26419" visible="true" version="1" lat="49.99998292934" lon="9.00692786502" />
  <node id="26420" visible="true" version="1" lat="49.99998292892" lon="9.00693484173" />
  <node id="26421" visible="true" version="1" lat="49.9999829285" lon="9.00694181843" />
  <node id="26422" visible="true" version="1" lat="49.99998292809" lon="9.00694879513" />
  <node id="26423" visible="true" version="1" lat="49.99998292767" lon="9.00695577183" />
  <node id="26424" visible="true" version="1" lat="49.99998292725" lon="9.00696274853" />
  <node id="26425" visible="true" version="1" lat="49.99998292683" lon="9.00696972523" />
  <node id="26426" visible="true" version="1" lat="49.99998292641" lon="9.00697670194" />
  <node id="26428" visible="true" version="1" lat="50" lon="9" />
  <node id="26429" visible="true" version="1" lat="50" lon="9.0000069767" />
  <node id="26430" visible="true" version="1" lat="50" lon="9.00001395341" />
  <node id="26431" visible="true" version="1" lat="50" lon="9.00002093011" />
  <node id="26432" visible="true" version="1" lat="50" lon="9.00002790682" />
  <node id="26433" visible="true" version="1" lat="49.99999999999" lon="9.00003488352" />
  <node id="26434" visible="true" version="1" lat="49.99999999999" lon="9.00004186023" />
  <node id="26435" visible="true" version="1" lat="49.99999999999" lon="9.00004883693" />
  <node id="26436" visible="true" version="1" lat="49.99999999999" lon="9.00005581364" />
  <node id="26437" visible="true" version="1" lat="49.99999999998" lon="9.00006279034" />
  <node id="26438" visible="true" version="1" lat="49.99999999998" lon="9.00006976704" />
  <node id="26439" visible="true" version="1" lat="49.99999999997" lon="9.00007674375" />
  <node id="26440" visible="true" version="1" lat="49.99999999997" lon="9.00008372045" />
  <node id="26441" visible="true" version="1" lat="49.99999999996" lon="9.00009069716" />
  <node id="26442" visible="true" version="1" lat="49.99999999996" lon="9.00009767386" />
  <node id="26443" visible="true" version="1" lat="49.99999999995" lon="9.00010465057" />
  <node id="26444" visible="true" version="1" lat="49.99999999995" lon="9.00011162727" />
  <node id="26445" visible="true" version="1" lat="49.99999999994" lon="9.00011860397" />
  <node id="26446" visible="true" version="1" lat="49.99999999993" lon="9.00012558068" />
  <node id="26447" visible="true" version="1" lat="49.99999999992" lon="9.00013255738" />
  <node id="26448" visible="true" version="1" lat="49.99999999992" lon="9.00013953409" />
  <node id="26449" visible="true" version="1" lat="49.99999999991" lon="9.00014651079" />
  <node id="26450" visible="true" version="1" lat="49.9999999999" lon="9.0001534875" />
  <node id="26451" visible="true" version="1" lat="49.99999999989" lon="9.0001604642" />
  <node id="26452" visible="true" version="1" lat="49.99999999988" lon="9.00016744091" />
  <node id="26453" visible="true" version="1" lat="49.99999999987" lon="9.00017441761" />
  <node id="26454" visible="true" version="1" lat="49.99999999986" lon="9.00018139431" />
  <node id="26455" visible="true" version="1" lat="49.99999999985" lon="9.00018837102" />
  <node id="26456" visible="true" version="1" lat="49.99999999984" lon="9.00019534772" />
  <node id="26457" visible="true" version="1" lat="49.99999999982" lon="9.00020232443" />
  <node id="26458" visible="true" version="1" lat="49.99999999981" lon="9.00020930113" />
  <node id="26459" visible="true" version="1" lat="49.9999999998" lon="9.00021627784" />
  <node id="26460" visible="true" version="1" lat="49.99999999979" lon="9.00022325454" />
  <node id="26461" visible="true" version="1" lat="49.99999999977" lon="9.00023023125" />
  <node id="26462" visible="true" version="1" lat="49.99999999976" lon="9.00023720795" />
  <node id="26463" visible="true" version="1" lat="49.99999999974" lon="9.00024418465" />
  <node id="26464" visible="true" version="1" lat="49.99999999973" lon="9.00025116136" />
  <node id="26465" visible="true" version="1" lat="49.99999999971" lon="9.00025813806" />
  <node id="26466" visible="true" version="1" lat="49.9999999997" lon="9.00026511477" />
  <node id="26467" visible="true" version="1" lat="49.99999999968" lon="9.00027209147" />
  <node id="26468" visible="true" version="1" lat="49.99999999966" lon="9.00027906818" />
  <node id="26469" visible="true" version="1" lat="49.99999999965" lon="9.00028604488" />
  <node id="26470" visible="true" version="1" lat="49.99999999963" lon="9.00029302158" />
  <node id="26471" visible="true" version="1" lat="49.99999999961" lon="9.00029999829" />
  <node id="26472" visible="true" version="1" lat="49.99999999959" lon="9.00030697499" />
  <node id="26473" visible="true" version="1" lat="49.99999999958" lon="9.0003139517" />
  <node id="26474" visible="true" version="1" lat="49.99999999956" lon="9.0003209284" />
  <node id="26475" visible="true" version="1" lat="49.99999999954" lon="9.00032790511" />
  <node id="26476" visible="true" version="1" lat="49.99999999952" lon="9.00033488181" />
  <node id="26477" visible="true" version="1" lat="49.9999999995" lon="9.00034185852" />
  <node id="26478" visible="true" version="1" lat="49.99999999948" lon="9.00034883522" />
  <node id="26479" visible="true" version="1" lat="49.99999999945" lon="9.00035581192" />
  <node id="26480" visible="true" version="1" lat="49.99999999943" lon="9.00036278863" />
  <node id="26481" visible="true" version="1" lat="49.99999999941" lon="9.00036976533" />
  <node id="26482" visible="true" version="1" lat="49.99999999939" lon="9.00037674204" />
  <node id="26483" visible="true" version="1" lat="49.99999999937" lon="9.00038371874" />
  <node id="26484" visible="true" version="1" lat="49.99999999934" lon="9.00039069545" />
  <node id="26485" visible="true" version="1" lat="49.99999999932" lon="9.00039767215" />
  <node id="26486" visible="true" version="1" lat="49.99999999929" lon="9.00040464886" />
  <node id="26487" visible="true" version="1" lat="49.99999999927" lon="9.00041162556" />
  <node id="26488" visible="true" version="1" lat="49.99999999924" lon="9.00041860226" />
  <node id="26489" visible="true" version="1" lat="49.99999999922" lon="9.00042557897" />
  <node id="26490" visible="true" version="1" lat="49.99999999919" lon="9.00043255567" />
  <node id="26491" visible="true" version="1" lat="49.99999999917" lon="9.00043953238" />
  <node id="26492" visible="true" version="1" lat="49.99999999914" lon="9.00044650908" />
  <node id="26493" visible="true" version="1" lat="49.99999999911" lon="9.00045348579" />
  <node id="26494" visible="true" version="1" lat="49.99999999909" lon="9.00046046249" />
  <node id="26495" visible="true" version="1" lat="49.99999999906" lon="9.0004674392" />
  <node id="26496" visible="true" version="1" lat="49.99999999903" lon="9.0004744159" />
  <node id="26497" visible="true" version="1" lat="49.999999999" lon="9.0004813926" />
  <node id="26498" visible="true" version="1" lat="49.99999999897" lon="9.00048836931" />
  <node id="26499" visible="true" version="1" lat="49.99999999894" lon="9.00049534601" />
  <node id="26500" visible="true" version="1" lat="49.99999999891" lon="9.00050232272" />
  <node id="26501" visible="true" version="1" lat="49.99999999888" lon="9.00050929942" />
  <node id="26502" visible="true" version="1" lat="49.99999999885" lon="9.00051627613" />
  <node id="26503" visible="true" version="1" lat="49.99999999882" lon="9.00052325283" />
  <node id="26504" visible="true" version="1" lat="49.99999999879" lon="9.00053022953" />
  <node id="26505" visible="true" version="1" lat="49.99999999876" lon="9.00053720624" />
  <node id="26506" visible="true" version="1" lat="49.99999999872" lon="9.00054418294" />
  <node id="26507" visible="true" version="1" lat="49.99999999869" lon="9.00055115965" />
  <node id="26508" visible="true" version="1" lat="49.99999999866" lon="9.00055813635" />
  <node id="26509" visible="true" version="1" lat="49.99999999862" lon="9.00056511306" />
  <node id="26510" visible="true" version="1" lat="49.99999999859" lon="9.00057208976" />
  <node id="26511" visible="true" version="1" lat="49.99999999856" lon="9.00057906647" />
  <node id="26512" visible="true" version="1" lat="49.99999999852" lon="9.00058604317" />
  <node id="26513" visible="true" version="1" lat="49.99999999848" lon="9.00059301987" />
  <node id="26514" visible="true" version="1" lat="49.99999999845" lon="9.00059999658" />
  <node id="26515" visible="true" version="1" lat="49.99999999841" lon="9.00060697328" />
  <node id="26516" visible="true" version="1" lat="49.99999999838" lon="9.00061394999" />
  <node id="26517" visible="true" version="1" lat="49.99999999834" lon="9.00062092669" />
  <node id="26518" visible="true" version="1" lat="49.9999999983" lon="9.0006279034" />
  <node id="26519" visible="true" version="1" lat="49.99999999826" lon="9.0006348801" />
  <node id="26520" visible="true" version="1" lat="49.99999999822" lon="9.00064185681" />
  <node id="26521" visible="true" version="1" lat="49.99999999819" lon="9.00064883351" />
  <node id="26522" visible="true" version="1" lat="49.99999999815" lon="9.00065581021" />
  <node id="26523" visible="true" version="1" lat="49.99999999811" lon="9.00066278692" />
  <node id="26524" visible="true" version="1" lat="49.99999999807" lon="9.00066976362" />
  <node id="26525" visible="true" version="1" lat="49.99999999803" lon="9.00067674033" />
  <node id="26526" visible="true" version="1" lat="49.99999999799" lon="9.00068371703" />
  <node id="26527" visible="true" version="1" lat="49.99999999794" lon="9.00069069374" />
  <node id="26528" visible="true" version="1" lat="49.9999999979" lon="9.00069767044" />
  <node id="26529" visible="true" version="1" lat="49.99999999786" lon="9.00070464714" />
  <node id="26530" visible="true" version="1" lat="49.99999999782" lon="9.00071162385" />
  <node id="26531" visible="true" version="1" lat="49.99999999777" lon="9.00071860055" />
  <node id="26532" visible="true" version="1" lat="49.99999999773" lon="9.00072557726" />
  <node id="26533" visible="true" version="1" lat="49.99999999769" lon="9.00073255396" />
  <node id="26534" visible="true" version="1" lat="49.99999999764" lon="9.00073953067" />
  <node id="26535" visible="true" version="1" lat="49.9999999976" lon="9.00074650737" />
  <node id="26536" visible="true" version="1" lat="49.99999999755" lon="9.00075348408" />
  <node id="26537" visible="true" version="1" lat="49.99999999751" lon="9.00076046078" />
  <node id="26538" visible="true" version="1" lat="49.99999999746" lon="9.00076743748" />
  <node id="26539" visible="true" version="1" lat="49.99999999742" lon="9.00077441419" />
  <node id="26540" visible="true" version="1" lat="49.99999999737" lon="9.00078139089" />
  <node id="26541" visible="true" version="1" lat="49.99999999732" lon="9.0007883676" />
  <node id="26542" visible="true" version="1" lat="49.99999999727" lon="9.0007953443" />
  <node id="26543" visible="true" version="1" lat="49.99999999723" lon="9.00080232101" />
  <node id="26544" visible="true" version="1" lat="49.99999999718" lon="9.00080929771" />
  <node id="26545" visible="true" version="1" lat="49.99999999713" lon="9.00081627442" />
  <node id="26546" visible="true" version="1" lat="49.99999999708" lon="9.00082325112" />
  <node id="26547" visible="true" version="1" lat="49.99999999703" lon="9.00083022782" />
  <node id="26548" visible="true" version="1" lat="49.99999999698" lon="9.00083720453" />
  <node id="26549" visible="true" version="1" lat="49.99999999693" lon="9.00084418123" />
  <node id="26550" visible="true" version="1" lat="49.99999999688" lon="9.00085115794" />
  <node id="26551" visible="true" version="1" lat="49.99999999683" lon="9.00085813464" />
  <node id="26552" visible="true" version="1" lat="49.99999999678" lon="9.00086511135" />
  <node id="26553" visible="true" version="1" lat="49.99999999672" lon="9.00087208805" />
  <node id="26554" visible="true" version="1" lat="49.99999999667" lon="9.00087906475" />
  <node id="26555" visible="true" version="1" lat="49.99999999662" lon="9.00088604146" />
  <node id="26556" visible="true" version="1" lat="49.99999999656" lon="9.00089301816" />
  <node id="26557" visible="true" version="1" lat="49.99999999651" lon="9.00089999487" />
  <node id="26558" visible="true" version="1" lat="49.99999999646" lon="9.00090697157" />
  <node id="26559" visible="true" version="1" lat="49.9999999964" lon="9.00091394828" />
  <node id="26560" visible="true" version="1" lat="49.99999999635" lon="9.00092092498" />
  <node id="26561" visible="true" version="1" lat="49.99999999629" lon="9.00092790169" />
  <node id="26562" visible="true" version="1" lat="49.99999999623" lon="9.00093487839" />
  <node id="26563" visible="true" version="1" lat="49.99999999618" lon="9.00094185509" />
  <node id="26564" visible="true" version="1" lat="49.99999999612" lon="9.0009488318" />
  <node id="26565" visible="true" version="1" lat="49.99999999606" lon="9.0009558085" />
  <node id="26566" visible="true" version="1" lat="49.99999999601" lon="9.00096278521" />
  <node id="26567" visible="true" version="1" lat="49.99999999595" lon="9.00096976191" />
  <node id="26568" visible="true" version="1" lat="49.99999999589" lon="9.00097673862" />
  <node id="26569" visible="true" version="1" lat="49.99999999583" lon="9.00098371532" />
  <node id="26570" visible="true" version="1" lat="49.99999999577" lon="9.00099069203" />
  <node id="26571" visible="true" version="1" lat="49.99999999571" lon="9.00099766873" />
  <node id="26572" visible="true" version="1" lat="49.99999999565" lon="9.00100464543" />
  <node id="26573" visible="true" version="1" lat="49.99999999559" lon="9.00101162214" />
  <node id="26574" visible="true" version="1" lat="49.99999999553" lon="9.00101859884" />
  <node id="26575" visible="true" version="1" lat="49.99999999547" lon="9.00102557555" />
  <node id="26576" visible="true" version="1" lat="49.99999999541" lon="9.00103255225" />
  <node id="26577" visible="true" version="1" lat="49.99999999534" lon="9.00103952896" />
  <node id="26578" visible="true" version="1" lat="49.99999999528" lon="9.00104650566" />
  <node id="26579" visible="true" version="1" lat="49.99999999522" lon="9.00105348236" />
  <node id="26580" visible="true" version="1" lat="49.99999999515" lon="9.00106045907" />
  <node id="26581" visible="true" version="1" lat="49.99999999509" lon="9.00106743577" />
  <node id="26582" visible="true" version="1" lat="49.99999999503" lon="9.00107441248" />
  <node id="26583" visible="true" version="1" lat="49.99999999496" lon="9.00108138918" />
  <node id="26584" visible="true" version="1" lat="49.9999999949" lon="9.00108836589" />
  <node id="26585" visible="true" version="1" lat="49.99999999483" lon="9.00109534259" />
  <node id="26586" visible="true" version="1" lat="49.99999999476" lon="9.0011023193" />
  <node id="26587" visible="true" version="1" lat="49.9999999947" lon="9.001109296" />
  <node id="26588" visible="true" version="1" lat="49.99999999463" lon="9.0011162727" />
  <node id="26589" visible="true" version="1" lat="49.99999999456" lon="9.00112324941" />
  <node id="26590" visible="true" version="1" lat="49.9999999945" lon="9.00113022611" />
  <node id="26591" visible="true" version="1" lat="49.99999999443" lon="9.00113720282" />
  <node id="26592" visible="true" version="1" lat="49.99999999436" lon="9.00114417952" />
  <node id="26593" visible="true" version="1" lat="49.99999999429" lon="9.00115115623" />
  <node id="26594" visible="true" version="1" lat="49.99999999422" lon="9.00115813293" />
  <node id="26595" visible="true" version="1" lat="49.99999999415" lon="9.00116510964" />
  <node id="26596" visible="true" version="1" lat="49.99999999408" lon="9.00117208634" />
  <node id="26597" visible="true" version="1" lat="49.99999999401" lon="9.00117906304" />
  <node id="26598" visible="true" version="1" lat="49.99999999394" lon="9.00118603975" />
  <node id="26599" visible="true" version="1" lat="49.99999999387" lon="9.00119301645" />
  <node id="26600" visible="true" version="1" lat="49.9999999938" lon="9.00119999316" />
  <node id="26601" visible="true" version="1" lat="49.99999999372" lon="9.00120696986" />
  <node id="26602" visible="true" version="1" lat="49.99999999365" lon="9.00121394657" />
  <node id="26603" visible="true" version="1" lat="49.99999999358" lon="9.00122092327" />
  <node id="26604" visible="true" version="1" lat="49.9999999935" lon="9.00122789998" />
  <node id="26605" visible="true" version="1" lat="49.99999999343" lon="9.00123487668" />
  <node id="26606" visible="true" version="1" lat="49.99999999335" lon="9.00124185338" />
  <node id="26607" visible="true" version="1" lat="49.99999999328" lon="9.00124883009" />
  <node id="26608" visible="true" version="1" lat="49.9999999932" lon="9.00125580679" />
  <node id="26609" visible="true" version="1" lat="49.99999999313" lon="9.0012627835" />
  <node id="26610" visible="true" version="1" lat="49.99999999305" lon="9.0012697602" />
  <node id="26611" visible="true" version="1" lat="49.99999999298" lon="9.00127673691" />
  <node id="26612" visible="true" version="1" lat="49.9999999929" lon="9.00128371361" />
  <node id="26613" visible="true" version="1" lat="49.99999999282" lon="9.00129069031" />
  <node id="26614" visible="true" version="1" lat="49.99999999274" lon="9.00129766702" />
  <node id="26615" visible="true" version="1" lat="49.99999999267" lon="9.00130464372" />
  <node id="26616" visible="true" version="1" lat="49.99999999259" lon="9.00131162043" />
  <node id="26617" visible="true" version="1" lat="49.99999999251" lon="9.00131859713" />
  <node id="26618" visible="true" version="1" lat="49.99999999243" lon="9.00132557384" />
  <node id="26619" visible="true" version="1" lat="49.99999999235" lon="9.00133255054" />
  <node id="26620" visible="true" version="1" lat="49.99999999227" lon="9.00133952725" />
  <node id="26621" visible="true" version="1" lat="49.99999999219" lon="9.00134650395" />
  <node id="26622" visible="true" version="1" lat="49.99999999211" lon="9.00135348065" />
  <node id="26623" visible="true" version="1" lat="49.99999999202" lon="9.00136045736" />
  <node id="26624" visible="true" version="1" lat="49.99999999194" lon="9.00136743406" />
  <node id="26625" visible="true" version="1" lat="49.99999999186" lon="9.00137441077" />
  <node id="26626" visible="true" version="1" lat="49.99999999178" lon="9.00138138747" />
  <node id="26627" visible="true" version="1" lat="49.99999999169" lon="9.00138836418" />
  <node id="26628" visible="true" version="1" lat="49.99999999161" lon="9.00139534088" />
  <node id="26629" visible="true" version="1" lat="49.99999999153" lon="9.00140231759" />
  <node id="26630" visible="true" version="1" lat="49.99999999144" lon="9.00140929429" />
  <node id="26631" visible="true" version="1" lat="49.99999999136" lon="9.00141627099" />
  <node id="26632" visible="true" version="1" lat="49.99999999127" lon="9.0014232477" />
  <node id="26633" visible="true" version="1" lat="49.99999999119" lon="9.0014302244" />
  <node id="26634" visible="true" version="1" lat="49.9999999911" lon="9.00143720111" />
  <node id="26635" visible="true" version="1" lat="49.99999999101" lon="9.00144417781" />
  <node id="26636" visible="true" version="1" lat="49.99999999093" lon="9.00145115452" />
  <node id="26637" visible="true" version="1" lat="49.99999999084" lon="9.00145813122" />
  <node id="26638" visible="true" version="1" lat="49.99999999075" lon="9.00146510792" />
  <node id="26639" visible="true" version="1" lat="49.99999999066" lon="9.00147208463" />
  <node id="26640" visible="true" version="1" lat="49.99999999057" lon="9.00147906133" />
  <node id="26641" visible="true" version="1" lat="49.99999999048" lon="9.00148603804" />
  <node id="26642" visible="true" version="1" lat="49.99999999039" lon="9.00149301474" />
  <node id="26643" visible="true" version="1" lat="49.9999999903" lon="9.00149999145" />
  <node id="26644" visible="true" version="1" lat="49.99999999021" lon="9.00150696815" />
  <node id="26645" visible="true" version="1" lat="49.99999999012" lon="9.00151394486" />
  <node id="26646" visible="true" version="1" lat="49.99999999003" lon="9.00152092156" />
  <node id="26647" visible="true" version="1" lat="49.99999998994" lon="9.00152789826" />
  <node id="26648" visible="true" version="1" lat="49.99999998985" lon="9.00153487497" />
  <node id="26649" visible="true" version="1" lat="49.99999998976" lon="9.00154185167" />
  <node id="26650" visible="true" version="1" lat="49.99999998966" lon="9.00154882838" />
  <node id="26651" visible="true" version="1" lat="49.99999998957" lon="9.00155580508" />
  <node id="26652" visible="true" version="1" lat="49.99999998948" lon="9.00156278179" />
  <node id="26653" visible="true" version="1" lat="49.99999998938" lon="9.00156975849" />
  <node id="26654" visible="true" version="1" lat="49.99999998929" lon="9.0015767352" />
  <node id="26655" visible="true" version="1" lat="49.99999998919" lon="9.0015837119" />
  <node id="26656" visible="true" version="1" lat="49.9999999891" lon="9.0015906886" />
  <node id="26657" visible="true" version="1" lat="49.999999989" lon="9.00159766531" />
  <node id="26658" visible="true" version="1" lat="49.9999999889" lon="9.00160464201" />
  <node id="26659" visible="true" version="1" lat="49.99999998881" lon="9.00161161872" />
  <node id="26660" visible="true" version="1" lat="49.99999998871" lon="9.00161859542" />
  <node id="26661" visible="true" version="1" lat="49.99999998861" lon="9.00162557213" />
  <node id="26662" visible="true" version="1" lat="49.99999998852" lon="9.00163254883" />
  <node id="26663" visible="true" version="1" lat="49.99999998842" lon="9.00163952553" />
  <node id="26664" visible="true" version="1" lat="49.99999998832" lon="9.00164650224" />
  <node id="26665" visible="true" version="1" lat="49.99999998822" lon="9.00165347894" />
  <node id="26666" visible="true" version="1" lat="49.99999998812" lon="9.00166045565" />
  <node id="26667" visible="true" version="1" lat="49.99999998802" lon="9.00166743235" />
  <node id="26668" visible="true" version="1" lat="49.99999998792" lon="9.00167440906" />
  <node id="26669" visible="true" version="1" lat="49.99999998782" lon="9.00168138576" />
  <node id="26670" visible="true" version="1" lat="49.99999998772" lon="9.00168836247" />
  <node id="26671" visible="true" version="1" lat="49.99999998762" lon="9.00169533917" />
  <node id="26672" visible="true" version="1" lat="49.99999998751" lon="9.00170231587" />
  <node id="26673" visible="true" version="1" lat="49.99999998741" lon="9.00170929258" />
  <node id="26674" visible="true" version="1" lat="49.99999998731" lon="9.00171626928" />
  <node id="26675" visible="true" version="1" lat="49.9999999872" lon="9.00172324599" />
  <node id="26676" visible="true" version="1" lat="49.9999999871" lon="9.00173022269" />
  <node id="26677" visible="true" version="1" lat="49.999999987" lon="9.0017371994" />
  <node id="26678" visible="true" version="1" lat="49.99999998689" lon="9.0017441761" />
  <node id="26679" visible="true" version="1" lat="49.99999998679" lon="9.00175115281" />
  <node id="26680" visible="true" version="1" lat="49.99999998668" lon="9.00175812951" />
  <node id="26681" visible="true" version="1" lat="49.99999998657" lon="9.00176510621" />
  <node id="26682" visible="true" version="1" lat="49.99999998647" lon="9.00177208292" />
  <node id="26683" visible="true" version="1" lat="49.99999998636" lon="9.00177905962" />
  <node id="26684" visible="true" version="1" lat="49.99999998625" lon="9.00178603633" />
  <node id="26685" visible="true" version="1" lat="49.99999998615" lon="9.00179301303" />
  <node id="26686" visible="true" version="1" lat="49.99999998604" lon="9.00179998974" />
  <node id="26687" visible="true" version="1" lat="49.99999998593" lon="9.00180696644" />
  <node id="26688" visible="true" version="1" lat="49.99999998582" lon="9.00181394314" />
  <node id="26689" visible="true" version="1" lat="49.99999998571" lon="9.00182091985" />
  <node id="26690" visible="true" version="1" lat="49.9999999856" lon="9.00182789655" />
  <node id="26691" visible="true" version="1" lat="49.99999998549" lon="9.00183487326" />
  <node id="26692" visible="true" version="1" lat="49.99999998538" lon="9.00184184996" />
  <node id="26693" visible="true" version="1" lat="49.99999998527" lon="9.00184882667" />
  <node id="26694" visible="true" version="1" lat="49.99999998516" lon="9.00185580337" />
  <node id="26695" visible="true" version="1" lat="49.99999998505" lon="9.00186278008" />
  <node id="26696" visible="true" version="1" lat="49.99999998494" lon="9.00186975678" />
  <node id="26697" visible="true" version="1" lat="49.99999998482" lon="9.00187673348" />
  <node id="26698" visible="true" version="1" lat="49.99999998471" lon="9.00188371019" />
  <node id="26699" visible="true" version="1" lat="49.9999999846" lon="9.00189068689" />
  <node id="26700" visible="true" version="1" lat="49.99999998448" lon="9.0018976636" />
  <node id="26701" visible="true" version="1" lat="49.99999998437" lon="9.0019046403" />
  <node id="26702" visible="true" version="1" lat="49.99999998425" lon="9.00191161701" />
  <node id="26703" visible="true" version="1" lat="49.99999998414" lon="9.00191859371" />
  <node id="26704" visible="true" version="1" lat="49.99999998402" lon="9.00192557042" />
  <node id="26705" visible="true" version="1" lat="49.99999998391" lon="9.00193254712" />
  <node id="26706" visible="true" version="1" lat="49.99999998379" lon="9.00193952382" />
  <node id="26707" visible="true" version="1" lat="49.99999998367" lon="9.00194650053" />
  <node id="26708" visible="true" version="1" lat="49.99999998356" lon="9.00195347723" />
  <node id="26709" visible="true" version="1" lat="49.99999998344" lon="9.00196045394" />
  <node id="26710" visible="true" version="1" lat="49.99999998332" lon="9.00196743064" />
  <node id="26711" visible="true" version="1" lat="49.9999999832" lon="9.00197440735" />
  <node id="26712" visible="true" version="1" lat="49.99999998308" lon="9.00198138405" />
  <node id="26713" visible="true" version="1" lat="49.99999998296" lon="9.00198836075" />
  <node id="26714" visible="true" version="1" lat="49.99999998284" lon="9.00199533746" />
  <node id="26715" visible="true" version="1" lat="49.99999998272" lon="9.00200231416" />
  <node id="26716" visible="true" version="1" lat="49.9999999826" lon="9.00200929087" />
  <node id="26717" visible="true" version="1" lat="49.99999998248" lon="9.00201626757" />
  <node id="26718" visible="true" version="1" lat="49.99999998236" lon="9.00202324428" />
  <node id="26719" visible="true" version="1" lat="49.99999998224" lon="9.00203022098" />
  <node id="26720" visible="true" version="1" lat="49.99999998212" lon="9.00203719769" />
  <node id="26721" visible="true" version="1" lat="49.99999998199" lon="9.00204417439" />
  <node id="26722" visible="true" version="1" lat="49.99999998187" lon="9.00205115109" />
  <node id="26723" visible="true" version="1" lat="49.99999998175" lon="9.0020581278" />
  <node id="26724" visible="true" version="1" lat="49.99999998162" lon="9.0020651045" />
  <node id="26725" visible="true" version="1" lat="49.9999999815" lon="9.00207208121" />
  <node id="26726" visible="true" version="1" lat="49.99999998137" lon="9.00207905791" />
  <node id="26727" visible="true" version="1" lat="49.99999998125" lon="9.00208603462" />
  <node id="26728" visible="true" version="1" lat="49.99999998112" lon="9.00209301132" />
  <node id="26729" visible="true" version="1" lat="49.999999981" lon="9.00209998802" />
  <node id="26730" visible="true" version="1" lat="49.99999998087" lon="9.00210696473" />
  <node id="26731" visible="true" version="1" lat="49.99999998074" lon="9.00211394143" />
  <node id="26732" visible="true" version="1" lat="49.99999998062" lon="9.00212091814" />
  <node id="26733" visible="true" version="1" lat="49.99999998049" lon="9.00212789484" />
  <node id="26734" visible="true" version="1" lat="49.99999998036" lon="9.00213487155" />
  <node id="26735" visible="true" version="1" lat="49.99999998023" lon="9.00214184825" />
  <node id="26736" visible="true" version="1" lat="49.9999999801" lon="9.00214882496" />
  <node id="26737" visible="true" version="1" lat="49.99999997997" lon="9.00215580166" />
  <node id="26738" visible="true" version="1" lat="49.99999997984" lon="9.00216277836" />
  <node id="26739" visible="true" version="1" lat="49.99999997971" lon="9.00216975507" />
  <node id="26740" visible="true" version="1" lat="49.99999997958" lon="9.00217673177" />
  <node id="26741" visible="true" version="1" lat="49.99999997945" lon="9.00218370848" />
  <node id="26742" visible="true" version="1" lat="49.99999997932" lon="9.00219068518" />
  <node id="26743" visible="true" version="1" lat="49.99999997919" lon="9.00219766189" />
  <node id="26744" visible="true" version="1" lat="49.99999997906" lon="9.00220463859" />
  <node id="26745" visible="true" version="1" lat="49.99999997892" lon="9.0022116153" />
  <node id="26746" visible="true" version="1" lat="49.99999997879" lon="9.002218592" />
  <node id="26747" visible="true" version="1" lat="49.99999997866" lon="9.0022255687" />
  <node id="26748" visible="true" version="1" lat="49.99999997852" lon="9.00223254541" />
  <node id="26749" visible="true" version="1" lat="49.99999997839" lon="9.00223952211" />
  <node id="26750" visible="true" version="1" lat="49.99999997825" lon="9.00224649882" />
  <node id="26751" visible="true" version="1" lat="49.99999997812" lon="9.00225347552" />
  <node id="26752" visible="true" version="1" lat="49.99999997798" lon="9.00226045223" />
  <node id="26753" visible="true" version="1" lat="49.99999997785" lon="9.00226742893" />
  <node id="26754" visible="true" version="1" lat="49.99999997771" lon="9.00227440563" />
  <node id="26755" visible="true" version="1" lat="49.99999997757" lon="9.00228138234" />
  <node id="26756" visible="true" version="1" lat="49.99999997744" lon="9.00228835904" />
  <node id="26757" visible="true" version="1" lat="49.9999999773" lon="9.00229533575" />
  <node id="26758" visible="true" version="1" lat="49.99999997716" lon="9.00230231245" />
  <node id="26759" visible="true" version="1" lat="49.99999997702" lon="9.00230928916" />
  <node id="26760" visible="true" version="1" lat="49.99999997688" lon="9.00231626586" />
  <node id="26761" visible="true" version="1" lat="49.99999997674" lon="9.00232324257" />
  <node id="26762" visible="true" version="1" lat="49.9999999766" lon="9.00233021927" />
  <node id="26763" visible="true" version="1" lat="49.99999997646" lon="9.00233719597" />
  <node id="26764" visible="true" version="1" lat="49.99999997632" lon="9.00234417268" />
  <node id="26765" visible="true" version="1" lat="49.99999997618" lon="9.00235114938" />
  <node id="26766" visible="true" version="1" lat="49.99999997604" lon="9.00235812609" />
  <node id="26767" visible="true" version="1" lat="49.9999999759" lon="9.00236510279" />
  <node id="26768" visible="true" version="1" lat="49.99999997575" lon="9.0023720795" />
  <node id="26769" visible="true" version="1" lat="49.99999997561" lon="9.0023790562" />
  <node id="26770" visible="true" version="1" lat="49.99999997547" lon="9.00238603291" />
  <node id="26771" visible="true" version="1" lat="49.99999997532" lon="9.00239300961" />
  <node id="26772" visible="true" version="1" lat="49.99999997518" lon="9.00239998631" />
  <node id="26773" visible="true" version="1" lat="49.99999997504" lon="9.00240696302" />
  <node id="26774" visible="true" version="1" lat="49.99999997489" lon="9.00241393972" />
  <node id="26775" visible="true" version="1" lat="49.99999997475" lon="9.00242091643" />
  <node id="26776" visible="true" version="1" lat="49.9999999746" lon="9.00242789313" />
  <node id="26777" visible="true" version="1" lat="49.99999997445" lon="9.00243486984" />
  <node id="26778" visible="true" version="1" lat="49.99999997431" lon="9.00244184654" />
  <node id="26779" visible="true" version="1" lat="49.99999997416" lon="9.00244882324" />
  <node id="26780" visible="true" version="1" lat="49.99999997401" lon="9.00245579995" />
  <node id="26781" visible="true" version="1" lat="49.99999997386" lon="9.00246277665" />
  <node id="26782" visible="true" version="1" lat="49.99999997372" lon="9.00246975336" />
  <node id="26783" visible="true" version="1" lat="49.99999997357" lon="9.00247673006" />
  <node id="26784" visible="true" version="1" lat="49.99999997342" lon="9.00248370677" />
  <node id="26785" visible="true" version="1" lat="49.99999997327" lon="9.00249068347" />
  <node id="26786" visible="true" version="1" lat="49.99999997312" lon="9.00249766018" />
  <node id="26787" visible="true" version="1" lat="49.99999997297" lon="9.00250463688" />
  <node id="26788" visible="true" version="1" lat="49.99999997282" lon="9.00251161358" />
  <node id="26789" visible="true" version="1" lat="49.99999997267" lon="9.00251859029" />
  <node id="26790" visible="true" version="1" lat="49.99999997252" lon="9.00252556699" />
  <node id="26791" visible="true" version="1" lat="49.99999997236" lon="9.0025325437" />
  <node id="26792" visible="true" version="1" lat="49.99999997221" lon="9.0025395204" />
  <node id="26793" visible="true" version="1" lat="49.99999997206" lon="9.00254649711" />
  <node id="26794" visible="true" version="1" lat="49.9999999719" lon="9.00255347381" />
  <node id="26795" visible="true" version="1" lat="49.99999997175" lon="9.00256045052" />
  <node id="26796" visible="true" version="1" lat="49.9999999716" lon="9.00256742722" />
  <node id="26797" visible="true" version="1" lat="49.99999997144" lon="9.00257440392" />
  <node id="26798" visible="true" version="1" lat="49.99999997129" lon="9.00258138063" />
  <node id="26799" visible="true" version="1" lat="49.99999997113" lon="9.00258835733" />
  <node id="26800" visible="true" version="1" lat="49.99999997098" lon="9.00259533404" />
  <node id="26801" visible="true" version="1" lat="49.99999997082" lon="9.00260231074" />
  <node id="26802" visible="true" version="1" lat="49.99999997066" lon="9.00260928745" />
  <node id="26803" visible="true" version="1" lat="49.99999997051" lon="9.00261626415" />
  <node id="26804" visible="true" version="1" lat="49.99999997035" lon="9.00262324085" />
  <node id="26805" visible="true" version="1" lat="49.99999997019" lon="9.00263021756" />
  <node id="26806" visible="true" version="1" lat="49.99999997003" lon="9.00263719426" />
  <node id="26807" visible="true" version="1" lat="49.99999996987" lon="9.00264417097" />
  <node id="26808" visible="true" version="1" lat="49.99999996971" lon="9.00265114767" />
  <node id="26809" visible="true" version="1" lat="49.99999996955" lon="9.00265812438" />
  <node id="26810" visible="true" version="1" lat="49.99999996939" lon="9.00266510108" />
  <node id="26811" visible="true" version="1" lat="49.99999996923" lon="9.00267207779" />
  <node id="26812" visible="true" version="1" lat="49.99999996907" lon="9.00267905449" />
  <node id="26813" visible="true" version="1" lat="49.99999996891" lon="9.00268603119" />
  <node id="26814" visible="true" version="1" lat="49.99999996875" lon="9.0026930079" />
  <node id="26815" visible="true" version="1" lat="49.99999996859" lon="9.0026999846" />
  <node id="26816" visible="true" version="1" lat="49.99999996843" lon="9.00270696131" />
  <node id="26817" visible="true" version="1" lat="49.99999996826" lon="9.00271393801" />
  <node id="26818" visible="true" version="1" lat="49.9999999681" lon="9.00272091472" />
  <node id="26819" visible="true" version="1" lat="49.99999996794" lon="9.00272789142" />
  <node id="26820" visible="true" version="1" lat="49.99999996777" lon="9.00273486812" />
  <node id="26821" visible="true" version="1" lat="49.99999996761" lon="9.00274184483" />
  <node id="26822" visible="true" version="1" lat="49.99999996744" lon="9.00274882153" />
  <node id="26823" visible="true" version="1" lat="49.99999996728" lon="9.00275579824" />
  <node id="26824" visible="true" version="1" lat="49.99999996711" lon="9.00276277494" />
  <node id="26825" visible="true" version="1" lat="49.99999996694" lon="9.00276975165" />
  <node id="26826" visible="true" version="1" lat="49.99999996678" lon="9.00277672835" />
  <node id="26827" visible="true" version="1" lat="49.99999996661" lon="9.00278370506" />
  <node id="26828" visible="true" version="1" lat="49.99999996644" lon="9.00279068176" />
  <node id="26829" visible="true" version="1" lat="49.99999996627" lon="9.00279765846" />
  <node id="26830" visible="true" version="1" lat="49.99999996611" lon="9.00280463517" />
  <node id="26831" visible="true" version="1" lat="49.99999996594" lon="9.00281161187" />
  <node id="26832" visible="true" version="1" lat="49.99999996577" lon="9.00281858858" />
  <node id="26833" visible="true" version="1" lat="49.9999999656" lon="9.00282556528" />
  <node id="26834" visible="true" version="1" lat="49.99999996543" lon="9.00283254199" />
  <node id="26835" visible="true" version="1" lat="49.99999996526" lon="9.00283951869" />
  <node id="26836" visible="true" version="1" lat="49.99999996509" lon="9.0028464954" />
  <node id="26837" visible="true" version="1" lat="49.99999996491" lon="9.0028534721" />
  <node id="26838" visible="true" version="1" lat="49.99999996474" lon="9.0028604488" />
  <node id="26839" visible="true" version="1" lat="49.99999996457" lon="9.00286742551" />
  <node id="26840" visible="true" version="1" lat="49.9999999644" lon="9.00287440221" />
  <node id="26841" visible="true" version="1" lat="49.99999996423" lon="9.00288137892" />
  <node id="26842" visible="true" version="1" lat="49.99999996405" lon="9.00288835562" />
  <node id="26843" visible="true" version="1" lat="49.99999996388" lon="9.00289533233" />
  <node id="26844" visible="true" version="1" lat="49.9999999637" lon="9.00290230903" />
  <node id="26845" visible="true" version="1" lat="49.99999996353" lon="9.00290928573" />
  <node id="26846" visible="true" version="1" lat="49.99999996335" lon="9.00291626244" />
  <node id="26847" visible="true" version="1" lat="49.99999996318" lon="9.00292323914" />
  <node id="26848" visible="true" version="1" lat="49.999999963" lon="9.00293021585" />
  <node id="26849" visible="true" version="1" lat="49.99999996283" lon="9.00293719255" />
  <node id="26850" visible="true" version="1" lat="49.99999996265" lon="9.00294416926" />
  <node id="26851" visible="true" version="1" lat="49.99999996247" lon="9.00295114596" />
  <node id="26852" visible="true" version="1" lat="49.99999996229" lon="9.00295812267" />
  <node id="26853" visible="true" version="1" lat="49.99999996212" lon="9.00296509937" />
  <node id="26854" visible="true" version="1" lat="49.99999996194" lon="9.00297207607" />
  <node id="26855" visible="true" version="1" lat="49.99999996176" lon="9.00297905278" />
  <node id="26856" visible="true" version="1" lat="49.99999996158" lon="9.00298602948" />
  <node id="26857" visible="true" version="1" lat="49.9999999614" lon="9.00299300619" />
  <node id="26858" visible="true" version="1" lat="49.99999996122" lon="9.00299998289" />
  <node id="26859" visible="true" version="1" lat="49.99999996104" lon="9.0030069596" />
  <node id="26860" visible="true" version="1" lat="49.99999996086" lon="9.0030139363" />
  <node id="26861" visible="true" version="1" lat="49.99999996068" lon="9.003020913" />
  <node id="26862" visible="true" version="1" lat="49.99999996049" lon="9.00302788971" />
  <node id="26863" visible="true" version="1" lat="49.99999996031" lon="9.00303486641" />
  <node id="26864" visible="true" version="1" lat="49.99999996013" lon="9.00304184312" />
  <node id="26865" visible="true" version="1" lat="49.99999995995" lon="9.00304881982" />
  <node id="26866" visible="true" version="1" lat="49.99999995976" lon="9.00305579653" />
  <node id="26867" visible="true" version="1" lat="49.99999995958" lon="9.00306277323" />
  <node id="26868" visible="true" version="1" lat="49.99999995939" lon="9.00306974994" />
  <node id="26869" visible="true" version="1" lat="49.99999995921" lon="9.00307672664" />
  <node id="26870" visible="true" version="1" lat="49.99999995902" lon="9.00308370334" />
  <node id="26871" visible="true" version="1" lat="49.99999995884" lon="9.00309068005" />
  <node id="26872" visible="true" version="1" lat="49.99999995865" lon="9.00309765675" />
  <node id="26873" visible="true" version="1" lat="49.99999995847" lon="9.00310463346" />
  <node id="26874" visible="true" version="1" lat="49.99999995828" lon="9.00311161016" />
  <node id="26875" visible="true" version="1" lat="49.99999995809" lon="9.00311858687" />
  <node id="26876" visible="true" version="1" lat="49.9999999579" lon="9.00312556357" />
  <node id="26877" visible="true" version="1" lat="49.99999995772" lon="9.00313254028" />
  <node id="26878" visible="true" version="1" lat="49.99999995753" lon="9.00313951698" />
  <node id="26879" visible="true" version="1" lat="49.99999995734" lon="9.00314649368" />
  <node id="26880" visible="true" version="1" lat="49.99999995715" lon="9.00315347039" />
  <node id="26881" visible="true" version="1" lat="49.99999995696" lon="9.00316044709" />
  <node id="26882" visible="true" version="1" lat="49.99999995677" lon="9.0031674238" />
  <node id="26883" visible="true" version="1" lat="49.99999995658" lon="9.0031744005" />
  <node id="26884" visible="true" version="1" lat="49.99999995639" lon="9.00318137721" />
  <node id="26885" visible="true" version="1" lat="49.9999999562" lon="9.00318835391" />
  <node id="26886" visible="true" version="1" lat="49.999999956" lon="9.00319533061" />
  <node id="26887" visible="true" version="1" lat="49.99999995581" lon="9.00320230732" />
  <node id="26888" visible="true" version="1" lat="49.99999995562" lon="9.00320928402" />
  <node id="26889" visible="true" version="1" lat="49.99999995543" lon="9.00321626073" />
  <node id="26890" visible="true" version="1" lat="49.99999995523" lon="9.00322323743" />
  <node id="26891" visible="true" version="1" lat="49.99999995504" lon="9.00323021414" />
  <node id="26892" visible="true" version="1" lat="49.99999995484" lon="9.00323719084" />
  <node id="26893" visible="true" version="1" lat="49.99999995465" lon="9.00324416755" />
  <node id="26894" visible="true" version="1" lat="49.99999995445" lon="9.00325114425" />
  <node id="26895" visible="true" version="1" lat="49.99999995426" lon="9.00325812095" />
  <node id="26896" visible="true" version="1" lat="49.99999995406" lon="9.00326509766" />
  <node id="26897" visible="true" version="1" lat="49.99999995387" lon="9.00327207436" />
  <node id="26898" visible="true" version="1" lat="49.99999995367" lon="9.00327905107" />
  <node id="26899" visible="true" version="1" lat="49.99999995347" lon="9.00328602777" />
  <node id="26900" visible="true" version="1" lat="49.99999995327" lon="9.00329300448" />
  <node id="26901" visible="true" version="1" lat="49.99999995308" lon="9.00329998118" />
  <node id="26902" visible="true" version="1" lat="49.99999995288" lon="9.00330695788" />
  <node id="26903" visible="true" version="1" lat="49.99999995268" lon="9.00331393459" />
  <node id="26904" visible="true" version="1" lat="49.99999995248" lon="9.00332091129" />
  <node id="26905" visible="true" version="1" lat="49.99999995228" lon="9.003327888" />
  <node id="26906" visible="true" version="1" lat="49.99999995208" lon="9.0033348647" />
  <node id="26907" visible="true" version="1" lat="49.99999995188" lon="9.00334184141" />
  <node id="26908" visible="true" version="1" lat="49.99999995168" lon="9.00334881811" />
  <node id="26909" visible="true" version="1" lat="49.99999995147" lon="9.00335579482" />
  <node id="26910" visible="true" version="1" lat="49.99999995127" lon="9.00336277152" />
  <node id="26911" visible="true" version="1" lat="49.99999995107" lon="9.00336974822" />
  <node id="26912" visible="true" version="1" lat="49.99999995087" lon="9.00337672493" />
  <node id="26913" visible="true" version="1" lat="49.99999995066" lon="9.00338370163" />
  <node id="26914" visible="true" version="1" lat="49.99999995046" lon="9.00339067834" />
  <node id="26915" visible="true" version="1" lat="49.99999995026" lon="9.00339765504" />
  <node id="26916" visible="true" version="1" lat="49.99999995005" lon="9.00340463175" />
  <node id="26917" visible="true" version="1" lat="49.99999994985" lon="9.00341160845" />
  <node id="26918" visible="true" version="1" lat="49.99999994964" lon="9.00341858515" />
  <node id="26919" visible="true" version="1" lat="49.99999994944" lon="9.00342556186" />
  <node id="26920" visible="true" version="1" lat="49.99999994923" lon="9.00343253856" />
  <node id="26921" visible="true" version="1" lat="49.99999994902" lon="9.00343951527" />
  <node id="26922" visible="true" version="1" lat="49.99999994882" lon="9.00344649197" />
  <node id="26923" visible="true" version="1" lat="49.99999994861" lon="9.00345346868" />
  <node id="26924" visible="true" version="1" lat="49.9999999484" lon="9.00346044538" />
  <node id="26925" visible="true" version="1" lat="49.99999994819" lon="9.00346742209" />
  <node id="26926" visible="true" version="1" lat="49.99999994798" lon="9.00347439879" />
  <node id="26927" visible="true" version="1" lat="49.99999994778" lon="9.00348137549" />
  <node id="26928" visible="true" version="1" lat="49.99999994757" lon="9.0034883522" />
  <node id="26929" visible="true" version="1" lat="49.99999994736" lon="9.0034953289" />
  <node id="26930" visible="true" version="1" lat="49.99999994715" lon="9.00350230561" />
  <node id="26931" visible="true" version="1" lat="49.99999994693" lon="9.00350928231" />
  <node id="26932" visible="true" version="1" lat="49.99999994672" lon="9.00351625902" />
  <node id="26933" visible="true" version="1" lat="49.99999994651" lon="9.00352323572" />
  <node id="26934" visible="true" version="1" lat="49.9999999463" lon="9.00353021243" />
  <node id="26935" visible="true" version="1" lat="49.99999994609" lon="9.00353718913" />
  <node id="26936" visible="true" version="1" lat="49.99999994587" lon="9.00354416583" />
  <node id="26937" visible="true" version="1" lat="49.99999994566" lon="9.00355114254" />
  <node id="26938" visible="true" version="1" lat="49.99999994545" lon="9.00355811924" />
  <node id="26939" visible="true" version="1" lat="49.99999994523" lon="9.00356509595" />
  <node id="26940" visible="true" version="1" lat="49.99999994502" lon="9.00357207265" />
  <node id="26941" visible="true" version="1" lat="49.9999999448" lon="9.00357904936" />
  <node id="26942" visible="true" version="1" lat="49.99999994459" lon="9.00358602606" />
  <node id="26943" visible="true" version="1" lat="49.99999994437" lon="9.00359300276" />
  <node id="26944" visible="true" version="1" lat="49.99999994416" lon="9.00359997947" />
  <node id="26945" visible="true" version="1" lat="49.99999994394" lon="9.00360695617" />
  <node id="26946" visible="true" version="1" lat="49.99999994372" lon="9.00361393288" />
  <node id="26947" visible="true" version="1" lat="49.9999999435" lon="9.00362090958" />
  <node id="26948" visible="true" version="1" lat="49.99999994329" lon="9.00362788629" />
  <node id="26949" visible="true" version="1" lat="49.99999994307" lon="9.00363486299" />
  <node id="26950" visible="true" version="1" lat="49.99999994285" lon="9.0036418397" />
  <node id="26951" visible="true" version="1" lat="49.99999994263" lon="9.0036488164" />
  <node id="26952" visible="true" version="1" lat="49.99999994241" lon="9.0036557931" />
  <node id="26953" visible="true" version="1" lat="49.99999994219" lon="9.00366276981" />
  <node id="26954" visible="true" version="1" lat="49.99999994197" lon="9.00366974651" />
  <node id="26955" visible="true" version="1" lat="49.99999994175" lon="9.00367672322" />
  <node id="26956" visible="true" version="1" lat="49.99999994153" lon="9.00368369992" />
  <node id="26957" visible="true" version="1" lat="49.99999994131" lon="9.00369067663" />
  <node id="26958" visible="true" version="1" lat="49.99999994108" lon="9.00369765333" />
  <node id="26959" visible="true" version="1" lat="49.99999994086" lon="9.00370463003" />
  <node id="26960" visible="true" version="1" lat="49.99999994064" lon="9.00371160674" />
  <node id="26961" visible="true" version="1" lat="49.99999994042" lon="9.00371858344" />
  <node id="26962" visible="true" version="1" lat="49.99999994019" lon="9.00372556015" />
  <node id="26963" visible="true" version="1" lat="49.99999993997" lon="9.00373253685" />
  <node id="26964" visible="true" version="1" lat="49.99999993974" lon="9.00373951356" />
  <node id="26965" visible="true" version="1" lat="49.99999993952" lon="9.00374649026" />
  <node id="26966" visible="true" version="1" lat="49.99999993929" lon="9.00375346697" />
  <node id="26967" visible="true" version="1" lat="49.99999993907" lon="9.00376044367" />
  <node id="26968" visible="true" version="1" lat="49.99999993884" lon="9.00376742037" />
  <node id="26969" visible="true" version="1" lat="49.99999993861" lon="9.00377439708" />
  <node id="26970" visible="true" version="1" lat="49.99999993839" lon="9.00378137378" />
  <node id="26971" visible="true" version="1" lat="49.99999993816" lon="9.00378835049" />
  <node id="26972" visible="true" version="1" lat="49.99999993793" lon="9.00379532719" />
  <node id="26973" visible="true" version="1" lat="49.9999999377" lon="9.0038023039" />
  <node id="26974" visible="true" version="1" lat="49.99999993747" lon="9.0038092806" />
  <node id="26975" visible="true" version="1" lat="49.99999993724" lon="9.0038162573" />
  <node id="26976" visible="true" version="1" lat="49.99999993701" lon="9.00382323401" />
  <node id="26977" visible="true" version="1" lat="49.99999993678" lon="9.00383021071" />
  <node id="26978" visible="true" version="1" lat="49.99999993655" lon="9.00383718742" />
  <node id="26979" visible="true" version="1" lat="49.99999993632" lon="9.00384416412" />
  <node id="26980" visible="true" version="1" lat="49.99999993609" lon="9.00385114083" />
  <node id="26981" visible="true" version="1" lat="49.99999993586" lon="9.00385811753" />
  <node id="26982" visible="true" version="1" lat="49.99999993563" lon="9.00386509424" />
  <node id="26983" visible="true" version="1" lat="49.9999999354" lon="9.00387207094" />
  <node id="26984" visible="true" version="1" lat="49.99999993516" lon="9.00387904764" />
  <node id="26985" visible="true" version="1" lat="49.99999993493" lon="9.00388602435" />
  <node id="26986" visible="true" version="1" lat="49.9999999347" lon="9.00389300105" />
  <node id="26987" visible="true" version="1" lat="49.99999993446" lon="9.00389997776" />
  <node id="26988" visible="true" version="1" lat="49.99999993423" lon="9.00390695446" />
  <node id="26989" visible="true" version="1" lat="49.99999993399" lon="9.00391393117" />
  <node id="26990" visible="true" version="1" lat="49.99999993376" lon="9.00392090787" />
  <node id="26991" visible="true" version="1" lat="49.99999993352" lon="9.00392788457" />
  <node id="26992" visible="true" version="1" lat="49.99999993328" lon="9.00393486128" />
  <node id="26993" visible="true" version="1" lat="49.99999993305" lon="9.00394183798" />
  <node id="26994" visible="true" version="1" lat="49.99999993281" lon="9.00394881469" />
  <node id="26995" visible="true" version="1" lat="49.99999993257" lon="9.00395579139" />
  <node id="26996" visible="true" version="1" lat="49.99999993233" lon="9.0039627681" />
  <node id="26997" visible="true" version="1" lat="49.9999999321" lon="9.0039697448" />
  <node id="26998" visible="true" version="1" lat="49.99999993186" lon="9.00397672151" />
  <node id="26999" visible="true" version="1" lat="49.99999993162" lon="9.00398369821" />
  <node id="27000" visible="true" version="1" lat="49.99999993138" lon="9.00399067491" />
  <node id="27001" visible="true" version="1" lat="49.99999993114" lon="9.00399765162" />
  <node id="27002" visible="true" version="1" lat="49.9999999309" lon="9.00400462832" />
  <node id="27003" visible="true" version="1" lat="49.99999993066" lon="9.00401160503" />
  <node id="27004" visible="true" version="1" lat="49.99999993041" lon="9.00401858173" />
  <node id="27005" visible="true" version="1" lat="49.99999993017" lon="9.00402555844" />
  <node id="27006" visible="true" version="1" lat="49.99999992993" lon="9.00403253514" />
  <node id="27007" visible="true" version="1" lat="49.99999992969" lon="9.00403951184" />
  <node id="27008" visible="true" version="1" lat="49.99999992944" lon="9.00404648855" />
  <node id="27009" visible="true" version="1" lat="49.9999999292" lon="9.00405346525" />
  <node id="27010" visible="true" version="1" lat="49.99999992896" lon="9.00406044196" />
  <node id="27011" visible="true" version="1" lat="49.99999992871" lon="9.00406741866" />
  <node id="27012" visible="true" version="1" lat="49.99999992847" lon="9.00407439537" />
  <node id="27013" visible="true" version="1" lat="49.99999992822" lon="9.00408137207" />
  <node id="27014" visible="true" version="1" lat="49.99999992798" lon="9.00408834878" />
  <node id="27015" visible="true" version="1" lat="49.99999992773" lon="9.00409532548" />
  <node id="27016" visible="true" version="1" lat="49.99999992748" lon="9.00410230218" />
  <node id="27017" visible="true" version="1" lat="49.99999992724" lon="9.00410927889" />
  <node id="27018" visible="true" version="1" lat="49.99999992699" lon="9.00411625559" />
  <node id="27019" visible="true" version="1" lat="49.99999992674" lon="9.0041232323" />
  <node id="27020" visible="true" version="1" lat="49.99999992649" lon="9.004130209" />
  <node id="27021" visible="true" version="1" lat="49.99999992625" lon="9.00413718571" />
  <node id="27022" visible="true" version="1" lat="49.999999926" lon="9.00414416241" />
  <node id="27023" visible="true" version="1" lat="49.99999992575" lon="9.00415113911" />
  <node id="27024" visible="true" version="1" lat="49.9999999255" lon="9.00415811582" />
  <node id="27025" visible="true" version="1" lat="49.99999992525" lon="9.00416509252" />
  <node id="27026" visible="true" version="1" lat="49.999999925" lon="9.00417206923" />
  <node id="27027" visible="true" version="1" lat="49.99999992475" lon="9.00417904593" />
  <node id="27028" visible="true" version="1" lat="49.99999992449" lon="9.00418602264" />
  <node id="27029" visible="true" version="1" lat="49.99999992424" lon="9.00419299934" />
  <node id="27030" visible="true" version="1" lat="49.99999992399" lon="9.00419997605" />
  <node id="27031" visible="true" version="1" lat="49.99999992374" lon="9.00420695275" />
  <node id="27032" visible="true" version="1" lat="49.99999992348" lon="9.00421392945" />
  <node id="27033" visible="true" version="1" lat="49.99999992323" lon="9.00422090616" />
  <node id="27034" visible="true" version="1" lat="49.99999992298" lon="9.00422788286" />
  <node id="27035" visible="true" version="1" lat="49.99999992272" lon="9.00423485957" />
  <node id="27036" visible="true" version="1" lat="49.99999992247" lon="9.00424183627" />
  <node id="27037" visible="true" version="1" lat="49.99999992221" lon="9.00424881298" />
  <node id="27038" visible="true" version="1" lat="49.99999992196" lon="9.00425578968" />
  <node id="27039" visible="true" version="1" lat="49.9999999217" lon="9.00426276638" />
  <node id="27040" visible="true" version="1" lat="49.99999992144" lon="9.00426974309" />
  <node id="27041" visible="true" version="1" lat="49.99999992119" lon="9.00427671979" />
  <node id="27042" visible="true" version="1" lat="49.99999992093" lon="9.0042836965" />
  <node id="27043" visible="true" version="1" lat="49.99999992067" lon="9.0042906732" />
  <node id="27044" visible="true" version="1" lat="49.99999992041" lon="9.00429764991" />
  <node id="27045" visible="true" version="1" lat="49.99999992016" lon="9.00430462661" />
  <node id="27046" visible="true" version="1" lat="49.9999999199" lon="9.00431160332" />
  <node id="27047" visible="true" version="1" lat="49.99999991964" lon="9.00431858002" />
  <node id="27048" visible="true" version="1" lat="49.99999991938" lon="9.00432555672" />
  <node id="27049" visible="true" version="1" lat="49.99999991912" lon="9.00433253343" />
  <node id="27050" visible="true" version="1" lat="49.99999991886" lon="9.00433951013" />
  <node id="27051" visible="true" version="1" lat="49.99999991859" lon="9.00434648684" />
  <node id="27052" visible="true" version="1" lat="49.99999991833" lon="9.00435346354" />
  <node id="27053" visible="true" version="1" lat="49.99999991807" lon="9.00436044025" />
  <node id="27054" visible="true" version="1" lat="49.99999991781" lon="9.00436741695" />
  <node id="27055" visible="true" version="1" lat="49.99999991755" lon="9.00437439365" />
  <node id="27056" visible="true" version="1" lat="49.99999991728" lon="9.00438137036" />
  <node id="27057" visible="true" version="1" lat="49.99999991702" lon="9.00438834706" />
  <node id="27058" visible="true" version="1" lat="49.99999991675" lon="9.00439532377" />
  <node id="27059" visible="true" version="1" lat="49.99999991649" lon="9.00440230047" />
  <node id="27060" visible="true" version="1" lat="49.99999991623" lon="9.00440927718" />
  <node id="27061" visible="true" version="1" lat="49.99999991596" lon="9.00441625388" />
  <node id="27062" visible="true" version="1" lat="49.99999991569" lon="9.00442323059" />
  <node id="27063" visible="true" version="1" lat="49.99999991543" lon="9.00443020729" />
  <node id="27064" visible="true" version="1" lat="49.99999991516" lon="9.00443718399" />
  <node id="27065" visible="true" version="1" lat="49.99999991489" lon="9.0044441607" />
  <node id="27066" visible="true" version="1" lat="49.99999991463" lon="9.0044511374" />
  <node id="27067" visible="true" version="1" lat="49.99999991436" lon="9.00445811411" />
  <node id="27068" visible="true" version="1" lat="49.99999991409" lon="9.00446509081" />
  <node id="27069" visible="true" version="1" lat="49.99999991382" lon="9.00447206752" />
  <node id="27070" visible="true" version="1" lat="49.99999991355" lon="9.00447904422" />
  <node id="27071" visible="true" version="1" lat="49.99999991328" lon="9.00448602092" />
  <node id="27072" visible="true" version="1" lat="49.99999991301" lon="9.00449299763" />
  <node id="27073" visible="true" version="1" lat="49.99999991274" lon="9.00449997433" />
  <node id="27074" visible="true" version="1" lat="49.99999991247" lon="9.00450695104" />
  <node id="27075" visible="true" version="1" lat="49.9999999122" lon="9.00451392774" />
  <node id="27076" visible="true" version="1" lat="49.99999991193" lon="9.00452090445" />
  <node id="27077" visible="true" version="1" lat="49.99999991166" lon="9.00452788115" />
  <node id="27078" visible="true" version="1" lat="49.99999991139" lon="9.00453485786" />
  <node id="27079" visible="true" version="1" lat="49.99999991111" lon="9.00454183456" />
  <node id="27080" visible="true" version="1" lat="49.99999991084" lon="9.00454881126" />
  <node id="27081" visible="true" version="1" lat="49.99999991057" lon="9.00455578797" />
  <node id="27082" visible="true" version="1" lat="49.99999991029" lon="9.00456276467" />
  <node id="27083" visible="true" version="1" lat="49.99999991002" lon="9.00456974138" />
  <node id="27084" visible="true" version="1" lat="49.99999990974" lon="9.00457671808" />
  <node id="27085" visible="true" version="1" lat="49.99999990947" lon="9.00458369479" />
  <node id="27086" visible="true" version="1" lat="49.99999990919" lon="9.00459067149" />
  <node id="27087" visible="true" version="1" lat="49.99999990891" lon="9.00459764819" />
  <node id="27088" visible="true" version="1" lat="49.99999990864" lon="9.0046046249" />
  <node id="27089" visible="true" version="1" lat="49.99999990836" lon="9.0046116016" />
  <node id="27090" visible="true" version="1" lat="49.99999990808" lon="9.00461857831" />
  <node id="27091" visible="true" version="1" lat="49.99999990781" lon="9.00462555501" />
  <node id="27092" visible="true" version="1" lat="49.99999990753" lon="9.00463253172" />
  <node id="27093" visible="true" version="1" lat="49.99999990725" lon="9.00463950842" />
  <node id="27094" visible="true" version="1" lat="49.99999990697" lon="9.00464648513" />
  <node id="27095" visible="true" version="1" lat="49.99999990669" lon="9.00465346183" />
  <node id="27096" visible="true" version="1" lat="49.99999990641" lon="9.00466043853" />
  <node id="27097" visible="true" version="1" lat="49.99999990613" lon="9.00466741524" />
  <node id="27098" visible="true" version="1" lat="49.99999990585" lon="9.00467439194" />
  <node id="27099" visible="true" version="1" lat="49.99999990557" lon="9.00468136865" />
  <node id="27100" visible="true" version="1" lat="49.99999990529" lon="9.00468834535" />
  <node id="27101" visible="true" version="1" lat="49.999999905" lon="9.00469532206" />
  <node id="27102" visible="true" version="1" lat="49.99999990472" lon="9.00470229876" />
  <node id="27103" visible="true" version="1" lat="49.99999990444" lon="9.00470927546" />
  <node id="27104" visible="true" version="1" lat="49.99999990415" lon="9.00471625217" />
  <node id="27105" visible="true" version="1" lat="49.99999990387" lon="9.00472322887" />
  <node id="27106" visible="true" version="1" lat="49.99999990359" lon="9.00473020558" />
  <node id="27107" visible="true" version="1" lat="49.9999999033" lon="9.00473718228" />
  <node id="27108" visible="true" version="1" lat="49.99999990302" lon="9.00474415899" />
  <node id="27109" visible="true" version="1" lat="49.99999990273" lon="9.00475113569" />
  <node id="27110" visible="true" version="1" lat="49.99999990245" lon="9.0047581124" />
  <node id="27111" visible="true" version="1" lat="49.99999990216" lon="9.0047650891" />
  <node id="27112" visible="true" version="1" lat="49.99999990187" lon="9.0047720658" />
  <node id="27113" visible="true" version="1" lat="49.99999990159" lon="9.00477904251" />
  <node id="27114" visible="true" version="1" lat="49.9999999013" lon="9.00478601921" />
  <node id="27115" visible="true" version="1" lat="49.99999990101" lon="9.00479299592" />
  <node id="27116" visible="true" version="1" lat="49.99999990072" lon="9.00479997262" />
  <node id="27117" visible="true" version="1" lat="49.99999990043" lon="9.00480694933" />
  <node id="27118" visible="true" version="1" lat="49.99999990014" lon="9.00481392603" />
  <node id="27119" visible="true" version="1" lat="49.99999989985" lon="9.00482090273" />
  <node id="27120" visible="true" version="1" lat="49.99999989956" lon="9.00482787944" />
  <node id="27121" visible="true" version="1" lat="49.99999989927" lon="9.00483485614" />
  <node id="27122" visible="true" version="1" lat="49.99999989898" lon="9.00484183285" />
  <node id="27123" visible="true" version="1" lat="49.99999989869" lon="9.00484880955" />
  <node id="27124" visible="true" version="1" lat="49.9999998984" lon="9.00485578626" />
  <node id="27125" visible="true" version="1" lat="49.99999989811" lon="9.00486276296" />
  <node id="27126" visible="true" version="1" lat="49.99999989781" lon="9.00486973966" />
  <node id="27127" visible="true" version="1" lat="49.99999989752" lon="9.00487671637" />
  <node id="27128" visible="true" version="1" lat="49.99999989723" lon="9.00488369307" />
  <node id="27129" visible="true" version="1" lat="49.99999989693" lon="9.00489066978" />
  <node id="27130" visible="true" version="1" lat="49.99999989664" lon="9.00489764648" />
  <node id="27131" visible="true" version="1" lat="49.99999989635" lon="9.00490462319" />
  <node id="27132" visible="true" version="1" lat="49.99999989605" lon="9.00491159989" />
  <node id="27133" visible="true" version="1" lat="49.99999989575" lon="9.0049185766" />
  <node id="27134" visible="true" version="1" lat="49.99999989546" lon="9.0049255533" />
  <node id="27135" visible="true" version="1" lat="49.99999989516" lon="9.00493253" />
  <node id="27136" visible="true" version="1" lat="49.99999989487" lon="9.00493950671" />
  <node id="27137" visible="true" version="1" lat="49.99999989457" lon="9.00494648341" />
  <node id="27138" visible="true" version="1" lat="49.99999989427" lon="9.00495346012" />
  <node id="27139" visible="true" version="1" lat="49.99999989397" lon="9.00496043682" />
  <node id="27140" visible="true" version="1" lat="49.99999989367" lon="9.00496741353" />
  <node id="27141" visible="true" version="1" lat="49.99999989338" lon="9.00497439023" />
  <node id="27142" visible="true" version="1" lat="49.99999989308" lon="9.00498136693" />
  <node id="27143" visible="true" version="1" lat="49.99999989278" lon="9.00498834364" />
  <node id="27144" visible="true" version="1" lat="49.99999989248" lon="9.00499532034" />
  <node id="27145" visible="true" version="1" lat="49.99999989218" lon="9.00500229705" />
  <node id="27146" visible="true" version="1" lat="49.99999989188" lon="9.00500927375" />
  <node id="27147" visible="true" version="1" lat="49.99999989157" lon="9.00501625046" />
  <node id="27148" visible="true" version="1" lat="49.99999989127" lon="9.00502322716" />
  <node id="27149" visible="true" version="1" lat="49.99999989097" lon="9.00503020387" />
  <node id="27150" visible="true" version="1" lat="49.99999989067" lon="9.00503718057" />
  <node id="27151" visible="true" version="1" lat="49.99999989036" lon="9.00504415727" />
  <node id="27152" visible="true" version="1" lat="49.99999989006" lon="9.00505113398" />
  <node id="27153" visible="true" version="1" lat="49.99999988976" lon="9.00505811068" />
  <node id="27154" visible="true" version="1" lat="49.99999988945" lon="9.00506508739" />
  <node id="27155" visible="true" version="1" lat="49.99999988915" lon="9.00507206409" />
  <node id="27156" visible="true" version="1" lat="49.99999988884" lon="9.0050790408" />
  <node id="27157" visible="true" version="1" lat="49.99999988854" lon="9.0050860175" />
  <node id="27158" visible="true" version="1" lat="49.99999988823" lon="9.0050929942" />
  <node id="27159" visible="true" version="1" lat="49.99999988792" lon="9.00509997091" />
  <node id="27160" visible="true" version="1" lat="49.99999988762" lon="9.00510694761" />
  <node id="27161" visible="true" version="1" lat="49.99999988731" lon="9.00511392432" />
  <node id="27162" visible="true" version="1" lat="49.999999887" lon="9.00512090102" />
  <node id="27163" visible="true" version="1" lat="49.99999988669" lon="9.00512787773" />
  <node id="27164" visible="true" version="1" lat="49.99999988639" lon="9.00513485443" />
  <node id="27165" visible="true" version="1" lat="49.99999988608" lon="9.00514183114" />
  <node id="27166" visible="true" version="1" lat="49.99999988577" lon="9.00514880784" />
  <node id="27167" visible="true" version="1" lat="49.99999988546" lon="9.00515578454" />
  <node id="27168" visible="true" version="1" lat="49.99999988515" lon="9.00516276125" />
  <node id="27169" visible="true" version="1" lat="49.99999988484" lon="9.00516973795" />
  <node id="27170" visible="true" version="1" lat="49.99999988453" lon="9.00517671466" />
  <node id="27171" visible="true" version="1" lat="49.99999988421" lon="9.00518369136" />
  <node id="27172" visible="true" version="1" lat="49.9999998839" lon="9.00519066807" />
  <node id="27173" visible="true" version="1" lat="49.99999988359" lon="9.00519764477" />
  <node id="27174" visible="true" version="1" lat="49.99999988328" lon="9.00520462147" />
  <node id="27175" visible="true" version="1" lat="49.99999988296" lon="9.00521159818" />
  <node id="27176" visible="true" version="1" lat="49.99999988265" lon="9.00521857488" />
  <node id="27177" visible="true" version="1" lat="49.99999988234" lon="9.00522555159" />
  <node id="27178" visible="true" version="1" lat="49.99999988202" lon="9.00523252829" />
  <node id="27179" visible="true" version="1" lat="49.99999988171" lon="9.005239505" />
  <node id="27180" visible="true" version="1" lat="49.99999988139" lon="9.0052464817" />
  <node id="27181" visible="true" version="1" lat="49.99999988108" lon="9.0052534584" />
  <node id="27182" visible="true" version="1" lat="49.99999988076" lon="9.00526043511" />
  <node id="27183" visible="true" version="1" lat="49.99999988044" lon="9.00526741181" />
  <node id="27184" visible="true" version="1" lat="49.99999988013" lon="9.00527438852" />
  <node id="27185" visible="true" version="1" lat="49.99999987981" lon="9.00528136522" />
  <node id="27186" visible="true" version="1" lat="49.99999987949" lon="9.00528834193" />
  <node id="27187" visible="true" version="1" lat="49.99999987917" lon="9.00529531863" />
  <node id="27188" visible="true" version="1" lat="49.99999987886" lon="9.00530229534" />
  <node id="27189" visible="true" version="1" lat="49.99999987854" lon="9.00530927204" />
  <node id="27190" visible="true" version="1" lat="49.99999987822" lon="9.00531624874" />
  <node id="27191" visible="true" version="1" lat="49.9999998779" lon="9.00532322545" />
  <node id="27192" visible="true" version="1" lat="49.99999987758" lon="9.00533020215" />
  <node id="27193" visible="true" version="1" lat="49.99999987726" lon="9.00533717886" />
  <node id="27194" visible="true" version="1" lat="49.99999987693" lon="9.00534415556" />
  <node id="27195" visible="true" version="1" lat="49.99999987661" lon="9.00535113227" />
  <node id="27196" visible="true" version="1" lat="49.99999987629" lon="9.00535810897" />
  <node id="27197" visible="true" version="1" lat="49.99999987597" lon="9.00536508567" />
  <node id="27198" visible="true" version="1" lat="49.99999987565" lon="9.00537206238" />
  <node id="27199" visible="true" version="1" lat="49.99999987532" lon="9.00537903908" />
  <node id="27200" visible="true" version="1" lat="49.999999875" lon="9.00538601579" />
  <node id="27201" visible="true" version="1" lat="49.99999987468" lon="9.00539299249" />
  <node id="27202" visible="true" version="1" lat="49.99999987435" lon="9.0053999692" />
  <node id="27203" visible="true" version="1" lat="49.99999987403" lon="9.0054069459" />
  <node id="27204" visible="true" version="1" lat="49.9999998737" lon="9.00541392261" />
  <node id="27205" visible="true" version="1" lat="49.99999987338" lon="9.00542089931" />
  <node id="27206" visible="true" version="1" lat="49.99999987305" lon="9.00542787601" />
  <node id="27207" visible="true" version="1" lat="49.99999987272" lon="9.00543485272" />
  <node id="27208" visible="true" version="1" lat="49.9999998724" lon="9.00544182942" />
  <node id="27209" visible="true" version="1" lat="49.99999987207" lon="9.00544880613" />
  <node id="27210" visible="true" version="1" lat="49.99999987174" lon="9.00545578283" />
  <node id="27211" visible="true" version="1" lat="49.99999987141" lon="9.00546275954" />
  <node id="27212" visible="true" version="1" lat="49.99999987108" lon="9.00546973624" />
  <node id="27213" visible="true" version="1" lat="49.99999987075" lon="9.00547671294" />
  <node id="27214" visible="true" version="1" lat="49.99999987042" lon="9.00548368965" />
  <node id="27215" visible="true" version="1" lat="49.99999987009" lon="9.00549066635" />
  <node id="27216" visible="true" version="1" lat="49.99999986976" lon="9.00549764306" />
  <node id="27217" visible="true" version="1" lat="49.99999986943" lon="9.00550461976" />
  <node id="27218" visible="true" version="1" lat="49.9999998691" lon="9.00551159647" />
  <node id="27219" visible="true" version="1" lat="49.99999986877" lon="9.00551857317" />
  <node id="27220" visible="true" version="1" lat="49.99999986844" lon="9.00552554987" />
  <node id="27221" visible="true" version="1" lat="49.99999986811" lon="9.00553252658" />
  <node id="27222" visible="true" version="1" lat="49.99999986777" lon="9.00553950328" />
  <node id="27223" visible="true" version="1" lat="49.99999986744" lon="9.00554647999" />
  <node id="27224" visible="true" version="1" lat="49.99999986711" lon="9.00555345669" />
  <node id="27225" visible="true" version="1" lat="49.99999986677" lon="9.0055604334" />
  <node id="27226" visible="true" version="1" lat="49.99999986644" lon="9.0055674101" />
  <node id="27227" visible="true" version="1" lat="49.9999998661" lon="9.00557438681" />
  <node id="27228" visible="true" version="1" lat="49.99999986577" lon="9.00558136351" />
  <node id="27229" visible="true" version="1" lat="49.99999986543" lon="9.00558834021" />
  <node id="27230" visible="true" version="1" lat="49.9999998651" lon="9.00559531692" />
  <node id="27231" visible="true" version="1" lat="49.99999986476" lon="9.00560229362" />
  <node id="27232" visible="true" version="1" lat="49.99999986442" lon="9.00560927033" />
  <node id="27233" visible="true" version="1" lat="49.99999986408" lon="9.00561624703" />
  <node id="27234" visible="true" version="1" lat="49.99999986375" lon="9.00562322374" />
  <node id="27235" visible="true" version="1" lat="49.99999986341" lon="9.00563020044" />
  <node id="27236" visible="true" version="1" lat="49.99999986307" lon="9.00563717714" />
  <node id="27237" visible="true" version="1" lat="49.99999986273" lon="9.00564415385" />
  <node id="27238" visible="true" version="1" lat="49.99999986239" lon="9.00565113055" />
  <node id="27239" visible="true" version="1" lat="49.99999986205" lon="9.00565810726" />
  <node id="27240" visible="true" version="1" lat="49.99999986171" lon="9.00566508396" />
  <node id="27241" visible="true" version="1" lat="49.99999986137" lon="9.00567206067" />
  <node id="27242" visible="true" version="1" lat="49.99999986103" lon="9.00567903737" />
  <node id="27243" visible="true" version="1" lat="49.99999986069" lon="9.00568601407" />
  <node id="27244" visible="true" version="1" lat="49.99999986034" lon="9.00569299078" />
  <node id="27245" visible="true" version="1" lat="49.99999986" lon="9.00569996748" />
  <node id="27246" visible="true" version="1" lat="49.99999985966" lon="9.00570694419" />
  <node id="27247" visible="true" version="1" lat="49.99999985932" lon="9.00571392089" />
  <node id="27248" visible="true" version="1" lat="49.99999985897" lon="9.0057208976" />
  <node id="27249" visible="true" version="1" lat="49.99999985863" lon="9.0057278743" />
  <node id="27250" visible="true" version="1" lat="49.99999985828" lon="9.00573485101" />
  <node id="27251" visible="true" version="1" lat="49.99999985794" lon="9.00574182771" />
  <node id="27252" visible="true" version="1" lat="49.99999985759" lon="9.00574880441" />
  <node id="27253" visible="true" version="1" lat="49.99999985725" lon="9.00575578112" />
  <node id="27254" visible="true" version="1" lat="49.9999998569" lon="9.00576275782" />
  <node id="27255" visible="true" version="1" lat="49.99999985655" lon="9.00576973453" />
  <node id="27256" visible="true" version="1" lat="49.99999985621" lon="9.00577671123" />
  <node id="27257" visible="true" version="1" lat="49.99999985586" lon="9.00578368794" />
  <node id="27258" visible="true" version="1" lat="49.99999985551" lon="9.00579066464" />
  <node id="27259" visible="true" version="1" lat="49.99999985516" lon="9.00579764134" />
  <node id="27260" visible="true" version="1" lat="49.99999985481" lon="9.00580461805" />
  <node id="27261" visible="true" version="1" lat="49.99999985447" lon="9.00581159475" />
  <node id="27262" visible="true" version="1" lat="49.99999985412" lon="9.00581857146" />
  <node id="27263" visible="true" version="1" lat="49.99999985377" lon="9.00582554816" />
  <node id="27264" visible="true" version="1" lat="49.99999985341" lon="9.00583252487" />
  <node id="27265" visible="true" version="1" lat="49.99999985306" lon="9.00583950157" />
  <node id="27266" visible="true" version="1" lat="49.99999985271" lon="9.00584647827" />
  <node id="27267" visible="true" version="1" lat="49.99999985236" lon="9.00585345498" />
  <node id="27268" visible="true" version="1" lat="49.99999985201" lon="9.00586043168" />
  <node id="27269" visible="true" version="1" lat="49.99999985166" lon="9.00586740839" />
  <node id="27270" visible="true" version="1" lat="49.9999998513" lon="9.00587438509" />
  <node id="27271" visible="true" version="1" lat="49.99999985095" lon="9.0058813618" />
  <node id="27272" visible="true" version="1" lat="49.9999998506" lon="9.0058883385" />
  <node id="27273" visible="true" version="1" lat="49.99999985024" lon="9.00589531521" />
  <node id="27274" visible="true" version="1" lat="49.99999984989" lon="9.00590229191" />
  <node id="27275" visible="true" version="1" lat="49.99999984953" lon="9.00590926861" />
  <node id="27276" visible="true" version="1" lat="49.99999984918" lon="9.00591624532" />
  <node id="27277" visible="true" version="1" lat="49.99999984882" lon="9.00592322202" />
  <node id="27278" visible="true" version="1" lat="49.99999984846" lon="9.00593019873" />
  <node id="27279" visible="true" version="1" lat="49.99999984811" lon="9.00593717543" />
  <node id="27280" visible="true" version="1" lat="49.99999984775" lon="9.00594415214" />
  <node id="27281" visible="true" version="1" lat="49.99999984739" lon="9.00595112884" />
  <node id="27282" visible="true" version="1" lat="49.99999984703" lon="9.00595810554" />
  <node id="27283" visible="true" version="1" lat="49.99999984668" lon="9.00596508225" />
  <node id="27284" visible="true" version="1" lat="49.99999984632" lon="9.00597205895" />
  <node id="27285" visible="true" version="1" lat="49.99999984596" lon="9.00597903566" />
  <node id="27286" visible="true" version="1" lat="49.9999998456" lon="9.00598601236" />
  <node id="27287" visible="true" version="1" lat="49.99999984524" lon="9.00599298907" />
  <node id="27288" visible="true" version="1" lat="49.99999984488" lon="9.00599996577" />
  <node id="27289" visible="true" version="1" lat="49.99999984452" lon="9.00600694247" />
  <node id="27290" visible="true" version="1" lat="49.99999984416" lon="9.00601391918" />
  <node id="27291" visible="true" version="1" lat="49.99999984379" lon="9.00602089588" />
  <node id="27292" visible="true" version="1" lat="49.99999984343" lon="9.00602787259" />
  <node id="27293" visible="true" version="1" lat="49.99999984307" lon="9.00603484929" />
  <node id="27294" visible="true" version="1" lat="49.99999984271" lon="9.006041826" />
  <node id="27295" visible="true" version="1" lat="49.99999984234" lon="9.0060488027" />
  <node id="27296" visible="true" version="1" lat="49.99999984198" lon="9.00605577941" />
  <node id="27297" visible="true" version="1" lat="49.99999984161" lon="9.00606275611" />
  <node id="27298" visible="true" version="1" lat="49.99999984125" lon="9.00606973281" />
  <node id="27299" visible="true" version="1" lat="49.99999984088" lon="9.00607670952" />
  <node id="27300" visible="true" version="1" lat="49.99999984052" lon="9.00608368622" />
  <node id="27301" visible="true" version="1" lat="49.99999984015" lon="9.00609066293" />
  <node id="27302" visible="true" version="1" lat="49.99999983979" lon="9.00609763963" />
  <node id="27303" visible="true" version="1" lat="49.99999983942" lon="9.00610461634" />
  <node id="27304" visible="true" version="1" lat="49.99999983905" lon="9.00611159304" />
  <node id="27305" visible="true" version="1" lat="49.99999983868" lon="9.00611856974" />
  <node id="27306" visible="true" version="1" lat="49.99999983832" lon="9.00612554645" />
  <node id="27307" visible="true" version="1" lat="49.99999983795" lon="9.00613252315" />
  <node id="27308" visible="true" version="1" lat="49.99999983758" lon="9.00613949986" />
  <node id="27309" visible="true" version="1" lat="49.99999983721" lon="9.00614647656" />
  <node id="27310" visible="true" version="1" lat="49.99999983684" lon="9.00615345327" />
  <node id="27311" visible="true" version="1" lat="49.99999983647" lon="9.00616042997" />
  <node id="27312" visible="true" version="1" lat="49.9999998361" lon="9.00616740667" />
  <node id="27313" visible="true" version="1" lat="49.99999983573" lon="9.00617438338" />
  <node id="27314" visible="true" version="1" lat="49.99999983536" lon="9.00618136008" />
  <node id="27315" visible="true" version="1" lat="49.99999983498" lon="9.00618833679" />
  <node id="27316" visible="true" version="1" lat="49.99999983461" lon="9.00619531349" />
  <node id="27317" visible="true" version="1" lat="49.99999983424" lon="9.0062022902" />
  <node id="27318" visible="true" version="1" lat="49.99999983387" lon="9.0062092669" />
  <node id="27319" visible="true" version="1" lat="49.99999983349" lon="9.0062162436" />
  <node id="27320" visible="true" version="1" lat="49.99999983312" lon="9.00622322031" />
  <node id="27321" visible="true" version="1" lat="49.99999983274" lon="9.00623019701" />
  <node id="27322" visible="true" version="1" lat="49.99999983237" lon="9.00623717372" />
  <node id="27323" visible="true" version="1" lat="49.99999983199" lon="9.00624415042" />
  <node id="27324" visible="true" version="1" lat="49.99999983162" lon="9.00625112713" />
  <node id="27325" visible="true" version="1" lat="49.99999983124" lon="9.00625810383" />
  <node id="27326" visible="true" version="1" lat="49.99999983087" lon="9.00626508054" />
  <node id="27327" visible="true" version="1" lat="49.99999983049" lon="9.00627205724" />
  <node id="27328" visible="true" version="1" lat="49.99999983011" lon="9.00627903394" />
  <node id="27329" visible="true" version="1" lat="49.99999982973" lon="9.00628601065" />
  <node id="27330" visible="true" version="1" lat="49.99999982936" lon="9.00629298735" />
  <node id="27331" visible="true" version="1" lat="49.99999982898" lon="9.00629996406" />
  <node id="27332" visible="true" version="1" lat="49.9999998286" lon="9.00630694076" />
  <node id="27333" visible="true" version="1" lat="49.99999982822" lon="9.00631391747" />
  <node id="27334" visible="true" version="1" lat="49.99999982784" lon="9.00632089417" />
  <node id="27335" visible="true" version="1" lat="49.99999982746" lon="9.00632787087" />
  <node id="27336" visible="true" version="1" lat="49.99999982708" lon="9.00633484758" />
  <node id="27337" visible="true" version="1" lat="49.9999998267" lon="9.00634182428" />
  <node id="27338" visible="true" version="1" lat="49.99999982632" lon="9.00634880099" />
  <node id="27339" visible="true" version="1" lat="49.99999982593" lon="9.00635577769" />
  <node id="27340" visible="true" version="1" lat="49.99999982555" lon="9.0063627544" />
  <node id="27341" visible="true" version="1" lat="49.99999982517" lon="9.0063697311" />
  <node id="27342" visible="true" version="1" lat="49.99999982479" lon="9.0063767078" />
  <node id="27343" visible="true" version="1" lat="49.9999998244" lon="9.00638368451" />
  <node id="27344" visible="true" version="1" lat="49.99999982402" lon="9.00639066121" />
  <node id="27345" visible="true" version="1" lat="49.99999982363" lon="9.00639763792" />
  <node id="27346" visible="true" version="1" lat="49.99999982325" lon="9.00640461462" />
  <node id="27347" visible="true" version="1" lat="49.99999982286" lon="9.00641159133" />
  <node id="27348" visible="true" version="1" lat="49.99999982248" lon="9.00641856803" />
  <node id="27349" visible="true" version="1" lat="49.99999982209" lon="9.00642554474" />
  <node id="27350" visible="true" version="1" lat="49.99999982171" lon="9.00643252144" />
  <node id="27351" visible="true" version="1" lat="49.99999982132" lon="9.00643949814" />
  <node id="27352" visible="true" version="1" lat="49.99999982093" lon="9.00644647485" />
  <node id="27353" visible="true" version="1" lat="49.99999982054" lon="9.00645345155" />
  <node id="27354" visible="true" version="1" lat="49.99999982015" lon="9.00646042826" />
  <node id="27355" visible="true" version="1" lat="49.99999981977" lon="9.00646740496" />
  <node id="27356" visible="true" version="1" lat="49.99999981938" lon="9.00647438167" />
  <node id="27357" visible="true" version="1" lat="49.99999981899" lon="9.00648135837" />
  <node id="27358" visible="true" version="1" lat="49.9999998186" lon="9.00648833507" />
  <node id="27359" visible="true" version="1" lat="49.99999981821" lon="9.00649531178" />
  <node id="27360" visible="true" version="1" lat="49.99999981782" lon="9.00650228848" />
  <node id="27361" visible="true" version="1" lat="49.99999981743" lon="9.00650926519" />
  <node id="27362" visible="true" version="1" lat="49.99999981703" lon="9.00651624189" />
  <node id="27363" visible="true" version="1" lat="49.99999981664" lon="9.0065232186" />
  <node id="27364" visible="true" version="1" lat="49.99999981625" lon="9.0065301953" />
  <node id="27365" visible="true" version="1" lat="49.99999981586" lon="9.006537172" />
  <node id="27366" visible="true" version="1" lat="49.99999981546" lon="9.00654414871" />
  <node id="27367" visible="true" version="1" lat="49.99999981507" lon="9.00655112541" />
  <node id="27368" visible="true" version="1" lat="49.99999981468" lon="9.00655810212" />
  <node id="27369" visible="true" version="1" lat="49.99999981428" lon="9.00656507882" />
  <node id="27370" visible="true" version="1" lat="49.99999981389" lon="9.00657205553" />
  <node id="27371" visible="true" version="1" lat="49.99999981349" lon="9.00657903223" />
  <node id="27372" visible="true" version="1" lat="49.99999981309" lon="9.00658600893" />
  <node id="27373" visible="true" version="1" lat="49.9999998127" lon="9.00659298564" />
  <node id="27374" visible="true" version="1" lat="49.9999998123" lon="9.00659996234" />
  <node id="27375" visible="true" version="1" lat="49.99999981191" lon="9.00660693905" />
  <node id="27376" visible="true" version="1" lat="49.99999981151" lon="9.00661391575" />
  <node id="27377" visible="true" version="1" lat="49.99999981111" lon="9.00662089246" />
  <node id="27378" visible="true" version="1" lat="49.99999981071" lon="9.00662786916" />
  <node id="27379" visible="true" version="1" lat="49.99999981031" lon="9.00663484587" />
  <node id="27380" visible="true" version="1" lat="49.99999980991" lon="9.00664182257" />
  <node id="27381" visible="true" version="1" lat="49.99999980951" lon="9.00664879927" />
  <node id="27382" visible="true" version="1" lat="49.99999980911" lon="9.00665577598" />
  <node id="27383" visible="true" version="1" lat="49.99999980871" lon="9.00666275268" />
  <node id="27384" visible="true" version="1" lat="49.99999980831" lon="9.00666972939" />
  <node id="27385" visible="true" version="1" lat="49.99999980791" lon="9.00667670609" />
  <node id="27386" visible="true" version="1" lat="49.99999980751" lon="9.0066836828" />
  <node id="27387" visible="true" version="1" lat="49.99999980711" lon="9.0066906595" />
  <node id="27388" visible="true" version="1" lat="49.99999980671" lon="9.0066976362" />
  <node id="27389" visible="true" version="1" lat="49.9999998063" lon="9.00670461291" />
  <node id="27390" visible="true" version="1" lat="49.9999998059" lon="9.00671158961" />
  <node id="27391" visible="true" version="1" lat="49.9999998055" lon="9.00671856632" />
  <node id="27392" visible="true" version="1" lat="49.99999980509" lon="9.00672554302" />
  <node id="27393" visible="true" version="1" lat="49.99999980469" lon="9.00673251973" />
  <node id="27394" visible="true" version="1" lat="49.99999980428" lon="9.00673949643" />
  <node id="27395" visible="true" version="1" lat="49.99999980388" lon="9.00674647313" />
  <node id="27396" visible="true" version="1" lat="49.99999980347" lon="9.00675344984" />
  <node id="27397" visible="true" version="1" lat="49.99999980306" lon="9.00676042654" />
  <node id="27398" visible="true" version="1" lat="49.99999980266" lon="9.00676740325" />
  <node id="27399" visible="true" version="1" lat="49.99999980225" lon="9.00677437995" />
  <node id="27400" visible="true" version="1" lat="49.99999980184" lon="9.00678135666" />
  <node id="27401" visible="true" version="1" lat="49.99999980143" lon="9.00678833336" />
  <node id="27402" visible="true" version="1" lat="49.99999980103" lon="9.00679531006" />
  <node id="27403" visible="true" version="1" lat="49.99999980062" lon="9.00680228677" />
  <node id="27404" visible="true" version="1" lat="49.99999980021" lon="9.00680926347" />
  <node id="27405" visible="true" version="1" lat="49.9999997998" lon="9.00681624018" />
  <node id="27406" visible="true" version="1" lat="49.99999979939" lon="9.00682321688" />
  <node id="27407" visible="true" version="1" lat="49.99999979898" lon="9.00683019359" />
  <node id="27408" visible="true" version="1" lat="49.99999979857" lon="9.00683717029" />
  <node id="27409" visible="true" version="1" lat="49.99999979816" lon="9.00684414699" />
  <node id="27410" visible="true" version="1" lat="49.99999979774" lon="9.0068511237" />
  <node id="27411" visible="true" version="1" lat="49.99999979733" lon="9.0068581004" />
  <node id="27412" visible="true" version="1" lat="49.99999979692" lon="9.00686507711" />
  <node id="27413" visible="true" version="1" lat="49.99999979651" lon="9.00687205381" />
  <node id="27414" visible="true" version="1" lat="49.99999979609" lon="9.00687903052" />
  <node id="27415" visible="true" version="1" lat="49.99999979568" lon="9.00688600722" />
  <node id="27416" visible="true" version="1" lat="49.99999979527" lon="9.00689298393" />
  <node id="27417" visible="true" version="1" lat="49.99999979485" lon="9.00689996063" />
  <node id="27418" visible="true" version="1" lat="49.99999979444" lon="9.00690693733" />
  <node id="27419" visible="true" version="1" lat="49.99999979402" lon="9.00691391404" />
  <node id="27420" visible="true" version="1" lat="49.9999997936" lon="9.00692089074" />
  <node id="27421" visible="true" version="1" lat="49.99999979319" lon="9.00692786745" />
  <node id="27422" visible="true" version="1" lat="49.99999979277" lon="9.00693484415" />
  <node id="27423" visible="true" version="1" lat="49.99999979235" lon="9.00694182086" />
  <node id="27424" visible="true" version="1" lat="49.99999979194" lon="9.00694879756" />
  <node id="27425" visible="true" version="1" lat="49.99999979152" lon="9.00695577426" />
  <node id="27426" visible="true" version="1" lat="49.9999997911" lon="9.00696275097" />
  <node id="27427" visible="true" version="1" lat="49.99999979068" lon="9.00696972767" />
  <node id="27428" visible="true" version="1" lat="49.99999979026" lon="9.00697670438" />
  <way id="23421" visible="true" version="1">
    <nd ref="22420" />
    <nd ref="22421" />
    <nd ref="22422" />
    <nd ref="22423" />
    <nd ref="22424" />
    <nd ref="22425" />
    <nd ref="22426" />
    <nd ref="22427" />
    <nd ref="22428" />
    <nd ref="22429" />
    <nd ref="22430" />
    <nd ref="22431" />
    <nd ref="22432" />
    <nd ref="22433" />
    <nd ref="22434" />
    <nd ref="22435" />
    <nd ref="22436" />
    <nd ref="22437" />
    <nd ref="22438" />
    <nd ref="22439" />
    <nd ref="22440" />
    <nd ref="22441" />
    <nd ref="22442" />
    <nd ref="22443" />
    <nd ref="22444" />
    <nd ref="22445" />
    <nd ref="22446" />
    <nd ref="22447" />
    <nd ref="22448" />
    <nd ref="22449" />
    <nd ref="22450" />
    <nd ref="22451" />
    <nd ref="22452" />
    <nd ref="22453" />
    <nd ref="22454" />
    <nd ref="22455" />
    <nd ref="22456" />
    <nd ref="22457" />
    <nd ref="22458" />
    <nd ref="22459" />
    <nd ref="22460" />
    <nd ref="22461" />
    <nd ref="22462" />
    <nd ref="22463" />
    <nd ref="22464" />
    <nd ref="22465" />
    <nd ref="22466" />
    <nd ref="22467" />
    <nd ref="22468" />
    <nd ref="22469" />
    <nd ref="22470" />
    <nd ref="22471" />
    <nd ref="22472" />
    <nd ref="22473" />
    <nd ref="22474" />
    <nd ref="22475" />
    <nd ref="22476" />
    <nd ref="22477" />
    <nd ref="22478" />
    <nd ref="22479" />
    <nd ref="22480" />
    <nd ref="22481" />
    <nd ref="22482" />
    <nd ref="22483" />
    <nd ref="22484" />
    <nd ref="22485" />
    <nd ref="22486" />
    <nd ref="22487" />
    <nd ref="22488" />
    <nd ref="22489" />
    <nd ref="22490" />
    <nd ref="22491" />
    <nd ref="22492" />
    <nd ref="22493" />
    <nd ref="22494" />
    <nd ref="22495" />
    <nd ref="22496" />
    <nd ref="22497" />
    <nd ref="22498" />
    <nd ref="22499" />
    <nd ref="22500" />
    <nd ref="22501" />
    <nd ref="22502" />
    <nd ref="22503" />
    <nd ref="22504" />
    <nd ref="22505" />
    <nd ref="22506" />
    <nd ref="22507" />
    <nd ref="22508" />
    <nd ref="22509" />
    <nd ref="22510" />
    <nd ref="22511" />
    <nd ref="22512" />
    <nd ref="22513" />
    <nd ref="22514" />
    <nd ref="22515" />
    <nd ref="22516" />
    <nd ref="22517" />
    <nd ref="22518" />
    <nd ref="22519" />
    <nd ref="22520" />
    <nd ref="22521" />
    <nd ref="22522" />
    <nd ref="22523" />
    <nd ref="22524" />
    <nd ref="22525" />
    <nd ref="22526" />
    <nd ref="22527" />
    <nd ref="22528" />
    <nd ref="22529" />
    <nd ref="22530" />
    <nd ref="22531" />
    <nd ref="22532" />
    <nd ref="22533" />
    <nd ref="22534" />
    <nd ref="22535" />
    <nd ref="22536" />
    <nd ref="22537" />
    <nd ref="22538" />
    <nd ref="22539" />
    <nd ref="22540" />
    <nd ref="22541" />
    <nd ref="22542" />
    <nd ref="22543" />
    <nd ref="22544" />
    <nd ref="22545" />
    <nd ref="22546" />
    <nd ref="22547" />
    <nd ref="22548" />
    <nd ref="22549" />
    <nd ref="22550" />
    <nd ref="22551" />
    <nd ref="22552" />
    <nd ref="22553" />
    <nd ref="22554" />
    <nd ref="22555" />
    <nd ref="22556" />
    <nd ref="22557" />
    <nd ref="22558" />
    <nd ref="22559" />
    <nd ref="22560" />
    <nd ref="22561" />
    <nd ref="22562" />
    <nd ref="22563" />
    <nd ref="22564" />
    <nd ref="22565" />
    <nd ref="22566" />
    <nd ref="22567" />
    <nd ref="22568" />
    <nd ref="22569" />
    <nd ref="22570" />
    <nd ref="22571" />
    <nd ref="22572" />
    <nd ref="22573" />
    <nd ref="22574" />
    <nd ref="22575" />
    <nd ref="22576" />
    <nd ref="22577" />
    <nd ref="22578" />
    <nd ref="22579" />
    <nd ref="22580" />
    <nd ref="22581" />
    <nd ref="22582" />
    <nd ref="22583" />
    <nd ref="22584" />
    <nd ref="22585" />
    <nd ref="22586" />
    <nd ref="22587" />
    <nd ref="22588" />
    <nd ref="22589" />
    <nd ref="22590" />
    <nd ref="22591" />
    <nd ref="22592" />
    <nd ref="22593" />
    <nd ref="22594" />
    <nd ref="22595" />
    <nd ref="22596" />
    <nd ref="22597" />
    <nd ref="22598" />
    <nd ref="22599" />
    <nd ref="22600" />
    <nd ref="22601" />
    <nd ref="22602" />
    <nd ref="22603" />
    <nd ref="22604" />
    <nd ref="22605" />
    <nd ref="22606" />
    <nd ref="22607" />
    <nd ref="22608" />
    <nd ref="22609" />
    <nd ref="22610" />
    <nd ref="22611" />
    <nd ref="22612" />
    <nd ref="22613" />
    <nd ref="22614" />
    <nd ref="22615" />
    <nd ref="22616" />
    <nd ref="22617" />
    <nd ref="22618" />
    <nd ref="22619" />
    <nd ref="22620" />
    <nd ref="22621" />
    <nd ref="22622" />
    <nd ref="22623" />
    <nd ref="22624" />
    <nd ref="22625" />
    <nd ref="22626" />
    <nd ref="22627" />
    <nd ref="22628" />
    <nd ref="22629" />
    <nd ref="22630" />
    <nd ref="22631" />
    <nd ref="22632" />
    <nd ref="22633" />
    <nd ref="22634" />
    <nd ref="22635" />
    <nd ref="22636" />
    <nd ref="22637" />
    <nd ref="22638" />
    <nd ref="22639" />
    <nd ref="22640" />
    <nd ref="22641" />
    <nd ref="22642" />
    <nd ref="22643" />
    <nd ref="22644" />
    <nd ref="22645" />
    <nd ref="22646" />
    <nd ref="22647" />
    <nd ref="22648" />
    <nd ref="22649" />
    <nd ref="22650" />
    <nd ref="22651" />
    <nd ref="22652" />
    <nd ref="22653" />
    <nd ref="22654" />
    <nd ref="22655" />
    <nd ref="22656" />
    <nd ref="22657" />
    <nd ref="22658" />
    <nd ref="22659" />
    <nd ref="22660" />
    <nd ref="22661" />
    <nd ref="22662" />
    <nd ref="22663" />
    <nd ref="22664" />
    <nd ref="22665" />
    <nd ref="22666" />
    <nd ref="22667" />
    <nd ref="22668" />
    <nd ref="22669" />
    <nd ref="22670" />
    <nd ref="22671" />
    <nd ref="22672" />
    <nd ref="22673" />
    <nd ref="22674" />
    <nd ref="22675" />
    <nd ref="22676" />
    <nd ref="22677" />
    <nd ref="22678" />
    <nd ref="22679" />
    <nd ref="22680" />
    <nd ref="22681" />
    <nd ref="22682" />
    <nd ref="22683" />
    <nd ref="22684" />
    <nd ref="22685" />
    <nd ref="22686" />
    <nd ref="22687" />
    <nd ref="22688" />
    <nd ref="22689" />
    <nd ref="22690" />
    <nd ref="22691" />
    <nd ref="22692" />
    <nd ref="22693" />
    <nd ref="22694" />
    <nd ref="22695" />
    <nd ref="22696" />
    <nd ref="22697" />
    <nd ref="22698" />
    <nd ref="22699" />
    <nd ref="22700" />
    <nd ref="22701" />
    <nd ref="22702" />
    <nd ref="22703" />
    <nd ref="22704" />
    <nd ref="22705" />
    <nd ref="22706" />
    <nd ref="22707" />
    <nd ref="22708" />
    <nd ref="22709" />
    <nd ref="22710" />
    <nd ref="22711" />
    <nd ref="22712" />
    <nd ref="22713" />
    <nd ref="22714" />
    <nd ref="22715" />
    <nd ref="22716" />
    <nd ref="22717" />
    <nd ref="22718" />
    <nd ref="22719" />
    <nd ref="22720" />
    <nd ref="22721" />
    <nd ref="22722" />
    <nd ref="22723" />
    <nd ref="22724" />
    <nd ref="22725" />
    <nd ref="22726" />
    <nd ref="22727" />
    <nd ref="22728" />
    <nd ref="22729" />
    <nd ref="22730" />
    <nd ref="22731" />
    <nd ref="22732" />
    <nd ref="22733" />
    <nd ref="22734" />
    <nd ref="22735" />
    <nd ref="22736" />
    <nd ref="22737" />
    <nd ref="22738" />
    <nd ref="22739" />
    <nd ref="22740" />
    <nd ref="22741" />
    <nd ref="22742" />
    <nd ref="22743" />
    <nd ref="22744" />
    <nd ref="22745" />
    <nd ref="22746" />
    <nd ref="22747" />
    <nd ref="22748" />
    <nd ref="22749" />
    <nd ref="22750" />
    <nd ref="22751" />
    <nd ref="22752" />
    <nd ref="22753" />
    <nd ref="22754" />
    <nd ref="22755" />
    <nd ref="22756" />
    <nd ref="22757" />
    <nd ref="22758" />
    <nd ref="22759" />
    <nd ref="22760" />
    <nd ref="22761" />
    <nd ref="22762" />
    <nd ref="22763" />
    <nd ref="22764" />
    <nd ref="22765" />
    <nd ref="22766" />
    <nd ref="22767" />
    <nd ref="22768" />
    <nd ref="22769" />
    <nd ref="22770" />
    <nd ref="22771" />
    <nd ref="22772" />
    <nd ref="22773" />
    <nd ref="22774" />
    <nd ref="22775" />
    <nd ref="22776" />
    <nd ref="22777" />
    <nd ref="22778" />
    <nd ref="22779" />
    <nd ref="22780" />
    <nd ref="22781" />
    <nd ref="22782" />
    <nd ref="22783" />
    <nd ref="22784" />
    <nd ref="22785" />
    <nd ref="22786" />
    <nd ref="22787" />
    <nd ref="22788" />
    <nd ref="22789" />
    <nd ref="22790" />
    <nd ref="22791" />
    <nd ref="22792" />
    <nd ref="22793" />
    <nd ref="22794" />
    <nd ref="22795" />
    <nd ref="22796" />
    <nd ref="22797" />
    <nd ref="22798" />
    <nd ref="22799" />
    <nd ref="22800" />
    <nd ref="22801" />
    <nd ref="22802" />
    <nd ref="22803" />
    <nd ref="22804" />
    <nd ref="22805" />
    <nd ref="22806" />
    <nd ref="22807" />
    <nd ref="22808" />
    <nd ref="22809" />
    <nd ref="22810" />
    <nd ref="22811" />
    <nd ref="22812" />
    <nd ref="22813" />
    <nd ref="22814" />
    <nd ref="22815" />
    <nd ref="22816" />
    <nd ref="22817" />
    <nd ref="22818" />
    <nd ref="22819" />
    <nd ref="22820" />
    <nd ref="22821" />
    <nd ref="22822" />
    <nd ref="22823" />
    <nd ref="22824" />
    <nd ref="22825" />
    <nd ref="22826" />
    <nd ref="22827" />
    <nd ref="22828" />
    <nd ref="22829" />
    <nd ref="22830" />
    <nd ref="22831" />
    <nd ref="22832" />
    <nd ref="22833" />
    <nd ref="22834" />
    <nd ref="22835" />
    <nd ref="22836" />
    <nd ref="22837" />
    <nd ref="22838" />
    <nd ref="22839" />
    <nd ref="22840" />
    <nd ref="22841" />
    <nd ref="22842" />
    <nd ref="22843" />
    <nd ref="22844" />
    <nd ref="22845" />
    <nd ref="22846" />
    <nd ref="22847" />
    <nd ref="22848" />
    <nd ref="22849" />
    <nd ref="22850" />
    <nd ref="22851" />
    <nd ref="22852" />
    <nd ref="22853" />
    <nd ref="22854" />
    <nd ref="22855" />
    <nd ref="22856" />
    <nd ref="22857" />
    <nd ref="22858" />
    <nd ref="22859" />
    <nd ref="22860" />
    <nd ref="22861" />
    <nd ref="22862" />
    <nd ref="22863" />
    <nd ref="22864" />
    <nd ref="22865" />
    <nd ref="22866" />
    <nd ref="22867" />
    <nd ref="22868" />
    <nd ref="22869" />
    <nd ref="22870" />
    <nd ref="22871" />
    <nd ref="22872" />
    <nd ref="22873" />
    <nd ref="22874" />
    <nd ref="22875" />
    <nd ref="22876" />
    <nd ref="22877" />
    <nd ref="22878" />
    <nd ref="22879" />
    <nd ref="22880" />
    <nd ref="22881" />
    <nd ref="22882" />
    <nd ref="22883" />
    <nd ref="22884" />
    <nd ref="22885" />
    <nd ref="22886" />
    <nd ref="22887" />
    <nd ref="22888" />
    <nd ref="22889" />
    <nd ref="22890" />
    <nd ref="22891" />
    <nd ref="22892" />
    <nd ref="22893" />
    <nd ref="22894" />
    <nd ref="22895" />
    <nd ref="22896" />
    <nd ref="22897" />
    <nd ref="22898" />
    <nd ref="22899" />
    <nd ref="22900" />
    <nd ref="22901" />
    <nd ref="22902" />
    <nd ref="22903" />
    <nd ref="22904" />
    <nd ref="22905" />
    <nd ref="22906" />
    <nd ref="22907" />
    <nd ref="22908" />
    <nd ref="22909" />
    <nd ref="22910" />
    <nd ref="22911" />
    <nd ref="22912" />
    <nd ref="22913" />
    <nd ref="22914" />
    <nd ref="22915" />
    <nd ref="22916" />
    <nd ref="22917" />
    <nd ref="22918" />
    <nd ref="22919" />
    <nd ref="22920" />
    <nd ref="22921" />
    <nd ref="22922" />
    <nd ref="22923" />
    <nd ref="22924" />
    <nd ref="22925" />
    <nd ref="22926" />
    <nd ref="22927" />
    <nd ref="22928" />
    <nd ref="22929" />
    <nd ref="22930" />
    <nd ref="22931" />
    <nd ref="22932" />
    <nd ref="22933" />
    <nd ref="22934" />
    <nd ref="22935" />
    <nd ref="22936" />
    <nd ref="22937" />
    <nd ref="22938" />
    <nd ref="22939" />
    <nd ref="22940" />
    <nd ref="22941" />
    <nd ref="22942" />
    <nd ref="22943" />
    <nd ref="22944" />
    <nd ref="22945" />
    <nd ref="22946" />
    <nd ref="22947" />
    <nd ref="22948" />
    <nd ref="22949" />
    <nd ref="22950" />
    <nd ref="22951" />
    <nd ref="22952" />
    <nd ref="22953" />
    <nd ref="22954" />
    <nd ref="22955" />
    <nd ref="22956" />
    <nd ref="22957" />
    <nd ref="22958" />
    <nd ref="22959" />
    <nd ref="22960" />
    <nd ref="22961" />
    <nd ref="22962" />
    <nd ref="22963" />
    <nd ref="22964" />
    <nd ref="22965" />
    <nd ref="22966" />
    <nd ref="22967" />
    <nd ref="22968" />
    <nd ref="22969" />
    <nd ref="22970" />
    <nd ref="22971" />
    <nd ref="22972" />
    <nd ref="22973" />
    <nd ref="22974" />
    <nd ref="22975" />
    <nd ref="22976" />
    <nd ref="22977" />
    <nd ref="22978" />
    <nd ref="22979" />
    <nd ref="22980" />
    <nd ref="22981" />
    <nd ref="22982" />
    <nd ref="22983" />
    <nd ref="22984" />
    <nd ref="22985" />
    <nd ref="22986" />
    <nd ref="22987" />
    <nd ref="22988" />
    <nd ref="22989" />
    <nd ref="22990" />
    <nd ref="22991" />
    <nd ref="22992" />
    <nd ref="22993" />
    <nd ref="22994" />
    <nd ref="22995" />
    <nd ref="22996" />
    <nd ref="22997" />
    <nd ref="22998" />
    <nd ref="22999" />
    <nd ref="23000" />
    <nd ref="23001" />
    <nd ref="23002" />
    <nd ref="23003" />
    <nd ref="23004" />
    <nd ref="23005" />
    <nd ref="23006" />
    <nd ref="23007" />
    <nd ref="23008" />
    <nd ref="23009" />
    <nd ref="23010" />
    <nd ref="23011" />
    <nd ref="23012" />
    <nd ref="23013" />
    <nd ref="23014" />
    <nd ref="23015" />
    <nd ref="23016" />
    <nd ref="23017" />
    <nd ref="23018" />
    <nd ref="23019" />
    <nd ref="23020" />
    <nd ref="23021" />
    <nd ref="23022" />
    <nd ref="23023" />
    <nd ref="23024" />
    <nd ref="23025" />
    <nd ref="23026" />
    <nd ref="23027" />
    <nd ref="23028" />
    <nd ref="23029" />
    <nd ref="23030" />
    <nd ref="23031" />
    <nd ref="23032" />
    <nd ref="23033" />
    <nd ref="23034" />
    <nd ref="23035" />
    <nd ref="23036" />
    <nd ref="23037" />
    <nd ref="23038" />
    <nd ref="23039" />
    <nd ref="23040" />
    <nd ref="23041" />
    <nd ref="23042" />
    <nd ref="23043" />
    <nd ref="23044" />
    <nd ref="23045" />
    <nd ref="23046" />
    <nd ref="23047" />
    <nd ref="23048" />
    <nd ref="23049" />
    <nd ref="23050" />
    <nd ref="23051" />
    <nd ref="23052" />
    <nd ref="23053" />
    <nd ref="23054" />
    <nd ref="23055" />
    <nd ref="23056" />
    <nd ref="23057" />
    <nd ref="23058" />
    <nd ref="23059" />
    <nd ref="23060" />
    <nd ref="23061" />
    <nd ref="23062" />
    <nd ref="23063" />
    <nd ref="23064" />
    <nd ref="23065" />
    <nd ref="23066" />
    <nd ref="23067" />
    <nd ref="23068" />
    <nd ref="23069" />
    <nd ref="23070" />
    <nd ref="23071" />
    <nd ref="23072" />
    <nd ref="23073" />
    <nd ref="23074" />
    <nd ref="23075" />
    <nd ref="23076" />
    <nd ref="23077" />
    <nd ref="23078" />
    <nd ref="23079" />
    <nd ref="23080" />
    <nd ref="23081" />
    <nd ref="23082" />
    <nd ref="23083" />
    <nd ref="23084" />
    <nd ref="23085" />
    <nd ref="23086" />
    <nd ref="23087" />
    <nd ref="23088" />
    <nd ref="23089" />
    <nd ref="23090" />
    <nd ref="23091" />
    <nd ref="23092" />
    <nd ref="23093" />
    <nd ref="23094" />
    <nd ref="23095" />
    <nd ref="23096" />
    <nd ref="23097" />
    <nd ref="23098" />
    <nd ref="23099" />
    <nd ref="23100" />
    <nd ref="23101" />
    <nd ref="23102" />
    <nd ref="23103" />
    <nd ref="23104" />
    <nd ref="23105" />
    <nd ref="23106" />
    <nd ref="23107" />
    <nd ref="23108" />
    <nd ref="23109" />
    <nd ref="23110" />
    <nd ref="23111" />
    <nd ref="23112" />
    <nd ref="23113" />
    <nd ref="23114" />
    <nd ref="23115" />
    <nd ref="23116" />
    <nd ref="23117" />
    <nd ref="23118" />
    <nd ref="23119" />
    <nd ref="23120" />
    <nd ref="23121" />
    <nd ref="23122" />
    <nd ref="23123" />
    <nd ref="23124" />
    <nd ref="23125" />
    <nd ref="23126" />
    <nd ref="23127" />
    <nd ref="23128" />
    <nd ref="23129" />
    <nd ref="23130" />
    <nd ref="23131" />
    <nd ref="23132" />
    <nd ref="23133" />
    <nd ref="23134" />
    <nd ref="23135" />
    <nd ref="23136" />
    <nd ref="23137" />
    <nd ref="23138" />
    <nd ref="23139" />
    <nd ref="23140" />
    <nd ref="23141" />
    <nd ref="23142" />
    <nd ref="23143" />
    <nd ref="23144" />
    <nd ref="23145" />
    <nd ref="23146" />
    <nd ref="23147" />
    <nd ref="23148" />
    <nd ref="23149" />
    <nd ref="23150" />
    <nd ref="23151" />
    <nd ref="23152" />
    <nd ref="23153" />
    <nd ref="23154" />
    <nd ref="23155" />
    <nd ref="23156" />
    <nd ref="23157" />
    <nd ref="23158" />
    <nd ref="23159" />
    <nd ref="23160" />
    <nd ref="23161" />
    <nd ref="23162" />
    <nd ref="23163" />
    <nd ref="23164" />
    <nd ref="23165" />
    <nd ref="23166" />
    <nd ref="23167" />
    <nd ref="23168" />
    <nd ref="23169" />
    <nd ref="23170" />
    <nd ref="23171" />
    <nd ref="23172" />
    <nd ref="23173" />
    <nd ref="23174" />
    <nd ref="23175" />
    <nd ref="23176" />
    <nd ref="23177" />
    <nd ref="23178" />
    <nd ref="23179" />
    <nd ref="23180" />
    <nd ref="23181" />
    <nd ref="23182" />
    <nd ref="23183" />
    <nd ref="23184" />
    <nd ref="23185" />
    <nd ref="23186" />
    <nd ref="23187" />
    <nd ref="23188" />
    <nd ref="23189" />
    <nd ref="23190" />
    <nd ref="23191" />
    <nd ref="23192" />
    <nd ref="23193" />
    <nd ref="23194" />
    <nd ref="23195" />
    <nd ref="23196" />
    <nd ref="23197" />
    <nd ref="23198" />
    <nd ref="23199" />
    <nd ref="23200" />
    <nd ref="23201" />
    <nd ref="23202" />
    <nd ref="23203" />
    <nd ref="23204" />
    <nd ref="23205" />
    <nd ref="23206" />
    <nd ref="23207" />
    <nd ref="23208" />
    <nd ref="23209" />
    <nd ref="23210" />
    <nd ref="23211" />
    <nd ref="23212" />
    <nd ref="23213" />
    <nd ref="23214" />
    <nd ref="23215" />
    <nd ref="23216" />
    <nd ref="23217" />
    <nd ref="23218" />
    <nd ref="23219" />
    <nd ref="23220" />
    <nd ref="23221" />
    <nd ref="23222" />
    <nd ref="23223" />
    <nd ref="23224" />
    <nd ref="23225" />
    <nd ref="23226" />
    <nd ref="23227" />
    <nd ref="23228" />
    <nd ref="23229" />
    <nd ref="23230" />
    <nd ref="23231" />
    <nd ref="23232" />
    <nd ref="23233" />
    <nd ref="23234" />
    <nd ref="23235" />
    <nd ref="23236" />
    <nd ref="23237" />
    <nd ref="23238" />
    <nd ref="23239" />
    <nd ref="23240" />
    <nd ref="23241" />
    <nd ref="23242" />
    <nd ref="23243" />
    <nd ref="23244" />
    <nd ref="23245" />
    <nd ref="23246" />
    <nd ref="23247" />
    <nd ref="23248" />
    <nd ref="23249" />
    <nd ref="23250" />
    <nd ref="23251" />
    <nd ref="23252" />
    <nd ref="23253" />
    <nd ref="23254" />
    <nd ref="23255" />
    <nd ref="23256" />
    <nd ref="23257" />
    <nd ref="23258" />
    <nd ref="23259" />
    <nd ref="23260" />
    <nd ref="23261" />
    <nd ref="23262" />
    <nd ref="23263" />
    <nd ref="23264" />
    <nd ref="23265" />
    <nd ref="23266" />
    <nd ref="23267" />
    <nd ref="23268" />
    <nd ref="23269" />
    <nd ref="23270" />
    <nd ref="23271" />
    <nd ref="23272" />
    <nd ref="23273" />
    <nd ref="23274" />
    <nd ref="23275" />
    <nd ref="23276" />
    <nd ref="23277" />
    <nd ref="23278" />
    <nd ref="23279" />
    <nd ref="23280" />
    <nd ref="23281" />
    <nd ref="23282" />
    <nd ref="23283" />
    <nd ref="23284" />
    <nd ref="23285" />
    <nd ref="23286" />
    <nd ref="23287" />
    <nd ref="23288" />
    <nd ref="23289" />
    <nd ref="23290" />
    <nd ref="23291" />
    <nd ref="23292" />
    <nd ref="23293" />
    <nd ref="23294" />
    <nd ref="23295" />
    <nd ref="23296" />
    <nd ref="23297" />
    <nd ref="23298" />
    <nd ref="23299" />
    <nd ref="23300" />
    <nd ref="23301" />
    <nd ref="23302" />
    <nd ref="23303" />
    <nd ref="23304" />
    <nd ref="23305" />
    <nd ref="23306" />
    <nd ref="23307" />
    <nd ref="23308" />
    <nd ref="23309" />
    <nd ref="23310" />
    <nd ref="23311" />
    <nd ref="23312" />
    <nd ref="23313" />
    <nd ref="23314" />
    <nd ref="23315" />
    <nd ref="23316" />
    <nd ref="23317" />
    <nd ref="23318" />
    <nd ref="23319" />
    <nd ref="23320" />
    <nd ref="23321" />
    <nd ref="23322" />
    <nd ref="23323" />
    <nd ref="23324" />
    <nd ref="23325" />
    <nd ref="23326" />
    <nd ref="23327" />
    <nd ref="23328" />
    <nd ref="23329" />
    <nd ref="23330" />
    <nd ref="23331" />
    <nd ref="23332" />
    <nd ref="23333" />
    <nd ref="23334" />
    <nd ref="23335" />
    <nd ref="23336" />
    <nd ref="23337" />
    <nd ref="23338" />
    <nd ref="23339" />
    <nd ref="23340" />
    <nd ref="23341" />
    <nd ref="23342" />
    <nd ref="23343" />
    <nd ref="23344" />
    <nd ref="23345" />
    <nd ref="23346" />
    <nd ref="23347" />
    <nd ref="23348" />
    <nd ref="23349" />
    <nd ref="23350" />
    <nd ref="23351" />
    <nd ref="23352" />
    <nd ref="23353" />
    <nd ref="23354" />
    <nd ref="23355" />
    <nd ref="23356" />
    <nd ref="23357" />
    <nd ref="23358" />
    <nd ref="23359" />
    <nd ref="23360" />
    <nd ref="23361" />
    <nd ref="23362" />
    <nd ref="23363" />
    <nd ref="23364" />
    <nd ref="23365" />
    <nd ref="23366" />
    <nd ref="23367" />
    <nd ref="23368" />
    <nd ref="23369" />
    <nd ref="23370" />
    <nd ref="23371" />
    <nd ref="23372" />
    <nd ref="23373" />
    <nd ref="23374" />
    <nd ref="23375" />
    <nd ref="23376" />
    <nd ref="23377" />
    <nd ref="23378" />
    <nd ref="23379" />
    <nd ref="23380" />
    <nd ref="23381" />
    <nd ref="23382" />
    <nd ref="23383" />
    <nd ref="23384" />
    <nd ref="23385" />
    <nd ref="23386" />
    <nd ref="23387" />
    <nd ref="23388" />
    <nd ref="23389" />
    <nd ref="23390" />
    <nd ref="23391" />
    <nd ref="23392" />
    <nd ref="23393" />
    <nd ref="23394" />
    <nd ref="23395" />
    <nd ref="23396" />
    <nd ref="23397" />
    <nd ref="23398" />
    <nd ref="23399" />
    <nd ref="23400" />
    <nd ref="23401" />
    <nd ref="23402" />
    <nd ref="23403" />
    <nd ref="23404" />
    <nd ref="23405" />
    <nd ref="23406" />
    <nd ref="23407" />
    <nd ref="23408" />
    <nd ref="23409" />
    <nd ref="23410" />
    <nd ref="23411" />
    <nd ref="23412" />
    <nd ref="23413" />
    <nd ref="23414" />
    <nd ref="23415" />
    <nd ref="23416" />
    <nd ref="23417" />
    <nd ref="23418" />
    <nd ref="23419" />
    <nd ref="23420" />
    <tag k="subtype" v="solid" />
    <tag k="type" v="line_thin" />
  </way>
  <way id="24423" visible="true" version="1">
    <nd ref="23422" />
    <nd ref="23423" />
    <nd ref="23424" />
    <nd ref="23425" />
    <nd ref="23426" />
    <nd ref="23427" />
    <nd ref="23428" />
    <nd ref="23429" />
    <nd ref="23430" />
    <nd ref="23431" />
    <nd ref="23432" />
    <nd ref="23433" />
    <nd ref="23434" />
    <nd ref="23435" />
    <nd ref="23436" />
    <nd ref="23437" />
    <nd ref="23438" />
    <nd ref="23439" />
    <nd ref="23440" />
    <nd ref="23441" />
    <nd ref="23442" />
    <nd ref="23443" />
    <nd ref="23444" />
    <nd ref="23445" />
    <nd ref="23446" />
    <nd ref="23447" />
    <nd ref="23448" />
    <nd ref="23449" />
    <nd ref="23450" />
    <nd ref="23451" />
    <nd ref="23452" />
    <nd ref="23453" />
    <nd ref="23454" />
    <nd ref="23455" />
    <nd ref="23456" />
    <nd ref="23457" />
    <nd ref="23458" />
    <nd ref="23459" />
    <nd ref="23460" />
    <nd ref="23461" />
    <nd ref="23462" />
    <nd ref="23463" />
    <nd ref="23464" />
    <nd ref="23465" />
    <nd ref="23466" />
    <nd ref="23467" />
    <nd ref="23468" />
    <nd ref="23469" />
    <nd ref="23470" />
    <nd ref="23471" />
    <nd ref="23472" />
    <nd ref="23473" />
    <nd ref="23474" />
    <nd ref="23475" />
    <nd ref="23476" />
    <nd ref="23477" />
    <nd ref="23478" />
    <nd ref="23479" />
    <nd ref="23480" />
    <nd ref="23481" />
    <nd ref="23482" />
    <nd ref="23483" />
    <nd ref="23484" />
    <nd ref="23485" />
    <nd ref="23486" />
    <nd ref="23487" />
    <nd ref="23488" />
    <nd ref="23489" />
    <nd ref="23490" />
    <nd ref="23491" />
    <nd ref="23492" />
    <nd ref="23493" />
    <nd ref="23494" />
    <nd ref="23495" />
    <nd ref="23496" />
    <nd ref="23497" />
    <nd ref="23498" />
    <nd ref="23499" />
    <nd ref="23500" />
    <nd ref="23501" />
    <nd ref="23502" />
    <nd ref="23503" />
    <nd ref="23504" />
    <nd ref="23505" />
    <nd ref="23506" />
    <nd ref="23507" />
    <nd ref="23508" />
    <nd ref="23509" />
    <nd ref="23510" />
    <nd ref="23511" />
    <nd ref="23512" />
    <nd ref="23513" />
    <nd ref="23514" />
    <nd ref="23515" />
    <nd ref="23516" />
    <nd ref="23517" />
    <nd ref="23518" />
    <nd ref="23519" />
    <nd ref="23520" />
    <nd ref="23521" />
    <nd ref="23522" />
    <nd ref="23523" />
    <nd ref="23524" />
    <nd ref="23525" />
    <nd ref="23526" />
    <nd ref="23527" />
    <nd ref="23528" />
    <nd ref="23529" />
    <nd ref="23530" />
    <nd ref="23531" />
    <nd ref="23532" />
    <nd ref="23533" />
    <nd ref="23534" />
    <nd ref="23535" />
    <nd ref="23536" />
    <nd ref="23537" />
    <nd ref="23538" />
    <nd ref="23539" />
    <nd ref="23540" />
    <nd ref="23541" />
    <nd ref="23542" />
    <nd ref="23543" />
    <nd ref="23544" />
    <nd ref="23545" />
    <nd ref="23546" />
    <nd ref="23547" />
    <nd ref="23548" />
    <nd ref="23549" />
    <nd ref="23550" />
    <nd ref="23551" />
    <nd ref="23552" />
    <nd ref="23553" />
    <nd ref="23554" />
    <nd ref="23555" />
    <nd ref="23556" />
    <nd ref="23557" />
    <nd ref="23558" />
    <nd ref="23559" />
    <nd ref="23560" />
    <nd ref="23561" />
    <nd ref="23562" />
    <nd ref="23563" />
    <nd ref="23564" />
    <nd ref="23565" />
    <nd ref="23566" />
    <nd ref="23567" />
    <nd ref="23568" />
    <nd ref="23569" />
    <nd ref="23570" />
    <nd ref="23571" />
    <nd ref="23572" />
    <nd ref="23573" />
    <nd ref="23574" />
    <nd ref="23575" />
    <nd ref="23576" />
    <nd ref="23577" />
    <nd ref="23578" />
    <nd ref="23579" />
    <nd ref="23580" />
    <nd ref="23581" />
    <nd ref="23582" />
    <nd ref="23583" />
    <nd ref="23584" />
    <nd ref="23585" />
    <nd ref="23586" />
    <nd ref="23587" />
    <nd ref="23588" />
    <nd ref="23589" />
    <nd ref="23590" />
    <nd ref="23591" />
    <nd ref="23592" />
    <nd ref="23593" />
    <nd ref="23594" />
    <nd ref="23595" />
    <nd ref="23596" />
    <nd ref="23597" />
    <nd ref="23598" />
    <nd ref="23599" />
    <nd ref="23600" />
    <nd ref="23601" />
    <nd ref="23602" />
    <nd ref="23603" />
    <nd ref="23604" />
    <nd ref="23605" />
    <nd ref="23606" />
    <nd ref="23607" />
    <nd ref="23608" />
    <nd ref="23609" />
    <nd ref="23610" />
    <nd ref="23611" />
    <nd ref="23612" />
    <nd ref="23613" />
    <nd ref="23614" />
    <nd ref="23615" />
    <nd ref="23616" />
    <nd ref="23617" />
    <nd ref="23618" />
    <nd ref="23619" />
    <nd ref="23620" />
    <nd ref="23621" />
    <nd ref="23622" />
    <nd ref="23623" />
    <nd ref="23624" />
    <nd ref="23625" />
    <nd ref="23626" />
    <nd ref="23627" />
    <nd ref="23628" />
    <nd ref="23629" />
    <nd ref="23630" />
    <nd ref="23631" />
    <nd ref="23632" />
    <nd ref="23633" />
    <nd ref="23634" />
    <nd ref="23635" />
    <nd ref="23636" />
    <nd ref="23637" />
    <nd ref="23638" />
    <nd ref="23639" />
    <nd ref="23640" />
    <nd ref="23641" />
    <nd ref="23642" />
    <nd ref="23643" />
    <nd ref="23644" />
    <nd ref="23645" />
    <nd ref="23646" />
    <nd ref="23647" />
    <nd ref="23648" />
    <nd ref="23649" />
    <nd ref="23650" />
    <nd ref="23651" />
    <nd ref="23652" />
    <nd ref="23653" />
    <nd ref="23654" />
    <nd ref="23655" />
    <nd ref="23656" />
    <nd ref="23657" />
    <nd ref="23658" />
    <nd ref="23659" />
    <nd ref="23660" />
    <nd ref="23661" />
    <nd ref="23662" />
    <nd ref="23663" />
    <nd ref="23664" />
    <nd ref="23665" />
    <nd ref="23666" />
    <nd ref="23667" />
    <nd ref="23668" />
    <nd ref="23669" />
    <nd ref="23670" />
    <nd ref="23671" />
    <nd ref="23672" />
    <nd ref="23673" />
    <nd ref="23674" />
    <nd ref="23675" />
    <nd ref="23676" />
    <nd ref="23677" />
    <nd ref="23678" />
    <nd ref="23679" />
    <nd ref="23680" />
    <nd ref="23681" />
    <nd ref="23682" />
    <nd ref="23683" />
    <nd ref="23684" />
    <nd ref="23685" />
    <nd ref="23686" />
    <nd ref="23687" />
    <nd ref="23688" />
    <nd ref="23689" />
    <nd ref="23690" />
    <nd ref="23691" />
    <nd ref="23692" />
    <nd ref="23693" />
    <nd ref="23694" />
    <nd ref="23695" />
    <nd ref="23696" />
    <nd ref="23697" />
    <nd ref="23698" />
    <nd ref="23699" />
    <nd ref="23700" />
    <nd ref="23701" />
    <nd ref="23702" />
    <nd ref="23703" />
    <nd ref="23704" />
    <nd ref="23705" />
    <nd ref="23706" />
    <nd ref="23707" />
    <nd ref="23708" />
    <nd ref="23709" />
    <nd ref="23710" />
    <nd ref="23711" />
    <nd ref="23712" />
    <nd ref="23713" />
    <nd ref="23714" />
    <nd ref="23715" />
    <nd ref="23716" />
    <nd ref="23717" />
    <nd ref="23718" />
    <nd ref="23719" />
    <nd ref="23720" />
    <nd ref="23721" />
    <nd ref="23722" />
    <nd ref="23723" />
    <nd ref="23724" />
    <nd ref="23725" />
    <nd ref="23726" />
    <nd ref="23727" />
    <nd ref="23728" />
    <nd ref="23729" />
    <nd ref="23730" />
    <nd ref="23731" />
    <nd ref="23732" />
    <nd ref="23733" />
    <nd ref="23734" />
    <nd ref="23735" />
    <nd ref="23736" />
    <nd ref="23737" />
    <nd ref="23738" />
    <nd ref="23739" />
    <nd ref="23740" />
    <nd ref="23741" />
    <nd ref="23742" />
    <nd ref="23743" />
    <nd ref="23744" />
    <nd ref="23745" />
    <nd ref="23746" />
    <nd ref="23747" />
    <nd ref="23748" />
    <nd ref="23749" />
    <nd ref="23750" />
    <nd ref="23751" />
    <nd ref="23752" />
    <nd ref="23753" />
    <nd ref="23754" />
    <nd ref="23755" />
    <nd ref="23756" />
    <nd ref="23757" />
    <nd ref="23758" />
    <nd ref="23759" />
    <nd ref="23760" />
    <nd ref="23761" />
    <nd ref="23762" />
    <nd ref="23763" />
    <nd ref="23764" />
    <nd ref="23765" />
    <nd ref="23766" />
    <nd ref="23767" />
    <nd ref="23768" />
    <nd ref="23769" />
    <nd ref="23770" />
    <nd ref="23771" />
    <nd ref="23772" />
    <nd ref="23773" />
    <nd ref="23774" />
    <nd ref="23775" />
    <nd ref="23776" />
    <nd ref="23777" />
    <nd ref="23778" />
    <nd ref="23779" />
    <nd ref="23780" />
    <nd ref="23781" />
    <nd ref="23782" />
    <nd ref="23783" />
    <nd ref="23784" />
    <nd ref="23785" />
    <nd ref="23786" />
    <nd ref="23787" />
    <nd ref="23788" />
    <nd ref="23789" />
    <nd ref="23790" />
    <nd ref="23791" />
    <nd ref="23792" />
    <nd ref="23793" />
    <nd ref="23794" />
    <nd ref="23795" />
    <nd ref="23796" />
    <nd ref="23797" />
    <nd ref="23798" />
    <nd ref="23799" />
    <nd ref="23800" />
    <nd ref="23801" />
    <nd ref="23802" />
    <nd ref="23803" />
    <nd ref="23804" />
    <nd ref="23805" />
    <nd ref="23806" />
    <nd ref="23807" />
    <nd ref="23808" />
    <nd ref="23809" />
    <nd ref="23810" />
    <nd ref="23811" />
    <nd ref="23812" />
    <nd ref="23813" />
    <nd ref="23814" />
    <nd ref="23815" />
    <nd ref="23816" />
    <nd ref="23817" />
    <nd ref="23818" />
    <nd ref="23819" />
    <nd ref="23820" />
    <nd ref="23821" />
    <nd ref="23822" />
    <nd ref="23823" />
    <nd ref="23824" />
    <nd ref="23825" />
    <nd ref="23826" />
    <nd ref="23827" />
    <nd ref="23828" />
    <nd ref="23829" />
    <nd ref="23830" />
    <nd ref="23831" />
    <nd ref="23832" />
    <nd ref="23833" />
    <nd ref="23834" />
    <nd ref="23835" />
    <nd ref="23836" />
    <nd ref="23837" />
    <nd ref="23838" />
    <nd ref="23839" />
    <nd ref="23840" />
    <nd ref="23841" />
    <nd ref="23842" />
    <nd ref="23843" />
    <nd ref="23844" />
    <nd ref="23845" />
    <nd ref="23846" />
    <nd ref="23847" />
    <nd ref="23848" />
    <nd ref="23849" />
    <nd ref="23850" />
    <nd ref="23851" />
    <nd ref="23852" />
    <nd ref="23853" />
    <nd ref="23854" />
    <nd ref="23855" />
    <nd ref="23856" />
    <nd ref="23857" />
    <nd ref="23858" />
    <nd ref="23859" />
    <nd ref="23860" />
    <nd ref="23861" />
    <nd ref="23862" />
    <nd ref="23863" />
    <nd ref="23864" />
    <nd ref="23865" />
    <nd ref="23866" />
    <nd ref="23867" />
    <nd ref="23868" />
    <nd ref="23869" />
    <nd ref="23870" />
    <nd ref="23871" />
    <nd ref="23872" />
    <nd ref="23873" />
    <nd ref="23874" />
    <nd ref="23875" />
    <nd ref="23876" />
    <nd ref="23877" />
    <nd ref="23878" />
    <nd ref="23879" />
    <nd ref="23880" />
    <nd ref="23881" />
    <nd ref="23882" />
    <nd ref="23883" />
    <nd ref="23884" />
    <nd ref="23885" />
    <nd ref="23886" />
    <nd ref="23887" />
    <nd ref="23888" />
    <nd ref="23889" />
    <nd ref="23890" />
    <nd ref="23891" />
    <nd ref="23892" />
    <nd ref="23893" />
    <nd ref="23894" />
    <nd ref="23895" />
    <nd ref="23896" />
    <nd ref="23897" />
    <nd ref="23898" />
    <nd ref="23899" />
    <nd ref="23900" />
    <nd ref="23901" />
    <nd ref="23902" />
    <nd ref="23903" />
    <nd ref="23904" />
    <nd ref="23905" />
    <nd ref="23906" />
    <nd ref="23907" />
    <nd ref="23908" />
    <nd ref="23909" />
    <nd ref="23910" />
    <nd ref="23911" />
    <nd ref="23912" />
    <nd ref="23913" />
    <nd ref="23914" />
    <nd ref="23915" />
    <nd ref="23916" />
    <nd ref="23917" />
    <nd ref="23918" />
    <nd ref="23919" />
    <nd ref="23920" />
    <nd ref="23921" />
    <nd ref="23922" />
    <nd ref="23923" />
    <nd ref="23924" />
    <nd ref="23925" />
    <nd ref="23926" />
    <nd ref="23927" />
    <nd ref="23928" />
    <nd ref="23929" />
    <nd ref="23930" />
    <nd ref="23931" />
    <nd ref="23932" />
    <nd ref="23933" />
    <nd ref="23934" />
    <nd ref="23935" />
    <nd ref="23936" />
    <nd ref="23937" />
    <nd ref="23938" />
    <nd ref="23939" />
    <nd ref="23940" />
    <nd ref="23941" />
    <nd ref="23942" />
    <nd ref="23943" />
    <nd ref="23944" />
    <nd ref="23945" />
    <nd ref="23946" />
    <nd ref="23947" />
    <nd ref="23948" />
    <nd ref="23949" />
    <nd ref="23950" />
    <nd ref="23951" />
    <nd ref="23952" />
    <nd ref="23953" />
    <nd ref="23954" />
    <nd ref="23955" />
    <nd ref="23956" />
    <nd ref="23957" />
    <nd ref="23958" />
    <nd ref="23959" />
    <nd ref="23960" />
    <nd ref="23961" />
    <nd ref="23962" />
    <nd ref="23963" />
    <nd ref="23964" />
    <nd ref="23965" />
    <nd ref="23966" />
    <nd ref="23967" />
    <nd ref="23968" />
    <nd ref="23969" />
    <nd ref="23970" />
    <nd ref="23971" />
    <nd ref="23972" />
    <nd ref="23973" />
    <nd ref="23974" />
    <nd ref="23975" />
    <nd ref="23976" />
    <nd ref="23977" />
    <nd ref="23978" />
    <nd ref="23979" />
    <nd ref="23980" />
    <nd ref="23981" />
    <nd ref="23982" />
    <nd ref="23983" />
    <nd ref="23984" />
    <nd ref="23985" />
    <nd ref="23986" />
    <nd ref="23987" />
    <nd ref="23988" />
    <nd ref="23989" />
    <nd ref="23990" />
    <nd ref="23991" />
    <nd ref="23992" />
    <nd ref="23993" />
    <nd ref="23994" />
    <nd ref="23995" />
    <nd ref="23996" />
    <nd ref="23997" />
    <nd ref="23998" />
    <nd ref="23999" />
    <nd ref="24000" />
    <nd ref="24001" />
    <nd ref="24002" />
    <nd ref="24003" />
    <nd ref="24004" />
    <nd ref="24005" />
    <nd ref="24006" />
    <nd ref="24007" />
    <nd ref="24008" />
    <nd ref="24009" />
    <nd ref="24010" />
    <nd ref="24011" />
    <nd ref="24012" />
    <nd ref="24013" />
    <nd ref="24014" />
    <nd ref="24015" />
    <nd ref="24016" />
    <nd ref="24017" />
    <nd ref="24018" />
    <nd ref="24019" />
    <nd ref="24020" />
    <nd ref="24021" />
    <nd ref="24022" />
    <nd ref="24023" />
    <nd ref="24024" />
    <nd ref="24025" />
    <nd ref="24026" />
    <nd ref="24027" />
    <nd ref="24028" />
    <nd ref="24029" />
    <nd ref="24030" />
    <nd ref="24031" />
    <nd ref="24032" />
    <nd ref="24033" />
    <nd ref="24034" />
    <nd ref="24035" />
    <nd ref="24036" />
    <nd ref="24037" />
    <nd ref="24038" />
    <nd ref="24039" />
    <nd ref="24040" />
    <nd ref="24041" />
    <nd ref="24042" />
    <nd ref="24043" />
    <nd ref="24044" />
    <nd ref="24045" />
    <nd ref="24046" />
    <nd ref="24047" />
    <nd ref="24048" />
    <nd ref="24049" />
    <nd ref="24050" />
    <nd ref="24051" />
    <nd ref="24052" />
    <nd ref="24053" />
    <nd ref="24054" />
    <nd ref="24055" />
    <nd ref="24056" />
    <nd ref="24057" />
    <nd ref="24058" />
    <nd ref="24059" />
    <nd ref="24060" />
    <nd ref="24061" />
    <nd ref="24062" />
    <nd ref="24063" />
    <nd ref="24064" />
    <nd ref="24065" />
    <nd ref="24066" />
    <nd ref="24067" />
    <nd ref="24068" />
    <nd ref="24069" />
    <nd ref="24070" />
    <nd ref="24071" />
    <nd ref="24072" />
    <nd ref="24073" />
    <nd ref="24074" />
    <nd ref="24075" />
    <nd ref="24076" />
    <nd ref="24077" />
    <nd ref="24078" />
    <nd ref="24079" />
    <nd ref="24080" />
    <nd ref="24081" />
    <nd ref="24082" />
    <nd ref="24083" />
    <nd ref="24084" />
    <nd ref="24085" />
    <nd ref="24086" />
    <nd ref="24087" />
    <nd ref="24088" />
    <nd ref="24089" />
    <nd ref="24090" />
    <nd ref="24091" />
    <nd ref="24092" />
    <nd ref="24093" />
    <nd ref="24094" />
    <nd ref="24095" />
    <nd ref="24096" />
    <nd ref="24097" />
    <nd ref="24098" />
    <nd ref="24099" />
    <nd ref="24100" />
    <nd ref="24101" />
    <nd ref="24102" />
    <nd ref="24103" />
    <nd ref="24104" />
    <nd ref="24105" />
    <nd ref="24106" />
    <nd ref="24107" />
    <nd ref="24108" />
    <nd ref="24109" />
    <nd ref="24110" />
    <nd ref="24111" />
    <nd ref="24112" />
    <nd ref="24113" />
    <nd ref="24114" />
    <nd ref="24115" />
    <nd ref="24116" />
    <nd ref="24117" />
    <nd ref="24118" />
    <nd ref="24119" />
    <nd ref="24120" />
    <nd ref="24121" />
    <nd ref="24122" />
    <nd ref="24123" />
    <nd ref="24124" />
    <nd ref="24125" />
    <nd ref="24126" />
    <nd ref="24127" />
    <nd ref="24128" />
    <nd ref="24129" />
    <nd ref="24130" />
    <nd ref="24131" />
    <nd ref="24132" />
    <nd ref="24133" />
    <nd ref="24134" />
    <nd ref="24135" />
    <nd ref="24136" />
    <nd ref="24137" />
    <nd ref="24138" />
    <nd ref="24139" />
    <nd ref="24140" />
    <nd ref="24141" />
    <nd ref="24142" />
    <nd ref="24143" />
    <nd ref="24144" />
    <nd ref="24145" />
    <nd ref="24146" />
    <nd ref="24147" />
    <nd ref="24148" />
    <nd ref="24149" />
    <nd ref="24150" />
    <nd ref="24151" />
    <nd ref="24152" />
    <nd ref="24153" />
    <nd ref="24154" />
    <nd ref="24155" />
    <nd ref="24156" />
    <nd ref="24157" />
    <nd ref="24158" />
    <nd ref="24159" />
    <nd ref="24160" />
    <nd ref="24161" />
    <nd ref="24162" />
    <nd ref="24163" />
    <nd ref="24164" />
    <nd ref="24165" />
    <nd ref="24166" />
    <nd ref="24167" />
    <nd ref="24168" />
    <nd ref="24169" />
    <nd ref="24170" />
    <nd ref="24171" />
    <nd ref="24172" />
    <nd ref="24173" />
    <nd ref="24174" />
    <nd ref="24175" />
    <nd ref="24176" />
    <nd ref="24177" />
    <nd ref="24178" />
    <nd ref="24179" />
    <nd ref="24180" />
    <nd ref="24181" />
    <nd ref="24182" />
    <nd ref="24183" />
    <nd ref="24184" />
    <nd ref="24185" />
    <nd ref="24186" />
    <nd ref="24187" />
    <nd ref="24188" />
    <nd ref="24189" />
    <nd ref="24190" />
    <nd ref="24191" />
    <nd ref="24192" />
    <nd ref="24193" />
    <nd ref="24194" />
    <nd ref="24195" />
    <nd ref="24196" />
    <nd ref="24197" />
    <nd ref="24198" />
    <nd ref="24199" />
    <nd ref="24200" />
    <nd ref="24201" />
    <nd ref="24202" />
    <nd ref="24203" />
    <nd ref="24204" />
    <nd ref="24205" />
    <nd ref="24206" />
    <nd ref="24207" />
    <nd ref="24208" />
    <nd ref="24209" />
    <nd ref="24210" />
    <nd ref="24211" />
    <nd ref="24212" />
    <nd ref="24213" />
    <nd ref="24214" />
    <nd ref="24215" />
    <nd ref="24216" />
    <nd ref="24217" />
    <nd ref="24218" />
    <nd ref="24219" />
    <nd ref="24220" />
    <nd ref="24221" />
    <nd ref="24222" />
    <nd ref="24223" />
    <nd ref="24224" />
    <nd ref="24225" />
    <nd ref="24226" />
    <nd ref="24227" />
    <nd ref="24228" />
    <nd ref="24229" />
    <nd ref="24230" />
    <nd ref="24231" />
    <nd ref="24232" />
    <nd ref="24233" />
    <nd ref="24234" />
    <nd ref="24235" />
    <nd ref="24236" />
    <nd ref="24237" />
    <nd ref="24238" />
    <nd ref="24239" />
    <nd ref="24240" />
    <nd ref="24241" />
    <nd ref="24242" />
    <nd ref="24243" />
    <nd ref="24244" />
    <nd ref="24245" />
    <nd ref="24246" />
    <nd ref="24247" />
    <nd ref="24248" />
    <nd ref="24249" />
    <nd ref="24250" />
    <nd ref="24251" />
    <nd ref="24252" />
    <nd ref="24253" />
    <nd ref="24254" />
    <nd ref="24255" />
    <nd ref="24256" />
    <nd ref="24257" />
    <nd ref="24258" />
    <nd ref="24259" />
    <nd ref="24260" />
    <nd ref="24261" />
    <nd ref="24262" />
    <nd ref="24263" />
    <nd ref="24264" />
    <nd ref="24265" />
    <nd ref="24266" />
    <nd ref="24267" />
    <nd ref="24268" />
    <nd ref="24269" />
    <nd ref="24270" />
    <nd ref="24271" />
    <nd ref="24272" />
    <nd ref="24273" />
    <nd ref="24274" />
    <nd ref="24275" />
    <nd ref="24276" />
    <nd ref="24277" />
    <nd ref="24278" />
    <nd ref="24279" />
    <nd ref="24280" />
    <nd ref="24281" />
    <nd ref="24282" />
    <nd ref="24283" />
    <nd ref="24284" />
    <nd ref="24285" />
    <nd ref="24286" />
    <nd ref="24287" />
    <nd ref="24288" />
    <nd ref="24289" />
    <nd ref="24290" />
    <nd ref="24291" />
    <nd ref="24292" />
    <nd ref="24293" />
    <nd ref="24294" />
    <nd ref="24295" />
    <nd ref="24296" />
    <nd ref="24297" />
    <nd ref="24298" />
    <nd ref="24299" />
    <nd ref="24300" />
    <nd ref="24301" />
    <nd ref="24302" />
    <nd ref="24303" />
    <nd ref="24304" />
    <nd ref="24305" />
    <nd ref="24306" />
    <nd ref="24307" />
    <nd ref="24308" />
    <nd ref="24309" />
    <nd ref="24310" />
    <nd ref="24311" />
    <nd ref="24312" />
    <nd ref="24313" />
    <nd ref="24314" />
    <nd ref="24315" />
    <nd ref="24316" />
    <nd ref="24317" />
    <nd ref="24318" />
    <nd ref="24319" />
    <nd ref="24320" />
    <nd ref="24321" />
    <nd ref="24322" />
    <nd ref="24323" />
    <nd ref="24324" />
    <nd ref="24325" />
    <nd ref="24326" />
    <nd ref="24327" />
    <nd ref="24328" />
    <nd ref="24329" />
    <nd ref="24330" />
    <nd ref="24331" />
    <nd ref="24332" />
    <nd ref="24333" />
    <nd ref="24334" />
    <nd ref="24335" />
    <nd ref="24336" />
    <nd ref="24337" />
    <nd ref="24338" />
    <nd ref="24339" />
    <nd ref="24340" />
    <nd ref="24341" />
    <nd ref="24342" />
    <nd ref="24343" />
    <nd ref="24344" />
    <nd ref="24345" />
    <nd ref="24346" />
    <nd ref="24347" />
    <nd ref="24348" />
    <nd ref="24349" />
    <nd ref="24350" />
    <nd ref="24351" />
    <nd ref="24352" />
    <nd ref="24353" />
    <nd ref="24354" />
    <nd ref="24355" />
    <nd ref="24356" />
    <nd ref="24357" />
    <nd ref="24358" />
    <nd ref="24359" />
    <nd ref="24360" />
    <nd ref="24361" />
    <nd ref="24362" />
    <nd ref="24363" />
    <nd ref="24364" />
    <nd ref="24365" />
    <nd ref="24366" />
    <nd ref="24367" />
    <nd ref="24368" />
    <nd ref="24369" />
    <nd ref="24370" />
    <nd ref="24371" />
    <nd ref="24372" />
    <nd ref="24373" />
    <nd ref="24374" />
    <nd ref="24375" />
    <nd ref="24376" />
    <nd ref="24377" />
    <nd ref="24378" />
    <nd ref="24379" />
    <nd ref="24380" />
    <nd ref="24381" />
    <nd ref="24382" />
    <nd ref="24383" />
    <nd ref="24384" />
    <nd ref="24385" />
    <nd ref="24386" />
    <nd ref="24387" />
    <nd ref="24388" />
    <nd ref="24389" />
    <nd ref="24390" />
    <nd ref="24391" />
    <nd ref="24392" />
    <nd ref="24393" />
    <nd ref="24394" />
    <nd ref="24395" />
    <nd ref="24396" />
    <nd ref="24397" />
    <nd ref="24398" />
    <nd ref="24399" />
    <nd ref="24400" />
    <nd ref="24401" />
    <nd ref="24402" />
    <nd ref="24403" />
    <nd ref="24404" />
    <nd ref="24405" />
    <nd ref="24406" />
    <nd ref="24407" />
    <nd ref="24408" />
    <nd ref="24409" />
    <nd ref="24410" />
    <nd ref="24411" />
    <nd ref="24412" />
    <nd ref="24413" />
    <nd ref="24414" />
    <nd ref="24415" />
    <nd ref="24416" />
    <nd ref="24417" />
    <nd ref="24418" />
    <nd ref="24419" />
    <nd ref="24420" />
    <nd ref="24421" />
    <nd ref="24422" />
  </way>
  <way id="25425" visible="true" version="1">
    <nd ref="24424" />
    <nd ref="24425" />
    <nd ref="24426" />
    <nd ref="24427" />
    <nd ref="24428" />
    <nd ref="24429" />
    <nd ref="24430" />
    <nd ref="24431" />
    <nd ref="24432" />
    <nd ref="24433" />
    <nd ref="24434" />
    <nd ref="24435" />
    <nd ref="24436" />
    <nd ref="24437" />
    <nd ref="24438" />
    <nd ref="24439" />
    <nd ref="24440" />
    <nd ref="24441" />
    <nd ref="24442" />
    <nd ref="24443" />
    <nd ref="24444" />
    <nd ref="24445" />
    <nd ref="24446" />
    <nd ref="24447" />
    <nd ref="24448" />
    <nd ref="24449" />
    <nd ref="24450" />
    <nd ref="24451" />
    <nd ref="24452" />
    <nd ref="24453" />
    <nd ref="24454" />
    <nd ref="24455" />
    <nd ref="24456" />
    <nd ref="24457" />
    <nd ref="24458" />
    <nd ref="24459" />
    <nd ref="24460" />
    <nd ref="24461" />
    <nd ref="24462" />
    <nd ref="24463" />
    <nd ref="24464" />
    <nd ref="24465" />
    <nd ref="24466" />
    <nd ref="24467" />
    <nd ref="24468" />
    <nd ref="24469" />
    <nd ref="24470" />
    <nd ref="24471" />
    <nd ref="24472" />
    <nd ref="24473" />
    <nd ref="24474" />
    <nd ref="24475" />
    <nd ref="24476" />
    <nd ref="24477" />
    <nd ref="24478" />
    <nd ref="24479" />
    <nd ref="24480" />
    <nd ref="24481" />
    <nd ref="24482" />
    <nd ref="24483" />
    <nd ref="24484" />
    <nd ref="24485" />
    <nd ref="24486" />
    <nd ref="24487" />
    <nd ref="24488" />
    <nd ref="24489" />
    <nd ref="24490" />
    <nd ref="24491" />
    <nd ref="24492" />
    <nd ref="24493" />
    <nd ref="24494" />
    <nd ref="24495" />
    <nd ref="24496" />
    <nd ref="24497" />
    <nd ref="24498" />
    <nd ref="24499" />
    <nd ref="24500" />
    <nd ref="24501" />
    <nd ref="24502" />
    <nd ref="24503" />
    <nd ref="24504" />
    <nd ref="24505" />
    <nd ref="24506" />
    <nd ref="24507" />
    <nd ref="24508" />
    <nd ref="24509" />
    <nd ref="24510" />
    <nd ref="24511" />
    <nd ref="24512" />
    <nd ref="24513" />
    <nd ref="24514" />
    <nd ref="24515" />
    <nd ref="24516" />
    <nd ref="24517" />
    <nd ref="24518" />
    <nd ref="24519" />
    <nd ref="24520" />
    <nd ref="24521" />
    <nd ref="24522" />
    <nd ref="24523" />
    <nd ref="24524" />
    <nd ref="24525" />
    <nd ref="24526" />
    <nd ref="24527" />
    <nd ref="24528" />
    <nd ref="24529" />
    <nd ref="24530" />
    <nd ref="24531" />
    <nd ref="24532" />
    <nd ref="24533" />
    <nd ref="24534" />
    <nd ref="24535" />
    <nd ref="24536" />
    <nd ref="24537" />
    <nd ref="24538" />
    <nd ref="24539" />
    <nd ref="24540" />
    <nd ref="24541" />
    <nd ref="24542" />
    <nd ref="24543" />
    <nd ref="24544" />
    <nd ref="24545" />
    <nd ref="24546" />
    <nd ref="24547" />
    <nd ref="24548" />
    <nd ref="24549" />
    <nd ref="24550" />
    <nd ref="24551" />
    <nd ref="24552" />
    <nd ref="24553" />
    <nd ref="24554" />
    <nd ref="24555" />
    <nd ref="24556" />
    <nd ref="24557" />
    <nd ref="24558" />
    <nd ref="24559" />
    <nd ref="24560" />
    <nd ref="24561" />
    <nd ref="24562" />
    <nd ref="24563" />
    <nd ref="24564" />
    <nd ref="24565" />
    <nd ref="24566" />
    <nd ref="24567" />
    <nd ref="24568" />
    <nd ref="24569" />
    <nd ref="24570" />
    <nd ref="24571" />
    <nd ref="24572" />
    <nd ref="24573" />
    <nd ref="24574" />
    <nd ref="24575" />
    <nd ref="24576" />
    <nd ref="24577" />
    <nd ref="24578" />
    <nd ref="24579" />
    <nd ref="24580" />
    <nd ref="24581" />
    <nd ref="24582" />
    <nd ref="24583" />
    <nd ref="24584" />
    <nd ref="24585" />
    <nd ref="24586" />
    <nd ref="24587" />
    <nd ref="24588" />
    <nd ref="24589" />
    <nd ref="24590" />
    <nd ref="24591" />
    <nd ref="24592" />
    <nd ref="24593" />
    <nd ref="24594" />
    <nd ref="24595" />
    <nd ref="24596" />
    <nd ref="24597" />
    <nd ref="24598" />
    <nd ref="24599" />
    <nd ref="24600" />
    <nd ref="24601" />
    <nd ref="24602" />
    <nd ref="24603" />
    <nd ref="24604" />
    <nd ref="24605" />
    <nd ref="24606" />
    <nd ref="24607" />
    <nd ref="24608" />
    <nd ref="24609" />
    <nd ref="24610" />
    <nd ref="24611" />
    <nd ref="24612" />
    <nd ref="24613" />
    <nd ref="24614" />
    <nd ref="24615" />
    <nd ref="24616" />
    <nd ref="24617" />
    <nd ref="24618" />
    <nd ref="24619" />
    <nd ref="24620" />
    <nd ref="24621" />
    <nd ref="24622" />
    <nd ref="24623" />
    <nd ref="24624" />
    <nd ref="24625" />
    <nd ref="24626" />
    <nd ref="24627" />
    <nd ref="24628" />
    <nd ref="24629" />
    <nd ref="24630" />
    <nd ref="24631" />
    <nd ref="24632" />
    <nd ref="24633" />
    <nd ref="24634" />
    <nd ref="24635" />
    <nd ref="24636" />
    <nd ref="24637" />
    <nd ref="24638" />
    <nd ref="24639" />
    <nd ref="24640" />
    <nd ref="24641" />
    <nd ref="24642" />
    <nd ref="24643" />
    <nd ref="24644" />
    <nd ref="24645" />
    <nd ref="24646" />
    <nd ref="24647" />
    <nd ref="24648" />
    <nd ref="24649" />
    <nd ref="24650" />
    <nd ref="24651" />
    <nd ref="24652" />
    <nd ref="24653" />
    <nd ref="24654" />
    <nd ref="24655" />
    <nd ref="24656" />
    <nd ref="24657" />
    <nd ref="24658" />
    <nd ref="24659" />
    <nd ref="24660" />
    <nd ref="24661" />
    <nd ref="24662" />
    <nd ref="24663" />
    <nd ref="24664" />
    <nd ref="24665" />
    <nd ref="24666" />
    <nd ref="24667" />
    <nd ref="24668" />
    <nd ref="24669" />
    <nd ref="24670" />
    <nd ref="24671" />
    <nd ref="24672" />
    <nd ref="24673" />
    <nd ref="24674" />
    <nd ref="24675" />
    <nd ref="24676" />
    <nd ref="24677" />
    <nd ref="24678" />
    <nd ref="24679" />
    <nd ref="24680" />
    <nd ref="24681" />
    <nd ref="24682" />
    <nd ref="24683" />
    <nd ref="24684" />
    <nd ref="24685" />
    <nd ref="24686" />
    <nd ref="24687" />
    <nd ref="24688" />
    <nd ref="24689" />
    <nd ref="24690" />
    <nd ref="24691" />
    <nd ref="24692" />
    <nd ref="24693" />
    <nd ref="24694" />
    <nd ref="24695" />
    <nd ref="24696" />
    <nd ref="24697" />
    <nd ref="24698" />
    <nd ref="24699" />
    <nd ref="24700" />
    <nd ref="24701" />
    <nd ref="24702" />
    <nd ref="24703" />
    <nd ref="24704" />
    <nd ref="24705" />
    <nd ref="24706" />
    <nd ref="24707" />
    <nd ref="24708" />
    <nd ref="24709" />
    <nd ref="24710" />
    <nd ref="24711" />
    <nd ref="24712" />
    <nd ref="24713" />
    <nd ref="24714" />
    <nd ref="24715" />
    <nd ref="24716" />
    <nd ref="24717" />
    <nd ref="24718" />
    <nd ref="24719" />
    <nd ref="24720" />
    <nd ref="24721" />
    <nd ref="24722" />
    <nd ref="24723" />
    <nd ref="24724" />
    <nd ref="24725" />
    <nd ref="24726" />
    <nd ref="24727" />
    <nd ref="24728" />
    <nd ref="24729" />
    <nd ref="24730" />
    <nd ref="24731" />
    <nd ref="24732" />
    <nd ref="24733" />
    <nd ref="24734" />
    <nd ref="24735" />
    <nd ref="24736" />
    <nd ref="24737" />
    <nd ref="24738" />
    <nd ref="24739" />
    <nd ref="24740" />
    <nd ref="24741" />
    <nd ref="24742" />
    <nd ref="24743" />
    <nd ref="24744" />
    <nd ref="24745" />
    <nd ref="24746" />
    <nd ref="24747" />
    <nd ref="24748" />
    <nd ref="24749" />
    <nd ref="24750" />
    <nd ref="24751" />
    <nd ref="24752" />
    <nd ref="24753" />
    <nd ref="24754" />
    <nd ref="24755" />
    <nd ref="24756" />
    <nd ref="24757" />
    <nd ref="24758" />
    <nd ref="24759" />
    <nd ref="24760" />
    <nd ref="24761" />
    <nd ref="24762" />
    <nd ref="24763" />
    <nd ref="24764" />
    <nd ref="24765" />
    <nd ref="24766" />
    <nd ref="24767" />
    <nd ref="24768" />
    <nd ref="24769" />
    <nd ref="24770" />
    <nd ref="24771" />
    <nd ref="24772" />
    <nd ref="24773" />
    <nd ref="24774" />
    <nd ref="24775" />
    <nd ref="24776" />
    <nd ref="24777" />
    <nd ref="24778" />
    <nd ref="24779" />
    <nd ref="24780" />
    <nd ref="24781" />
    <nd ref="24782" />
    <nd ref="24783" />
    <nd ref="24784" />
    <nd ref="24785" />
    <nd ref="24786" />
    <nd ref="24787" />
    <nd ref="24788" />
    <nd ref="24789" />
    <nd ref="24790" />
    <nd ref="24791" />
    <nd ref="24792" />
    <nd ref="24793" />
    <nd ref="24794" />
    <nd ref="24795" />
    <nd ref="24796" />
    <nd ref="24797" />
    <nd ref="24798" />
    <nd ref="24799" />
    <nd ref="24800" />
    <nd ref="24801" />
    <nd ref="24802" />
    <nd ref="24803" />
    <nd ref="24804" />
    <nd ref="24805" />
    <nd ref="24806" />
    <nd ref="24807" />
    <nd ref="24808" />
    <nd ref="24809" />
    <nd ref="24810" />
    <nd ref="24811" />
    <nd ref="24812" />
    <nd ref="24813" />
    <nd ref="24814" />
    <nd ref="24815" />
    <nd ref="24816" />
    <nd ref="24817" />
    <nd ref="24818" />
    <nd ref="24819" />
    <nd ref="24820" />
    <nd ref="24821" />
    <nd ref="24822" />
    <nd ref="24823" />
    <nd ref="24824" />
    <nd ref="24825" />
    <nd ref="24826" />
    <nd ref="24827" />
    <nd ref="24828" />
    <nd ref="24829" />
    <nd ref="24830" />
    <nd ref="24831" />
    <nd ref="24832" />
    <nd ref="24833" />
    <nd ref="24834" />
    <nd ref="24835" />
    <nd ref="24836" />
    <nd ref="24837" />
    <nd ref="24838" />
    <nd ref="24839" />
    <nd ref="24840" />
    <nd ref="24841" />
    <nd ref="24842" />
    <nd ref="24843" />
    <nd ref="24844" />
    <nd ref="24845" />
    <nd ref="24846" />
    <nd ref="24847" />
    <nd ref="24848" />
    <nd ref="24849" />
    <nd ref="24850" />
    <nd ref="24851" />
    <nd ref="24852" />
    <nd ref="24853" />
    <nd ref="24854" />
    <nd ref="24855" />
    <nd ref="24856" />
    <nd ref="24857" />
    <nd ref="24858" />
    <nd ref="24859" />
    <nd ref="24860" />
    <nd ref="24861" />
    <nd ref="24862" />
    <nd ref="24863" />
    <nd ref="24864" />
    <nd ref="24865" />
    <nd ref="24866" />
    <nd ref="24867" />
    <nd ref="24868" />
    <nd ref="24869" />
    <nd ref="24870" />
    <nd ref="24871" />
    <nd ref="24872" />
    <nd ref="24873" />
    <nd ref="24874" />
    <nd ref="24875" />
    <nd ref="24876" />
    <nd ref="24877" />
    <nd ref="24878" />
    <nd ref="24879" />
    <nd ref="24880" />
    <nd ref="24881" />
    <nd ref="24882" />
    <nd ref="24883" />
    <nd ref="24884" />
    <nd ref="24885" />
    <nd ref="24886" />
    <nd ref="24887" />
    <nd ref="24888" />
    <nd ref="24889" />
    <nd ref="24890" />
    <nd ref="24891" />
    <nd ref="24892" />
    <nd ref="24893" />
    <nd ref="24894" />
    <nd ref="24895" />
    <nd ref="24896" />
    <nd ref="24897" />
    <nd ref="24898" />
    <nd ref="24899" />
    <nd ref="24900" />
    <nd ref="24901" />
    <nd ref="24902" />
    <nd ref="24903" />
    <nd ref="24904" />
    <nd ref="24905" />
    <nd ref="24906" />
    <nd ref="24907" />
    <nd ref="24908" />
    <nd ref="24909" />
    <nd ref="24910" />
    <nd ref="24911" />
    <nd ref="24912" />
    <nd ref="24913" />
    <nd ref="24914" />
    <nd ref="24915" />
    <nd ref="24916" />
    <nd ref="24917" />
    <nd ref="24918" />
    <nd ref="24919" />
    <nd ref="24920" />
    <nd ref="24921" />
    <nd ref="24922" />
    <nd ref="24923" />
    <nd ref="24924" />
    <nd ref="24925" />
    <nd ref="24926" />
    <nd ref="24927" />
    <nd ref="24928" />
    <nd ref="24929" />
    <nd ref="24930" />
    <nd ref="24931" />
    <nd ref="24932" />
    <nd ref="24933" />
    <nd ref="24934" />
    <nd ref="24935" />
    <nd ref="24936" />
    <nd ref="24937" />
    <nd ref="24938" />
    <nd ref="24939" />
    <nd ref="24940" />
    <nd ref="24941" />
    <nd ref="24942" />
    <nd ref="24943" />
    <nd ref="24944" />
    <nd ref="24945" />
    <nd ref="24946" />
    <nd ref="24947" />
    <nd ref="24948" />
    <nd ref="24949" />
    <nd ref="24950" />
    <nd ref="24951" />
    <nd ref="24952" />
    <nd ref="24953" />
    <nd ref="24954" />
    <nd ref="24955" />
    <nd ref="24956" />
    <nd ref="24957" />
    <nd ref="24958" />
    <nd ref="24959" />
    <nd ref="24960" />
    <nd ref="24961" />
    <nd ref="24962" />
    <nd ref="24963" />
    <nd ref="24964" />
    <nd ref="24965" />
    <nd ref="24966" />
    <nd ref="24967" />
    <nd ref="24968" />
    <nd ref="24969" />
    <nd ref="24970" />
    <nd ref="24971" />
    <nd ref="24972" />
    <nd ref="24973" />
    <nd ref="24974" />
    <nd ref="24975" />
    <nd ref="24976" />
    <nd ref="24977" />
    <nd ref="24978" />
    <nd ref="24979" />
    <nd ref="24980" />
    <nd ref="24981" />
    <nd ref="24982" />
    <nd ref="24983" />
    <nd ref="24984" />
    <nd ref="24985" />
    <nd ref="24986" />
    <nd ref="24987" />
    <nd ref="24988" />
    <nd ref="24989" />
    <nd ref="24990" />
    <nd ref="24991" />
    <nd ref="24992" />
    <nd ref="24993" />
    <nd ref="24994" />
    <nd ref="24995" />
    <nd ref="24996" />
    <nd ref="24997" />
    <nd ref="24998" />
    <nd ref="24999" />
    <nd ref="25000" />
    <nd ref="25001" />
    <nd ref="25002" />
    <nd ref="25003" />
    <nd ref="25004" />
    <nd ref="25005" />
    <nd ref="25006" />
    <nd ref="25007" />
    <nd ref="25008" />
    <nd ref="25009" />
    <nd ref="25010" />
    <nd ref="25011" />
    <nd ref="25012" />
    <nd ref="25013" />
    <nd ref="25014" />
    <nd ref="25015" />
    <nd ref="25016" />
    <nd ref="25017" />
    <nd ref="25018" />
    <nd ref="25019" />
    <nd ref="25020" />
    <nd ref="25021" />
    <nd ref="25022" />
    <nd ref="25023" />
    <nd ref="25024" />
    <nd ref="25025" />
    <nd ref="25026" />
    <nd ref="25027" />
    <nd ref="25028" />
    <nd ref="25029" />
    <nd ref="25030" />
    <nd ref="25031" />
    <nd ref="25032" />
    <nd ref="25033" />
    <nd ref="25034" />
    <nd ref="25035" />
    <nd ref="25036" />
    <nd ref="25037" />
    <nd ref="25038" />
    <nd ref="25039" />
    <nd ref="25040" />
    <nd ref="25041" />
    <nd ref="25042" />
    <nd ref="25043" />
    <nd ref="25044" />
    <nd ref="25045" />
    <nd ref="25046" />
    <nd ref="25047" />
    <nd ref="25048" />
    <nd ref="25049" />
    <nd ref="25050" />
    <nd ref="25051" />
    <nd ref="25052" />
    <nd ref="25053" />
    <nd ref="25054" />
    <nd ref="25055" />
    <nd ref="25056" />
    <nd ref="25057" />
    <nd ref="25058" />
    <nd ref="25059" />
    <nd ref="25060" />
    <nd ref="25061" />
    <nd ref="25062" />
    <nd ref="25063" />
    <nd ref="25064" />
    <nd ref="25065" />
    <nd ref="25066" />
    <nd ref="25067" />
    <nd ref="25068" />
    <nd ref="25069" />
    <nd ref="25070" />
    <nd ref="25071" />
    <nd ref="25072" />
    <nd ref="25073" />
    <nd ref="25074" />
    <nd ref="25075" />
    <nd ref="25076" />
    <nd ref="25077" />
    <nd ref="25078" />
    <nd ref="25079" />
    <nd ref="25080" />
    <nd ref="25081" />
    <nd ref="25082" />
    <nd ref="25083" />
    <nd ref="25084" />
    <nd ref="25085" />
    <nd ref="25086" />
    <nd ref="25087" />
    <nd ref="25088" />
    <nd ref="25089" />
    <nd ref="25090" />
    <nd ref="25091" />
    <nd ref="25092" />
    <nd ref="25093" />
    <nd ref="25094" />
    <nd ref="25095" />
    <nd ref="25096" />
    <nd ref="25097" />
    <nd ref="25098" />
    <nd ref="25099" />
    <nd ref="25100" />
    <nd ref="25101" />
    <nd ref="25102" />
    <nd ref="25103" />
    <nd ref="25104" />
    <nd ref="25105" />
    <nd ref="25106" />
    <nd ref="25107" />
    <nd ref="25108" />
    <nd ref="25109" />
    <nd ref="25110" />
    <nd ref="25111" />
    <nd ref="25112" />
    <nd ref="25113" />
    <nd ref="25114" />
    <nd ref="25115" />
    <nd ref="25116" />
    <nd ref="25117" />
    <nd ref="25118" />
    <nd ref="25119" />
    <nd ref="25120" />
    <nd ref="25121" />
    <nd ref="25122" />
    <nd ref="25123" />
    <nd ref="25124" />
    <nd ref="25125" />
    <nd ref="25126" />
    <nd ref="25127" />
    <nd ref="25128" />
    <nd ref="25129" />
    <nd ref="25130" />
    <nd ref="25131" />
    <nd ref="25132" />
    <nd ref="25133" />
    <nd ref="25134" />
    <nd ref="25135" />
    <nd ref="25136" />
    <nd ref="25137" />
    <nd ref="25138" />
    <nd ref="25139" />
    <nd ref="25140" />
    <nd ref="25141" />
    <nd ref="25142" />
    <nd ref="25143" />
    <nd ref="25144" />
    <nd ref="25145" />
    <nd ref="25146" />
    <nd ref="25147" />
    <nd ref="25148" />
    <nd ref="25149" />
    <nd ref="25150" />
    <nd ref="25151" />
    <nd ref="25152" />
    <nd ref="25153" />
    <nd ref="25154" />
    <nd ref="25155" />
    <nd ref="25156" />
    <nd ref="25157" />
    <nd ref="25158" />
    <nd ref="25159" />
    <nd ref="25160" />
    <nd ref="25161" />
    <nd ref="25162" />
    <nd ref="25163" />
    <nd ref="25164" />
    <nd ref="25165" />
    <nd ref="25166" />
    <nd ref="25167" />
    <nd ref="25168" />
    <nd ref="25169" />
    <nd ref="25170" />
    <nd ref="25171" />
    <nd ref="25172" />
    <nd ref="25173" />
    <nd ref="25174" />
    <nd ref="25175" />
    <nd ref="25176" />
    <nd ref="25177" />
    <nd ref="25178" />
    <nd ref="25179" />
    <nd ref="25180" />
    <nd ref="25181" />
    <nd ref="25182" />
    <nd ref="25183" />
    <nd ref="25184" />
    <nd ref="25185" />
    <nd ref="25186" />
    <nd ref="25187" />
    <nd ref="25188" />
    <nd ref="25189" />
    <nd ref="25190" />
    <nd ref="25191" />
    <nd ref="25192" />
    <nd ref="25193" />
    <nd ref="25194" />
    <nd ref="25195" />
    <nd ref="25196" />
    <nd ref="25197" />
    <nd ref="25198" />
    <nd ref="25199" />
    <nd ref="25200" />
    <nd ref="25201" />
    <nd ref="25202" />
    <nd ref="25203" />
    <nd ref="25204" />
    <nd ref="25205" />
    <nd ref="25206" />
    <nd ref="25207" />
    <nd ref="25208" />
    <nd ref="25209" />
    <nd ref="25210" />
    <nd ref="25211" />
    <nd ref="25212" />
    <nd ref="25213" />
    <nd ref="25214" />
    <nd ref="25215" />
    <nd ref="25216" />
    <nd ref="25217" />
    <nd ref="25218" />
    <nd ref="25219" />
    <nd ref="25220" />
    <nd ref="25221" />
    <nd ref="25222" />
    <nd ref="25223" />
    <nd ref="25224" />
    <nd ref="25225" />
    <nd ref="25226" />
    <nd ref="25227" />
    <nd ref="25228" />
    <nd ref="25229" />
    <nd ref="25230" />
    <nd ref="25231" />
    <nd ref="25232" />
    <nd ref="25233" />
    <nd ref="25234" />
    <nd ref="25235" />
    <nd ref="25236" />
    <nd ref="25237" />
    <nd ref="25238" />
    <nd ref="25239" />
    <nd ref="25240" />
    <nd ref="25241" />
    <nd ref="25242" />
    <nd ref="25243" />
    <nd ref="25244" />
    <nd ref="25245" />
    <nd ref="25246" />
    <nd ref="25247" />
    <nd ref="25248" />
    <nd ref="25249" />
    <nd ref="25250" />
    <nd ref="25251" />
    <nd ref="25252" />
    <nd ref="25253" />
    <nd ref="25254" />
    <nd ref="25255" />
    <nd ref="25256" />
    <nd ref="25257" />
    <nd ref="25258" />
    <nd ref="25259" />
    <nd ref="25260" />
    <nd ref="25261" />
    <nd ref="25262" />
    <nd ref="25263" />
    <nd ref="25264" />
    <nd ref="25265" />
    <nd ref="25266" />
    <nd ref="25267" />
    <nd ref="25268" />
    <nd ref="25269" />
    <nd ref="25270" />
    <nd ref="25271" />
    <nd ref="25272" />
    <nd ref="25273" />
    <nd ref="25274" />
    <nd ref="25275" />
    <nd ref="25276" />
    <nd ref="25277" />
    <nd ref="25278" />
    <nd ref="25279" />
    <nd ref="25280" />
    <nd ref="25281" />
    <nd ref="25282" />
    <nd ref="25283" />
    <nd ref="25284" />
    <nd ref="25285" />
    <nd ref="25286" />
    <nd ref="25287" />
    <nd ref="25288" />
    <nd ref="25289" />
    <nd ref="25290" />
    <nd ref="25291" />
    <nd ref="25292" />
    <nd ref="25293" />
    <nd ref="25294" />
    <nd ref="25295" />
    <nd ref="25296" />
    <nd ref="25297" />
    <nd ref="25298" />
    <nd ref="25299" />
    <nd ref="25300" />
    <nd ref="25301" />
    <nd ref="25302" />
    <nd ref="25303" />
    <nd ref="25304" />
    <nd ref="25305" />
    <nd ref="25306" />
    <nd ref="25307" />
    <nd ref="25308" />
    <nd ref="25309" />
    <nd ref="25310" />
    <nd ref="25311" />
    <nd ref="25312" />
    <nd ref="25313" />
    <nd ref="25314" />
    <nd ref="25315" />
    <nd ref="25316" />
    <nd ref="25317" />
    <nd ref="25318" />
    <nd ref="25319" />
    <nd ref="25320" />
    <nd ref="25321" />
    <nd ref="25322" />
    <nd ref="25323" />
    <nd ref="25324" />
    <nd ref="25325" />
    <nd ref="25326" />
    <nd ref="25327" />
    <nd ref="25328" />
    <nd ref="25329" />
    <nd ref="25330" />
    <nd ref="25331" />
    <nd ref="25332" />
    <nd ref="25333" />
    <nd ref="25334" />
    <nd ref="25335" />
    <nd ref="25336" />
    <nd ref="25337" />
    <nd ref="25338" />
    <nd ref="25339" />
    <nd ref="25340" />
    <nd ref="25341" />
    <nd ref="25342" />
    <nd ref="25343" />
    <nd ref="25344" />
    <nd ref="25345" />
    <nd ref="25346" />
    <nd ref="25347" />
    <nd ref="25348" />
    <nd ref="25349" />
    <nd ref="25350" />
    <nd ref="25351" />
    <nd ref="25352" />
    <nd ref="25353" />
    <nd ref="25354" />
    <nd ref="25355" />
    <nd ref="25356" />
    <nd ref="25357" />
    <nd ref="25358" />
    <nd ref="25359" />
    <nd ref="25360" />
    <nd ref="25361" />
    <nd ref="25362" />
    <nd ref="25363" />
    <nd ref="25364" />
    <nd ref="25365" />
    <nd ref="25366" />
    <nd ref="25367" />
    <nd ref="25368" />
    <nd ref="25369" />
    <nd ref="25370" />
    <nd ref="25371" />
    <nd ref="25372" />
    <nd ref="25373" />
    <nd ref="25374" />
    <nd ref="25375" />
    <nd ref="25376" />
    <nd ref="25377" />
    <nd ref="25378" />
    <nd ref="25379" />
    <nd ref="25380" />
    <nd ref="25381" />
    <nd ref="25382" />
    <nd ref="25383" />
    <nd ref="25384" />
    <nd ref="25385" />
    <nd ref="25386" />
    <nd ref="25387" />
    <nd ref="25388" />
    <nd ref="25389" />
    <nd ref="25390" />
    <nd ref="25391" />
    <nd ref="25392" />
    <nd ref="25393" />
    <nd ref="25394" />
    <nd ref="25395" />
    <nd ref="25396" />
    <nd ref="25397" />
    <nd ref="25398" />
    <nd ref="25399" />
    <nd ref="25400" />
    <nd ref="25401" />
    <nd ref="25402" />
    <nd ref="25403" />
    <nd ref="25404" />
    <nd ref="25405" />
    <nd ref="25406" />
    <nd ref="25407" />
    <nd ref="25408" />
    <nd ref="25409" />
    <nd ref="25410" />
    <nd ref="25411" />
    <nd ref="25412" />
    <nd ref="25413" />
    <nd ref="25414" />
    <nd ref="25415" />
    <nd ref="25416" />
    <nd ref="25417" />
    <nd ref="25418" />
    <nd ref="25419" />
    <nd ref="25420" />
    <nd ref="25421" />
    <nd ref="25422" />
    <nd ref="25423" />
    <nd ref="25424" />
    <tag k="subtype" v="dashed" />
    <tag k="type" v="line_thin" />
  </way>
  <way id="26427" visible="true" version="1">
    <nd ref="25426" />
    <nd ref="25427" />
    <nd ref="25428" />
    <nd ref="25429" />
    <nd ref="25430" />
    <nd ref="25431" />
    <nd ref="25432" />
    <nd ref="25433" />
    <nd ref="25434" />
    <nd ref="25435" />
    <nd ref="25436" />
    <nd ref="25437" />
    <nd ref="25438" />
    <nd ref="25439" />
    <nd ref="25440" />
    <nd ref="25441" />
    <nd ref="25442" />
    <nd ref="25443" />
    <nd ref="25444" />
    <nd ref="25445" />
    <nd ref="25446" />
    <nd ref="25447" />
    <nd ref="25448" />
    <nd ref="25449" />
    <nd ref="25450" />
    <nd ref="25451" />
    <nd ref="25452" />
    <nd ref="25453" />
    <nd ref="25454" />
    <nd ref="25455" />
    <nd ref="25456" />
    <nd ref="25457" />
    <nd ref="25458" />
    <nd ref="25459" />
    <nd ref="25460" />
    <nd ref="25461" />
    <nd ref="25462" />
    <nd ref="25463" />
    <nd ref="25464" />
    <nd ref="25465" />
    <nd ref="25466" />
    <nd ref="25467" />
    <nd ref="25468" />
    <nd ref="25469" />
    <nd ref="25470" />
    <nd ref="25471" />
    <nd ref="25472" />
    <nd ref="25473" />
    <nd ref="25474" />
    <nd ref="25475" />
    <nd ref="25476" />
    <nd ref="25477" />
    <nd ref="25478" />
    <nd ref="25479" />
    <nd ref="25480" />
    <nd ref="25481" />
    <nd ref="25482" />
    <nd ref="25483" />
    <nd ref="25484" />
    <nd ref="25485" />
    <nd ref="25486" />
    <nd ref="25487" />
    <nd ref="25488" />
    <nd ref="25489" />
    <nd ref="25490" />
    <nd ref="25491" />
    <nd ref="25492" />
    <nd ref="25493" />
    <nd ref="25494" />
    <nd ref="25495" />
    <nd ref="25496" />
    <nd ref="25497" />
    <nd ref="25498" />
    <nd ref="25499" />
    <nd ref="25500" />
    <nd ref="25501" />
    <nd ref="25502" />
    <nd ref="25503" />
    <nd ref="25504" />
    <nd ref="25505" />
    <nd ref="25506" />
    <nd ref="25507" />
    <nd ref="25508" />
    <nd ref="25509" />
    <nd ref="25510" />
    <nd ref="25511" />
    <nd ref="25512" />
    <nd ref="25513" />
    <nd ref="25514" />
    <nd ref="25515" />
    <nd ref="25516" />
    <nd ref="25517" />
    <nd ref="25518" />
    <nd ref="25519" />
    <nd ref="25520" />
    <nd ref="25521" />
    <nd ref="25522" />
    <nd ref="25523" />
    <nd ref="25524" />
    <nd ref="25525" />
    <nd ref="25526" />
    <nd ref="25527" />
    <nd ref="25528" />
    <nd ref="25529" />
    <nd ref="25530" />
    <nd ref="25531" />
    <nd ref="25532" />
    <nd ref="25533" />
    <nd ref="25534" />
    <nd ref="25535" />
    <nd ref="25536" />
    <nd ref="25537" />
    <nd ref="25538" />
    <nd ref="25539" />
    <nd ref="25540" />
    <nd ref="25541" />
    <nd ref="25542" />
    <nd ref="25543" />
    <nd ref="25544" />
    <nd ref="25545" />
    <nd ref="25546" />
    <nd ref="25547" />
    <nd ref="25548" />
    <nd ref="25549" />
    <nd ref="25550" />
    <nd ref="25551" />
    <nd ref="25552" />
    <nd ref="25553" />
    <nd ref="25554" />
    <nd ref="25555" />
    <nd ref="25556" />
    <nd ref="25557" />
    <nd ref="25558" />
    <nd ref="25559" />
    <nd ref="25560" />
    <nd ref="25561" />
    <nd ref="25562" />
    <nd ref="25563" />
    <nd ref="25564" />
    <nd ref="25565" />
    <nd ref="25566" />
    <nd ref="25567" />
    <nd ref="25568" />
    <nd ref="25569" />
    <nd ref="25570" />
    <nd ref="25571" />
    <nd ref="25572" />
    <nd ref="25573" />
    <nd ref="25574" />
    <nd ref="25575" />
    <nd ref="25576" />
    <nd ref="25577" />
    <nd ref="25578" />
    <nd ref="25579" />
    <nd ref="25580" />
    <nd ref="25581" />
    <nd ref="25582" />
    <nd ref="25583" />
    <nd ref="25584" />
    <nd ref="25585" />
    <nd ref="25586" />
    <nd ref="25587" />
    <nd ref="25588" />
    <nd ref="25589" />
    <nd ref="25590" />
    <nd ref="25591" />
    <nd ref="25592" />
    <nd ref="25593" />
    <nd ref="25594" />
    <nd ref="25595" />
    <nd ref="25596" />
    <nd ref="25597" />
    <nd ref="25598" />
    <nd ref="25599" />
    <nd ref="25600" />
    <nd ref="25601" />
    <nd ref="25602" />
    <nd ref="25603" />
    <nd ref="25604" />
    <nd ref="25605" />
    <nd ref="25606" />
    <nd ref="25607" />
    <nd ref="25608" />
    <nd ref="25609" />
    <nd ref="25610" />
    <nd ref="25611" />
    <nd ref="25612" />
    <nd ref="25613" />
    <nd ref="25614" />
    <nd ref="25615" />
    <nd ref="25616" />
    <nd ref="25617" />
    <nd ref="25618" />
    <nd ref="25619" />
    <nd ref="25620" />
    <nd ref="25621" />
    <nd ref="25622" />
    <nd ref="25623" />
    <nd ref="25624" />
    <nd ref="25625" />
    <nd ref="25626" />
    <nd ref="25627" />
    <nd ref="25628" />
    <nd ref="25629" />
    <nd ref="25630" />
    <nd ref="25631" />
    <nd ref="25632" />
    <nd ref="25633" />
    <nd ref="25634" />
    <nd ref="25635" />
    <nd ref="25636" />
    <nd ref="25637" />
    <nd ref="25638" />
    <nd ref="25639" />
    <nd ref="25640" />
    <nd ref="25641" />
    <nd ref="25642" />
    <nd ref="25643" />
    <nd ref="25644" />
    <nd ref="25645" />
    <nd ref="25646" />
    <nd ref="25647" />
    <nd ref="25648" />
    <nd ref="25649" />
    <nd ref="25650" />
    <nd ref="25651" />
    <nd ref="25652" />
    <nd ref="25653" />
    <nd ref="25654" />
    <nd ref="25655" />
    <nd ref="25656" />
    <nd ref="25657" />
    <nd ref="25658" />
    <nd ref="25659" />
    <nd ref="25660" />
    <nd ref="25661" />
    <nd ref="25662" />
    <nd ref="25663" />
    <nd ref="25664" />
    <nd ref="25665" />
    <nd ref="25666" />
    <nd ref="25667" />
    <nd ref="25668" />
    <nd ref="25669" />
    <nd ref="25670" />
    <nd ref="25671" />
    <nd ref="25672" />
    <nd ref="25673" />
    <nd ref="25674" />
    <nd ref="25675" />
    <nd ref="25676" />
    <nd ref="25677" />
    <nd ref="25678" />
    <nd ref="25679" />
    <nd ref="25680" />
    <nd ref="25681" />
    <nd ref="25682" />
    <nd ref="25683" />
    <nd ref="25684" />
    <nd ref="25685" />
    <nd ref="25686" />
    <nd ref="25687" />
    <nd ref="25688" />
    <nd ref="25689" />
    <nd ref="25690" />
    <nd ref="25691" />
    <nd ref="25692" />
    <nd ref="25693" />
    <nd ref="25694" />
    <nd ref="25695" />
    <nd ref="25696" />
    <nd ref="25697" />
    <nd ref="25698" />
    <nd ref="25699" />
    <nd ref="25700" />
    <nd ref="25701" />
    <nd ref="25702" />
    <nd ref="25703" />
    <nd ref="25704" />
    <nd ref="25705" />
    <nd ref="25706" />
    <nd ref="25707" />
    <nd ref="25708" />
    <nd ref="25709" />
    <nd ref="25710" />
    <nd ref="25711" />
    <nd ref="25712" />
    <nd ref="25713" />
    <nd ref="25714" />
    <nd ref="25715" />
    <nd ref="25716" />
    <nd ref="25717" />
    <nd ref="25718" />
    <nd ref="25719" />
    <nd ref="25720" />
    <nd ref="25721" />
    <nd ref="25722" />
    <nd ref="25723" />
    <nd ref="25724" />
    <nd ref="25725" />
    <nd ref="25726" />
    <nd ref="25727" />
    <nd ref="25728" />
    <nd ref="25729" />
    <nd ref="25730" />
    <nd ref="25731" />
    <nd ref="25732" />
    <nd ref="25733" />
    <nd ref="25734" />
    <nd ref="25735" />
    <nd ref="25736" />
    <nd ref="25737" />
    <nd ref="25738" />
    <nd ref="25739" />
    <nd ref="25740" />
    <nd ref="25741" />
    <nd ref="25742" />
    <nd ref="25743" />
    <nd ref="25744" />
    <nd ref="25745" />
    <nd ref="25746" />
    <nd ref="25747" />
    <nd ref="25748" />
    <nd ref="25749" />
    <nd ref="25750" />
    <nd ref="25751" />
    <nd ref="25752" />
    <nd ref="25753" />
    <nd ref="25754" />
    <nd ref="25755" />
    <nd ref="25756" />
    <nd ref="25757" />
    <nd ref="25758" />
    <nd ref="25759" />
    <nd ref="25760" />
    <nd ref="25761" />
    <nd ref="25762" />
    <nd ref="25763" />
    <nd ref="25764" />
    <nd ref="25765" />
    <nd ref="25766" />
    <nd ref="25767" />
    <nd ref="25768" />
    <nd ref="25769" />
    <nd ref="25770" />
    <nd ref="25771" />
    <nd ref="25772" />
    <nd ref="25773" />
    <nd ref="25774" />
    <nd ref="25775" />
    <nd ref="25776" />
    <nd ref="25777" />
    <nd ref="25778" />
    <nd ref="25779" />
    <nd ref="25780" />
    <nd ref="25781" />
    <nd ref="25782" />
    <nd ref="25783" />
    <nd ref="25784" />
    <nd ref="25785" />
    <nd ref="25786" />
    <nd ref="25787" />
    <nd ref="25788" />
    <nd ref="25789" />
    <nd ref="25790" />
    <nd ref="25791" />
    <nd ref="25792" />
    <nd ref="25793" />
    <nd ref="25794" />
    <nd ref="25795" />
    <nd ref="25796" />
    <nd ref="25797" />
    <nd ref="25798" />
    <nd ref="25799" />
    <nd ref="25800" />
    <nd ref="25801" />
    <nd ref="25802" />
    <nd ref="25803" />
    <nd ref="25804" />
    <nd ref="25805" />
    <nd ref="25806" />
    <nd ref="25807" />
    <nd ref="25808" />
    <nd ref="25809" />
    <nd ref="25810" />
    <nd ref="25811" />
    <nd ref="25812" />
    <nd ref="25813" />
    <nd ref="25814" />
    <nd ref="25815" />
    <nd ref="25816" />
    <nd ref="25817" />
    <nd ref="25818" />
    <nd ref="25819" />
    <nd ref="25820" />
    <nd ref="25821" />
    <nd ref="25822" />
    <nd ref="25823" />
    <nd ref="25824" />
    <nd ref="25825" />
    <nd ref="25826" />
    <nd ref="25827" />
    <nd ref="25828" />
    <nd ref="25829" />
    <nd ref="25830" />
    <nd ref="25831" />
    <nd ref="25832" />
    <nd ref="25833" />
    <nd ref="25834" />
    <nd ref="25835" />
    <nd ref="25836" />
    <nd ref="25837" />
    <nd ref="25838" />
    <nd ref="25839" />
    <nd ref="25840" />
    <nd ref="25841" />
    <nd ref="25842" />
    <nd ref="25843" />
    <nd ref="25844" />
    <nd ref="25845" />
    <nd ref="25846" />
    <nd ref="25847" />
    <nd ref="25848" />
    <nd ref="25849" />
    <nd ref="25850" />
    <nd ref="25851" />
    <nd ref="25852" />
    <nd ref="25853" />
    <nd ref="25854" />
    <nd ref="25855" />
    <nd ref="25856" />
    <nd ref="25857" />
    <nd ref="25858" />
    <nd ref="25859" />
    <nd ref="25860" />
    <nd ref="25861" />
    <nd ref="25862" />
    <nd ref="25863" />
    <nd ref="25864" />
    <nd ref="25865" />
    <nd ref="25866" />
    <nd ref="25867" />
    <nd ref="25868" />
    <nd ref="25869" />
    <nd ref="25870" />
    <nd ref="25871" />
    <nd ref="25872" />
    <nd ref="25873" />
    <nd ref="25874" />
    <nd ref="25875" />
    <nd ref="25876" />
    <nd ref="25877" />
    <nd ref="25878" />
    <nd ref="25879" />
    <nd ref="25880" />
    <nd ref="25881" />
    <nd ref="25882" />
    <nd ref="25883" />
    <nd ref="25884" />
    <nd ref="25885" />
    <nd ref="25886" />
    <nd ref="25887" />
    <nd ref="25888" />
    <nd ref="25889" />
    <nd ref="25890" />
    <nd ref="25891" />
    <nd ref="25892" />
    <nd ref="25893" />
    <nd ref="25894" />
    <nd ref="25895" />
    <nd ref="25896" />
    <nd ref="25897" />
    <nd ref="25898" />
    <nd ref="25899" />
    <nd ref="25900" />
    <nd ref="25901" />
    <nd ref="25902" />
    <nd ref="25903" />
    <nd ref="25904" />
    <nd ref="25905" />
    <nd ref="25906" />
    <nd ref="25907" />
    <nd ref="25908" />
    <nd ref="25909" />
    <nd ref="25910" />
    <nd ref="25911" />
    <nd ref="25912" />
    <nd ref="25913" />
    <nd ref="25914" />
    <nd ref="25915" />
    <nd ref="25916" />
    <nd ref="25917" />
    <nd ref="25918" />
    <nd ref="25919" />
    <nd ref="25920" />
    <nd ref="25921" />
    <nd ref="25922" />
    <nd ref="25923" />
    <nd ref="25924" />
    <nd ref="25925" />
    <nd ref="25926" />
    <nd ref="25927" />
    <nd ref="25928" />
    <nd ref="25929" />
    <nd ref="25930" />
    <nd ref="25931" />
    <nd ref="25932" />
    <nd ref="25933" />
    <nd ref="25934" />
    <nd ref="25935" />
    <nd ref="25936" />
    <nd ref="25937" />
    <nd ref="25938" />
    <nd ref="25939" />
    <nd ref="25940" />
    <nd ref="25941" />
    <nd ref="25942" />
    <nd ref="25943" />
    <nd ref="25944" />
    <nd ref="25945" />
    <nd ref="25946" />
    <nd ref="25947" />
    <nd ref="25948" />
    <nd ref="25949" />
    <nd ref="25950" />
    <nd ref="25951" />
    <nd ref="25952" />
    <nd ref="25953" />
    <nd ref="25954" />
    <nd ref="25955" />
    <nd ref="25956" />
    <nd ref="25957" />
    <nd ref="25958" />
    <nd ref="25959" />
    <nd ref="25960" />
    <nd ref="25961" />
    <nd ref="25962" />
    <nd ref="25963" />
    <nd ref="25964" />
    <nd ref="25965" />
    <nd ref="25966" />
    <nd ref="25967" />
    <nd ref="25968" />
    <nd ref="25969" />
    <nd ref="25970" />
    <nd ref="25971" />
    <nd ref="25972" />
    <nd ref="25973" />
    <nd ref="25974" />
    <nd ref="25975" />
    <nd ref="25976" />
    <nd ref="25977" />
    <nd ref="25978" />
    <nd ref="25979" />
    <nd ref="25980" />
    <nd ref="25981" />
    <nd ref="25982" />
    <nd ref="25983" />
    <nd ref="25984" />
    <nd ref="25985" />
    <nd ref="25986" />
    <nd ref="25987" />
    <nd ref="25988" />
    <nd ref="25989" />
    <nd ref="25990" />
    <nd ref="25991" />
    <nd ref="25992" />
    <nd ref="25993" />
    <nd ref="25994" />
    <nd ref="25995" />
    <nd ref="25996" />
    <nd ref="25997" />
    <nd ref="25998" />
    <nd ref="25999" />
    <nd ref="26000" />
    <nd ref="26001" />
    <nd ref="26002" />
    <nd ref="26003" />
    <nd ref="26004" />
    <nd ref="26005" />
    <nd ref="26006" />
    <nd ref="26007" />
    <nd ref="26008" />
    <nd ref="26009" />
    <nd ref="26010" />
    <nd ref="26011" />
    <nd ref="26012" />
    <nd ref="26013" />
    <nd ref="26014" />
    <nd ref="26015" />
    <nd ref="26016" />
    <nd ref="26017" />
    <nd ref="26018" />
    <nd ref="26019" />
    <nd ref="26020" />
    <nd ref="26021" />
    <nd ref="26022" />
    <nd ref="26023" />
    <nd ref="26024" />
    <nd ref="26025" />
    <nd ref="26026" />
    <nd ref="26027" />
    <nd ref="26028" />
    <nd ref="26029" />
    <nd ref="26030" />
    <nd ref="26031" />
    <nd ref="26032" />
    <nd ref="26033" />
    <nd ref="26034" />
    <nd ref="26035" />
    <nd ref="26036" />
    <nd ref="26037" />
    <nd ref="26038" />
    <nd ref="26039" />
    <nd ref="26040" />
    <nd ref="26041" />
    <nd ref="26042" />
    <nd ref="26043" />
    <nd ref="26044" />
    <nd ref="26045" />
    <nd ref="26046" />
    <nd ref="26047" />
    <nd ref="26048" />
    <nd ref="26049" />
    <nd ref="26050" />
    <nd ref="26051" />
    <nd ref="26052" />
    <nd ref="26053" />
    <nd ref="26054" />
    <nd ref="26055" />
    <nd ref="26056" />
    <nd ref="26057" />
    <nd ref="26058" />
    <nd ref="26059" />
    <nd ref="26060" />
    <nd ref="26061" />
    <nd ref="26062" />
    <nd ref="26063" />
    <nd ref="26064" />
    <nd ref="26065" />
    <nd ref="26066" />
    <nd ref="26067" />
    <nd ref="26068" />
    <nd ref="26069" />
    <nd ref="26070" />
    <nd ref="26071" />
    <nd ref="26072" />
    <nd ref="26073" />
    <nd ref="26074" />
    <nd ref="26075" />
    <nd ref="26076" />
    <nd ref="26077" />
    <nd ref="26078" />
    <nd ref="26079" />
    <nd ref="26080" />
    <nd ref="26081" />
    <nd ref="26082" />
    <nd ref="26083" />
    <nd ref="26084" />
    <nd ref="26085" />
    <nd ref="26086" />
    <nd ref="26087" />
    <nd ref="26088" />
    <nd ref="26089" />
    <nd ref="26090" />
    <nd ref="26091" />
    <nd ref="26092" />
    <nd ref="26093" />
    <nd ref="26094" />
    <nd ref="26095" />
    <nd ref="26096" />
    <nd ref="26097" />
    <nd ref="26098" />
    <nd ref="26099" />
    <nd ref="26100" />
    <nd ref="26101" />
    <nd ref="26102" />
    <nd ref="26103" />
    <nd ref="26104" />
    <nd ref="26105" />
    <nd ref="26106" />
    <nd ref="26107" />
    <nd ref="26108" />
    <nd ref="26109" />
    <nd ref="26110" />
    <nd ref="26111" />
    <nd ref="26112" />
    <nd ref="26113" />
    <nd ref="26114" />
    <nd ref="26115" />
    <nd ref="26116" />
    <nd ref="26117" />
    <nd ref="26118" />
    <nd ref="26119" />
    <nd ref="26120" />
    <nd ref="26121" />
    <nd ref="26122" />
    <nd ref="26123" />
    <nd ref="26124" />
    <nd ref="26125" />
    <nd ref="26126" />
    <nd ref="26127" />
    <nd ref="26128" />
    <nd ref="26129" />
    <nd ref="26130" />
    <nd ref="26131" />
    <nd ref="26132" />
    <nd ref="26133" />
    <nd ref="26134" />
    <nd ref="26135" />
    <nd ref="26136" />
    <nd ref="26137" />
    <nd ref="26138" />
    <nd ref="26139" />
    <nd ref="26140" />
    <nd ref="26141" />
    <nd ref="26142" />
    <nd ref="26143" />
    <nd ref="26144" />
    <nd ref="26145" />
    <nd ref="26146" />
    <nd ref="26147" />
    <nd ref="26148" />
    <nd ref="26149" />
    <nd ref="26150" />
    <nd ref="26151" />
    <nd ref="26152" />
    <nd ref="26153" />
    <nd ref="26154" />
    <nd ref="26155" />
    <nd ref="26156" />
    <nd ref="26157" />
    <nd ref="26158" />
    <nd ref="26159" />
    <nd ref="26160" />
    <nd ref="26161" />
    <nd ref="26162" />
    <nd ref="26163" />
    <nd ref="26164" />
    <nd ref="26165" />
    <nd ref="26166" />
    <nd ref="26167" />
    <nd ref="26168" />
    <nd ref="26169" />
    <nd ref="26170" />
    <nd ref="26171" />
    <nd ref="26172" />
    <nd ref="26173" />
    <nd ref="26174" />
    <nd ref="26175" />
    <nd ref="26176" />
    <nd ref="26177" />
    <nd ref="26178" />
    <nd ref="26179" />
    <nd ref="26180" />
    <nd ref="26181" />
    <nd ref="26182" />
    <nd ref="26183" />
    <nd ref="26184" />
    <nd ref="26185" />
    <nd ref="26186" />
    <nd ref="26187" />
    <nd ref="26188" />
    <nd ref="26189" />
    <nd ref="26190" />
    <nd ref="26191" />
    <nd ref="26192" />
    <nd ref="26193" />
    <nd ref="26194" />
    <nd ref="26195" />
    <nd ref="26196" />
    <nd ref="26197" />
    <nd ref="26198" />
    <nd ref="26199" />
    <nd ref="26200" />
    <nd ref="26201" />
    <nd ref="26202" />
    <nd ref="26203" />
    <nd ref="26204" />
    <nd ref="26205" />
    <nd ref="26206" />
    <nd ref="26207" />
    <nd ref="26208" />
    <nd ref="26209" />
    <nd ref="26210" />
    <nd ref="26211" />
    <nd ref="26212" />
    <nd ref="26213" />
    <nd ref="26214" />
    <nd ref="26215" />
    <nd ref="26216" />
    <nd ref="26217" />
    <nd ref="26218" />
    <nd ref="26219" />
    <nd ref="26220" />
    <nd ref="26221" />
    <nd ref="26222" />
    <nd ref="26223" />
    <nd ref="26224" />
    <nd ref="26225" />
    <nd ref="26226" />
    <nd ref="26227" />
    <nd ref="26228" />
    <nd ref="26229" />
    <nd ref="26230" />
    <nd ref="26231" />
    <nd ref="26232" />
    <nd ref="26233" />
    <nd ref="26234" />
    <nd ref="26235" />
    <nd ref="26236" />
    <nd ref="26237" />
    <nd ref="26238" />
    <nd ref="26239" />
    <nd ref="26240" />
    <nd ref="26241" />
    <nd ref="26242" />
    <nd ref="26243" />
    <nd ref="26244" />
    <nd ref="26245" />
    <nd ref="26246" />
    <nd ref="26247" />
    <nd ref="26248" />
    <nd ref="26249" />
    <nd ref="26250" />
    <nd ref="26251" />
    <nd ref="26252" />
    <nd ref="26253" />
    <nd ref="26254" />
    <nd ref="26255" />
    <nd ref="26256" />
    <nd ref="26257" />
    <nd ref="26258" />
    <nd ref="26259" />
    <nd ref="26260" />
    <nd ref="26261" />
    <nd ref="26262" />
    <nd ref="26263" />
    <nd ref="26264" />
    <nd ref="26265" />
    <nd ref="26266" />
    <nd ref="26267" />
    <nd ref="26268" />
    <nd ref="26269" />
    <nd ref="26270" />
    <nd ref="26271" />
    <nd ref="26272" />
    <nd ref="26273" />
    <nd ref="26274" />
    <nd ref="26275" />
    <nd ref="26276" />
    <nd ref="26277" />
    <nd ref="26278" />
    <nd ref="26279" />
    <nd ref="26280" />
    <nd ref="26281" />
    <nd ref="26282" />
    <nd ref="26283" />
    <nd ref="26284" />
    <nd ref="26285" />
    <nd ref="26286" />
    <nd ref="26287" />
    <nd ref="26288" />
    <nd ref="26289" />
    <nd ref="26290" />
    <nd ref="26291" />
    <nd ref="26292" />
    <nd ref="26293" />
    <nd ref="26294" />
    <nd ref="26295" />
    <nd ref="26296" />
    <nd ref="26297" />
    <nd ref="26298" />
    <nd ref="26299" />
    <nd ref="26300" />
    <nd ref="26301" />
    <nd ref="26302" />
    <nd ref="26303" />
    <nd ref="26304" />
    <nd ref="26305" />
    <nd ref="26306" />
    <nd ref="26307" />
    <nd ref="26308" />
    <nd ref="26309" />
    <nd ref="26310" />
    <nd ref="26311" />
    <nd ref="26312" />
    <nd ref="26313" />
    <nd ref="26314" />
    <nd ref="26315" />
    <nd ref="26316" />
    <nd ref="26317" />
    <nd ref="26318" />
    <nd ref="26319" />
    <nd ref="26320" />
    <nd ref="26321" />
    <nd ref="26322" />
    <nd ref="26323" />
    <nd ref="26324" />
    <nd ref="26325" />
    <nd ref="26326" />
    <nd ref="26327" />
    <nd ref="26328" />
    <nd ref="26329" />
    <nd ref="26330" />
    <nd ref="26331" />
    <nd ref="26332" />
    <nd ref="26333" />
    <nd ref="26334" />
    <nd ref="26335" />
    <nd ref="26336" />
    <nd ref="26337" />
    <nd ref="26338" />
    <nd ref="26339" />
    <nd ref="26340" />
    <nd ref="26341" />
    <nd ref="26342" />
    <nd ref="26343" />
    <nd ref="26344" />
    <nd ref="26345" />
    <nd ref="26346" />
    <nd ref="26347" />
    <nd ref="26348" />
    <nd ref="26349" />
    <nd ref="26350" />
    <nd ref="26351" />
    <nd ref="26352" />
    <nd ref="26353" />
    <nd ref="26354" />
    <nd ref="26355" />
    <nd ref="26356" />
    <nd ref="26357" />
    <nd ref="26358" />
    <nd ref="26359" />
    <nd ref="26360" />
    <nd ref="26361" />
    <nd ref="26362" />
    <nd ref="26363" />
    <nd ref="26364" />
    <nd ref="26365" />
    <nd ref="26366" />
    <nd ref="26367" />
    <nd ref="26368" />
    <nd ref="26369" />
    <nd ref="26370" />
    <nd ref="26371" />
    <nd ref="26372" />
    <nd ref="26373" />
    <nd ref="26374" />
    <nd ref="26375" />
    <nd ref="26376" />
    <nd ref="26377" />
    <nd ref="26378" />
    <nd ref="26379" />
    <nd ref="26380" />
    <nd ref="26381" />
    <nd ref="26382" />
    <nd ref="26383" />
    <nd ref="26384" />
    <nd ref="26385" />
    <nd ref="26386" />
    <nd ref="26387" />
    <nd ref="26388" />
    <nd ref="26389" />
    <nd ref="26390" />
    <nd ref="26391" />
    <nd ref="26392" />
    <nd ref="26393" />
    <nd ref="26394" />
    <nd ref="26395" />
    <nd ref="26396" />
    <nd ref="26397" />
    <nd ref="26398" />
    <nd ref="26399" />
    <nd ref="26400" />
    <nd ref="26401" />
    <nd ref="26402" />
    <nd ref="26403" />
    <nd ref="26404" />
    <nd ref="26405" />
    <nd ref="26406" />
    <nd ref="26407" />
    <nd ref="26408" />
    <nd ref="26409" />
    <nd ref="26410" />
    <nd ref="26411" />
    <nd ref="26412" />
    <nd ref="26413" />
    <nd ref="26414" />
    <nd ref="26415" />
    <nd ref="26416" />
    <nd ref="26417" />
    <nd ref="26418" />
    <nd ref="26419" />
    <nd ref="26420" />
    <nd ref="26421" />
    <nd ref="26422" />
    <nd ref="26423" />
    <nd ref="26424" />
    <nd ref="26425" />
    <nd ref="26426" />
  </way>
  <way id="27429" visible="true" version="1">
    <nd ref="26428" />
    <nd ref="26429" />
    <nd ref="26430" />
    <nd ref="26431" />
    <nd ref="26432" />
    <nd ref="26433" />
    <nd ref="26434" />
    <nd ref="26435" />
    <nd ref="26436" />
    <nd ref="26437" />
    <nd ref="26438" />
    <nd ref="26439" />
    <nd ref="26440" />
    <nd ref="26441" />
    <nd ref="26442" />
    <nd ref="26443" />
    <nd ref="26444" />
    <nd ref="26445" />
    <nd ref="26446" />
    <nd ref="26447" />
    <nd ref="26448" />
    <nd ref="26449" />
    <nd ref="26450" />
    <nd ref="26451" />
    <nd ref="26452" />
    <nd ref="26453" />
    <nd ref="26454" />
    <nd ref="26455" />
    <nd ref="26456" />
    <nd ref="26457" />
    <nd ref="26458" />
    <nd ref="26459" />
    <nd ref="26460" />
    <nd ref="26461" />
    <nd ref="26462" />
    <nd ref="26463" />
    <nd ref="26464" />
    <nd ref="26465" />
    <nd ref="26466" />
    <nd ref="26467" />
    <nd ref="26468" />
    <nd ref="26469" />
    <nd ref="26470" />
    <nd ref="26471" />
    <nd ref="26472" />
    <nd ref="26473" />
    <nd ref="26474" />
    <nd ref="26475" />
    <nd ref="26476" />
    <nd ref="26477" />
    <nd ref="26478" />
    <nd ref="26479" />
    <nd ref="26480" />
    <nd ref="26481" />
    <nd ref="26482" />
    <nd ref="26483" />
    <nd ref="26484" />
    <nd ref="26485" />
    <nd ref="26486" />
    <nd ref="26487" />
    <nd ref="26488" />
    <nd ref="26489" />
    <nd ref="26490" />
    <nd ref="26491" />
    <nd ref="26492" />
    <nd ref="26493" />
    <nd ref="26494" />
    <nd ref="26495" />
    <nd ref="26496" />
    <nd ref="26497" />
    <nd ref="26498" />
    <nd ref="26499" />
    <nd ref="26500" />
    <nd ref="26501" />
    <nd ref="26502" />
    <nd ref="26503" />
    <nd ref="26504" />
    <nd ref="26505" />
    <nd ref="26506" />
    <nd ref="26507" />
    <nd ref="26508" />
    <nd ref="26509" />
    <nd ref="26510" />
    <nd ref="26511" />
    <nd ref="26512" />
    <nd ref="26513" />
    <nd ref="26514" />
    <nd ref="26515" />
    <nd ref="26516" />
    <nd ref="26517" />
    <nd ref="26518" />
    <nd ref="26519" />
    <nd ref="26520" />
    <nd ref="26521" />
    <nd ref="26522" />
    <nd ref="26523" />
    <nd ref="26524" />
    <nd ref="26525" />
    <nd ref="26526" />
    <nd ref="26527" />
    <nd ref="26528" />
    <nd ref="26529" />
    <nd ref="26530" />
    <nd ref="26531" />
    <nd ref="26532" />
    <nd ref="26533" />
    <nd ref="26534" />
    <nd ref="26535" />
    <nd ref="26536" />
    <nd ref="26537" />
    <nd ref="26538" />
    <nd ref="26539" />
    <nd ref="26540" />
    <nd ref="26541" />
    <nd ref="26542" />
    <nd ref="26543" />
    <nd ref="26544" />
    <nd ref="26545" />
    <nd ref="26546" />
    <nd ref="26547" />
    <nd ref="26548" />
    <nd ref="26549" />
    <nd ref="26550" />
    <nd ref="26551" />
    <nd ref="26552" />
    <nd ref="26553" />
    <nd ref="26554" />
    <nd ref="26555" />
    <nd ref="26556" />
    <nd ref="26557" />
    <nd ref="26558" />
    <nd ref="26559" />
    <nd ref="26560" />
    <nd ref="26561" />
    <nd ref="26562" />
    <nd ref="26563" />
    <nd ref="26564" />
    <nd ref="26565" />
    <nd ref="26566" />
    <nd ref="26567" />
    <nd ref="26568" />
    <nd ref="26569" />
    <nd ref="26570" />
    <nd ref="26571" />
    <nd ref="26572" />
    <nd ref="26573" />
    <nd ref="26574" />
    <nd ref="26575" />
    <nd ref="26576" />
    <nd ref="26577" />
    <nd ref="26578" />
    <nd ref="26579" />
    <nd ref="26580" />
    <nd ref="26581" />
    <nd ref="26582" />
    <nd ref="26583" />
    <nd ref="26584" />
    <nd ref="26585" />
    <nd ref="26586" />
    <nd ref="26587" />
    <nd ref="26588" />
    <nd ref="26589" />
    <nd ref="26590" />
    <nd ref="26591" />
    <nd ref="26592" />
    <nd ref="26593" />
    <nd ref="26594" />
    <nd ref="26595" />
    <nd ref="26596" />
    <nd ref="26597" />
    <nd ref="26598" />
    <nd ref="26599" />
    <nd ref="26600" />
    <nd ref="26601" />
    <nd ref="26602" />
    <nd ref="26603" />
    <nd ref="26604" />
    <nd ref="26605" />
    <nd ref="26606" />
    <nd ref="26607" />
    <nd ref="26608" />
    <nd ref="26609" />
    <nd ref="26610" />
    <nd ref="26611" />
    <nd ref="26612" />
    <nd ref="26613" />
    <nd ref="26614" />
    <nd ref="26615" />
    <nd ref="26616" />
    <nd ref="26617" />
    <nd ref="26618" />
    <nd ref="26619" />
    <nd ref="26620" />
    <nd ref="26621" />
    <nd ref="26622" />
    <nd ref="26623" />
    <nd ref="26624" />
    <nd ref="26625" />
    <nd ref="26626" />
    <nd ref="26627" />
    <nd ref="26628" />
    <nd ref="26629" />
    <nd ref="26630" />
    <nd ref="26631" />
    <nd ref="26632" />
    <nd ref="26633" />
    <nd ref="26634" />
    <nd ref="26635" />
    <nd ref="26636" />
    <nd ref="26637" />
    <nd ref="26638" />
    <nd ref="26639" />
    <nd ref="26640" />
    <nd ref="26641" />
    <nd ref="26642" />
    <nd ref="26643" />
    <nd ref="26644" />
    <nd ref="26645" />
    <nd ref="26646" />
    <nd ref="26647" />
    <nd ref="26648" />
    <nd ref="26649" />
    <nd ref="26650" />
    <nd ref="26651" />
    <nd ref="26652" />
    <nd ref="26653" />
    <nd ref="26654" />
    <nd ref="26655" />
    <nd ref="26656" />
    <nd ref="26657" />
    <nd ref="26658" />
    <nd ref="26659" />
    <nd ref="26660" />
    <nd ref="26661" />
    <nd ref="26662" />
    <nd ref="26663" />
    <nd ref="26664" />
    <nd ref="26665" />
    <nd ref="26666" />
    <nd ref="26667" />
    <nd ref="26668" />
    <nd ref="26669" />
    <nd ref="26670" />
    <nd ref="26671" />
    <nd ref="26672" />
    <nd ref="26673" />
    <nd ref="26674" />
    <nd ref="26675" />
    <nd ref="26676" />
    <nd ref="26677" />
    <nd ref="26678" />
    <nd ref="26679" />
    <nd ref="26680" />
    <nd ref="26681" />
    <nd ref="26682" />
    <nd ref="26683" />
    <nd ref="26684" />
    <nd ref="26685" />
    <nd ref="26686" />
    <nd ref="26687" />
    <nd ref="26688" />
    <nd ref="26689" />
    <nd ref="26690" />
    <nd ref="26691" />
    <nd ref="26692" />
    <nd ref="26693" />
    <nd ref="26694" />
    <nd ref="26695" />
    <nd ref="26696" />
    <nd ref="26697" />
    <nd ref="26698" />
    <nd ref="26699" />
    <nd ref="26700" />
    <nd ref="26701" />
    <nd ref="26702" />
    <nd ref="26703" />
    <nd ref="26704" />
    <nd ref="26705" />
    <nd ref="26706" />
    <nd ref="26707" />
    <nd ref="26708" />
    <nd ref="26709" />
    <nd ref="26710" />
    <nd ref="26711" />
    <nd ref="26712" />
    <nd ref="26713" />
    <nd ref="26714" />
    <nd ref="26715" />
    <nd ref="26716" />
    <nd ref="26717" />
    <nd ref="26718" />
    <nd ref="26719" />
    <nd ref="26720" />
    <nd ref="26721" />
    <nd ref="26722" />
    <nd ref="26723" />
    <nd ref="26724" />
    <nd ref="26725" />
    <nd ref="26726" />
    <nd ref="26727" />
    <nd ref="26728" />
    <nd ref="26729" />
    <nd ref="26730" />
    <nd ref="26731" />
    <nd ref="26732" />
    <nd ref="26733" />
    <nd ref="26734" />
    <nd ref="26735" />
    <nd ref="26736" />
    <nd ref="26737" />
    <nd ref="26738" />
    <nd ref="26739" />
    <nd ref="26740" />
    <nd ref="26741" />
    <nd ref="26742" />
    <nd ref="26743" />
    <nd ref="26744" />
    <nd ref="26745" />
    <nd ref="26746" />
    <nd ref="26747" />
    <nd ref="26748" />
    <nd ref="26749" />
    <nd ref="26750" />
    <nd ref="26751" />
    <nd ref="26752" />
    <nd ref="26753" />
    <nd ref="26754" />
    <nd ref="26755" />
    <nd ref="26756" />
    <nd ref="26757" />
    <nd ref="26758" />
    <nd ref="26759" />
    <nd ref="26760" />
    <nd ref="26761" />
    <nd ref="26762" />
    <nd ref="26763" />
    <nd ref="26764" />
    <nd ref="26765" />
    <nd ref="26766" />
    <nd ref="26767" />
    <nd ref="26768" />
    <nd ref="26769" />
    <nd ref="26770" />
    <nd ref="26771" />
    <nd ref="26772" />
    <nd ref="26773" />
    <nd ref="26774" />
    <nd ref="26775" />
    <nd ref="26776" />
    <nd ref="26777" />
    <nd ref="26778" />
    <nd ref="26779" />
    <nd ref="26780" />
    <nd ref="26781" />
    <nd ref="26782" />
    <nd ref="26783" />
    <nd ref="26784" />
    <nd ref="26785" />
    <nd ref="26786" />
    <nd ref="26787" />
    <nd ref="26788" />
    <nd ref="26789" />
    <nd ref="26790" />
    <nd ref="26791" />
    <nd ref="26792" />
    <nd ref="26793" />
    <nd ref="26794" />
    <nd ref="26795" />
    <nd ref="26796" />
    <nd ref="26797" />
    <nd ref="26798" />
    <nd ref="26799" />
    <nd ref="26800" />
    <nd ref="26801" />
    <nd ref="26802" />
    <nd ref="26803" />
    <nd ref="26804" />
    <nd ref="26805" />
    <nd ref="26806" />
    <nd ref="26807" />
    <nd ref="26808" />
    <nd ref="26809" />
    <nd ref="26810" />
    <nd ref="26811" />
    <nd ref="26812" />
    <nd ref="26813" />
    <nd ref="26814" />
    <nd ref="26815" />
    <nd ref="26816" />
    <nd ref="26817" />
    <nd ref="26818" />
    <nd ref="26819" />
    <nd ref="26820" />
    <nd ref="26821" />
    <nd ref="26822" />
    <nd ref="26823" />
    <nd ref="26824" />
    <nd ref="26825" />
    <nd ref="26826" />
    <nd ref="26827" />
    <nd ref="26828" />
    <nd ref="26829" />
    <nd ref="26830" />
    <nd ref="26831" />
    <nd ref="26832" />
    <nd ref="26833" />
    <nd ref="26834" />
    <nd ref="26835" />
    <nd ref="26836" />
    <nd ref="26837" />
    <nd ref="26838" />
    <nd ref="26839" />
    <nd ref="26840" />
    <nd ref="26841" />
    <nd ref="26842" />
    <nd ref="26843" />
    <nd ref="26844" />
    <nd ref="26845" />
    <nd ref="26846" />
    <nd ref="26847" />
    <nd ref="26848" />
    <nd ref="26849" />
    <nd ref="26850" />
    <nd ref="26851" />
    <nd ref="26852" />
    <nd ref="26853" />
    <nd ref="26854" />
    <nd ref="26855" />
    <nd ref="26856" />
    <nd ref="26857" />
    <nd ref="26858" />
    <nd ref="26859" />
    <nd ref="26860" />
    <nd ref="26861" />
    <nd ref="26862" />
    <nd ref="26863" />
    <nd ref="26864" />
    <nd ref="26865" />
    <nd ref="26866" />
    <nd ref="26867" />
    <nd ref="26868" />
    <nd ref="26869" />
    <nd ref="26870" />
    <nd ref="26871" />
    <nd ref="26872" />
    <nd ref="26873" />
    <nd ref="26874" />
    <nd ref="26875" />
    <nd ref="26876" />
    <nd ref="26877" />
    <nd ref="26878" />
    <nd ref="26879" />
    <nd ref="26880" />
    <nd ref="26881" />
    <nd ref="26882" />
    <nd ref="26883" />
    <nd ref="26884" />
    <nd ref="26885" />
    <nd ref="26886" />
    <nd ref="26887" />
    <nd ref="26888" />
    <nd ref="26889" />
    <nd ref="26890" />
    <nd ref="26891" />
    <nd ref="26892" />
    <nd ref="26893" />
    <nd ref="26894" />
    <nd ref="26895" />
    <nd ref="26896" />
    <nd ref="26897" />
    <nd ref="26898" />
    <nd ref="26899" />
    <nd ref="26900" />
    <nd ref="26901" />
    <nd ref="26902" />
    <nd ref="26903" />
    <nd ref="26904" />
    <nd ref="26905" />
    <nd ref="26906" />
    <nd ref="26907" />
    <nd ref="26908" />
    <nd ref="26909" />
    <nd ref="26910" />
    <nd ref="26911" />
    <nd ref="26912" />
    <nd ref="26913" />
    <nd ref="26914" />
    <nd ref="26915" />
    <nd ref="26916" />
    <nd ref="26917" />
    <nd ref="26918" />
    <nd ref="26919" />
    <nd ref="26920" />
    <nd ref="26921" />
    <nd ref="26922" />
    <nd ref="26923" />
    <nd ref="26924" />
    <nd ref="26925" />
    <nd ref="26926" />
    <nd ref="26927" />
    <nd ref="26928" />
    <nd ref="26929" />
    <nd ref="26930" />
    <nd ref="26931" />
    <nd ref="26932" />
    <nd ref="26933" />
    <nd ref="26934" />
    <nd ref="26935" />
    <nd ref="26936" />
    <nd ref="26937" />
    <nd ref="26938" />
    <nd ref="26939" />
    <nd ref="26940" />
    <nd ref="26941" />
    <nd ref="26942" />
    <nd ref="26943" />
    <nd ref="26944" />
    <nd ref="26945" />
    <nd ref="26946" />
    <nd ref="26947" />
    <nd ref="26948" />
    <nd ref="26949" />
    <nd ref="26950" />
    <nd ref="26951" />
    <nd ref="26952" />
    <nd ref="26953" />
    <nd ref="26954" />
    <nd ref="26955" />
    <nd ref="26956" />
    <nd ref="26957" />
    <nd ref="26958" />
    <nd ref="26959" />
    <nd ref="26960" />
    <nd ref="26961" />
    <nd ref="26962" />
    <nd ref="26963" />
    <nd ref="26964" />
    <nd ref="26965" />
    <nd ref="26966" />
    <nd ref="26967" />
    <nd ref="26968" />
    <nd ref="26969" />
    <nd ref="26970" />
    <nd ref="26971" />
    <nd ref="26972" />
    <nd ref="26973" />
    <nd ref="26974" />
    <nd ref="26975" />
    <nd ref="26976" />
    <nd ref="26977" />
    <nd ref="26978" />
    <nd ref="26979" />
    <nd ref="26980" />
    <nd ref="26981" />
    <nd ref="26982" />
    <nd ref="26983" />
    <nd ref="26984" />
    <nd ref="26985" />
    <nd ref="26986" />
    <nd ref="26987" />
    <nd ref="26988" />
    <nd ref="26989" />
    <nd ref="26990" />
    <nd ref="26991" />
    <nd ref="26992" />
    <nd ref="26993" />
    <nd ref="26994" />
    <nd ref="26995" />
    <nd ref="26996" />
    <nd ref="26997" />
    <nd ref="26998" />
    <nd ref="26999" />
    <nd ref="27000" />
    <nd ref="27001" />
    <nd ref="27002" />
    <nd ref="27003" />
    <nd ref="27004" />
    <nd ref="27005" />
    <nd ref="27006" />
    <nd ref="27007" />
    <nd ref="27008" />
    <nd ref="27009" />
    <nd ref="27010" />
    <nd ref="27011" />
    <nd ref="27012" />
    <nd ref="27013" />
    <nd ref="27014" />
    <nd ref="27015" />
    <nd ref="27016" />
    <nd ref="27017" />
    <nd ref="27018" />
    <nd ref="27019" />
    <nd ref="27020" />
    <nd ref="27021" />
    <nd ref="27022" />
    <nd ref="27023" />
    <nd ref="27024" />
    <nd ref="27025" />
    <nd ref="27026" />
    <nd ref="27027" />
    <nd ref="27028" />
    <nd ref="27029" />
    <nd ref="27030" />
    <nd ref="27031" />
    <nd ref="27032" />
    <nd ref="27033" />
    <nd ref="27034" />
    <nd ref="27035" />
    <nd ref="27036" />
    <nd ref="27037" />
    <nd ref="27038" />
    <nd ref="27039" />
    <nd ref="27040" />
    <nd ref="27041" />
    <nd ref="27042" />
    <nd ref="27043" />
    <nd ref="27044" />
    <nd ref="27045" />
    <nd ref="27046" />
    <nd ref="27047" />
    <nd ref="27048" />
    <nd ref="27049" />
    <nd ref="27050" />
    <nd ref="27051" />
    <nd ref="27052" />
    <nd ref="27053" />
    <nd ref="27054" />
    <nd ref="27055" />
    <nd ref="27056" />
    <nd ref="27057" />
    <nd ref="27058" />
    <nd ref="27059" />
    <nd ref="27060" />
    <nd ref="27061" />
    <nd ref="27062" />
    <nd ref="27063" />
    <nd ref="27064" />
    <nd ref="27065" />
    <nd ref="27066" />
    <nd ref="27067" />
    <nd ref="27068" />
    <nd ref="27069" />
    <nd ref="27070" />
    <nd ref="27071" />
    <nd ref="27072" />
    <nd ref="27073" />
    <nd ref="27074" />
    <nd ref="27075" />
    <nd ref="27076" />
    <nd ref="27077" />
    <nd ref="27078" />
    <nd ref="27079" />
    <nd ref="27080" />
    <nd ref="27081" />
    <nd ref="27082" />
    <nd ref="27083" />
    <nd ref="27084" />
    <nd ref="27085" />
    <nd ref="27086" />
    <nd ref="27087" />
    <nd ref="27088" />
    <nd ref="27089" />
    <nd ref="27090" />
    <nd ref="27091" />
    <nd ref="27092" />
    <nd ref="27093" />
    <nd ref="27094" />
    <nd ref="27095" />
    <nd ref="27096" />
    <nd ref="27097" />
    <nd ref="27098" />
    <nd ref="27099" />
    <nd ref="27100" />
    <nd ref="27101" />
    <nd ref="27102" />
    <nd ref="27103" />
    <nd ref="27104" />
    <nd ref="27105" />
    <nd ref="27106" />
    <nd ref="27107" />
    <nd ref="27108" />
    <nd ref="27109" />
    <nd ref="27110" />
    <nd ref="27111" />
    <nd ref="27112" />
    <nd ref="27113" />
    <nd ref="27114" />
    <nd ref="27115" />
    <nd ref="27116" />
    <nd ref="27117" />
    <nd ref="27118" />
    <nd ref="27119" />
    <nd ref="27120" />
    <nd ref="27121" />
    <nd ref="27122" />
    <nd ref="27123" />
    <nd ref="27124" />
    <nd ref="27125" />
    <nd ref="27126" />
    <nd ref="27127" />
    <nd ref="27128" />
    <nd ref="27129" />
    <nd ref="27130" />
    <nd ref="27131" />
    <nd ref="27132" />
    <nd ref="27133" />
    <nd ref="27134" />
    <nd ref="27135" />
    <nd ref="27136" />
    <nd ref="27137" />
    <nd ref="27138" />
    <nd ref="27139" />
    <nd ref="27140" />
    <nd ref="27141" />
    <nd ref="27142" />
    <nd ref="27143" />
    <nd ref="27144" />
    <nd ref="27145" />
    <nd ref="27146" />
    <nd ref="27147" />
    <nd ref="27148" />
    <nd ref="27149" />
    <nd ref="27150" />
    <nd ref="27151" />
    <nd ref="27152" />
    <nd ref="27153" />
    <nd ref="27154" />
    <nd ref="27155" />
    <nd ref="27156" />
    <nd ref="27157" />
    <nd ref="27158" />
    <nd ref="27159" />
    <nd ref="27160" />
    <nd ref="27161" />
    <nd ref="27162" />
    <nd ref="27163" />
    <nd ref="27164" />
    <nd ref="27165" />
    <nd ref="27166" />
    <nd ref="27167" />
    <nd ref="27168" />
    <nd ref="27169" />
    <nd ref="27170" />
    <nd ref="27171" />
    <nd ref="27172" />
    <nd ref="27173" />
    <nd ref="27174" />
    <nd ref="27175" />
    <nd ref="27176" />
    <nd ref="27177" />
    <nd ref="27178" />
    <nd ref="27179" />
    <nd ref="27180" />
    <nd ref="27181" />
    <nd ref="27182" />
    <nd ref="27183" />
    <nd ref="27184" />
    <nd ref="27185" />
    <nd ref="27186" />
    <nd ref="27187" />
    <nd ref="27188" />
    <nd ref="27189" />
    <nd ref="27190" />
    <nd ref="27191" />
    <nd ref="27192" />
    <nd ref="27193" />
    <nd ref="27194" />
    <nd ref="27195" />
    <nd ref="27196" />
    <nd ref="27197" />
    <nd ref="27198" />
    <nd ref="27199" />
    <nd ref="27200" />
    <nd ref="27201" />
    <nd ref="27202" />
    <nd ref="27203" />
    <nd ref="27204" />
    <nd ref="27205" />
    <nd ref="27206" />
    <nd ref="27207" />
    <nd ref="27208" />
    <nd ref="27209" />
    <nd ref="27210" />
    <nd ref="27211" />
    <nd ref="27212" />
    <nd ref="27213" />
    <nd ref="27214" />
    <nd ref="27215" />
    <nd ref="27216" />
    <nd ref="27217" />
    <nd ref="27218" />
    <nd ref="27219" />
    <nd ref="27220" />
    <nd ref="27221" />
    <nd ref="27222" />
    <nd ref="27223" />
    <nd ref="27224" />
    <nd ref="27225" />
    <nd ref="27226" />
    <nd ref="27227" />
    <nd ref="27228" />
    <nd ref="27229" />
    <nd ref="27230" />
    <nd ref="27231" />
    <nd ref="27232" />
    <nd ref="27233" />
    <nd ref="27234" />
    <nd ref="27235" />
    <nd ref="27236" />
    <nd ref="27237" />
    <nd ref="27238" />
    <nd ref="27239" />
    <nd ref="27240" />
    <nd ref="27241" />
    <nd ref="27242" />
    <nd ref="27243" />
    <nd ref="27244" />
    <nd ref="27245" />
    <nd ref="27246" />
    <nd ref="27247" />
    <nd ref="27248" />
    <nd ref="27249" />
    <nd ref="27250" />
    <nd ref="27251" />
    <nd ref="27252" />
    <nd ref="27253" />
    <nd ref="27254" />
    <nd ref="27255" />
    <nd ref="27256" />
    <nd ref="27257" />
    <nd ref="27258" />
    <nd ref="27259" />
    <nd ref="27260" />
    <nd ref="27261" />
    <nd ref="27262" />
    <nd ref="27263" />
    <nd ref="27264" />
    <nd ref="27265" />
    <nd ref="27266" />
    <nd ref="27267" />
    <nd ref="27268" />
    <nd ref="27269" />
    <nd ref="27270" />
    <nd ref="27271" />
    <nd ref="27272" />
    <nd ref="27273" />
    <nd ref="27274" />
    <nd ref="27275" />
    <nd ref="27276" />
    <nd ref="27277" />
    <nd ref="27278" />
    <nd ref="27279" />
    <nd ref="27280" />
    <nd ref="27281" />
    <nd ref="27282" />
    <nd ref="27283" />
    <nd ref="27284" />
    <nd ref="27285" />
    <nd ref="27286" />
    <nd ref="27287" />
    <nd ref="27288" />
    <nd ref="27289" />
    <nd ref="27290" />
    <nd ref="27291" />
    <nd ref="27292" />
    <nd ref="27293" />
    <nd ref="27294" />
    <nd ref="27295" />
    <nd ref="27296" />
    <nd ref="27297" />
    <nd ref="27298" />
    <nd ref="27299" />
    <nd ref="27300" />
    <nd ref="27301" />
    <nd ref="27302" />
    <nd ref="27303" />
    <nd ref="27304" />
    <nd ref="27305" />
    <nd ref="27306" />
    <nd ref="27307" />
    <nd ref="27308" />
    <nd ref="27309" />
    <nd ref="27310" />
    <nd ref="27311" />
    <nd ref="27312" />
    <nd ref="27313" />
    <nd ref="27314" />
    <nd ref="27315" />
    <nd ref="27316" />
    <nd ref="27317" />
    <nd ref="27318" />
    <nd ref="27319" />
    <nd ref="27320" />
    <nd ref="27321" />
    <nd ref="27322" />
    <nd ref="27323" />
    <nd ref="27324" />
    <nd ref="27325" />
    <nd ref="27326" />
    <nd ref="27327" />
    <nd ref="27328" />
    <nd ref="27329" />
    <nd ref="27330" />
    <nd ref="27331" />
    <nd ref="27332" />
    <nd ref="27333" />
    <nd ref="27334" />
    <nd ref="27335" />
    <nd ref="27336" />
    <nd ref="27337" />
    <nd ref="27338" />
    <nd ref="27339" />
    <nd ref="27340" />
    <nd ref="27341" />
    <nd ref="27342" />
    <nd ref="27343" />
    <nd ref="27344" />
    <nd ref="27345" />
    <nd ref="27346" />
    <nd ref="27347" />
    <nd ref="27348" />
    <nd ref="27349" />
    <nd ref="27350" />
    <nd ref="27351" />
    <nd ref="27352" />
    <nd ref="27353" />
    <nd ref="27354" />
    <nd ref="27355" />
    <nd ref="27356" />
    <nd ref="27357" />
    <nd ref="27358" />
    <nd ref="27359" />
    <nd ref="27360" />
    <nd ref="27361" />
    <nd ref="27362" />
    <nd ref="27363" />
    <nd ref="27364" />
    <nd ref="27365" />
    <nd ref="27366" />
    <nd ref="27367" />
    <nd ref="27368" />
    <nd ref="27369" />
    <nd ref="27370" />
    <nd ref="27371" />
    <nd ref="27372" />
    <nd ref="27373" />
    <nd ref="27374" />
    <nd ref="27375" />
    <nd ref="27376" />
    <nd ref="27377" />
    <nd ref="27378" />
    <nd ref="27379" />
    <nd ref="27380" />
    <nd ref="27381" />
    <nd ref="27382" />
    <nd ref="27383" />
    <nd ref="27384" />
    <nd ref="27385" />
    <nd ref="27386" />
    <nd ref="27387" />
    <nd ref="27388" />
    <nd ref="27389" />
    <nd ref="27390" />
    <nd ref="27391" />
    <nd ref="27392" />
    <nd ref="27393" />
    <nd ref="27394" />
    <nd ref="27395" />
    <nd ref="27396" />
    <nd ref="27397" />
    <nd ref="27398" />
    <nd ref="27399" />
    <nd ref="27400" />
    <nd ref="27401" />
    <nd ref="27402" />
    <nd ref="27403" />
    <nd ref="27404" />
    <nd ref="27405" />
    <nd ref="27406" />
    <nd ref="27407" />
    <nd ref="27408" />
    <nd ref="27409" />
    <nd ref="27410" />
    <nd ref="27411" />
    <nd ref="27412" />
    <nd ref="27413" />
    <nd ref="27414" />
    <nd ref="27415" />
    <nd ref="27416" />
    <nd ref="27417" />
    <nd ref="27418" />
    <nd ref="27419" />
    <nd ref="27420" />
    <nd ref="27421" />
    <nd ref="27422" />
    <nd ref="27423" />
    <nd ref="27424" />
    <nd ref="27425" />
    <nd ref="27426" />
    <nd ref="27427" />
    <nd ref="27428" />
    <tag k="subtype" v="solid" />
    <tag k="type" v="line_thin" />
  </way>
  <relation id="1000" visible="true" version="1">
    <member type="way" ref="25425" role="left" />
    <member type="way" ref="23421" role="right" />
    <member type="way" ref="24423" role="centerline" />
    <tag k="location" v="nonurban" />
    <tag k="one_way" v="yes" />
    <tag k="region" v="de" />
    <tag k="speed_limit" v="18.0" />
    <tag k="subtype" v="highway" />
    <tag k="type" v="lanelet" />
  </relation>
  <relation id="1001" visible="true" version="1">
    <member type="way" ref="27429" role="left" />
    <member type="way" ref="25425" role="right" />
    <member type="way" ref="26427" role="centerline" />
    <tag k="location" v="nonurban" />
    <tag k="one_way" v="yes" />
    <tag k="region" v="de" />
    <tag k="speed_limit" v="18.0" />
    <tag k="subtype" v="highway" />
    <tag k="type" v="lanelet" />
  </relation>
</osm>
