<osm version="0.6" upload="false" generator="JOSM">
  <node id="1" version="1" lat="50.90720894371" lon="6.22816242144" />
  <node id="2" version="1" lat="50.90725376427" lon="6.22821673617" />
  <node id="3" version="1" lat="50.90730788714" lon="6.22828379139" />
  <node id="4" version="1" lat="50.90738230599" lon="6.22837431595" />
  <node id="5" version="1" lat="50.90744319405" lon="6.22843265399" />
  <node id="6" version="1" lat="50.90751338436" lon="6.22849568591" />
  <node id="7" version="1" lat="50.9075920312" lon="6.22856542334" />
  <node id="8" version="1" lat="50.90766222128" lon="6.22862711414" />
  <node id="9" version="1" lat="50.90772733728" lon="6.22868209943" />
  <node id="10" version="1" lat="50.90779076187" lon="6.22873708472" />
  <node id="11" version="1" lat="50.90788124747" lon="6.22881620988" />
  <node id="12" version="1" lat="50.90795397409" lon="6.22887924179" />
  <node id="13" version="1" lat="50.9080267006" lon="6.2289409326" />
  <node id="14" version="1" lat="50.9081011183" lon="6.22900664672" />
  <node id="15" version="1" lat="50.90821359027" lon="6.22910857067" />
  <node id="16" version="1" lat="50.90831591417" lon="6.22919842467" />
  <node id="17" version="1" lat="50.90842500304" lon="6.22929230198" />
  <node id="18" version="1" lat="50.90853662859" lon="6.2293875204" />
  <node id="19" version="1" lat="50.90862203886" lon="6.22946530446" />
  <node id="20" version="1" lat="50.90872097929" lon="6.22955113515" />
  <node id="21" version="1" lat="50.9087759461" lon="6.22959807381" />
  <node id="22" version="1" lat="50.90725207293" lon="6.2281979607" />
  <node id="23" version="1" lat="50.90730281312" lon="6.22824221715" />
  <node id="24" version="1" lat="50.90734847926" lon="6.22828245029" />
  <node id="25" version="1" lat="50.90745926172" lon="6.22837900981" />
  <node id="26" version="1" lat="50.90754974797" lon="6.22845813498" />
  <node id="27" version="1" lat="50.90767744321" lon="6.22857481107" />
  <node id="28" version="1" lat="50.90773748522" lon="6.22862309083" />
  <node id="29" version="1" lat="50.90782289697" lon="6.22869685158" />
  <node id="30" version="1" lat="50.9079032346" lon="6.22876658902" />
  <node id="31" version="1" lat="50.9079776525" lon="6.22883364424" />
  <node id="32" version="1" lat="50.90805798987" lon="6.22890204057" />
  <node id="33" version="1" lat="50.90811380312" lon="6.22895300254" />
  <node id="34" version="1" lat="50.90820428809" lon="6.22903212771" />
  <node id="35" version="1" lat="50.90827818057" lon="6.22909820513" />
  <node id="36" version="1" lat="50.90825164464" lon="6.22914343938" />
  <node id="37" version="1" lat="50.90719541297" lon="6.22808799013" />
  <node id="38" version="1" lat="50.90727236901" lon="6.22815638646" />
  <node id="39" version="1" lat="50.90735101626" lon="6.22822075948" />
  <node id="40" version="1" lat="50.9074110587" lon="6.22827574477" />
  <node id="41" version="1" lat="50.90755735895" lon="6.22840314969" />
  <node id="42" version="1" lat="50.90768441993" lon="6.22851379082" />
  <node id="43" version="1" lat="50.90774319344" lon="6.22856542334" />
  <node id="44" version="1" lat="50.90784234714" lon="6.22865393624" />
  <node id="45" version="1" lat="50.90794128922" lon="6.22873842582" />
  <node id="46" version="1" lat="50.90803029464" lon="6.22881620989" />
  <node id="47" version="1" lat="50.90812817925" lon="6.22890204057" />
  <node id="48" version="1" lat="50.90822437234" lon="6.22898653015" />
  <node id="49" version="1" lat="50.90828229953" lon="6.22903615102" />
  <node id="50" version="1" lat="50.90718949327" lon="6.22802227601" />
  <node id="51" version="1" lat="50.90724319339" lon="6.22807055578" />
  <node id="52" version="1" lat="50.90742543504" lon="6.22822947666" />
  <node id="53" version="1" lat="50.90747786638" lon="6.22827440366" />
  <node id="54" version="1" lat="50.90757342658" lon="6.22835755214" />
  <node id="55" version="1" lat="50.9076894939" lon="6.22845813498" />
  <node id="56" version="1" lat="50.90776560347" lon="6.22852519021" />
  <node id="57" version="1" lat="50.90786031741" lon="6.22860800341" />
  <node id="58" version="1" lat="50.907955454" lon="6.22869081661" />
  <node id="59" version="1" lat="50.90804509362" lon="6.22876994178" />
  <node id="60" version="1" lat="50.90814784071" lon="6.22885912522" />
  <node id="61" version="1" lat="50.90711264281" lon="6.22789336235" />
  <node id="62" version="1" lat="50.90718685055" lon="6.22795823827" />
  <node id="63" version="1" lat="50.90725524419" lon="6.22801791743" />
  <node id="64" version="1" lat="50.90731444108" lon="6.22806971759" />
  <node id="65" version="1" lat="50.90743907142" lon="6.22817901761" />
  <node id="66" version="1" lat="50.90750207358" lon="6.22823417053" />
  <node id="67" version="1" lat="50.90759541385" lon="6.2283159779" />
  <node id="68" version="1" lat="50.90770027609" lon="6.22840750829" />
  <node id="69" version="1" lat="50.9077510158" lon="6.22845176473" />
  <node id="70" version="1" lat="50.90786095166" lon="6.2285476537" />
  <node id="71" version="1" lat="50.9079732128" lon="6.22864588961" />
  <node id="72" version="1" lat="50.90804403655" lon="6.22870791569" />
  <node id="73" version="1" lat="50.90816158259" lon="6.22881118074" />
  <node id="74" version="1" lat="50.90821507017" lon="6.2288581194" />
  <node id="75" version="1" lat="50.9082901218" lon="6.22892349825" />
  <node id="76" version="1" lat="50.9083765896" lon="6.2289999412" />
  <node id="77" version="1" lat="50.90844677849" lon="6.22906029091" />
  <node id="78" version="1" lat="50.90852204117" lon="6.22912701085" />
  <node id="79" version="1" lat="50.90861273676" lon="6.22920580074" />
  <node id="80" version="1" lat="50.90870131806" lon="6.22928425536" />
  <node id="81" version="1" lat="50.90877552328" lon="6.22934862838" />
  <node id="82" version="1" lat="50.90884634581" lon="6.22941098973" />
  <node id="83" version="1" lat="50.90894084614" lon="6.22949279711" />
  <node id="84" version="1" lat="50.90905500737" lon="6.22959270939" />
  <node id="85" version="1" lat="50.90912265833" lon="6.22965205327" />
  <node id="86" version="1" lat="50.90922032924" lon="6.2297372134" />
  <node id="87" version="1" lat="50.9093349126" lon="6.22983779624" />
  <node id="88" version="1" lat="50.90942729787" lon="6.22991826251" />
  <node id="89" version="1" lat="50.90959057501" lon="6.23006095622" />
  <node id="90" version="1" lat="50.90967316441" lon="6.23013283923" />
  <node id="91" version="1" lat="50.90977823337" lon="6.2302247049" />
  <node id="92" version="1" lat="50.9098570878" lon="6.2302934365" />
  <node id="93" version="1" lat="50.90994883781" lon="6.23037390277" />
  <node id="94" version="1" lat="50.91001310499" lon="6.23042989388" />
  <node id="95" version="1" lat="50.91009140414" lon="6.23049833713" />
  <node id="96" version="1" lat="50.91013389647" lon="6.23053555278" />
  <node id="97" version="1" lat="50.91019139846" lon="6.23058550892" />
  <node id="98" version="1" lat="50.91026306445" lon="6.23064854083" />
  <node id="99" version="1" lat="50.91033442632" lon="6.23071048606" />
  <node id="100" version="1" lat="50.91039903641" lon="6.23076693315" />
  <node id="101" version="1" lat="50.91046235166" lon="6.23082225372" />
  <node id="102" version="1" lat="50.91049462668" lon="6.23084956408" />
  <node id="103" version="1" lat="50.910556695" lon="6.23090360766" />
  <node id="104" version="1" lat="50.9106251894" lon="6.23096261625" />
  <node id="105" version="1" lat="50.91071397829" lon="6.23104174142" />
  <node id="106" version="1" lat="50.91079261973" lon="6.23111013774" />
  <node id="107" version="1" lat="50.91090339402" lon="6.23119999173" />
  <node id="108" version="1" lat="50.91101987585" lon="6.23128615769" />
  <node id="109" version="1" lat="50.91107337957" lon="6.23132491834" />
  <node id="110" version="1" lat="50.91124255966" lon="6.23143560941" />
  <node id="111" version="1" lat="50.91128991313" lon="6.23146243149" />
  <node id="112" version="1" lat="50.91135248727" lon="6.23149595909" />
  <node id="113" version="1" lat="50.91140745098" lon="6.23152144005" />
  <node id="114" version="1" lat="50.91147256174" lon="6.23154960324" />
  <node id="115" version="1" lat="50.91154612835" lon="6.23157642531" />
  <node id="116" version="1" lat="50.91160722237" lon="6.23159486548" />
  <node id="117" version="1" lat="50.91170023732" lon="6.23161766423" />
  <node id="118" version="1" lat="50.91180699289" lon="6.23163375747" />
  <node id="119" version="1" lat="50.91187083472" lon="6.23163778076" />
  <node id="120" version="1" lat="50.91192833457" lon="6.23163912184" />
  <node id="121" version="1" lat="50.91200655116" lon="6.23163476324" />
  <node id="122" version="1" lat="50.91208075104" lon="6.23162527204" />
  <node id="123" version="1" lat="50.91214510522" lon="6.23161340538" />
  <node id="124" version="1" lat="50.9122172162" lon="6.23159432468" />
  <node id="125" version="1" lat="50.91228428831" lon="6.23157304534" />
  <node id="126" version="1" lat="50.91235214597" lon="6.23154655852" />
  <node id="127" version="1" lat="50.91240605152" lon="6.23152174809" />
  <node id="128" version="1" lat="50.91246294117" lon="6.23149229452" />
  <node id="129" version="1" lat="50.91252307427" lon="6.23145723066" />
  <node id="130" version="1" lat="50.91259769554" lon="6.23140828134" />
  <node id="131" version="1" lat="50.91266787871" lon="6.23135564198" />
  <node id="132" version="1" lat="50.9127477852" lon="6.23128825149" />
  <node id="133" version="1" lat="50.91281712194" lon="6.23122153152" />
  <node id="134" version="1" lat="50.91286088013" lon="6.23117526342" />
  <node id="135" version="1" lat="50.91290823194" lon="6.2311222898" />
  <node id="136" version="1" lat="50.91296086848" lon="6.23105858733" />
  <node id="137" version="1" lat="50.91301096829" lon="6.23099253792" />
  <node id="138" version="1" lat="50.91305958829" lon="6.23092447687" />
  <node id="139" version="1" lat="50.91311560694" lon="6.23083562869" />
  <node id="140" version="1" lat="50.91316676353" lon="6.230749798" />
  <node id="141" version="1" lat="50.91321981337" lon="6.23065022077" />
  <node id="142" version="1" lat="50.91326068577" lon="6.23056761749" />
  <node id="143" version="1" lat="50.9132902804" lon="6.23050257392" />
  <node id="144" version="1" lat="50.9133202978" lon="6.23043149539" />
  <node id="145" version="1" lat="50.91335538853" lon="6.23034097084" />
  <node id="146" version="1" lat="50.91338857673" lon="6.23025044628" />
  <node id="147" version="1" lat="50.91342091935" lon="6.23015019873" />
  <node id="148" version="1" lat="50.91345051388" lon="6.23004726896" />
  <node id="149" version="1" lat="50.91348179951" lon="6.2299315987" />
  <node id="150" version="1" lat="50.91351371928" lon="6.22978374193" />
  <node id="151" version="1" lat="50.91353401263" lon="6.22967511247" />
  <node id="152" version="1" lat="50.91354690736" lon="6.22959498148" />
  <node id="153" version="1" lat="50.91356043626" lon="6.22949976306" />
  <node id="154" version="1" lat="50.91356973737" lon="6.22941661459" />
  <node id="155" version="1" lat="50.91357777015" lon="6.22932676059" />
  <node id="156" version="1" lat="50.91358453459" lon="6.22924160046" />
  <node id="157" version="1" lat="50.91359163199" lon="6.22913271122" />
  <node id="158" version="1" lat="50.9135933231" lon="6.22904688053" />
  <node id="159" version="1" lat="50.91359416865" lon="6.22896239094" />
  <node id="160" version="1" lat="50.91359247754" lon="6.22887253694" />
  <node id="161" version="1" lat="50.91358909532" lon="6.22877865963" />
  <node id="162" version="1" lat="50.91358444477" lon="6.22870154612" />
  <node id="163" version="1" lat="50.91357598921" lon="6.22860699825" />
  <node id="164" version="1" lat="50.91356837921" lon="6.22852720253" />
  <node id="165" version="1" lat="50.91355823254" lon="6.22843936019" />
  <node id="166" version="1" lat="50.91354385809" lon="6.22834749453" />
  <node id="167" version="1" lat="50.91352736974" lon="6.22824691169" />
  <node id="168" version="1" lat="50.91350665361" lon="6.22814230554" />
  <node id="169" version="1" lat="50.91348847413" lon="6.22806318037" />
  <node id="170" version="1" lat="50.91346860353" lon="6.22798405521" />
  <node id="171" version="1" lat="50.91345042404" lon="6.22791230612" />
  <node id="172" version="1" lat="50.91342590286" lon="6.22782714598" />
  <node id="173" version="1" lat="50.91339334886" lon="6.22772723369" />
  <node id="174" version="1" lat="50.91336671374" lon="6.22765213184" />
  <node id="175" version="1" lat="50.91333331414" lon="6.2275656306" />
  <node id="176" version="1" lat="50.91330541065" lon="6.22749723427" />
  <node id="177" version="1" lat="50.91327792993" lon="6.22743554346" />
  <node id="178" version="1" lat="50.91325340865" lon="6.22738256983" />
  <node id="179" version="1" lat="50.91323015571" lon="6.22733429007" />
  <node id="180" version="1" lat="50.91319295097" lon="6.22726187043" />
  <node id="181" version="1" lat="50.91315532343" lon="6.22719548576" />
  <node id="182" version="1" lat="50.9130952884" lon="6.22709691457" />
  <node id="183" version="1" lat="50.91305047348" lon="6.2270305299" />
  <node id="184" version="1" lat="50.91298705605" lon="6.22694268756" />
  <node id="185" version="1" lat="50.91294350937" lon="6.22688770227" />
  <node id="186" version="1" lat="50.9128745956" lon="6.226807236" />
  <node id="187" version="1" lat="50.91281963363" lon="6.22674889795" />
  <node id="188" version="1" lat="50.91274691462" lon="6.22667848997" />
  <node id="189" version="1" lat="50.912688993" lon="6.22662685744" />
  <node id="190" version="1" lat="50.91262092443" lon="6.22657120161" />
  <node id="191" version="1" lat="50.91253383034" lon="6.22650615804" />
  <node id="192" version="1" lat="50.91247337172" lon="6.2264659249" />
  <node id="193" version="1" lat="50.91237782159" lon="6.22640825741" />
  <node id="194" version="1" lat="50.91230975256" lon="6.22637137704" />
  <node id="195" version="1" lat="50.91221842999" lon="6.22632510893" />
  <node id="196" version="1" lat="50.91213725422" lon="6.2262862169" />
  <node id="197" version="1" lat="50.91204170339" lon="6.22624330156" />
  <node id="198" version="1" lat="50.9119385421" lon="6.22620105676" />
  <node id="199" version="1" lat="50.91183749455" lon="6.22616149418" />
  <node id="200" version="1" lat="50.91173433281" lon="6.22612126105" />
  <node id="201" version="1" lat="50.91161172224" lon="6.22607633404" />
  <node id="202" version="1" lat="50.91150729161" lon="6.22603744201" />
  <node id="203" version="1" lat="50.91144387208" lon="6.22601330213" />
  <node id="204" version="1" lat="50.91134493744" lon="6.22597642176" />
  <node id="205" version="1" lat="50.91125826376" lon="6.22594423525" />
  <node id="206" version="1" lat="50.91115636914" lon="6.22590601377" />
  <node id="207" version="1" lat="50.91100542938" lon="6.22584901683" />
  <node id="208" version="1" lat="50.91089127294" lon="6.22580476038" />
  <node id="209" version="1" lat="50.91078937751" lon="6.22576385669" />
  <node id="210" version="1" lat="50.91071739522" lon="6.22573770515" />
  <node id="211" version="1" lat="50.91058896841" lon="6.22568875484" />
  <node id="212" version="1" lat="50.9104855925" lon="6.22565019808" />
  <node id="213" version="1" lat="50.91038094794" lon="6.22561030023" />
  <node id="214" version="1" lat="50.9102744005" lon="6.22556939654" />
  <node id="215" version="1" lat="50.91017979717" lon="6.22553452783" />
  <node id="216" version="1" lat="50.91008371381" lon="6.2254969769" />
  <node id="217" version="1" lat="50.90994587771" lon="6.22544467382" />
  <node id="218" version="1" lat="50.9098582501" lon="6.22541231967" />
  <node id="219" version="1" lat="50.90975222999" lon="6.22537225418" />
  <node id="220" version="1" lat="50.90964356705" lon="6.22533202104" />
  <node id="221" version="1" lat="50.90951291749" lon="6.22528240018" />
  <node id="222" version="1" lat="50.90936905458" lon="6.22522724726" />
  <node id="223" version="1" lat="50.90925542265" lon="6.22518399664" />
  <node id="224" version="1" lat="50.90918925173" lon="6.22515901856" />
  <node id="225" version="1" lat="50.90911430724" lon="6.22513102301" />
  <node id="226" version="1" lat="50.90900987101" lon="6.22509162806" />
  <node id="227" version="1" lat="50.90888355359" lon="6.22504301302" />
  <node id="228" version="1" lat="50.9088244644" lon="6.22502105244" />
  <node id="229" version="1" lat="50.90869962635" lon="6.2249737785" />
  <node id="230" version="1" lat="50.9086289093" lon="6.22494729169" />
  <node id="231" version="1" lat="50.9085033308" lon="6.22489884429" />
  <node id="232" version="1" lat="50.90841073228" lon="6.2248641432" />
  <node id="233" version="1" lat="50.90831876783" lon="6.22482910685" />
  <node id="234" version="1" lat="50.90820936159" lon="6.22478669442" />
  <node id="235" version="1" lat="50.90812310489" lon="6.22475216098" />
  <node id="236" version="1" lat="50.90800143618" lon="6.22471058675" />
  <node id="237" version="1" lat="50.90792997813" lon="6.22468342937" />
  <node id="238" version="1" lat="50.90766750625" lon="6.22458921679" />
  <node id="239" version="1" lat="50.90758568829" lon="6.22456306525" />
  <node id="240" version="1" lat="50.90754277081" lon="6.22455049239" />
  <node id="241" version="1" lat="50.90740682994" lon="6.22452165865" />
  <node id="244" version="1" lat="50.90732564577" lon="6.22451797061" />
  <node id="245" version="1" lat="50.90727279142" lon="6.22451730005" />
  <node id="246" version="1" lat="50.90721655433" lon="6.22452065282" />
  <node id="247" version="1" lat="50.90715672307" lon="6.22452635251" />
  <node id="248" version="1" lat="50.90699202812" lon="6.22457798503" />
  <node id="249" version="1" lat="50.90695397272" lon="6.22459541939" />
  <node id="250" version="1" lat="50.90692416264" lon="6.22461117737" />
  <node id="253" version="1" lat="50.90686475383" lon="6.22464839302" />
  <node id="254" version="1" lat="50.90681485884" lon="6.22468560867" />
  <node id="255" version="1" lat="50.90677003786" lon="6.22472181849" />
  <node id="256" version="1" lat="50.90672437116" lon="6.22476473383" />
  <node id="257" version="1" lat="50.90667574454" lon="6.22481603108" />
  <node id="258" version="1" lat="50.90662880923" lon="6.2248720222" />
  <node id="259" version="1" lat="50.90659096495" lon="6.22492197834" />
  <node id="260" version="1" lat="50.90654741229" lon="6.22498668664" />
  <node id="261" version="1" lat="50.90650364816" lon="6.22505944155" />
  <node id="262" version="1" lat="50.90646305531" lon="6.22513756089" />
  <node id="263" version="1" lat="50.90642013679" lon="6.22523043238" />
  <node id="264" version="1" lat="50.90638990351" lon="6.22530620478" />
  <node id="265" version="1" lat="50.90635184762" lon="6.22541382842" />
  <node id="266" version="1" lat="50.90631421455" lon="6.22554659776" />
  <node id="267" version="1" lat="50.90628038704" lon="6.2257075303" />
  <node id="268" version="1" lat="50.90625924483" lon="6.22586309843" />
  <node id="269" version="1" lat="50.90624994226" lon="6.22598580949" />
  <node id="270" version="1" lat="50.90624571381" lon="6.22612260215" />
  <node id="271" version="1" lat="50.90624740519" lon="6.22624531321" />
  <node id="272" version="1" lat="50.90625163364" lon="6.22630968623" />
  <node id="273" version="1" lat="50.90625839914" lon="6.22638143532" />
  <node id="274" version="1" lat="50.90626347327" lon="6.22643239729" />
  <node id="275" version="1" lat="50.90627108447" lon="6.22648805313" />
  <node id="276" version="1" lat="50.90628123273" lon="6.2265530967" />
  <node id="277" version="1" lat="50.90628968961" lon="6.22659668259" />
  <node id="278" version="1" lat="50.90630068355" lon="6.22665233843" />
  <node id="279" version="1" lat="50.90632182574" lon="6.22674420409" />
  <node id="280" version="1" lat="50.9063340882" lon="6.22678846054" />
  <node id="281" version="1" lat="50.90635015625" lon="6.22684210472" />
  <node id="282" version="1" lat="50.90636876136" lon="6.22690111332" />
  <node id="283" version="1" lat="50.90638525224" lon="6.22694872253" />
  <node id="284" version="1" lat="50.90640766292" lon="6.22700303726" />
  <node id="285" version="1" lat="50.90644571877" lon="6.2270908796" />
  <node id="286" version="1" lat="50.9064850431" lon="6.22717134587" />
  <node id="287" version="1" lat="50.90650787658" lon="6.22721560232" />
  <node id="288" version="1" lat="50.90652944151" lon="6.22725181215" />
  <node id="289" version="1" lat="50.90654846939" lon="6.2272833281" />
  <node id="290" version="1" lat="50.90656665157" lon="6.2273128324" />
  <node id="291" version="1" lat="50.90658356523" lon="6.22733831339" />
  <node id="292" version="1" lat="50.90660343877" lon="6.22736714713" />
  <node id="293" version="1" lat="50.90662119809" lon="6.22739195757" />
  <node id="294" version="1" lat="50.9066482599" lon="6.22742816739" />
  <node id="295" version="1" lat="50.90668969827" lon="6.22748047046" />
  <node id="296" version="1" lat="50.9067121088" lon="6.227506622" />
  <node id="297" version="1" lat="50.90674297612" lon="6.22754082017" />
  <node id="298" version="1" lat="50.90678568293" lon="6.22758708827" />
  <node id="299" version="1" lat="50.90682035575" lon="6.2276246392" />
  <node id="300" version="1" lat="50.90687014503" lon="6.22767459534" />
  <node id="301" version="1" lat="50.90693335937" lon="6.22773276575" />
  <node id="302" version="1" lat="50.90697395181" lon="6.22777065196" />
  <node id="303" version="1" lat="50.90700048487" lon="6.22779445656" />
  <node id="304" version="1" lat="50.9070234238" lon="6.22781541131" />
  <node id="305" version="1" lat="50.90704689126" lon="6.22783636607" />
  <node id="306" version="1" lat="50.90707088726" lon="6.22785698555" />
  <node id="307" version="1" lat="50.90708991491" lon="6.22787307881" />
  <node id="308" version="1" lat="50.90823853661" lon="6.22893825106" />
  <node id="309" version="1" lat="50.90833599795" lon="6.22902441702" />
  <node id="310" version="1" lat="50.90843071074" lon="6.22910655968" />
  <node id="311" version="1" lat="50.90852436628" lon="6.22919104926" />
  <node id="312" version="1" lat="50.90861865586" lon="6.22927151553" />
  <node id="313" version="1" lat="50.90871315666" lon="6.22935365819" />
  <node id="314" version="1" lat="50.90882372489" lon="6.22945021704" />
  <node id="315" version="1" lat="50.90890659772" lon="6.22952330724" />
  <node id="316" version="1" lat="50.90903640334" lon="6.22963696584" />
  <node id="317" version="1" lat="50.90909327203" lon="6.2296862521" />
  <node id="318" version="1" lat="50.90918756047" lon="6.22976906531" />
  <node id="319" version="1" lat="50.90928459701" lon="6.22985221379" />
  <node id="320" version="1" lat="50.90937951927" lon="6.22993603281" />
  <node id="321" version="1" lat="50.90947380712" lon="6.23001985185" />
  <node id="322" version="1" lat="50.90957105448" lon="6.23010467671" />
  <node id="323" version="1" lat="50.90966407349" lon="6.23018581353" />
  <node id="324" version="1" lat="50.90976110905" lon="6.23026996784" />
  <node id="325" version="1" lat="50.90985560753" lon="6.23035244576" />
  <node id="326" version="1" lat="50.90995200847" lon="6.23043660008" />
  <node id="327" version="1" lat="50.91004640505" lon="6.23051887711" />
  <node id="328" version="1" lat="50.91014005734" lon="6.23060101975" />
  <node id="329" version="1" lat="50.91023286381" lon="6.23068215657" />
  <node id="330" version="1" lat="50.91031976759" lon="6.23075621268" />
  <node id="331" version="1" lat="50.91040252785" lon="6.23083352709" />
  <node id="332" version="1" lat="50.91051932636" lon="6.2309336441" />
  <node id="333" version="1" lat="50.91060135058" lon="6.23100539318" />
  <node id="334" version="1" lat="50.91066646247" lon="6.23106037846" />
  <node id="335" version="1" lat="50.91069457895" lon="6.23108518889" />
  <node id="336" version="1" lat="50.91071741036" lon="6.23110429962" />
  <node id="337" version="1" lat="50.91074129876" lon="6.23112475147" />
  <node id="338" version="1" lat="50.9107700494" lon="6.23114889135" />
  <node id="339" version="1" lat="50.9107962632" lon="6.23117001375" />
  <node id="340" version="1" lat="50.91082839622" lon="6.23119650055" />
  <node id="341" version="1" lat="50.91085334158" lon="6.23121695239" />
  <node id="342" version="1" lat="50.91087539671" lon="6.23123434807" />
  <node id="343" version="1" lat="50.91090682607" lon="6.23125886189" />
  <node id="344" version="1" lat="50.9109374792" lon="6.23128233123" />
  <node id="345" version="1" lat="50.91096918932" lon="6.23130714166" />
  <node id="346" version="1" lat="50.91100808705" lon="6.23133496957" />
  <node id="347" version="1" lat="50.91103852872" lon="6.23135776834" />
  <node id="348" version="1" lat="50.9110611186" lon="6.23137326954" />
  <node id="349" version="1" lat="50.91109759147" lon="6.23139819716" />
  <node id="350" version="1" lat="50.91112718748" lon="6.231418649" />
  <node id="351" version="1" lat="50.91115551508" lon="6.23143708918" />
  <node id="352" version="1" lat="50.91118870485" lon="6.23145821157" />
  <node id="353" version="1" lat="50.91122675678" lon="6.23148101034" />
  <node id="354" version="1" lat="50.91127284187" lon="6.2315068266" />
  <node id="355" version="1" lat="50.91130095798" lon="6.2315222493" />
  <node id="356" version="1" lat="50.91133922123" lon="6.23154236586" />
  <node id="357" version="1" lat="50.91139249376" lon="6.23156851739" />
  <node id="358" version="1" lat="50.91145147399" lon="6.23159500419" />
  <node id="359" version="1" lat="50.91148973711" lon="6.23160975633" />
  <node id="360" version="1" lat="50.91152947998" lon="6.23162517904" />
  <node id="361" version="1" lat="50.9115721824" lon="6.2316382548" />
  <node id="362" version="1" lat="50.91161382779" lon="6.23165099528" />
  <node id="363" version="1" lat="50.91165124518" lon="6.23166038301" />
  <node id="364" version="1" lat="50.91168401181" lon="6.23166842962" />
  <node id="365" version="1" lat="50.91171191626" lon="6.23167379404" />
  <node id="366" version="1" lat="50.91174172329" lon="6.23167882317" />
  <node id="367" version="1" lat="50.91177005051" lon="6.23168251121" />
  <node id="368" version="1" lat="50.91179985749" lon="6.23168619924" />
  <node id="369" version="1" lat="50.91183008724" lon="6.23168888145" />
  <node id="370" version="1" lat="50.91186243094" lon="6.23169055783" />
  <node id="371" version="1" lat="50.9118971" lon="6.23169122837" />
  <node id="372" version="1" lat="50.91194572116" lon="6.23169089309" />
  <node id="373" version="1" lat="50.91199518786" lon="6.23168821086" />
  <node id="374" version="1" lat="50.91204628835" lon="6.231683384" />
  <node id="375" version="1" lat="50.91208137265" lon="6.23167864987" />
  <node id="376" version="1" lat="50.91212812898" lon="6.23166996529" />
  <node id="377" version="1" lat="50.91217759549" lon="6.23165856589" />
  <node id="378" version="1" lat="50.91221015034" lon="6.23165085454" />
  <node id="379" version="1" lat="50.91225221795" lon="6.2316387846" />
  <node id="380" version="1" lat="50.91228667531" lon="6.23162671465" />
  <node id="381" version="1" lat="50.9123302226" lon="6.23160961557" />
  <node id="382" version="1" lat="50.91237102174" lon="6.23159318703" />
  <node id="383" version="1" lat="50.91241308919" lon="6.23157474684" />
  <node id="384" version="1" lat="50.91245641234" lon="6.23155238422" />
  <node id="385" version="1" lat="50.91249255335" lon="6.23153266612" />
  <node id="386" version="1" lat="50.9125248966" lon="6.23151288482" />
  <node id="387" version="1" lat="50.91255787399" lon="6.23149209769" />
  <node id="388" version="1" lat="50.91259381087" lon="6.23146929892" />
  <node id="389" version="1" lat="50.91262361732" lon="6.23144817652" />
  <node id="390" version="1" lat="50.91268111624" lon="6.23140392006" />
  <node id="391" version="1" lat="50.91271240238" lon="6.23137910962" />
  <node id="392" version="1" lat="50.91275172143" lon="6.23134524673" />
  <node id="393" version="1" lat="50.91278427588" lon="6.23131641298" />
  <node id="394" version="1" lat="50.91282401765" lon="6.2312768504" />
  <node id="395" version="1" lat="50.91285445814" lon="6.23124533444" />
  <node id="396" version="1" lat="50.91287728848" lon="6.23122152983" />
  <node id="397" version="1" lat="50.91289842768" lon="6.23119906633" />
  <node id="398" version="1" lat="50.91291998965" lon="6.23117492644" />
  <node id="399" version="1" lat="50.91294662501" lon="6.23114307521" />
  <node id="400" version="1" lat="50.91297896794" lon="6.2311038479" />
  <node id="401" version="1" lat="50.91300348936" lon="6.2310713261" />
  <node id="402" version="1" lat="50.91302991328" lon="6.23103645739" />
  <node id="403" version="1" lat="50.91305443468" lon="6.23100225922" />
  <node id="404" version="1" lat="50.91307663076" lon="6.23097107855" />
  <node id="405" version="1" lat="50.91310178629" lon="6.23093386288" />
  <node id="406" version="1" lat="50.91313264936" lon="6.23088424202" />
  <node id="407" version="1" lat="50.91315801627" lon="6.23084233251" />
  <node id="408" version="1" lat="50.9131823262" lon="6.23080042298" />
  <node id="409" version="1" lat="50.91320727029" lon="6.23075616653" />
  <node id="410" version="1" lat="50.91323762439" lon="6.2306984334" />
  <node id="411" version="1" lat="50.9132604618" lon="6.23065425898" />
  <node id="412" version="1" lat="50.91328540585" lon="6.23060329702" />
  <node id="413" version="1" lat="50.91330865876" lon="6.23055267033" />
  <node id="414" version="1" lat="50.91333402557" lon="6.23049399701" />
  <node id="415" version="1" lat="50.91335833541" lon="6.23043565896" />
  <node id="416" version="1" lat="50.913379263" lon="6.23038201478" />
  <node id="417" version="1" lat="50.91339723112" lon="6.23033306447" />
  <node id="418" version="1" lat="50.91341329673" lon="6.2302878022" />
  <node id="419" version="1" lat="50.91342957373" lon="6.23024052827" />
  <node id="420" version="1" lat="50.9134462735" lon="6.2301895663" />
  <node id="421" version="1" lat="50.9134642416" lon="6.23013189881" />
  <node id="422" version="1" lat="50.91348368942" lon="6.23006551413" />
  <node id="423" version="1" lat="50.91349954361" lon="6.23000885247" />
  <node id="424" version="1" lat="50.91351814586" lon="6.22993509173" />
  <node id="425" version="1" lat="50.91353252032" lon="6.22987205981" />
  <node id="426" version="1" lat="50.91354351255" lon="6.22982109784" />
  <node id="427" version="1" lat="50.91355239089" lon="6.22977617085" />
  <node id="428" version="1" lat="50.91356126923" lon="6.2297305733" />
  <node id="429" version="1" lat="50.91357352978" lon="6.22965681255" />
  <node id="430" version="1" lat="50.91358156256" lon="6.22960048616" />
  <node id="431" version="1" lat="50.91358790423" lon="6.2295495242" />
  <node id="432" version="1" lat="50.91359466867" lon="6.22949655057" />
  <node id="433" version="1" lat="50.91360016478" lon="6.22945229412" />
  <node id="434" version="1" lat="50.91360523811" lon="6.22940133215" />
  <node id="435" version="1" lat="50.91360988866" lon="6.22935305239" />
  <node id="436" version="1" lat="50.91361792143" lon="6.2292504579" />
  <node id="437" version="1" lat="50.91362106873" lon="6.22921301893" />
  <node id="438" version="1" lat="50.91362347078" lon="6.22916296074" />
  <node id="439" version="1" lat="50.91362460863" lon="6.2291286879" />
  <node id="440" version="1" lat="50.91362841363" lon="6.22894294493" />
  <node id="441" version="1" lat="50.91362629974" lon="6.2288745486" />
  <node id="442" version="1" lat="50.91362460863" lon="6.22880682282" />
  <node id="443" version="1" lat="50.91362164919" lon="6.22874312036" />
  <node id="444" version="1" lat="50.91361868974" lon="6.2286975228" />
  <node id="445" version="1" lat="50.9136102342" lon="6.22860431604" />
  <node id="446" version="1" lat="50.91360093309" lon="6.22851110928" />
  <node id="447" version="1" lat="50.91358824977" lon="6.22840851479" />
  <node id="448" version="1" lat="50.91357387532" lon="6.22831463746" />
  <node id="449" version="1" lat="50.91356372866" lon="6.22825965219" />
  <node id="450" version="1" lat="50.91355104532" lon="6.22818790309" />
  <node id="451" version="1" lat="50.91353667086" lon="6.22811682455" />
  <node id="452" version="1" lat="50.91352271918" lon="6.22805245154" />
  <node id="453" version="1" lat="50.91351003583" lon="6.22800350122" />
  <node id="454" version="1" lat="50.91349904359" lon="6.22795991533" />
  <node id="455" version="1" lat="50.91348001856" lon="6.22788816623" />
  <node id="456" version="1" lat="50.91345972518" lon="6.22781574659" />
  <node id="457" version="1" lat="50.91343943179" lon="6.22775271468" />
  <node id="458" version="1" lat="50.91342125229" lon="6.22769839994" />
  <node id="459" version="1" lat="50.91340180444" lon="6.22764274411" />
  <node id="460" version="1" lat="50.91337051876" lon="6.22755959563" />
  <node id="461" version="1" lat="50.9133468431" lon="6.22749924593" />
  <node id="462" version="1" lat="50.91332063074" lon="6.22743956678" />
  <node id="463" version="1" lat="50.91330160563" lon="6.22739463978" />
  <node id="464" version="1" lat="50.91328004383" lon="6.22734971277" />
  <node id="465" version="1" lat="50.91325340865" lon="6.22729338638" />
  <node id="466" version="1" lat="50.91322804181" lon="6.22724510662" />
  <node id="467" version="1" lat="50.91319421932" lon="6.22718207471" />
  <node id="468" version="1" lat="50.91316335628" lon="6.22712977163" />
  <node id="469" version="1" lat="50.91313714382" lon="6.22708752684" />
  <node id="470" version="1" lat="50.91310120735" lon="6.22703254156" />
  <node id="471" version="1" lat="50.91306611643" lon="6.22698090903" />
  <node id="472" version="1" lat="50.91301622808" lon="6.22691184215" />
  <node id="473" version="1" lat="50.91298790162" lon="6.22687496178" />
  <node id="474" version="1" lat="50.91294942834" lon="6.22682802312" />
  <node id="475" version="1" lat="50.91290757276" lon="6.22677840225" />
  <node id="476" version="1" lat="50.91286360322" lon="6.22673079304" />
  <node id="477" version="1" lat="50.91282512983" lon="6.22669055991" />
  <node id="478" version="1" lat="50.91278538807" lon="6.22665233843" />
  <node id="479" version="1" lat="50.91274226398" lon="6.22661277585" />
  <node id="480" version="1" lat="50.91270209936" lon="6.22657790713" />
  <node id="481" version="1" lat="50.91266278027" lon="6.22654370897" />
  <node id="482" version="1" lat="50.91258498757" lon="6.22648470037" />
  <node id="483" version="1" lat="50.91252030115" lon="6.22643977337" />
  <node id="484" version="1" lat="50.91244863863" lon="6.22639400817" />
  <node id="485" version="1" lat="50.91239515592" lon="6.22636131875" />
  <node id="486" version="1" lat="50.91234368139" lon="6.22633298792" />
  <node id="487" version="1" lat="50.91230309364" lon="6.22631102734" />
  <node id="488" version="1" lat="50.91224295181" lon="6.22628085248" />
  <node id="489" version="1" lat="50.912192217" lon="6.22625604205" />
  <node id="490" version="1" lat="50.91213936817" lon="6.22623123161" />
  <node id="491" version="1" lat="50.91209360105" lon="6.2262104445" />
  <node id="492" version="1" lat="50.91201792136" lon="6.22617792271" />
  <node id="493" version="1" lat="50.91196052732" lon="6.22615378283" />
  <node id="494" version="1" lat="50.91189816539" lon="6.22612796657" />
  <node id="495" version="1" lat="50.91182681901" lon="6.22610030629" />
  <node id="496" version="1" lat="50.91176202584" lon="6.22607583113" />
  <node id="497" version="1" lat="50.91166700273" lon="6.22603962131" />
  <node id="498" version="1" lat="50.91157874417" lon="6.2260060937" />
  <node id="499" version="1" lat="50.91152335788" lon="6.22598614477" />
  <node id="500" version="1" lat="50.91143097676" lon="6.22595094078" />
  <node id="501" version="1" lat="50.91132908252" lon="6.22591271929" />
  <node id="502" version="1" lat="50.91121978905" lon="6.22587215088" />
  <node id="503" version="1" lat="50.9110143082" lon="6.22579436682" />
  <node id="504" version="1" lat="50.91090480261" lon="6.22575379841" />
  <node id="505" version="1" lat="50.91079783357" lon="6.22571289472" />
  <node id="506" version="1" lat="50.91072722541" lon="6.22568607263" />
  <node id="507" version="1" lat="50.9105877" lon="6.22563376956" />
  <node id="508" version="1" lat="50.91048199865" lon="6.22559420697" />
  <node id="509" version="1" lat="50.91037629706" lon="6.22555330329" />
  <node id="510" version="1" lat="50.91027059523" lon="6.22551307015" />
  <node id="511" version="1" lat="50.91016362474" lon="6.22547283702" />
  <node id="512" version="1" lat="50.91005623119" lon="6.22543193333" />
  <node id="513" version="1" lat="50.90995179706" lon="6.2253930413" />
  <node id="514" version="1" lat="50.90984609427" lon="6.22535347871" />
  <node id="515" version="1" lat="50.90974292811" lon="6.22531525724" />
  <node id="516" version="1" lat="50.90963680203" lon="6.22527468882" />
  <node id="517" version="1" lat="50.90953088711" lon="6.22523462333" />
  <node id="518" version="1" lat="50.90942676892" lon="6.22519489311" />
  <node id="519" version="1" lat="50.90931895085" lon="6.22515415706" />
  <node id="520" version="1" lat="50.90921303522" lon="6.22511409156" />
  <node id="521" version="1" lat="50.90910881061" lon="6.22507436134" />
  <node id="522" version="1" lat="50.90900342302" lon="6.22503479875" />
  <node id="523" version="1" lat="50.90889750666" lon="6.22499473326" />
  <node id="524" version="1" lat="50.90879476122" lon="6.22495600887" />
  <node id="525" version="1" lat="50.90867774531" lon="6.22491192005" />
  <node id="526" version="1" lat="50.9085825045" lon="6.22487587787" />
  <node id="527" version="1" lat="50.9084769043" lon="6.22483581238" />
  <node id="528" version="1" lat="50.9083702468" lon="6.22479490868" />
  <node id="529" version="1" lat="50.90826020645" lon="6.22475333444" />
  <node id="530" version="1" lat="50.90812881307" lon="6.22470337831" />
  <node id="531" version="1" lat="50.90805545248" lon="6.22467420929" />
  <node id="532" version="1" lat="50.90788684955" lon="6.22461100973" />
  <node id="533" version="1" lat="50.90784456658" lon="6.22459625758" />
  <node id="534" version="1" lat="50.90768336242" lon="6.22454009883" />
  <node id="535" version="1" lat="50.90764974733" lon="6.22452970527" />
  <node id="536" version="1" lat="50.90760471574" lon="6.22451612659" />
  <node id="537" version="1" lat="50.90754742197" lon="6.22450087152" />
  <node id="539" version="1" lat="50.90751697801" lon="6.22449215434" />
  <node id="540" version="1" lat="50.90745207313" lon="6.22447924621" />
  <node id="541" version="1" lat="50.90740091026" lon="6.2244717025" />
  <node id="542" version="1" lat="50.90733896506" lon="6.22446633809" />
  <node id="543" version="1" lat="50.90729329892" lon="6.22446399115" />
  <node id="544" version="1" lat="50.907250804" lon="6.2244646617" />
  <node id="545" version="1" lat="50.90719794956" lon="6.2244690203" />
  <node id="546" version="1" lat="50.90716729396" lon="6.22447371416" />
  <node id="547" version="1" lat="50.90714213522" lon="6.22447673164" />
  <node id="548" version="1" lat="50.9071186678" lon="6.22448243134" />
  <node id="549" version="1" lat="50.90708272669" lon="6.22449148379" />
  <node id="550" version="1" lat="50.90704826548" lon="6.22450288318" />
  <node id="551" version="1" lat="50.90701634128" lon="6.22451428257" />
  <node id="552" version="1" lat="50.90697976583" lon="6.22452937" />
  <node id="553" version="1" lat="50.90694340177" lon="6.22454680435" />
  <node id="554" version="1" lat="50.90690999756" lon="6.22456457399" />
  <node id="555" version="1" lat="50.90686729087" lon="6.22459206663" />
  <node id="556" version="1" lat="50.90684001777" lon="6.2246108421" />
  <node id="557" version="1" lat="50.90681676161" lon="6.22462626479" />
  <node id="558" version="1" lat="50.90678631719" lon="6.22464906357" />
  <node id="559" version="1" lat="50.90674741594" lon="6.22468158536" />
  <node id="560" version="1" lat="50.90671168596" lon="6.22471511297" />
  <node id="561" version="1" lat="50.90668525844" lon="6.22474159978" />
  <node id="562" version="1" lat="50.90666327074" lon="6.22476573967" />
  <node id="563" version="1" lat="50.90664339723" lon="6.22478786789" />
  <node id="564" version="1" lat="50.90661696968" lon="6.22481904857" />
  <node id="565" version="1" lat="50.90659688473" lon="6.22484452956" />
  <node id="566" version="1" lat="50.90657595408" lon="6.22487302803" />
  <node id="567" version="1" lat="50.90655333207" lon="6.22490454398" />
  <node id="568" version="1" lat="50.9065364184" lon="6.22492935442" />
  <node id="569" version="1" lat="50.90651485347" lon="6.22496355258" />
  <node id="570" version="1" lat="50.90649540274" lon="6.22499640964" />
  <node id="571" version="1" lat="50.90647552915" lon="6.22502993725" />
  <node id="572" version="1" lat="50.90645438704" lon="6.22506916456" />
  <node id="573" version="1" lat="50.90643535913" lon="6.22510705076" />
  <node id="574" version="1" lat="50.90641738831" lon="6.22514460169" />
  <node id="575" version="1" lat="50.90639941749" lon="6.22518416427" />
  <node id="576" version="1" lat="50.90638440656" lon="6.22521903299" />
  <node id="577" version="1" lat="50.90637087557" lon="6.2252525606" />
  <node id="578" version="1" lat="50.90635692175" lon="6.22528977625" />
  <node id="579" version="1" lat="50.90634656209" lon="6.2253172689" />
  <node id="580" version="1" lat="50.90633197398" lon="6.22535917841" />
  <node id="581" version="1" lat="50.90631743873" lon="6.22540511124" />
  <node id="582" version="1" lat="50.90630337918" lon="6.22545104406" />
  <node id="583" version="1" lat="50.90628968961" lon="6.22549965911" />
  <node id="584" version="1" lat="50.90627911851" lon="6.2255419039" />
  <node id="585" version="1" lat="50.90626643318" lon="6.22560024194" />
  <node id="586" version="1" lat="50.90625755346" lon="6.22564449839" />
  <node id="587" version="1" lat="50.90624655951" lon="6.22570015423" />
  <node id="588" version="1" lat="50.90623683408" lon="6.22577056222" />
  <node id="589" version="1" lat="50.90623091426" lon="6.22581615977" />
  <node id="590" version="1" lat="50.90622414875" lon="6.22588254444" />
  <node id="591" version="1" lat="50.9062199203" lon="6.22593082421" />
  <node id="592" version="1" lat="50.90621696039" lon="6.22597642176" />
  <node id="593" version="1" lat="50.90621400048" lon="6.22602403097" />
  <node id="594" version="1" lat="50.90621273194" lon="6.22607767515" />
  <node id="595" version="1" lat="50.9062123091" lon="6.2261386954" />
  <node id="596" version="1" lat="50.90621315479" lon="6.2262104445" />
  <node id="597" version="1" lat="50.90621653754" lon="6.22627884082" />
  <node id="598" version="1" lat="50.90621907461" lon="6.22631438009" />
  <node id="599" version="1" lat="50.9062275315" lon="6.22641429238" />
  <node id="600" version="1" lat="50.90623598839" lon="6.22648134761" />
  <node id="601" version="1" lat="50.90624529097" lon="6.22653968565" />
  <node id="602" version="1" lat="50.9062579763" lon="6.22661277585" />
  <node id="603" version="1" lat="50.90626897025" lon="6.22666507892" />
  <node id="604" version="1" lat="50.90627869566" lon="6.22671067648" />
  <node id="605" version="1" lat="50.90628757539" lon="6.22674956851" />
  <node id="606" version="1" lat="50.90630195208" lon="6.22680053048" />
  <node id="607" version="1" lat="50.90631886583" lon="6.22686222129" />
  <node id="608" version="1" lat="50.90633620242" lon="6.22691653602" />
  <node id="609" version="1" lat="50.90634931057" lon="6.22695274584" />
  <node id="610" version="1" lat="50.90636199587" lon="6.22698962621" />
  <node id="611" version="1" lat="50.90638102381" lon="6.22703388266" />
  <node id="612" version="1" lat="50.90639793753" lon="6.2270754569" />
  <node id="613" version="1" lat="50.90642077105" lon="6.22712775998" />
  <node id="614" version="1" lat="50.90643726191" lon="6.22716061704" />
  <node id="615" version="1" lat="50.90645332993" lon="6.2271934741" />
  <node id="616" version="1" lat="50.90646686089" lon="6.22721962564" />
  <node id="617" version="1" lat="50.90648335174" lon="6.22724845938" />
  <node id="618" version="1" lat="50.90650068826" lon="6.22727863424" />
  <node id="619" version="1" lat="50.90651887047" lon="6.22731216185" />
  <node id="620" version="1" lat="50.90653832119" lon="6.22734300725" />
  <node id="621" version="1" lat="50.90655946327" lon="6.22737519376" />
  <node id="622" version="1" lat="50.90658398807" lon="6.22741006248" />
  <node id="623" version="1" lat="50.90660090172" lon="6.22743554346" />
  <node id="624" version="1" lat="50.90661866104" lon="6.22745767169" />
  <node id="625" version="1" lat="50.90663768888" lon="6.22748382322" />
  <node id="626" version="1" lat="50.90665671671" lon="6.2275052809" />
  <node id="627" version="1" lat="50.90667363034" lon="6.22752673857" />
  <node id="628" version="1" lat="50.90670407484" lon="6.22756160729" />
  <node id="629" version="1" lat="50.90672859956" lon="6.22758977048" />
  <node id="630" version="1" lat="50.90675819835" lon="6.22762195699" />
  <node id="631" version="1" lat="50.90678695144" lon="6.22765280239" />
  <node id="632" version="1" lat="50.90681739587" lon="6.2276849889" />
  <node id="633" version="1" lat="50.90684826312" lon="6.2277158343" />
  <node id="634" version="1" lat="50.90687913035" lon="6.22774667971" />
  <node id="635" version="1" lat="50.90705207102" lon="6.22790291838" />
  <node id="636" version="1" lat="50.90709266335" lon="6.2279377871" />
  <node id="637" version="1" lat="50.90712437609" lon="6.2279659503" />
  <node id="638" version="1" lat="50.90714720925" lon="6.22798539631" />
  <node id="639" version="1" lat="50.90717173374" lon="6.22800685398" />
  <node id="640" version="1" lat="50.90832373602" lon="6.22907336734" />
  <node id="641" version="1" lat="50.90840935811" lon="6.22914880447" />
  <node id="642" version="1" lat="50.90850829898" lon="6.22923530571" />
  <node id="643" version="1" lat="50.90860005165" lon="6.22931577199" />
  <node id="644" version="1" lat="50.90869560954" lon="6.22940026157" />
  <node id="645" version="1" lat="50.90880692152" lon="6.22949612393" />
  <node id="646" version="1" lat="50.90888472054" lon="6.22956317915" />
  <node id="647" version="1" lat="50.90902320241" lon="6.22968554164" />
  <node id="648" version="1" lat="50.90907636768" lon="6.22973317745" />
  <node id="649" version="1" lat="50.90916875346" lon="6.22981263789" />
  <node id="650" version="1" lat="50.90926536723" lon="6.22989813331" />
  <node id="651" version="1" lat="50.90936176939" lon="6.22998195234" />
  <node id="652" version="1" lat="50.90945732572" lon="6.23006577137" />
  <node id="653" version="1" lat="50.90955267045" lon="6.23014724346" />
  <node id="654" version="1" lat="50.90964589252" lon="6.2302297347" />
  <node id="655" version="1" lat="50.90974072093" lon="6.23031166315" />
  <node id="656" version="1" lat="50.90983500805" lon="6.23039548218" />
  <node id="657" version="1" lat="50.90993056341" lon="6.23047863066" />
  <node id="658" version="1" lat="50.91002760679" lon="6.23056325462" />
  <node id="659" version="1" lat="50.91013572773" lon="6.23065768142" />
  <node id="660" version="1" lat="50.9103126154" lon="6.23081256031" />
  <node id="661" version="1" lat="50.91038170882" lon="6.23087327727" />
  <node id="662" version="1" lat="50.91043284325" lon="6.23091750711" />
  <node id="663" version="1" lat="50.91046825053" lon="6.2309476466" />
  <node id="664" version="1" lat="50.91052680913" lon="6.23099927914" />
  <node id="665" version="1" lat="50.91057670015" lon="6.23104252976" />
  <node id="666" version="1" lat="50.910616021" lon="6.23107672792" />
  <node id="667" version="1" lat="50.91065132518" lon="6.2311079086" />
  <node id="668" version="1" lat="50.91070037046" lon="6.23114914756" />
  <node id="669" version="1" lat="50.91073736578" lon="6.23118166936" />
  <node id="670" version="1" lat="50.91078493115" lon="6.23122022612" />
  <node id="671" version="1" lat="50.91082361761" lon="6.23125241262" />
  <node id="672" version="1" lat="50.91086145845" lon="6.23128258747" />
  <node id="673" version="1" lat="50.91090500708" lon="6.23131678564" />
  <node id="674" version="1" lat="50.91094918988" lon="6.23135064853" />
  <node id="675" version="1" lat="50.91099252703" lon="6.2313821645" />
  <node id="676" version="1" lat="50.9110416231" lon="6.2314175337" />
  <node id="677" version="1" lat="50.91106839309" lon="6.2314358216" />
  <node id="678" version="1" lat="50.91110348552" lon="6.23145929093" />
  <node id="679" version="1" lat="50.91114682253" lon="6.23148913048" />
  <node id="680" version="1" lat="50.91119248489" lon="6.23151662312" />
  <node id="681" version="1" lat="50.91123455342" lon="6.23154042771" />
  <node id="682" version="1" lat="50.9112747193" lon="6.23156322647" />
  <node id="683" version="1" lat="50.91131721056" lon="6.23158602524" />
  <node id="684" version="1" lat="50.91135188001" lon="6.23160379487" />
  <node id="685" version="1" lat="50.91138633803" lon="6.2316198881" />
  <node id="686" version="1" lat="50.91142333282" lon="6.2316366519" />
  <node id="687" version="1" lat="50.91146814931" lon="6.23165509208" />
  <node id="688" version="1" lat="50.91151507975" lon="6.23167219114" />
  <node id="689" version="1" lat="50.91155144022" lon="6.23168459635" />
  <node id="690" version="1" lat="50.91159287424" lon="6.23169767211" />
  <node id="691" version="1" lat="50.91162902327" lon="6.23170705983" />
  <node id="692" version="1" lat="50.91168229546" lon="6.23171946504" />
  <node id="693" version="1" lat="50.91172901428" lon="6.23172784693" />
  <node id="694" version="1" lat="50.91178080658" lon="6.23173555827" />
  <node id="695" version="1" lat="50.91183281023" lon="6.23173991684" />
  <node id="696" version="1" lat="50.91187297561" lon="6.23174159321" />
  <node id="697" version="1" lat="50.91191715748" lon="6.23174226376" />
  <node id="698" version="1" lat="50.91196345327" lon="6.23174092263" />
  <node id="699" version="1" lat="50.91201482252" lon="6.23173790514" />
  <node id="700" version="1" lat="50.91207398537" lon="6.23173114915" />
  <node id="701" version="1" lat="50.91211940347" lon="6.2317228712" />
  <node id="702" version="1" lat="50.91216654465" lon="6.23171348344" />
  <node id="703" version="1" lat="50.91221199461" lon="6.23170174877" />
  <node id="704" version="1" lat="50.91224898874" lon="6.2316913552" />
  <node id="705" version="1" lat="50.91229021072" lon="6.23167727358" />
  <node id="706" version="1" lat="50.91232170852" lon="6.23166553891" />
  <node id="707" version="1" lat="50.91236522098" lon="6.23164818808" />
  <node id="708" version="1" lat="50.91240699295" lon="6.23162991301" />
  <node id="709" version="1" lat="50.9124449445" lon="6.23161192527" />
  <node id="710" version="1" lat="50.91248373426" lon="6.23159087982" />
  <node id="711" version="1" lat="50.91252432184" lon="6.23156841632" />
  <node id="712" version="1" lat="50.91256025876" lon="6.23154628808" />
  <node id="713" version="1" lat="50.91259809818" lon="6.23152147765" />
  <node id="714" version="1" lat="50.91263361224" lon="6.23149666721" />
  <node id="715" version="1" lat="50.91266574399" lon="6.23147386843" />
  <node id="716" version="1" lat="50.91269703015" lon="6.23144872271" />
  <node id="717" version="1" lat="50.9127251454" lon="6.23142525339" />
  <node id="718" version="1" lat="50.91274882137" lon="6.23140580736" />
  <node id="719" version="1" lat="50.91277292012" lon="6.23138502024" />
  <node id="720" version="1" lat="50.91279701886" lon="6.23136322729" />
  <node id="721" version="1" lat="50.91282471126" lon="6.23133640519" />
  <node id="722" version="1" lat="50.91285282643" lon="6.23130891255" />
  <node id="723" version="1" lat="50.91288263271" lon="6.23127739658" />
  <node id="724" version="1" lat="50.91291349593" lon="6.23124521008" />
  <node id="725" version="1" lat="50.91294182287" lon="6.23121235233" />
  <node id="726" version="1" lat="50.91297712528" lon="6.23117044281" />
  <node id="727" version="1" lat="50.91301094792" lon="6.23112920384" />
  <node id="728" version="1" lat="50.91304625028" lon="6.23108192991" />
  <node id="729" version="1" lat="50.91307732478" lon="6.23103901456" />
  <node id="730" version="1" lat="50.91310713092" lon="6.23099542866" />
  <node id="731" version="1" lat="50.91314158764" lon="6.23094346085" />
  <node id="732" version="1" lat="50.91317329626" lon="6.23089249888" />
  <node id="733" version="1" lat="50.91320014245" lon="6.23084690199" />
  <node id="734" version="1" lat="50.91322931433" lon="6.23079526947" />
  <node id="735" version="1" lat="50.91325489257" lon="6.23074698969" />
  <node id="736" version="1" lat="50.9132814402" lon="6.23069600781" />
  <node id="737" version="1" lat="50.91330908008" lon="6.23063921727" />
  <node id="738" version="1" lat="50.9133321216" lon="6.23059026696" />
  <node id="739" version="1" lat="50.91335812256" lon="6.23052991726" />
  <node id="740" version="1" lat="50.91338327795" lon="6.23046923228" />
  <node id="741" version="1" lat="50.91340145747" lon="6.2304226289" />
  <node id="742" version="1" lat="50.91342027114" lon="6.23037334331" />
  <node id="743" version="1" lat="50.9134392962" lon="6.23032070495" />
  <node id="744" version="1" lat="50.91345684152" lon="6.23027007826" />
  <node id="745" version="1" lat="50.91347523239" lon="6.23021341659" />
  <node id="746" version="1" lat="50.91349594854" lon="6.23014535553" />
  <node id="747" version="1" lat="50.91351264828" lon="6.23008601166" />
  <node id="748" version="1" lat="50.91352300636" lon="6.23004846075" />
  <node id="749" version="1" lat="50.9135356897" lon="6.22999850461" />
  <node id="750" version="1" lat="50.91355027554" lon="6.22993949601" />
  <node id="751" version="1" lat="50.91356021082" lon="6.22989557484" />
  <node id="752" version="1" lat="50.91357162582" lon="6.22984025427" />
  <node id="753" version="1" lat="50.91358304082" lon="6.22978459844" />
  <node id="754" version="1" lat="50.9135927647" lon="6.22973363647" />
  <node id="755" version="1" lat="50.91360079747" lon="6.22968669781" />
  <node id="756" version="1" lat="50.91361052136" lon="6.22962467173" />
  <node id="757" version="1" lat="50.91361791996" lon="6.22956868062" />
  <node id="758" version="1" lat="50.9136246844" lon="6.22951905975" />
  <node id="759" version="1" lat="50.91363187162" lon="6.22945535729" />
  <node id="760" version="1" lat="50.91363842465" lon="6.22939567814" />
  <node id="761" version="1" lat="50.91364561186" lon="6.22932057629" />
  <node id="762" version="1" lat="50.91364941686" lon="6.2292642499" />
  <node id="763" version="1" lat="50.91365378026" lon="6.22922055356" />
  <node id="764" version="1" lat="50.91365631692" lon="6.22916892104" />
  <node id="765" version="1" lat="50.91365800803" lon="6.22912801735" />
  <node id="766" version="1" lat="50.91365927636" lon="6.22904620998" />
  <node id="767" version="1" lat="50.91366012191" lon="6.22897446088" />
  <node id="768" version="1" lat="50.91365927636" lon="6.22891545229" />
  <node id="769" version="1" lat="50.91365800803" lon="6.22885443203" />
  <node id="770" version="1" lat="50.91365462581" lon="6.22877128355" />
  <node id="771" version="1" lat="50.91364955248" lon="6.22869014673" />
  <node id="772" version="1" lat="50.91364617027" lon="6.22864387862" />
  <node id="773" version="1" lat="50.91364109694" lon="6.22857950561" />
  <node id="774" version="1" lat="50.91363306418" lon="6.2285037332" />
  <node id="775" version="1" lat="50.91362503141" lon="6.22843533687" />
  <node id="776" version="1" lat="50.91361530753" lon="6.2283689522" />
  <node id="777" version="1" lat="50.91360685198" lon="6.22831530802" />
  <node id="778" version="1" lat="50.91359543698" lon="6.22824892335" />
  <node id="779" version="1" lat="50.91358275366" lon="6.22818186812" />
  <node id="780" version="1" lat="50.91357007032" lon="6.2281174951" />
  <node id="781" version="1" lat="50.91355696421" lon="6.22805513375" />
  <node id="782" version="1" lat="50.91354258976" lon="6.22799411349" />
  <node id="783" version="1" lat="50.91352863808" lon="6.22793979876" />
  <node id="784" version="1" lat="50.91351045861" lon="6.22787140243" />
  <node id="785" version="1" lat="50.91349227914" lon="6.22780904107" />
  <node id="786" version="1" lat="50.91347621355" lon="6.22775539689" />
  <node id="787" version="1" lat="50.91344619626" lon="6.22766621344" />
  <node id="788" version="1" lat="50.91343013065" lon="6.22762061588" />
  <node id="789" version="1" lat="50.91340434112" lon="6.22755490176" />
  <node id="790" version="1" lat="50.91338489327" lon="6.22750192814" />
  <node id="791" version="1" lat="50.91335783537" lon="6.22743755512" />
  <node id="792" version="1" lat="50.9133299319" lon="6.22737519376" />
  <node id="793" version="1" lat="50.91330118285" lon="6.22731216185" />
  <node id="794" version="1" lat="50.91327370212" lon="6.22725583546" />
  <node id="795" version="1" lat="50.91324537582" lon="6.22720286183" />
  <node id="796" version="1" lat="50.91322043175" lon="6.22715793483" />
  <node id="797" version="1" lat="50.91319168263" lon="6.22710831396" />
  <node id="798" version="1" lat="50.91316081959" lon="6.22705668144" />
  <node id="799" version="1" lat="50.91312615149" lon="6.22700303726" />
  <node id="800" version="1" lat="50.91309275171" lon="6.22695207529" />
  <node id="801" version="1" lat="50.91305343295" lon="6.22689977221" />
  <node id="802" version="1" lat="50.9130132686" lon="6.22684411637" />
  <node id="803" version="1" lat="50.91297183586" lon="6.2267931544" />
  <node id="804" version="1" lat="50.91292871194" lon="6.22674286298" />
  <node id="805" version="1" lat="50.91289108418" lon="6.22669860654" />
  <node id="806" version="1" lat="50.91284119565" lon="6.22664965622" />
  <node id="807" version="1" lat="50.9128039906" lon="6.22661277585" />
  <node id="808" version="1" lat="50.91276128932" lon="6.22657321326" />
  <node id="809" version="1" lat="50.91272197028" lon="6.22653834455" />
  <node id="810" version="1" lat="50.91268307399" lon="6.22650414638" />
  <node id="811" version="1" lat="50.91263445359" lon="6.22646659546" />
  <node id="812" version="1" lat="50.91258160527" lon="6.22642636232" />
  <node id="813" version="1" lat="50.91253890379" lon="6.22639685802" />
  <node id="814" version="1" lat="50.91248373002" lon="6.22635997765" />
  <node id="815" version="1" lat="50.91243785754" lon="6.2263311439" />
  <node id="816" version="1" lat="50.91240614841" lon="6.22631287136" />
  <node id="817" version="1" lat="50.91235594227" lon="6.22628437288" />
  <node id="818" version="1" lat="50.91230214236" lon="6.22625553914" />
  <node id="819" version="1" lat="50.91226166026" lon="6.22623491965" />
  <node id="820" version="1" lat="50.91220870582" lon="6.22620860048" />
  <node id="821" version="1" lat="50.91215828806" lon="6.22618412532" />
  <node id="822" version="1" lat="50.9121054392" lon="6.22616099126" />
  <node id="823" version="1" lat="50.91205565551" lon="6.22613919832" />
  <node id="824" version="1" lat="50.91200132676" lon="6.2261162319" />
  <node id="825" version="1" lat="50.91195133157" lon="6.22609527715" />
  <node id="826" version="1" lat="50.91190429589" lon="6.22607650168" />
  <node id="827" version="1" lat="50.9118662445" lon="6.22606141425" />
  <node id="828" version="1" lat="50.9118207942" lon="6.2260439799" />
  <node id="829" version="1" lat="50.91178305985" lon="6.22602956303" />
  <node id="830" version="1" lat="50.91173813796" lon="6.22601263158" />
  <node id="831" version="1" lat="50.91169194764" lon="6.22599502959" />
  <node id="832" version="1" lat="50.91165336759" lon="6.22598027744" />
  <node id="833" version="1" lat="50.91161341342" lon="6.22596569292" />
  <node id="834" version="1" lat="50.91158106955" lon="6.22595345534" />
  <node id="835" version="1" lat="50.9115316024" lon="6.22593434461" />
  <node id="836" version="1" lat="50.91144144099" lon="6.22590031408" />
  <node id="837" version="1" lat="50.91133616439" lon="6.22586058386" />
  <node id="838" version="1" lat="50.91123099324" lon="6.22582185947" />
  <node id="839" version="1" lat="50.91112497624" lon="6.22578162633" />
  <node id="840" version="1" lat="50.91102022741" lon="6.22574223138" />
  <node id="841" version="1" lat="50.91091283585" lon="6.22570216589" />
  <node id="842" version="1" lat="50.91080628963" lon="6.22566327386" />
  <node id="843" version="1" lat="50.91073525868" lon="6.22563645177" />
  <node id="844" version="1" lat="50.9105961561" lon="6.22558414869" />
  <node id="845" version="1" lat="50.91048960915" lon="6.22554257445" />
  <node id="846" version="1" lat="50.910385176" lon="6.22550301187" />
  <node id="847" version="1" lat="50.91027947419" lon="6.22546277873" />
  <node id="848" version="1" lat="50.91017461776" lon="6.22542321615" />
  <node id="849" version="1" lat="50.91006923259" lon="6.22538281538" />
  <node id="850" version="1" lat="50.90996384717" lon="6.22534325279" />
  <node id="851" version="1" lat="50.90985920143" lon="6.22530352257" />
  <node id="852" version="1" lat="50.9097526528" lon="6.22526362472" />
  <node id="853" version="1" lat="50.90964673815" lon="6.22522372685" />
  <node id="854" version="1" lat="50.90954272592" lon="6.22518416427" />
  <node id="855" version="1" lat="50.90943416819" lon="6.22514309295" />
  <node id="856" version="1" lat="50.90932983838" lon="6.22510353036" />
  <node id="857" version="1" lat="50.90922254861" lon="6.22506279431" />
  <node id="858" version="1" lat="50.90911874684" lon="6.22502373464" />
  <node id="859" version="1" lat="50.90901272504" lon="6.22498366914" />
  <node id="860" version="1" lat="50.90890797147" lon="6.22494393893" />
  <node id="861" version="1" lat="50.90880300624" lon="6.22490471162" />
  <node id="862" version="1" lat="50.90869730084" lon="6.22486447849" />
  <node id="863" version="1" lat="50.90859233513" lon="6.22482474827" />
  <node id="864" version="1" lat="50.90848662925" lon="6.22478451513" />
  <node id="865" version="1" lat="50.90837944324" lon="6.22474377908" />
  <node id="866" version="1" lat="50.90827352546" lon="6.22470321066" />
  <node id="867" version="1" lat="50.90812691034" lon="6.22464738719" />
  <node id="868" version="1" lat="50.90806856014" lon="6.2246262648" />
  <node id="869" version="1" lat="50.90802014634" lon="6.22460815989" />
  <node id="870" version="1" lat="50.90797025258" lon="6.22458904915" />
  <node id="871" version="1" lat="50.90795059103" lon="6.2245826789" />
  <node id="874" version="1" lat="50.90788811803" lon="6.22456138887" />
  <node id="875" version="1" lat="50.90777987357" lon="6.22452031754" />
  <node id="876" version="1" lat="50.90772469417" lon="6.22449919514" />
  <node id="877" version="1" lat="50.90768463091" lon="6.22448561646" />
  <node id="878" version="1" lat="50.90765376423" lon="6.224476564" />
  <node id="879" version="1" lat="50.90761317238" lon="6.22446449407" />
  <node id="880" version="1" lat="50.90757934581" lon="6.22445460342" />
  <node id="881" version="1" lat="50.90755281308" lon="6.22444773026" />
  <node id="882" version="1" lat="50.9075194093" lon="6.22444018654" />
  <node id="883" version="1" lat="50.90749287653" lon="6.22443457067" />
  <node id="884" version="1" lat="50.9074643353" lon="6.22442878715" />
  <node id="885" version="1" lat="50.90741581515" lon="6.22442124345" />
  <node id="886" version="1" lat="50.90738293982" lon="6.22441789068" />
  <node id="887" version="1" lat="50.90735270717" lon="6.22441470556" />
  <node id="888" version="1" lat="50.90732670286" lon="6.22441336446" />
  <node id="889" version="1" lat="50.90729499026" lon="6.2244126939" />
  <node id="890" version="1" lat="50.90726666032" lon="6.2244126939" />
  <node id="891" version="1" lat="50.90723558193" lon="6.22441403501" />
  <node id="892" version="1" lat="50.90720513777" lon="6.22441671721" />
  <node id="893" version="1" lat="50.907172368" lon="6.22442107581" />
  <node id="894" version="1" lat="50.90713769543" lon="6.22442711078" />
  <node id="895" version="1" lat="50.90711084533" lon="6.22443180464" />
  <node id="896" version="1" lat="50.90706433329" lon="6.22444555096" />
  <node id="897" version="1" lat="50.90701528418" lon="6.22446130894" />
  <node id="898" version="1" lat="50.90698230286" lon="6.22447438471" />
  <node id="899" version="1" lat="50.90694932151" lon="6.22449014268" />
  <node id="900" version="1" lat="50.90690894046" lon="6.22451025925" />
  <node id="901" version="1" lat="50.9068719421" lon="6.22453205221" />
  <node id="902" version="1" lat="50.90683959493" lon="6.2245531746" />
  <node id="903" version="1" lat="50.90680957335" lon="6.22457463228" />
  <node id="904" version="1" lat="50.90677849466" lon="6.22459776632" />
  <node id="905" version="1" lat="50.90674086192" lon="6.22462794118" />
  <node id="906" version="1" lat="50.90669540661" lon="6.22466918014" />
  <node id="907" version="1" lat="50.90665460251" lon="6.22471075438" />
  <node id="908" version="1" lat="50.90662140951" lon="6.22474964641" />
  <node id="909" version="1" lat="50.90659625046" lon="6.22477948599" />
  <node id="910" version="1" lat="50.9065516407" lon="6.22483815931" />
  <node id="911" version="1" lat="50.90651971616" lon="6.22488409213" />
  <node id="912" version="1" lat="50.90648271747" lon="6.22494209491" />
  <node id="913" version="1" lat="50.90644952435" lon="6.22499808602" />
  <node id="914" version="1" lat="50.90640977713" lon="6.22507452898" />
  <node id="915" version="1" lat="50.90637510402" lon="6.22515130722" />
  <node id="916" version="1" lat="50.90635523037" lon="6.22519791059" />
  <node id="917" version="1" lat="50.90633662526" lon="6.22524283759" />
  <node id="918" version="1" lat="50.9063108318" lon="6.22531324558" />
  <node id="919" version="1" lat="50.90628884392" lon="6.22537828915" />
  <node id="920" version="1" lat="50.90626305043" lon="6.22546948425" />
  <node id="921" version="1" lat="50.90624317675" lon="6.22555531494" />
  <node id="922" version="1" lat="50.90622668581" lon="6.2256317579" />
  <node id="923" version="1" lat="50.90621738324" lon="6.22568271987" />
  <node id="924" version="1" lat="50.90620469789" lon="6.22576251559" />
  <node id="925" version="1" lat="50.90619708669" lon="6.22583024137" />
  <node id="926" version="1" lat="50.90619074402" lon="6.22589595549" />
  <node id="927" version="1" lat="50.90618651557" lon="6.2259589874" />
  <node id="928" version="1" lat="50.90618228712" lon="6.22604548864" />
  <node id="929" version="1" lat="50.90618017289" lon="6.22610315613" />
  <node id="930" version="1" lat="50.90618101858" lon="6.22617356412" />
  <node id="931" version="1" lat="50.90618270996" lon="6.22623056106" />
  <node id="932" version="1" lat="50.90618482419" lon="6.22628219359" />
  <node id="933" version="1" lat="50.90618651557" lon="6.22631974451" />
  <node id="934" version="1" lat="50.906196241" lon="6.22641831569" />
  <node id="935" version="1" lat="50.90620089229" lon="6.2264659249" />
  <node id="936" version="1" lat="50.90621653754" lon="6.22657254271" />
  <node id="937" version="1" lat="50.9062351427" lon="6.22667178445" />
  <node id="938" version="1" lat="50.9062465595" lon="6.22672274642" />
  <node id="939" version="1" lat="50.90627066162" lon="6.22681863539" />
  <node id="940" version="1" lat="50.90628588401" lon="6.22687362067" />
  <node id="941" version="1" lat="50.90630660336" lon="6.22693799369" />
  <node id="942" version="1" lat="50.90632901408" lon="6.2270010256" />
  <node id="943" version="1" lat="50.90634212223" lon="6.22703321211" />
  <node id="944" version="1" lat="50.90637256695" lon="6.22710697286" />
  <node id="945" version="1" lat="50.90639455479" lon="6.22715726428" />
  <node id="946" version="1" lat="50.90641527409" lon="6.22720286183" />
  <node id="947" version="1" lat="50.90643768476" lon="6.22724845938" />
  <node id="948" version="1" lat="50.90645840404" lon="6.2272833281" />
  <node id="949" version="1" lat="50.90648419742" lon="6.22733026676" />
  <node id="950" version="1" lat="50.90650872226" lon="6.22737117045" />
  <node id="951" version="1" lat="50.90653071004" lon="6.22740603916" />
  <node id="952" version="1" lat="50.90656707442" lon="6.22745767169" />
  <node id="953" version="1" lat="50.90660005604" lon="6.22750125758" />
  <node id="954" version="1" lat="50.90662500366" lon="6.22753344409" />
  <node id="955" version="1" lat="50.9066596766" lon="6.22757635944" />
  <node id="956" version="1" lat="50.90668589271" lon="6.22760720484" />
  <node id="957" version="1" lat="50.90671718288" lon="6.22764207356" />
  <node id="958" version="1" lat="50.90674339896" lon="6.22767157786" />
  <node id="959" version="1" lat="50.90676876934" lon="6.22769839995" />
  <node id="960" version="1" lat="50.90679329403" lon="6.22772253983" />
  <node id="961" version="1" lat="50.90682246994" lon="6.22775405578" />
  <node id="962" version="1" lat="50.90687574764" lon="6.22780501775" />
  <node id="963" version="1" lat="50.90690703769" lon="6.22783586316" />
  <node id="964" version="1" lat="50.90695735543" lon="6.22788146071" />
  <node id="965" version="1" lat="50.90703431186" lon="6.22795052759" />
  <node id="966" version="1" lat="50.90706771599" lon="6.22797734968" />
  <node id="967" version="1" lat="50.90715312896" lon="6.22805379264" />
  <node id="968" version="1" lat="50.90838864011" lon="6.22919440135" />
  <node id="969" version="1" lat="50.90844783556" lon="6.22924402222" />
  <node id="970" version="1" lat="50.90856622622" lon="6.22934728727" />
  <node id="971" version="1" lat="50.90862034757" lon="6.22939556703" />
  <node id="972" version="1" lat="50.90873366394" lon="6.22949346766" />
  <node id="973" version="1" lat="50.90879116767" lon="6.22954442963" />
  <node id="974" version="1" lat="50.90900628107" lon="6.22973388866" />
  <node id="975" version="1" lat="50.90907783958" lon="6.22979789838" />
  <node id="976" version="1" lat="50.90916494014" lon="6.22987568244" />
  <node id="977" version="1" lat="50.9092588056" lon="6.22995480761" />
  <node id="978" version="1" lat="50.90935013398" lon="6.23003527388" />
  <node id="979" version="1" lat="50.90943216024" lon="6.23010769352" />
  <node id="980" version="1" lat="50.90954254879" lon="6.23020173087" />
  <node id="981" version="1" lat="50.90958089791" lon="6.23023609097" />
  <node id="982" version="1" lat="50.90962740744" lon="6.230274983" />
  <node id="983" version="1" lat="50.90967729941" lon="6.23032058055" />
  <node id="984" version="1" lat="50.90972257354" lon="6.23035661676" />
  <node id="985" version="1" lat="50.90976706198" lon="6.23039921014" />
  <node id="986" version="1" lat="50.90991420172" lon="6.23052661305" />
  <node id="987" version="1" lat="50.91001504916" lon="6.23061276772" />
  <node id="988" version="1" lat="50.91005898783" lon="6.2306565279" />
  <node id="989" version="1" lat="50.9101109934" lon="6.23070346656" />
  <node id="990" version="1" lat="50.91015327431" lon="6.23073833528" />
  <node id="991" version="1" lat="50.91020697101" lon="6.23078460338" />
  <node id="992" version="1" lat="50.9102889762" lon="6.23085293069" />
  <node id="993" version="1" lat="50.91031658755" lon="6.23087913231" />
  <node id="994" version="1" lat="50.91037059385" lon="6.23093035336" />
  <node id="995" version="1" lat="50.91042936398" lon="6.23098131533" />
  <node id="996" version="1" lat="50.91049685622" lon="6.23103963756" />
  <node id="997" version="1" lat="50.9105742296" lon="6.23110803389" />
  <node id="998" version="1" lat="50.91063849593" lon="6.23116637194" />
  <node id="999" version="1" lat="50.9107057218" lon="6.23122403943" />
  <node id="1000" version="1" lat="50.9107522302" lon="6.23126494311" />
  <node id="1001" version="1" lat="50.91079324211" lon="6.23129847072" />
  <node id="1002" version="1" lat="50.91084101883" lon="6.2313366922" />
  <node id="1003" version="1" lat="50.91090477133" lon="6.23138100992" />
  <node id="1004" version="1" lat="50.91103254184" lon="6.23147010699" />
  <node id="1005" version="1" lat="50.9110962949" lon="6.23151124618" />
  <node id="1006" version="1" lat="50.9111800093" lon="6.23156623142" />
  <node id="1007" version="1" lat="50.91122228923" lon="6.23158970073" />
  <node id="1008" version="1" lat="50.91126118674" lon="6.2316124995" />
  <node id="1009" version="1" lat="50.91133221689" lon="6.23165005039" />
  <node id="1010" version="1" lat="50.91139563657" lon="6.23167955466" />
  <node id="1011" version="1" lat="50.91144975464" lon="6.23170235342" />
  <node id="1012" version="1" lat="50.91148696076" lon="6.2317177761" />
  <node id="1013" version="1" lat="50.91158462671" lon="6.23174862146" />
  <node id="1014" version="1" lat="50.91164339531" lon="6.23176404414" />
  <node id="1015" version="1" lat="50.91168990277" lon="6.23177343185" />
  <node id="1016" version="1" lat="50.91172372635" lon="6.23177946681" />
  <node id="1017" version="1" lat="50.91176050946" lon="6.23178416066" />
  <node id="1018" version="1" lat="50.9117867227" lon="6.2317875134" />
  <node id="1019" version="1" lat="50.9118277337" lon="6.23179086616" />
  <node id="1020" version="1" lat="50.91186155718" lon="6.23179354834" />
  <node id="1021" version="1" lat="50.911921171" lon="6.23179421888" />
  <node id="1022" version="1" lat="50.91197317449" lon="6.23179287775" />
  <node id="1023" version="1" lat="50.91200784345" lon="6.23179019552" />
  <node id="1024" version="1" lat="50.91203701609" lon="6.23178885441" />
  <node id="1025" version="1" lat="50.91206795774" lon="6.23178698589" />
  <node id="1026" version="1" lat="50.91210669244" lon="6.23178378344" />
  <node id="1027" version="1" lat="50.91214093851" lon="6.2317770779" />
  <node id="1028" version="1" lat="50.91218702268" lon="6.2317670196" />
  <node id="1029" version="1" lat="50.91222169148" lon="6.23175696131" />
  <node id="1030" version="1" lat="50.91225551467" lon="6.23174556191" />
  <node id="1031" version="1" lat="50.91228468715" lon="6.23173617417" />
  <node id="1032" version="1" lat="50.91231977867" lon="6.23172209256" />
  <node id="1033" version="1" lat="50.91235679997" lon="6.23170677785" />
  <node id="1034" version="1" lat="50.91238920117" lon="6.23169491173" />
  <node id="1035" version="1" lat="50.9124420579" lon="6.23167201099" />
  <node id="1036" version="1" lat="50.91246927742" lon="6.23165717227" />
  <node id="1037" version="1" lat="50.91251268046" lon="6.23163549449" />
  <node id="1038" version="1" lat="50.91254523508" lon="6.23161537791" />
  <node id="1039" version="1" lat="50.91256933394" lon="6.23159928465" />
  <node id="1040" version="1" lat="50.91260611638" lon="6.23157715643" />
  <node id="1041" version="1" lat="50.91263444308" lon="6.23155703985" />
  <node id="1042" version="1" lat="50.9126581191" lon="6.23154161715" />
  <node id="1043" version="1" lat="50.91268221791" lon="6.23152217113" />
  <node id="1044" version="1" lat="50.91273591168" lon="6.23147858523" />
  <node id="1045" version="1" lat="50.91278157249" lon="6.2314396932" />
  <node id="1046" version="1" lat="50.91280989907" lon="6.2314128711" />
  <node id="1047" version="1" lat="50.91284329904" lon="6.23138001404" />
  <node id="1048" version="1" lat="50.91288895974" lon="6.23133642813" />
  <node id="1049" version="1" lat="50.91293546596" lon="6.23128546616" />
  <node id="1050" version="1" lat="50.91296379245" lon="6.23125193854" />
  <node id="1051" version="1" lat="50.91298873666" lon="6.23122310479" />
  <node id="1052" version="1" lat="50.91301325807" lon="6.23119091828" />
  <node id="1053" version="1" lat="50.91303481999" lon="6.23116409619" />
  <node id="1054" version="1" lat="50.91305426799" lon="6.23113794464" />
  <node id="1055" version="1" lat="50.91307287041" lon="6.23111313421" />
  <node id="1056" version="1" lat="50.91308809057" lon="6.23109368819" />
  <node id="1057" version="1" lat="50.9131041563" lon="6.23107088942" />
  <node id="1058" version="1" lat="50.91312191314" lon="6.23104272622" />
  <node id="1059" version="1" lat="50.91315150786" lon="6.23099846976" />
  <node id="1060" version="1" lat="50.91317687474" lon="6.23096024829" />
  <node id="1061" version="1" lat="50.91319970493" lon="6.23092336791" />
  <node id="1062" version="1" lat="50.91321703896" lon="6.23089118139" />
  <node id="1063" version="1" lat="50.91323564132" lon="6.23085899489" />
  <node id="1064" version="1" lat="50.91325466646" lon="6.23082680838" />
  <node id="1065" version="1" lat="50.91327665105" lon="6.23078389304" />
  <node id="1066" version="1" lat="50.91329315002" lon="6.23075544767" />
  <node id="1067" version="1" lat="50.91331259791" lon="6.23071923785" />
  <node id="1068" version="1" lat="50.91333162302" lon="6.23067967527" />
  <node id="1069" version="1" lat="50.91335656703" lon="6.23062670164" />
  <node id="1070" version="1" lat="50.9133760149" lon="6.23058043353" />
  <node id="1071" version="1" lat="50.91339926777" lon="6.2305261188" />
  <node id="1072" version="1" lat="50.9134149106" lon="6.23048722677" />
  <node id="1073" version="1" lat="50.91343393566" lon="6.23043894701" />
  <node id="1074" version="1" lat="50.91344788737" lon="6.23040139608" />
  <node id="1075" version="1" lat="50.91346014796" lon="6.23036652736" />
  <node id="1076" version="1" lat="50.91348466912" lon="6.23029477827" />
  <node id="1077" version="1" lat="50.91350200304" lon="6.23024046354" />
  <node id="1078" version="1" lat="50.91351510917" lon="6.2301988893" />
  <node id="1079" version="1" lat="50.91352567863" lon="6.23016066782" />
  <node id="1080" version="1" lat="50.9135417442" lon="6.23010098867" />
  <node id="1081" version="1" lat="50.91355485032" lon="6.23005337946" />
  <node id="1082" version="1" lat="50.91356753366" lon="6.22999973528" />
  <node id="1083" version="1" lat="50.9135781031" lon="6.22995614938" />
  <node id="1084" version="1" lat="50.91359839643" lon="6.22986696593" />
  <node id="1085" version="1" lat="50.91361361642" lon="6.22978649966" />
  <node id="1086" version="1" lat="50.91362672252" lon="6.22971408002" />
  <node id="1087" version="1" lat="50.91363856028" lon="6.22963830762" />
  <node id="1088" version="1" lat="50.91364617027" lon="6.22958198123" />
  <node id="1089" version="1" lat="50.91365378026" lon="6.22952565484" />
  <node id="1090" version="1" lat="50.91366096747" lon="6.22946530513" />
  <node id="1091" version="1" lat="50.91366561801" lon="6.22941769592" />
  <node id="1092" version="1" lat="50.91367026856" lon="6.2293647223" />
  <node id="1093" version="1" lat="50.9136749191" lon="6.22930638425" />
  <node id="1094" version="1" lat="50.91367703299" lon="6.22927889161" />
  <node id="1095" version="1" lat="50.91367999243" lon="6.22921384804" />
  <node id="1096" version="1" lat="50.91368210631" lon="6.22916623883" />
  <node id="1097" version="1" lat="50.91368295186" lon="6.22913069956" />
  <node id="1098" version="1" lat="50.91368464297" lon="6.22905626826" />
  <node id="1099" version="1" lat="50.91368548852" lon="6.2290079885" />
  <node id="1100" version="1" lat="50.91368506575" lon="6.22895903818" />
  <node id="1101" version="1" lat="50.91368379742" lon="6.22891277008" />
  <node id="1102" version="1" lat="50.91368252909" lon="6.22886180811" />
  <node id="1103" version="1" lat="50.91368083798" lon="6.22879341178" />
  <node id="1104" version="1" lat="50.91367830132" lon="6.22873440318" />
  <node id="1105" version="1" lat="50.9136749191" lon="6.22868411176" />
  <node id="1106" version="1" lat="50.91366984578" lon="6.22861839764" />
  <node id="1107" version="1" lat="50.91366350413" lon="6.22854664855" />
  <node id="1108" version="1" lat="50.91365589414" lon="6.22847959332" />
  <node id="1109" version="1" lat="50.91364870693" lon="6.22842594914" />
  <node id="1110" version="1" lat="50.91364236527" lon="6.22837699883" />
  <node id="1111" version="1" lat="50.9136326414" lon="6.22831463747" />
  <node id="1112" version="1" lat="50.91362080363" lon="6.22824624114" />
  <node id="1113" version="1" lat="50.91361107975" lon="6.22819259696" />
  <node id="1114" version="1" lat="50.91360093309" lon="6.22814364664" />
  <node id="1115" version="1" lat="50.91359120921" lon="6.22809670798" />
  <node id="1116" version="1" lat="50.91357768032" lon="6.22803635828" />
  <node id="1117" version="1" lat="50.91356246032" lon="6.2279659503" />
  <node id="1118" version="1" lat="50.91354639476" lon="6.22790560059" />
  <node id="1119" version="1" lat="50.91353117475" lon="6.22784323923" />
  <node id="1120" version="1" lat="50.9135087675" lon="6.22777081959" />
  <node id="1121" version="1" lat="50.91348889691" lon="6.22770845823" />
  <node id="1122" version="1" lat="50.91347367688" lon="6.22765749626" />
  <node id="1123" version="1" lat="50.91346648964" lon="6.22763402693" />
  <node id="1124" version="1" lat="50.91343097621" lon="6.22754484348" />
  <node id="1125" version="1" lat="50.91341321948" lon="6.22749790482" />
  <node id="1126" version="1" lat="50.91339799943" lon="6.22745834224" />
  <node id="1127" version="1" lat="50.91338108825" lon="6.227416768" />
  <node id="1128" version="1" lat="50.91336290873" lon="6.22737854652" />
  <node id="1129" version="1" lat="50.9133426153" lon="6.22733294897" />
  <node id="1130" version="1" lat="50.91332232186" lon="6.22728869252" />
  <node id="1131" version="1" lat="50.91330202841" lon="6.22724711828" />
  <node id="1132" version="1" lat="50.91327581603" lon="6.22719883852" />
  <node id="1133" version="1" lat="50.91326144149" lon="6.22717268698" />
  <node id="1134" version="1" lat="50.91323861133" lon="6.22713245384" />
  <node id="1135" version="1" lat="50.91320901666" lon="6.22708149187" />
  <node id="1136" version="1" lat="50.91317899919" lon="6.22702985935" />
  <node id="1137" version="1" lat="50.91314982727" lon="6.22698157959" />
  <node id="1138" version="1" lat="50.91311600472" lon="6.22692994706" />
  <node id="1139" version="1" lat="50.91308767832" lon="6.22689105503" />
  <node id="1140" version="1" lat="50.91305131904" lon="6.22684076361" />
  <node id="1141" version="1" lat="50.91299931676" lon="6.22677572004" />
  <node id="1142" version="1" lat="50.91296380297" lon="6.22673347525" />
  <node id="1143" version="1" lat="50.91291602843" lon="6.22668050162" />
  <node id="1144" version="1" lat="50.91287544117" lon="6.22663624518" />
  <node id="1145" version="1" lat="50.9128179425" lon="6.22657656603" />
  <node id="1146" version="1" lat="50.91277397287" lon="6.22653499179" />
  <node id="1147" version="1" lat="50.91273803613" lon="6.22650347583" />
  <node id="1148" version="1" lat="50.91269448921" lon="6.22646659546" />
  <node id="1149" version="1" lat="50.91266108912" lon="6.22643910281" />
  <node id="1150" version="1" lat="50.91262092443" lon="6.22640691631" />
  <node id="1151" version="1" lat="50.91254651395" lon="6.22635394268" />
  <node id="1152" version="1" lat="50.91245730579" lon="6.22629225187" />
  <node id="1153" version="1" lat="50.91243109293" lon="6.22627749972" />
  <node id="1154" version="1" lat="50.91240361169" lon="6.22626073591" />
  <node id="1155" version="1" lat="50.91236682908" lon="6.22623994879" />
  <node id="1156" version="1" lat="50.91233977059" lon="6.22622452609" />
  <node id="1157" version="1" lat="50.91230721583" lon="6.22620776229" />
  <node id="1158" version="1" lat="50.91226620525" lon="6.22618429296" />
  <node id="1159" version="1" lat="50.91221251093" lon="6.22615881197" />
  <node id="1160" version="1" lat="50.91216304445" lon="6.22613333099" />
  <node id="1161" version="1" lat="50.91212753003" lon="6.22611589663" />
  <node id="1162" version="1" lat="50.91208440534" lon="6.22609779172" />
  <node id="1163" version="1" lat="50.91202859685" lon="6.22607231073" />
  <node id="1164" version="1" lat="50.91198589485" lon="6.22605621748" />
  <node id="1165" version="1" lat="50.91193811931" lon="6.22603811257" />
  <node id="1166" version="1" lat="50.91189203489" lon="6.22602000766" />
  <node id="1167" version="1" lat="50.91183918572" lon="6.22599989109" />
  <node id="1168" version="1" lat="50.91174532546" lon="6.22596435182" />
  <node id="1169" version="1" lat="50.91167471874" lon="6.22593752973" />
  <node id="1170" version="1" lat="50.91158508611" lon="6.22590266101" />
  <node id="1171" version="1" lat="50.91152843143" lon="6.22588120335" />
  <node id="1172" version="1" lat="50.91144344928" lon="6.22585035793" />
  <node id="1173" version="1" lat="50.91133944107" lon="6.22581213646" />
  <node id="1174" version="1" lat="50.91123035903" lon="6.22576922111" />
  <node id="1175" version="1" lat="50.91112169954" lon="6.22572697632" />
  <node id="1176" version="1" lat="50.91102065022" lon="6.22568808429" />
  <node id="1177" version="1" lat="50.91091410425" lon="6.22564852171" />
  <node id="1178" version="1" lat="50.91081516849" lon="6.22561164133" />
  <node id="1179" version="1" lat="50.91074160073" lon="6.22558548979" />
  <node id="1180" version="1" lat="50.91059784732" lon="6.22552849285" />
  <node id="1181" version="1" lat="50.91049426002" lon="6.22548825972" />
  <node id="1182" version="1" lat="50.91038898126" lon="6.22545003824" />
  <node id="1183" version="1" lat="50.91028412508" lon="6.225408464" />
  <node id="1184" version="1" lat="50.91017926866" lon="6.22536957197" />
  <node id="1185" version="1" lat="50.91007229795" lon="6.22533135049" />
  <node id="1186" version="1" lat="50.90996025327" lon="6.22528776459" />
  <node id="1187" version="1" lat="50.90985920143" lon="6.22525021367" />
  <node id="1188" version="1" lat="50.90975814936" lon="6.22521065108" />
  <node id="1189" version="1" lat="50.9096516005" lon="6.2251710885" />
  <node id="1190" version="1" lat="50.9095480111" lon="6.22512951426" />
  <node id="1191" version="1" lat="50.90943681079" lon="6.22508794002" />
  <node id="1192" version="1" lat="50.90933491217" lon="6.22504703633" />
  <node id="1193" version="1" lat="50.90922793953" lon="6.2250081443" />
  <node id="1194" version="1" lat="50.90912646327" lon="6.22496992283" />
  <node id="1195" version="1" lat="50.90901864451" lon="6.22493036024" />
  <node id="1196" version="1" lat="50.9089129396" lon="6.22488677435" />
  <node id="1197" version="1" lat="50.90880385188" lon="6.22484654121" />
  <node id="1198" version="1" lat="50.9087061801" lon="6.22480764918" />
  <node id="1199" version="1" lat="50.90859878318" lon="6.2247694277" />
  <node id="1200" version="1" lat="50.90849054037" lon="6.22472852401" />
  <node id="1201" version="1" lat="50.90838398861" lon="6.22468359701" />
  <node id="1202" version="1" lat="50.90827659096" lon="6.22464403443" />
  <node id="1203" version="1" lat="50.90813748102" lon="6.22459374301" />
  <node id="1204" version="1" lat="50.90806982863" lon="6.22456960313" />
  <node id="1205" version="1" lat="50.9079691955" lon="6.22453138165" />
  <node id="1206" version="1" lat="50.90792057018" lon="6.22451260619" />
  <node id="1207" version="1" lat="50.90789076072" lon="6.22450321846" />
  <node id="1208" version="1" lat="50.90782501069" lon="6.22447706692" />
  <node id="1209" version="1" lat="50.90769435604" lon="6.22443213992" />
  <node id="1210" version="1" lat="50.90761148104" lon="6.22440867059" />
  <node id="1212" version="1" lat="50.90756792934" lon="6.22439861231" />
  <node id="1214" version="1" lat="50.9075091556" lon="6.22438587181" />
  <node id="1215" version="1" lat="50.90746010696" lon="6.22437715463" />
  <node id="1216" version="1" lat="50.90741697795" lon="6.22437313132" />
  <node id="1217" version="1" lat="50.90738230557" lon="6.22436910801" />
  <node id="1218" version="1" lat="50.90733283396" lon="6.22436508469" />
  <node id="1219" version="1" lat="50.90726856307" lon="6.22436508469" />
  <node id="1220" version="1" lat="50.90721951418" lon="6.22436910801" />
  <node id="1221" version="1" lat="50.9071700424" lon="6.22437514298" />
  <node id="1222" version="1" lat="50.90710281143" lon="6.22438855402" />
  <node id="1223" version="1" lat="50.907049534" lon="6.22440464728" />
  <node id="1224" version="1" lat="50.90698949109" lon="6.2244267755" />
  <node id="1225" version="1" lat="50.90690661485" lon="6.22446633808" />
  <node id="1226" version="1" lat="50.90683980634" lon="6.22450657122" />
  <node id="1227" version="1" lat="50.90678314589" lon="6.22454747491" />
  <node id="1228" version="1" lat="50.9067374792" lon="6.22458502583" />
  <node id="1229" version="1" lat="50.9066795501" lon="6.22463665836" />
  <node id="1230" version="1" lat="50.90662796354" lon="6.22469030254" />
  <node id="1231" version="1" lat="50.90657214851" lon="6.22475601666" />
  <node id="1232" version="1" lat="50.90652183036" lon="6.22482240133" />
  <node id="1233" version="1" lat="50.9064550213" lon="6.22492298417" />
  <node id="1234" version="1" lat="50.90639878322" lon="6.22502490811" />
  <node id="1235" version="1" lat="50.90635396184" lon="6.22512146764" />
  <node id="1236" version="1" lat="50.90631675161" lon="6.22520662777" />
  <node id="1237" version="1" lat="50.90627108447" lon="6.22533805601" />
  <node id="1238" version="1" lat="50.90623556555" lon="6.22545674376" />
  <node id="1239" version="1" lat="50.90620512074" lon="6.22559353642" />
  <node id="1240" version="1" lat="50.90619032117" lon="6.22567400269" />
  <node id="1241" version="1" lat="50.90617002461" lon="6.22581481867" />
  <node id="1242" version="1" lat="50.9061586078" lon="6.225928142" />
  <node id="1243" version="1" lat="50.90615268796" lon="6.22602738373" />
  <node id="1244" version="1" lat="50.90615141943" lon="6.22613534264" />
  <node id="1245" version="1" lat="50.90615226512" lon="6.22621782057" />
  <node id="1246" version="1" lat="50.90615691642" lon="6.2263157212" />
  <node id="1247" version="1" lat="50.90616621901" lon="6.22643709116" />
  <node id="1248" version="1" lat="50.90617805867" lon="6.22652023964" />
  <node id="1249" version="1" lat="50.90618736126" lon="6.22658662431" />
  <node id="1250" version="1" lat="50.90620512074" lon="6.22668050162" />
  <node id="1251" version="1" lat="50.9062313371" lon="6.22679851882" />
  <node id="1252" version="1" lat="50.90625332501" lon="6.22688233785" />
  <node id="1253" version="1" lat="50.90627742713" lon="6.22696213357" />
  <node id="1254" version="1" lat="50.90631886583" lon="6.2270741158" />
  <node id="1255" version="1" lat="50.90634043085" lon="6.22712977163" />
  <node id="1256" version="1" lat="50.90639244057" lon="6.22724711828" />
  <node id="1257" version="1" lat="50.90644952435" lon="6.22735440664" />
  <node id="1258" version="1" lat="50.90649645984" lon="6.2274321907" />
  <node id="1259" version="1" lat="50.90654128108" lon="6.22750192814" />
  <node id="1260" version="1" lat="50.90658821648" lon="6.22756361894" />
  <node id="1261" version="1" lat="50.90661020422" lon="6.22759178214" />
  <node id="1262" version="1" lat="50.90664487718" lon="6.22763000362" />
  <node id="1263" version="1" lat="50.90668208714" lon="6.22767560117" />
  <node id="1264" version="1" lat="50.90670407484" lon="6.22769974105" />
  <node id="1265" version="1" lat="50.90672733104" lon="6.22772589259" />
  <node id="1266" version="1" lat="50.9067480502" lon="6.22774802081" />
  <node id="1267" version="1" lat="50.90677384342" lon="6.22777417235" />
  <node id="1268" version="1" lat="50.9068025965" lon="6.22780233555" />
  <node id="1269" version="1" lat="50.90688124454" lon="6.22787341408" />
  <node id="1270" version="1" lat="50.90692099135" lon="6.22790962391" />
  <node id="1271" version="1" lat="50.90694805299" lon="6.22793376379" />
  <node id="1272" version="1" lat="50.90697765164" lon="6.22796125643" />
  <node id="1273" version="1" lat="50.90701908971" lon="6.22799612514" />
  <node id="1274" version="1" lat="50.90704826548" lon="6.22802026503" />
  <node id="1275" version="1" lat="50.9070770184" lon="6.22804574601" />
  <node id="1276" version="1" lat="50.90713410133" lon="6.22809402578" />
  <node id="1277" version="1" lat="50.90692467144" lon="6.22778579946" />
  <node id="1278" version="1" lat="50.90705207102" lon="6.22788615458" />
  <node id="1279" version="1" lat="50.90711549653" lon="6.22791364722" />
  <node id="1280" version="1" lat="50.90716496837" lon="6.22793242268" />
  <node id="1281" version="1" lat="50.90719710389" lon="6.22794382207" />
  <node id="1282" version="1" lat="50.90725207251" lon="6.22799076073" />
  <node id="1284" version="1" lat="50.90735693552" lon="6.22808396749" />
  <node id="1285" version="1" lat="50.90740217877" lon="6.22812353008" />
  <node id="1286" version="1" lat="50.90744509638" lon="6.22816242211" />
  <node id="1287" version="1" lat="50.9075167666" lon="6.22822746567" />
  <node id="1288" version="1" lat="50.90758568829" lon="6.22828848593" />
  <node id="1289" version="1" lat="50.90765376422" lon="6.22834615342" />
  <node id="1290" version="1" lat="50.90771761175" lon="6.22840315036" />
  <node id="1291" version="1" lat="50.90777173408" lon="6.22845143013" />
  <node id="1292" version="1" lat="50.907849112" lon="6.22851848535" />
  <node id="1293" version="1" lat="50.90790999945" lon="6.22857481174" />
  <node id="1294" version="1" lat="50.90796834985" lon="6.22862577371" />
  <node id="1295" version="1" lat="50.90808885587" lon="6.22873105042" />
  <node id="1296" version="1" lat="50.90814593757" lon="6.22877933018" />
  <node id="1297" version="1" lat="50.9082000594" lon="6.22882425718" />
  <node id="1298" version="1" lat="50.90825629531" lon="6.22887320749" />
  <node id="1299" version="1" lat="50.90836327019" lon="6.22896842591" />
  <node id="1300" version="1" lat="50.90843303628" lon="6.22902944617" />
  <node id="1301" version="1" lat="50.9085176011" lon="6.22910387747" />
  <node id="1303" version="1" lat="50.90866516634" lon="6.22923329405" />
  <node id="1304" version="1" lat="50.90875818718" lon="6.22931107812" />
  <node id="1306" version="1" lat="50.90882309024" lon="6.22936639868" />
  <node id="1307" version="1" lat="50.90889814089" lon="6.22943244807" />
  <node id="1308" version="1" lat="50.90898640454" lon="6.2295087234" />
  <node id="1309" version="1" lat="50.9090719197" lon="6.22959069841" />
  <node id="1310" version="1" lat="50.90916451689" lon="6.22966781192" />
  <node id="1311" version="1" lat="50.90920003358" lon="6.22969932787" />
  <node id="1312" version="1" lat="50.90928248292" lon="6.22977241807" />
  <node id="1313" version="1" lat="50.90934463695" lon="6.2298267328" />
  <node id="1314" version="1" lat="50.90944442147" lon="6.22991457514" />
  <node id="1315" version="1" lat="50.90950234713" lon="6.22996754877" />
  <node id="1316" version="1" lat="50.90957211151" lon="6.23002588682" />
  <node id="1317" version="1" lat="50.9096516005" lon="6.23009696536" />
  <node id="1318" version="1" lat="50.90970106965" lon="6.23014055125" />
  <node id="1319" version="1" lat="50.90980930964" lon="6.23023308747" />
  <node id="1320" version="1" lat="50.90990951597" lon="6.23032428257" />
  <node id="1321" version="1" lat="50.90999154125" lon="6.23039603166" />
  <node id="1322" version="1" lat="50.91012049822" lon="6.23050130837" />
  <node id="1323" version="1" lat="50.91015263171" lon="6.23052980684" />
  <node id="1324" version="1" lat="50.91018608644" lon="6.23055822149" />
  <node id="1325" version="1" lat="50.91023803902" lon="6.23060423814" />
  <node id="1326" version="1" lat="50.91028835316" lon="6.23064748876" />
  <node id="1327" version="1" lat="50.91033665891" lon="6.23068822481" />
  <node id="1328" version="1" lat="50.91037151031" lon="6.23074312558" />
  <node id="1329" version="1" lat="50.91041373312" lon="6.23080555744" />
  <node id="1330" version="1" lat="50.9104826419" lon="6.23090320426" />
  <node id="1331" version="1" lat="50.90857045404" lon="6.22914947503" />
  <node id="1332" version="1" lat="50.90830999419" lon="6.2289208167" />
  <node id="1333" version="1" lat="50.90690206934" lon="6.22770544074" />
  <node id="1334" version="1" lat="50.90691951142" lon="6.22772170164" />
  <node id="1335" version="1" lat="50.90688885564" lon="6.22769236497" />
  <node id="1336" version="1" lat="50.90699667933" lon="6.22778087787" />
  <node id="1337" version="1" lat="50.90704784265" lon="6.22781574659" />
  <node id="1338" version="1" lat="50.90707321286" lon="6.22783183984" />
  <node id="1339" version="1" lat="50.90710492562" lon="6.22784860365" />
  <node id="1340" version="1" lat="50.90713706118" lon="6.22786369108" />
  <node id="1341" version="1" lat="50.90717627923" lon="6.22788062252" />
  <node id="1342" version="1" lat="50.90720788621" lon="6.22789570995" />
  <node id="1343" version="1" lat="50.90725482093" lon="6.227918844" />
  <node id="1344" version="1" lat="50.90728124813" lon="6.22793342851" />
  <node id="1345" version="1" lat="50.90732131172" lon="6.22795673021" />
  <node id="1346" version="1" lat="50.90735534989" lon="6.22798154064" />
  <node id="1347" version="1" lat="50.90740143881" lon="6.22801288896" />
  <node id="1348" version="1" lat="50.90749086808" lon="6.22808782316" />
  <node id="1349" version="1" lat="50.90752606891" lon="6.22812017731" />
  <node id="1350" version="1" lat="50.90753928212" lon="6.2281302361" />
  <node id="1351" version="1" lat="50.90762332034" lon="6.22820533745" />
  <node id="1352" version="1" lat="50.90766898616" lon="6.22824557059" />
  <node id="1353" version="1" lat="50.90771718892" lon="6.22828714482" />
  <node id="1354" version="1" lat="50.90777088842" lon="6.22833475403" />
  <node id="1355" version="1" lat="50.90781148013" lon="6.22837096386" />
  <node id="1356" version="1" lat="50.90788758949" lon="6.22843667798" />
  <node id="1357" version="1" lat="50.9079412888" lon="6.22848562829" />
  <node id="1358" version="1" lat="50.90799963916" lon="6.22853524916" />
  <node id="1359" version="1" lat="50.90804995572" lon="6.22857950561" />
  <node id="1360" version="1" lat="50.90813748102" lon="6.22865728967" />
  <node id="1361" version="1" lat="50.90818526047" lon="6.22869886391" />
  <node id="1362" version="1" lat="50.90823092573" lon="6.22873708539" />
  <node id="1363" version="1" lat="50.90827278552" lon="6.22877396576" />
  <node id="1364" version="1" lat="50.90833155829" lon="6.22882358663" />
  <node id="1365" version="1" lat="50.90837510929" lon="6.22886247866" />
  <node id="1366" version="1" lat="50.90841992872" lon="6.22890137069" />
  <node id="1367" version="1" lat="50.90847193612" lon="6.22894629769" />
  <node id="1368" version="1" lat="50.90851506416" lon="6.22898586027" />
  <node id="1369" version="1" lat="50.9085662258" lon="6.22903011672" />
  <node id="1370" version="1" lat="50.90863345465" lon="6.22908979587" />
  <node id="1371" version="1" lat="50.90868503899" lon="6.22913472287" />
  <node id="1372" version="1" lat="50.90871505936" lon="6.22916087441" />
  <node id="1373" version="1" lat="50.90875861" lon="6.22919909589" />
  <node id="1374" version="1" lat="50.90881907344" lon="6.22925072841" />
  <node id="1375" version="1" lat="50.90890189342" lon="6.22931971147" />
  <node id="1376" version="1" lat="50.9089234044" lon="6.2293379002" />
  <node id="1378" version="1" lat="50.9090630405" lon="6.22946731679" />
  <node id="1379" version="1" lat="50.909110819" lon="6.22950754993" />
  <node id="1380" version="1" lat="50.90915479208" lon="6.22954711251" />
  <node id="1381" version="1" lat="50.90920257049" lon="6.22958734564" />
  <node id="1382" version="1" lat="50.90925119447" lon="6.22963026099" />
  <node id="1383" version="1" lat="50.90929728151" lon="6.22966915302" />
  <node id="1384" version="1" lat="50.90933110683" lon="6.22969798677" />
  <node id="1385" version="1" lat="50.90935985833" lon="6.22972346775" />
  <node id="1386" version="1" lat="50.90940932778" lon="6.22976839475" />
  <node id="1387" version="1" lat="50.90944780399" lon="6.22980125181" />
  <node id="1388" version="1" lat="50.90948923987" lon="6.22983679108" />
  <node id="1389" version="1" lat="50.90952856164" lon="6.22987098925" />
  <node id="1390" version="1" lat="50.90956682633" lon="6.22990418159" />
  <node id="1391" version="1" lat="50.90962623169" lon="6.22995614939" />
  <node id="1392" version="1" lat="50.90971629091" lon="6.230034604" />
  <node id="1393" version="1" lat="50.90979683668" lon="6.23010467671" />
  <node id="1394" version="1" lat="50.90985941283" lon="6.23016033255" />
  <node id="1395" version="1" lat="50.90991924063" lon="6.23021129452" />
  <node id="1396" version="1" lat="50.9099894272" lon="6.23027432643" />
  <node id="1397" version="1" lat="50.91007578613" lon="6.23034892537" />
  <node id="1398" version="1" lat="50.91015294881" lon="6.23041715406" />
  <node id="1399" version="1" lat="50.91019480687" lon="6.23045604609" />
  <node id="1400" version="1" lat="50.91025537415" lon="6.2305155576" />
  <node id="1401" version="1" lat="50.9102964922" lon="6.23055897586" />
  <node id="1402" version="1" lat="50.91034522075" lon="6.23061563753" />
  <node id="1403" version="1" lat="50.91036287294" lon="6.23063960977" />
  <node id="1404" version="1" lat="50.91039035539" lon="6.23067866943" />
  <node id="1405" version="1" lat="50.91041614659" lon="6.23071890257" />
  <node id="1406" version="1" lat="50.91044098646" lon="6.23075762697" />
  <node id="1407" version="1" lat="50.91046476931" lon="6.23079266332" />
  <node id="1408" version="1" lat="50.91048224284" lon="6.23081763427" />
  <node id="1409" version="1" lat="50.9105032049" lon="6.23084638" />
  <node id="1410" version="1" lat="50.91053076928" lon="6.23088139212" />
  <node id="1411" version="1" lat="50.90724023354" lon="6.22796729073" />
  <node id="1412" version="1" lat="50.90728420839" lon="6.22799277171" />
  <node id="1413" version="1" lat="50.90733156546" lon="6.22802227668" />
  <node id="1414" version="1" lat="50.90738061423" lon="6.22805379264" />
  <node id="1415" version="1" lat="50.90742712595" lon="6.22808866136" />
  <node id="1416" version="1" lat="50.90747236913" lon="6.22812889449" />
  <node id="1417" version="1" lat="50.90751465243" lon="6.22816376321" />
  <node id="1418" version="1" lat="50.90757850015" lon="6.2282200896" />
  <node id="1419" version="1" lat="50.90765672405" lon="6.22828781538" />
  <node id="1420" version="1" lat="50.90770492682" lon="6.22833006017" />
  <node id="1421" version="1" lat="50.90774086745" lon="6.22836224668" />
  <node id="1422" version="1" lat="50.90779794957" lon="6.22841186754" />
  <node id="1423" version="1" lat="50.90785925991" lon="6.22846484117" />
  <node id="1424" version="1" lat="50.90791887886" lon="6.2285191559" />
  <node id="1425" version="1" lat="50.9079987935" lon="6.22858755223" />
  <node id="1426" version="1" lat="50.90805587531" lon="6.22863918476" />
  <node id="1427" version="1" lat="50.90810111787" lon="6.22867740624" />
  <node id="1428" version="1" lat="50.90815608542" lon="6.228725686" />
  <node id="1429" version="1" lat="50.90819583114" lon="6.22876122527" />
  <node id="1430" version="1" lat="50.90823261704" lon="6.22879341178" />
  <node id="1431" version="1" lat="50.90829392681" lon="6.2288450443" />
  <node id="1432" version="1" lat="50.90835650498" lon="6.22890271179" />
  <node id="1433" version="1" lat="50.90840132443" lon="6.22894294493" />
  <node id="1434" version="1" lat="50.9084575601" lon="6.22899122469" />
  <node id="1435" version="1" lat="50.90848081542" lon="6.22901134126" />
  <node id="1436" version="1" lat="50.90852056087" lon="6.22904688053" />
  <node id="1437" version="1" lat="50.90857848768" lon="6.2290965014" />
  <node id="1438" version="1" lat="50.90866643481" lon="6.2291736149" />
  <node id="1439" version="1" lat="50.90873239505" lon="6.22923061185" />
  <node id="1440" version="1" lat="50.90878799106" lon="6.22927642135" />
  <node id="1441" version="1" lat="50.90888820461" lon="6.2293633812" />
  <node id="1442" version="1" lat="50.90891468373" lon="6.22938743725" />
  <node id="1443" version="1" lat="50.9090856613" lon="6.22953671895" />
  <node id="1444" version="1" lat="50.90918491786" lon="6.2296237231" />
  <node id="1445" version="1" lat="50.90925225152" lon="6.22968189352" />
  <node id="1446" version="1" lat="50.9093280414" lon="6.22974894873" />
  <node id="1447" version="1" lat="50.9093748683" lon="6.22978968479" />
  <node id="1448" version="1" lat="50.9094178898" lon="6.22982706808" />
  <node id="1449" version="1" lat="50.90947211586" lon="6.22987467729" />
  <node id="1450" version="1" lat="50.90952243082" lon="6.22991843082" />
  <node id="1451" version="1" lat="50.90956830618" lon="6.22995933451" />
  <node id="1452" version="1" lat="50.90963796477" lon="6.23001951657" />
  <node id="1453" version="1" lat="50.90968827955" lon="6.23006377302" />
  <node id="1454" version="1" lat="50.9097325692" lon="6.23010283269" />
  <node id="1455" version="1" lat="50.90978795763" lon="6.23015094481" />
  <node id="1456" version="1" lat="50.90983594679" lon="6.23019285433" />
  <node id="1457" version="1" lat="50.90988298457" lon="6.23023375802" />
  <node id="1458" version="1" lat="50.90996469279" lon="6.23030500419" />
  <node id="1459" version="1" lat="50.91001807259" lon="6.23035177522" />
  <node id="1460" version="1" lat="50.91007832299" lon="6.23040391065" />
  <node id="1461" version="1" lat="50.91016626729" lon="6.2304833711" />
  <node id="1462" version="1" lat="50.91020833674" lon="6.23052276604" />
  <node id="1463" version="1" lat="50.91023243681" lon="6.23054673828" />
  <node id="1464" version="1" lat="50.90810079208" lon="6.22862468405" />
  <node id="1465" version="1" lat="50.90813029296" lon="6.22863985531" />
  <node id="1466" version="1" lat="50.9081636963" lon="6.22865728967" />
  <node id="1467" version="1" lat="50.90821654964" lon="6.22868411176" />
  <node id="1468" version="1" lat="50.908264329" lon="6.22871093385" />
  <node id="1469" version="1" lat="50.90829181269" lon="6.22873239152" />
  <node id="1470" version="1" lat="50.90833578654" lon="6.22876994245" />
  <node id="1471" version="1" lat="50.90837806906" lon="6.22880883448" />
  <node id="1472" version="1" lat="50.908414432" lon="6.22883967988" />
  <node id="1473" version="1" lat="50.90848715778" lon="6.228905394" />
  <node id="1474" version="1" lat="50.90850745333" lon="6.22892685167" />
  <node id="1475" version="1" lat="50.90853578252" lon="6.22896104984" />
  <node id="1476" version="1" lat="50.90856538016" lon="6.22899793021" />
  <node id="1477" version="1" lat="50.90859032672" lon="6.22902944617" />
  <node id="1478" version="1" lat="50.9086066054" lon="6.2290529155" />
  <node id="1479" version="1" lat="50.90879877802" lon="6.22962020271" />
  <node id="1480" version="1" lat="50.90884317422" lon="6.22965775363" />
  <node id="1481" version="1" lat="50.90886854346" lon="6.22968055241" />
  <node id="1482" version="1" lat="50.90889433551" lon="6.22970335118" />
  <node id="1483" version="1" lat="50.90891674498" lon="6.22972346775" />
  <node id="1484" version="1" lat="50.90898109474" lon="6.22977814578" />
  <node id="1485" version="1" lat="50.90901230222" lon="6.22980527513" />
  <node id="1486" version="1" lat="50.90904485929" lon="6.22983410887" />
  <node id="1487" version="1" lat="50.90908164452" lon="6.22986629538" />
  <node id="1488" version="1" lat="50.90913026864" lon="6.22990854017" />
  <node id="1489" version="1" lat="50.9092076443" lon="6.22997760706" />
  <node id="1490" version="1" lat="50.90925626828" lon="6.2300205224" />
  <node id="1491" version="1" lat="50.90931123446" lon="6.23006813161" />
  <node id="1492" version="1" lat="50.90935478454" lon="6.23010836475" />
  <node id="1493" version="1" lat="50.90939791176" lon="6.23014524512" />
  <node id="1494" version="1" lat="50.90946048844" lon="6.23019955985" />
  <node id="1495" version="1" lat="50.90954378296" lon="6.2302719795" />
  <node id="1496" version="1" lat="50.9096110104" lon="6.23033098809" />
  <node id="1497" version="1" lat="50.90966386209" lon="6.2303772562" />
  <node id="1498" version="1" lat="50.90969813749" lon="6.23040824074" />
  <node id="1499" version="1" lat="50.90980761839" lon="6.23050466113" />
  <node id="1500" version="1" lat="50.90986258392" lon="6.23055428199" />
  <node id="1501" version="1" lat="50.90993446182" lon="6.23061731391" />
  <node id="1502" version="1" lat="50.90999452188" lon="6.23066680608" />
  <node id="1503" version="1" lat="50.91004523813" lon="6.23070850901" />
  <node id="1504" version="1" lat="50.91007356638" lon="6.23072661392" />
  <node id="1505" version="1" lat="50.91010147181" lon="6.23074337773" />
  <node id="1506" version="1" lat="50.91013529654" lon="6.23076148264" />
  <node id="1507" version="1" lat="50.91017377215" lon="6.23078226976" />
  <node id="1508" version="1" lat="50.91022028108" lon="6.23080909185" />
  <node id="1509" version="1" lat="50.90722999037" lon="6.22811776359" />
  <node id="1510" version="1" lat="50.90729689344" lon="6.22819930181" />
  <node id="1511" version="1" lat="50.90733790797" lon="6.22825227611" />
  <node id="1512" version="1" lat="50.90739809836" lon="6.2283261946" />
  <node id="1513" version="1" lat="50.91007906333" lon="6.23066022858" />
  <node id="1514" version="1" lat="50.91014248472" lon="6.2306950973" />
  <node id="1515" version="1" lat="50.91336882764" lon="6.22767493062" />
  <node id="1516" version="1" lat="50.9133426153" lon="6.22762799196" />
  <node id="1517" version="1" lat="50.91331767128" lon="6.22759111159" />
  <node id="1518" version="1" lat="50.91328427164" lon="6.22753947906" />
  <node id="1519" version="1" lat="50.91325298587" lon="6.22749321096" />
  <node id="1520" version="1" lat="50.91321662672" lon="6.22743755512" />
  <node id="1521" version="1" lat="50.91319548766" lon="6.22740603916" />
  <node id="1522" version="1" lat="50.91316462462" lon="6.22736580603" />
  <node id="1523" version="1" lat="50.91313798938" lon="6.22733361952" />
  <node id="1524" version="1" lat="50.9131024757" lon="6.22729405694" />
  <node id="1525" version="1" lat="50.91306357973" lon="6.22725516491" />
  <node id="1526" version="1" lat="50.91303144826" lon="6.22722566061" />
  <node id="1527" version="1" lat="50.9129959345" lon="6.2271948152" />
  <node id="1528" version="1" lat="50.91296295741" lon="6.22717000477" />
  <node id="1529" version="1" lat="50.91293336256" lon="6.22714921765" />
  <node id="1530" version="1" lat="50.91289700316" lon="6.22712574832" />
  <node id="1531" version="1" lat="50.91285979816" lon="6.22710294954" />
  <node id="1532" version="1" lat="50.91279934039" lon="6.22706875071" />
  <node id="1533" version="1" lat="50.91274353276" lon="6.2270365642" />
  <node id="1534" version="1" lat="50.91267250477" lon="6.22699633107" />
  <node id="1535" version="1" lat="50.91256342586" lon="6.22693329916" />
  <node id="1536" version="1" lat="50.91248394184" lon="6.2268877016" />
  <node id="1537" version="1" lat="50.91240361211" lon="6.22684210405" />
  <node id="1538" version="1" lat="50.91231863157" lon="6.22679516539" />
  <node id="1539" version="1" lat="50.91224295223" lon="6.22675627335" />
  <node id="1540" version="1" lat="50.91218037929" lon="6.22672274574" />
  <node id="1541" version="1" lat="50.91209835787" lon="6.2266798304" />
  <node id="1542" version="1" lat="50.91204001265" lon="6.226648985" />
  <node id="1543" version="1" lat="50.91198251294" lon="6.22661881014" />
  <node id="1544" version="1" lat="50.91070312602" lon="6.22595026955" />
  <node id="1545" version="1" lat="50.91062025639" lon="6.22590735421" />
  <node id="1546" version="1" lat="50.91052132" lon="6.22585639223" />
  <node id="1547" version="1" lat="50.91044267811" lon="6.2258175002" />
  <node id="1548" version="1" lat="50.91035980801" lon="6.22577458486" />
  <node id="1549" version="1" lat="50.91027609216" lon="6.22573301062" />
  <node id="1550" version="1" lat="50.91020928848" lon="6.22570082411" />
  <node id="1551" version="1" lat="50.91013656539" lon="6.2256672965" />
  <node id="1552" version="1" lat="50.91007652647" lon="6.2256377922" />
  <node id="1553" version="1" lat="50.91001395061" lon="6.2256082879" />
  <node id="1554" version="1" lat="50.90994376408" lon="6.22557476029" />
  <node id="1555" version="1" lat="50.90988372491" lon="6.22554659709" />
  <node id="1556" version="1" lat="50.90981353818" lon="6.22551172838" />
  <node id="1557" version="1" lat="50.90975349885" lon="6.22548088297" />
  <node id="1558" version="1" lat="50.90969261381" lon="6.22545003757" />
  <node id="1559" version="1" lat="50.90962496367" lon="6.22541516885" />
  <node id="1560" version="1" lat="50.90956576972" lon="6.22538566455" />
  <node id="1561" version="1" lat="50.90949473688" lon="6.22534811363" />
  <node id="1562" version="1" lat="50.9094338515" lon="6.22531726822" />
  <node id="1563" version="1" lat="50.90936873789" lon="6.22528239951" />
  <node id="1564" version="1" lat="50.90928671151" lon="6.22523948416" />
  <node id="1565" version="1" lat="50.90920383936" lon="6.22519522771" />
  <node id="1566" version="1" lat="50.90913957106" lon="6.2251630412" />
  <node id="1567" version="1" lat="50.90906853757" lon="6.22512683138" />
  <node id="1568" version="1" lat="50.90878271124" lon="6.22502893075" />
  <node id="1569" version="1" lat="50.90887488619" lon="6.22508659824" />
  <node id="1570" version="1" lat="50.9089442287" lon="6.22512549028" />
  <node id="1571" version="1" lat="50.90904993354" lon="6.22518315777" />
  <node id="1572" version="1" lat="50.90914802742" lon="6.22523680195" />
  <node id="1573" version="1" lat="50.90923935602" lon="6.22528374061" />
  <node id="1574" version="1" lat="50.90942032141" lon="6.22537493571" />
  <node id="1575" version="1" lat="50.90948289806" lon="6.22540980443" />
  <node id="1576" version="1" lat="50.90954885715" lon="6.22544467315" />
  <node id="1577" version="1" lat="50.90961227926" lon="6.22547685966" />
  <node id="1578" version="1" lat="50.90968162067" lon="6.22551172838" />
  <node id="1579" version="1" lat="50.90974335135" lon="6.22554391488" />
  <node id="1580" version="1" lat="50.90980423632" lon="6.2255774425" />
  <node id="1581" version="1" lat="50.90987442306" lon="6.22561633453" />
  <node id="1582" version="1" lat="50.90993784473" lon="6.22565254435" />
  <node id="1583" version="1" lat="50.90999450134" lon="6.22568338975" />
  <node id="1584" version="1" lat="50.91006045971" lon="6.22572228178" />
  <node id="1585" version="1" lat="50.91012218988" lon="6.2257571505" />
  <node id="1586" version="1" lat="50.91019237615" lon="6.22579604253" />
  <node id="1587" version="1" lat="50.91026679038" lon="6.22584029898" />
  <node id="1588" version="1" lat="50.91034627819" lon="6.22588187322" />
  <node id="1589" version="1" lat="50.91041646412" lon="6.22591808304" />
  <node id="1590" version="1" lat="50.91050356217" lon="6.2259650217" />
  <node id="1591" version="1" lat="50.91060249859" lon="6.22601732478" />
  <node id="1592" version="1" lat="50.91072511182" lon="6.22608169779" />
  <node id="1593" version="1" lat="50.91082320216" lon="6.22613131866" />
  <node id="1594" version="1" lat="50.91094074119" lon="6.22619300947" />
  <node id="1595" version="1" lat="50.91103206627" lon="6.22624128923" />
  <node id="1596" version="1" lat="50.91115129596" lon="6.22630298004" />
  <node id="1597" version="1" lat="50.91123754704" lon="6.2263512598" />
  <node id="1598" version="1" lat="50.91133225392" lon="6.22640088066" />
  <node id="1599" version="1" lat="50.91141850467" lon="6.22644513711" />
  <node id="1600" version="1" lat="50.91149291694" lon="6.22648268804" />
  <node id="1601" version="1" lat="50.9115783218" lon="6.22652694449" />
  <node id="1602" version="1" lat="50.91164174114" lon="6.226559131" />
  <node id="1603" version="1" lat="50.91172799131" lon="6.22660472855" />
  <node id="1604" version="1" lat="50.91178971928" lon="6.22663557395" />
  <node id="1605" version="1" lat="50.91187850593" lon="6.22668251261" />
  <node id="1606" version="1" lat="50.91196137332" lon="6.22672408685" />
  <node id="1607" version="1" lat="50.91208144622" lon="6.22678845987" />
  <node id="1608" version="1" lat="50.91216262208" lon="6.22682936356" />
  <node id="1609" version="1" lat="50.91227846657" lon="6.22689038381" />
  <node id="1610" version="1" lat="50.91237909038" lon="6.22694402799" />
  <node id="1611" version="1" lat="50.91245942015" lon="6.22698292002" />
  <node id="1612" version="1" lat="50.91254820553" lon="6.22702583537" />
  <node id="1613" version="1" lat="50.9126471376" lon="6.22707143292" />
  <node id="1614" version="1" lat="50.91272408463" lon="6.22710630164" />
  <node id="1615" version="1" lat="50.91279426697" lon="6.22713982925" />
  <node id="1616" version="1" lat="50.91285345682" lon="6.22717067465" />
  <node id="1617" version="1" lat="50.91288897069" lon="6.22718945011" />
  <node id="1618" version="1" lat="50.91293209464" lon="6.22721895441" />
  <node id="1619" version="1" lat="50.91297690968" lon="6.22725516424" />
  <node id="1620" version="1" lat="50.91302257024" lon="6.22729271516" />
  <node id="1621" version="1" lat="50.91308006867" lon="6.22734770045" />
  <node id="1622" version="1" lat="50.91311811906" lon="6.2273919569" />
  <node id="1623" version="1" lat="50.91315616941" lon="6.22743755445" />
  <node id="1624" version="1" lat="50.91318660968" lon="6.22747778758" />
  <node id="1625" version="1" lat="50.91322296886" lon="6.22753545508" />
  <node id="1626" version="1" lat="50.91326778362" lon="6.2276025103" />
  <node id="1627" version="1" lat="50.91329822381" lon="6.22765615448" />
  <node id="1628" version="1" lat="50.91332697286" lon="6.22771113977" />
  <node id="1629" version="1" lat="50.91335403078" lon="6.22777283058" />
  <node id="1630" version="1" lat="50.91339038982" lon="6.227868049" />
  <node id="1631" version="1" lat="50.91341068323" lon="6.22793242201" />
  <node id="1632" version="1" lat="50.91343182219" lon="6.22799947724" />
  <node id="1633" version="1" lat="50.91345888004" lon="6.22809603676" />
  <node id="1634" version="1" lat="50.91347494564" lon="6.22816309199" />
  <node id="1635" version="1" lat="50.91349523901" lon="6.22826367483" />
  <node id="1636" version="1" lat="50.91350623125" lon="6.22831866011" />
  <node id="1637" version="1" lat="50.91351553237" lon="6.22838303313" />
  <node id="1638" version="1" lat="50.91352821572" lon="6.22847020492" />
  <node id="1639" version="1" lat="50.91353920795" lon="6.22856274113" />
  <node id="1640" version="1" lat="50.9135459724" lon="6.22865125403" />
  <node id="1641" version="1" lat="50.91355062296" lon="6.22870758042" />
  <node id="1642" version="1" lat="50.91356076964" lon="6.22888728842" />
  <node id="1643" version="1" lat="50.9135633063" lon="6.22892752156" />
  <node id="1644" version="1" lat="50.91357556686" lon="6.22900396451" />
  <node id="1645" version="1" lat="50.91358317686" lon="6.22905626759" />
  <node id="1646" version="1" lat="50.91361277129" lon="6.22891679272" />
  <node id="1647" version="1" lat="50.91360347018" lon="6.22884236142" />
  <node id="1648" version="1" lat="50.91224760229" lon="6.22689139064" />
  <node id="1649" version="1" lat="50.91224231741" lon="6.22689306702" />
  <node id="1650" version="1" lat="50.91223830091" lon="6.22689574923" />
  <node id="1651" version="1" lat="50.91223576417" lon="6.22689943727" />
  <node id="1652" version="1" lat="50.91223238185" lon="6.22690681335" />
  <node id="1653" version="1" lat="50.91222815395" lon="6.22691687163" />
  <node id="1654" version="1" lat="50.91218291561" lon="6.22724778884" />
  <node id="1655" version="1" lat="50.91214528725" lon="6.22723840109" />
  <node id="1656" version="1" lat="50.91218925746" lon="6.22690714829" />
  <node id="1657" version="1" lat="50.91219010305" lon="6.22688837282" />
  <node id="1658" version="1" lat="50.91218968026" lon="6.22687362067" />
  <node id="1659" version="1" lat="50.91197405709" lon="6.22719347343" />
  <node id="1660" version="1" lat="50.91189118972" lon="6.22717335686" />
  <node id="1661" version="1" lat="50.91176350604" lon="6.22713982925" />
  <node id="1662" version="1" lat="50.91159100567" lon="6.22709423169" />
  <node id="1663" version="1" lat="50.91135677621" lon="6.22703790531" />
  <node id="1664" version="1" lat="50.91110647916" lon="6.22696548566" />
  <node id="1665" version="1" lat="50.91087224726" lon="6.22689708933" />
  <node id="1666" version="1" lat="50.91062955809" lon="6.226828693" />
  <node id="1667" version="1" lat="50.91057205664" lon="6.22681662306" />
  <node id="1668" version="1" lat="50.91051540072" lon="6.22680052981" />
  <node id="1669" version="1" lat="50.91043929566" lon="6.2267696844" />
  <node id="1670" version="1" lat="50.91037587468" lon="6.22672676906" />
  <node id="1671" version="1" lat="50.91030737992" lon="6.22667178378" />
  <node id="1672" version="1" lat="50.91027355531" lon="6.22663959727" />
  <node id="1673" version="1" lat="50.91014417595" lon="6.22650951013" />
  <node id="1674" version="1" lat="50.91004439293" lon="6.2264102684" />
  <node id="1675" version="1" lat="50.90993530786" lon="6.22630432114" />
  <node id="1676" version="1" lat="50.90980085382" lon="6.22617155179" />
  <node id="1677" version="1" lat="50.90966301689" lon="6.22603207693" />
  <node id="1678" version="1" lat="50.90952348828" lon="6.22589394316" />
  <node id="1679" version="1" lat="50.90939156995" lon="6.22575849161" />
  <node id="1680" version="1" lat="50.90925204053" lon="6.22561767563" />
  <node id="1681" version="1" lat="50.90911335633" lon="6.22548088297" />
  <node id="1682" version="1" lat="50.90897974555" lon="6.22534543142" />
  <node id="1683" version="1" lat="50.90878609381" lon="6.22514963016" />
  <node id="1684" version="1" lat="50.90874381166" lon="6.22510537371" />
  <node id="1686" version="1" lat="50.90865607608" lon="6.22503228351" />
  <node id="1687" version="1" lat="50.90859962925" lon="6.22499305621" />
  <node id="1688" version="1" lat="50.90855142741" lon="6.22496522829" />
  <node id="1689" version="1" lat="50.90849857445" lon="6.22494209423" />
  <node id="1690" version="1" lat="50.90845481216" lon="6.22492398933" />
  <node id="1691" version="1" lat="50.90841443242" lon="6.22490856662" />
  <node id="1692" version="1" lat="50.90838208632" lon="6.22489750251" />
  <node id="1693" version="1" lat="50.90833906387" lon="6.2248807387" />
  <node id="1694" version="1" lat="50.90828610496" lon="6.22486229852" />
  <node id="1695" version="1" lat="50.90823557724" lon="6.2248415114" />
  <node id="1696" version="1" lat="50.90818272393" lon="6.2248217301" />
  <node id="1697" version="1" lat="50.90810064262" lon="6.22479004651" />
  <node id="1698" version="1" lat="50.90798970312" lon="6.22474897518" />
  <node id="1699" version="1" lat="50.90794699741" lon="6.22473254665" />
  <node id="1700" version="1" lat="50.90789562368" lon="6.22471377119" />
  <node id="1701" version="1" lat="50.90784234715" lon="6.22469365463" />
  <node id="1702" version="1" lat="50.90779329885" lon="6.22467655555" />
  <node id="1703" version="1" lat="50.9076610827" lon="6.22462823812" />
  <node id="1704" version="1" lat="50.90758991704" lon="6.22460581228" />
  <node id="1705" version="1" lat="50.90751190444" lon="6.22458502516" />
  <node id="1706" version="1" lat="50.9074425598" lon="6.22457127884" />
  <node id="1707" version="1" lat="50.90737279222" lon="6.22456155583" />
  <node id="1708" version="1" lat="50.90731570959" lon="6.22455820307" />
  <node id="1709" version="1" lat="50.90727152334" lon="6.22455753251" />
  <node id="1710" version="1" lat="50.90720112126" lon="6.22456222638" />
  <node id="1711" version="1" lat="50.90714192422" lon="6.22457161412" />
  <node id="1712" version="1" lat="50.90708568697" lon="6.22458536043" />
  <node id="1713" version="1" lat="50.9070425576" lon="6.22459977731" />
  <node id="1714" version="1" lat="50.9070061936" lon="6.22461452946" />
  <node id="1715" version="1" lat="50.90697426936" lon="6.22462693468" />
  <node id="1716" version="1" lat="50.906947842" lon="6.2246336402" />
  <node id="1717" version="1" lat="50.90691887758" lon="6.22463665769" />
  <node id="1718" version="1" lat="50.90690756593" lon="6.22463732941" />
  <node id="1719" version="1" lat="50.90689498647" lon="6.22463934107" />
  <node id="1720" version="1" lat="50.90687587595" lon="6.22464086382" />
  <node id="1721" version="1" lat="50.90797194358" lon="6.22473774461" />
  <node id="1722" version="1" lat="50.90795883588" lon="6.22472919507" />
  <node id="1723" version="1" lat="50.90793864581" lon="6.22471444292" />
  <node id="1724" version="1" lat="50.90791771577" lon="6.22469466162" />
  <node id="1725" version="1" lat="50.90790355098" lon="6.22468125058" />
  <node id="1726" version="1" lat="50.90789255743" lon="6.22467186285" />
  <node id="1727" version="1" lat="50.90787597416" lon="6.2246607109" />
  <node id="1728" version="1" lat="50.91228015773" lon="6.22728064522" />
  <node id="1729" version="1" lat="50.91238500942" lon="6.22730880842" />
  <node id="1730" version="1" lat="50.91252368387" lon="6.22735306486" />
  <node id="1731" version="1" lat="50.91255919799" lon="6.2273624526" />
  <node id="1732" version="1" lat="50.91260485896" lon="6.22737586364" />
  <node id="1733" version="1" lat="50.91265559333" lon="6.2273946391" />
  <node id="1734" version="1" lat="50.91270548206" lon="6.22741877899" />
  <node id="1735" version="1" lat="50.91275283404" lon="6.22744694218" />
  <node id="1736" version="1" lat="50.91279680368" lon="6.22747376427" />
  <node id="1737" version="1" lat="50.91283654544" lon="6.22750326857" />
  <node id="1738" version="1" lat="50.91287713273" lon="6.22753679618" />
  <node id="1739" version="1" lat="50.91292955793" lon="6.22758775815" />
  <node id="1740" version="1" lat="50.91297099071" lon="6.22763335571" />
  <node id="1741" version="1" lat="50.91300735006" lon="6.22767761216" />
  <node id="1742" version="1" lat="50.91305301059" lon="6.22774064407" />
  <node id="1743" version="1" lat="50.91308598762" lon="6.22779428825" />
  <node id="1744" version="1" lat="50.91311896462" lon="6.22784793243" />
  <node id="1745" version="1" lat="50.91314940491" lon="6.22790694103" />
  <node id="1746" version="1" lat="50.91317392624" lon="6.227957903" />
  <node id="1747" version="1" lat="50.91320098424" lon="6.22801959381" />
  <node id="1748" version="1" lat="50.91322804223" lon="6.22809201345" />
  <node id="1749" version="1" lat="50.91325256352" lon="6.22816845641" />
  <node id="1750" version="1" lat="50.91327962147" lon="6.22825428709" />
  <node id="1751" version="1" lat="50.91329991493" lon="6.22834011778" />
  <node id="1752" version="1" lat="50.9133176717" lon="6.22842326626" />
  <node id="1753" version="1" lat="50.91333204622" lon="6.22851580247" />
  <node id="1754" version="1" lat="50.91334219294" lon="6.22859895095" />
  <node id="1755" version="1" lat="50.91334642074" lon="6.22865795955" />
  <node id="1756" version="1" lat="50.91335318522" lon="6.22877061233" />
  <node id="1757" version="1" lat="50.91335487633" lon="6.22887253627" />
  <node id="1758" version="1" lat="50.91335064854" lon="6.22897714242" />
  <node id="1759" version="1" lat="50.91334050182" lon="6.22908308968" />
  <node id="1760" version="1" lat="50.91333289178" lon="6.22915416822" />
  <node id="1761" version="1" lat="50.91332020838" lon="6.22923597559" />
  <node id="1762" version="1" lat="50.91330498829" lon="6.22930571303" />
  <node id="1763" version="1" lat="50.91328638596" lon="6.22939154372" />
  <node id="1764" version="1" lat="50.91326440137" lon="6.22947066888" />
  <node id="1765" version="1" lat="50.91323734341" lon="6.22955649957" />
  <node id="1766" version="1" lat="50.91320436649" lon="6.22964367136" />
  <node id="1767" version="1" lat="50.91317899961" lon="6.22970536217" />
  <node id="1768" version="1" lat="50.91314940491" lon="6.22976973519" />
  <node id="1769" version="1" lat="50.91311938698" lon="6.2298267328" />
  <node id="1770" version="1" lat="50.91308683276" lon="6.22987702422" />
  <node id="1771" version="1" lat="50.91305892913" lon="6.22992061011" />
  <node id="1772" version="1" lat="50.91300269902" lon="6.22999906473" />
  <node id="1773" version="1" lat="50.91295746122" lon="6.23005405001" />
  <node id="1774" version="1" lat="50.91291771957" lon="6.23009763591" />
  <node id="1775" version="1" lat="50.91286275765" lon="6.23014993899" />
  <node id="1776" version="1" lat="50.91281286908" lon="6.23018748991" />
  <node id="1777" version="1" lat="50.91275283361" lon="6.2302297347" />
  <node id="1778" version="1" lat="50.912694912" lon="6.23026326232" />
  <node id="1779" version="1" lat="50.91263699031" lon="6.2302887433" />
  <node id="1780" version="1" lat="50.9125807597" lon="6.23030953042" />
  <node id="1781" version="1" lat="50.91252156951" lon="6.23032294147" />
  <node id="1782" version="1" lat="50.91245350069" lon="6.2303336703" />
  <node id="1783" version="1" lat="50.91238965967" lon="6.23033434086" />
  <node id="1784" version="1" lat="50.91230594746" lon="6.23032629423" />
  <node id="1785" version="1" lat="50.91224083786" lon="6.23031020097" />
  <node id="1786" version="1" lat="50.9122053235" lon="6.23029880159" />
  <node id="1787" version="1" lat="50.91215416585" lon="6.23027801447" />
  <node id="1788" version="1" lat="50.91208990162" lon="6.23024716906" />
  <node id="1789" version="1" lat="50.91203155639" lon="6.23020894758" />
  <node id="1790" version="1" lat="50.91198082135" lon="6.23017273776" />
  <node id="1791" version="1" lat="50.91191867084" lon="6.23012043469" />
  <node id="1792" version="1" lat="50.9118535607" lon="6.2300486856" />
  <node id="1793" version="1" lat="50.91180493943" lon="6.22998766534" />
  <node id="1794" version="1" lat="50.91176350562" lon="6.2299306684" />
  <node id="1795" version="1" lat="50.91171657543" lon="6.22985556655" />
  <node id="1796" version="1" lat="50.91168232905" lon="6.22979320519" />
  <node id="1797" version="1" lat="50.9116523106" lon="6.22973285548" />
  <node id="1798" version="1" lat="50.91162229213" lon="6.22966512971" />
  <node id="1799" version="1" lat="50.91158846848" lon="6.22957594626" />
  <node id="1800" version="1" lat="50.91156775148" lon="6.22951090269" />
  <node id="1801" version="1" lat="50.91154407489" lon="6.22943110697" />
  <node id="1802" version="1" lat="50.91152082109" lon="6.22933924131" />
  <node id="1803" version="1" lat="50.91150221805" lon="6.22924737565" />
  <node id="1804" version="1" lat="50.91148403779" lon="6.22912600569" />
  <node id="1805" version="1" lat="50.91147685024" lon="6.22905224495" />
  <node id="1806" version="1" lat="50.91147093109" lon="6.22897311978" />
  <node id="1807" version="1" lat="50.91146754871" lon="6.22890472345" />
  <node id="1808" version="1" lat="50.91146628032" lon="6.22880615227" />
  <node id="1809" version="1" lat="50.91146754871" lon="6.22874211453" />
  <node id="1810" version="1" lat="50.91147050829" lon="6.2286821001" />
  <node id="1811" version="1" lat="50.91147727304" lon="6.22860699825" />
  <node id="1812" version="1" lat="50.91148699737" lon="6.22852854364" />
  <node id="1813" version="1" lat="50.91149968127" lon="6.22844271295" />
  <node id="1814" version="1" lat="50.91151151957" lon="6.22837833993" />
  <node id="1815" version="1" lat="50.91152166669" lon="6.22832603686" />
  <node id="1816" version="1" lat="50.91152420347" lon="6.22830390863" />
  <node id="1817" version="1" lat="50.91152378067" lon="6.22828848593" />
  <node id="1818" version="1" lat="50.9115203983" lon="6.22827641599" />
  <node id="1819" version="1" lat="50.91151405635" lon="6.22826233439" />
  <node id="1820" version="1" lat="50.91150306364" lon="6.22824624114" />
  <node id="1821" version="1" lat="50.91148657457" lon="6.22822545402" />
  <node id="1822" version="1" lat="50.91144429488" lon="6.22817180984" />
  <node id="1823" version="1" lat="50.91139525038" lon="6.22810877793" />
  <node id="1824" version="1" lat="50.91132971671" lon="6.22802361779" />
  <node id="1825" version="1" lat="50.91126629694" lon="6.22794113986" />
  <node id="1826" version="1" lat="50.91121386987" lon="6.22787542574" />
  <node id="1827" version="1" lat="50.91115594634" lon="6.22780032389" />
  <node id="1828" version="1" lat="50.91109590873" lon="6.22772388093" />
  <node id="1829" version="1" lat="50.91104221306" lon="6.2276541435" />
  <node id="1830" version="1" lat="50.91100373818" lon="6.22760653429" />
  <node id="1831" version="1" lat="50.91093947236" lon="6.22752405636" />
  <node id="1832" version="1" lat="50.91089042733" lon="6.22746102445" />
  <node id="1833" version="1" lat="50.91083630863" lon="6.22738927536" />
  <node id="1834" version="1" lat="50.91076358651" lon="6.22729673915" />
  <node id="1835" version="1" lat="50.91069593793" lon="6.22721157901" />
  <node id="1836" version="1" lat="50.91062712654" lon="6.22712725706" />
  <node id="1838" version="1" lat="50.91054795632" lon="6.22703589432" />
  <node id="1839" version="1" lat="50.91047396533" lon="6.22695408694" />
  <node id="1840" version="1" lat="50.91041223563" lon="6.22688770227" />
  <node id="1841" version="1" lat="50.9103420497" lon="6.22681058876" />
  <node id="1842" version="1" lat="50.91021055649" lon="6.22668251328" />
  <node id="1843" version="1" lat="50.91014671238" lon="6.22661814027" />
  <node id="1844" version="1" lat="50.91001479581" lon="6.22648537092" />
  <node id="1845" version="1" lat="50.90991754938" lon="6.22638411753" />
  <node id="1846" version="1" lat="50.90974335092" lon="6.22621379726" />
  <node id="1847" version="1" lat="50.90949981024" lon="6.22596904568" />
  <node id="1848" version="1" lat="50.90933871752" lon="6.22580744259" />
  <node id="1849" version="1" lat="50.90920257049" lon="6.22566662662" />
  <node id="1850" version="1" lat="50.90907065124" lon="6.22553586893" />
  <node id="1851" version="1" lat="50.90879581828" lon="6.22525356643" />
  <node id="1852" version="1" lat="50.90873577763" lon="6.22519120507" />
  <node id="1853" version="1" lat="50.9086909585" lon="6.22515432469" />
  <node id="1854" version="1" lat="50.90865840119" lon="6.2251248204" />
  <node id="1855" version="1" lat="50.90863472313" lon="6.22510403328" />
  <node id="1856" version="1" lat="50.9085789105" lon="6.22506514125" />
  <node id="1857" version="1" lat="50.9085408564" lon="6.22504100136" />
  <node id="1858" version="1" lat="50.90850618486" lon="6.22502021424" />
  <node id="1859" version="1" lat="50.90847405024" lon="6.22500277989" />
  <node id="1860" version="1" lat="50.90844022429" lon="6.22498668663" />
  <node id="1861" version="1" lat="50.90841358635" lon="6.22497528724" />
  <node id="1862" version="1" lat="50.90838990816" lon="6.22496522896" />
  <node id="1863" version="1" lat="50.90836622996" lon="6.22495785289" />
  <node id="1864" version="1" lat="50.90833620937" lon="6.22494712405" />
  <node id="1866" version="1" lat="50.90823895943" lon="6.22490823202" />
  <node id="1867" version="1" lat="50.90813304134" lon="6.22486967527" />
  <node id="1868" version="1" lat="50.90807765094" lon="6.22484989397" />
  <node id="1869" version="1" lat="50.90798949128" lon="6.22481770747" />
  <node id="1870" version="1" lat="50.90791930169" lon="6.2247918912" />
  <node id="1871" version="1" lat="50.90788864657" lon="6.22477713905" />
  <node id="1872" version="1" lat="50.90777871079" lon="6.22473590008" />
  <node id="1873" version="1" lat="50.90773050809" lon="6.22471846573" />
  <node id="1874" version="1" lat="50.90770767522" lon="6.22471410714" />
  <node id="1875" version="1" lat="50.9076776542" lon="6.22471108965" />
  <node id="1876" version="1" lat="50.90764382768" lon="6.22471108966" />
  <node id="1878" version="1" lat="50.90759625909" lon="6.22471343658" />
  <node id="1879" version="1" lat="50.90757342616" lon="6.22472181849" />
  <node id="1880" version="1" lat="50.90754742197" lon="6.22473422371" />
  <node id="1881" version="1" lat="50.90752353192" lon="6.22474964641" />
  <node id="1882" version="1" lat="50.90749773911" lon="6.22476641021" />
  <node id="1883" version="1" lat="50.90747744313" lon="6.22478149764" />
  <node id="1884" version="1" lat="50.90745017038" lon="6.22480865501" />
  <node id="1885" version="1" lat="50.90743938813" lon="6.22481871329" />
  <node id="1886" version="1" lat="50.91246237924" lon="6.22734568946" />
  <node id="1887" version="1" lat="50.91242940177" lon="6.2273423367" />
  <node id="1888" version="1" lat="50.91239304198" lon="6.2273423367" />
  <node id="1889" version="1" lat="50.9123431529" lon="6.22734568946" />
  <node id="1890" version="1" lat="50.91229749167" lon="6.22735306554" />
  <node id="1891" version="1" lat="50.91226789641" lon="6.22735842995" />
  <node id="1892" version="1" lat="50.91220659187" lon="6.22737854652" />
  <node id="1893" version="1" lat="50.91216389004" lon="6.22739329867" />
  <node id="1894" version="1" lat="50.91212499328" lon="6.22740939192" />
  <node id="1895" version="1" lat="50.91208736487" lon="6.22743017904" />
  <node id="1896" version="1" lat="50.91203282477" lon="6.22746571831" />
  <node id="1897" version="1" lat="50.91196560082" lon="6.22751802139" />
  <node id="1898" version="1" lat="50.91192628111" lon="6.2275502079" />
  <node id="1899" version="1" lat="50.91186286216" lon="6.22761592202" />
  <node id="1900" version="1" lat="50.91181297252" lon="6.22767828338" />
  <node id="1901" version="1" lat="50.91177618944" lon="6.22772589259" />
  <node id="1902" version="1" lat="50.91173348722" lon="6.22779093616" />
  <node id="1903" version="1" lat="50.91172090908" lon="6.22779998862" />
  <node id="1904" version="1" lat="50.91171393297" lon="6.22780166499" />
  <node id="1905" version="1" lat="50.91170473718" lon="6.22779965334" />
  <node id="1906" version="1" lat="50.91169416731" lon="6.22779495947" />
  <node id="1907" version="1" lat="50.91167979228" lon="6.22778288953" />
  <node id="1908" version="1" lat="50.91160876267" lon="6.2277285748" />
  <node id="1909" version="1" lat="50.91155295361" lon="6.22768901221" />
  <node id="1910" version="1" lat="50.91146839431" lon="6.22762195699" />
  <node id="1911" version="1" lat="50.91140412913" lon="6.22757367723" />
  <node id="1912" version="1" lat="50.91134789703" lon="6.22753143243" />
  <node id="1913" version="1" lat="50.91125614977" lon="6.2274603539" />
  <node id="1914" version="1" lat="50.91118934751" lon="6.22741073303" />
  <node id="1915" version="1" lat="50.91113628614" lon="6.22736748241" />
  <node id="1916" version="1" lat="50.91101938182" lon="6.22728131644" />
  <node id="1917" version="1" lat="50.91094581438" lon="6.22722566061" />
  <node id="1918" version="1" lat="50.91082362454" lon="6.22713178329" />
  <node id="1919" version="1" lat="50.91075724446" lon="6.22708015077" />
  <node id="1920" version="1" lat="50.91066782146" lon="6.22700203143" />
  <node id="1921" version="1" lat="50.9107373727" lon="6.22712306611" />
  <node id="1922" version="1" lat="50.91078726349" lon="6.22716128759" />
  <node id="1923" version="1" lat="50.91082912098" lon="6.22719414465" />
  <node id="1924" version="1" lat="50.91087013283" lon="6.2272243195" />
  <node id="1925" version="1" lat="50.9109255199" lon="6.22726723485" />
  <node id="1926" version="1" lat="50.91098555772" lon="6.22731082074" />
  <node id="1927" version="1" lat="50.91105447429" lon="6.22736312382" />
  <node id="1928" version="1" lat="50.91110816994" lon="6.22740469806" />
  <node id="1929" version="1" lat="50.91116355673" lon="6.22744560175" />
  <node id="1930" version="1" lat="50.91122824504" lon="6.22749455206" />
  <node id="1931" version="1" lat="50.9112806721" lon="6.2275361263" />
  <node id="1932" version="1" lat="50.9113318307" lon="6.22757568888" />
  <node id="1933" version="1" lat="50.91138468044" lon="6.22761525147" />
  <node id="1934" version="1" lat="50.91142865138" lon="6.22764810853" />
  <node id="1935" version="1" lat="50.91147811863" lon="6.22768767111" />
  <node id="1936" version="1" lat="50.91152800863" lon="6.22772455148" />
  <node id="1937" version="1" lat="50.91158170374" lon="6.22776411407" />
  <node id="1938" version="1" lat="50.9116345532" lon="6.2278043472" />
  <node id="1939" version="1" lat="50.91168909377" lon="6.22784458034" />
  <node id="1940" version="1" lat="50.91173179604" lon="6.22787542574" />
  <node id="1941" version="1" lat="50.91178845047" lon="6.22791968219" />
  <node id="1942" version="1" lat="50.91183749455" lon="6.22795522146" />
  <node id="1943" version="1" lat="50.9119093694" lon="6.2280108773" />
  <node id="1944" version="1" lat="50.9119723655" lon="6.22806049816" />
  <node id="1945" version="1" lat="50.91203028802" lon="6.22810341351" />
  <node id="1946" version="1" lat="50.91207510393" lon="6.22813761167" />
  <node id="1947" version="1" lat="50.91212837561" lon="6.22817784481" />
  <node id="1948" version="1" lat="50.91219771327" lon="6.22823215954" />
  <node id="1949" version="1" lat="50.91228988146" lon="6.22830189697" />
  <node id="1950" version="1" lat="50.91235541378" lon="6.22835151784" />
  <node id="1951" version="1" lat="50.91241925486" lon="6.2283997976" />
  <node id="1952" version="1" lat="50.91249747062" lon="6.22845813565" />
  <node id="1953" version="1" lat="50.91257653183" lon="6.2285191559" />
  <node id="1954" version="1" lat="50.91265855241" lon="6.22858285837" />
  <node id="1955" version="1" lat="50.91275241083" lon="6.22865393691" />
  <node id="1956" version="1" lat="50.91284288678" lon="6.22872367434" />
  <node id="1957" version="1" lat="50.91292532967" lon="6.22878670625" />
  <node id="1958" version="1" lat="50.91300777242" lon="6.22884772651" />
  <node id="1959" version="1" lat="50.9130952884" lon="6.22891478173" />
  <node id="1960" version="1" lat="50.91317392581" lon="6.22897379033" />
  <node id="1961" version="1" lat="50.91322339121" lon="6.22901335292" />
  <node id="1962" version="1" lat="50.91333834907" lon="6.22910319657" />
  <node id="1963" version="1" lat="50.91071834632" lon="6.2271743637" />
  <node id="1964" version="1" lat="50.91076760293" lon="6.22723773088" />
  <node id="1965" version="1" lat="50.91081220866" lon="6.22729405727" />
  <node id="1966" version="1" lat="50.91084856969" lon="6.22734066065" />
  <node id="1967" version="1" lat="50.91089909457" lon="6.22740402784" />
  <node id="1968" version="1" lat="50.91092573109" lon="6.22743990239" />
  <node id="1969" version="1" lat="50.91097879269" lon="6.22750762817" />
  <node id="1970" version="1" lat="50.91106335289" lon="6.22761491653" />
  <node id="1971" version="1" lat="50.91114516473" lon="6.22771985795" />
  <node id="1972" version="1" lat="50.91120076288" lon="6.22779160704" />
  <node id="1973" version="1" lat="50.91125107618" lon="6.22785665028" />
  <node id="1974" version="1" lat="50.9113474755" lon="6.22797935933" />
  <node id="1975" version="1" lat="50.91143118859" lon="6.22808530793" />
  <node id="1976" version="1" lat="50.91149376211" lon="6.22816778652" />
  <node id="1977" version="1" lat="50.91155506759" lon="6.22824557059" />
  <node id="1978" version="1" lat="50.91160368912" lon="6.22831061415" />
  <node id="1979" version="1" lat="50.91164850544" lon="6.22836962275" />
  <node id="1980" version="1" lat="50.9116954357" lon="6.22842729025" />
  <node id="1981" version="1" lat="50.91173898355" lon="6.22848294608" />
  <node id="1982" version="1" lat="50.91178126297" lon="6.22853860192" />
  <node id="1983" version="1" lat="50.91182988427" lon="6.22860029273" />
  <node id="1984" version="1" lat="50.91187470037" lon="6.22865930133" />
  <node id="1985" version="1" lat="50.91191782526" lon="6.22871428661" />
  <node id="1986" version="1" lat="50.91197025154" lon="6.22878067128" />
  <node id="1987" version="1" lat="50.91200914842" lon="6.22883163325" />
  <node id="1988" version="1" lat="50.91207679509" lon="6.22891746394" />
  <node id="1989" version="1" lat="50.91213387189" lon="6.2289925658" />
  <node id="1990" version="1" lat="50.91218925746" lon="6.22906230323" />
  <node id="1991" version="1" lat="50.91224844808" lon="6.22914344005" />
  <node id="1992" version="1" lat="50.91233089202" lon="6.22924603455" />
  <node id="1993" version="1" lat="50.91239431034" lon="6.22932851247" />
  <node id="1994" version="1" lat="50.91244673609" lon="6.22939489715" />
  <node id="1995" version="1" lat="50.9125050808" lon="6.22947335176" />
  <node id="1996" version="1" lat="50.91257019003" lon="6.229559853" />
  <node id="1997" version="1" lat="50.91262219279" lon="6.22962556712" />
  <node id="1998" version="1" lat="50.91267250435" lon="6.22968994014" />
  <node id="1999" version="1" lat="50.91271689685" lon="6.22974827819" />
  <node id="2000" version="1" lat="50.91277270452" lon="6.22982069783" />
  <node id="2001" version="1" lat="50.91281582857" lon="6.22987635367" />
  <node id="2002" version="1" lat="50.91287755509" lon="6.22995145552" />
  <node id="2003" version="1" lat="50.91291645122" lon="6.22999705307" />
  <node id="2004" version="1" lat="50.91294815999" lon="6.23003862731" />
  <node id="2005" version="1" lat="50.91324833571" lon="6.22909515962" />
  <node id="2006" version="1" lat="50.91316377948" lon="6.22902810439" />
  <node id="2007" version="1" lat="50.91306992189" lon="6.22895568475" />
  <node id="2008" version="1" lat="50.91297606411" lon="6.22888460621" />
  <node id="2009" version="1" lat="50.91287966944" lon="6.22881218657" />
  <node id="2010" version="1" lat="50.91278242899" lon="6.22873842582" />
  <node id="2011" version="1" lat="50.91268772506" lon="6.22866466507" />
  <node id="2012" version="1" lat="50.91259302094" lon="6.22859090433" />
  <node id="2013" version="1" lat="50.91249577989" lon="6.22851982579" />
  <node id="2014" version="1" lat="50.9123968475" lon="6.22844338283" />
  <node id="2015" version="1" lat="50.91230383394" lon="6.22837230429" />
  <node id="2016" version="1" lat="50.91220659229" lon="6.22829854354" />
  <node id="2017" version="1" lat="50.91211273277" lon="6.2282261239" />
  <node id="2018" version="1" lat="50.91201379955" lon="6.22815102205" />
  <node id="2019" version="1" lat="50.91191571172" lon="6.2280772613" />
  <node id="2020" version="1" lat="50.91181931485" lon="6.22800081834" />
  <node id="2021" version="1" lat="50.91172291778" lon="6.2279297398" />
  <node id="2022" version="1" lat="50.91162905728" lon="6.22786000237" />
  <node id="2023" version="1" lat="50.911534351" lon="6.22778892383" />
  <node id="2024" version="1" lat="50.91143710775" lon="6.22771516308" />
  <node id="2025" version="1" lat="50.91134155548" lon="6.22764274344" />
  <node id="2026" version="1" lat="50.91124262063" lon="6.22756630048" />
  <node id="2027" version="1" lat="50.91114537676" lon="6.22749253973" />
  <node id="2028" version="1" lat="50.9110506695" lon="6.22742012009" />
  <node id="2029" version="1" lat="50.91095596205" lon="6.22734770045" />
  <node id="2030" version="1" lat="50.91084391907" lon="6.22726522319" />
  <node id="2031" version="1" lat="50.91298553089" lon="6.23001993212" />
  <node id="2032" version="1" lat="50.9129304035" lon="6.22994541988" />
  <node id="2033" version="1" lat="50.91285768466" lon="6.22985824808" />
  <node id="2034" version="1" lat="50.91277312772" lon="6.22975230083" />
  <node id="2035" version="1" lat="50.91268941621" lon="6.22964098915" />
  <node id="2036" version="1" lat="50.91260824126" lon="6.229536383" />
  <node id="2037" version="1" lat="50.91252622059" lon="6.22943311796" />
  <node id="2038" version="1" lat="50.91243912632" lon="6.22931644186" />
  <node id="2039" version="1" lat="50.91235710536" lon="6.22921049461" />
  <node id="2040" version="1" lat="50.9122691652" lon="6.22909784183" />
  <node id="2041" version="1" lat="50.91219137184" lon="6.22899323568" />
  <node id="2042" version="1" lat="50.91210512253" lon="6.228881924" />
  <node id="2043" version="1" lat="50.91202310098" lon="6.22877865896" />
  <node id="2044" version="1" lat="50.91193938811" lon="6.2286713706" />
  <node id="2045" version="1" lat="50.91185482951" lon="6.22856274113" />
  <node id="2046" version="1" lat="50.91177449869" lon="6.22845813498" />
  <node id="2047" version="1" lat="50.91169078538" lon="6.22835084662" />
  <node id="2048" version="1" lat="50.91160538073" lon="6.22824221715" />
  <node id="2049" version="1" lat="50.91152082152" lon="6.22813492879" />
  <node id="2050" version="1" lat="50.91144049012" lon="6.22803032264" />
  <node id="2051" version="1" lat="50.91135254823" lon="6.22791498765" />
  <node id="2052" version="1" lat="50.91127221655" lon="6.22781440482" />
  <node id="2053" version="1" lat="50.91119103913" lon="6.22770845756" />
  <node id="2054" version="1" lat="50.91110225116" lon="6.22759312257" />
  <node id="2055" version="1" lat="50.91102022784" lon="6.22749119863" />
  <node id="2056" version="1" lat="50.91093820438" lon="6.22738659248" />
  <node id="2057" version="1" lat="50.91138975444" lon="6.22904017434" />
  <node id="2058" version="1" lat="50.91124092943" lon="6.22870623931" />
  <node id="2059" version="1" lat="50.9110515151" lon="6.22827574477" />
  <node id="2060" version="1" lat="50.91094074119" lon="6.22802361712" />
  <node id="2061" version="1" lat="50.91084265109" lon="6.22780501708" />
  <node id="2062" version="1" lat="50.91062279322" lon="6.22731551394" />
  <node id="2063" version="1" lat="50.91151405677" lon="6.2294156836" />
  <node id="2064" version="1" lat="50.91142104145" lon="6.2292091535" />
  <node id="2065" version="1" lat="50.91127052535" lon="6.22886448964" />
  <node id="2066" version="1" lat="50.91110901596" lon="6.22849970922" />
  <node id="2067" version="1" lat="50.91090776264" lon="6.22804507479" />
  <node id="2068" version="1" lat="50.91081559171" lon="6.22783586249" />
  <node id="2069" version="1" lat="50.91061010908" lon="6.22738256916" />
  <node id="2070" version="1" lat="50.9105948881" lon="6.22734904155" />
  <node id="2071" version="1" lat="50.9105771303" lon="6.22731283173" />
  <node id="2072" version="1" lat="50.91056190931" lon="6.22728332743" />
  <node id="2073" version="1" lat="50.91054499711" lon="6.22725114092" />
  <node id="2074" version="1" lat="50.91053231294" lon="6.22723370656" />
  <node id="2075" version="1" lat="50.91048918677" lon="6.22717738017" />
  <node id="2076" version="1" lat="50.91046889209" lon="6.22715659305" />
  <node id="2077" version="1" lat="50.91037037776" lon="6.22705802254" />
  <node id="2078" version="1" lat="50.91032556021" lon="6.22701242499" />
  <node id="2079" version="1" lat="50.91026213907" lon="6.22694805197" />
  <node id="2080" version="1" lat="50.91019279853" lon="6.22687764399" />
  <node id="2081" version="1" lat="50.91012092103" lon="6.2268058949" />
  <node id="2082" version="1" lat="50.91004608375" lon="6.22673012249" />
  <node id="2083" version="1" lat="50.90995602517" lon="6.22663959794" />
  <node id="2084" version="1" lat="50.90988583855" lon="6.2265698605" />
  <node id="2085" version="1" lat="50.90979408841" lon="6.22647397153" />
  <node id="2086" version="1" lat="50.9097158681" lon="6.22639484636" />
  <node id="2087" version="1" lat="50.90961862104" lon="6.22629761629" />
  <node id="2088" version="1" lat="50.9095480111" lon="6.22622787885" />
  <node id="2089" version="1" lat="50.90947359571" lon="6.22615411811" />
  <node id="2090" version="1" lat="50.90940552244" lon="6.22608773343" />
  <node id="2091" version="1" lat="50.90931038882" lon="6.22599385612" />
  <node id="2092" version="1" lat="50.90922667108" lon="6.22590802543" />
  <node id="2093" version="1" lat="50.90912181227" lon="6.22580408983" />
  <node id="2094" version="1" lat="50.90904105392" lon="6.22572228245" />
  <node id="2095" version="1" lat="50.90897678539" lon="6.22565656833" />
  <node id="2096" version="1" lat="50.90892477856" lon="6.22560426526" />
  <node id="2097" version="1" lat="50.90885374474" lon="6.22553251617" />
  <node id="2098" version="1" lat="50.90871844193" lon="6.22539907627" />
  <node id="2099" version="1" lat="50.90865924683" lon="6.22534442626" />
  <node id="2100" version="1" lat="50.90872298695" lon="6.2251851706" />
  <node id="2101" version="1" lat="50.9087142134" lon="6.22518198548" />
  <node id="2102" version="1" lat="50.90870332573" lon="6.22518265604" />
  <node id="2103" version="1" lat="50.90869656058" lon="6.22518567352" />
  <node id="2104" version="1" lat="50.90869042965" lon="6.22519103794" />
  <node id="2105" version="1" lat="50.9086856729" lon="6.22519807873" />
  <node id="2106" version="1" lat="50.90868091616" lon="6.22520528717" />
  <node id="2107" version="1" lat="50.90867647652" lon="6.22521836294" />
  <node id="2108" version="1" lat="50.90867193119" lon="6.22523479147" />
  <node id="2109" version="1" lat="50.90866823149" lon="6.22524920834" />
  <node id="2110" version="1" lat="50.90866400326" lon="6.22527586279" />
  <node id="2111" version="1" lat="50.90866104351" lon="6.22530251725" />
  <node id="2112" version="1" lat="50.90865966965" lon="6.2254071229" />
  <node id="2113" version="1" lat="50.90866262941" lon="6.22548088364" />
  <node id="2114" version="1" lat="50.9086643207" lon="6.22556269102" />
  <node id="2115" version="1" lat="50.90866516634" lon="6.22558481924" />
  <node id="2116" version="1" lat="50.90866650926" lon="6.22526109619" />
  <node id="2117" version="1" lat="50.90871590479" lon="6.22530117597" />
  <node id="2118" version="1" lat="50.90888545628" lon="6.22547350757" />
  <node id="2119" version="1" lat="50.90902244967" lon="6.22561063584" />
  <node id="2120" version="1" lat="50.90906578861" lon="6.22565422174" />
  <node id="2121" version="1" lat="50.90909200337" lon="6.22567970272" />
  <node id="2122" version="1" lat="50.90916578577" lon="6.22575312719" />
  <node id="2123" version="1" lat="50.90927064448" lon="6.22585907444" />
  <node id="2124" version="1" lat="50.90936958352" lon="6.22595563397" />
  <node id="2125" version="1" lat="50.9094473816" lon="6.22603744134" />
  <node id="2126" version="1" lat="50.90954124649" lon="6.22612863645" />
  <node id="2127" version="1" lat="50.90962750055" lon="6.22621312603" />
  <node id="2128" version="1" lat="50.90969937882" lon="6.22628554568" />
  <node id="2129" version="1" lat="50.90979916257" lon="6.22638478741" />
  <node id="2130" version="1" lat="50.90987104057" lon="6.22645988926" />
  <node id="2131" version="1" lat="50.90993530786" lon="6.22652426228" />
  <node id="2132" version="1" lat="50.91004270169" lon="6.22663020954" />
  <node id="2133" version="1" lat="50.9101323373" lon="6.22671872243" />
  <node id="2134" version="1" lat="50.91021267095" lon="6.22680321202" />
  <node id="2135" version="1" lat="50.91028454831" lon="6.22687831387" />
  <node id="2136" version="1" lat="50.91037164661" lon="6.22696280345" />
  <node id="2137" version="1" lat="50.9104283027" lon="6.22702047095" />
  <node id="2138" version="1" lat="50.91046635525" lon="6.22705802187" />
  <node id="2139" version="1" lat="50.9105137095" lon="6.22710764274" />
  <node id="2140" version="1" lat="50.91057290225" lon="6.22716665134" />
  <node id="2141" version="1" lat="50.91063547735" lon="6.22723102435" />
  <node id="2142" version="1" lat="50.9107115821" lon="6.22730612621" />
  <node id="2143" version="1" lat="50.91083926867" lon="6.22742816672" />
  <node id="2144" version="1" lat="50.9106908647" lon="6.22738458082" />
  <node id="2145" version="1" lat="50.91078345869" lon="6.22747242317" />
  <node id="2146" version="1" lat="50.9109707601" lon="6.22766420111" />
  <node id="2148" version="1" lat="50.91110986156" lon="6.22779831156" />
  <node id="2149" version="1" lat="50.91130880483" lon="6.22799776951" />
  <node id="2150" version="1" lat="50.91064266503" lon="6.22697923198" />
  <node id="2151" version="1" lat="50.91061898734" lon="6.22695878115" />
  <node id="2152" version="1" lat="50.91060841722" lon="6.22694302316" />
  <node id="2153" version="1" lat="50.9106065146" lon="6.22692793574" />
  <node id="2154" version="1" lat="50.91060841722" lon="6.22691955384" />
  <node id="2155" version="1" lat="50.91061137686" lon="6.22691050138" />
  <node id="2156" version="1" lat="50.91061602771" lon="6.2269017842" />
  <node id="2157" version="1" lat="50.91062004435" lon="6.22689709034" />
  <node id="2158" version="1" lat="50.91063463111" lon="6.22689524632" />
  <node id="2160" version="1" lat="50.91065217749" lon="6.22689843144" />
  <node id="2161" version="1" lat="50.91071707812" lon="6.22691452436" />
  <node id="2162" version="1" lat="50.91081220887" lon="6.22693866424" />
  <node id="2163" version="1" lat="50.91089042733" lon="6.22696146302" />
  <node id="2164" version="1" lat="50.91097456489" lon="6.22698493235" />
  <node id="2165" version="1" lat="50.91104601827" lon="6.22700437836" />
  <node id="2166" version="1" lat="50.91115087274" lon="6.22702985935" />
  <node id="2167" version="1" lat="50.91128363169" lon="6.22706808083" />
  <node id="2168" version="1" lat="50.91138425764" lon="6.22709691457" />
  <node id="2169" version="1" lat="50.91147727304" lon="6.22712172501" />
  <node id="2170" version="1" lat="50.9115859317" lon="6.2271498882" />
  <node id="2171" version="1" lat="50.91169585849" lon="6.2271793925" />
  <node id="2172" version="1" lat="50.91182481074" lon="6.22721292011" />
  <node id="2173" version="1" lat="50.91188188785" lon="6.22723035447" />
  <node id="2174" version="1" lat="50.91196898316" lon="6.22725449435" />
  <node id="2175" version="1" lat="50.91207510393" lon="6.22728399865" />
  <node id="2176" version="1" lat="50.91211082979" lon="6.22729506277" />
  <node id="2178" version="1" lat="50.91210998399" lon="6.22731015053" />
  <node id="2179" version="1" lat="50.91210554469" lon="6.22731819715" />
  <node id="2180" version="1" lat="50.91209962561" lon="6.22732356157" />
  <node id="2181" version="1" lat="50.91204867924" lon="6.22735876556" />
  <node id="2182" version="1" lat="50.91196708039" lon="6.22742112692" />
  <node id="2183" version="1" lat="50.91186962664" lon="6.22749187019" />
  <node id="2184" version="1" lat="50.91182481053" lon="6.2275253978" />
  <node id="2185" version="1" lat="50.91178506791" lon="6.22755557265" />
  <node id="2186" version="1" lat="50.9117413087" lon="6.22758910026" />
  <node id="2187" version="1" lat="50.91171424985" lon="6.22760955211" />
  <node id="2188" version="1" lat="50.91169818365" lon="6.22761927512" />
  <node id="2189" version="1" lat="50.91167556433" lon="6.22761994533" />
  <node id="2190" version="1" lat="50.91163328481" lon="6.22761860423" />
  <node id="2191" version="1" lat="50.91155802759" lon="6.22762262687" />
  <node id="2192" version="1" lat="50.91144640928" lon="6.22754752502" />
  <node id="2193" version="1" lat="50.9113381731" lon="6.22747376427" />
  <node id="2194" version="1" lat="50.91121302469" lon="6.22739061579" />
  <node id="2196" version="1" lat="50.90904292382" lon="6.22944527749" />
  <node id="2197" version="1" lat="50.90902118143" lon="6.2294109904" />
  <node id="2198" version="1" lat="50.90900849685" lon="6.229380145" />
  <node id="2199" version="1" lat="50.90899906028" lon="6.22935375858" />
  <node id="2200" version="1" lat="50.90898553794" lon="6.22927232725" />
  <node id="2203" version="1" lat="50.90898746158" lon="6.22925039314" />
  <node id="2204" version="1" lat="50.90898946998" lon="6.22923731737" />
  <node id="2205" version="1" lat="50.90899278342" lon="6.22922025536" />
  <node id="2208" version="1" lat="50.90904609422" lon="6.22907664596" />
  <node id="2210" version="1" lat="50.90911263022" lon="6.22892877146" />
  <node id="2211" version="1" lat="50.90912147382" lon="6.22891573439" />
  <node id="2212" version="1" lat="50.90912947179" lon="6.22890744759" />
  <node id="2213" version="1" lat="50.90913820868" lon="6.22890374183" />
  <node id="2215" version="1" lat="50.909157329" lon="6.22890606456" />
  <node id="2216" version="1" lat="50.90916578535" lon="6.22890941731" />
  <node id="2217" version="1" lat="50.90925288574" lon="6.228995248" />
  <node id="2218" version="1" lat="50.90928671109" lon="6.22903212838" />
  <node id="2219" version="1" lat="50.90935732143" lon="6.22910320692" />
  <node id="2220" version="1" lat="50.90938480447" lon="6.22913204066" />
  <node id="2221" version="1" lat="50.90940805934" lon="6.22915752165" />
  <node id="2222" version="1" lat="50.90942095521" lon="6.22917344726" />
  <node id="2223" version="1" lat="50.90942909441" lon="6.22918467901" />
  <node id="2224" version="1" lat="50.9094507637" lon="6.22921803899" />
  <node id="2225" version="1" lat="50.90946027704" lon="6.22923631154" />
  <node id="2226" version="1" lat="50.90947148163" lon="6.22926011614" />
  <node id="2227" version="1" lat="50.9094900855" lon="6.22929967872" />
  <node id="2228" version="1" lat="50.90950530683" lon="6.22933320634" />
  <node id="2229" version="1" lat="50.90952729319" lon="6.2293942266" />
  <node id="2230" version="1" lat="50.90880297345" lon="6.22923718859" />
  <node id="2231" version="1" lat="50.90882381101" lon="6.22924514659" />
  <node id="2232" version="1" lat="50.90883951526" lon="6.22924428454" />
  <node id="2233" version="1" lat="50.90885585863" lon="6.22924067046" />
  <node id="2234" version="1" lat="50.9089153706" lon="6.22920630467" />
  <node id="2236" version="1" lat="50.90892890085" lon="6.22918870267" />
  <node id="2238" version="1" lat="50.90894073981" lon="6.22917143595" />
  <node id="2239" version="1" lat="50.90896388918" lon="6.22912030634" />
  <node id="2244" version="1" lat="50.90903682552" lon="6.228935653" />
  <node id="2245" version="1" lat="50.90905056714" lon="6.22890237685" />
  <node id="2246" version="1" lat="50.90906029197" lon="6.22887890753" />
  <node id="2247" version="1" lat="50.90906494297" lon="6.22885962914" />
  <node id="2248" version="1" lat="50.90906589432" lon="6.22884169187" />
  <node id="2249" version="1" lat="50.90906515438" lon="6.22882978957" />
  <node id="2250" version="1" lat="50.90906409734" lon="6.22882023421" />
  <node id="2251" version="1" lat="50.90906113761" lon="6.22881017592" />
  <node id="2252" version="1" lat="50.90905933057" lon="6.2288029431" />
  <node id="2254" version="1" lat="50.90893295219" lon="6.2286707075" />
  <node id="2257" version="1" lat="50.90873713938" lon="6.22846912919" />
  <node id="2259" version="1" lat="50.90858196356" lon="6.22830987303" />
  <node id="2261" version="1" lat="50.90847996957" lon="6.22820399669" />
  <node id="2263" version="1" lat="50.90841497252" lon="6.22819058887" />
  <node id="2264" version="1" lat="50.90839644346" lon="6.2281945735" />
  <node id="2265" version="1" lat="50.90838081721" lon="6.22820329068" />
  <node id="2266" version="1" lat="50.90835845424" lon="6.22821822981" />
  <node id="2267" version="1" lat="50.90834741403" lon="6.22823115405" />
  <node id="2268" version="1" lat="50.90833395477" lon="6.22824244708" />
  <node id="2269" version="1" lat="50.90831826552" lon="6.22826654503" />
  <node id="2272" version="1" lat="50.90824818015" lon="6.22843229704" />
  <node id="2273" version="1" lat="50.90823454599" lon="6.22846592148" />
  <node id="2274" version="1" lat="50.90819346067" lon="6.22856192653" />
  <node id="2275" version="1" lat="50.90810805165" lon="6.22847278501" />
  <node id="2276" version="1" lat="50.90809331771" lon="6.22845720754" />
  <node id="2277" version="1" lat="50.9080785899" lon="6.22844225068" />
  <node id="2278" version="1" lat="50.90806686862" lon="6.22843044187" />
  <node id="2279" version="1" lat="50.90805016692" lon="6.22841689702" />
  <node id="2280" version="1" lat="50.90802712279" lon="6.22839376297" />
  <node id="2281" version="1" lat="50.90799942754" lon="6.22836425867" />
  <node id="2282" version="1" lat="50.90796771539" lon="6.22833207216" />
  <node id="2283" version="1" lat="50.90794805385" lon="6.22831262615" />
  <node id="2284" version="1" lat="50.90789921709" lon="6.2282613289" />
  <node id="2285" version="1" lat="50.90786792771" lon="6.22822880711" />
  <node id="2286" version="1" lat="50.90782733605" lon="6.22818622705" />
  <node id="2287" version="1" lat="50.90778399595" lon="6.2281419706" />
  <node id="2288" version="1" lat="50.90771782295" lon="6.22807323899" />
  <node id="2289" version="1" lat="50.90767744258" lon="6.22803132948" />
  <node id="2290" version="1" lat="50.90757110037" lon="6.22792236473" />
  <node id="2291" version="1" lat="50.90754319364" lon="6.22798271411" />
  <node id="2292" version="1" lat="50.90756031835" lon="6.22801557116" />
  <node id="2293" version="1" lat="50.90759203078" lon="6.22807659142" />
  <node id="2294" version="1" lat="50.90760978972" lon="6.22810810737" />
  <node id="2295" version="1" lat="50.90764065644" lon="6.22815705769" />
  <node id="2296" version="1" lat="50.90766433501" lon="6.22819125585" />
  <node id="2297" version="1" lat="50.90769985284" lon="6.22824020617" />
  <node id="2298" version="1" lat="50.9077252227" lon="6.22827239268" />
  <node id="2299" version="1" lat="50.90775143821" lon="6.22830390863" />
  <node id="2303" version="1" lat="50.90747226342" lon="6.22795019231" />
  <node id="2304" version="1" lat="50.90744181942" lon="6.22786637329" />
  <node id="2305" version="1" lat="50.9074226862" lon="6.22780769996" />
  <node id="2306" version="1" lat="50.90741296102" lon="6.22777819566" />
  <node id="2307" version="1" lat="50.90739647051" lon="6.22773561559" />
  <node id="2308" version="1" lat="50.90737744297" lon="6.2276836478" />
  <node id="2309" version="1" lat="50.90731888042" lon="6.22759781711" />
  <node id="2310" version="1" lat="50.9072448843" lon="6.22758440606" />
  <node id="2311" version="1" lat="50.90719118419" lon="6.22752673857" />
  <node id="2312" version="1" lat="50.90712945013" lon="6.22746437721" />
  <node id="2313" version="1" lat="50.907111691" lon="6.2274462723" />
  <node id="2314" version="1" lat="50.90685629706" lon="6.22718341582" />
  <node id="2315" version="1" lat="50.90678251163" lon="6.22710697286" />
  <node id="2316" version="1" lat="50.90674847304" lon="6.22707210414" />
  <node id="2317" version="1" lat="50.90669308099" lon="6.22701577775" />
  <node id="2318" version="1" lat="50.90664149445" lon="6.22696280412" />
  <node id="2319" version="1" lat="50.90659709615" lon="6.22691787712" />
  <node id="2320" version="1" lat="50.90657764545" lon="6.22689709" />
  <node id="2321" version="1" lat="50.90655692622" lon="6.22687227957" />
  <node id="2322" version="1" lat="50.90653789835" lon="6.22685015135" />
  <node id="2323" version="1" lat="50.90651591057" lon="6.2268226587" />
  <node id="2324" version="1" lat="50.90649392279" lon="6.22678577833" />
  <node id="2325" version="1" lat="50.90647870047" lon="6.22675493293" />
  <node id="2326" version="1" lat="50.90645755835" lon="6.22670598261" />
  <node id="2327" version="1" lat="50.90644445024" lon="6.22666843168" />
  <node id="2328" version="1" lat="50.9064351477" lon="6.22663691573" />
  <node id="2329" version="1" lat="50.90642457663" lon="6.22659601204" />
  <node id="2330" version="1" lat="50.90641781115" lon="6.22655510835" />
  <node id="2331" version="1" lat="50.90641104566" lon="6.22649945252" />
  <node id="2332" version="1" lat="50.90640850861" lon="6.22645720772" />
  <node id="2333" version="1" lat="50.90640681724" lon="6.22641496293" />
  <node id="2334" version="1" lat="50.90640808576" lon="6.22636936538" />
  <node id="2335" version="1" lat="50.90641125708" lon="6.22632577948" />
  <node id="2336" version="1" lat="50.90641654263" lon="6.22628353469" />
  <node id="2337" version="1" lat="50.90642436521" lon="6.22623726658" />
  <node id="2338" version="1" lat="50.90645021147" lon="6.22614707731" />
  <node id="2339" version="1" lat="50.90648863726" lon="6.22605252944" />
  <node id="2340" version="1" lat="50.90651992758" lon="6.22597742759" />
  <node id="2341" version="1" lat="50.90655428346" lon="6.225892938" />
  <node id="2342" version="1" lat="50.90658293097" lon="6.22582470931" />
  <node id="2343" version="1" lat="50.90661887246" lon="6.22573636405" />
  <node id="2345" version="1" lat="50.9066596766" lon="6.2256374576" />
  <node id="2346" version="1" lat="50.90668504703" lon="6.22557409041" />
  <node id="2347" version="1" lat="50.90670830324" lon="6.22551776402" />
  <node id="2348" version="1" lat="50.90674424464" lon="6.2254295864" />
  <node id="2349" version="1" lat="50.90676538663" lon="6.22537627749" />
  <node id="2350" version="1" lat="50.90678399157" lon="6.22532799773" />
  <node id="2351" version="1" lat="50.90680640205" lon="6.22527569465" />
  <node id="2352" version="1" lat="50.90683684647" lon="6.22521132164" />
  <node id="2353" version="1" lat="50.90685841125" lon="6.22516840629" />
  <node id="2354" version="1" lat="50.9068808217" lon="6.22512683205" />
  <node id="2355" version="1" lat="50.90690576917" lon="6.22508525781" />
  <node id="2356" version="1" lat="50.90694382461" lon="6.22502624922" />
  <node id="2357" version="1" lat="50.90697553745" lon="6.22498132221" />
  <node id="2358" version="1" lat="50.90700133055" lon="6.22494511239" />
  <node id="2359" version="1" lat="50.9070347347" lon="6.22490689091" />
  <node id="2360" version="1" lat="50.90706348762" lon="6.22487604551" />
  <node id="2361" version="1" lat="50.90709160627" lon="6.22485056452" />
  <node id="2363" version="1" lat="50.90717067666" lon="6.22478149764" />
  <node id="2364" version="1" lat="50.90720238933" lon="6.22475735776" />
  <node id="2365" version="1" lat="50.90722585671" lon="6.22474159979" />
  <node id="2366" version="1" lat="50.90725482093" lon="6.22472483598" />
  <node id="2367" version="1" lat="50.90728759065" lon="6.22470606051" />
  <node id="2368" version="1" lat="50.90730915522" lon="6.22469566696" />
  <node id="2369" version="1" lat="50.90733811939" lon="6.22468225591" />
  <node id="2370" version="1" lat="50.90737617447" lon="6.22466783903" />
  <node id="2371" version="1" lat="50.90740661852" lon="6.22465744548" />
  <node id="2372" version="1" lat="50.90742966295" lon="6.22465107523" />
  <node id="2373" version="1" lat="50.90745249596" lon="6.22464671663" />
  <node id="2374" version="1" lat="50.90748040296" lon="6.22463900529" />
  <node id="2375" version="1" lat="50.9075091556" lon="6.22463397615" />
  <node id="2376" version="1" lat="50.90752818308" lon="6.22463129394" />
  <node id="2377" version="1" lat="50.9075518617" lon="6.22463196449" />
  <node id="2378" version="1" lat="50.90757828873" lon="6.22463297031" />
  <node id="2379" version="1" lat="50.907600276" lon="6.22463297032" />
  <node id="2380" version="1" lat="50.90761782353" lon="6.22463297032" />
  <node id="2381" version="1" lat="50.90762628016" lon="6.22463229976" />
  <node id="2383" version="1" lat="50.90962031209" lon="6.22882828083" />
  <node id="2427" version="1" lat="50.90940192851" lon="6.22781675242" />
  <node id="2428" version="1" lat="50.90941651565" lon="6.22784458034" />
  <node id="2429" version="1" lat="50.90943850205" lon="6.22788749568" />
  <node id="2430" version="1" lat="50.90945964281" lon="6.22793443434" />
  <node id="2431" version="1" lat="50.90947951512" lon="6.22798003189" />
  <node id="2432" version="1" lat="50.90950023305" lon="6.22803769939" />
  <node id="2433" version="1" lat="50.90952729319" lon="6.228116154" />
  <node id="2434" version="1" lat="50.90954378296" lon="6.22817046873" />
  <node id="2435" version="1" lat="50.90956111834" lon="6.22823685341" />
  <node id="2436" version="1" lat="50.90958183624" lon="6.2283226841" />
  <node id="2437" version="1" lat="50.90958902407" lon="6.22837163441" />
  <node id="2438" version="1" lat="50.90959832598" lon="6.22843399577" />
  <node id="2439" version="1" lat="50.90960762789" lon="6.22851177983" />
  <node id="2440" version="1" lat="50.90961354728" lon="6.22857347064" />
  <node id="2441" version="1" lat="50.90961819823" lon="6.22863784365" />
  <node id="2442" version="1" lat="50.90962073511" lon="6.22869819336" />
  <node id="2443" version="1" lat="50.90962158074" lon="6.2287411087" />
  <node id="2444" version="1" lat="50.90891589934" lon="6.22581683032" />
  <node id="2445" version="1" lat="50.90893154368" lon="6.22583091192" />
  <node id="2446" version="1" lat="50.90894845648" lon="6.22584767573" />
  <node id="2447" version="1" lat="50.90896875182" lon="6.22586846285" />
  <node id="2448" version="1" lat="50.90898862434" lon="6.22589059107" />
  <node id="2449" version="1" lat="50.90900342302" lon="6.22590869598" />
  <node id="2450" version="1" lat="50.90901526196" lon="6.22592478923" />
  <node id="2451" version="1" lat="50.9090249868" lon="6.22593887083" />
  <node id="2452" version="1" lat="50.90903640291" lon="6.22595831685" />
  <node id="2453" version="1" lat="50.90904739621" lon="6.22597642176" />
  <node id="2454" version="1" lat="50.90905881231" lon="6.22599989109" />
  <node id="2455" version="1" lat="50.90907022842" lon="6.22602537207" />
  <node id="2456" version="1" lat="50.90907783916" lon="6.22604548864" />
  <node id="2457" version="1" lat="50.90908502707" lon="6.2260642641" />
  <node id="2458" version="1" lat="50.90909221499" lon="6.22608706288" />
  <node id="2459" version="1" lat="50.9090994029" lon="6.22611522608" />
  <node id="2460" version="1" lat="50.909106168" lon="6.22614338927" />
  <node id="2461" version="1" lat="50.90911251027" lon="6.22617825799" />
  <node id="2462" version="1" lat="50.90911673845" lon="6.22621111505" />
  <node id="2463" version="1" lat="50.90912054382" lon="6.22624866597" />
  <node id="2464" version="1" lat="50.90912434918" lon="6.22629091077" />
  <node id="2465" version="1" lat="50.90912646327" lon="6.22632846169" />
  <node id="2466" version="1" lat="50.90912688609" lon="6.22635595433" />
  <node id="2467" version="1" lat="50.90912730891" lon="6.22639350526" />
  <node id="2468" version="1" lat="50.90912773173" lon="6.22642435066" />
  <node id="2469" version="1" lat="50.90912773173" lon="6.22645318441" />
  <node id="2470" version="1" lat="50.909129423" lon="6.22648402981" />
  <node id="2471" version="1" lat="50.90913195991" lon="6.22651621632" />
  <node id="2472" version="1" lat="50.90913534245" lon="6.22654370897" />
  <node id="2473" version="1" lat="50.90914041627" lon="6.22657321326" />
  <node id="2474" version="1" lat="50.90914506727" lon="6.22659735315" />
  <node id="2475" version="1" lat="50.90915140954" lon="6.22662283413" />
  <node id="2476" version="1" lat="50.90915859744" lon="6.22664630346" />
  <node id="2477" version="1" lat="50.90916367126" lon="6.22666105561" />
  <node id="2478" version="1" lat="50.90917212762" lon="6.22668318383" />
  <node id="2479" version="1" lat="50.9091788927" lon="6.22669726543" />
  <node id="2480" version="1" lat="50.9091888287" lon="6.22671872344" />
  <node id="2481" version="1" lat="50.90920045619" lon="6.22673649307" />
  <node id="2482" version="1" lat="50.90921271789" lon="6.22675560381" />
  <node id="2483" version="1" lat="50.90923026481" lon="6.22678007897" />
  <node id="2484" version="1" lat="50.90924738891" lon="6.22680053081" />
  <node id="2485" version="1" lat="50.90926874117" lon="6.22682400014" />
  <node id="2486" version="1" lat="50.90928861356" lon="6.22684344616" />
  <node id="2487" version="1" lat="50.90930912016" lon="6.22686020996" />
  <node id="2488" version="1" lat="50.90932539859" lon="6.22687295046" />
  <node id="2489" version="1" lat="50.90934083139" lon="6.22688434985" />
  <node id="2490" version="1" lat="50.90936958289" lon="6.22690312531" />
  <node id="2491" version="1" lat="50.90939579747" lon="6.22691921856" />
  <node id="2492" version="1" lat="50.9094156698" lon="6.22693262961" />
  <node id="2493" version="1" lat="50.90943892466" lon="6.22694771703" />
  <node id="2494" version="1" lat="50.90946492779" lon="6.22696615722" />
  <node id="2495" version="1" lat="50.90948839402" lon="6.22698258575" />
  <node id="2496" version="1" lat="50.90951481995" lon="6.22700169649" />
  <node id="2497" version="1" lat="50.90954526259" lon="6.22702483054" />
  <node id="2498" version="1" lat="50.90956936301" lon="6.22704394128" />
  <node id="2499" version="1" lat="50.9095993828" lon="6.22706841644" />
  <node id="2500" version="1" lat="50.90961819802" lon="6.22708417442" />
  <node id="2501" version="1" lat="50.90964081855" lon="6.22710529681" />
  <node id="2502" version="1" lat="50.90965794249" lon="6.22712038424" />
  <node id="2503" version="1" lat="50.90967612346" lon="6.22713815387" />
  <node id="2504" version="1" lat="50.90970360631" lon="6.22716497596" />
  <node id="2505" version="1" lat="50.90972136445" lon="6.22718207505" />
  <node id="2506" version="1" lat="50.90974905868" lon="6.22720956769" />
  <node id="2507" version="1" lat="50.9097699879" lon="6.22723303702" />
  <node id="2508" version="1" lat="50.90979387679" lon="6.2272571769" />
  <node id="2509" version="1" lat="50.9098260105" lon="6.227293722" />
  <node id="2510" version="1" lat="50.90984292297" lon="6.22731249746" />
  <node id="2511" version="1" lat="50.90986004684" lon="6.22733261403" />
  <node id="2512" version="1" lat="50.90987611367" lon="6.22735340115" />
  <node id="2513" version="1" lat="50.90989429456" lon="6.2273751941" />
  <node id="2514" version="1" lat="50.90991078419" lon="6.22739631649" />
  <node id="2515" version="1" lat="50.90993953534" lon="6.22743353214" />
  <node id="2516" version="1" lat="50.90995454512" lon="6.22745398398" />
  <node id="2517" version="1" lat="50.90996892068" lon="6.22747410055" />
  <node id="2518" version="1" lat="50.90999111823" lon="6.22750461068" />
  <node id="2519" version="1" lat="50.91000718502" lon="6.22752774473" />
  <node id="2520" version="1" lat="50.91003403346" lon="6.22756797787" />
  <node id="2521" version="1" lat="50.91005242569" lon="6.22759513523" />
  <node id="2522" version="1" lat="50.91007885129" lon="6.2276363742" />
  <node id="2523" version="1" lat="50.91009111276" lon="6.22765749659" />
  <node id="2524" version="1" lat="50.9101063339" lon="6.22768063065" />
  <node id="2525" version="1" lat="50.91012599453" lon="6.22771348771" />
  <node id="2526" version="1" lat="50.91014396391" lon="6.22774701532" />
  <node id="2527" version="1" lat="50.91015897363" lon="6.22777283158" />
  <node id="2528" version="1" lat="50.91017863423" lon="6.22780803557" />
  <node id="2529" version="1" lat="50.91019364394" lon="6.22783753987" />
  <node id="2530" version="1" lat="50.91020971066" lon="6.22787173804" />
  <node id="2531" version="1" lat="50.91022302912" lon="6.22789554264" />
  <node id="2532" version="1" lat="50.91023930723" lon="6.2279283997" />
  <node id="2533" version="1" lat="50.9102532599" lon="6.22795857456" />
  <node id="2534" version="1" lat="50.91027545731" lon="6.22800484266" />
  <node id="2535" version="1" lat="50.9102913126" lon="6.2280393761" />
  <node id="2536" version="1" lat="50.91030526525" lon="6.22806787457" />
  <node id="2537" version="1" lat="50.91032851965" lon="6.22812017765" />
  <node id="2538" version="1" lat="50.91035304247" lon="6.22817248072" />
  <node id="2539" version="1" lat="50.91037671966" lon="6.22822612491" />
  <node id="2540" version="1" lat="50.91039912841" lon="6.22827574577" />
  <node id="2541" version="1" lat="50.91041477226" lon="6.22831061449" />
  <node id="2542" version="1" lat="50.91042280558" lon="6.22833207216" />
  <node id="2543" version="1" lat="50.91043337574" lon="6.22835889425" />
  <node id="2544" version="1" lat="50.91044246607" lon="6.22838638689" />
  <node id="2545" version="1" lat="50.91044859676" lon="6.22840549763" />
  <node id="2546" version="1" lat="50.91045451605" lon="6.22842159089" />
  <node id="2547" version="1" lat="50.91046001253" lon="6.22844170745" />
  <node id="2548" version="1" lat="50.91046783444" lon="6.22846852954" />
  <node id="2549" version="1" lat="50.91047502214" lon="6.22849468108" />
  <node id="2550" version="1" lat="50.91048030721" lon="6.22852418538" />
  <node id="2551" version="1" lat="50.91048580369" lon="6.22855503079" />
  <node id="2552" version="1" lat="50.91048960894" lon="6.22858352926" />
  <node id="2553" version="1" lat="50.91049277999" lon="6.22860833969" />
  <node id="2554" version="1" lat="50.91049573963" lon="6.22863382068" />
  <node id="2555" version="1" lat="50.91049785366" lon="6.22865661945" />
  <node id="2556" version="1" lat="50.91049933348" lon="6.22868377682" />
  <node id="2557" version="1" lat="50.9105014475" lon="6.22871696915" />
  <node id="2558" version="1" lat="50.91050271592" lon="6.22876759585" />
  <node id="2559" version="1" lat="50.91050187031" lon="6.22882258113" />
  <node id="2560" version="1" lat="50.91050060189" lon="6.22884504464" />
  <node id="2561" version="1" lat="50.91049785366" lon="6.22887957808" />
  <node id="2562" version="1" lat="50.91049637384" lon="6.22890505906" />
  <node id="2563" version="1" lat="50.91049214578" lon="6.22893925723" />
  <node id="2564" version="1" lat="50.91048834053" lon="6.22896540876" />
  <node id="2565" version="1" lat="50.91048347826" lon="6.22899290141" />
  <node id="2566" version="1" lat="50.91047671336" lon="6.22902307626" />
  <node id="2567" version="1" lat="50.91046698883" lon="6.22906163301" />
  <node id="2568" version="1" lat="50.91045557306" lon="6.22910320725" />
  <node id="2569" version="1" lat="50.91044394611" lon="6.22914411061" />
  <node id="2570" version="1" lat="50.91043379875" lon="6.22917562656" />
  <node id="2571" version="1" lat="50.91041265843" lon="6.22923731737" />
  <node id="2572" version="1" lat="50.91039067249" lon="6.22929297321" />
  <node id="2573" version="1" lat="50.91037862229" lon="6.22932147201" />
  <node id="2574" version="1" lat="50.9103612872" lon="6.22935835239" />
  <node id="2575" version="1" lat="50.91034839159" lon="6.22938450392" />
  <node id="2576" version="1" lat="50.91033274772" lon="6.22941333767" />
  <node id="2577" version="1" lat="50.91032090933" lon="6.22943647139" />
  <node id="2578" version="1" lat="50.91030949353" lon="6.22945725851" />
  <node id="2579" version="1" lat="50.91028623912" lon="6.22949547999" />
  <node id="2580" version="1" lat="50.91026974962" lon="6.22952230208" />
  <node id="2581" version="1" lat="50.91024691799" lon="6.22955515914" />
  <node id="2582" version="1" lat="50.91022281793" lon="6.22959002785" />
  <node id="2583" version="1" lat="50.91020083189" lon="6.22961684994" />
  <node id="2584" version="1" lat="50.9101716581" lon="6.229649707" />
  <node id="2585" version="1" lat="50.91014163868" lon="6.22967854075" />
  <node id="2586" version="1" lat="50.91011204204" lon="6.22970201008" />
  <node id="2587" version="1" lat="50.91007990852" lon="6.2297241383" />
  <node id="2588" version="1" lat="50.91005919085" lon="6.2297368788" />
  <node id="2589" version="1" lat="50.91003086259" lon="6.2297536426" />
  <node id="2590" version="1" lat="50.91000887647" lon="6.22976235978" />
  <node id="2591" version="1" lat="50.90998519909" lon="6.22977040641" />
  <node id="2592" version="1" lat="50.90996363576" lon="6.22977510028" />
  <node id="2593" version="1" lat="50.90993784431" lon="6.22977644138" />
  <node id="2594" version="1" lat="50.90990317381" lon="6.22977845304" />
  <node id="2595" version="1" lat="50.90987357702" lon="6.22977442972" />
  <node id="2596" version="1" lat="50.90984651708" lon="6.22976571254" />
  <node id="2597" version="1" lat="50.90982241681" lon="6.22975565426" />
  <node id="2598" version="1" lat="50.90980677277" lon="6.22974693708" />
  <node id="2599" version="1" lat="50.90978520935" lon="6.22973352604" />
  <node id="2600" version="1" lat="50.90975857217" lon="6.22971475057" />
  <node id="2601" version="1" lat="50.90973108936" lon="6.22969061069" />
  <node id="2602" version="1" lat="50.90970022402" lon="6.22965842418" />
  <node id="2603" version="1" lat="50.90967612367" lon="6.22962824933" />
  <node id="2604" version="1" lat="50.90965075488" lon="6.2295893573" />
  <node id="2605" version="1" lat="50.90963553359" lon="6.22956387632" />
  <node id="2606" version="1" lat="50.90962327199" lon="6.22953906588" />
  <node id="2607" version="1" lat="50.9096080507" lon="6.22950687937" />
  <node id="2608" version="1" lat="50.90959198377" lon="6.22946329348" />
  <node id="2609" version="1" lat="50.90958225905" lon="6.22943177752" />
  <node id="2610" version="1" lat="50.90957380277" lon="6.22940160267" />
  <node id="2611" version="1" lat="50.90956661493" lon="6.22937276892" />
  <node id="2612" version="1" lat="50.90955942709" lon="6.22933387689" />
  <node id="2613" version="1" lat="50.90955266206" lon="6.2292916321" />
  <node id="2614" version="1" lat="50.90954885673" lon="6.22926548056" />
  <node id="2615" version="1" lat="50.90954547421" lon="6.22923329405" />
  <node id="2616" version="1" lat="50.90954420577" lon="6.22920378976" />
  <node id="2617" version="1" lat="50.90954441718" lon="6.22917998515" />
  <node id="2618" version="1" lat="50.90954420577" lon="6.2291414284" />
  <node id="2619" version="1" lat="50.90954589703" lon="6.22910186581" />
  <node id="2620" version="1" lat="50.90954885673" lon="6.2290669971" />
  <node id="2621" version="1" lat="50.90955223924" lon="6.22904017501" />
  <node id="2622" version="1" lat="50.90955477613" lon="6.2290093296" />
  <node id="2623" version="1" lat="50.90955858146" lon="6.22897043757" />
  <node id="2624" version="1" lat="50.90956238679" lon="6.22894160382" />
  <node id="2625" version="1" lat="50.90956534648" lon="6.228905394" />
  <node id="2626" version="1" lat="50.90956788337" lon="6.22886985473" />
  <node id="2627" version="1" lat="50.90956957463" lon="6.22883163325" />
  <node id="2628" version="1" lat="50.90956999744" lon="6.22878536515" />
  <node id="2629" version="1" lat="50.90956999744" lon="6.22872903876" />
  <node id="2630" version="1" lat="50.90956788337" lon="6.22866332464" />
  <node id="2631" version="1" lat="50.90956534648" lon="6.22861973874" />
  <node id="2632" version="1" lat="50.90956196397" lon="6.22858419947" />
  <node id="2633" version="1" lat="50.90955858146" lon="6.22854195468" />
  <node id="2634" version="1" lat="50.90955519894" lon="6.2285023921" />
  <node id="2635" version="1" lat="50.90955012517" lon="6.22846484117" />
  <node id="2636" version="1" lat="50.90954547421" lon="6.2284279608" />
  <node id="2637" version="1" lat="50.90953955481" lon="6.22839242153" />
  <node id="2638" version="1" lat="50.90953152133" lon="6.22834950619" />
  <node id="2639" version="1" lat="50.90952391067" lon="6.22831061415" />
  <node id="2640" version="1" lat="50.90951714564" lon="6.2282790982" />
  <node id="2641" version="1" lat="50.9095074209" lon="6.22824221782" />
  <node id="2642" version="1" lat="50.90949811898" lon="6.22820533745" />
  <node id="2643" version="1" lat="50.90948628016" lon="6.22816510431" />
  <node id="2644" version="1" lat="50.90947782386" lon="6.22813560002" />
  <node id="2645" version="1" lat="50.90945922" lon="6.22808061473" />
  <node id="2646" version="1" lat="50.90944442147" lon="6.2280403816" />
  <node id="2647" version="1" lat="50.90942539477" lon="6.22799009018" />
  <node id="2648" version="1" lat="50.90941017341" lon="6.22795455091" />
  <node id="2649" version="1" lat="50.90939283797" lon="6.22791699998" />
  <node id="2650" version="1" lat="50.90937888505" lon="6.227891519" />
  <node id="2651" version="1" lat="50.90937338844" lon="6.22788213126" />
  <node id="2652" version="1" lat="50.90934928793" lon="6.22784860365" />
  <node id="2653" version="1" lat="50.90933026119" lon="6.22782178156" />
  <node id="2654" version="1" lat="50.90930954319" lon="6.22779361837" />
  <node id="2655" version="1" lat="50.90928924799" lon="6.22776545517" />
  <node id="2656" version="1" lat="50.90926852997" lon="6.22773662142" />
  <node id="2657" version="1" lat="50.9092495032" lon="6.22771046989" />
  <node id="2658" version="1" lat="50.90922920798" lon="6.2276836478" />
  <node id="2659" version="1" lat="50.90920891275" lon="6.2276554846" />
  <node id="2660" version="1" lat="50.90918988596" lon="6.22762933306" />
  <node id="2661" version="1" lat="50.90916959071" lon="6.22760251097" />
  <node id="2662" version="1" lat="50.90914718136" lon="6.22757367723" />
  <node id="2663" version="1" lat="50.90911800691" lon="6.22753411464" />
  <node id="2664" version="1" lat="50.90910024854" lon="6.22751198642" />
  <node id="2665" version="1" lat="50.90908122171" lon="6.22748918764" />
  <node id="2666" version="1" lat="50.90905204721" lon="6.22745633058" />
  <node id="2667" version="1" lat="50.90901737605" lon="6.22741609745" />
  <node id="2668" version="1" lat="50.90897636257" lon="6.22736848824" />
  <node id="2669" version="1" lat="50.90893534906" lon="6.22731886737" />
  <node id="2670" version="1" lat="50.90890744294" lon="6.22728533976" />
  <node id="2671" version="1" lat="50.90886769782" lon="6.22723706" />
  <node id="2672" version="1" lat="50.90883133524" lon="6.2271948152" />
  <node id="2673" version="1" lat="50.90879539545" lon="6.22715324096" />
  <node id="2674" version="1" lat="50.90872901247" lon="6.2270754569" />
  <node id="2675" version="1" lat="50.90869053568" lon="6.2270305299" />
  <node id="2676" version="1" lat="50.90864487086" lon="6.22697688572" />
  <node id="2677" version="1" lat="50.90855523239" lon="6.22687227957" />
  <node id="2679" version="1" lat="50.90849265449" lon="6.22679985993" />
  <node id="2680" version="1" lat="50.90845756009" lon="6.22675694458" />
  <node id="2681" version="1" lat="50.90843811017" lon="6.2267314636" />
  <node id="2682" version="1" lat="50.90841992872" lon="6.22670665316" />
  <node id="2683" version="1" lat="50.90840555268" lon="6.22668251328" />
  <node id="2684" version="1" lat="50.90838737121" lon="6.22664630346" />
  <node id="2685" version="1" lat="50.90836792126" lon="6.22660137646" />
  <node id="2686" version="1" lat="50.90835652836" lon="6.22657397731" />
  <node id="2687" version="1" lat="50.90833071264" lon="6.22649744086" />
  <node id="2688" version="1" lat="50.90832479309" lon="6.22645988993" />
  <node id="2689" version="1" lat="50.90832098765" lon="6.22642636232" />
  <node id="2690" version="1" lat="50.90832056483" lon="6.2263914936" />
  <node id="2691" version="1" lat="50.90831929635" lon="6.22632309727" />
  <node id="2692" version="1" lat="50.90832141048" lon="6.22628889911" />
  <node id="2693" version="1" lat="50.90832394743" lon="6.22624464266" />
  <node id="2694" version="1" lat="50.90832859851" lon="6.22620239787" />
  <node id="2695" version="1" lat="50.90833451807" lon="6.22616350584" />
  <node id="2696" version="1" lat="50.9083450887" lon="6.22611723773" />
  <node id="2697" version="1" lat="50.90835481368" lon="6.22608371012" />
  <node id="2698" version="1" lat="50.90836538431" lon="6.22605219416" />
  <node id="2699" version="1" lat="50.90837764624" lon="6.22602403097" />
  <node id="2700" version="1" lat="50.90839159946" lon="6.22599251501" />
  <node id="2701" version="1" lat="50.90841020375" lon="6.22595630519" />
  <node id="2702" version="1" lat="50.90842457979" lon="6.22593350641" />
  <node id="2703" version="1" lat="50.908438533" lon="6.22591204874" />
  <node id="2704" version="1" lat="50.90845460032" lon="6.22589193217" />
  <node id="2705" version="1" lat="50.90846897635" lon="6.22587449782" />
  <node id="2706" version="1" lat="50.90848673496" lon="6.22585974567" />
  <node id="2707" version="1" lat="50.90850322509" lon="6.22584499352" />
  <node id="2708" version="1" lat="50.90852140651" lon="6.22583158247" />
  <node id="2709" version="1" lat="50.9085463531" lon="6.22581481867" />
  <node id="2710" version="1" lat="50.90858144744" lon="6.22579671375" />
  <node id="2711" version="1" lat="50.90860132012" lon="6.22578799658" />
  <node id="2712" version="1" lat="50.90863091772" lon="6.22577793829" />
  <node id="2713" version="1" lat="50.90866770328" lon="6.22576855056" />
  <node id="2714" version="1" lat="50.90869307261" lon="6.22576452725" />
  <node id="2715" version="1" lat="50.90871759629" lon="6.22576251559" />
  <node id="2716" version="1" lat="50.9087488851" lon="6.22576251559" />
  <node id="2717" version="1" lat="50.90876664361" lon="6.22576519779" />
  <node id="2718" version="1" lat="50.90879581828" lon="6.22576788001" />
  <node id="2719" version="1" lat="50.90882161036" lon="6.22577324443" />
  <node id="2720" version="1" lat="50.90884444269" lon="6.2257806205" />
  <node id="2721" version="1" lat="50.90887150321" lon="6.22579134934" />
  <node id="2722" version="1" lat="50.90889803518" lon="6.22580224581" />
  <node id="2723" version="1" lat="50.90890490602" lon="6.22580610149" />
  <node id="2724" version="1" lat="50.90832027108" lon="6.22648362039" />
  <node id="2728" version="1" lat="50.90827320835" lon="6.22635729544" />
  <node id="2729" version="1" lat="50.90826094639" lon="6.22632577948" />
  <node id="2730" version="1" lat="50.90824657031" lon="6.22629024021" />
  <node id="2731" version="1" lat="50.90823346269" lon="6.22626475923" />
  <node id="2732" version="1" lat="50.90821654964" lon="6.22623525493" />
  <node id="2733" version="1" lat="50.9082000594" lon="6.2262104445" />
  <node id="2734" version="1" lat="50.90817849524" lon="6.22617959909" />
  <node id="2735" version="1" lat="50.90815650824" lon="6.22615210645" />
  <node id="2736" version="1" lat="50.9081370582" lon="6.22613131933" />
  <node id="2737" version="1" lat="50.90811464835" lon="6.2261065089" />
  <node id="2738" version="1" lat="50.9080939298" lon="6.22608907454" />
  <node id="2739" version="1" lat="50.90807574822" lon="6.22607566349" />
  <node id="2740" version="1" lat="50.90805291551" lon="6.22605822913" />
  <node id="2741" version="1" lat="50.90802500886" lon="6.22604213588" />
  <node id="2742" version="1" lat="50.90800217613" lon="6.22603140704" />
  <node id="2743" version="1" lat="50.90797849773" lon="6.22602268986" />
  <node id="2744" version="1" lat="50.90794847689" lon="6.22601397268" />
  <node id="2745" version="1" lat="50.90793156373" lon="6.22600860827" />
  <node id="2746" version="1" lat="50.90785756859" lon="6.22598782115" />
  <node id="2747" version="1" lat="50.90782162805" lon="6.22598044507" />
  <node id="2748" version="1" lat="50.90773663914" lon="6.22597508065" />
  <node id="2749" version="1" lat="50.90768759074" lon="6.2259744101" />
  <node id="2750" version="1" lat="50.90766348935" lon="6.22597373955" />
  <node id="2751" version="1" lat="50.90764911308" lon="6.22597239845" />
  <node id="2752" version="1" lat="50.90761317238" lon="6.22595965795" />
  <node id="2753" version="1" lat="50.90758864812" lon="6.22594691746" />
  <node id="2754" version="1" lat="50.90756708367" lon="6.22593183003" />
  <node id="2755" version="1" lat="50.90754425072" lon="6.22591003709" />
  <node id="2756" version="1" lat="50.90750069894" lon="6.22586712175" />
  <node id="2757" version="1" lat="50.90746729513" lon="6.22583158247" />
  <node id="2758" version="1" lat="50.90744573063" lon="6.22580610149" />
  <node id="2759" version="1" lat="50.90742501179" lon="6.22577860884" />
  <node id="2760" version="1" lat="50.90740556143" lon="6.22575044565" />
  <node id="2761" version="1" lat="50.90738653391" lon="6.22572094135" />
  <node id="2762" version="1" lat="50.90736919771" lon="6.22568875484" />
  <node id="2763" version="1" lat="50.90735270718" lon="6.22565589778" />
  <node id="2764" version="1" lat="50.90733790797" lon="6.22562237017" />
  <node id="2765" version="1" lat="50.90731803475" lon="6.22557073765" />
  <node id="2766" version="1" lat="50.9073125379" lon="6.22554995053" />
  <node id="2767" version="1" lat="50.90729985286" lon="6.22550636463" />
  <node id="2768" version="1" lat="50.90728970482" lon="6.22546479039" />
  <node id="2769" version="1" lat="50.90728124812" lon="6.22541919284" />
  <node id="2770" version="1" lat="50.90727701977" lon="6.22538298301" />
  <node id="2771" version="1" lat="50.90727321426" lon="6.22535079651" />
  <node id="2772" version="1" lat="50.90727067725" lon="6.22531190448" />
  <node id="2773" version="1" lat="50.90726919732" lon="6.22527670048" />
  <node id="2774" version="1" lat="50.90726940875" lon="6.22524451397" />
  <node id="2775" version="1" lat="50.907270043" lon="6.2252089747" />
  <node id="2776" version="1" lat="50.90727152292" lon="6.22518315844" />
  <node id="2777" version="1" lat="50.90727427135" lon="6.2251543247" />
  <node id="2778" version="1" lat="50.90727723119" lon="6.22512951426" />
  <node id="2779" version="1" lat="50.90728167095" lon="6.22510202162" />
  <node id="2780" version="1" lat="50.90728737923" lon="6.22507151149" />
  <node id="2781" version="1" lat="50.90729245325" lon="6.22504737161" />
  <node id="2782" version="1" lat="50.90729879577" lon="6.22501987897" />
  <node id="2783" version="1" lat="50.90730408121" lon="6.22499640964" />
  <node id="2784" version="1" lat="50.90731211507" lon="6.22497092865" />
  <node id="2785" version="1" lat="50.90731951467" lon="6.22494980626" />
  <node id="2786" version="1" lat="50.90733241113" lon="6.22491594337" />
  <node id="2787" version="1" lat="50.90734869025" lon="6.224879063" />
  <node id="2788" version="1" lat="50.90736940912" lon="6.22483950041" />
  <node id="2789" version="1" lat="50.90739583626" lon="6.22479960255" />
  <node id="2790" version="1" lat="50.90741291461" lon="6.22477578977" />
  <node id="2791" version="1" lat="50.90742543462" lon="6.22476003997" />
  <node id="2792" version="1" lat="50.90744573063" lon="6.22473824702" />
  <node id="2793" version="1" lat="50.90746708371" lon="6.22471813045" />
  <node id="2794" version="1" lat="50.90747828879" lon="6.22470740162" />
  <node id="2795" version="1" lat="50.90750957844" lon="6.22468192063" />
  <node id="2796" version="1" lat="50.90753452557" lon="6.22466616265" />
  <node id="2797" version="1" lat="50.90756031835" lon="6.22465040467" />
  <node id="2800" version="1" lat="50.90829477225" lon="6.22626408901" />
  <node id="2801" version="1" lat="50.908280819" lon="6.22623324361" />
  <node id="2803" version="1" lat="50.90826855704" lon="6.22620910373" />
  <node id="2804" version="1" lat="50.90823747933" lon="6.22615680065" />
  <node id="2805" version="1" lat="50.90821845214" lon="6.22613031384" />
  <node id="2806" version="1" lat="50.90820407604" lon="6.22611053254" />
  <node id="2807" version="1" lat="50.90818948853" lon="6.22609108653" />
  <node id="2808" version="1" lat="50.90816623305" lon="6.22606392916" />
  <node id="2809" version="1" lat="50.90815164552" lon="6.22604917701" />
  <node id="2810" version="1" lat="50.90812944709" lon="6.22602704879" />
  <node id="2811" version="1" lat="50.90811063128" lon="6.22601162609" />
  <node id="2812" version="1" lat="50.90808758718" lon="6.22599285062" />
  <node id="2813" version="1" lat="50.90806686862" lon="6.22598011013" />
  <node id="2814" version="1" lat="50.9080467843" lon="6.22596871074" />
  <node id="2815" version="1" lat="50.90801507218" lon="6.22595462915" />
  <node id="2816" version="1" lat="50.90798758834" lon="6.22594557669" />
  <node id="2817" version="1" lat="50.9079620072" lon="6.22593920644" />
  <node id="2818" version="1" lat="50.90791887865" lon="6.22592546012" />
  <node id="2819" version="1" lat="50.90789224041" lon="6.22591607239" />
  <node id="2820" version="1" lat="50.90784805471" lon="6.22590366717" />
  <node id="2821" version="1" lat="50.90787807562" lon="6.22587919202" />
  <node id="2822" version="1" lat="50.90789752577" lon="6.22586209293" />
  <node id="2823" version="1" lat="50.90792966079" lon="6.22583560612" />
  <node id="2824" version="1" lat="50.9079605273" lon="6.22581012513" />
  <node id="2825" version="1" lat="50.90798631985" lon="6.22578732636" />
  <node id="2826" version="1" lat="50.90801211239" lon="6.22576586869" />
  <node id="2827" version="1" lat="50.90803790491" lon="6.22574508157" />
  <node id="2828" version="1" lat="50.90806031479" lon="6.22572530027" />
  <node id="2829" version="1" lat="50.90807278821" lon="6.22571490671" />
  <node id="2830" version="1" lat="50.90810555735" lon="6.22568741407" />
  <node id="2831" version="1" lat="50.90813980636" lon="6.2256589156" />
  <node id="2832" version="1" lat="50.90816898143" lon="6.22563578155" />
  <node id="2833" version="1" lat="50.9081922369" lon="6.22561734136" />
  <node id="2834" version="1" lat="50.90821232116" lon="6.22559957173" />
  <node id="2835" version="1" lat="50.90822648585" lon="6.22558649596" />
  <node id="2836" version="1" lat="50.90828335596" lon="6.22554089841" />
  <node id="2837" version="1" lat="50.90832923254" lon="6.22550535914" />
  <node id="2838" version="1" lat="50.90836876691" lon="6.22547954254" />
  <node id="2839" version="1" lat="50.90838356579" lon="6.22547082536" />
  <node id="2840" version="1" lat="50.90839413641" lon="6.22547015481" />
  <node id="2841" version="1" lat="50.90840682115" lon="6.22547149591" />
  <node id="2842" version="1" lat="50.90842204284" lon="6.22547484867" />
  <node id="2843" version="1" lat="50.90843557323" lon="6.22547887199" />
  <node id="2844" version="1" lat="50.90844656666" lon="6.2254842364" />
  <node id="2845" version="1" lat="50.90845798292" lon="6.22548960082" />
  <node id="2846" version="1" lat="50.90847827848" lon="6.22550435297" />
  <node id="2847" version="1" lat="50.90850618486" lon="6.22552916341" />
  <node id="2849" version="1" lat="50.90853599392" lon="6.22555883534" />
  <node id="2850" version="1" lat="50.90856749427" lon="6.22558398105" />
  <node id="2851" version="1" lat="50.90860544264" lon="6.22561851449" />
  <node id="2852" version="1" lat="50.90865374993" lon="6.22566394474" />
  <node id="2855" version="1" lat="50.90889010699" lon="6.22579168512" />
  <node id="2856" version="1" lat="50.90887139719" lon="6.22577492131" />
  <node id="2857" version="1" lat="50.90883112351" lon="6.22573770566" />
  <node id="2858" version="1" lat="50.90880554316" lon="6.22571289472" />
  <node id="2859" version="1" lat="50.908782288" lon="6.22569277816" />
  <node id="2860" version="1" lat="50.90875861" lon="6.22567064993" />
  <node id="2861" version="1" lat="50.90873366352" lon="6.22564785115" />
  <node id="2862" version="1" lat="50.90869772366" lon="6.22561499409" />
  <node id="2863" version="1" lat="50.90862795796" lon="6.22555062108" />
  <node id="2864" version="1" lat="50.90860258859" lon="6.22552849285" />
  <node id="2865" version="1" lat="50.90857299097" lon="6.22549965911" />
  <node id="2866" version="1" lat="50.90853831946" lon="6.22546814315" />
  <node id="2867" version="1" lat="50.90851675545" lon="6.22544869713" />
  <node id="2868" version="1" lat="50.90850068815" lon="6.22542858057" />
  <node id="2869" version="1" lat="50.90848884908" lon="6.22540645234" />
  <node id="2870" version="1" lat="50.90848250672" lon="6.22539035909" />
  <node id="2871" version="1" lat="50.90847701" lon="6.22536688976" />
  <node id="2872" version="1" lat="50.90847362741" lon="6.22534140877" />
  <node id="2873" version="1" lat="50.90847024482" lon="6.22529715233" />
  <node id="2874" version="1" lat="50.90846686223" lon="6.22524820201" />
  <node id="2875" version="1" lat="50.90846559375" lon="6.22521333329" />
  <node id="2876" version="1" lat="50.90846263398" lon="6.22517913513" />
  <node id="2877" version="1" lat="50.90845882857" lon="6.22513957255" />
  <node id="2878" version="1" lat="50.90845290903" lon="6.22510872714" />
  <node id="2879" version="1" lat="50.90844487536" lon="6.2250798934" />
  <node id="2880" version="1" lat="50.9084368417" lon="6.22505843572" />
  <node id="2881" version="1" lat="50.90842796238" lon="6.22503898971" />
  <node id="2882" version="1" lat="50.90841696895" lon="6.22502021424" />
  <node id="2883" version="1" lat="50.90840386138" lon="6.22499875657" />
  <node id="2884" version="1" lat="50.90838610274" lon="6.22497931056" />
  <node id="2885" version="1" lat="50.90836707561" lon="6.22496589951" />
  <node id="2886" version="1" lat="50.90848335215" lon="6.22550401803" />
  <node id="2887" version="1" lat="50.90847405002" lon="6.22548960116" />
  <node id="2888" version="1" lat="50.90846009683" lon="6.2254637849" />
  <node id="2889" version="1" lat="50.90845312023" lon="6.22544299778" />
  <node id="2890" version="1" lat="50.90844593221" lon="6.22542120483" />
  <node id="2891" version="1" lat="50.90843789855" lon="6.22539002415" />
  <node id="2892" version="1" lat="50.90843197901" lon="6.22535247322" />
  <node id="2893" version="1" lat="50.90842775076" lon="6.22531190481" />
  <node id="2894" version="1" lat="50.9084250024" lon="6.22526898947" />
  <node id="2895" version="1" lat="50.90842246545" lon="6.22522674467" />
  <node id="2896" version="1" lat="50.90841950589" lon="6.22517779402" />
  <node id="2897" version="1" lat="50.90841654612" lon="6.22515231304" />
  <node id="2898" version="1" lat="50.9084110494" lon="6.22512750261" />
  <node id="2899" version="1" lat="50.90840343855" lon="6.22510135107" />
  <node id="2900" version="1" lat="50.90839202229" lon="6.22507721119" />
  <node id="2901" version="1" lat="50.90837806906" lon="6.22505642407" />
  <node id="2902" version="1" lat="50.90836073323" lon="6.22503496639" />
  <node id="2903" version="1" lat="50.90834593435" lon="6.22502490811" />
  <node id="2904" version="1" lat="50.90832986699" lon="6.22501518511" />
  <node id="2905" version="1" lat="50.90831062843" lon="6.22500847958" />
  <node id="2906" version="1" lat="50.90829138986" lon="6.22500177406" />
  <node id="2907" version="1" lat="50.90826538607" lon="6.22499205105" />
  <node id="2908" version="1" lat="50.90824086216" lon="6.22498266332" />
  <node id="2909" version="1" lat="50.90821570398" lon="6.22497327559" />
  <node id="2910" version="1" lat="50.90817764959" lon="6.22495919399" />
  <node id="2911" version="1" lat="50.90814762887" lon="6.22494812988" />
  <node id="2912" version="1" lat="50.90811824238" lon="6.22493673049" />
  <node id="2913" version="1" lat="50.90808526184" lon="6.22492365472" />
  <node id="2914" version="1" lat="50.90802670018" lon="6.22490152649" />
  <node id="2915" version="1" lat="50.90797553793" lon="6.22488140993" />
  <node id="2916" version="1" lat="50.90793304364" lon="6.22486565195" />
  <node id="2917" version="1" lat="50.90787638452" lon="6.22484520011" />
  <node id="2918" version="1" lat="50.90783262163" lon="6.22482776574" />
  <node id="2919" version="1" lat="50.90779583541" lon="6.2248143547" />
  <node id="2920" version="1" lat="50.90776814002" lon="6.22480396114" />
  <node id="2922" version="1" lat="50.90773537064" lon="6.22479289703" />
  <node id="2923" version="1" lat="50.90770238983" lon="6.22478283874" />
  <node id="2924" version="1" lat="50.90768124827" lon="6.22478049182" />
  <node id="2925" version="1" lat="50.9076400222" lon="6.22477680378" />
  <node id="2928" version="1" lat="50.90760133308" lon="6.22478082709" />
  <node id="2929" version="1" lat="50.90758272847" lon="6.22478619151" />
  <node id="2930" version="1" lat="50.90756116402" lon="6.22479624979" />
  <node id="2931" version="1" lat="50.90754044523" lon="6.22480362587" />
  <node id="2932" version="1" lat="50.90752353192" lon="6.22481234305" />
  <node id="2933" version="1" lat="50.90750830994" lon="6.22482374243" />
  <node id="2934" version="1" lat="50.90748674546" lon="6.22483849458" />
  <node id="2935" version="1" lat="50.90746771796" lon="6.2248579406" />
  <node id="2936" version="1" lat="50.90744446213" lon="6.22488543324" />
  <node id="2937" version="1" lat="50.90742628029" lon="6.22491158478" />
  <node id="2938" version="1" lat="50.90740471577" lon="6.22494980626" />
  <node id="2939" version="1" lat="50.90738822524" lon="6.22498132221" />
  <node id="2940" version="1" lat="50.90737342605" lon="6.22501216762" />
  <node id="2941" version="1" lat="50.90735524418" lon="6.22505441241" />
  <node id="2942" version="1" lat="50.90734298199" lon="6.22508794002" />
  <node id="2943" version="1" lat="50.90733367963" lon="6.22512347929" />
  <node id="2944" version="1" lat="50.90732945128" lon="6.22514761917" />
  <node id="2945" version="1" lat="50.90732564577" lon="6.22518181734" />
  <node id="2946" version="1" lat="50.90732332018" lon="6.22522674434" />
  <node id="2947" version="1" lat="50.90732395443" lon="6.22529648177" />
  <node id="2948" version="1" lat="50.90732649144" lon="6.22534073822" />
  <node id="2949" version="1" lat="50.90733198829" lon="6.22538164191" />
  <node id="2950" version="1" lat="50.90733790797" lon="6.2254238867" />
  <node id="2951" version="1" lat="50.90735101584" lon="6.22547686033" />
  <node id="2952" version="1" lat="50.90737511739" lon="6.22555799715" />
  <node id="2954" version="1" lat="50.90738695674" lon="6.22558951311" />
  <node id="2955" version="1" lat="50.9074051386" lon="6.22562304072" />
  <node id="2956" version="1" lat="50.90741740078" lon="6.22564651005" />
  <node id="2957" version="1" lat="50.90743981096" lon="6.22568406098" />
  <node id="2958" version="1" lat="50.9074567243" lon="6.22571021251" />
  <node id="2959" version="1" lat="50.90747913446" lon="6.22573837571" />
  <node id="2960" version="1" lat="50.90752226342" lon="6.22578598492" />
  <node id="2961" version="1" lat="50.90757300333" lon="6.22581750088" />
  <node id="2962" version="1" lat="50.90759118511" lon="6.2258242064" />
  <node id="2963" version="1" lat="50.90761570937" lon="6.22583493523" />
  <node id="2964" version="1" lat="50.90764150211" lon="6.22584365241" />
  <node id="2965" version="1" lat="50.90765968387" lon="6.22584767572" />
  <node id="2966" version="1" lat="50.90768251676" lon="6.22585236959" />
  <node id="2967" version="1" lat="50.90770450399" lon="6.22585102849" />
  <node id="2968" version="1" lat="50.90772268572" lon="6.22584700517" />
  <node id="2969" version="1" lat="50.90773410215" lon="6.22584633462" />
  <node id="2970" version="1" lat="50.90775355237" lon="6.22584231131" />
  <node id="2971" version="1" lat="50.90777849937" lon="6.22583426468" />
  <node id="2972" version="1" lat="50.90779583542" lon="6.22582755916" />
  <node id="2973" version="1" lat="50.90781909107" lon="6.22581750087" />
  <node id="2974" version="1" lat="50.90788040139" lon="6.22577726774" />
  <node id="2975" version="1" lat="50.90791887886" lon="6.22574642234" />
  <node id="2976" version="1" lat="50.90795693347" lon="6.22571624748" />
  <node id="2977" version="1" lat="50.90799498805" lon="6.22568339042" />
  <node id="2978" version="1" lat="50.90803346542" lon="6.22565321557" />
  <node id="2979" version="1" lat="50.90806560035" lon="6.22562706403" />
  <node id="2980" version="1" lat="50.90810788311" lon="6.22559219532" />
  <node id="2981" version="1" lat="50.90814593757" lon="6.22556000881" />
  <node id="2982" version="1" lat="50.90818187786" lon="6.22553117506" />
  <node id="2983" version="1" lat="50.90822416051" lon="6.22549496524" />
  <node id="2984" version="1" lat="50.90826390618" lon="6.22546277873" />
  <node id="2985" version="1" lat="50.90830153768" lon="6.22543260388" />
  <node id="2986" version="1" lat="50.90835777346" lon="6.22538633578" />
  <node id="2989" version="1" lat="50.90836834409" lon="6.22537359528" />
  <node id="2990" version="1" lat="50.90837891471" lon="6.22535951369" />
  <node id="2991" version="1" lat="50.90838863969" lon="6.22534476154" />
  <node id="2992" version="1" lat="50.90839498206" lon="6.22533067994" />
  <node id="2993" version="1" lat="50.90840174726" lon="6.22531257503" />
  <node id="2994" version="1" lat="50.90840682115" lon="6.22529581122" />
  <node id="2995" version="1" lat="50.90841020375" lon="6.22528374128" />
  <node id="2996" version="1" lat="50.908414432" lon="6.22526027195" />
  <node id="2997" version="1" lat="50.90841739177" lon="6.22524082594" />
  <node id="2998" version="1" lat="50.9084214094" lon="6.22520927771" />
  <node id="2999" version="1" lat="50.90844304919" lon="6.22541001508" />
  <node id="3000" version="1" lat="50.90842584826" lon="6.22542455725" />
  <node id="3001" version="1" lat="50.90840808963" lon="6.2254379683" />
  <node id="3002" version="1" lat="50.90838906251" lon="6.22545406155" />
  <node id="3003" version="1" lat="50.90836749844" lon="6.22547149591" />
  <node id="3004" version="1" lat="50.90835291065" lon="6.22548356635" />
  <node id="3005" version="1" lat="50.9083370547" lon="6.2254969774" />
  <node id="3006" version="1" lat="50.90779413437" lon="6.22597734276" />
  <node id="3007" version="1" lat="50.90778991621" lon="6.22600525483" />
  <node id="3008" version="1" lat="50.90778484161" lon="6.22606024113" />
  <node id="3009" version="1" lat="50.90778399595" lon="6.22608136352" />
  <node id="3010" version="1" lat="50.90778484161" lon="6.22609041598" />
  <node id="3011" version="1" lat="50.90778780143" lon="6.22609611567" />
  <node id="3012" version="1" lat="50.90779372105" lon="6.22610818561" />
  <node id="3013" version="1" lat="50.90780450322" lon="6.22612025555" />
  <node id="3014" version="1" lat="50.90782268492" lon="6.22613802519" />
  <node id="3015" version="1" lat="50.90784636339" lon="6.22616182979" />
  <node id="3016" version="1" lat="50.90787194459" lon="6.22618731078" />
  <node id="3017" version="1" lat="50.9078878007" lon="6.22620508041" />
  <node id="3018" version="1" lat="50.90791190197" lon="6.22622888502" />
  <node id="3019" version="1" lat="50.90794572829" lon="6.2262614068" />
  <node id="3020" version="1" lat="50.90797109802" lon="6.22628688779" />
  <node id="3021" version="1" lat="50.90800133026" lon="6.22631605681" />
  <node id="3022" version="1" lat="50.90802416299" lon="6.22633852031" />
  <node id="3023" version="1" lat="50.90804171036" lon="6.22635461356" />
  <node id="3024" version="1" lat="50.90806454307" lon="6.22637640651" />
  <node id="3025" version="1" lat="50.90808758718" lon="6.22639786419" />
  <node id="3026" version="1" lat="50.90810703725" lon="6.22641831603" />
  <node id="3027" version="1" lat="50.90809308394" lon="6.22644916143" />
  <node id="3028" version="1" lat="50.90808462739" lon="6.22647128966" />
  <node id="3029" version="1" lat="50.90806538872" lon="6.22651755776" />
  <node id="3030" version="1" lat="50.90805249247" lon="6.22654940899" />
  <node id="3031" version="1" lat="50.90803536794" lon="6.22659031268" />
  <node id="3032" version="1" lat="50.90802078037" lon="6.2266265225" />
  <node id="3033" version="1" lat="50.90801486077" lon="6.226639263" />
  <node id="3034" version="1" lat="50.90800872976" lon="6.22665133294" />
  <node id="3035" version="1" lat="50.90800259875" lon="6.22666072067" />
  <node id="3036" version="1" lat="50.90799456501" lon="6.22666910257" />
  <node id="3037" version="1" lat="50.90798505137" lon="6.22667748448" />
  <node id="3038" version="1" lat="50.90797532631" lon="6.22668217834" />
  <node id="3039" version="1" lat="50.90796623549" lon="6.22668217834" />
  <node id="3040" version="1" lat="50.90795672184" lon="6.22668217834" />
  <node id="3041" version="1" lat="50.90794361415" lon="6.22668050196" />
  <node id="3042" version="1" lat="50.90793219777" lon="6.22667781975" />
  <node id="3043" version="1" lat="50.90791951289" lon="6.22667446699" />
  <node id="3044" version="1" lat="50.90790725085" lon="6.22666910257" />
  <node id="3045" version="1" lat="50.90789393172" lon="6.22666139122" />
  <node id="3046" version="1" lat="50.90787997835" lon="6.22665435042" />
  <node id="3047" version="1" lat="50.90786644781" lon="6.22664663907" />
  <node id="3048" version="1" lat="50.90785460857" lon="6.22663490441" />
  <node id="3049" version="1" lat="50.90784424924" lon="6.22662316974" />
  <node id="3050" version="1" lat="50.90783283284" lon="6.22661009397" />
  <node id="3051" version="1" lat="50.90782479907" lon="6.22659869459" />
  <node id="3052" version="1" lat="50.90781887945" lon="6.22658561882" />
  <node id="3053" version="1" lat="50.90781232558" lon="6.22656650808" />
  <node id="3054" version="1" lat="50.90780915435" lon="6.22654974427" />
  <node id="3055" version="1" lat="50.90780429181" lon="6.22652392801" />
  <node id="3056" version="1" lat="50.90780069775" lon="6.22650213506" />
  <node id="3057" version="1" lat="50.90779773794" lon="6.2264833596" />
  <node id="3058" version="1" lat="50.90779414388" lon="6.22645787861" />
  <node id="3059" version="1" lat="50.9077888585" lon="6.22642468628" />
  <node id="3060" version="1" lat="50.90778293888" lon="6.22638747063" />
  <node id="3061" version="1" lat="50.90777786491" lon="6.22635528412" />
  <node id="3062" version="1" lat="50.90777194529" lon="6.22631572153" />
  <node id="3063" version="1" lat="50.90776644849" lon="6.22627951171" />
  <node id="3064" version="1" lat="50.90775862612" lon="6.22622922029" />
  <node id="3065" version="1" lat="50.90775587772" lon="6.22621078011" />
  <node id="3066" version="1" lat="50.90775270649" lon="6.22618529912" />
  <node id="3067" version="1" lat="50.90775016951" lon="6.22617054697" />
  <node id="3068" version="1" lat="50.90774488413" lon="6.22614942458" />
  <node id="3069" version="1" lat="50.90773854167" lon="6.22612561997" />
  <node id="3070" version="1" lat="50.90772818231" lon="6.22609510984" />
  <node id="3071" version="1" lat="50.90771951428" lon="6.22607130524" />
  <node id="3072" version="1" lat="50.90771190332" lon="6.2260535356" />
  <node id="3073" version="1" lat="50.90770408094" lon="6.22603710707" />
  <node id="3074" version="1" lat="50.90769456724" lon="6.22602034327" />
  <node id="3075" version="1" lat="50.90768695628" lon="6.2260072675" />
  <node id="3076" version="1" lat="50.90767849965" lon="6.22599620339" />
  <node id="3077" version="1" lat="50.90766623754" lon="6.22598513927" />
  <node id="3078" version="1" lat="50.90778951471" lon="6.22609960901" />
  <node id="3079" version="1" lat="50.90779298099" lon="6.22612511722" />
  <node id="3080" version="1" lat="50.90779752642" lon="6.2261562979" />
  <node id="3081" version="1" lat="50.90780450312" lon="6.22620105727" />
  <node id="3082" version="1" lat="50.90780999991" lon="6.22623944638" />
  <node id="3083" version="1" lat="50.90781644807" lon="6.22628202645" />
  <node id="3084" version="1" lat="50.90782279052" lon="6.22632510943" />
  <node id="3085" version="1" lat="50.90782892155" lon="6.22636584548" />
  <node id="3086" version="1" lat="50.90783473547" lon="6.22640088184" />
  <node id="3087" version="1" lat="50.90784139504" lon="6.22644061206" />
  <node id="3088" version="1" lat="50.9078465747" lon="6.22647665424" />
  <node id="3089" version="1" lat="50.90785291715" lon="6.22651839612" />
  <node id="3090" version="1" lat="50.90785830823" lon="6.22655745579" />
  <node id="3091" version="1" lat="50.90786465067" lon="6.2265980242" />
  <node id="3092" version="1" lat="50.907870676" lon="6.22663691623" />
  <node id="3093" version="1" lat="50.90787261036" lon="6.22665015124" />
  <node id="3094" version="1" lat="50.90783135357" lon="6.22591271862" />
  <node id="3095" version="1" lat="50.90780767508" lon="6.22592747077" />
  <node id="3096" version="1" lat="50.90778484225" lon="6.22593954071" />
  <node id="3097" version="1" lat="50.90774721033" lon="6.22595362231" />
  <node id="3098" version="1" lat="50.90770830946" lon="6.22596301071" />
  <node id="3099" version="1" lat="50.90771888024" lon="6.22586443953" />
  <node id="3100" version="1" lat="50.90775312954" lon="6.22587516837" />
  <node id="3101" version="1" lat="50.90778653315" lon="6.22588522665" />
  <node id="3102" version="1" lat="50.90782501069" lon="6.22589796715" />
  <node id="3103" version="1" lat="50.90825663904" lon="6.22631513123" />
  <node id="3104" version="1" lat="50.90826623151" lon="6.2262922522" />
  <node id="3105" version="1" lat="50.90827130542" lon="6.22627783533" />
  <node id="3106" version="1" lat="50.90827299672" lon="6.22625369545" />
  <node id="3107" version="1" lat="50.90827151684" lon="6.22623357888" />
  <node id="3108" version="1" lat="50.90828026697" lon="6.22637700374" />
  <node id="3114" version="1" lat="50.90827399674" lon="6.22621988228" />
  <node id="3115" version="1" lat="50.90830272148" lon="6.22644421219" />
  <node id="3117" version="1" lat="50.90831887353" lon="6.226402893" />
  <node id="3118" version="1" lat="50.90831549092" lon="6.22637003593" />
  <node id="3119" version="1" lat="50.90831147006" lon="6.22634532662" />
  <node id="3120" version="1" lat="50.90830872571" lon="6.22632443838" />
  <node id="3121" version="1" lat="50.90828335617" lon="6.2264940881" />
  <node id="3122" version="1" lat="50.90826686596" lon="6.22653230958" />
  <node id="3123" version="1" lat="50.90824572465" lon="6.22658461265" />
  <node id="3124" version="1" lat="50.90822838878" lon="6.22662685744" />
  <node id="3125" version="1" lat="50.90820851593" lon="6.22667446665" />
  <node id="3126" version="1" lat="50.90819364027" lon="6.2267084041" />
  <node id="3127" version="1" lat="50.90816958981" lon="6.22676940247" />
  <node id="3128" version="1" lat="50.90815439411" lon="6.22681528263" />
  <node id="3129" version="1" lat="50.90815101149" lon="6.22684813969" />
  <node id="3130" version="1" lat="50.90814932018" lon="6.22687663816" />
  <node id="3131" version="1" lat="50.90815206855" lon="6.22691418908" />
  <node id="3132" version="1" lat="50.90815608541" lon="6.22694738142" />
  <node id="3133" version="1" lat="50.90816623327" lon="6.22699599646" />
  <node id="3134" version="1" lat="50.90817490121" lon="6.22702281855" />
  <node id="3135" version="1" lat="50.90818917162" lon="6.22705131702" />
  <node id="3136" version="1" lat="50.9081953026" lon="6.22705936365" />
  <node id="3137" version="1" lat="50.90824107357" lon="6.22710294954" />
  <node id="3138" version="1" lat="50.90827785943" lon="6.22713982992" />
  <node id="3139" version="1" lat="50.90831041702" lon="6.22717402808" />
  <node id="3140" version="1" lat="50.90833790067" lon="6.22720152073" />
  <node id="3141" version="1" lat="50.90836665279" lon="6.22722901337" />
  <node id="3142" version="1" lat="50.90840343855" lon="6.22726723485" />
  <node id="3143" version="1" lat="50.90842965368" lon="6.22729338638" />
  <node id="3144" version="1" lat="50.9084541775" lon="6.22731752627" />
  <node id="3145" version="1" lat="50.90849645991" lon="6.22736111216" />
  <node id="3146" version="1" lat="50.90852732604" lon="6.22739396922" />
  <node id="3147" version="1" lat="50.90855692369" lon="6.22742213242" />
  <node id="3148" version="1" lat="50.90858652131" lon="6.22745364837" />
  <node id="3149" version="1" lat="50.90860174294" lon="6.22746974163" />
  <node id="3150" version="1" lat="50.90865079038" lon="6.22751265697" />
  <node id="3151" version="1" lat="50.90867531408" lon="6.22753277354" />
  <node id="3152" version="1" lat="50.90871125396" lon="6.22755691342" />
  <node id="3153" version="1" lat="50.90878017389" lon="6.22761927478" />
  <node id="3154" version="1" lat="50.90880850291" lon="6.22764475577" />
  <node id="3155" version="1" lat="50.90883344935" lon="6.22767157786" />
  <node id="3156" version="1" lat="50.90885966423" lon="6.22769839995" />
  <node id="3157" version="1" lat="50.90888545628" lon="6.22772321038" />
  <node id="3158" version="1" lat="50.90891843626" lon="6.22775673799" />
  <node id="3159" version="1" lat="50.90894211418" lon="6.22777953677" />
  <node id="3160" version="1" lat="50.90896367799" lon="6.22780166499" />
  <node id="3161" version="1" lat="50.90899454381" lon="6.2278325104" />
  <node id="3162" version="1" lat="50.9090249868" lon="6.22786268525" />
  <node id="3163" version="1" lat="50.90905289285" lon="6.22789218955" />
  <node id="3164" version="1" lat="50.90908323009" lon="6.2279210233" />
  <node id="3165" version="1" lat="50.90911673887" lon="6.22795723245" />
  <node id="3166" version="1" lat="50.90913999388" lon="6.22798070177" />
  <node id="3167" version="1" lat="50.90916324886" lon="6.22800215945" />
  <node id="3168" version="1" lat="50.90918523539" lon="6.22802227601" />
  <node id="3169" version="1" lat="50.9092072219" lon="6.22804507479" />
  <node id="3170" version="1" lat="50.9092469663" lon="6.22808597915" />
  <node id="3171" version="1" lat="50.90928163729" lon="6.22812084787" />
  <node id="3172" version="1" lat="50.90930002759" lon="6.22814059332" />
  <node id="3173" version="1" lat="50.9093261365" lon="6.22816708014" />
  <node id="3174" version="1" lat="50.90934030085" lon="6.22818954364" />
  <node id="3175" version="1" lat="50.90934960281" lon="6.22821301297" />
  <node id="3176" version="1" lat="50.90935657927" lon="6.22823681757" />
  <node id="3177" version="1" lat="50.90936059602" lon="6.22826313675" />
  <node id="3178" version="1" lat="50.90936101884" lon="6.22828560025" />
  <node id="3179" version="1" lat="50.90935964469" lon="6.22830538154" />
  <node id="3180" version="1" lat="50.90935626216" lon="6.22832482756" />
  <node id="3181" version="1" lat="50.90934801725" lon="6.22835466713" />
  <node id="3182" version="1" lat="50.90933290157" lon="6.22839456499" />
  <node id="3183" version="1" lat="50.90931863151" lon="6.2284302719" />
  <node id="3184" version="1" lat="50.9093055242" lon="6.22846229077" />
  <node id="3185" version="1" lat="50.90929252259" lon="6.22849330381" />
  <node id="3186" version="1" lat="50.90927592703" lon="6.22853420749" />
  <node id="3187" version="1" lat="50.90926070562" lon="6.22856924385" />
  <node id="3188" version="1" lat="50.90923882484" lon="6.22862255276" />
  <node id="3189" version="1" lat="50.90922138363" lon="6.22866530047" />
  <node id="3190" version="1" lat="50.90917166526" lon="6.22879349579" />
  <node id="3191" version="1" lat="50.90915150885" lon="6.22881765162" />
  <node id="3192" version="1" lat="50.90913487503" lon="6.22883281779" />
  <node id="3193" version="1" lat="50.90911415694" lon="6.22883617055" />
  <node id="3194" version="1" lat="50.90909386166" lon="6.22883013558" />
  <node id="3195" version="1" lat="50.9082343307" lon="6.22845490221" />
  <node id="3196" version="1" lat="50.90821694602" lon="6.22847203998" />
  <node id="3198" version="1" lat="50.90817371507" lon="6.22848991921" />
  <node id="3199" version="1" lat="50.90814970743" lon="6.22848939696" />
  <node id="3200" version="1" lat="50.90806683368" lon="6.22830279254" />
  <node id="3201" version="1" lat="50.90802839127" lon="6.22826501694" />
  <node id="3202" version="1" lat="50.90799541067" lon="6.22823048349" />
  <node id="3203" version="1" lat="50.90795883599" lon="6.22819259729" />
  <node id="3204" version="1" lat="50.90793092928" lon="6.22816376355" />
  <node id="3205" version="1" lat="50.90788801211" lon="6.22811883654" />
  <node id="3206" version="1" lat="50.90784213509" lon="6.22807256844" />
  <node id="3207" version="1" lat="50.90778928133" lon="6.22801724788" />
  <node id="3208" version="1" lat="50.90775735763" lon="6.22798573192" />
  <node id="3209" version="1" lat="50.90773706176" lon="6.22796460953" />
  <node id="3210" version="1" lat="50.90772014852" lon="6.22794784572" />
  <node id="3211" version="1" lat="50.90771274898" lon="6.22793041136" />
  <node id="3212" version="1" lat="50.90770746359" lon="6.22791498866" />
  <node id="3213" version="1" lat="50.90770450377" lon="6.22790090706" />
  <node id="3214" version="1" lat="50.90770175537" lon="6.22788112577" />
  <node id="3215" version="1" lat="50.90770048688" lon="6.22785564479" />
  <node id="3216" version="1" lat="50.90770196679" lon="6.22783921625" />
  <node id="3217" version="1" lat="50.90770577227" lon="6.22782446411" />
  <node id="3218" version="1" lat="50.90771338323" lon="6.22780501809" />
  <node id="3219" version="1" lat="50.90772183985" lon="6.22778356042" />
  <node id="3220" version="1" lat="50.90773177638" lon="6.22775807944" />
  <node id="3221" version="1" lat="50.90774213573" lon="6.22773494538" />
  <node id="3222" version="1" lat="50.90775439782" lon="6.22770544108" />
  <node id="3223" version="1" lat="50.90775879204" lon="6.22769538575" />
  <node id="3227" version="1" lat="50.90779319251" lon="6.22762765702" />
  <node id="3228" version="1" lat="50.90780492605" lon="6.2276139107" />
  <node id="3229" version="1" lat="50.9078110571" lon="6.22760787573" />
  <node id="3230" version="1" lat="50.90782120501" lon="6.22760217603" />
  <node id="3231" version="1" lat="50.90782828742" lon="6.22759899091" />
  <node id="3232" version="1" lat="50.90784097232" lon="6.22759563815" />
  <node id="3233" version="1" lat="50.90785038028" lon="6.22759530287" />
  <node id="3234" version="1" lat="50.90785894258" lon="6.22759446468" />
  <node id="3235" version="1" lat="50.90787321308" lon="6.22759597342" />
  <node id="3236" version="1" lat="50.90789298036" lon="6.22759949382" />
  <node id="3237" version="1" lat="50.90792754665" lon="6.2276363742" />
  <node id="3238" version="1" lat="50.90794625683" lon="6.22765414383" />
  <node id="3241" version="1" lat="50.9080362136" lon="6.22774735059" />
  <node id="3246" version="1" lat="50.90812564165" lon="6.22783854571" />
  <node id="3257" version="1" lat="50.90828420161" lon="6.22800216045" />
  <node id="3258" version="1" lat="50.90829265813" lon="6.22801925953" />
  <node id="3259" version="1" lat="50.90829752062" lon="6.2280309942" />
  <node id="3260" version="1" lat="50.90830238312" lon="6.22804474052" />
  <node id="3261" version="1" lat="50.90830467969" lon="6.22805856099" />
  <node id="3264" version="1" lat="50.90830529158" lon="6.22810200908" />
  <node id="3265" version="1" lat="50.90830284915" lon="6.2281248546" />
  <node id="3269" version="1" lat="50.90828805584" lon="6.22816577844" />
  <node id="3272" version="1" lat="50.90826946267" lon="6.2282097383" />
  <node id="3274" version="1" lat="50.9082509427" lon="6.22825166231" />
  <node id="3276" version="1" lat="50.90822874433" lon="6.22830309013" />
  <node id="3279" version="1" lat="50.90820480583" lon="6.22835368137" />
  <node id="3280" version="1" lat="50.90819623139" lon="6.22836452304" />
  <node id="3282" version="1" lat="50.90818084497" lon="6.22837767295" />
  <node id="3284" version="1" lat="50.90816555205" lon="6.22838166081" />
  <node id="3286" version="1" lat="50.90814417489" lon="6.22837759881" />
  <node id="3287" version="1" lat="50.90813322814" lon="6.22836843352" />
  <node id="3288" version="1" lat="50.90812303353" lon="6.22835856221" />
  <node id="3291" version="1" lat="50.90809006621" lon="6.2283245333" />
  <node id="3292" version="1" lat="50.90890111669" lon="6.22590091833" />
  <node id="3293" version="1" lat="50.90885670449" lon="6.22587449782" />
  <node id="3294" version="1" lat="50.908822456" lon="6.22586108677" />
  <node id="3295" version="1" lat="50.9087844021" lon="6.22584968738" />
  <node id="3296" version="1" lat="50.90875226767" lon="6.22584566407" />
  <node id="3297" version="1" lat="50.90872309297" lon="6.22584365241" />
  <node id="3298" version="1" lat="50.90869603237" lon="6.22584566407" />
  <node id="3299" version="1" lat="50.90864783062" lon="6.2258550518" />
  <node id="3300" version="1" lat="50.90862372973" lon="6.22586443953" />
  <node id="3301" version="1" lat="50.90860005165" lon="6.22587248616" />
  <node id="3302" version="1" lat="50.90857510509" lon="6.22588388555" />
  <node id="3303" version="1" lat="50.9085446618" lon="6.2259013199" />
  <node id="3304" version="1" lat="50.9085264804" lon="6.22591473095" />
  <node id="3305" version="1" lat="50.90850703051" lon="6.22593417697" />
  <node id="3306" version="1" lat="50.90848250672" lon="6.22595965795" />
  <node id="3307" version="1" lat="50.9084647481" lon="6.22598379783" />
  <node id="3308" version="1" lat="50.90844868078" lon="6.22600726716" />
  <node id="3309" version="1" lat="50.90842838521" lon="6.22604548864" />
  <node id="3310" version="1" lat="50.90841739177" lon="6.22607231073" />
  <node id="3311" version="1" lat="50.90840217008" lon="6.22611254387" />
  <node id="3312" version="1" lat="50.90838948534" lon="6.22615009479" />
  <node id="3313" version="1" lat="50.90837764624" lon="6.22620038621" />
  <node id="3314" version="1" lat="50.90837214951" lon="6.22624665432" />
  <node id="3315" version="1" lat="50.90836792126" lon="6.22632712059" />
  <node id="3316" version="1" lat="50.90837003539" lon="6.22636936538" />
  <node id="3317" version="1" lat="50.90837510929" lon="6.22641697459" />
  <node id="3318" version="1" lat="50.90838187449" lon="6.22646391325" />
  <node id="3319" version="1" lat="50.90838779404" lon="6.22649274699" />
  <node id="3320" version="1" lat="50.90840382949" lon="6.22654650506" />
  <node id="3321" version="1" lat="50.90842288849" lon="6.22658729486" />
  <node id="3322" version="1" lat="50.9084368417" lon="6.2266147875" />
  <node id="3323" version="1" lat="50.90844994925" lon="6.22664093904" />
  <node id="3324" version="1" lat="50.90846686223" lon="6.22666574948" />
  <node id="3325" version="1" lat="50.90848123825" lon="6.22668452494" />
  <node id="3326" version="1" lat="50.90850111097" lon="6.22671134703" />
  <node id="3327" version="1" lat="50.90851844675" lon="6.22673414581" />
  <node id="3328" version="1" lat="50.90853578252" lon="6.22675292127" />
  <node id="3329" version="1" lat="50.90856115192" lon="6.22678242557" />
  <node id="3330" version="1" lat="50.90858398438" lon="6.22680924766" />
  <node id="3331" version="1" lat="50.90861146787" lon="6.22684143417" />
  <node id="3332" version="1" lat="50.90863134054" lon="6.22686490349" />
  <node id="3333" version="1" lat="50.90864571651" lon="6.22688233785" />
  <node id="3334" version="1" lat="50.90866728046" lon="6.22690647773" />
  <node id="3335" version="1" lat="50.90869053568" lon="6.22693397038" />
  <node id="3336" version="1" lat="50.90871294525" lon="6.22696079247" />
  <node id="3337" version="1" lat="50.90873831456" lon="6.22699096732" />
  <node id="3338" version="1" lat="50.90875734153" lon="6.22701242499" />
  <node id="3339" version="1" lat="50.90877298593" lon="6.22703187101" />
  <node id="3340" version="1" lat="50.90879285853" lon="6.22705399923" />
  <node id="3341" version="1" lat="50.90881315394" lon="6.22707679801" />
  <node id="3342" version="1" lat="50.9088427514" lon="6.22711166672" />
  <node id="3343" version="1" lat="50.9088651609" lon="6.22713848881" />
  <node id="3344" version="1" lat="50.90888714756" lon="6.22716464035" />
  <node id="3345" version="1" lat="50.90891251678" lon="6.22719414465" />
  <node id="3346" version="1" lat="50.90893365778" lon="6.22721962564" />
  <node id="3347" version="1" lat="50.90895733569" lon="6.22724644773" />
  <node id="3348" version="1" lat="50.90897424848" lon="6.22726857595" />
  <node id="3349" version="1" lat="50.90899538945" lon="6.22729472749" />
  <node id="3350" version="1" lat="50.90901272504" lon="6.22731551461" />
  <node id="3351" version="1" lat="50.90902836935" lon="6.22733294897" />
  <node id="3352" version="1" lat="50.90905035594" lon="6.2273577594" />
  <node id="3353" version="1" lat="50.90907445661" lon="6.2273859226" />
  <node id="3354" version="1" lat="50.90909390626" lon="6.22740872137" />
  <node id="3355" version="1" lat="50.90911335591" lon="6.2274308496" />
  <node id="3356" version="1" lat="50.909138725" lon="6.2274603539" />
  <node id="3357" version="1" lat="50.90916282562" lon="6.22748784654" />
  <node id="3358" version="1" lat="50.90918692624" lon="6.22751668029" />
  <node id="3359" version="1" lat="50.90921483219" lon="6.22754819624" />
  <node id="3360" version="1" lat="50.90924485222" lon="6.22758306496" />
  <node id="3361" version="1" lat="50.90926726152" lon="6.22760854594" />
  <node id="3362" version="1" lat="50.90928586546" lon="6.22763000362" />
  <node id="3363" version="1" lat="50.90930531502" lon="6.22764944963" />
  <node id="3364" version="1" lat="50.90934971074" lon="6.22769102387" />
  <node id="3365" version="1" lat="50.90939748894" lon="6.2277285748" />
  <node id="3366" version="1" lat="50.90942032099" lon="6.2277453386" />
  <node id="3367" version="1" lat="50.90944315302" lon="6.2277580791" />
  <node id="3368" version="1" lat="50.90946513941" lon="6.22776947848" />
  <node id="3369" version="1" lat="50.90949177676" lon="6.22778288953" />
  <node id="3372" version="1" lat="50.90958352749" lon="6.22781373493" />
  <node id="3373" version="1" lat="50.90961058758" lon="6.2278184288" />
  <node id="3374" version="1" lat="50.90964568111" lon="6.22782647543" />
  <node id="3375" version="1" lat="50.90967908337" lon="6.2278338515" />
  <node id="3376" version="1" lat="50.90970741184" lon="6.22784390979" />
  <node id="3377" version="1" lat="50.90973996842" lon="6.22785933249" />
  <node id="3378" version="1" lat="50.90976364592" lon="6.2278774374" />
  <node id="3379" version="1" lat="50.90978436373" lon="6.227891519" />
  <node id="3380" version="1" lat="50.90980930964" lon="6.22792303495" />
  <node id="3381" version="1" lat="50.90983340992" lon="6.2279518687" />
  <node id="3382" version="1" lat="50.90984947676" lon="6.22797869079" />
  <node id="3383" version="1" lat="50.90987104015" lon="6.22802294724" />
  <node id="3384" version="1" lat="50.90988245606" lon="6.22805312209" />
  <node id="3385" version="1" lat="50.90989133509" lon="6.22808128528" />
  <node id="3386" version="1" lat="50.90990401943" lon="6.22812621228" />
  <node id="3387" version="1" lat="50.90991374408" lon="6.22818186812" />
  <node id="3388" version="1" lat="50.90991881782" lon="6.22821204297" />
  <node id="3389" version="1" lat="50.9099222003" lon="6.22825965218" />
  <node id="3390" version="1" lat="50.90992346874" lon="6.22831664912" />
  <node id="3391" version="1" lat="50.90991924063" lon="6.22836828165" />
  <node id="3392" version="1" lat="50.90991289846" lon="6.22841589086" />
  <node id="3393" version="1" lat="50.90990613348" lon="6.22844874792" />
  <node id="3394" version="1" lat="50.90989387196" lon="6.22849233381" />
  <node id="3395" version="1" lat="50.90988118762" lon="6.22852921419" />
  <node id="3396" version="1" lat="50.90986638922" lon="6.22856542401" />
  <node id="3397" version="1" lat="50.90985455051" lon="6.22859023445" />
  <node id="3398" version="1" lat="50.90983679241" lon="6.22862107984" />
  <node id="3399" version="1" lat="50.90981692025" lon="6.22864857249" />
  <node id="3400" version="1" lat="50.90980043059" lon="6.22866801851" />
  <node id="3401" version="1" lat="50.90978351811" lon="6.22868612342" />
  <node id="3402" version="1" lat="50.90976702842" lon="6.22870422833" />
  <node id="3403" version="1" lat="50.90975434405" lon="6.22871629827" />
  <node id="3404" version="1" lat="50.90973996843" lon="6.22873037987" />
  <node id="3405" version="1" lat="50.90972559279" lon="6.22874781422" />
  <node id="3406" version="1" lat="50.90970910309" lon="6.22876726024" />
  <node id="3407" version="1" lat="50.90969430464" lon="6.2287860357" />
  <node id="3408" version="1" lat="50.90967770922" lon="6.22881034322" />
  <node id="3409" version="1" lat="50.90966481342" lon="6.22883146562" />
  <node id="3410" version="1" lat="50.90965054347" lon="6.22885778479" />
  <node id="3411" version="1" lat="50.90963828188" lon="6.22888276286" />
  <node id="3412" version="1" lat="50.90962876857" lon="6.22890723802" />
  <node id="3413" version="1" lat="50.90961661268" lon="6.22895317085" />
  <node id="3414" version="1" lat="50.90960614804" lon="6.22902743451" />
  <node id="3415" version="1" lat="50.90959409784" lon="6.22912935846" />
  <node id="3416" version="1" lat="50.90959409784" lon="6.22918836705" />
  <node id="3417" version="1" lat="50.90959621191" lon="6.22922122411" />
  <node id="3418" version="1" lat="50.90960339975" lon="6.22927687995" />
  <node id="3419" version="1" lat="50.90960931914" lon="6.22931107812" />
  <node id="3420" version="1" lat="50.90961692979" lon="6.22934862904" />
  <node id="3421" version="1" lat="50.90963045983" lon="6.22940495543" />
  <node id="3422" version="1" lat="50.90964441267" lon="6.22944116525" />
  <node id="3423" version="1" lat="50.90966343928" lon="6.22949078612" />
  <node id="3424" version="1" lat="50.90967358679" lon="6.22950687937" />
  <node id="3425" version="1" lat="50.90968500275" lon="6.2295303487" />
  <node id="3426" version="1" lat="50.90970318371" lon="6.22955650024" />
  <node id="3427" version="1" lat="50.90972178748" lon="6.22958131067" />
  <node id="3428" version="1" lat="50.90974165967" lon="6.22960545056" />
  <node id="3429" version="1" lat="50.90975984061" lon="6.22962422602" />
  <node id="3430" version="1" lat="50.90977548467" lon="6.22964166038" />
  <node id="3431" version="1" lat="50.90979112872" lon="6.22965238921" />
  <node id="3432" version="1" lat="50.90981269214" lon="6.22966445915" />
  <node id="3433" version="1" lat="50.90983087305" lon="6.22967451744" />
  <node id="3434" version="1" lat="50.90986216111" lon="6.22968591683" />
  <node id="3435" version="1" lat="50.90988668417" lon="6.22969597511" />
  <node id="3436" version="1" lat="50.90991247565" lon="6.22969798677" />
  <node id="3437" version="1" lat="50.90993488463" lon="6.22969865732" />
  <node id="3438" version="1" lat="50.90995940765" lon="6.22969798677" />
  <node id="3439" version="1" lat="50.90998900439" lon="6.22968926959" />
  <node id="3440" version="1" lat="50.91001775548" lon="6.22967719965" />
  <node id="3441" version="1" lat="50.91004354689" lon="6.2296637886" />
  <node id="3442" version="1" lat="50.91006806986" lon="6.2296483659" />
  <node id="3443" version="1" lat="50.91009386124" lon="6.22963026099" />
  <node id="3444" version="1" lat="50.91011584732" lon="6.22961081497" />
  <node id="3445" version="1" lat="50.91013698778" lon="6.2295893573" />
  <node id="3446" version="1" lat="50.9101572826" lon="6.22956857018" />
  <node id="3447" version="1" lat="50.91017926866" lon="6.22954040699" />
  <node id="3448" version="1" lat="50.91019448977" lon="6.22952297263" />
  <node id="3449" version="1" lat="50.9102114021" lon="6.22949615054" />
  <node id="3450" version="1" lat="50.9102266232" lon="6.22947938673" />
  <node id="3451" version="1" lat="50.91024649518" lon="6.22944787078" />
  <node id="3452" version="1" lat="50.91026383031" lon="6.22941970758" />
  <node id="3453" version="1" lat="50.910279897" lon="6.22939154439" />
  <node id="3454" version="1" lat="50.91029342685" lon="6.22936673395" />
  <node id="3455" version="1" lat="50.91030526546" lon="6.22934527628" />
  <node id="3456" version="1" lat="50.91031710407" lon="6.22932046585" />
  <node id="3457" version="1" lat="50.91032809706" lon="6.22929498486" />
  <node id="3458" version="1" lat="50.91034416373" lon="6.22926145725" />
  <node id="3459" version="1" lat="50.91035515671" lon="6.22923195295" />
  <node id="3460" version="1" lat="50.91036826373" lon="6.22920043699" />
  <node id="3461" version="1" lat="50.91037798829" lon="6.22917294435" />
  <node id="3462" version="1" lat="50.91038982688" lon="6.22913874619" />
  <node id="3463" version="1" lat="50.91039870582" lon="6.22910924189" />
  <node id="3464" version="1" lat="50.91040969879" lon="6.22907370262" />
  <node id="3465" version="1" lat="50.91042026895" lon="6.22903682224" />
  <node id="3466" version="1" lat="50.9104299935" lon="6.22899994187" />
  <node id="3467" version="1" lat="50.91043718121" lon="6.22896507315" />
  <node id="3468" version="1" lat="50.91044225488" lon="6.22892953388" />
  <node id="3469" version="1" lat="50.91044732855" lon="6.22888125412" />
  <node id="3470" version="1" lat="50.9104502882" lon="6.22884437375" />
  <node id="3471" version="1" lat="50.91045282504" lon="6.22879274122" />
  <node id="3472" version="1" lat="50.91045197942" lon="6.22875586085" />
  <node id="3473" version="1" lat="50.910450711" lon="6.22870355777" />
  <node id="3474" version="1" lat="50.91044732855" lon="6.2286666774" />
  <node id="3475" version="1" lat="50.9104435233" lon="6.22862510316" />
  <node id="3476" version="1" lat="50.91044014085" lon="6.2285935872" />
  <node id="3477" version="1" lat="50.91043379875" lon="6.22855469517" />
  <node id="3478" version="1" lat="50.91042661105" lon="6.22852049701" />
  <node id="3479" version="1" lat="50.91041942334" lon="6.22848763995" />
  <node id="3480" version="1" lat="50.91041223563" lon="6.22846551172" />
  <node id="3481" version="1" lat="50.9104042023" lon="6.22843868963" />
  <node id="3482" version="1" lat="50.91039278652" lon="6.22840382092" />
  <node id="3483" version="1" lat="50.91037756548" lon="6.22836626999" />
  <node id="3484" version="1" lat="50.91036276724" lon="6.22833207183" />
  <node id="3485" version="1" lat="50.91034881461" lon="6.22829988532" />
  <node id="3486" version="1" lat="50.91032809706" lon="6.22825562887" />
  <node id="3487" version="1" lat="50.91031160757" lon="6.22821941905" />
  <node id="3488" version="1" lat="50.91029046719" lon="6.22817315094" />
  <node id="3489" version="1" lat="50.91027355489" lon="6.22813694112" />
  <node id="3490" version="1" lat="50.91025199168" lon="6.22809201412" />
  <node id="3491" version="1" lat="50.91022620039" lon="6.22803769939" />
  <node id="3492" version="1" lat="50.91020294593" lon="6.22798673742" />
  <node id="3493" version="1" lat="50.91018476517" lon="6.22794985704" />
  <node id="3494" version="1" lat="50.9101665844" lon="6.22791163556" />
  <node id="3495" version="1" lat="50.91014248429" lon="6.22786670856" />
  <node id="3496" version="1" lat="50.9101285316" lon="6.22784055702" />
  <node id="3497" version="1" lat="50.91008878752" lon="6.22776880793" />
  <node id="3498" version="1" lat="50.91006637862" lon="6.22773058645" />
  <node id="3499" version="1" lat="50.9100481978" lon="6.22770443492" />
  <node id="3500" version="1" lat="50.9100270573" lon="6.22766889565" />
  <node id="3501" version="1" lat="50.91000253432" lon="6.22763335638" />
  <node id="3502" version="1" lat="50.90996955511" lon="6.22758239441" />
  <node id="3503" version="1" lat="50.90994714614" lon="6.22755087845" />
  <node id="3504" version="1" lat="50.909918395" lon="6.22751131587" />
  <node id="3505" version="1" lat="50.90990021413" lon="6.22748717599" />
  <node id="3506" version="1" lat="50.90987061734" lon="6.22744828396" />
  <node id="3507" version="1" lat="50.90984440302" lon="6.2274154269" />
  <node id="3508" version="1" lat="50.90981945713" lon="6.22738525204" />
  <node id="3509" version="1" lat="50.90980127621" lon="6.22736312382" />
  <node id="3510" version="1" lat="50.90977506186" lon="6.22733496062" />
  <node id="3511" version="1" lat="50.90975180717" lon="6.22730880909" />
  <node id="3512" version="1" lat="50.90971882779" lon="6.22727326982" />
  <node id="3513" version="1" lat="50.90969557308" lon="6.22725047104" />
  <node id="3514" version="1" lat="50.90966978148" lon="6.22722566061" />
  <node id="3515" version="1" lat="50.90964145298" lon="6.22720017962" />
  <node id="3516" version="1" lat="50.90960593663" lon="6.22716799311" />
  <node id="3517" version="1" lat="50.90958099061" lon="6.22714519434" />
  <node id="3518" version="1" lat="50.90955562176" lon="6.22712373666" />
  <node id="3519" version="1" lat="50.90952813882" lon="6.22710026734" />
  <node id="3520" version="1" lat="50.90950276994" lon="6.22707948022" />
  <node id="3521" version="1" lat="50.90947063601" lon="6.22705735199" />
  <node id="3522" version="1" lat="50.90944484428" lon="6.22703790598" />
  <node id="3523" version="1" lat="50.90941947536" lon="6.22702114217" />
  <node id="3524" version="1" lat="50.9093936836" lon="6.22700437836" />
  <node id="3525" version="1" lat="50.90937169718" lon="6.22698895566" />
  <node id="3526" version="1" lat="50.90934294568" lon="6.22697085075" />
  <node id="3527" version="1" lat="50.9093201136" lon="6.2269547575" />
  <node id="3528" version="1" lat="50.90929854996" lon="6.226942017" />
  <node id="3529" version="1" lat="50.90927529504" lon="6.2269265943" />
  <node id="3530" version="1" lat="50.90925246292" lon="6.22690647773" />
  <node id="3531" version="1" lat="50.9092321677" lon="6.22688703172" />
  <node id="3532" version="1" lat="50.90920806711" lon="6.22685886852" />
  <node id="3533" version="1" lat="50.90918904032" lon="6.2268353992" />
  <node id="3534" version="1" lat="50.90917297325" lon="6.22681125931" />
  <node id="3535" version="1" lat="50.90915479208" lon="6.22678309612" />
  <node id="3536" version="1" lat="50.90914168473" lon="6.22675694458" />
  <node id="3537" version="1" lat="50.90912900018" lon="6.22672811083" />
  <node id="3538" version="1" lat="50.90911842973" lon="6.22669927709" />
  <node id="3539" version="1" lat="50.90910489954" lon="6.22665636174" />
  <node id="3540" version="1" lat="50.90909517472" lon="6.22661814027" />
  <node id="3541" version="1" lat="50.9090879868" lon="6.22658461265" />
  <node id="3542" version="1" lat="50.90908164452" lon="6.22654907338" />
  <node id="3543" version="1" lat="50.90907741634" lon="6.22651554577" />
  <node id="3544" version="1" lat="50.90907445661" lon="6.22647464208" />
  <node id="3545" version="1" lat="50.90907318815" lon="6.22643843226" />
  <node id="3546" version="1" lat="50.90907318815" lon="6.22639417581" />
  <node id="3547" version="1" lat="50.90907445661" lon="6.22635461323" />
  <node id="3548" version="1" lat="50.90907403379" lon="6.2263170623" />
  <node id="3549" version="1" lat="50.90907318815" lon="6.22628688745" />
  <node id="3550" version="1" lat="50.90906938278" lon="6.22624397211" />
  <node id="3551" version="1" lat="50.90906557741" lon="6.22620977394" />
  <node id="3552" version="1" lat="50.90905923513" lon="6.22617289357" />
  <node id="3553" version="1" lat="50.90905247003" lon="6.22614137761" />
  <node id="3554" version="1" lat="50.90904443647" lon="6.22610852055" />
  <node id="3555" version="1" lat="50.90903217472" lon="6.22607901625" />
  <node id="3556" version="1" lat="50.90902033579" lon="6.22605152361" />
  <node id="3557" version="1" lat="50.90900891967" lon="6.22602872483" />
  <node id="3558" version="1" lat="50.90899834919" lon="6.22600726716" />
  <node id="3559" version="1" lat="50.90898397333" lon="6.22598580949" />
  <node id="3560" version="1" lat="50.9089725572" lon="6.22596770458" />
  <node id="3561" version="1" lat="50.90895944979" lon="6.22595228188" />
  <node id="3562" version="1" lat="50.90894549674" lon="6.22593685918" />
  <node id="3563" version="1" lat="50.90893112086" lon="6.22592277758" />
  <node id="3564" version="1" lat="50.90891378524" lon="6.22590869598" />
  <node id="3565" version="1" lat="50.90932138247" lon="6.22768163547" />
  <node id="3566" version="1" lat="50.90934167766" lon="6.22771650419" />
  <node id="3567" version="1" lat="50.90935943594" lon="6.22774600849" />
  <node id="3568" version="1" lat="50.90937888547" lon="6.22777417168" />
  <node id="3569" version="1" lat="50.90961946667" lon="6.22886583142" />
  <node id="3570" version="1" lat="50.9096173526" lon="6.22890740566" />
  <node id="3571" version="1" lat="50.90960593663" lon="6.22886013172" />
  <node id="3572" version="1" lat="50.90959515488" lon="6.22888695382" />
  <node id="3573" version="1" lat="50.90958204764" lon="6.22892819278" />
  <node id="3574" version="1" lat="50.9095655579" lon="6.22899021886" />
  <node id="3575" version="1" lat="50.90955583317" lon="6.22902642869" />
  <node id="3576" version="1" lat="50.90915660372" lon="6.22864432931" />
  <node id="3577" version="1" lat="50.90914910843" lon="6.22866716421" />
  <node id="3578" version="1" lat="50.90913658855" lon="6.22868806417" />
  <node id="3579" version="1" lat="50.9091305268" lon="6.22869406368" />
  <node id="3580" version="1" lat="50.90912359705" lon="6.22869998582" />
  <node id="3581" version="1" lat="50.90911701897" lon="6.22870348687" />
  <node id="3582" version="1" lat="50.9091099754" lon="6.22870367385" />
  <node id="3583" version="1" lat="50.90909944965" lon="6.22870460553" />
  <node id="3584" version="1" lat="50.90909176726" lon="6.22870310807" />
  <node id="3585" version="1" lat="50.90907643501" lon="6.22868838172" />
  <node id="3589" version="1" lat="50.90900793834" lon="6.22861834446" />
  <node id="3590" version="1" lat="50.90899961764" lon="6.2286063277" />
  <node id="3591" version="1" lat="50.90899581227" lon="6.22859124027" />
  <node id="3592" version="1" lat="50.90899327535" lon="6.22857078843" />
  <node id="3593" version="1" lat="50.90899412099" lon="6.22855871849" />
  <node id="3594" version="1" lat="50.90899665791" lon="6.22854195468" />
  <node id="3595" version="1" lat="50.90900173174" lon="6.22852250866" />
  <node id="3596" version="1" lat="50.90901166799" lon="6.22849903934" />
  <node id="3597" version="1" lat="50.90902329552" lon="6.22847087614" />
  <node id="3598" version="1" lat="50.90903724855" lon="6.22843734853" />
  <node id="3599" version="1" lat="50.9090406311" lon="6.22842393748" />
  <node id="3600" version="1" lat="50.90904105392" lon="6.22841186754" />
  <node id="3601" version="1" lat="50.9090406311" lon="6.22840180926" />
  <node id="3602" version="1" lat="50.90903893983" lon="6.22839040987" />
  <node id="3603" version="1" lat="50.90903598009" lon="6.22838370435" />
  <node id="3604" version="1" lat="50.90902625525" lon="6.22837062858" />
  <node id="3605" version="1" lat="50.90901293645" lon="6.22835621171" />
  <node id="3606" version="1" lat="50.90899665791" lon="6.2283394479" />
  <node id="3607" version="1" lat="50.90896542624" lon="6.22830380876" />
  <node id="3608" version="1" lat="50.90867436675" lon="6.22800301117" />
  <node id="3609" version="1" lat="50.90864127687" lon="6.22797299109" />
  <node id="3610" version="1" lat="50.90863387748" lon="6.22796863251" />
  <node id="3611" version="1" lat="50.90862647808" lon="6.22796628558" />
  <node id="3612" version="1" lat="50.90861654174" lon="6.22796695612" />
  <node id="3613" version="1" lat="50.90860893093" lon="6.2279699736" />
  <node id="3614" version="1" lat="50.90859836036" lon="6.22798338465" />
  <node id="3615" version="1" lat="50.90858356155" lon="6.22802026503" />
  <node id="3616" version="1" lat="50.90857383662" lon="6.22804775767" />
  <node id="3617" version="1" lat="50.90856094052" lon="6.22807927363" />
  <node id="3618" version="1" lat="50.90855438675" lon="6.22809134357" />
  <node id="3619" version="1" lat="50.90854508463" lon="6.22810140185" />
  <node id="3620" version="1" lat="50.90853747381" lon="6.22810542516" />
  <node id="3621" version="1" lat="50.90852394345" lon="6.22811078958" />
  <node id="3622" version="1" lat="50.90850766453" lon="6.22810475495" />
  <node id="3623" version="1" lat="50.90846485381" lon="6.22806200691" />
  <node id="3624" version="1" lat="50.90841696894" lon="6.22801272132" />
  <node id="3625" version="1" lat="50.90839413641" lon="6.22798874907" />
  <node id="3626" version="1" lat="50.90837426363" lon="6.22796779432" />
  <node id="3627" version="1" lat="50.90828758422" lon="6.22788011994" />
  <node id="3628" version="1" lat="50.90826982553" lon="6.22786235031" />
  <node id="3629" version="1" lat="50.9082499527" lon="6.22784223374" />
  <node id="3630" version="1" lat="50.90822627443" lon="6.22781842913" />
  <node id="3631" version="1" lat="50.90820893855" lon="6.2278006595" />
  <node id="3632" version="1" lat="50.90819287114" lon="6.22778456625" />
  <node id="3633" version="1" lat="50.90817701514" lon="6.22776847299" />
  <node id="3634" version="1" lat="50.90816242761" lon="6.22775338557" />
  <node id="3635" version="1" lat="50.90815058845" lon="6.22774098035" />
  <node id="3636" version="1" lat="50.90813282971" lon="6.22772254016" />
  <node id="3637" version="1" lat="50.90812162479" lon="6.2277108055" />
  <node id="3638" version="1" lat="50.90810619159" lon="6.22769504752" />
  <node id="3639" version="1" lat="50.9080710969" lon="6.22765783187" />
  <node id="3640" version="1" lat="50.90804488157" lon="6.22763100978" />
  <node id="3641" version="1" lat="50.90802522006" lon="6.22760988738" />
  <node id="3642" version="1" lat="50.9080108439" lon="6.22759547051" />
  <node id="3643" version="1" lat="50.90799511763" lon="6.22757962912" />
  <node id="3647" version="1" lat="50.9079560876" lon="6.22752204504" />
  <node id="3648" version="1" lat="50.90795207073" lon="6.22750896927" />
  <node id="3649" version="1" lat="50.90794763102" lon="6.22749354657" />
  <node id="3650" version="1" lat="50.90794445981" lon="6.22747845914" />
  <node id="3651" version="1" lat="50.90794171142" lon="6.22746136006" />
  <node id="3652" version="1" lat="50.90793980869" lon="6.22743856128" />
  <node id="3653" version="1" lat="50.9079400201" lon="6.22741743889" />
  <node id="3654" version="1" lat="50.9079400201" lon="6.22740067508" />
  <node id="3655" version="1" lat="50.90794329702" lon="6.22737670283" />
  <node id="3656" version="1" lat="50.90794498834" lon="6.22737050023" />
  <node id="3657" version="1" lat="50.90794995658" lon="6.22735490989" />
  <node id="3658" version="1" lat="50.90796428285" lon="6.22732076547" />
  <node id="3659" version="1" lat="50.90799287391" lon="6.22727528147" />
  <node id="3660" version="1" lat="50.90800640442" lon="6.22726254098" />
  <node id="3661" version="1" lat="50.90801739795" lon="6.22725181215" />
  <node id="3662" version="1" lat="50.90803557956" lon="6.22724041276" />
  <node id="3663" version="1" lat="50.90805291551" lon="6.22723169558" />
  <node id="3664" version="1" lat="50.90806813732" lon="6.22722700171" />
  <node id="3665" version="1" lat="50.90808716456" lon="6.22722499005" />
  <node id="3666" version="1" lat="50.90810450049" lon="6.22722767226" />
  <node id="3667" version="1" lat="50.90812056793" lon="6.22723370723" />
  <node id="3668" version="1" lat="50.90813113862" lon="6.22724041276" />
  <node id="3669" version="1" lat="50.90815650824" lon="6.22726254098" />
  <node id="3670" version="1" lat="50.90817638111" lon="6.227281987" />
  <node id="3671" version="1" lat="50.90819709962" lon="6.22730478577" />
  <node id="3672" version="1" lat="50.90822120073" lon="6.22732892565" />
  <node id="3673" version="1" lat="50.90824234204" lon="6.22735105388" />
  <node id="3674" version="1" lat="50.90826475183" lon="6.22737251155" />
  <node id="3675" version="1" lat="50.90828631595" lon="6.22739463978" />
  <node id="3676" version="1" lat="50.90830872571" lon="6.22741877966" />
  <node id="3677" version="1" lat="50.90833578654" lon="6.22744560175" />
  <node id="3678" version="1" lat="50.90836749844" lon="6.2274771177" />
  <node id="3679" version="1" lat="50.90839202229" lon="6.22750326924" />
  <node id="3680" version="1" lat="50.90841231787" lon="6.22751735084" />
  <node id="3681" version="1" lat="50.90842965368" lon="6.22753009133" />
  <node id="3682" version="1" lat="50.90845121773" lon="6.22754283182" />
  <node id="3683" version="1" lat="50.90847024482" lon="6.22755624287" />
  <node id="3684" version="1" lat="50.90849159722" lon="6.22756496038" />
  <node id="3685" version="1" lat="50.90851273841" lon="6.22757401284" />
  <node id="3686" version="1" lat="50.90853768501" lon="6.22758172419" />
  <node id="3687" version="1" lat="50.90856390006" lon="6.22758910026" />
  <node id="3688" version="1" lat="50.90859814874" lon="6.22760049965" />
  <node id="3689" version="1" lat="50.90865945803" lon="6.22762463953" />
  <node id="3690" version="1" lat="50.90868419314" lon="6.22764173862" />
  <node id="3691" version="1" lat="50.90870152884" lon="6.22765380856" />
  <node id="3692" version="1" lat="50.90872351558" lon="6.22767224874" />
  <node id="3693" version="1" lat="50.90874761642" lon="6.22769538279" />
  <node id="3694" version="1" lat="50.90876516352" lon="6.2277108055" />
  <node id="3695" version="1" lat="50.90878545894" lon="6.22772991624" />
  <node id="3696" version="1" lat="50.90881040539" lon="6.22775372084" />
  <node id="3697" version="1" lat="50.90883810016" lon="6.22778356042" />
  <node id="3698" version="1" lat="50.9088571271" lon="6.22780300643" />
  <node id="3699" version="1" lat="50.90888122787" lon="6.22782681104" />
  <node id="3700" version="1" lat="50.90890744272" lon="6.22785296258" />
  <node id="3701" version="1" lat="50.90893534885" lon="6.22788112577" />
  <node id="3702" version="1" lat="50.90895733548" lon="6.22790258344" />
  <node id="3703" version="1" lat="50.90898651003" lon="6.22793175247" />
  <node id="3704" version="1" lat="50.90900405704" lon="6.2279495221" />
  <node id="3705" version="1" lat="50.90902688927" lon="6.2279719856" />
  <node id="3706" version="1" lat="50.90905225841" lon="6.22799746659" />
  <node id="3707" version="1" lat="50.90907551344" lon="6.22802093592" />
  <node id="3708" version="1" lat="50.90910722483" lon="6.22805245187" />
  <node id="3709" version="1" lat="50.90913047983" lon="6.22807659175" />
  <node id="3710" version="1" lat="50.90915732878" lon="6.22810341384" />
  <node id="3711" version="1" lat="50.90919897632" lon="6.22814599391" />
  <node id="3712" version="1" lat="50.90921546621" lon="6.22816275772" />
  <node id="3713" version="1" lat="50.90923407017" lon="6.22818220373" />
  <node id="3714" version="1" lat="50.90925521102" lon="6.22820466723" />
  <node id="3715" version="1" lat="50.90926937539" lon="6.2282199223" />
  <node id="3716" version="1" lat="50.90928110856" lon="6.22823568028" />
  <node id="3717" version="1" lat="50.90928544243" lon="6.22824364309" />
  <node id="3718" version="1" lat="50.90928850785" lon="6.22824984569" />
  <node id="3719" version="1" lat="50.90929120331" lon="6.22825705413" />
  <node id="3720" version="1" lat="50.90929395162" lon="6.2282683697" />
  <node id="3722" version="1" lat="50.90929530342" lon="6.22828311541" />
  <node id="3723" version="1" lat="50.90929550873" lon="6.22829573339" />
  <node id="3726" version="1" lat="50.90928828629" lon="6.22832982196" />
  <node id="3727" version="1" lat="50.90928128542" lon="6.22834738527" />
  <node id="3728" version="1" lat="50.90927427437" lon="6.22836523229" />
  <node id="3730" version="1" lat="50.9092598051" lon="6.22840009776" />
  <node id="3731" version="1" lat="50.9092523936" lon="6.22841762562" />
  <node id="3732" version="1" lat="50.9092399205" lon="6.228446627" />
  <node id="3733" version="1" lat="50.90923082993" lon="6.22846875522" />
  <node id="3734" version="1" lat="50.90922448767" lon="6.22848484848" />
  <node id="3735" version="1" lat="50.9091971692" lon="6.22854858963" />
  <node id="3736" version="1" lat="50.9091841086" lon="6.22858248797" />
  <node id="3738" version="1" lat="50.90897852342" lon="6.22858740718" />
  <node id="3743" version="1" lat="50.90887159672" lon="6.22847937413" />
  <node id="3744" version="1" lat="50.9088466503" lon="6.22845389314" />
  <node id="3745" version="1" lat="50.90881916695" lon="6.22842572994" />
  <node id="3746" version="1" lat="50.90878999229" lon="6.22839421399" />
  <node id="3747" version="1" lat="50.90874809637" lon="6.22835185959" />
  <node id="3748" version="1" lat="50.9087215887" lon="6.22832544368" />
  <node id="3749" version="1" lat="50.90868839718" lon="6.22829124552" />
  <node id="3750" version="1" lat="50.9086586939" lon="6.22826023248" />
  <node id="3751" version="1" lat="50.90863691854" lon="6.22823793661" />
  <node id="3752" version="1" lat="50.90861736299" lon="6.22821765241" />
  <node id="3753" version="1" lat="50.9086101994" lon="6.22820399635" />
  <node id="3754" version="1" lat="50.90860766246" lon="6.22818455033" />
  <node id="3755" version="1" lat="50.908606394" lon="6.22816577487" />
  <node id="3756" version="1" lat="50.90860766246" lon="6.22815035217" />
  <node id="3757" version="1" lat="50.90861109384" lon="6.22812956505" />
  <node id="3758" version="1" lat="50.90861774315" lon="6.22810416144" />
  <node id="3759" version="1" lat="50.90863038312" lon="6.22808497656" />
  <node id="3760" version="1" lat="50.90865165838" lon="6.22807916727" />
  <node id="3761" version="1" lat="50.90866375558" lon="6.22809093415" />
  <node id="3762" version="1" lat="50.90867869666" lon="6.22810810737" />
  <node id="3763" version="1" lat="50.9086947639" lon="6.22812621228" />
  <node id="3764" version="1" lat="50.90871252243" lon="6.22814364664" />
  <node id="3765" version="1" lat="50.90873366352" lon="6.22816577487" />
  <node id="3766" version="1" lat="50.90875057639" lon="6.22818186812" />
  <node id="3767" version="1" lat="50.90876918053" lon="6.22819997303" />
  <node id="3768" version="1" lat="50.90879328135" lon="6.22822612457" />
  <node id="3769" version="1" lat="50.9088203419" lon="6.22825227611" />
  <node id="3770" version="1" lat="50.90885036218" lon="6.22828178041" />
  <node id="3771" version="1" lat="50.90887234885" lon="6.22830323808" />
  <node id="3772" version="1" lat="50.90889137577" lon="6.22832469575" />
  <node id="3773" version="1" lat="50.90891167114" lon="6.22834481232" />
  <node id="3774" version="1" lat="50.90893578101" lon="6.22836874749" />
  <node id="3775" version="1" lat="50.90895353031" lon="6.22838705711" />
  <node id="3776" version="1" lat="50.90896071825" lon="6.2283997976" />
  <node id="3777" version="1" lat="50.90896524018" lon="6.22842071605" />
  <node id="3778" version="1" lat="50.90896554053" lon="6.22842992004" />
  <node id="3779" version="1" lat="50.90896466592" lon="6.22843745089" />
  <node id="3781" version="1" lat="50.90894825829" lon="6.22847682972" />
  <node id="3782" version="1" lat="50.90893936128" lon="6.22849165926" />
  <node id="3783" version="1" lat="50.90893027522" lon="6.22849972685" />
  <node id="3785" version="1" lat="50.90889883793" lon="6.22850566297" />
  <node id="3786" version="1" lat="50.90852161772" lon="6.22811900419" />
  <node id="3787" version="1" lat="50.90854212466" lon="6.2281397913" />
  <node id="3788" version="1" lat="50.90856421718" lon="6.22816191953" />
  <node id="3789" version="1" lat="50.90858768386" lon="6.22818672996" />
  <node id="3790" version="1" lat="50.90920650999" lon="6.22870015364" />
  <node id="3791" version="1" lat="50.90918987046" lon="6.22875005992" />
  <node id="3792" version="1" lat="50.90918671462" lon="6.2287739661" />
  <node id="3793" version="1" lat="50.90918925152" lon="6.22879307684" />
  <node id="3794" version="1" lat="50.90919326829" lon="6.22880950537" />
  <node id="3795" version="1" lat="50.9091983421" lon="6.22882040184" />
  <node id="3796" version="1" lat="50.90920838402" lon="6.22883330998" />
  <node id="3797" version="1" lat="50.90921821452" lon="6.22884537991" />
  <node id="3798" version="1" lat="50.90923174467" lon="6.22885996442" />
  <node id="3799" version="1" lat="50.90924886877" lon="6.2288779017" />
  <node id="3800" version="1" lat="50.90926409018" lon="6.22889433023" />
  <node id="3801" version="1" lat="50.90928375117" lon="6.22891478207" />
  <node id="3802" version="1" lat="50.90929791552" lon="6.22893020477" />
  <node id="3803" version="1" lat="50.90932899253" lon="6.2289607149" />
  <node id="3804" version="1" lat="50.90935267024" lon="6.22898351368" />
  <node id="3805" version="1" lat="50.90937888484" lon="6.22901067104" />
  <node id="3806" version="1" lat="50.90939918" lon="6.22903212871" />
  <node id="3807" version="1" lat="50.90941947514" lon="6.22905358639" />
  <node id="3808" version="1" lat="50.90944188436" lon="6.22907672044" />
  <node id="3809" version="1" lat="50.90945773993" lon="6.22909180786" />
  <node id="3810" version="1" lat="50.90947274988" lon="6.22910488364" />
  <node id="3816" version="1" lat="50.90952940705" lon="6.22906699743" />
  <node id="3832" version="1" lat="50.90954040086" lon="6.22944384679" />
  <node id="3833" version="1" lat="50.90955562218" lon="6.22950151429" />
  <node id="3834" version="1" lat="50.90957084349" lon="6.22955918178" />
  <node id="3835" version="1" lat="50.90959198419" lon="6.22960746154" />
  <node id="3836" version="1" lat="50.90962073554" lon="6.22966512904" />
  <node id="3837" version="1" lat="50.9096477956" lon="6.22970536217" />
  <node id="3838" version="1" lat="50.90969007693" lon="6.22974961862" />
  <node id="3839" version="1" lat="50.90972982134" lon="6.22978851065" />
  <node id="3840" version="1" lat="50.90979239758" lon="6.22982740268" />
  <node id="3841" version="1" lat="50.90984398063" lon="6.22985556588" />
  <node id="3842" version="1" lat="50.90988372491" lon="6.22986629471" />
  <node id="3843" version="1" lat="50.909932771" lon="6.22987165913" />
  <node id="3844" version="1" lat="50.90997505207" lon="6.22986629471" />
  <node id="3845" version="1" lat="50.91001056813" lon="6.22985958919" />
  <node id="3846" version="1" lat="50.91005961409" lon="6.22984215483" />
  <node id="3847" version="1" lat="50.91009259323" lon="6.22981935605" />
  <node id="3848" version="1" lat="50.91013994786" lon="6.22978448734" />
  <node id="3849" version="1" lat="50.91018307436" lon="6.22975364193" />
  <node id="3850" version="1" lat="50.91021859027" lon="6.22971743211" />
  <node id="3851" version="1" lat="50.91024903245" lon="6.22968122229" />
  <node id="3852" version="1" lat="50.91028116585" lon="6.22963830695" />
  <node id="3853" version="1" lat="50.91031329922" lon="6.22958868608" />
  <node id="3854" version="1" lat="50.9103412045" lon="6.22954040632" />
  <node id="3855" version="1" lat="50.91037080099" lon="6.22949212655" />
  <node id="3856" version="1" lat="50.91040969921" lon="6.22942507133" />
  <node id="3857" version="1" lat="50.91043083953" lon="6.22937813267" />
  <node id="3858" version="1" lat="50.91045197985" lon="6.22933119401" />
  <node id="3859" version="1" lat="50.91047988504" lon="6.22925877437" />
  <node id="3860" version="1" lat="50.91050017972" lon="6.22919842467" />
  <node id="3861" version="1" lat="50.91052132" lon="6.22912734613" />
  <node id="3862" version="1" lat="50.91054161466" lon="6.22904017434" />
  <node id="3863" version="1" lat="50.9105526076" lon="6.22896373138" />
  <node id="3864" version="1" lat="50.91055683565" lon="6.22889935836" />
  <node id="3865" version="1" lat="50.91055937248" lon="6.22883498535" />
  <node id="3866" version="1" lat="50.91055768126" lon="6.22876658902" />
  <node id="3867" version="1" lat="50.91055345321" lon="6.22868209943" />
  <node id="3868" version="1" lat="50.91055091638" lon="6.22863247856" />
  <node id="3869" version="1" lat="50.91053569539" lon="6.22853860125" />
  <node id="3870" version="1" lat="50.91051962878" lon="6.22847288713" />
  <node id="3871" version="1" lat="50.91050102533" lon="6.22839376196" />
  <node id="3872" version="1" lat="50.91047903943" lon="6.22833475336" />
  <node id="3873" version="1" lat="50.91044690617" lon="6.22826367483" />
  <node id="3874" version="1" lat="50.91042492024" lon="6.22822344169" />
  <node id="3875" version="1" lat="50.91039109572" lon="6.2281671153" />
  <node id="3876" version="1" lat="50.91035557994" lon="6.22811213002" />
  <node id="3877" version="1" lat="50.91032429221" lon="6.22806385025" />
  <node id="3878" version="1" lat="50.91054457388" lon="6.22858755223" />
  <node id="3879" version="1" lat="50.90895094033" lon="6.22862393004" />
  <node id="3881" version="1" lat="50.90896255487" lon="6.22863582153" />
  <node id="3882" version="1" lat="50.90907616935" lon="6.22875590335" />
  <node id="3883" version="1" lat="50.90910104956" lon="6.22877447975" />
  <node id="3884" version="1" lat="50.90911669385" lon="6.22877984417" />
  <node id="3885" version="1" lat="50.90912962578" lon="6.22877344516" />
  <node id="3886" version="1" lat="50.90913946299" lon="6.228767032" />
  <node id="3887" version="1" lat="50.90915931517" lon="6.22873237657" />
  <node id="3888" version="1" lat="50.90918301294" lon="6.22867301181" />
  <node id="3889" version="1" lat="50.90919421761" lon="6.22864451334" />
  <node id="3890" version="1" lat="50.90921070749" lon="6.22860696242" />
  <node id="3891" version="1" lat="50.90922677455" lon="6.22856739983" />
  <node id="3892" version="1" lat="50.90924580132" lon="6.22852213756" />
  <node id="3893" version="1" lat="50.90926059992" lon="6.22848760411" />
  <node id="3894" version="1" lat="50.90928047231" lon="6.22843798325" />
  <node id="3895" version="1" lat="50.90929992188" lon="6.22839104459" />
  <node id="3896" version="1" lat="50.90930732118" lon="6.22837159858" />
  <node id="3897" version="1" lat="50.90931852581" lon="6.2283404179" />
  <node id="3898" version="1" lat="50.90932381101" lon="6.22831627802" />
  <node id="3899" version="1" lat="50.90932571369" lon="6.22829280868" />
  <node id="3900" version="1" lat="50.90932465664" lon="6.22827151865" />
  <node id="3901" version="1" lat="50.90931958285" lon="6.22823983506" />
  <node id="3902" version="1" lat="50.9093130292" lon="6.22821871266" />
  <node id="3903" version="1" lat="50.90930119033" lon="6.22819826082" />
  <node id="3904" version="1" lat="50.9092849119" lon="6.22817982063" />
  <node id="3905" version="1" lat="50.90927640494" lon="6.22817113928" />
  <node id="3906" version="1" lat="50.90925626828" lon="6.22814901106" />
  <node id="3907" version="1" lat="50.90923555024" lon="6.22812822394" />
  <node id="3908" version="1" lat="50.9092127181" lon="6.22810408406" />
  <node id="3909" version="1" lat="50.90918734905" lon="6.22807927363" />
  <node id="3910" version="1" lat="50.90916620817" lon="6.22805781595" />
  <node id="3911" version="1" lat="50.90914675854" lon="6.22803769939" />
  <node id="3912" version="1" lat="50.90909898008" lon="6.22799009018" />
  <node id="3913" version="1" lat="50.90906642305" lon="6.22795924477" />
  <node id="3914" version="1" lat="50.90900849685" lon="6.22789889507" />
  <node id="3915" version="1" lat="50.90897932231" lon="6.22787274353" />
  <node id="3916" version="1" lat="50.90895733569" lon="6.22784994476" />
  <node id="3917" version="1" lat="50.90893534906" lon="6.22782781653" />
  <node id="3918" version="1" lat="50.90891378524" lon="6.22780702941" />
  <node id="3919" version="1" lat="50.90888883884" lon="6.22778154843" />
  <node id="3920" version="1" lat="50.90886473808" lon="6.22775740854" />
  <node id="3921" version="1" lat="50.9088427514" lon="6.22773528032" />
  <node id="3922" version="1" lat="50.90882287882" lon="6.22771516375" />
  <node id="3923" version="1" lat="50.90879750956" lon="6.22768901221" />
  <node id="3924" version="1" lat="50.90877510003" lon="6.22766621344" />
  <node id="3925" version="1" lat="50.90876410668" lon="6.22765481405" />
  <node id="3926" version="1" lat="50.90874254277" lon="6.22763335638" />
  <node id="3927" version="1" lat="50.90873154941" lon="6.22762262754" />
  <node id="3928" version="1" lat="50.90871928758" lon="6.22761189871" />
  <node id="3929" version="1" lat="50.90870364316" lon="6.22760184042" />
  <node id="3930" version="1" lat="50.90868673028" lon="6.22758977048" />
  <node id="3931" version="1" lat="50.90866389788" lon="6.22757635944" />
  <node id="3932" version="1" lat="50.90859053813" lon="6.22753243826" />
  <node id="3933" version="1" lat="50.90855882639" lon="6.22751299224" />
  <node id="3934" version="1" lat="50.90853683958" lon="6.2274982401" />
  <node id="3935" version="1" lat="50.9085159098" lon="6.2274841585" />
  <node id="3936" version="1" lat="50.9084945572" lon="6.22746772998" />
  <node id="3937" version="1" lat="50.90847891272" lon="6.2274546542" />
  <node id="3938" version="1" lat="50.90844022429" lon="6.2274181091" />
  <node id="3939" version="1" lat="50.90841400917" lon="6.22739262812" />
  <node id="3940" version="1" lat="50.90837553211" lon="6.22735239498" />
  <node id="3941" version="1" lat="50.90833959197" lon="6.22731618516" />
  <node id="3942" version="1" lat="50.90829984637" lon="6.22727595203" />
  <node id="3943" version="1" lat="50.90827024857" lon="6.22724711828" />
  <node id="3944" version="1" lat="50.9082288116" lon="6.22720487349" />
  <node id="3945" version="1" lat="50.90819456266" lon="6.22717067532" />
  <node id="3946" version="1" lat="50.90816242782" lon="6.22713848881" />
  <node id="3955" version="1" lat="50.90787116029" lon="6.22684433164" />
  <node id="3956" version="1" lat="50.90788669098" lon="6.22685780653" />
  <node id="3958" version="1" lat="50.9077909269" lon="6.22676328156" />
  <node id="3959" version="1" lat="50.907756571" lon="6.22672838701" />
  <node id="3961" version="1" lat="50.90772909832" lon="6.22670037703" />
  <node id="3963" version="1" lat="50.90771253186" lon="6.22668474277" />
  <node id="3964" version="1" lat="50.90762957692" lon="6.2265987908" />
  <node id="3967" version="1" lat="50.90755637577" lon="6.2265260555" />
  <node id="3968" version="1" lat="50.90750408161" lon="6.22647263043" />
  <node id="3969" version="1" lat="50.90748885962" lon="6.22645754301" />
  <node id="3970" version="1" lat="50.90745334163" lon="6.22642233901" />
  <node id="3971" version="1" lat="50.90739174743" lon="6.22636097579" />
  <node id="3972" version="1" lat="50.90736017787" lon="6.2263715953" />
  <node id="3973" version="1" lat="50.9073345253" lon="6.22639417581" />
  <node id="3974" version="1" lat="50.9073101066" lon="6.22640607811" />
  <node id="3975" version="1" lat="50.90734403907" lon="6.22615395046" />
  <node id="3976" version="1" lat="50.90734869025" lon="6.22617507286" />
  <node id="3977" version="1" lat="50.90735133297" lon="6.22618898682" />
  <node id="3978" version="1" lat="50.90735482135" lon="6.22623709895" />
  <node id="3979" version="1" lat="50.9073542928" lon="6.22627012364" />
  <node id="3980" version="1" lat="50.90734816171" lon="6.22631119498" />
  <node id="3981" version="1" lat="50.90733991644" lon="6.22634405203" />
  <node id="3982" version="1" lat="50.90732469439" lon="6.22638126768" />
  <node id="3983" version="1" lat="50.90729594164" lon="6.22642418303" />
  <node id="3984" version="1" lat="50.90727659694" lon="6.22644312613" />
  <node id="3985" version="1" lat="50.90726052921" lon="6.22645318441" />
  <node id="3986" version="1" lat="50.90723854177" lon="6.22646123104" />
  <node id="3987" version="1" lat="50.90722754805" lon="6.22646257214" />
  <node id="3988" version="1" lat="50.90721909135" lon="6.22646257214" />
  <node id="3989" version="1" lat="50.90720556061" lon="6.22646257214" />
  <node id="3990" version="1" lat="50.90719583539" lon="6.22646056049" />
  <node id="3991" version="1" lat="50.90718145897" lon="6.22645653718" />
  <node id="3992" version="1" lat="50.90717384792" lon="6.22645318441" />
  <node id="3993" version="1" lat="50.90715735732" lon="6.22644312613" />
  <node id="3994" version="1" lat="50.90714594074" lon="6.22643575005" />
  <node id="3995" version="1" lat="50.90713156431" lon="6.2264209979" />
  <node id="3996" version="1" lat="50.90712395326" lon="6.22640959851" />
  <node id="3997" version="1" lat="50.90711253667" lon="6.2263914936" />
  <node id="3998" version="1" lat="50.90710281143" lon="6.22637338869" />
  <node id="3999" version="1" lat="50.90709520037" lon="6.22635461323" />
  <node id="4000" version="1" lat="50.90709012633" lon="6.22634053163" />
  <node id="4001" version="1" lat="50.90708589797" lon="6.22632041506" />
  <node id="4002" version="1" lat="50.90708082393" lon="6.22629828684" />
  <node id="4003" version="1" lat="50.90707744123" lon="6.22627548806" />
  <node id="4004" version="1" lat="50.9070770184" lon="6.22625805371" />
  <node id="4005" version="1" lat="50.9070770184" lon="6.22623190217" />
  <node id="4006" version="1" lat="50.90707913258" lon="6.22620239787" />
  <node id="4007" version="1" lat="50.9070816696" lon="6.22618194602" />
  <node id="4008" version="1" lat="50.90709012633" lon="6.22614674203" />
  <node id="4009" version="1" lat="50.90710154292" lon="6.22611924939" />
  <node id="4010" version="1" lat="50.90711380518" lon="6.22609175675" />
  <node id="4011" version="1" lat="50.9071302958" lon="6.22606962852" />
  <node id="4012" version="1" lat="50.90714171238" lon="6.22605688803" />
  <node id="4013" version="1" lat="50.90715101478" lon="6.22604716502" />
  <node id="4014" version="1" lat="50.90717046524" lon="6.22603274815" />
  <node id="4015" version="1" lat="50.90720894329" lon="6.22602000766" />
  <node id="4016" version="1" lat="50.90722797089" lon="6.22602268986" />
  <node id="4017" version="1" lat="50.90725038116" lon="6.22603073649" />
  <node id="4018" version="1" lat="50.90728082529" lon="6.22604548864" />
  <node id="4019" version="1" lat="50.90729097333" lon="6.22605487637" />
  <node id="4020" version="1" lat="50.90731042373" lon="6.2260770046" />
  <node id="4021" version="1" lat="50.90732437727" lon="6.22610047393" />
  <node id="4022" version="1" lat="50.90733526526" lon="6.22612696074" />
  <node id="4069" version="1" lat="50.90934040879" lon="6.22687026791" />
  <node id="4070" version="1" lat="50.90930430565" lon="6.2268296067" />
  <node id="4071" version="1" lat="50.90929093926" lon="6.22681394152" />
  <node id="4072" version="1" lat="50.9092617649" lon="6.22677504949" />
  <node id="4073" version="1" lat="50.90924104686" lon="6.22673883967" />
  <node id="4074" version="1" lat="50.90922202009" lon="6.22670464151" />
  <node id="4075" version="1" lat="50.90920214767" lon="6.22665971451" />
  <node id="4076" version="1" lat="50.90918523496" lon="6.22661277585" />
  <node id="4077" version="1" lat="50.90917297325" lon="6.22656315498" />
  <node id="4078" version="1" lat="50.90916240281" lon="6.22651420467" />
  <node id="4079" version="1" lat="50.90915944308" lon="6.2264800065" />
  <node id="4080" version="1" lat="50.90916071153" lon="6.22643306784" />
  <node id="4081" version="1" lat="50.90916197999" lon="6.22638478808" />
  <node id="4082" version="1" lat="50.90916240281" lon="6.22632309727" />
  <node id="4083" version="1" lat="50.90916113435" lon="6.22626073591" />
  <node id="4084" version="1" lat="50.90915648336" lon="6.226197704" />
  <node id="4085" version="1" lat="50.909148027" lon="6.22614674203" />
  <node id="4086" version="1" lat="50.90913661091" lon="6.22609510951" />
  <node id="4087" version="1" lat="50.90912561764" lon="6.22605688803" />
  <node id="4088" version="1" lat="50.90911124182" lon="6.22601129048" />
  <node id="4089" version="1" lat="50.90908587271" lon="6.22596435182" />
  <node id="4090" version="1" lat="50.90906177205" lon="6.22592143647" />
  <node id="4091" version="1" lat="50.90900595993" lon="6.22585035793" />
  <node id="4092" version="1" lat="50.90895226185" lon="6.22579671375" />
  <node id="4093" version="1" lat="50.90892393292" lon="6.22577123277" />
  <node id="4094" version="1" lat="50.90887530859" lon="6.22573032908" />
  <node id="4095" version="1" lat="50.90882668421" lon="6.22569411926" />
  <node id="4096" version="1" lat="50.90878101953" lon="6.22565992109" />
  <node id="4097" version="1" lat="50.90871744466" lon="6.22563302349" />
  <node id="4098" version="1" lat="50.90948902825" lon="6.22708383914" />
  <node id="4099" version="1" lat="50.90947676661" lon="6.22708283331" />
  <node id="4100" version="1" lat="50.90945055208" lon="6.22707545724" />
  <node id="4101" version="1" lat="50.90942454893" lon="6.22706606951" />
  <node id="4102" version="1" lat="50.90939156931" lon="6.22705031153" />
  <node id="4103" version="1" lat="50.90937761639" lon="6.2270422649" />
  <node id="4104" version="1" lat="50.90936070375" lon="6.22703120079" />
  <node id="4105" version="1" lat="50.90934653941" lon="6.22702315416" />
  <node id="4106" version="1" lat="50.90932751268" lon="6.22701242533" />
  <node id="4107" version="1" lat="50.90930806312" lon="6.22700035539" />
  <node id="4108" version="1" lat="50.90928840215" lon="6.22698962655" />
  <node id="4109" version="1" lat="50.90927635187" lon="6.22698090937" />
  <node id="4110" version="1" lat="50.90925943919" lon="6.22696883943" />
  <node id="4111" version="1" lat="50.90924294933" lon="6.22695576366" />
  <node id="4112" version="1" lat="50.90923195608" lon="6.226944029" />
  <node id="4113" version="1" lat="50.90921927156" lon="6.22692961212" />
  <node id="4114" version="1" lat="50.90920024478" lon="6.22690983083" />
  <node id="4115" version="1" lat="50.90918481194" lon="6.22689273175" />
  <node id="4116" version="1" lat="50.90917107036" lon="6.22687429156" />
  <node id="4117" version="1" lat="50.9091600771" lon="6.22685819831" />
  <node id="4118" version="1" lat="50.90914866101" lon="6.22683808174" />
  <node id="4119" version="1" lat="50.90913534224" lon="6.22681930628" />
  <node id="4120" version="1" lat="50.90912329193" lon="6.22680120137" />
  <node id="4121" version="1" lat="50.90911525838" lon="6.22678309646" />
  <node id="4122" version="1" lat="50.90910743624" lon="6.22676901486" />
  <node id="4123" version="1" lat="50.90910088255" lon="6.22675929185" />
  <node id="4124" version="1" lat="50.90909115773" lon="6.22674152222" />
  <node id="4125" version="1" lat="50.9090814329" lon="6.2267207351" />
  <node id="4126" version="1" lat="50.90907403358" lon="6.22670363601" />
  <node id="4127" version="1" lat="50.90906536579" lon="6.22668419" />
  <node id="4128" version="1" lat="50.90905542955" lon="6.22666005012" />
  <node id="4129" version="1" lat="50.90904781881" lon="6.22663658079" />
  <node id="4130" version="1" lat="50.90904147653" lon="6.22661411729" />
  <node id="4131" version="1" lat="50.90903259733" lon="6.22657421943" />
  <node id="4132" version="1" lat="50.90902773491" lon="6.22654639151" />
  <node id="4133" version="1" lat="50.90902350672" lon="6.22651085224" />
  <node id="4134" version="1" lat="50.90902244967" lon="6.22648537125" />
  <node id="4135" version="1" lat="50.90902287249" lon="6.22642770376" />
  <node id="4136" version="1" lat="50.90902350672" lon="6.22638713535" />
  <node id="4137" version="1" lat="50.90902477518" lon="6.22635863688" />
  <node id="4138" version="1" lat="50.90902604363" lon="6.22633147951" />
  <node id="4139" version="1" lat="50.90902710068" lon="6.22629325803" />
  <node id="4140" version="1" lat="50.90902667786" lon="6.22624363717" />
  <node id="4141" version="1" lat="50.909025198" lon="6.22621983256" />
  <node id="4142" version="1" lat="50.90902139262" lon="6.22617926415" />
  <node id="4143" version="1" lat="50.9090142047" lon="6.2261266258" />
  <node id="4144" version="1" lat="50.90900849664" lon="6.2261041623" />
  <node id="4145" version="1" lat="50.9089989832" lon="6.22606694665" />
  <node id="4146" version="1" lat="50.90898946977" lon="6.22603844818" />
  <node id="4147" version="1" lat="50.90897995633" lon="6.22601531412" />
  <node id="4148" version="1" lat="50.90897107712" lon="6.22599586811" />
  <node id="4149" version="1" lat="50.90895818112" lon="6.22597407516" />
  <node id="4150" version="1" lat="50.90894507371" lon="6.22595462915" />
  <node id="4151" version="1" lat="50.90891716759" lon="6.22591942515" />
  <node id="4153" version="1" lat="50.90913548785" lon="6.22755782001" />
  <node id="4173" version="1" lat="50.90922601624" lon="6.22806441765" />
  <node id="4174" version="1" lat="50.90922096273" lon="6.22805630771" />
  <node id="4175" version="1" lat="50.90921673455" lon="6.2280452436" />
  <node id="4176" version="1" lat="50.90921335201" lon="6.22803317366" />
  <node id="4177" version="1" lat="50.90921187215" lon="6.22802194191" />
  <node id="4178" version="1" lat="50.90921144933" lon="6.22800668685" />
  <node id="4179" version="1" lat="50.90921197786" lon="6.22799294053" />
  <node id="4180" version="1" lat="50.90921345772" lon="6.22797533853" />
  <node id="4181" version="1" lat="50.90922085702" lon="6.22794717534" />
  <node id="4182" version="1" lat="50.90923322453" lon="6.22791901197" />
  <node id="4183" version="1" lat="50.90924030672" lon="6.22790744495" />
  <node id="4184" version="1" lat="50.90924569764" lon="6.22789923068" />
  <node id="4185" version="1" lat="50.90925330834" lon="6.2278883342" />
  <node id="4187" version="1" lat="50.90926324455" lon="6.22787710245" />
  <node id="4188" version="1" lat="50.90927307504" lon="6.22786754709" />
  <node id="4189" version="1" lat="50.90928174278" lon="6.22786134448" />
  <node id="4190" version="1" lat="50.90929241891" lon="6.22785581242" />
  <node id="4191" version="1" lat="50.90930425778" lon="6.22785380077" />
  <node id="4192" version="1" lat="50.90931620233" lon="6.22785296258" />
  <node id="4193" version="1" lat="50.90932878113" lon="6.22785514187" />
  <node id="4194" version="1" lat="50.90933639182" lon="6.22785698589" />
  <node id="4195" version="1" lat="50.90934601089" lon="6.22786067393" />
  <node id="4196" version="1" lat="50.90935573566" lon="6.22786654126" />
  <node id="4197" version="1" lat="50.90936302924" lon="6.22787240859" />
  <node id="4200" version="1" lat="50.90822965768" lon="6.22839007392" />
  <node id="4201" version="1" lat="50.9082108419" lon="6.22841622546" />
  <node id="4202" version="1" lat="50.90819583156" lon="6.2284269543" />
  <node id="4203" version="1" lat="50.90818251252" lon="6.22843433037" />
  <node id="4204" version="1" lat="50.90816623368" lon="6.22843634203" />
  <node id="4205" version="1" lat="50.90814593799" lon="6.22843634203" />
  <node id="4206" version="1" lat="50.90813177328" lon="6.22842863068" />
  <node id="4207" version="1" lat="50.90810217537" lon="6.22840415552" />
  <node id="4208" version="1" lat="50.90807786277" lon="6.22838035091" />
  <node id="4209" version="1" lat="50.90804192241" lon="6.22834279999" />
  <node id="4210" version="1" lat="50.90799752502" lon="6.22829720311" />
  <node id="4211" version="1" lat="50.90795101387" lon="6.22824892335" />
  <node id="4212" version="1" lat="50.90790534833" lon="6.22820265524" />
  <node id="4213" version="1" lat="50.90786137406" lon="6.22815571658" />
  <node id="4214" version="1" lat="50.90781443994" lon="6.22810810737" />
  <node id="4215" version="1" lat="50.90777046559" lon="6.22806250982" />
  <node id="4216" version="1" lat="50.90772606837" lon="6.22801758282" />
  <node id="4217" version="1" lat="50.90769668161" lon="6.22798740797" />
  <node id="4218" version="1" lat="50.90763431397" lon="6.2279237055" />
  <node id="4219" version="1" lat="50.90757046633" lon="6.22785648264" />
  <node id="4220" version="1" lat="50.90754678772" lon="6.22783452205" />
  <node id="4222" version="1" lat="50.90745587863" lon="6.22773997419" />
  <node id="4223" version="1" lat="50.90741021261" lon="6.22769236498" />
  <node id="4224" version="1" lat="50.90736496937" lon="6.22764542632" />
  <node id="4226" version="1" lat="50.90727363709" lon="6.22755087845" />
  <node id="4227" version="1" lat="50.90723177641" lon="6.22750729255" />
  <node id="4228" version="1" lat="50.90718568733" lon="6.2274603539" />
  <node id="4229" version="1" lat="50.90713209285" lon="6.22740687735" />
  <node id="4230" version="1" lat="50.9070943547" lon="6.22736781769" />
  <node id="4231" version="1" lat="50.90704995683" lon="6.22732154958" />
  <node id="4232" version="1" lat="50.90700429041" lon="6.22727528147" />
  <node id="4233" version="1" lat="50.90695946962" lon="6.22722767226" />
  <node id="4234" version="1" lat="50.9069138031" lon="6.2271793925" />
  <node id="4235" version="1" lat="50.90686940485" lon="6.22713379528" />
  <node id="4236" version="1" lat="50.90683325213" lon="6.22709590909" />
  <node id="4237" version="1" lat="50.9067973108" lon="6.22705936399" />
  <node id="4238" version="1" lat="50.90673536479" lon="6.22699700262" />
  <node id="4239" version="1" lat="50.9066901209" lon="6.22694939341" />
  <node id="4240" version="1" lat="50.90664403128" lon="6.22690111365" />
  <node id="4241" version="1" lat="50.90660090151" lon="6.22685451027" />
  <node id="4242" version="1" lat="50.90655544606" lon="6.22680287775" />
  <node id="4243" version="1" lat="50.90651844763" lon="6.22674487464" />
  <node id="4244" version="1" lat="50.90648673447" lon="6.22667714886" />
  <node id="4245" version="1" lat="50.90646305531" lon="6.22660271756" />
  <node id="4246" version="1" lat="50.90644783298" lon="6.22652023964" />
  <node id="4247" version="1" lat="50.90644191318" lon="6.22647933595" />
  <node id="4248" version="1" lat="50.90643895328" lon="6.22643843226" />
  <node id="4249" version="1" lat="50.9064381076" lon="6.22639618747" />
  <node id="4250" version="1" lat="50.90644064465" lon="6.22635461323" />
  <node id="4251" version="1" lat="50.90644571877" lon="6.22630633347" />
  <node id="4252" version="1" lat="50.90645163856" lon="6.22627280585" />
  <node id="4253" version="1" lat="50.90646094109" lon="6.22623123161" />
  <node id="4254" version="1" lat="50.90646728373" lon="6.22620508008" />
  <node id="4255" version="1" lat="50.90648631163" lon="6.22615210645" />
  <node id="4256" version="1" lat="50.90649941974" lon="6.22612126105" />
  <node id="4257" version="1" lat="50.90651591057" lon="6.22608303957" />
  <node id="4258" version="1" lat="50.90652775015" lon="6.22605152361" />
  <node id="4259" version="1" lat="50.90655048142" lon="6.22599562298" />
  <node id="4260" version="1" lat="50.9065873708" lon="6.22590467267" />
  <node id="4261" version="1" lat="50.906616124" lon="6.22583359413" />
  <node id="4262" version="1" lat="50.90664165208" lon="6.22577005397" />
  <node id="4263" version="1" lat="50.9066732075" lon="6.22569009595" />
  <node id="4264" version="1" lat="50.90671041744" lon="6.22559856557" />
  <node id="4265" version="1" lat="50.90673198228" lon="6.22554592721" />
  <node id="4266" version="1" lat="50.90676158107" lon="6.22547149591" />
  <node id="4267" version="1" lat="50.90679033416" lon="6.22539974682" />
  <node id="4268" version="1" lat="50.90682077859" lon="6.22533000939" />
  <node id="4269" version="1" lat="50.90684995448" lon="6.22526429527" />
  <node id="4270" version="1" lat="50.90688589577" lon="6.22519254617" />
  <node id="4271" version="1" lat="50.90691803149" lon="6.22513353758" />
  <node id="4272" version="1" lat="50.90695608691" lon="6.22507117622" />
  <node id="4273" version="1" lat="50.9069962565" lon="6.22501350873" />
  <node id="4274" version="1" lat="50.9070360032" lon="6.22496522896" />
  <node id="4275" version="1" lat="50.9070966803" lon="6.22489985012" />
  <node id="4276" version="1" lat="50.90713325566" lon="6.22486431085" />
  <node id="4277" version="1" lat="50.90717997904" lon="6.22482441299" />
  <node id="4278" version="1" lat="50.90722606813" lon="6.22479222648" />
  <node id="4279" version="1" lat="50.90727511701" lon="6.22476205163" />
  <node id="4280" version="1" lat="50.90731021231" lon="6.22474394671" />
  <node id="4281" version="1" lat="50.90737575164" lon="6.22471276604" />
  <node id="4282" version="1" lat="50.90742733737" lon="6.22470103137" />
  <node id="4283" version="1" lat="50.90746940929" lon="6.22469348765" />
  <node id="4284" version="1" lat="50.90749714715" lon="6.2246911072" />
  <node id="4285" version="1" lat="50.90753431416" lon="6.22469231419" />
  <node id="4286" version="1" lat="50.90756285535" lon="6.22469834916" />
  <node id="4287" version="1" lat="50.90758568829" lon="6.22470237248" />
  <node id="4289" version="1" lat="50.90740535002" lon="6.22476976298" />
  <node id="4290" version="1" lat="50.90739477917" lon="6.22476205163" />
  <node id="4291" version="1" lat="50.90738737958" lon="6.22476037525" />
  <node id="4292" version="1" lat="50.90737596306" lon="6.2247623869" />
  <node id="4293" version="1" lat="50.90737046621" lon="6.22476406328" />
  <node id="4294" version="1" lat="50.90736179811" lon="6.22476775132" />
  <node id="4295" version="1" lat="50.90734509615" lon="6.2247764685" />
  <node id="4296" version="1" lat="50.90733389105" lon="6.22478015654" />
  <node id="4297" version="1" lat="50.90731634341" lon="6.22478853844" />
  <node id="4298" version="1" lat="50.90728653356" lon="6.22480396115" />
  <node id="4299" version="1" lat="50.90726877449" lon="6.22481468998" />
  <node id="4300" version="1" lat="50.90724509573" lon="6.22482944213" />
  <node id="4301" version="1" lat="50.90722860515" lon="6.22483950041" />
  <node id="4302" version="1" lat="50.90721359448" lon="6.22484888815" />
  <node id="4303" version="1" lat="50.9071947783" lon="6.22486531668" />
  <node id="4304" version="1" lat="50.9071782877" lon="6.22487738661" />
  <node id="4305" version="1" lat="50.90716243135" lon="6.22489180349" />
  <node id="4306" version="1" lat="50.9071302958" lon="6.22491963141" />
  <node id="4308" version="1" lat="50.90712014773" lon="6.22493639521" />
  <node id="4309" version="1" lat="50.90711253667" lon="6.22495181791" />
  <node id="4310" version="1" lat="50.90710407994" lon="6.22497126393" />
  <node id="4311" version="1" lat="50.90709562321" lon="6.22500009768" />
  <node id="4312" version="1" lat="50.90709308619" lon="6.22502759032" />
  <node id="4313" version="1" lat="50.90709181768" lon="6.22505374186" />
  <node id="4314" version="1" lat="50.90709266335" lon="6.22507922284" />
  <node id="4315" version="1" lat="50.90709393186" lon="6.22509866886" />
  <node id="4317" version="1" lat="50.9071023886" lon="6.22515901856" />
  <node id="4318" version="1" lat="50.90710830831" lon="6.22520394556" />
  <node id="4319" version="1" lat="50.90711380518" lon="6.22524216704" />
  <node id="4320" version="1" lat="50.90711930206" lon="6.22528307073" />
  <node id="4321" version="1" lat="50.90712691311" lon="6.22534476154" />
  <node id="4322" version="1" lat="50.90713156431" lon="6.22538901798" />
  <node id="4323" version="1" lat="50.90714002104" lon="6.22545406155" />
  <node id="4324" version="1" lat="50.9071489006" lon="6.22551642291" />
  <node id="4325" version="1" lat="50.90715778015" lon="6.22558850728" />
  <node id="4326" version="1" lat="50.90716454553" lon="6.22563511066" />
  <node id="4327" version="1" lat="50.90717384792" lon="6.22570216589" />
  <node id="4328" version="1" lat="50.90717807628" lon="6.22574038737" />
  <node id="4329" version="1" lat="50.90718315031" lon="6.22578129105" />
  <node id="4330" version="1" lat="50.90718907001" lon="6.22582353584" />
  <node id="4331" version="1" lat="50.90719118419" lon="6.22583761744" />
  <node id="4332" version="1" lat="50.90719456688" lon="6.22586242788" />
  <node id="4333" version="1" lat="50.90720133225" lon="6.22589126162" />
  <node id="4334" version="1" lat="50.90720682911" lon="6.22591003708" />
  <node id="4335" version="1" lat="50.90722014843" lon="6.22593920611" />
  <node id="4336" version="1" lat="50.90722754805" lon="6.22594892912" />
  <node id="4337" version="1" lat="50.90725630085" lon="6.22596636348" />
  <node id="4338" version="1" lat="50.90726729456" lon="6.22596200489" />
  <node id="4339" version="1" lat="50.90727680836" lon="6.22595731102" />
  <node id="4340" version="1" lat="50.90728864774" lon="6.22594591163" />
  <node id="4341" version="1" lat="50.90730199347" lon="6.22592650752" />
  <node id="4342" version="1" lat="50.90730852098" lon="6.22591255166" />
  <node id="4343" version="1" lat="50.90732976841" lon="6.22586309843" />
  <node id="4344" version="1" lat="50.90733917648" lon="6.22583627634" />
  <node id="4345" version="1" lat="50.90734298198" lon="6.22582655333" />
  <node id="4346" version="1" lat="50.90735080443" lon="6.2257722386" />
  <node id="4347" version="1" lat="50.90735101584" lon="6.22573636405" />
  <node id="4348" version="1" lat="50.90734974734" lon="6.22571557693" />
  <node id="4349" version="1" lat="50.90734721033" lon="6.22569411926" />
  <node id="4350" version="1" lat="50.90734340482" lon="6.22566997938" />
  <node id="4351" version="1" lat="50.90733875364" lon="6.22564516895" />
  <node id="4352" version="1" lat="50.90735947252" lon="6.22578665547" />
  <node id="4353" version="1" lat="50.90738991658" lon="6.22574709289" />
  <node id="4354" version="1" lat="50.9074064071" lon="6.22573435239" />
  <node id="4355" version="1" lat="50.90742712595" lon="6.22572898798" />
  <node id="4356" version="1" lat="50.90744869046" lon="6.22572898798" />
  <node id="4357" version="1" lat="50.9074656038" lon="6.22573502295" />
  <node id="4358" version="1" lat="50.90727363678" lon="6.22597239894" />
  <node id="4359" version="1" lat="50.9072932986" lon="6.22598513944" />
  <node id="4360" version="1" lat="50.90730408099" lon="6.22599419173" />
  <node id="4361" version="1" lat="50.90731422903" lon="6.22600324418" />
  <node id="4362" version="1" lat="50.90733706209" lon="6.2260310721" />
  <node id="4363" version="1" lat="50.90734721012" lon="6.22604750063" />
  <node id="4364" version="1" lat="50.90735672389" lon="6.22606459972" />
  <node id="4365" version="1" lat="50.90736370066" lon="6.22608203407" />
  <node id="4366" version="1" lat="50.90737258017" lon="6.22610349175" />
  <node id="4367" version="1" lat="50.90738463094" lon="6.22614774819" />
  <node id="4368" version="1" lat="50.90739604746" lon="6.22621379759" />
  <node id="4369" version="1" lat="50.90739710455" lon="6.22625637766" />
  <node id="4370" version="1" lat="50.90739477896" lon="6.22629124638" />
  <node id="4371" version="1" lat="50.90738970495" lon="6.2263274562" />
  <node id="4372" version="1" lat="50.90738716795" lon="6.22634086724" />
  <node id="4373" version="1" lat="50.90737955693" lon="6.22636869516" />
  <node id="4374" version="1" lat="50.90735714672" lon="6.22642703321" />
  <node id="4375" version="1" lat="50.90734425028" lon="6.22644815561" />
  <node id="4376" version="1" lat="50.90732670265" lon="6.2264706191" />
  <node id="4377" version="1" lat="50.90731570895" lon="6.22648000684" />
  <node id="4378" version="1" lat="50.9073053495" lon="6.22649006512" />
  <node id="4379" version="1" lat="50.90729646997" lon="6.22649677064" />
  <node id="4380" version="1" lat="50.90728632193" lon="6.22650381144" />
  <node id="4381" version="1" lat="50.90727807665" lon="6.22650917586" />
  <node id="4382" version="1" lat="50.90726771719" lon="6.226514205" />
  <node id="4383" version="1" lat="50.9072546093" lon="6.22651923414" />
  <node id="4384" version="1" lat="50.90724319275" lon="6.2265225869" />
  <node id="4385" version="1" lat="50.90723093053" lon="6.22652426329" />
  <node id="4386" version="1" lat="50.90721909113" lon="6.22652459856" />
  <node id="4387" version="1" lat="50.90720534898" lon="6.22652426329" />
  <node id="4388" version="1" lat="50.907193721" lon="6.22652325746" />
  <node id="4389" version="1" lat="50.90718103592" lon="6.22652057525" />
  <node id="4390" version="1" lat="50.90717088786" lon="6.22651923414" />
  <node id="4391" version="1" lat="50.90715799136" lon="6.22651185807" />
  <node id="4392" version="1" lat="50.90714847755" lon="6.22650548782" />
  <node id="4393" version="1" lat="50.90713727239" lon="6.22649744119" />
  <node id="4394" version="1" lat="50.90712564439" lon="6.22648704764" />
  <node id="4395" version="1" lat="50.90711486206" lon="6.22647698935" />
  <node id="4396" version="1" lat="50.90710281122" lon="6.22646290775" />
  <node id="4397" version="1" lat="50.90709435449" lon="6.22645184364" />
  <node id="4398" version="1" lat="50.90708209223" lon="6.22643440928" />
  <node id="4399" version="1" lat="50.90707236698" lon="6.22641563382" />
  <node id="4400" version="1" lat="50.90707004138" lon="6.2264089283" />
  <node id="4401" version="1" lat="50.90706327599" lon="6.22639249977" />
  <node id="4402" version="1" lat="50.90705714485" lon="6.22637540068" />
  <node id="4403" version="1" lat="50.90705080229" lon="6.22635293718" />
  <node id="4404" version="1" lat="50.90704615109" lon="6.22633181479" />
  <node id="4405" version="1" lat="50.90704107704" lon="6.22630599853" />
  <node id="4406" version="1" lat="50.90703811718" lon="6.22627917644" />
  <node id="4407" version="1" lat="50.90703727151" lon="6.22625067797" />
  <node id="4408" version="1" lat="50.90703748293" lon="6.22622720864" />
  <node id="4409" version="1" lat="50.90703875144" lon="6.22620373931" />
  <node id="4410" version="1" lat="50.90703980853" lon="6.22617892887" />
  <node id="4411" version="1" lat="50.90704488258" lon="6.22615277734" />
  <node id="4412" version="1" lat="50.90705185939" lon="6.22612494942" />
  <node id="4413" version="1" lat="50.90705735627" lon="6.22610818561" />
  <node id="4414" version="1" lat="50.90706517875" lon="6.22608806904" />
  <node id="4415" version="1" lat="50.90707300123" lon="6.22607096996" />
  <node id="4416" version="1" lat="50.90708103513" lon="6.22605454143" />
  <node id="4417" version="1" lat="50.90709160605" lon="6.2260367718" />
  <node id="4418" version="1" lat="50.90710069704" lon="6.2260240313" />
  <node id="4419" version="1" lat="50.90711475636" lon="6.22600274127" />
  <node id="4420" version="1" lat="50.90712881567" lon="6.2259918448" />
  <node id="4421" version="1" lat="50.90714763188" lon="6.22597876903" />
  <node id="4422" version="1" lat="50.90716369965" lon="6.22596904602" />
  <node id="4423" version="1" lat="50.90718843555" lon="6.22596099939" />
  <node id="4424" version="1" lat="50.90720133204" lon="6.22595798191" />
  <node id="4425" version="1" lat="50.90721380569" lon="6.22595798191" />
  <node id="4426" version="1" lat="50.90722923919" lon="6.22595865246" />
  <node id="4427" version="1" lat="50.90663050059" lon="6.22682467036" />
  <node id="4430" version="1" lat="50.9066006903" lon="6.22679416023" />
  <node id="4431" version="1" lat="50.90657658835" lon="6.22676499121" />
  <node id="4432" version="1" lat="50.90654720087" lon="6.22672375224" />
  <node id="4433" version="1" lat="50.90652394457" lon="6.22667848997" />
  <node id="4434" version="1" lat="50.90651041362" lon="6.22664730929" />
  <node id="4435" version="1" lat="50.90649941974" lon="6.2266134464" />
  <node id="4436" version="1" lat="50.90648842585" lon="6.22657522492" />
  <node id="4437" version="1" lat="50.90647933473" lon="6.22653163903" />
  <node id="4438" version="1" lat="50.90647235784" lon="6.22648470037" />
  <node id="4439" version="1" lat="50.90646939794" lon="6.22644077919" />
  <node id="4440" version="1" lat="50.90646939794" lon="6.22640490465" />
  <node id="4441" version="1" lat="50.90647024363" lon="6.22637137704" />
  <node id="4442" version="1" lat="50.90647362636" lon="6.22632510893" />
  <node id="4443" version="1" lat="50.906479969" lon="6.22628353469" />
  <node id="4444" version="1" lat="50.90648842584" lon="6.22624531321" />
  <node id="4445" version="1" lat="50.90650153395" lon="6.22622921996" />
  <node id="4446" version="1" lat="50.90651041363" lon="6.22621983223" />
  <node id="4447" version="1" lat="50.90652267604" lon="6.2262131267" />
  <node id="4448" version="1" lat="50.90653324709" lon="6.22620977394" />
  <node id="4449" version="1" lat="50.9065455095" lon="6.2262117856" />
  <node id="4450" version="1" lat="50.9065577719" lon="6.22621647947" />
  <node id="4452" version="1" lat="50.90658483375" lon="6.22624397211" />
  <node id="4453" version="1" lat="50.90660047888" lon="6.22625939481" />
  <node id="4454" version="1" lat="50.906616124" lon="6.22627615862" />
  <node id="4455" version="1" lat="50.90663430616" lon="6.22629359297" />
  <node id="4456" version="1" lat="50.90664952842" lon="6.22631236844" />
  <node id="4457" version="1" lat="50.9066753217" lon="6.22633784942" />
  <node id="4458" version="1" lat="50.90669519519" lon="6.22635863654" />
  <node id="4459" version="1" lat="50.90672352548" lon="6.22638679974" />
  <node id="4460" version="1" lat="50.9067395934" lon="6.22640490465" />
  <node id="4461" version="1" lat="50.90674868446" lon="6.22641663932" />
  <node id="4463" version="1" lat="50.90676031255" lon="6.22644714944" />
  <node id="4464" version="1" lat="50.90676411811" lon="6.22646257214" />
  <node id="4465" version="1" lat="50.90676411811" lon="6.22647799484" />
  <node id="4466" version="1" lat="50.90676284959" lon="6.2264954292" />
  <node id="4467" version="1" lat="50.90675735267" lon="6.22651621632" />
  <node id="4468" version="1" lat="50.906745936" lon="6.22654236786" />
  <node id="4469" version="1" lat="50.90673240512" lon="6.22657589547" />
  <node id="4470" version="1" lat="50.90671760572" lon="6.22661143474" />
  <node id="4471" version="1" lat="50.90670661188" lon="6.22664093904" />
  <node id="4472" version="1" lat="50.90669392667" lon="6.22667111389" />
  <node id="4473" version="1" lat="50.9066816643" lon="6.22669994764" />
  <node id="4474" version="1" lat="50.90666940193" lon="6.22672811083" />
  <node id="4475" version="1" lat="50.9066596766" lon="6.22675292127" />
  <node id="4476" version="1" lat="50.90664572286" lon="6.22678644888" />
  <node id="4477" version="1" lat="50.90650153395" lon="6.22620910339" />
  <node id="4478" version="1" lat="50.90651252784" lon="6.22617624633" />
  <node id="4479" version="1" lat="50.90652817299" lon="6.22613400154" />
  <node id="4480" version="1" lat="50.90653958971" lon="6.22610583834" />
  <node id="4481" version="1" lat="50.90655227496" lon="6.22607298128" />
  <node id="4482" version="1" lat="50.90656326884" lon="6.22604481809" />
  <node id="4483" version="1" lat="50.90657814757" lon="6.22600906927" />
  <node id="4484" version="1" lat="50.90659159921" lon="6.22597642176" />
  <node id="4485" version="1" lat="50.90660724434" lon="6.22593887083" />
  <node id="4486" version="1" lat="50.9066182382" lon="6.22590869598" />
  <node id="4487" version="1" lat="50.90663050059" lon="6.22587919168" />
  <node id="4488" version="1" lat="50.90664107161" lon="6.22585304014" />
  <node id="4489" version="1" lat="50.90666559637" lon="6.2257960432" />
  <node id="4491" version="1" lat="50.90667616738" lon="6.22578732602" />
  <node id="4492" version="1" lat="50.90668631555" lon="6.2257819616" />
  <node id="4493" version="1" lat="50.90670069212" lon="6.2257806205" />
  <node id="4494" version="1" lat="50.90671168596" lon="6.22578330271" />
  <node id="4495" version="1" lat="50.906724794" lon="6.22579134934" />
  <node id="4497" version="1" lat="50.9067501644" lon="6.22581615977" />
  <node id="4498" version="1" lat="50.90676242675" lon="6.22583024137" />
  <node id="4499" version="1" lat="50.9067865286" lon="6.2258550518" />
  <node id="4500" version="1" lat="50.90680978477" lon="6.22587785058" />
  <node id="4501" version="1" lat="50.9068338866" lon="6.22590266101" />
  <node id="4502" version="1" lat="50.90685883409" lon="6.22592881255" />
  <node id="4503" version="1" lat="50.90687955319" lon="6.22594959967" />
  <node id="4504" version="1" lat="50.90691338026" lon="6.22598178618" />
  <node id="4505" version="1" lat="50.90691972284" lon="6.22599720888" />
  <node id="4506" version="1" lat="50.90692860244" lon="6.22601464324" />
  <node id="4507" version="1" lat="50.90693452217" lon="6.22603140704" />
  <node id="4508" version="1" lat="50.90693748204" lon="6.22605353527" />
  <node id="4509" version="1" lat="50.9069370592" lon="6.2260783457" />
  <node id="4510" version="1" lat="50.90693325366" lon="6.22608907454" />
  <node id="4511" version="1" lat="50.90691972284" lon="6.22611924939" />
  <node id="4512" version="1" lat="50.90690534634" lon="6.226152777" />
  <node id="4513" version="1" lat="50.9068939297" lon="6.22618563406" />
  <node id="4514" version="1" lat="50.90688166738" lon="6.22621379726" />
  <node id="4515" version="1" lat="50.90687278777" lon="6.22623659603" />
  <node id="4516" version="1" lat="50.90685925693" lon="6.22627012365" />
  <node id="4517" version="1" lat="50.90684741744" lon="6.22629694574" />
  <node id="4518" version="1" lat="50.90683642363" lon="6.22632577948" />
  <node id="4519" version="1" lat="50.90678399157" lon="6.22633416139" />
  <node id="4520" version="1" lat="50.90677638046" lon="6.22632577948" />
  <node id="4521" version="1" lat="50.90676369527" lon="6.22631303899" />
  <node id="4522" version="1" lat="50.90674720452" lon="6.22629493408" />
  <node id="4523" version="1" lat="50.90672986808" lon="6.22627817027" />
  <node id="4524" version="1" lat="50.90671337732" lon="6.22626341812" />
  <node id="4525" version="1" lat="50.90669815508" lon="6.22624665432" />
  <node id="4526" version="1" lat="50.90667024761" lon="6.22621782057" />
  <node id="4527" version="1" lat="50.90664952842" lon="6.22619703345" />
  <node id="4528" version="1" lat="50.906634729" lon="6.22618429296" />
  <node id="4529" version="1" lat="50.90661570116" lon="6.22616484694" />
  <node id="4530" version="1" lat="50.90660047888" lon="6.22614741258" />
  <node id="4531" version="1" lat="50.90658525659" lon="6.22613064878" />
  <node id="4532" version="1" lat="50.90657531983" lon="6.22611891411" />
  <node id="4533" version="1" lat="50.90657003431" lon="6.22610114448" />
  <node id="4534" version="1" lat="50.90656665157" lon="6.22608438067" />
  <node id="4535" version="1" lat="50.90656580589" lon="6.22606091134" />
  <node id="4536" version="1" lat="50.90656686268" lon="6.2260439804" />
  <node id="4537" version="1" lat="50.9069467849" lon="6.22602268919" />
  <node id="4538" version="1" lat="50.90697300085" lon="6.22605085239" />
  <node id="4539" version="1" lat="50.90699414273" lon="6.22607365116" />
  <node id="4540" version="1" lat="50.90701021056" lon="6.22609376773" />
  <node id="4541" version="1" lat="50.90702120433" lon="6.22610986099" />
  <node id="4542" version="1" lat="50.9070288154" lon="6.22612729535" />
  <node id="4543" version="1" lat="50.9070355808" lon="6.22615009412" />
  <node id="4544" version="1" lat="50.9071036571" lon="6.22600709953" />
  <node id="4545" version="1" lat="50.90709213481" lon="6.22600994937" />
  <node id="4546" version="1" lat="50.9070828324" lon="6.22601078756" />
  <node id="4547" version="1" lat="50.90707152152" lon="6.22601061992" />
  <node id="4548" version="1" lat="50.90705809644" lon="6.22600709952" />
  <node id="4549" version="1" lat="50.90704150009" lon="6.22599754415" />
  <node id="4551" version="1" lat="50.90702469231" lon="6.225982792" />
  <node id="4553" version="1" lat="50.90698547414" lon="6.22594758801" />
  <node id="4554" version="1" lat="50.90695273484" lon="6.22591667223" />
  <node id="4555" version="1" lat="50.90691676297" lon="6.2258775153" />
  <node id="4556" version="1" lat="50.90688737571" lon="6.22584666989" />
  <node id="4557" version="1" lat="50.90684699461" lon="6.22580710732" />
  <node id="4558" version="1" lat="50.90681951007" lon="6.22577760302" />
  <node id="4559" version="1" lat="50.90679350545" lon="6.22575078092" />
  <node id="4560" version="1" lat="50.90674657026" lon="6.22569713674" />
  <node id="4563" version="1" lat="50.90673832488" lon="6.22566595607" />
  <node id="4564" version="1" lat="50.90673705636" lon="6.2256458395" />
  <node id="4565" version="1" lat="50.90673790204" lon="6.22562237017" />
  <node id="4567" version="1" lat="50.90675270144" lon="6.22558079593" />
  <node id="4568" version="1" lat="50.90676369527" lon="6.22555330329" />
  <node id="4569" version="1" lat="50.90677342058" lon="6.22552715175" />
  <node id="4570" version="1" lat="50.90678526009" lon="6.22550100021" />
  <node id="4571" version="1" lat="50.90679963663" lon="6.22546277873" />
  <node id="4572" version="1" lat="50.90682077859" lon="6.22541382842" />
  <node id="4573" version="1" lat="50.90683473228" lon="6.22537963025" />
  <node id="4574" version="1" lat="50.90684826312" lon="6.22534610264" />
  <node id="4575" version="1" lat="50.90685967977" lon="6.22531928055" />
  <node id="4576" version="1" lat="50.90686855938" lon="6.22530050509" />
  <node id="4577" version="1" lat="50.9068808217" lon="6.22527703576" />
  <node id="4578" version="1" lat="50.90689223835" lon="6.22525222532" />
  <node id="4579" version="1" lat="50.90690576917" lon="6.22522607379" />
  <node id="4580" version="1" lat="50.90691887716" lon="6.22520126335" />
  <node id="4581" version="1" lat="50.90694001907" lon="6.22516505353" />
  <node id="4582" version="1" lat="50.9069615838" lon="6.22513219647" />
  <node id="4584" version="1" lat="50.90697342326" lon="6.2251248204" />
  <node id="4585" version="1" lat="50.90698293712" lon="6.22512247346" />
  <node id="4586" version="1" lat="50.9069941423" lon="6.22512180292" />
  <node id="4587" version="1" lat="50.90700577034" lon="6.22512381456" />
  <node id="4588" version="1" lat="50.90701760979" lon="6.22513018481" />
  <node id="4589" version="1" lat="50.90702648937" lon="6.22513789617" />
  <node id="4590" version="1" lat="50.90703367761" lon="6.22515030138" />
  <node id="4592" version="1" lat="50.90704530563" lon="6.2251865112" />
  <node id="4593" version="1" lat="50.90704911116" lon="6.22521165691" />
  <node id="4594" version="1" lat="50.90705164818" lon="6.2252300971" />
  <node id="4595" version="1" lat="50.90705545371" lon="6.22525557809" />
  <node id="4596" version="1" lat="50.90706052776" lon="6.22528977625" />
  <node id="4597" version="1" lat="50.90706517896" lon="6.22532665662" />
  <node id="4598" version="1" lat="50.90707067584" lon="6.22536957197" />
  <node id="4599" version="1" lat="50.90707744123" lon="6.22541449897" />
  <node id="4600" version="1" lat="50.90708293811" lon="6.22544936769" />
  <node id="4601" version="1" lat="50.90708674364" lon="6.22548624806" />
  <node id="4602" version="1" lat="50.90709181768" lon="6.22552312844" />
  <node id="4603" version="1" lat="50.90709646888" lon="6.2255586677" />
  <node id="4604" version="1" lat="50.90710407994" lon="6.22561834686" />
  <node id="4606" version="1" lat="50.90710577129" lon="6.22564181618" />
  <node id="4607" version="1" lat="50.90710492562" lon="6.22567400269" />
  <node id="4608" version="1" lat="50.90709773739" lon="6.22569009595" />
  <node id="4609" version="1" lat="50.90708378378" lon="6.22572228245" />
  <node id="4610" version="1" lat="50.90707405854" lon="6.22574776344" />
  <node id="4611" version="1" lat="50.90706095059" lon="6.22577860884" />
  <node id="4612" version="1" lat="50.90705122534" lon="6.22580207817" />
  <node id="4613" version="1" lat="50.90703811739" lon="6.22583225302" />
  <node id="4614" version="1" lat="50.9070245866" lon="6.22586578064" />
  <node id="4615" version="1" lat="50.90701316999" lon="6.22589193217" />
  <node id="4616" version="1" lat="50.9070064046" lon="6.22590601377" />
  <node id="4617" version="1" lat="50.90699583366" lon="6.22591473095" />
  <node id="4618" version="1" lat="50.90698399421" lon="6.22592076592" />
  <node id="4619" version="1" lat="50.90697215475" lon="6.22592143647" />
  <node id="4621" version="1" lat="50.90717553927" lon="6.22592143647" />
  <node id="4623" version="1" lat="50.90716285419" lon="6.22583158247" />
  <node id="4624" version="1" lat="50.90715735732" lon="6.22578732602" />
  <node id="4625" version="1" lat="50.90715059194" lon="6.22573837571" />
  <node id="4626" version="1" lat="50.90714340373" lon="6.22568942539" />
  <node id="4627" version="1" lat="50.90713135289" lon="6.22560795329" />
  <node id="4628" version="1" lat="50.90712902729" lon="6.22558951311" />
  <node id="4629" version="1" lat="50.9071256446" lon="6.22555933826" />
  <node id="4630" version="1" lat="50.90712057057" lon="6.22552245788" />
  <node id="4631" version="1" lat="50.90711591937" lon="6.22549228303" />
  <node id="4632" version="1" lat="50.907111691" lon="6.22546009652" />
  <node id="4633" version="1" lat="50.90710830831" lon="6.22543528609" />
  <node id="4634" version="1" lat="50.90710407994" lon="6.22539974682" />
  <node id="4635" version="1" lat="50.90709985158" lon="6.22537091307" />
  <node id="4636" version="1" lat="50.90709562321" lon="6.22533671491" />
  <node id="4637" version="1" lat="50.90709139484" lon="6.22530788116" />
  <node id="4638" version="1" lat="50.90708674364" lon="6.22527301244" />
  <node id="4639" version="1" lat="50.90708251527" lon="6.22524216704" />
  <node id="4640" version="1" lat="50.90707828691" lon="6.22521199219" />
  <node id="4641" version="1" lat="50.90707490421" lon="6.22517779402" />
  <node id="4642" version="1" lat="50.90707236719" lon="6.22515767746" />
  <node id="4643" version="1" lat="50.9070656018" lon="6.22512146764" />
  <node id="4645" version="1" lat="50.90705777931" lon="6.22510202162" />
  <node id="4646" version="1" lat="50.90704551704" lon="6.22508156978" />
  <node id="4647" version="1" lat="50.9070256437" lon="6.22506279431" />
  <node id="4648" version="1" lat="50.90699985062" lon="6.22505340658" />
  <node id="4649" version="1" lat="50.9069839942" lon="6.22505508296" />
  <node id="4661" version="1" lat="50.90711031678" lon="6.22566847063" />
  <node id="4662" version="1" lat="50.90711549653" lon="6.22570836849" />
  <node id="4663" version="1" lat="50.90712004202" lon="6.22574675762" />
  <node id="4664" version="1" lat="50.90712649027" lon="6.22579788722" />
  <node id="4666" version="1" lat="50.90713706119" lon="6.22587734766" />
  <node id="4667" version="1" lat="50.9071408667" lon="6.22591305458" />
  <node id="4669" version="1" lat="50.907140761" lon="6.22594239123" />
  <node id="4670" version="1" lat="50.90713885823" lon="6.22596016086" />
  <node id="4671" version="1" lat="50.90713473559" lon="6.2259765894" />
  <node id="4672" version="1" lat="50.90913108958" lon="6.22880023725" />
  <node id="4673" version="1" lat="50.90908946666" lon="6.2288991914" />
  <node id="4674" version="1" lat="50.90905690963" lon="6.22897513143" />
  <node id="4680" version="1" lat="50.90896515786" lon="6.22919524022" />
  <node id="4691" version="1" lat="50.90917973876" lon="6.22886180744" />
  <node id="4692" version="1" lat="50.90914506727" lon="6.22882425718" />
  <node id="4693" version="1" lat="50.90911462436" lon="6.22879475288" />
  <node id="4694" version="1" lat="50.90915584913" lon="6.22876491331" />
  <node id="4695" version="1" lat="50.9091552149" lon="6.22878536515" />
  <node id="4696" version="1" lat="50.90915859744" lon="6.22881319307" />
  <node id="4697" version="1" lat="50.90916493971" lon="6.22883330964" />
  <node id="4698" version="1" lat="50.90911524809" lon="6.22883765499" />
  <node id="4699" version="1" lat="50.9091598659" lon="6.22885040872" />
  <node id="4700" version="1" lat="50.90914844981" lon="6.22884705596" />
  <node id="4701" version="1" lat="50.909138725" lon="6.2288463854" />
  <node id="4702" version="1" lat="50.90912730891" lon="6.22885107927" />
  <node id="4703" version="1" lat="50.90911800691" lon="6.22885644369" />
  <node id="4704" version="1" lat="50.90910912772" lon="6.22886583142" />
  <node id="4705" version="1" lat="50.90908523827" lon="6.22876893696" />
  <node id="4706" version="1" lat="50.90909221478" lon="6.22878838297" />
  <node id="4707" version="1" lat="50.90909665437" lon="6.22880682316" />
  <node id="4708" version="1" lat="50.90910067115" lon="6.22884169187" />
  <node id="4709" version="1" lat="50.90910045974" lon="6.22885778513" />
  <node id="4710" version="1" lat="50.90912239978" lon="6.22890722429" />
  <node id="4711" version="1" lat="50.90912773173" lon="6.22887186639" />
  <node id="4712" version="1" lat="50.90912850399" lon="6.22883421545" />
  <node id="4713" version="1" lat="50.90912309528" lon="6.22878842684" />
  <node id="4714" version="1" lat="50.90911251006" lon="6.22874194722" />
  <node id="4715" version="1" lat="50.90910278523" lon="6.22871965136" />
  <node id="4716" version="1" lat="50.90908777518" lon="6.22882492807" />
  <node id="4717" version="1" lat="50.90910363087" lon="6.22881151702" />
  <node id="4718" version="1" lat="50.90911842952" lon="6.2288034704" />
  <node id="4719" version="1" lat="50.90914147311" lon="6.22879676487" />
  <node id="4720" version="1" lat="50.90915606033" lon="6.22879508849" />
  <node id="4721" version="1" lat="50.90917403008" lon="6.22880011763" />
  <node id="4722" version="1" lat="50.90918608039" lon="6.22880917009" />
  <node id="4723" version="1" lat="50.90915584892" lon="6.22880045291" />
  <node id="4724" version="1" lat="50.90915716227" lon="6.22873681458" />
  <node id="4725" version="1" lat="50.90913935902" lon="6.22869618203" />
  <node id="4726" version="1" lat="50.90913238252" lon="6.22872501578" />
  <node id="4727" version="1" lat="50.90912836574" lon="6.22875016149" />
  <node id="4728" version="1" lat="50.9091273087" lon="6.22877564248" />
  <node id="4729" version="1" lat="50.90912889426" lon="6.22880766135" />
  <node id="4730" version="1" lat="50.90913111406" lon="6.22882861611" />
  <node id="4731" version="1" lat="50.90913851338" lon="6.22886013206" />
  <node id="4732" version="1" lat="50.9091507751" lon="6.22888527777" />
  <node id="4733" version="1" lat="50.90912202347" lon="6.22873540934" />
  <node id="4734" version="1" lat="50.90909940269" lon="6.22878804769" />
  <node id="4735" version="1" lat="50.90908798659" lon="6.22881621089" />
  <node id="4736" version="1" lat="50.90916123985" lon="6.22877966579" />
  <node id="4737" version="1" lat="50.90913587076" lon="6.22875250842" />
  <node id="4738" version="1" lat="50.9091133557" lon="6.22872836854" />
  <node id="4739" version="1" lat="50.9091461241" lon="6.2288946655" />
  <node id="4740" version="1" lat="50.90912942279" lon="6.22887823697" />
  <node id="4741" version="1" lat="50.90911081879" lon="6.22885879096" />
  <node id="4742" version="1" lat="50.90908862082" lon="6.22883498635" />
  <node id="4743" version="1" lat="50.90906938257" lon="6.22881587561" />
  <node id="4744" version="1" lat="50.90917767633" lon="6.22877998724" />
  <node id="4745" version="1" lat="50.90916536232" lon="6.22881051119" />
  <node id="4746" version="1" lat="50.90915711737" lon="6.22883029249" />
  <node id="4747" version="1" lat="50.90915246637" lon="6.22884169187" />
  <node id="4748" version="1" lat="50.90914527847" lon="6.22885912623" />
  <node id="4749" version="1" lat="50.90913809056" lon="6.22887890752" />
  <node id="4750" version="1" lat="50.90912688588" lon="6.22890371796" />
  <node id="4752" version="1" lat="50.90888883927" lon="6.22856140002" />
  <node id="4755" version="1" lat="50.9087548046" lon="6.22842393749" />
  <node id="4756" version="1" lat="50.90872710979" lon="6.22839409791" />
  <node id="4761" version="1" lat="50.90844947764" lon="6.22811004812" />
  <node id="4769" version="1" lat="50.90805775363" lon="6.22770752979" />
  <node id="4771" version="1" lat="50.90797744066" lon="6.22762463919" />
  <node id="4803" version="1" lat="50.9065542306" lon="6.22615864434" />
  <node id="4805" version="1" lat="50.90652379715" lon="6.2261458171" />
  <node id="4808" version="1" lat="50.90647245038" lon="6.22618766849" />
  <node id="4810" version="1" lat="50.90650999078" lon="6.22600626134" />
  <node id="4811" version="1" lat="50.9065030139" lon="6.22603945367" />
  <node id="4812" version="1" lat="50.90650160359" lon="6.22607992742" />
  <node id="4813" version="1" lat="50.90650449385" lon="6.22611690246" />
  <node id="4814" version="1" lat="50.90651041363" lon="6.22614473037" />
  <node id="4815" version="1" lat="50.90652669304" lon="6.22618026964" />
  <node id="4816" version="1" lat="50.90653958971" lon="6.22612494908" />
  <node id="4817" version="1" lat="50.9065353613" lon="6.22610382669" />
  <node id="4818" version="1" lat="50.90653303566" lon="6.22606929324" />
  <node id="4824" version="1" lat="50.90646310035" lon="6.22611433817" />
  <node id="4826" version="1" lat="50.90770408115" lon="6.22793041103" />
  <node id="4827" version="1" lat="50.90768251676" lon="6.22790895335" />
  <node id="4828" version="1" lat="50.90766814049" lon="6.22789185427" />
  <node id="4829" version="1" lat="50.90764086786" lon="6.22786302053" />
  <node id="4830" version="1" lat="50.90762247468" lon="6.22784592145" />
  <node id="4831" version="1" lat="50.90758040494" lon="6.22780114921" />
  <node id="4835" version="1" lat="50.90752659644" lon="6.22774703595" />
  <node id="4838" version="1" lat="50.90749308795" lon="6.22771382265" />
  <node id="4840" version="1" lat="50.90747152346" lon="6.22769102387" />
  <node id="4841" version="1" lat="50.90744446213" lon="6.22766219012" />
  <node id="4842" version="1" lat="50.90741528661" lon="6.22763201527" />
  <node id="4843" version="1" lat="50.90739245358" lon="6.22760720484" />
  <node id="4844" version="1" lat="50.90737300322" lon="6.22758842938" />
  <node id="4845" version="1" lat="50.90735439851" lon="6.22756831281" />
  <node id="4846" version="1" lat="50.90733029696" lon="6.22754417293" />
  <node id="4847" version="1" lat="50.90728040245" lon="6.22749052875" />
  <node id="4848" version="1" lat="50.90724403863" lon="6.22745163672" />
  <node id="4849" version="1" lat="50.90720115341" lon="6.22740903092" />
  <node id="4850" version="1" lat="50.90717892195" lon="6.2273886048" />
  <node id="4851" version="1" lat="50.90715566597" lon="6.22736446492" />
  <node id="4852" version="1" lat="50.90714847776" lon="6.2273564183" />
  <node id="4853" version="1" lat="50.90714213522" lon="6.2273436778" />
  <node id="4854" version="1" lat="50.90713875253" lon="6.22733093731" />
  <node id="4855" version="1" lat="50.90713621551" lon="6.22731618516" />
  <node id="4856" version="1" lat="50.90713536984" lon="6.22730344467" />
  <node id="4857" version="1" lat="50.90713663835" lon="6.22728936307" />
  <node id="4858" version="1" lat="50.90713917536" lon="6.22727662258" />
  <node id="4859" version="1" lat="50.9071419238" lon="6.22726354681" />
  <node id="4860" version="1" lat="50.90714594074" lon="6.22725181215" />
  <node id="4861" version="1" lat="50.90716074" lon="6.22721694343" />
  <node id="4862" version="1" lat="50.90717215658" lon="6.22718911551" />
  <node id="4863" version="1" lat="50.90718167039" lon="6.22716598146" />
  <node id="4864" version="1" lat="50.90719287553" lon="6.22713815354" />
  <node id="4865" version="1" lat="50.90720365785" lon="6.22711300783" />
  <node id="4866" version="1" lat="50.90721296023" lon="6.22708987377" />
  <node id="4867" version="1" lat="50.90722205119" lon="6.227067075" />
  <node id="4868" version="1" lat="50.90723093074" lon="6.2270459526" />
  <node id="4869" version="1" lat="50.90724023312" lon="6.22702248327" />
  <node id="4870" version="1" lat="50.90724657565" lon="6.22700773112" />
  <node id="4871" version="1" lat="50.90725439809" lon="6.22698996149" />
  <node id="4872" version="1" lat="50.90725968353" lon="6.22697789155" />
  <node id="4873" version="1" lat="50.90726391188" lon="6.2269701802" />
  <node id="4874" version="1" lat="50.9072677174" lon="6.22696582161" />
  <node id="4875" version="1" lat="50.90727384851" lon="6.22696582161" />
  <node id="4876" version="1" lat="50.9072797682" lon="6.22696816854" />
  <node id="4877" version="1" lat="50.90728484222" lon="6.22697252713" />
  <node id="4878" version="1" lat="50.90730069853" lon="6.22698895567" />
  <node id="4882" version="1" lat="50.90736105815" lon="6.22705131702" />
  <node id="4889" version="1" lat="50.90746644946" lon="6.22715944357" />
  <node id="4892" version="1" lat="50.90751962072" lon="6.22721493177" />
  <node id="4898" version="1" lat="50.90761444087" lon="6.22731216185" />
  <node id="4903" version="1" lat="50.90767638571" lon="6.22737670251" />
  <node id="4904" version="1" lat="50.90770957796" lon="6.22741475634" />
  <node id="4905" version="1" lat="50.90771641441" lon="6.22743423781" />
  <node id="4907" version="1" lat="50.90772790199" lon="6.22746918391" />
  <node id="4908" version="1" lat="50.90773367932" lon="6.22750847241" />
  <node id="4910" version="1" lat="50.90773479638" lon="6.22753374068" />
  <node id="4912" version="1" lat="50.90770978937" lon="6.22763419457" />
  <node id="4914" version="1" lat="50.90770576232" lon="6.22764461234" />
  <node id="4918" version="1" lat="50.907676588" lon="6.22771516699" />
  <node id="4922" version="1" lat="50.90763422046" lon="6.22779481766" />
  <node id="4924" version="1" lat="50.90762329895" lon="6.2278007253" />
  <node id="4925" version="1" lat="50.90760607366" lon="6.2278051935" />
  <node id="4926" version="1" lat="50.90750239028" lon="6.2277131521" />
  <node id="4927" version="1" lat="50.90749041669" lon="6.22769009478" />
  <node id="4928" version="1" lat="50.90747767416" lon="6.22766555671" />
  <node id="4929" version="1" lat="50.90746670142" lon="6.22764442671" />
  <node id="4930" version="1" lat="50.90745359272" lon="6.22761918353" />
  <node id="4931" version="1" lat="50.90743050862" lon="6.2275951349" />
  <node id="4932" version="1" lat="50.90740725277" lon="6.22757099502" />
  <node id="4933" version="1" lat="50.90738188273" lon="6.22754551403" />
  <node id="4934" version="1" lat="50.90736370087" lon="6.22752606802" />
  <node id="4935" version="1" lat="50.90734298199" lon="6.2275052809" />
  <node id="4936" version="1" lat="50.90732733711" lon="6.22748851709" />
  <node id="4937" version="1" lat="50.9073125379" lon="6.22747175328" />
  <node id="4938" version="1" lat="50.90729858435" lon="6.22745767169" />
  <node id="4939" version="1" lat="50.90729139616" lon="6.22745297782" />
  <node id="4940" version="1" lat="50.90726433472" lon="6.22743889622" />
  <node id="4941" version="1" lat="50.90722374254" lon="6.22742146187" />
  <node id="4943" version="1" lat="50.90751718985" lon="6.22792471066" />
  <node id="4944" version="1" lat="50.90750429345" lon="6.2278975533" />
  <node id="4945" version="1" lat="50.90746898688" lon="6.22779931739" />
  <node id="4946" version="1" lat="50.907526915" lon="6.22787877783" />
  <node id="4947" version="1" lat="50.9074998537" lon="6.22784960881" />
  <node id="4948" version="1" lat="50.90744403972" lon="6.22779294714" />
  <node id="4949" version="1" lat="50.90742036104" lon="6.22776746616" />
  <node id="4950" version="1" lat="50.90739837368" lon="6.22774332628" />
  <node id="4951" version="1" lat="50.90737723198" lon="6.2277218686" />
  <node id="4952" version="1" lat="50.90735439894" lon="6.22769906983" />
  <node id="4962" version="1" lat="50.90751361009" lon="6.227797426" />
  <node id="4969" version="1" lat="50.90748310462" lon="6.22777574237" />
  <node id="4970" version="1" lat="50.90746475813" lon="6.22777886622" />
  <node id="4971" version="1" lat="50.90744869046" lon="6.22779764168" />
  <node id="4972" version="1" lat="50.9074467953" lon="6.22773392309" />
  <node id="4973" version="1" lat="50.90745852134" lon="6.22789570995" />
  <node id="4979" version="1" lat="50.90744065705" lon="6.22654035553" />
  <node id="4980" version="1" lat="50.90742374371" lon="6.22658192977" />
  <node id="4981" version="1" lat="50.90740217919" lon="6.22663020953" />
  <node id="4982" version="1" lat="50.90738061465" lon="6.22668385372" />
  <node id="4983" version="1" lat="50.90735609027" lon="6.22674420342" />
  <node id="4985" version="1" lat="50.90731515057" lon="6.22684038249" />
  <node id="4988" version="1" lat="50.90731365652" lon="6.22685915958" />
  <node id="4990" version="1" lat="50.90770773417" lon="6.22728427913" />
  <node id="5007" version="1" lat="50.90772955672" lon="6.22728886015" />
  <node id="5008" version="1" lat="50.90774266448" lon="6.22729003363" />
  <node id="5009" version="1" lat="50.90775714642" lon="6.22728902779" />
  <node id="5010" version="1" lat="50.90777247403" lon="6.22728299283" />
  <node id="5011" version="1" lat="50.90778568749" lon="6.22727544911" />
  <node id="5012" version="1" lat="50.90780418631" lon="6.22725751184" />
  <node id="5013" version="1" lat="50.90781422852" lon="6.227246783" />
  <node id="5014" version="1" lat="50.90782152234" lon="6.22723638945" />
  <node id="5015" version="1" lat="50.90783748418" lon="6.22719934144" />
  <node id="5016" version="1" lat="50.90784234672" lon="6.22718777441" />
  <node id="5017" version="1" lat="50.90784742068" lon="6.22717134587" />
  <node id="5018" version="1" lat="50.90785291747" lon="6.22714720599" />
  <node id="5019" version="1" lat="50.90785714576" lon="6.22712105446" />
  <node id="5020" version="1" lat="50.90785957703" lon="6.22709356181" />
  <node id="5021" version="1" lat="50.90785925991" lon="6.22706808083" />
  <node id="5022" version="1" lat="50.9078563001" lon="6.22703924708" />
  <node id="5023" version="1" lat="50.90785291747" lon="6.2270137661" />
  <node id="5024" version="1" lat="50.90784784351" lon="6.22699163787" />
  <node id="5025" version="1" lat="50.90784234672" lon="6.2269701802" />
  <node id="5026" version="1" lat="50.90783600427" lon="6.22695073418" />
  <node id="5027" version="1" lat="50.90782585635" lon="6.22693095289" />
  <node id="5028" version="1" lat="50.90781359428" lon="6.22691519491" />
  <node id="5029" version="1" lat="50.90779710391" lon="6.22689910166" />
  <node id="5030" version="1" lat="50.90778526466" lon="6.22688636117" />
  <node id="5031" version="1" lat="50.90777427107" lon="6.22687630288" />
  <node id="5032" version="1" lat="50.90776454596" lon="6.2268662446" />
  <node id="5033" version="1" lat="50.90773959895" lon="6.22684076361" />
  <node id="5034" version="1" lat="50.90771549759" lon="6.22681796484" />
  <node id="5035" version="1" lat="50.90769055056" lon="6.22679114275" />
  <node id="5036" version="1" lat="50.90766898616" lon="6.22677102618" />
  <node id="5037" version="1" lat="50.90764615326" lon="6.22674755685" />
  <node id="5038" version="1" lat="50.90762628016" lon="6.22672878139" />
  <node id="5039" version="1" lat="50.9076068299" lon="6.22670732372" />
  <node id="5040" version="1" lat="50.90758653396" lon="6.22668854825" />
  <node id="5041" version="1" lat="50.907568775" lon="6.22667111389" />
  <node id="5042" version="1" lat="50.90755820419" lon="6.22665904395" />
  <node id="5043" version="1" lat="50.90753663973" lon="6.22663825683" />
  <node id="5044" version="1" lat="50.90751972643" lon="6.22662149303" />
  <node id="5045" version="1" lat="50.90750196745" lon="6.22660271756" />
  <node id="5046" version="1" lat="50.90747406046" lon="6.22657321326" />
  <node id="5047" version="1" lat="50.90748463129" lon="6.22585773401" />
  <node id="5048" version="1" lat="50.90746771796" lon="6.22585169904" />
  <node id="5049" version="1" lat="50.9074440393" lon="6.2258523696" />
  <node id="5050" version="1" lat="50.90742628029" lon="6.22586041621" />
  <node id="5051" version="1" lat="50.9074038701" lon="6.22589193217" />
  <node id="5052" version="1" lat="50.90738991658" lon="6.22592076592" />
  <node id="5053" version="1" lat="50.90737289751" lon="6.22596116669" />
  <node id="5054" version="1" lat="50.9073641237" lon="6.22599150918" />
  <node id="5055" version="1" lat="50.90736105815" lon="6.22602051057" />
  <node id="5056" version="1" lat="50.90736116386" lon="6.22604213588" />
  <node id="5057" version="1" lat="50.90736465225" lon="6.22607147255" />
  <node id="5058" version="1" lat="50.90740873269" lon="6.22625201873" />
  <node id="5059" version="1" lat="50.90742353187" lon="6.22627749972" />
  <node id="5060" version="1" lat="50.90747088921" lon="6.22632712059" />
  <node id="5061" version="1" lat="50.90751401818" lon="6.2263703712" />
  <node id="5062" version="1" lat="50.9075556672" lon="6.22641093962" />
  <node id="5063" version="1" lat="50.90773534662" lon="6.22659404775" />
  <node id="5070" version="1" lat="50.90783663852" lon="6.22669558906" />
  <node id="5071" version="1" lat="50.9078761731" lon="6.22673481636" />
  <node id="5072" version="1" lat="50.90795652051" lon="6.22678024179" />
  <node id="5073" version="1" lat="50.90798202836" lon="6.22677550098" />
  <node id="5074" version="1" lat="50.90800517539" lon="6.22676480344" />
  <node id="5075" version="1" lat="50.90802666071" lon="6.22674746297" />
  <node id="5076" version="1" lat="50.90805062378" lon="6.22672082864" />
  <node id="5077" version="1" lat="50.90807396388" lon="6.22667054321" />
  <node id="5078" version="1" lat="50.9080978012" lon="6.22661319804" />
  <node id="5079" version="1" lat="50.90811545208" lon="6.22657022022" />
  <node id="5080" version="1" lat="50.90813325275" lon="6.22652761571" />
  <node id="5081" version="1" lat="50.90815016584" lon="6.22648537092" />
  <node id="5082" version="1" lat="50.90817046153" lon="6.22643843226" />
  <node id="5083" version="1" lat="50.9081873746" lon="6.22639752857" />
  <node id="5084" version="1" lat="50.90820301919" lon="6.22636131875" />
  <node id="5085" version="1" lat="50.90821570398" lon="6.22632913224" />
  <node id="5086" version="1" lat="50.90823261704" lon="6.22628889911" />
  <node id="5087" version="1" lat="50.90823871119" lon="6.22627496222" />
  <node id="5088" version="1" lat="50.90822682375" lon="6.22625317779" />
  <node id="5108" version="1" lat="50.90790196548" lon="6.2267273568" />
  <node id="5112" version="1" lat="50.90783198739" lon="6.22665988215" />
  <node id="5113" version="1" lat="50.90779340414" lon="6.22662099011" />
  <node id="5114" version="1" lat="50.90776169186" lon="6.22658897124" />
  <node id="5115" version="1" lat="50.90774340444" lon="6.22657086633" />
  <node id="5116" version="1" lat="50.90770619531" lon="6.22653298013" />
  <node id="5117" version="1" lat="50.90766095236" lon="6.2264870473" />
  <node id="5118" version="1" lat="50.90764319343" lon="6.22646860711" />
  <node id="5119" version="1" lat="50.90760048742" lon="6.22642636232" />
  <node id="5120" version="1" lat="50.90757258049" lon="6.22639886968" />
  <node id="5121" version="1" lat="50.90752226343" lon="6.22634757243" />
  <node id="5122" version="1" lat="50.90757765448" lon="6.22620105676" />
  <node id="5123" version="1" lat="50.90756750651" lon="6.22619099848" />
  <node id="5124" version="1" lat="50.90754340506" lon="6.22616015308" />
  <node id="5125" version="1" lat="50.90752099492" lon="6.22613198988" />
  <node id="5126" version="1" lat="50.90749012812" lon="6.22610449724" />
  <node id="5127" version="1" lat="50.90746856363" lon="6.22608169846" />
  <node id="5128" version="1" lat="50.90744023379" lon="6.22605085306" />
  <node id="5129" version="1" lat="50.90740217876" lon="6.22601061992" />
  <node id="5130" version="1" lat="50.90736954669" lon="6.22597069911" />
  <node id="5131" version="1" lat="50.90707849811" lon="6.22643440928" />
  <node id="5132" version="1" lat="50.90708103513" lon="6.22644782033" />
  <node id="5133" version="1" lat="50.90708166939" lon="6.2264622372" />
  <node id="5134" version="1" lat="50.90707897381" lon="6.22648394633" />
  <node id="5135" version="1" lat="50.90706729294" lon="6.22651118752" />
  <node id="5136" version="1" lat="50.90705503067" lon="6.22654102709" />
  <node id="5137" version="1" lat="50.90704763102" lon="6.22655712035" />
  <node id="5138" version="1" lat="50.90701972376" lon="6.2266251814" />
  <node id="5139" version="1" lat="50.90698568598" lon="6.22670665249" />
  <node id="5140" version="1" lat="50.90696496693" lon="6.22675526753" />
  <node id="5142" version="1" lat="50.90692965996" lon="6.22684344516" />
  <node id="5143" version="1" lat="50.90689858134" lon="6.22691921755" />
  <node id="5145" version="1" lat="50.90687770296" lon="6.22696774995" />
  <node id="5150" version="1" lat="50.90681919269" lon="6.22708309149" />
  <node id="5151" version="1" lat="50.90716221972" lon="6.22652191635" />
  <node id="5152" version="1" lat="50.90715164882" lon="6.22652526911" />
  <node id="5153" version="1" lat="50.90714530628" lon="6.22652895715" />
  <node id="5154" version="1" lat="50.90713727239" lon="6.22653599795" />
  <node id="5155" version="1" lat="50.90713114126" lon="6.22654404458" />
  <node id="5156" version="1" lat="50.90712416446" lon="6.22655577924" />
  <node id="5157" version="1" lat="50.90711908162" lon="6.22656808226" />
  <node id="5158" version="1" lat="50.90710873093" lon="6.22659366544" />
  <node id="5159" version="1" lat="50.9071036569" lon="6.226604059" />
  <node id="5160" version="1" lat="50.90706778798" lon="6.22668940323" />
  <node id="5161" version="1" lat="50.90703304335" lon="6.22677370839" />
  <node id="5162" version="1" lat="50.90701359283" lon="6.2268213176" />
  <node id="5163" version="1" lat="50.90698885684" lon="6.22688334368" />
  <node id="5164" version="1" lat="50.90696750354" lon="6.22693497621" />
  <node id="5165" version="1" lat="50.90695524123" lon="6.22696380995" />
  <node id="5167" version="1" lat="50.90692891935" lon="6.22702801567" />
  <node id="5169" version="1" lat="50.90688123164" lon="6.22714507293" />
  <node id="5170" version="1" lat="50.90824403335" lon="6.22634321384" />
  <node id="5171" version="1" lat="50.90823219421" lon="6.22637204759" />
  <node id="5172" version="1" lat="50.90822289203" lon="6.22639417581" />
  <node id="5173" version="1" lat="50.90820737739" lon="6.22643108236" />
  <node id="5174" version="1" lat="50.90819012277" lon="6.22647330131" />
  <node id="5175" version="1" lat="50.90817426676" lon="6.22651085224" />
  <node id="5176" version="1" lat="50.90815883358" lon="6.22654773261" />
  <node id="5177" version="1" lat="50.90813882223" lon="6.22659640722" />
  <node id="5178" version="1" lat="50.90809763767" lon="6.22669564447" />
  <node id="5179" version="1" lat="50.9080620061" lon="6.22678477283" />
  <node id="5180" version="1" lat="50.9080467843" lon="6.22682265904" />
  <node id="5181" version="1" lat="50.9080167635" lon="6.22689541396" />
  <node id="5182" version="1" lat="50.90800196451" lon="6.22693095323" />
  <node id="5183" version="1" lat="50.90798779975" lon="6.22696582194" />
  <node id="5184" version="1" lat="50.90797078091" lon="6.22700722855" />
  <node id="5185" version="1" lat="50.90788105928" lon="6.22722482871" />
  <node id="5186" version="1" lat="50.90790570578" lon="6.227249151" />
  <node id="5187" version="1" lat="50.90793691975" lon="6.2271723845" />
  <node id="5188" version="1" lat="50.90798376022" lon="6.22710066065" />
  <node id="5190" version="1" lat="50.90813325488" lon="6.22673292404" />
  <node id="5191" version="1" lat="50.90815861079" lon="6.22667146892" />
  <node id="5192" version="1" lat="50.90817481876" lon="6.22663263749" />
  <node id="5193" version="1" lat="50.9081856833" lon="6.22660674088" />
  <node id="5194" version="1" lat="50.90820682463" lon="6.22655577891" />
  <node id="5195" version="1" lat="50.90822838878" lon="6.22650414638" />
  <node id="5196" version="1" lat="50.9082431877" lon="6.22646726601" />
  <node id="5197" version="1" lat="50.90825967792" lon="6.22642837398" />
  <node id="5198" version="1" lat="50.9082757453" lon="6.22639082305" />
  <node id="5199" version="1" lat="50.90800444883" lon="6.22683330372" />
  <node id="5200" version="1" lat="50.90801988207" lon="6.22684830733" />
  <node id="5201" version="1" lat="50.9080459917" lon="6.22687471032" />
  <node id="5202" version="1" lat="50.90807384549" lon="6.22690362789" />
  <node id="5203" version="1" lat="50.90809572682" lon="6.22692491792" />
  <node id="5204" version="1" lat="50.90812891878" lon="6.22695911609" />
  <node id="5205" version="1" lat="50.90820979278" lon="6.22703982315" />
  <node id="5206" version="1" lat="50.9082207779" lon="6.22704930536" />
  <node id="5207" version="1" lat="50.90825206705" lon="6.22708216242" />
  <node id="5208" version="1" lat="50.90828039639" lon="6.22711099617" />
  <node id="5209" version="1" lat="50.90831126267" lon="6.22714251213" />
  <node id="5210" version="1" lat="50.90833282677" lon="6.22716464035" />
  <node id="5211" version="1" lat="50.90835565933" lon="6.22718743913" />
  <node id="5212" version="1" lat="50.90837849189" lon="6.22721023791" />
  <node id="5213" version="1" lat="50.90839921031" lon="6.22723102503" />
  <node id="5214" version="1" lat="50.90842923086" lon="6.22726119988" />
  <node id="5215" version="1" lat="50.90844952643" lon="6.227281987" />
  <node id="5216" version="1" lat="50.90847616436" lon="6.22730813853" />
  <node id="5217" version="1" lat="50.90849941968" lon="6.22733227842" />
  <node id="5218" version="1" lat="50.90852225216" lon="6.22735507719" />
  <node id="5219" version="1" lat="50.90854762157" lon="6.22738122873" />
  <node id="5220" version="1" lat="50.90857510509" lon="6.22740939192" />
  <node id="5221" version="1" lat="50.90859582342" lon="6.2274308496" />
  <node id="5222" version="1" lat="50.90861654174" lon="6.22745163672" />
  <node id="5223" version="1" lat="50.90863726006" lon="6.22747309439" />
  <node id="5224" version="1" lat="50.90867531387" lon="6.22751265731" />
  <node id="5225" version="1" lat="50.90869349522" lon="6.22753109749" />
  <node id="5226" version="1" lat="50.90872245853" lon="6.22755993124" />
  <node id="5227" version="1" lat="50.90818166612" lon="6.22704125924" />
  <node id="5228" version="1" lat="50.90814318898" lon="6.22719263624" />
  <node id="5229" version="1" lat="50.90817712085" lon="6.22722348165" />
  <node id="5230" version="1" lat="50.90819234261" lon="6.22723991018" />
  <node id="5231" version="1" lat="50.90820767006" lon="6.22725449469" />
  <node id="5232" version="1" lat="50.90822627443" lon="6.22727327015" />
  <node id="5233" version="1" lat="50.90823980488" lon="6.22728768703" />
  <node id="5234" version="1" lat="50.90825227825" lon="6.22730042752" />
  <node id="5235" version="1" lat="50.90826411738" lon="6.22731216218" />
  <node id="5236" version="1" lat="50.90827553368" lon="6.22732356157" />
  <node id="5237" version="1" lat="50.9082856815" lon="6.22733429041" />
  <node id="5238" version="1" lat="50.9082970978" lon="6.2273456898" />
  <node id="5239" version="1" lat="50.90831062822" lon="6.22735943612" />
  <node id="5240" version="1" lat="50.90832119886" lon="6.22736982968" />
  <node id="5241" version="1" lat="50.90833176949" lon="6.22738089379" />
  <node id="5242" version="1" lat="50.90834128306" lon="6.22738994624" />
  <node id="5243" version="1" lat="50.90835100804" lon="6.22740000453" />
  <node id="5244" version="1" lat="50.90835925314" lon="6.22740838643" />
  <node id="5245" version="1" lat="50.90836855529" lon="6.22741810944" />
  <node id="5246" version="1" lat="50.90837701179" lon="6.22742682662" />
  <node id="5247" version="1" lat="50.90840238128" lon="6.22745130178" />
  <node id="5251" version="1" lat="50.90848356357" lon="6.2275253978" />
  <node id="5252" version="1" lat="50.90849899664" lon="6.22753780302" />
  <node id="5253" version="1" lat="50.90851865795" lon="6.22755188461" />
  <node id="5254" version="1" lat="50.90854804419" lon="6.22757267173" />
  <node id="5255" version="1" lat="50.90857954432" lon="6.22759044168" />
  <node id="5256" version="1" lat="50.90862960713" lon="6.22761167382" />
  <node id="5257" version="1" lat="50.90802500854" lon="6.22722499056" />
  <node id="5258" version="1" lat="50.90803420505" lon="6.22721610574" />
  <node id="5259" version="1" lat="50.90804397158" lon="6.22720654365" />
  <node id="5260" version="1" lat="50.90805618319" lon="6.22719675873" />
  <node id="5261" version="1" lat="50.90806632627" lon="6.22719129658" />
  <node id="5262" version="1" lat="50.9080800852" lon="6.22718381579" />
  <node id="5263" version="1" lat="50.90809427908" lon="6.22717970687" />
  <node id="5264" version="1" lat="50.90810957411" lon="6.22717922537" />
  <node id="5265" version="1" lat="50.90812426735" lon="6.22718324868" />
  <node id="5266" version="1" lat="50.90863829907" lon="6.22755885053" />
  <node id="5267" version="1" lat="50.90862024113" lon="6.22754551454" />
  <node id="5268" version="1" lat="50.90861368737" lon="6.22753662971" />
  <node id="5272" version="1" lat="50.90856728264" lon="6.22749052909" />
  <node id="5274" version="1" lat="50.90852182912" lon="6.22744493153" />
  <node id="5277" version="1" lat="50.90847996956" lon="6.22740268674" />
  <node id="5278" version="1" lat="50.90846326801" lon="6.22738592293" />
  <node id="5279" version="1" lat="50.90844783492" lon="6.22737083551" />
  <node id="5280" version="1" lat="50.90843451595" lon="6.22735775974" />
  <node id="5281" version="1" lat="50.9084163345" lon="6.22733831372" />
  <node id="5282" version="1" lat="50.90840047857" lon="6.22732255574" />
  <node id="5283" version="1" lat="50.90838589111" lon="6.22730780359" />
  <node id="5284" version="1" lat="50.908370458" lon="6.22729171034" />
  <node id="5285" version="1" lat="50.90835565912" lon="6.22727628764" />
  <node id="5286" version="1" lat="50.90833832329" lon="6.22726019438" />
  <node id="5287" version="1" lat="50.90832183309" lon="6.2272430953" />
  <node id="5288" version="1" lat="50.90830576572" lon="6.22722733732" />
  <node id="5289" version="1" lat="50.90828779563" lon="6.22720856186" />
  <node id="5290" version="1" lat="50.90826263749" lon="6.22718375143" />
  <node id="5291" version="1" lat="50.9082450902" lon="6.22716564652" />
  <node id="5292" version="1" lat="50.90822542878" lon="6.22714586522" />
  <node id="5293" version="1" lat="50.9082097842" lon="6.22713044252" />
  <node id="5294" version="1" lat="50.9081812512" lon="6.22710082203" />
  <node id="5298" version="1" lat="50.9080665515" lon="6.22698610615" />
  <node id="5300" version="1" lat="50.90803156248" lon="6.22695090216" />
  <node id="5301" version="1" lat="50.90801020966" lon="6.22692910921" />
  <node id="5302" version="1" lat="50.90798779975" lon="6.22690815445" />
  <node id="5304" version="1" lat="50.90795703897" lon="6.22687697377" />
  <node id="5306" version="1" lat="50.90793589752" lon="6.22685568374" />
  <node id="5307" version="1" lat="50.90792194416" lon="6.22684109923" />
  <node id="5309" version="1" lat="50.90788716645" lon="6.22680673342" />
  <node id="5311" version="1" lat="50.90780642839" lon="6.22672387231" />
  <node id="5314" version="1" lat="50.90777038775" lon="6.22668797923" />
  <node id="5315" version="1" lat="50.90774310835" lon="6.22665965914" />
  <node id="5328" version="1" lat="50.90764260188" lon="6.22655716397" />
  <node id="5329" version="1" lat="50.90754869025" lon="6.22646190192" />
  <node id="5330" version="1" lat="50.90753029704" lon="6.22644379701" />
  <node id="5331" version="1" lat="50.9075130666" lon="6.22642619502" />
  <node id="5332" version="1" lat="50.90749499048" lon="6.22640792247" />
  <node id="5333" version="1" lat="50.90748050846" lon="6.22639400851" />
  <node id="5334" version="1" lat="50.90746602642" lon="6.22637942399" />
  <node id="5335" version="1" lat="50.90740513839" lon="6.22631739791" />
  <node id="5336" version="1" lat="50.90739625887" lon="6.22630834546" />
  <node id="5337" version="1" lat="50.90743114266" lon="6.22634354945" />
  <node id="5338" version="1" lat="50.90738420832" lon="6.22629241951" />
  <node id="5339" version="1" lat="50.90737374318" lon="6.22627464987" />
  <node id="5340" version="1" lat="50.90735503656" lon="6.22622678489" />
  <node id="5341" version="1" lat="50.90732691428" lon="6.22609443896" />
  <node id="5342" version="1" lat="50.9073235316" lon="6.22606895797" />
  <node id="5343" version="1" lat="50.90732268593" lon="6.22603811257" />
  <node id="5344" version="1" lat="50.90732564577" lon="6.22599050336" />
  <node id="5345" version="1" lat="50.90732945128" lon="6.22597373955" />
  <node id="5346" version="1" lat="50.90733621664" lon="6.22594733656" />
  <node id="5347" version="1" lat="50.90734113208" lon="6.22593602099" />
  <node id="5348" version="1" lat="50.90735397568" lon="6.2259056785" />
  <node id="5349" version="1" lat="50.9073653922" lon="6.22587852113" />
  <node id="5350" version="1" lat="50.90737363747" lon="6.22585806928" />
  <node id="5351" version="1" lat="50.90738928233" lon="6.22582118891" />
  <node id="5352" version="1" lat="50.90739604767" lon="6.22581716559" />
  <node id="5353" version="1" lat="50.9074188807" lon="6.22581347756" />
  <node id="5354" version="1" lat="50.90718695626" lon="6.22598245606" />
  <node id="5355" version="1" lat="50.90719393241" lon="6.22599553283" />
  <node id="5356" version="1" lat="50.90720302338" lon="6.22600693222" />
  <node id="5357" version="1" lat="50.90721317144" lon="6.22601598468" />
  <node id="5358" version="1" lat="50.9071806133" lon="6.22597407483" />
  <node id="5359" version="1" lat="50.90717680777" lon="6.22600190275" />
  <node id="5360" version="1" lat="50.90717384792" lon="6.22601330213" />
  <node id="5361" version="1" lat="50.90716792822" lon="6.22602805428" />
  <node id="5362" version="1" lat="50.90732479989" lon="6.22597625446" />
  <node id="5363" version="1" lat="50.9073163432" lon="6.22598933023" />
  <node id="5364" version="1" lat="50.90729710422" lon="6.22601363774" />
  <node id="5365" version="1" lat="50.90727046562" lon="6.22602872517" />
  <node id="5366" version="1" lat="50.90670217206" lon="6.22562974625" />
  <node id="5367" version="1" lat="50.90669857792" lon="6.22566796772" />
  <node id="5368" version="1" lat="50.90670238348" lon="6.22569277816" />
  <node id="5369" version="1" lat="50.90671041744" lon="6.22571423583" />
  <node id="5370" version="1" lat="50.90672352548" lon="6.22573234074" />
  <node id="5371" version="1" lat="50.90674001624" lon="6.22575044565" />
  <node id="5372" version="1" lat="50.90675566131" lon="6.22576586835" />
  <node id="5373" version="1" lat="50.90677088354" lon="6.2257806205" />
  <node id="5374" version="1" lat="50.90678695144" lon="6.22579738431" />
  <node id="5375" version="1" lat="50.90679667675" lon="6.2258087837" />
  <node id="5376" version="1" lat="50.90681359032" lon="6.2258242064" />
  <node id="5377" version="1" lat="50.90682923537" lon="6.2258409702" />
  <node id="5378" version="1" lat="50.90684572609" lon="6.22585773401" />
  <node id="5379" version="1" lat="50.90686390816" lon="6.22587718002" />
  <node id="5380" version="1" lat="50.90688124454" lon="6.22589394383" />
  <node id="5381" version="1" lat="50.90689731241" lon="6.22591070764" />
  <node id="5382" version="1" lat="50.90691718581" lon="6.22593149476" />
  <node id="5383" version="1" lat="50.90693283082" lon="6.22594825856" />
  <node id="5384" version="1" lat="50.90693917339" lon="6.22595563464" />
  <node id="5385" version="1" lat="50.90696623502" lon="6.22598178618" />
  <node id="5386" version="1" lat="50.90699541082" lon="6.22601061992" />
  <node id="5387" version="1" lat="50.90702289525" lon="6.22603878312" />
  <node id="5388" version="1" lat="50.9070427686" lon="6.22605957024" />
  <node id="5389" version="1" lat="50.90707342407" lon="6.22608773377" />
  <node id="5390" version="1" lat="50.90708484066" lon="6.22608974542" />
  <node id="5391" version="1" lat="50.90709689151" lon="6.22608941015" />
  <node id="5392" version="1" lat="50.90710513682" lon="6.22608739849" />
  <node id="5393" version="1" lat="50.90711401639" lon="6.22608404573" />
  <node id="5394" version="1" lat="50.90671147433" lon="6.2257236239" />
  <node id="5395" version="1" lat="50.90670005764" lon="6.22572027113" />
  <node id="5396" version="1" lat="50.90668240406" lon="6.22572295334" />
  <node id="5397" version="1" lat="50.90666908458" lon="6.22573083233" />
  <node id="5398" version="1" lat="50.90665576511" lon="6.22574424338" />
  <node id="5401" version="1" lat="50.90666263648" lon="6.22564382784" />
  <node id="5402" version="1" lat="50.90666136796" lon="6.22567735545" />
  <node id="5403" version="1" lat="50.90666515496" lon="6.22571275735" />
  <node id="5404" version="1" lat="50.90667278466" lon="6.22573502295" />
  <node id="5405" version="1" lat="50.90668420135" lon="6.22575446896" />
  <node id="5406" version="1" lat="50.90669688656" lon="6.22576788001" />
  <node id="5407" version="1" lat="50.90673388506" lon="6.22568339042" />
  <node id="5408" version="1" lat="50.90671380016" lon="6.22566863827" />
  <node id="5409" version="1" lat="50.90670344037" lon="6.2256646153" />
  <node id="5410" version="1" lat="50.90668927522" lon="6.22566293891" />
  <node id="5411" version="1" lat="50.90667785853" lon="6.22566428002" />
  <node id="5412" version="1" lat="50.90666390479" lon="6.22566897389" />
  <node id="5413" version="1" lat="50.90665058532" lon="6.22567903217" />
  <node id="5414" version="1" lat="50.90663430595" lon="6.2257025015" />
  <node id="5416" version="1" lat="50.9070875891" lon="6.22506815907" />
  <node id="5417" version="1" lat="50.90707786386" lon="6.22504368391" />
  <node id="5418" version="1" lat="50.90706285315" lon="6.22501619127" />
  <node id="5419" version="1" lat="50.90704826527" lon="6.22500177439" />
  <node id="5420" version="1" lat="50.90703198604" lon="6.22499238666" />
  <node id="5421" version="1" lat="50.90701631766" lon="6.22498874646" />
  <node id="5422" version="1" lat="50.90700238743" lon="6.22498668697" />
  <node id="5423" version="1" lat="50.90697849711" lon="6.2249960747" />
  <node id="5426" version="1" lat="50.90711824475" lon="6.22493103113" />
  <node id="5427" version="1" lat="50.90710111988" lon="6.22494712438" />
  <node id="5428" version="1" lat="50.90708462925" lon="6.22496690568" />
  <node id="5429" version="1" lat="50.90707173272" lon="6.22498098727" />
  <node id="5430" version="1" lat="50.90705211702" lon="6.22500558099" />
  <node id="5431" version="1" lat="50.90703388881" lon="6.22502658483" />
  <node id="5432" version="1" lat="50.90701776319" lon="6.22504822602" />
  <node id="5433" version="1" lat="50.90700978708" lon="6.22505944189" />
  <node id="5434" version="1" lat="50.90699371926" lon="6.22508257594" />
  <node id="5435" version="1" lat="50.90698124555" lon="6.22510101613" />
  <node id="5436" version="1" lat="50.90697194312" lon="6.22511576828" />
  <node id="5437" version="1" lat="50.90672986808" lon="6.22563846342" />
  <node id="5438" version="1" lat="50.9067205656" lon="6.2256612622" />
  <node id="5439" version="1" lat="50.90670830324" lon="6.2256921076" />
  <node id="5440" version="1" lat="50.90670132617" lon="6.22570920702" />
  <node id="5441" version="1" lat="50.90669286936" lon="6.22572764721" />
  <node id="5442" version="1" lat="50.90668737244" lon="6.22574139353" />
  <node id="5443" version="1" lat="50.90667785853" lon="6.22576419231" />
  <node id="5444" version="1" lat="50.90667215018" lon="6.22577793863" />
  <node id="5445" version="1" lat="50.9070346185" lon="6.22659102989" />
  <node id="5446" version="1" lat="50.90708674491" lon="6.22664429347" />
  <node id="5447" version="1" lat="50.90704844358" lon="6.22673634094" />
  <node id="5448" version="1" lat="50.90699643786" lon="6.22668091735" />
  <node id="5449" version="1" lat="50.90683060928" lon="6.22633868812" />
  <node id="5450" version="1" lat="50.90678082006" lon="6.22633080896" />
  <node id="5451" version="1" lat="50.90711274788" lon="6.2264032286" />
  <node id="5452" version="1" lat="50.90711697624" lon="6.22641898658" />
  <node id="5453" version="1" lat="50.90711866759" lon="6.22643943842" />
  <node id="5454" version="1" lat="50.90711909043" lon="6.22645821389" />
  <node id="5459" version="1" lat="50.90694340178" lon="6.22690044276" />
  <node id="5460" version="1" lat="50.90690344357" lon="6.22699566118" />
  <node id="5461" version="1" lat="50.90685237206" lon="6.22711534734" />
  <node id="5474" version="1" lat="50.90683053892" lon="6.2271571776" />
  <node id="5488" version="1" lat="50.90705968208" lon="6.22607968681" />
  <node id="5489" version="1" lat="50.90707786407" lon="6.22611455552" />
  <node id="5490" version="1" lat="50.90708209244" lon="6.22613198988" />
  <node id="5491" version="1" lat="50.90708336094" lon="6.22615780614" />
  <node id="5492" version="1" lat="50.90846326822" lon="6.22818689726" />
  <node id="5495" version="1" lat="50.90843240204" lon="6.22815571659" />
  <node id="5496" version="1" lat="50.90842382764" lon="6.22815098726" />
  <node id="5498" version="1" lat="50.90840895763" lon="6.22814264729" />
  <node id="5499" version="1" lat="50.90839866957" lon="6.22814134164" />
  <node id="5501" version="1" lat="50.90838352108" lon="6.22814540365" />
  <node id="5503" version="1" lat="50.90837273699" lon="6.22815531364" />
  <node id="5504" version="1" lat="50.90835963756" lon="6.22817233533" />
  <node id="5522" version="1" lat="50.90833393668" lon="6.2281452392" />
  <node id="5523" version="1" lat="50.90834678" lon="6.22812017731" />
  <node id="5524" version="1" lat="50.90835396803" lon="6.22810877792" />
  <node id="5525" version="1" lat="50.90836475007" lon="6.22809570216" />
  <node id="5526" version="1" lat="50.90837933754" lon="6.22808732026" />
  <node id="5527" version="1" lat="50.90839392499" lon="6.2280853086" />
  <node id="5528" version="1" lat="50.90840787821" lon="6.22808799081" />
  <node id="5529" version="1" lat="50.90842415697" lon="6.22809536688" />
  <node id="5531" version="1" lat="50.908340226" lon="6.22812185403" />
  <node id="5532" version="1" lat="50.90834614555" lon="6.22808061507" />
  <node id="5533" version="1" lat="50.90834614555" lon="6.22805077549" />
  <node id="5534" version="1" lat="50.90834276295" lon="6.22802797671" />
  <node id="5535" version="1" lat="50.90833071243" lon="6.22799511965" />
  <node id="5536" version="1" lat="50.90830603821" lon="6.2279625344" />
  <node id="5537" version="1" lat="50.90841570047" lon="6.2280276411" />
  <node id="5538" version="1" lat="50.90839794183" lon="6.22802428834" />
  <node id="5539" version="1" lat="50.90838483426" lon="6.2280263" />
  <node id="5540" version="1" lat="50.90835396803" lon="6.22803971104" />
  <node id="5541" version="1" lat="50.9083400148" lon="6.22805312209" />
  <node id="5542" version="1" lat="50.90832986699" lon="6.22807055645" />
  <node id="5544" version="1" lat="50.90836622996" lon="6.2281548784" />
  <node id="5545" version="1" lat="50.9083754264" lon="6.22812302716" />
  <node id="5546" version="1" lat="50.90838166308" lon="6.22808698498" />
  <node id="5547" version="1" lat="50.90838229731" lon="6.22805647485" />
  <node id="5548" version="1" lat="50.90837891471" lon="6.22802026503" />
  <node id="5549" version="1" lat="50.90837172669" lon="6.22798941962" />
  <node id="5550" version="1" lat="50.90835396804" lon="6.22795723312" />
  <node id="5551" version="1" lat="50.9083250418" lon="6.22791743387" />
  <node id="5556" version="1" lat="50.90831749934" lon="6.22809427723" />
  <node id="5557" version="1" lat="50.90894782225" lon="6.22923547336" />
  <node id="5560" version="1" lat="50.90894121569" lon="6.22925274007" />
  <node id="5561" version="1" lat="50.9089490907" lon="6.22923698209" />
  <node id="5563" version="1" lat="50.90894187634" lon="6.22925324299" />
  <node id="5564" version="1" lat="50.90896663772" lon="6.22939523242" />
  <node id="5565" version="1" lat="50.90898101359" lon="6.22942574256" />
  <node id="5566" version="1" lat="50.90903066152" lon="6.22948809622" />
  <node id="5567" version="1" lat="50.90893873871" lon="6.22946672541" />
  <node id="5568" version="1" lat="50.90810703745" lon="6.22683238171" />
  <node id="5569" version="1" lat="50.90810450049" lon="6.22687362067" />
  <node id="5570" version="1" lat="50.90810534615" lon="6.22691854768" />
  <node id="5571" version="1" lat="50.90811168856" lon="6.22696816854" />
  <node id="5572" version="1" lat="50.90812225924" lon="6.22700907223" />
  <node id="5573" version="1" lat="50.90813578971" lon="6.22704528205" />
  <node id="5574" version="1" lat="50.90815830526" lon="6.22701980107" />
  <node id="5575" version="1" lat="50.9081434006" lon="6.22700496509" />
  <node id="5576" version="1" lat="50.90812891877" lon="6.22699012913" />
  <node id="5577" version="1" lat="50.90810428908" lon="6.22696598925" />
  <node id="5578" version="1" lat="50.90808209063" lon="6.22694369338" />
  <node id="5579" version="1" lat="50.90806348621" lon="6.22692542084" />
  <node id="5580" version="1" lat="50.9080481587" lon="6.22690915995" />
  <node id="5581" version="1" lat="50.90802796865" lon="6.22688921102" />
  <node id="5582" version="1" lat="50.90800714437" lon="6.22686741807" />
  <node id="5583" version="1" lat="50.90798790567" lon="6.22684813969" />
  <node id="5584" version="1" lat="50.90796253595" lon="6.22682249106" />
  <node id="5585" version="1" lat="50.90792648979" lon="6.22678611361" />
  <node id="5586" version="1" lat="50.90790386842" lon="6.22676432066" />
  <node id="5587" version="1" lat="50.90805460682" lon="6.22671939366" />
  <node id="5588" version="1" lat="50.90803684805" lon="6.22676297955" />
  <node id="5589" version="1" lat="50.90801935423" lon="6.22680592733" />
  <node id="5590" version="1" lat="50.90799456522" lon="6.22686557405" />
  <node id="5591" version="1" lat="50.90796834985" lon="6.22692860596" />
  <node id="5592" version="1" lat="50.9079457285" lon="6.22698292069" />
  <node id="5594" version="1" lat="50.90785633393" lon="6.22720438279" />
  <node id="5595" version="1" lat="50.907946755" lon="6.22706791117" />
  <node id="5596" version="1" lat="50.90806625854" lon="6.2267632925" />
  <node id="5597" version="1" lat="50.90804234481" lon="6.2267931544" />
  <node id="5598" version="1" lat="50.90802839148" lon="6.226807236" />
  <node id="5599" version="1" lat="50.90796073893" lon="6.22683338754" />
  <node id="5600" version="1" lat="50.90794171163" lon="6.22683271699" />
  <node id="5601" version="1" lat="50.90791803321" lon="6.22682467036" />
  <node id="5602" version="1" lat="50.90734763316" lon="6.22645854883" />
  <node id="5603" version="1" lat="50.90736031819" lon="6.22645251386" />
  <node id="5604" version="1" lat="50.90737645161" lon="6.22644659036" />
  <node id="5605" version="1" lat="50.90743494837" lon="6.22646760128" />
  <node id="5606" version="1" lat="50.90747582155" lon="6.22650694007" />
  <node id="5607" version="1" lat="50.90749477928" lon="6.22652593933" />
  <node id="5611" version="1" lat="50.90753973987" lon="6.22657142498" />
  <node id="5619" version="1" lat="50.90771331234" lon="6.22674667586" />
  <node id="5621" version="1" lat="50.90774084261" lon="6.22677492371" />
  <node id="5622" version="1" lat="50.90775732308" lon="6.22679184446" />
  <node id="5623" version="1" lat="50.907774678" lon="6.22680830235" />
  <node id="5625" version="1" lat="50.90785249464" lon="6.22688854046" />
  <node id="5636" version="1" lat="50.90809984993" lon="6.22707467232" />
  <node id="5640" version="1" lat="50.90792775963" lon="6.22719519279" />
  <node id="5641" version="1" lat="50.90768801336" lon="6.22796963867" />
  <node id="5642" version="1" lat="50.90767818253" lon="6.22794918682" />
  <node id="5643" version="1" lat="50.90766761175" lon="6.22786033865" />
  <node id="5644" version="1" lat="50.90766977875" lon="6.22782127898" />
  <node id="5656" version="1" lat="50.90785968681" lon="6.22741217313" />
  <node id="5657" version="1" lat="50.90786179731" lon="6.22745331243" />
  <node id="5658" version="1" lat="50.907868774" lon="6.22748616949" />
  <node id="5659" version="1" lat="50.90790051265" lon="6.22754454944" />
  <node id="5660" version="1" lat="50.90790567722" lon="6.2275506579" />
  <node id="5661" version="1" lat="50.90785619408" lon="6.22728383151" />
  <node id="5662" version="1" lat="50.90783391044" lon="6.22739839871" />
  <node id="5663" version="1" lat="50.90785841425" lon="6.22754584931" />
  <node id="5664" version="1" lat="50.90787448178" lon="6.22757501833" />
  <node id="5665" version="1" lat="50.90952954112" lon="6.23025733231" />
  <node id="5666" version="1" lat="50.91006408916" lon="6.23047471892" />
  <node id="5667" version="1" lat="50.9102545017" lon="6.230830968" />
  <node id="5668" version="1" lat="50.91044729854" lon="6.2309982661" />
  <node id="5669" version="1" lat="50.9102063284" lon="6.2307353311" />
  <node id="5670" version="1" lat="50.91017504057" lon="6.23071320288" />
  <node id="5671" version="1" lat="50.91362122641" lon="6.22900195353" />
  <node id="5672" version="1" lat="50.90700894162" lon="6.22785866193" />
  <node id="5673" version="1" lat="50.9089575471" lon="6.2293590226" />
  <node id="5675" version="1" lat="50.90899686932" lon="6.22945222936" />
  <node id="5676" version="1" lat="50.91029490709" lon="6.23061630741" />
  <node id="5677" version="1" lat="50.91013582505" lon="6.23045554318" />
  <node id="5678" version="1" lat="50.90752943372" lon="6.22817554936" />
  <node id="5679" version="1" lat="50.90754072011" lon="6.22824867305" />
  <node id="5680" version="1" lat="50.90808559787" lon="6.22866429475" />
  <node id="5681" version="1" lat="50.9081387495" lon="6.22870154612" />
  <node id="5682" version="1" lat="50.90820597897" lon="6.22873909704" />
  <node id="5683" version="1" lat="50.90824572465" lon="6.22875988416" />
  <node id="5684" version="1" lat="50.9082271203" lon="6.22874982588" />
  <node id="5685" version="1" lat="50.90825869088" lon="6.22881537006" />
  <node id="5686" version="1" lat="50.90862999116" lon="6.22914166049" />
  <node id="5687" version="1" lat="50.90858525285" lon="6.22909046642" />
  <node id="5688" version="1" lat="50.90854719875" lon="6.22904352777" />
  <node id="5689" version="1" lat="50.90852352063" lon="6.22901201181" />
  <node id="5690" version="1" lat="50.9090931292" lon="6.22897063589" />
  <node id="5692" version="1" lat="50.90744488475" lon="6.22782915797" />
  <node id="5693" version="1" lat="50.90765017016" lon="6.22784508325" />
  <node id="5694" version="1" lat="50.90763769641" lon="6.22785564479" />
  <node id="5695" version="1" lat="50.90762279159" lon="6.22786067393" />
  <node id="5696" version="1" lat="50.90760196712" lon="6.22786520016" />
  <node id="5697" version="1" lat="50.91060249817" lon="6.2272679054" />
  <node id="5698" version="1" lat="50.9105542984" lon="6.22716933422" />
  <node id="5699" version="1" lat="50.9121833384" lon="6.22685283355" />
  <node id="5700" version="1" lat="50.9113444167" lon="6.22628537217" />
  <node id="5701" version="1" lat="50.91166035245" lon="6.22645046422" />
  <node id="5702" version="1" lat="50.91095532142" lon="6.2260820522" />
  <node id="5703" version="1" lat="50.90879032202" lon="6.22497193381" />
  <node id="5704" version="1" lat="50.90874423406" lon="6.22493974797" />
  <node id="5705" version="1" lat="50.90870315411" lon="6.22492067608" />
  <node id="5707" version="1" lat="50.90959980562" lon="6.22907537933" />
  <node id="5708" version="1" lat="50.90885485938" lon="6.2296005254" />
  <node id="5709" version="1" lat="50.90885986871" lon="6.22967213075" />
  <node id="5710" version="1" lat="50.90881991908" lon="6.22979119353" />
  <node id="5711" version="1" lat="50.90882330164" lon="6.22975498371" />
  <node id="5712" version="1" lat="50.90882203318" lon="6.22972480886" />
  <node id="5713" version="1" lat="50.90881907343" lon="6.22970201008" />
  <node id="5714" version="1" lat="50.9088144224" lon="6.22967652909" />
  <node id="5715" version="1" lat="50.90880808009" lon="6.22965238921" />
  <node id="5716" version="1" lat="50.90879750935" lon="6.22962422635" />
  <node id="5717" version="1" lat="50.90887721107" lon="6.22984483805" />
  <node id="5718" version="1" lat="50.90888714735" lon="6.22982505675" />
  <node id="5719" version="1" lat="50.90889623799" lon="6.22980996933" />
  <node id="5720" version="1" lat="50.90890913401" lon="6.22979454663" />
  <node id="5721" version="1" lat="50.9089237213" lon="6.22978348251" />
  <node id="5722" version="1" lat="50.90893534885" lon="6.22977744754" />
  <node id="5723" version="1" lat="50.90895162741" lon="6.22977308895" />
  <node id="5724" version="1" lat="50.90896515764" lon="6.22977275368" />
  <node id="5725" version="1" lat="50.90881505642" lon="6.22956890579" />
  <node id="5726" version="1" lat="50.90882774105" lon="6.22958768126" />
  <node id="5727" version="1" lat="50.90884211696" lon="6.2296151739" />
  <node id="5728" version="1" lat="50.90885057338" lon="6.22963730212" />
  <node id="5729" version="1" lat="50.90886452646" lon="6.22969429906" />
  <node id="5730" version="1" lat="50.90886727479" lon="6.22973252054" />
  <node id="5731" version="1" lat="50.90886050966" lon="6.22978012975" />
  <node id="5732" version="1" lat="50.90884930491" lon="6.22981768068" />
  <node id="5733" version="1" lat="50.90883577465" lon="6.22960142758" />
  <node id="5734" version="1" lat="50.90896325517" lon="6.2297073745" />
  <node id="5735" version="1" lat="50.9089404229" lon="6.22970268063" />
  <node id="5736" version="1" lat="50.90892224164" lon="6.22970536284" />
  <node id="5737" version="1" lat="50.90890347716" lon="6.22971231659" />
  <node id="5738" version="1" lat="50.90888545628" lon="6.22973017327" />
  <node id="5739" version="1" lat="50.90887023475" lon="6.22976034813" />
  <node id="5740" version="1" lat="50.90886220116" lon="6.2297818058" />
  <node id="5741" version="1" lat="50.90886473808" lon="6.22975967757" />
  <node id="5742" version="1" lat="50.90887742269" lon="6.22974425487" />
  <node id="5743" version="1" lat="50.90889475833" lon="6.22971877389" />
  <node id="5744" version="1" lat="50.90812196573" lon="6.22663694677" />
  <node id="5745" version="1" lat="50.90826179205" lon="6.22712440722" />
  <node id="5746" version="1" lat="50.90822627464" lon="6.22708886795" />
  <node id="5747" version="1" lat="50.90811434797" lon="6.22679021125" />
  <node id="5748" version="1" lat="50.90793420642" lon="6.22676256046" />
  <node id="5749" version="1" lat="50.90786433387" lon="6.22672341697" />
  <node id="5750" version="1" lat="50.90739287642" lon="6.22619032793" />
  <node id="5751" version="1" lat="50.90736179812" lon="6.22624715723" />
  <node id="5752" version="1" lat="50.90861865586" lon="6.22749522261" />
  <node id="5753" version="1" lat="50.90857848768" lon="6.22747108273" />
  <node id="5754" version="1" lat="50.90853578252" lon="6.22744090788" />
  <node id="5755" version="1" lat="50.90850407074" lon="6.2274154269" />
  <node id="5756" version="1" lat="50.90847447306" lon="6.22739128701" />
  <node id="5757" version="1" lat="50.90821232116" lon="6.22718777474" />
  <node id="5758" version="1" lat="50.90811528561" lon="6.22703695451" />
  <node id="5759" version="1" lat="50.90806858315" lon="6.22700061548" />
  <node id="5760" version="1" lat="50.90801286453" lon="6.22699793959" />
  <node id="5761" version="1" lat="50.9079723909" lon="6.22702207743" />
  <node id="5762" version="1" lat="50.90804812102" lon="6.22699518153" />
  <node id="5764" version="1" lat="50.90799639884" lon="6.22700368208" />
  <node id="5765" version="1" lat="50.90808448707" lon="6.22700806247" />
  <node id="5767" version="1" lat="50.90788082401" lon="6.2273091447" />
  <node id="5769" version="1" lat="50.90786546796" lon="6.22736052744" />
  <node id="5770" version="1" lat="50.90783721991" lon="6.22747150182" />
  <node id="5775" version="1" lat="50.90836792126" lon="6.22803099386" />
  <node id="5776" version="1" lat="50.90849265449" lon="6.22815504603" />
  <node id="5777" version="1" lat="50.90887096249" lon="6.22860759789" />
  <node id="5778" version="1" lat="50.90877183536" lon="6.22837665068" />
  <node id="5779" version="1" lat="50.90871261593" lon="6.22844331259" />
  <node id="5780" version="1" lat="50.90923438526" lon="6.22854929492" />
  <node id="5781" version="1" lat="50.90920856312" lon="6.22852068723" />
  <node id="5782" version="1" lat="50.9084351504" lon="6.22803971104" />
  <node id="5783" version="1" lat="50.90845375446" lon="6.22819628533" />
  <node id="5786" version="1" lat="50.90860042141" lon="6.22826585512" />
  <node id="5787" version="1" lat="50.90850956724" lon="6.22816426646" />
  <node id="5788" version="1" lat="50.90852182912" lon="6.22815789621" />
  <node id="5789" version="1" lat="50.90852922854" lon="6.2281503525" />
  <node id="5790" version="1" lat="50.90854381595" lon="6.22812218931" />
  <node id="5791" version="1" lat="50.90850407053" lon="6.22822713073" />
  <node id="5792" version="1" lat="50.90853261113" lon="6.22823651846" />
  <node id="5793" version="1" lat="50.90855692348" lon="6.22822914239" />
  <node id="5794" version="1" lat="50.90857848746" lon="6.22820164975" />
  <node id="5795" version="1" lat="50.90859772591" lon="6.22816342827" />
  <node id="5796" version="1" lat="50.90850185071" lon="6.22816242244" />
  <node id="5797" version="1" lat="50.90857383641" lon="6.22823853012" />
  <node id="5798" version="1" lat="50.90855840336" lon="6.22818756815" />
  <node id="5799" version="1" lat="50.9085573463" lon="6.22813191231" />
  <node id="5800" version="1" lat="50.90856326583" lon="6.22808095034" />
  <node id="5801" version="1" lat="50.90855036971" lon="6.2281195071" />
  <node id="5802" version="1" lat="50.90854360454" lon="6.22817181017" />
  <node id="5803" version="1" lat="50.90854550724" lon="6.22822813656" />
  <node id="5804" version="1" lat="50.90855692348" lon="6.22827172246" />
  <node id="5805" version="1" lat="50.90860005144" lon="6.22816845741" />
  <node id="5806" version="1" lat="50.90859349768" lon="6.22820801999" />
  <node id="5807" version="1" lat="50.90859231801" lon="6.22823958289" />
  <node id="5808" version="1" lat="50.90859518898" lon="6.22815772858" />
  <node id="5809" version="1" lat="50.90856939676" lon="6.22818186846" />
  <node id="5810" version="1" lat="50.90854888983" lon="6.22818589177" />
  <node id="5811" version="1" lat="50.90851717806" lon="6.22817952152" />
  <node id="5812" version="1" lat="50.90895633129" lon="6.2286224632" />
  <node id="5813" version="1" lat="50.90894845626" lon="6.22859291699" />
  <node id="5814" version="1" lat="50.90894295961" lon="6.22853524949" />
  <node id="5815" version="1" lat="50.90893196629" lon="6.22853223201" />
  <node id="5816" version="1" lat="50.90892097297" lon="6.22858168524" />
  <node id="5817" version="1" lat="50.90891790753" lon="6.22862812099" />
  <node id="5818" version="1" lat="50.90892139579" lon="6.22865125503" />
  <node id="5819" version="1" lat="50.90898661574" lon="6.22855067219" />
  <node id="5820" version="1" lat="50.90896357207" lon="6.22858235579" />
  <node id="5821" version="1" lat="50.90895500997" lon="6.22859484483" />
  <node id="5822" version="1" lat="50.90897974492" lon="6.22855603662" />
  <node id="5823" version="1" lat="50.90896454984" lon="6.22857221369" />
  <node id="5824" version="1" lat="50.90892435553" lon="6.2285828587" />
  <node id="5825" version="1" lat="50.90890321452" lon="6.22857414152" />
  <node id="5826" version="1" lat="50.90897445968" lon="6.22857045349" />
  <node id="5827" version="1" lat="50.9089495926" lon="6.22861517094" />
  <node id="5829" version="1" lat="50.90891133044" lon="6.22850565256" />
  <node id="5830" version="1" lat="50.9089493019" lon="6.22857917066" />
  <node id="5832" version="1" lat="50.90915109474" lon="6.22875195906" />
  <node id="5833" version="1" lat="50.90860533673" lon="6.22760150548" />
  <node id="5834" version="1" lat="50.90723981007" lon="6.22596200522" />
  <node id="5835" version="1" lat="50.90730809782" lon="6.22599972395" />
  <node id="5836" version="1" lat="50.90747236892" lon="6.22584331747" />
  <node id="5837" version="1" lat="50.90744382767" lon="6.2258232009" />
  <node id="5838" version="1" lat="50.90740682972" lon="6.22581247207" />
  <node id="5839" version="1" lat="50.90754953592" lon="6.22580409016" />
  <node id="5840" version="1" lat="50.90750048732" lon="6.2257615101" />
  <node id="5841" version="1" lat="50.90749055074" lon="6.22575178709" />
  <node id="5842" version="1" lat="50.90740725277" lon="6.22579537265" />
  <node id="5843" version="1" lat="50.90745080463" lon="6.22576385669" />
  <node id="5844" version="1" lat="50.90747025496" lon="6.22576184504" />
  <node id="5845" version="1" lat="50.90749689345" lon="6.22576922111" />
  <node id="5846" version="1" lat="50.90743093146" lon="6.22577190332" />
  <node id="5847" version="1" lat="50.90732310855" lon="6.22601229664" />
  <node id="5848" version="1" lat="50.90732458848" lon="6.22601531412" />
  <node id="5849" version="1" lat="50.9071890698" lon="6.22602336075" />
  <node id="5850" version="1" lat="50.90707088705" lon="6.22609544512" />
  <node id="5851" version="1" lat="50.90711380497" lon="6.22648972984" />
  <node id="5853" version="1" lat="50.907370466" lon="6.22639417615" />
  <node id="5854" version="1" lat="50.90742994472" lon="6.22639853346" />
  <node id="5855" version="1" lat="50.9074203604" lon="6.22645519641" />
  <node id="5862" version="1" lat="50.90782469357" lon="6.22668335147" />
  <node id="5863" version="1" lat="50.90793240939" lon="6.22684009306" />
  <node id="5864" version="1" lat="50.90798610865" lon="6.22686490349" />
  <node id="5865" version="1" lat="50.90802078058" lon="6.22686423294" />
  <node id="5866" version="1" lat="50.90805841227" lon="6.22684478693" />
  <node id="5867" version="1" lat="50.90809266132" lon="6.22681192987" />
  <node id="5868" version="1" lat="50.90792141584" lon="6.22688367896" />
  <node id="5869" version="1" lat="50.90796158459" lon="6.2269111716" />
  <node id="5870" version="1" lat="50.90800809573" lon="6.22692257099" />
  <node id="5871" version="1" lat="50.90803896219" lon="6.22691586547" />
  <node id="5872" version="1" lat="50.9080892787" lon="6.22689105503" />
  <node id="5873" version="1" lat="50.90812564186" lon="6.22685350411" />
  <node id="5874" version="1" lat="50.90795989327" lon="6.22685618632" />
  <node id="5875" version="1" lat="50.90814593757" lon="6.2268226587" />
  <node id="5876" version="1" lat="50.90810450049" lon="6.22687697344" />
  <node id="5889" version="1" lat="50.9079958776" lon="6.22682796852" />
  <node id="5890" version="1" lat="50.90792773883" lon="6.226776231" />
  <node id="5892" version="1" lat="50.90809278546" lon="6.22683462551" />
  <node id="5894" version="1" lat="50.90807370325" lon="6.22699774987" />
  <node id="5895" version="1" lat="50.90812318246" lon="6.2269004529" />
  <node id="5896" version="1" lat="50.90806788987" lon="6.22689457807" />
  <node id="5897" version="1" lat="50.90803139211" lon="6.22685874939" />
  <node id="5898" version="1" lat="50.90800805977" lon="6.22683288064" />
  <node id="5899" version="1" lat="50.90810685057" lon="6.226937642" />
  <node id="5915" version="1" lat="50.90798852322" lon="6.22699231845" />
  <node id="5916" version="1" lat="50.90797357765" lon="6.22693275336" />
  <node id="5917" version="1" lat="50.90792753235" lon="6.22684892549" />
  <node id="5919" version="1" lat="50.90800920564" lon="6.22712767615" />
  <node id="5920" version="1" lat="50.90801082176" lon="6.22697261431" />
  <node id="5921" version="1" lat="50.90798431467" lon="6.22687315698" />
  <node id="5922" version="1" lat="50.90795293941" lon="6.22681685077" />
  <node id="5923" version="1" lat="50.90794838675" lon="6.22687839655" />
  <node id="5924" version="1" lat="50.90799076963" lon="6.2270329229" />
  <node id="5926" version="1" lat="50.90798142373" lon="6.22696124206" />
  <node id="5927" version="1" lat="50.90796366635" lon="6.22690557512" />
  <node id="5928" version="1" lat="50.90793207473" lon="6.22679391377" />
  <node id="5929" version="1" lat="50.90797226985" lon="6.22684682866" />
  <node id="5930" version="1" lat="50.9079974172" lon="6.22690908712" />
  <node id="5933" version="1" lat="50.90854552674" lon="6.22823405009" />
  <node id="5934" version="1" lat="50.90851744565" lon="6.22823470499" />
  <node id="5935" version="1" lat="50.90853313802" lon="6.22818362238" />
  <node id="5937" version="1" lat="50.90909983928" lon="6.22882369175" />
  <node id="5938" version="1" lat="50.90908047284" lon="6.22882398193" />
  <node id="5939" version="1" lat="50.90888495871" lon="6.2292844237" />
  <node id="5940" version="1" lat="50.90884954544" lon="6.22929892254" />
  <node id="5941" version="1" lat="50.9088238725" lon="6.22929508829" />
  <node id="5942" version="1" lat="50.90912866024" lon="6.22885306292" />
  <node id="5943" version="1" lat="50.90912672332" lon="6.22880793075" />
  <node id="5944" version="1" lat="50.90909707557" lon="6.22887852045" />
  <node id="5945" version="1" lat="50.90912647304" lon="6.22888936792" />
  <node id="5946" version="1" lat="50.90907732036" lon="6.228845663" />
  <node id="5948" version="1" lat="50.90822793198" lon="6.22702642494">
    <tag k="ele" v="2.5" />
  </node>
  <node id="5949" version="1" lat="50.90822378808" lon="6.22703782788">
    <tag k="ele" v="2.5" />
  </node>
  <node id="5950" version="1" lat="50.90820137533" lon="6.22714071738">
    <tag k="ele" v="4.8" />
  </node>
  <node id="5951" version="1" lat="50.90819673443" lon="6.22715231057">
    <tag k="ele" v="4.8" />
  </node>
  <node id="5952" version="1" lat="50.90805443166" lon="6.22663374588">
    <tag k="ele" v="2.5" />
  </node>
  <node id="5953" version="1" lat="50.90806101714" lon="6.22664109951">
    <tag k="ele" v="2.5" />
  </node>
  <node id="5954" version="1" lat="50.90811915791" lon="6.2266983396">
    <tag k="ele" v="4.8" />
  </node>
  <node id="5955" version="1" lat="50.90812731745" lon="6.22670627181">
    <tag k="ele" v="4.8" />
  </node>
  <node id="5956" version="1" lat="50.90781178429" lon="6.22694280243">
    <tag k="ele" v="2.4" />
  </node>
  <node id="5957" version="1" lat="50.9078162908" lon="6.22693135616">
    <tag k="ele" v="2.4" />
  </node>
  <node id="5958" version="1" lat="50.90803014525" lon="6.22727581977">
    <tag k="ele" v="2.4" />
  </node>
  <node id="5959" version="1" lat="50.90802200312" lon="6.22726879856">
    <tag k="ele" v="2.4" />
  </node>
  <node id="7061" version="1" lat="50.90868894989" lon="6.22505927425" />
  <node id="7063" version="1" lat="50.90880068051" lon="6.22505776551" />
  <node id="7064" version="1" lat="50.90895268446" lon="6.22513856705" />
  <node id="7065" version="1" lat="50.90914675833" lon="6.225240491" />
  <node id="7066" version="1" lat="50.90923364735" lon="6.22528709438" />
  <node id="7067" version="1" lat="50.90948036054" lon="6.22527401861" />
  <node id="7068" version="1" lat="50.90965308014" lon="6.22534140911" />
  <node id="7069" version="1" lat="50.90982643331" lon="6.2254061174" />
  <node id="7070" version="1" lat="50.90920912394" lon="6.22540745851" />
  <node id="7071" version="1" lat="50.90864550478" lon="6.22908292321" />
  <node id="7072" version="1" lat="50.90927846595" lon="6.2254440036" />
  <node id="7073" version="1" lat="50.90863662551" lon="6.2290740384" />
  <node id="7074" version="1" lat="50.90941461277" lon="6.2253766131" />
  <node id="7075" version="1" lat="50.90860036845" lon="6.2290291114" />
  <node id="7076" version="1" lat="50.90955160481" lon="6.22545070913" />
  <node id="7077" version="1" lat="50.90855903749" lon="6.2289771436" />
  <node id="7078" version="1" lat="50.90901926272" lon="6.22510406907" />
  <node id="7079" version="1" lat="50.90849064576" lon="6.22889718024" />
  <node id="7080" version="1" lat="50.90846094237" lon="6.22886918468" />
  <node id="7081" version="1" lat="50.9083977301" lon="6.22881302593" />
  <node id="7082" version="1" lat="50.9083571389" lon="6.22877547501" />
  <node id="7083" version="1" lat="50.90836992936" lon="6.22872870399" />
  <node id="7084" version="1" lat="50.90955858188" lon="6.2285969393" />
  <node id="7085" version="1" lat="50.90954843391" lon="6.22847355835" />
  <node id="7088" version="1" lat="50.90964779496" lon="6.22875686702" />
  <node id="7089" version="1" lat="50.90963257368" lon="6.22850943323" />
  <node id="7090" version="1" lat="50.90960339954" lon="6.2283062559" />
  <node id="7091" version="1" lat="50.90958141321" lon="6.22820801999" />
  <node id="7092" version="1" lat="50.90954272571" lon="6.22807323899" />
  <node id="7093" version="1" lat="50.91280525874" lon="6.22679248419" />
  <node id="7094" version="1" lat="50.91284774859" lon="6.22683841702" />
  <node id="7095" version="1" lat="50.91289996243" lon="6.22689910199" />
  <node id="7096" version="1" lat="50.91295682684" lon="6.22697018053" />
  <node id="7097" version="1" lat="50.9130005849" lon="6.2270281833" />
  <node id="7098" version="1" lat="50.91303081387" lon="6.2270704281" />
  <node id="7099" version="1" lat="50.91305850613" lon="6.22711233761" />
  <node id="7100" version="1" lat="50.91308577559" lon="6.22715558823" />
  <node id="7101" version="1" lat="50.91311346782" lon="6.22720286217" />
  <node id="7102" version="1" lat="50.91313207022" lon="6.22723437812" />
  <node id="7103" version="1" lat="50.91316081938" lon="6.22728601065" />
  <node id="7104" version="1" lat="50.91318618626" lon="6.22733194347" />
  <node id="7105" version="1" lat="50.91320182917" lon="6.22735608336" />
  <node id="7106" version="1" lat="50.91320500003" lon="6.22736614164" />
  <node id="7107" version="1" lat="50.91320500003" lon="6.2273751941" />
  <node id="7108" version="1" lat="50.91320246334" lon="6.22738223489" />
  <node id="7109" version="1" lat="50.90759671389" lon="6.22657650071" />
  <node id="7110" version="1" lat="50.91261859889" lon="6.22694972869" />
  <node id="7111" version="1" lat="50.91266468259" lon="6.22697520968" />
  <node id="7112" version="1" lat="50.91273211692" lon="6.22701410171" />
  <node id="7114" version="1" lat="50.91280187646" lon="6.22705433484" />
  <node id="7115" version="1" lat="50.9128610663" lon="6.2270871919" />
  <node id="7116" version="1" lat="50.91291539405" lon="6.2271223959" />
  <node id="7117" version="1" lat="50.91297458374" lon="6.22716497596" />
  <node id="7118" version="1" lat="50.91302087848" lon="6.22720353272" />
  <node id="7119" version="1" lat="50.91306442509" lon="6.2272417542" />
  <node id="7120" version="1" lat="50.91310902861" lon="6.22728835758" />
  <node id="7121" version="1" lat="50.9131417942" lon="6.2273245674" />
  <node id="7122" version="1" lat="50.91318132428" lon="6.22737418827" />
  <node id="7123" version="1" lat="50.91319295076" lon="6.22738692876" />
  <node id="7124" version="1" lat="50.9131988697" lon="6.22738692876" />
  <node id="7125" version="1" lat="50.91276361442" lon="6.2271378186" />
  <node id="7127" version="1" lat="50.91059298485" lon="6.2308791649" />
  <node id="7129" version="1" lat="50.91046233796" lon="6.23076450046" />
  <node id="7131" version="1" lat="50.91044035204" lon="6.2307386842" />
  <node id="7132" version="1" lat="50.90877531113" lon="6.22919943167" />
  <node id="7133" version="1" lat="50.90871072512" lon="6.22914377583" />
  <node id="7135" version="1" lat="50.91216008471" lon="6.2315560874" />
  <node id="7136" version="1" lat="50.91211167516" lon="6.23156648096" />
  <node id="7137" version="1" lat="50.91205121599" lon="6.23157620396" />
  <node id="7138" version="1" lat="50.91201802684" lon="6.23158089783" />
  <node id="7139" version="1" lat="50.90870702553" lon="6.2249974158" />
  <node id="7140" version="1" lat="50.91197807299" lon="6.23158425059" />
  <node id="7141" version="1" lat="50.90853165967" lon="6.22894244252" />
  <node id="7143" version="1" lat="50.91192670369" lon="6.2315869328" />
  <node id="7144" version="1" lat="50.91189351445" lon="6.23158592697" />
  <node id="7145" version="1" lat="50.91185377189" lon="6.23158458587" />
  <node id="7146" version="1" lat="50.91181741164" lon="6.23158223893" />
  <node id="7147" version="1" lat="50.91177534364" lon="6.23157653924" />
  <node id="7148" version="1" lat="50.90830238301" lon="6.22870054079" />
  <node id="7149" version="1" lat="50.90825502646" lon="6.22868034049" />
  <node id="7150" version="1" lat="50.91173919473" lon="6.23157184537" />
  <node id="7151" version="1" lat="50.90821242676" lon="6.22866231931" />
  <node id="7152" version="1" lat="50.91169543548" lon="6.23156346347" />
  <node id="7153" version="1" lat="50.90814699432" lon="6.22863348557" />
  <node id="7154" version="1" lat="50.91162821105" lon="6.23154703494" />
  <node id="7155" version="1" lat="50.90810143468" lon="6.22860733403" />
  <node id="7156" version="1" lat="50.90836496127" lon="6.22667077895" />
  <node id="7157" version="1" lat="50.91155654717" lon="6.23152423616" />
  <node id="7158" version="1" lat="50.90807680497" lon="6.22858839093" />
  <node id="7159" version="1" lat="50.90839138784" lon="6.22672442313" />
  <node id="7160" version="1" lat="50.91148974533" lon="6.23150076684" />
  <node id="7161" version="1" lat="50.9080213088" lon="6.2285424581" />
  <node id="7162" version="1" lat="50.90841189484" lon="6.22675593909" />
  <node id="7163" version="1" lat="50.91141977242" lon="6.23147126254" />
  <node id="7164" version="1" lat="50.90794541107" lon="6.22847624106" />
  <node id="7165" version="1" lat="50.90843092194" lon="6.226774044" />
  <node id="7166" version="1" lat="50.911351702" lon="6.23143907603" />
  <node id="7167" version="1" lat="50.91229220659" lon="6.22641328689" />
  <node id="7168" version="1" lat="50.90788399513" lon="6.22842142342" />
  <node id="7169" version="1" lat="50.90846178812" lon="6.22679281946" />
  <node id="7171" version="1" lat="50.91129568123" lon="6.23140890118" />
  <node id="7172" version="1" lat="50.91237190255" lon="6.22645720772" />
  <node id="7173" version="1" lat="50.90781623665" lon="6.22835587693" />
  <node id="7174" version="1" lat="50.90848335279" lon="6.22681058809" />
  <node id="7175" version="1" lat="50.91121788625" lon="6.23136296835" />
  <node id="7176" version="1" lat="50.91250719474" lon="6.22654303841" />
  <node id="7177" version="1" lat="50.90778642707" lon="6.22832461252" />
  <node id="7178" version="1" lat="50.90850977865" lon="6.22683070567" />
  <node id="7180" version="1" lat="50.91114685593" lon="6.23131703552" />
  <node id="7181" version="1" lat="50.91262642065" lon="6.22663222186" />
  <node id="7182" version="1" lat="50.9077294507" lon="6.22826132907" />
  <node id="7184" version="1" lat="50.9101577052" lon="6.22553016957" />
  <node id="7185" version="1" lat="50.90627827261" lon="6.22594591197" />
  <node id="7186" version="1" lat="50.90866973899" lon="6.22814493094" />
  <node id="7187" version="1" lat="50.91346923749" lon="6.22818153318" />
  <node id="7188" version="1" lat="50.91020083168" lon="6.22555632111" />
  <node id="7189" version="1" lat="50.9062858838" lon="6.2258667868" />
  <node id="7190" version="1" lat="50.90867412779" lon="6.22817256693" />
  <node id="7191" version="1" lat="50.91348551447" lon="6.22825931724" />
  <node id="7192" version="1" lat="50.91023063967" lon="6.22558951344" />
  <node id="7193" version="1" lat="50.90629983765" lon="6.22575513985" />
  <node id="7194" version="1" lat="50.908687036" lon="6.2281889438" />
  <node id="7195" version="1" lat="50.91349735227" lon="6.22832771357" />
  <node id="7196" version="1" lat="50.91024564935" lon="6.22560895946" />
  <node id="7197" version="1" lat="50.91272746649" lon="6.2267187231" />
  <node id="7198" version="1" lat="50.90631146585" lon="6.22569110211" />
  <node id="7199" version="1" lat="50.90874951174" lon="6.22825445132" />
  <node id="7200" version="1" lat="50.91350538506" lon="6.22837968137" />
  <node id="7201" version="1" lat="50.91027524591" lon="6.22562605854" />
  <node id="7202" version="1" lat="50.90633007098" lon="6.22560493615" />
  <node id="7203" version="1" lat="50.90880153175" lon="6.22830829031" />
  <node id="7204" version="1" lat="50.91351299507" lon="6.22843164917" />
  <node id="7205" version="1" lat="50.91037502843" lon="6.22566897389" />
  <node id="7206" version="1" lat="50.90634909893" lon="6.22552514043" />
  <node id="7207" version="1" lat="50.90891215516" lon="6.22842251842" />
  <node id="7208" version="1" lat="50.91351954813" lon="6.22848294642" />
  <node id="7209" version="1" lat="50.91052935267" lon="6.22572798248" />
  <node id="7210" version="1" lat="50.90637341242" lon="6.2254413214" />
  <node id="7211" version="1" lat="50.90914914803" lon="6.22890399906" />
  <node id="7212" version="1" lat="50.91352758092" lon="6.22854698416" />
  <node id="7213" version="1" lat="50.91057395863" lon="6.22574608739" />
  <node id="7214" version="1" lat="50.90641062261" lon="6.22533302721" />
  <node id="7215" version="1" lat="50.90783857861" lon="6.22735717025" />
  <node id="7216" version="1" lat="50.91059805851" lon="6.22575782206" />
  <node id="7217" version="1" lat="50.90644952414" lon="6.22523646768" />
  <node id="7218" version="1" lat="50.90783419178" lon="6.22743715259" />
  <node id="7219" version="1" lat="50.91067923696" lon="6.22575111654" />
  <node id="7220" version="1" lat="50.90647278047" lon="6.22518416461" />
  <node id="7221" version="1" lat="50.90784512839" lon="6.22751480095" />
  <node id="7222" version="1" lat="50.91070206838" lon="6.22574977543" />
  <node id="7223" version="1" lat="50.90651569894" lon="6.22510202195" />
  <node id="7224" version="1" lat="50.90929312078" lon="6.22831378023" />
  <node id="7225" version="1" lat="50.91079635355" lon="6.2257769328" />
  <node id="7226" version="1" lat="50.90656474858" lon="6.22501920875" />
  <node id="7227" version="1" lat="50.90809975648" lon="6.22702081979" />
  <node id="7228" version="1" lat="50.91099375309" lon="6.22584449013" />
  <node id="7229" version="1" lat="50.90659625025" lon="6.22497193482" />
  <node id="7230" version="1" lat="50.90737676778" lon="6.22635989212" />
  <node id="7231" version="1" lat="50.91134155485" lon="6.22598011013" />
  <node id="7232" version="1" lat="50.90664339702" lon="6.22490789708" />
  <node id="7233" version="1" lat="50.90740080629" lon="6.22644809705" />
  <node id="7234" version="1" lat="50.91155231921" lon="6.22610215064" />
  <node id="7235" version="1" lat="50.90699181649" lon="6.22462056544" />
  <node id="7236" version="1" lat="50.90758458588" lon="6.22653294964" />
  <node id="7237" version="1" lat="50.91174553665" lon="6.22617389973" />
  <node id="7239" version="1" lat="50.90760770806" lon="6.22653786859" />
  <node id="7240" version="1" lat="50.91151574732" lon="6.22609175708" />
  <node id="7241" version="1" lat="50.90695502961" lon="6.22464235838" />
  <node id="7242" version="1" lat="50.90756992304" lon="6.22653116093" />
  <node id="7243" version="1" lat="50.90993784473" lon="6.22847825155" />
  <node id="7244" version="1" lat="50.91142801697" lon="6.22604347732" />
  <node id="7245" version="1" lat="50.90673515337" lon="6.22480630841" />
  <node id="7246" version="1" lat="50.90755825758" lon="6.22656029214" />
  <node id="7247" version="1" lat="50.90945166196" lon="6.22784583795" />
  <node id="7248" version="1" lat="50.91330308515" lon="6.23037826236" />
  <node id="7249" version="1" lat="50.90956386642" lon="6.22988875922" />
  <node id="7250" version="1" lat="50.90666644184" lon="6.22739732232" />
  <node id="7251" version="1" lat="50.90815314919" lon="6.22838034837" />
  <node id="7252" version="1" lat="50.913155746" lon="6.22745465454" />
  <node id="7253" version="1" lat="50.91147790702" lon="6.22607834604" />
  <node id="7254" version="1" lat="50.90688209001" lon="6.22468963232" />
  <node id="7256" version="1" lat="50.91137368749" lon="6.22599687394" />
  <node id="7257" version="1" lat="50.90669033232" lon="6.22485257652" />
  <node id="7258" version="1" lat="50.90769765321" lon="6.22673104265" />
  <node id="7259" version="1" lat="50.9094934678" lon="6.22793745216" />
  <node id="7260" version="1" lat="50.91333796451" lon="6.23028907891" />
  <node id="7261" version="1" lat="50.909661325" lon="6.22997391935" />
  <node id="7262" version="1" lat="50.90677595741" lon="6.22752103921" />
  <node id="7263" version="1" lat="50.90830662921" lon="6.22808095886" />
  <node id="7264" version="1" lat="50.91313164744" lon="6.22742380913" />
  <node id="7265" version="1" lat="50.90833050102" lon="6.22660070624" />
  <node id="7266" version="1" lat="50.91323861112" lon="6.23052779552" />
  <node id="7267" version="1" lat="50.90939262635" lon="6.22973956134" />
  <node id="7268" version="1" lat="50.90654106945" lon="6.22721426155" />
  <node id="7269" version="1" lat="50.90823408445" lon="6.22827881192" />
  <node id="7270" version="1" lat="50.91321282148" lon="6.22753512081" />
  <node id="7271" version="1" lat="50.90684826291" lon="6.22470974889" />
  <node id="7273" version="1" lat="50.91212900959" lon="6.22633315589" />
  <node id="7275" version="1" lat="50.9076267476" lon="6.22654748737" />
  <node id="7276" version="1" lat="50.91353307704" lon="6.22860129889" />
  <node id="7277" version="1" lat="50.91197891857" lon="6.22626677122" />
  <node id="7280" version="1" lat="50.90831020539" lon="6.22654437985" />
  <node id="7281" version="1" lat="50.91327962084" lon="6.23043794151" />
  <node id="7282" version="1" lat="50.90949685032" lon="6.22983109172" />
  <node id="7283" version="1" lat="50.90658208507" lon="6.22728031095" />
  <node id="7284" version="1" lat="50.90824466929" lon="6.22826018323" />
  <node id="7285" version="1" lat="50.91318132428" lon="6.22748818215" />
  <node id="7286" version="1" lat="50.91005179147" lon="6.22549094226" />
  <node id="7287" version="1" lat="50.90627235279" lon="6.22605621781" />
  <node id="7288" version="1" lat="50.90866586652" lon="6.2281105395" />
  <node id="7289" version="1" lat="50.91345126939" lon="6.22810307857" />
  <node id="7290" version="1" lat="50.9062715071" lon="6.22615445372" />
  <node id="7291" version="1" lat="50.90863953387" lon="6.22807778554" />
  <node id="7292" version="1" lat="50.91343456962" lon="6.2280450758" />
  <node id="7293" version="1" lat="50.90627362132" lon="6.2262614068" />
  <node id="7294" version="1" lat="50.90896372276" lon="6.2284097247" />
  <node id="7295" version="1" lat="50.91341596734" lon="6.22798003223" />
  <node id="7296" version="1" lat="50.90628038683" lon="6.22634422" />
  <node id="7297" version="1" lat="50.9081961339" lon="6.22848454646" />
  <node id="7298" version="1" lat="50.9134003245" lon="6.22793175247" />
  <node id="7299" version="1" lat="50.90929009341" lon="6.22519925203" />
  <node id="7300" version="1" lat="50.90628905513" lon="6.22642837431" />
  <node id="7301" version="1" lat="50.90810642076" lon="6.22833101323" />
  <node id="7302" version="1" lat="50.91337812858" lon="6.22786603834" />
  <node id="7303" version="1" lat="50.90907635908" lon="6.22512079742" />
  <node id="7304" version="1" lat="50.90630216329" lon="6.22652292218" />
  <node id="7305" version="1" lat="50.90813262476" lon="6.22833899695" />
  <node id="7306" version="1" lat="50.91335931489" lon="6.22781541165" />
  <node id="7307" version="1" lat="50.90901991276" lon="6.22510252487" />
  <node id="7308" version="1" lat="50.90632267121" lon="6.22663523968" />
  <node id="7309" version="1" lat="50.90815224548" lon="6.22833961109" />
  <node id="7310" version="1" lat="50.91333902146" lon="6.22776679661" />
  <node id="7311" version="1" lat="50.90635163599" lon="6.22675694492" />
  <node id="7312" version="1" lat="50.90817109169" lon="6.22833490273" />
  <node id="7313" version="1" lat="50.91331999636" lon="6.22772287544" />
  <node id="7314" version="1" lat="50.91146078375" lon="6.2260689583" />
  <node id="7315" version="1" lat="50.90637002968" lon="6.22681729462" />
  <node id="7316" version="1" lat="50.90817870762" lon="6.22833142265" />
  <node id="7317" version="1" lat="50.91330435349" lon="6.22769102421" />
  <node id="7318" version="1" lat="50.90911737247" lon="6.22949648615" />
  <node id="7319" version="1" lat="50.90643007338" lon="6.22698795017" />
  <node id="7320" version="1" lat="50.90819084148" lon="6.22832425776" />
  <node id="7321" version="1" lat="50.91328596255" lon="6.22765749659" />
  <node id="7322" version="1" lat="50.90916409387" lon="6.22954007205" />
  <node id="7323" version="1" lat="50.90645354114" lon="6.22704528239" />
  <node id="7324" version="1" lat="50.908205557" lon="6.22831361279" />
  <node id="7325" version="1" lat="50.91325932737" lon="6.22760955211" />
  <node id="7326" version="1" lat="50.90928776792" lon="6.22964903679" />
  <node id="7327" version="1" lat="50.90650935631" lon="6.22715525296" />
  <node id="7328" version="1" lat="50.9082196271" lon="6.22830030658" />
  <node id="7329" version="1" lat="50.9132411478" lon="6.22757803615" />
  <node id="7330" version="1" lat="50.90976935368" lon="6.23006813195" />
  <node id="7331" version="1" lat="50.90688652981" lon="6.22763872113" />
  <node id="7332" version="1" lat="50.90766168942" lon="6.22775104605" />
  <node id="7333" version="1" lat="50.91310924" lon="6.22739732232" />
  <node id="7334" version="1" lat="50.90985264764" lon="6.23014021631" />
  <node id="7335" version="1" lat="50.90707183833" lon="6.22780736519" />
  <node id="7336" version="1" lat="50.9076481243" lon="6.22778112408" />
  <node id="7337" version="1" lat="50.9130760516" lon="6.22736211833" />
  <node id="7338" version="1" lat="50.90994143799" lon="6.23021833565" />
  <node id="7340" version="1" lat="50.90831695594" lon="6.22646036427" />
  <node id="7341" version="1" lat="50.91304286318" lon="6.22732892599" />
  <node id="7342" version="1" lat="50.910057288" lon="6.23031891849" />
  <node id="7344" version="1" lat="50.90828959253" lon="6.22647816299" />
  <node id="7345" version="1" lat="50.91301580508" lon="6.22730310973" />
  <node id="7346" version="1" lat="50.91018286232" lon="6.23043224182" />
  <node id="7348" version="1" lat="50.90829915937" lon="6.22651162692" />
  <node id="7349" version="1" lat="50.9129830394" lon="6.22727561709" />
  <node id="7350" version="1" lat="50.9102587564" lon="6.23050633784" />
  <node id="7353" version="1" lat="50.91295471292" lon="6.22725181248" />
  <node id="7354" version="1" lat="50.91030864771" lon="6.2305589762" />
  <node id="7356" version="1" lat="50.90871611641" lon="6.22571926497" />
  <node id="7357" version="1" lat="50.9129244839" lon="6.22722934898" />
  <node id="7358" version="1" lat="50.91035769334" lon="6.23061530259" />
  <node id="7360" version="1" lat="50.90869730083" lon="6.2257216119" />
  <node id="7361" version="1" lat="50.91288368525" lon="6.22720152106" />
  <node id="7362" version="1" lat="50.91037502843" lon="6.23063810136" />
  <node id="7364" version="1" lat="50.90861315916" lon="6.2257356935" />
  <node id="7365" version="1" lat="50.91284119543" lon="6.22717604008" />
  <node id="7366" version="1" lat="50.91039236351" lon="6.23066693511" />
  <node id="7367" version="1" lat="50.91252653694" lon="6.23139884306" />
  <node id="7368" version="1" lat="50.90750198449" lon="6.22802239539" />
  <node id="7369" version="1" lat="50.90853958793" lon="6.22575849228" />
  <node id="7370" version="1" lat="50.9128035676" lon="6.22715726461" />
  <node id="7371" version="1" lat="50.91072130595" lon="6.23098980602" />
  <node id="7373" version="1" lat="50.9075676119" lon="6.22800618393" />
  <node id="7374" version="1" lat="50.90832986699" lon="6.22596971624" />
  <node id="7375" version="1" lat="50.9108508951" lon="6.23109776493" />
  <node id="7377" version="1" lat="50.90759382749" lon="6.22805999575" />
  <node id="7378" version="1" lat="50.90830703441" lon="6.22603073649" />
  <node id="7379" version="1" lat="50.910953636" lon="6.23117923703" />
  <node id="7381" version="1" lat="50.9076349479" lon="6.22813291831" />
  <node id="7382" version="1" lat="50.9082857871" lon="6.22611053271" />
  <node id="7383" version="1" lat="50.91105933628" lon="6.23125534471" />
  <node id="7385" version="1" lat="50.90768093083" lon="6.22820047645" />
  <node id="7387" version="1" lat="50.91220109538" lon="6.23154468801" />
  <node id="7388" version="1" lat="50.91224781368" lon="6.23153060641" />
  <node id="7389" version="1" lat="50.91227529501" lon="6.23152188923" />
  <node id="7390" version="1" lat="50.91230573585" lon="6.23151149567" />
  <node id="7391" version="1" lat="50.91234061596" lon="6.2314970788" />
  <node id="7392" version="1" lat="50.91239198479" lon="6.23147428002" />
  <node id="7393" version="1" lat="50.91242697042" lon="6.23145550473" />
  <node id="7394" version="1" lat="50.91247812777" lon="6.23142817972" />
  <node id="7395" version="1" lat="50.91256321373" lon="6.2313743679" />
  <node id="7396" version="1" lat="50.91260538671" lon="6.23134385778" />
  <node id="7397" version="1" lat="50.91264650268" lon="6.23131385056" />
  <node id="7398" version="1" lat="50.91268360216" lon="6.23128367571" />
  <node id="7399" version="1" lat="50.91272038452" lon="6.23125098629" />
  <node id="7400" version="1" lat="50.91276350862" lon="6.23121125607" />
  <node id="7402" version="1" lat="50.91280208786" lon="6.23117420789" />
  <node id="7403" version="1" lat="50.91283147139" lon="6.23114503887" />
  <node id="7404" version="1" lat="50.91285937516" lon="6.23111419346" />
  <node id="7405" version="1" lat="50.91289425485" lon="6.23107396033" />
  <node id="7406" version="1" lat="50.91293230539" lon="6.23102836277" />
  <node id="7407" version="1" lat="50.91295682673" lon="6.2309973499" />
  <node id="7408" version="1" lat="50.91299022661" lon="6.23095275817" />
  <node id="7409" version="1" lat="50.91303081377" lon="6.23089576123" />
  <node id="7410" version="1" lat="50.91306696167" lon="6.2308414465" />
  <node id="7411" version="1" lat="50.91310416651" lon="6.23078159971" />
  <node id="7412" version="1" lat="50.9131348182" lon="6.23072963191" />
  <node id="7413" version="1" lat="50.91316948629" lon="6.23066727055" />
  <node id="7414" version="1" lat="50.91320912204" lon="6.2305908276" />
  <node id="7415" version="1" lat="50.91336290852" lon="6.23021833565" />
  <node id="7416" version="1" lat="50.91340328396" lon="6.23009227183" />
  <node id="7417" version="1" lat="50.91343203295" lon="6.22998766568" />
  <node id="7418" version="1" lat="50.91345232634" lon="6.22990518775" />
  <node id="7419" version="1" lat="50.91347177416" lon="6.22982203927" />
  <node id="7420" version="1" lat="50.91348910809" lon="6.22973922607" />
  <node id="7421" version="1" lat="50.91350158005" lon="6.22966647115" />
  <node id="7422" version="1" lat="50.91350919006" lon="6.22961886194" />
  <node id="7423" version="1" lat="50.91352314175" lon="6.22951593217" />
  <node id="7424" version="1" lat="50.91353223148" lon="6.22942574289" />
  <node id="7425" version="1" lat="50.91354026426" lon="6.22933354195" />
  <node id="7426" version="1" lat="50.91354428066" lon="6.22925206985" />
  <node id="7427" version="1" lat="50.91354808566" lon="6.22915148702" />
  <node id="7428" version="1" lat="50.91354977677" lon="6.2290646505" />
  <node id="7429" version="1" lat="50.91355125649" lon="6.22897814926" />
  <node id="7430" version="1" lat="50.91355019955" lon="6.22889969464" />
  <node id="7431" version="1" lat="50.91354576038" lon="6.22879173573" />
  <node id="7432" version="1" lat="50.91354195538" lon="6.22873071548" />
  <node id="7433" version="1" lat="50.91353667065" lon="6.22865058448" />
  <node id="7434" version="1" lat="50.90989979174" lon="6.22857883438" />
  <node id="7435" version="1" lat="50.9067930824" lon="6.22475266423" />
  <node id="7436" version="1" lat="50.90730257594" lon="6.22693099745" />
  <node id="7437" version="1" lat="50.90769455743" lon="6.22733392435" />
  <node id="7439" version="1" lat="50.90770006131" lon="6.22727586009" />
  <node id="7441" version="1" lat="50.90766840222" lon="6.22724308658" />
  <node id="7442" version="1" lat="50.9073310681" lon="6.22689694168" />
  <node id="7443" version="1" lat="50.90779023009" lon="6.22676265825" />
  <node id="7444" version="1" lat="50.90757662344" lon="6.22656895699" />
  <node id="7445" version="1" lat="50.90761406265" lon="6.22658662027" />
  <node id="7447" version="1" lat="50.90847151329" lon="6.22579067878" />
  <node id="7448" version="1" lat="50.90841358635" lon="6.2258409702" />
  <node id="7449" version="1" lat="50.90836707561" lon="6.2258999788" />
  <node id="7450" version="1" lat="50.90955731344" lon="6.22869282827" />
  <node id="7451" version="1" lat="50.90955139404" lon="6.22879475221" />
  <node id="7452" version="1" lat="50.90953870961" lon="6.22895166144" />
  <node id="7453" version="1" lat="50.90953025332" lon="6.22906163201" />
  <node id="7454" version="1" lat="50.90972051946" lon="6.22956052288" />
  <node id="7455" version="1" lat="50.90967992942" lon="6.22948139772" />
  <node id="7456" version="1" lat="50.90965371499" lon="6.2294170247" />
  <node id="7457" version="1" lat="50.90964018496" lon="6.22933924064" />
  <node id="7458" version="1" lat="50.90963595683" lon="6.22924804553" />
  <node id="7459" version="1" lat="50.90963849371" lon="6.2291488038" />
  <node id="7460" version="1" lat="50.90965202374" lon="6.22900664672" />
  <node id="7461" version="1" lat="50.90966555377" lon="6.22891411051" />
  <node id="7462" version="1" lat="50.90969261381" lon="6.22882827982" />
  <node id="7463" version="1" lat="50.90973404947" lon="6.22877329454" />
  <node id="7464" version="1" lat="50.90979916258" lon="6.22870556876" />
  <node id="7465" version="1" lat="50.90985581936" lon="6.22864723071" />
  <node id="7466" version="1" lat="50.90996236775" lon="6.22837096319" />
  <node id="7467" version="1" lat="50.90997166958" lon="6.22824691102" />
  <node id="7468" version="1" lat="50.90996701866" lon="6.22817583248" />
  <node id="7469" version="1" lat="50.90994376408" lon="6.22805982694" />
  <node id="7470" version="1" lat="50.90985243687" lon="6.22789084777" />
  <node id="7471" version="1" lat="50.90977548509" lon="6.22782647476" />
  <node id="7472" version="1" lat="50.90968077504" lon="6.22778221831" />
  <node id="7473" version="1" lat="50.90959705796" lon="6.22776478395" />
  <node id="7474" version="1" lat="50.90953109894" lon="6.22774466738" />
  <node id="7475" version="1" lat="50.9094253952" lon="6.22770175204" />
  <node id="7476" version="1" lat="50.90935351651" lon="6.22767492995" />
  <node id="7477" version="1" lat="50.9083403317" lon="6.22632846203" />
  <node id="7478" version="1" lat="50.9083586189" lon="6.22635494884" />
  <node id="7479" version="1" lat="50.90836665257" lon="6.22638277676" />
  <node id="7480" version="1" lat="50.90833134667" lon="6.22632410344" />
  <node id="7481" version="1" lat="50.90830978256" lon="6.22633382644" />
  <node id="7482" version="1" lat="50.90822350081" lon="6.22669493018" />
  <node id="7483" version="1" lat="50.90820272596" lon="6.22674199651" />
  <node id="7484" version="1" lat="50.90817579999" lon="6.22681618291" />
  <node id="7485" version="1" lat="50.90818467162" lon="6.22678710173" />
  <node id="7486" version="1" lat="50.9081706103" lon="6.22684632686" />
  <node id="7487" version="1" lat="50.9081693737" lon="6.22688986321" />
  <node id="7488" version="1" lat="50.90817220395" lon="6.22692966415" />
  <node id="7489" version="1" lat="50.90818227023" lon="6.2269745794" />
  <node id="7490" version="1" lat="50.9081896519" lon="6.22699795131" />
  <node id="7491" version="1" lat="50.90820170279" lon="6.2270237207" />
  <node id="7492" version="1" lat="50.90865803952" lon="6.22749662617" />
  <node id="7493" version="1" lat="50.90846191614" lon="6.22729463378" />
  <node id="7494" version="1" lat="50.90827086236" lon="6.22710068131" />
  <node id="7495" version="1" lat="50.90823648496" lon="6.22706538157" />
  <node id="7496" version="1" lat="50.90830122687" lon="6.22634318552" />
  <node id="7497" version="1" lat="50.90838122527" lon="6.22647133454" />
  <node id="7498" version="1" lat="50.9083756021" lon="6.22643920316" />
  <node id="7499" version="1" lat="50.90834701649" lon="6.22633372169" />
  <node id="7500" version="1" lat="50.9083197399" lon="6.22632583312" />
  <node id="7501" version="1" lat="50.90829310527" lon="6.22635545182" />
  <node id="7526" version="1" lat="50.90829498388" lon="6.22631773286" />
  <node id="7527" version="1" lat="50.9097262268" lon="6.22864890809" />
  <node id="7528" version="1" lat="50.90980233303" lon="6.22856005993" />
  <node id="7529" version="1" lat="50.90986554339" lon="6.22838370468" />
  <node id="7530" version="1" lat="50.90987209696" lon="6.22831832584" />
  <node id="7531" version="1" lat="50.90987172684" lon="6.2282518576" />
  <node id="7532" version="1" lat="50.90986570178" lon="6.22820307492" />
  <node id="7533" version="1" lat="50.90985322884" lon="6.22813903719" />
  <node id="7534" version="1" lat="50.90983314529" lon="6.2280814535" />
  <node id="7535" version="1" lat="50.90980624388" lon="6.22802663586" />
  <node id="7536" version="1" lat="50.9097736345" lon="6.22798003248" />
  <node id="7537" version="1" lat="50.90974123649" lon="6.22794759452" />
  <node id="7538" version="1" lat="50.9097001708" lon="6.22792177825" />
  <node id="7545" version="1" lat="50.90978098102" lon="6.22859291699" />
  <node id="7546" version="1" lat="50.9083385347" lon="6.22634891387" />
  <node id="7547" version="1" lat="50.90836157867" lon="6.2262684476" />
  <node id="7548" version="1" lat="50.90982939299" lon="6.22850909796" />
  <node id="7549" version="1" lat="50.90985645294" lon="6.2284256142" />
  <node id="7551" version="1" lat="50.90984482562" lon="6.22846852955" />
  <node id="7552" version="1" lat="50.90911546968" lon="6.22798606737" />
  <node id="7553" version="1" lat="50.90912921127" lon="6.22798539681" />
  <node id="7554" version="1" lat="50.90914844981" lon="6.22796963833" />
  <node id="7555" version="1" lat="50.9091729493" lon="6.22793095677" />
  <node id="7556" version="1" lat="50.9091944757" lon="6.22787976314" />
  <node id="7557" version="1" lat="50.90931267496" lon="6.22778052847" />
  <node id="7559" version="1" lat="50.90934347523" lon="6.22778982994" />
  <node id="7560" version="1" lat="50.90911124182" lon="6.22792068802" />
  <node id="7561" version="1" lat="50.90912456059" lon="6.22790593587" />
  <node id="7562" version="1" lat="50.90913597668" lon="6.22788414292" />
  <node id="7564" version="1" lat="50.90914819256" lon="6.22784932247" />
  <node id="7565" version="1" lat="50.90921391231" lon="6.22773179244" />
  <node id="7567" version="1" lat="50.90934969533" lon="6.22770963331" />
  <node id="7571" version="1" lat="50.90968544152" lon="6.22869420083" />
  <node id="7581" version="1" lat="50.90916820031" lon="6.22797267314" />
  <node id="7582" version="1" lat="50.90926999509" lon="6.22769747489" />
  <node id="7584" version="1" lat="50.90918799174" lon="6.22776514916" />
  <node id="7585" version="1" lat="50.9090823341" lon="6.22790600659" />
  <node id="7586" version="1" lat="50.90908957111" lon="6.22791550501" />
  <node id="7587" version="1" lat="50.90924192527" lon="6.22771001139" />
  <node id="7588" version="1" lat="50.90911301777" lon="6.22791576421" />
  <node id="7592" version="1" lat="50.90926228379" lon="6.22778985274" />
  <node id="7593" version="1" lat="50.90923545438" lon="6.22780959606" />
  <node id="7599" version="1" lat="50.90830492007" lon="6.22647933628" />
  <node id="7600" version="1" lat="50.90828229879" lon="6.22642854211" />
  <node id="7601" version="1" lat="50.90830092799" lon="6.22655449315" />
  <node id="7602" version="1" lat="50.90829369085" lon="6.22654499473" />
  <node id="7603" version="1" lat="50.90942708604" lon="6.22772656314" />
  <node id="7604" version="1" lat="50.9094152472" lon="6.22783519261" />
  <node id="7605" version="1" lat="50.90943831519" lon="6.22771924241" />
  <node id="7606" version="1" lat="50.9094412258" lon="6.2276970035" />
  <node id="7660" version="1" lat="50.90773354292" lon="6.22766725984" />
  <node id="7661" version="1" lat="50.90918100658" lon="6.22892115232" />
  <node id="7662" version="1" lat="50.90782183926" lon="6.22745398398" />
  <node id="7663" version="1" lat="50.90921467342" lon="6.22889894028" />
  <node id="7664" version="1" lat="50.90915923146" lon="6.22890606489" />
  <node id="7665" version="1" lat="50.90919939914" lon="6.22893724557" />
  <node id="7666" version="1" lat="50.90936535494" lon="6.2290542566" />
  <node id="7667" version="1" lat="50.90922561382" lon="6.22896641459" />
  <node id="7672" version="1" lat="50.90912720299" lon="6.22867019813">
    <tag k="ele" v="2.4" />
  </node>
  <node id="7673" version="1" lat="50.90913079695" lon="6.22867522727">
    <tag k="ele" v="2.4" />
  </node>
  <node id="7674" version="1" lat="50.90922635376" lon="6.22882626916">
    <tag k="ele" v="2.4" />
  </node>
  <node id="7675" version="1" lat="50.90922212557" lon="6.22883079539">
    <tag k="ele" v="2.4" />
  </node>
  <node id="7676" version="1" lat="50.90910394799" lon="6.22899742764">
    <tag k="ele" v="2.4" />
  </node>
  <node id="7677" version="1" lat="50.90909845135" lon="6.22899072212">
    <tag k="ele" v="2.4" />
  </node>
  <node id="7681" version="1" lat="50.90907967864" lon="6.22900082806" />
  <node id="7682" version="1" lat="50.90798753548" lon="6.22755758431">
    <tag k="ele" v="2.4" />
  </node>
  <node id="7683" version="1" lat="50.90798954392" lon="6.22755205225">
    <tag k="ele" v="2.4" />
  </node>
  <node id="7685" version="1" lat="50.90769995835" lon="6.22740821879">
    <tag k="ele" v="2.4" />
  </node>
  <node id="7686" version="1" lat="50.90769573004" lon="6.22741509196">
    <tag k="ele" v="2.4" />
  </node>
  <node id="7690" version="1" lat="50.90788129953" lon="6.22751894399" />
  <node id="7691" version="1" lat="50.9078864265" lon="6.22759798509" />
  <node id="7692" version="1" lat="50.90782860454" lon="6.22751936283" />
  <node id="7693" version="1" lat="50.90790008918" lon="6.22754551436" />
  <node id="7694" version="1" lat="50.9078886992" lon="6.22753658764" />
  <node id="7695" version="1" lat="50.9078750101" lon="6.22752740946" />
  <node id="7696" version="1" lat="50.90785862546" lon="6.22752137449" />
  <node id="7697" version="1" lat="50.90784107802" lon="6.22751802173" />
  <node id="7698" version="1" lat="50.90781317124" lon="6.22752640363" />
  <node id="7699" version="1" lat="50.90779498954" lon="6.22754316743" />
  <node id="7700" version="1" lat="50.90777680783" lon="6.22757200118" />
  <node id="7701" version="1" lat="50.90784467207" lon="6.22732222047" />
  <node id="7702" version="1" lat="50.90779942915" lon="6.22761927529" />
  <node id="7703" version="1" lat="50.90765291835" lon="6.22777182575" />
  <node id="7720" version="1" lat="50.90900458556" lon="6.2290990163" />
  <node id="7721" version="1" lat="50.9090364027" lon="6.22902240571" />
  <node id="7722" version="1" lat="50.90903027183" lon="6.22895233299" />
  <node id="7731" version="1" lat="50.90894382809" lon="6.22868182001" />
  <node id="7735" version="1" lat="50.90896823236" lon="6.22872015428">
    <tag k="ele" v="2.4" />
  </node>
  <node id="7736" version="1" lat="50.90896555404" lon="6.22872627307">
    <tag k="ele" v="2.4" />
  </node>
  <node id="8262" version="1" lat="50.90712099319" lon="6.2262909111" />
  <node id="8263" version="1" lat="50.90782162774" lon="6.22723035497">
    <tag k="ele" v="2.5" />
  </node>
  <node id="8264" version="1" lat="50.90767247431" lon="6.22792823207" />
  <node id="8265" version="1" lat="50.90763029686" lon="6.22785665061" />
  <node id="8266" version="1" lat="50.90748040296" lon="6.22453339331" />
  <node id="8267" version="1" lat="50.9074038701" lon="6.22456557982" />
  <node id="8268" version="1" lat="50.90692543094" lon="6.22459106114" />
  <node id="8269" version="1" lat="50.90761317217" lon="6.22792538222" />
  <node id="8270" version="1" lat="50.90758780224" lon="6.22792521458" />
  <node id="8271" version="1" lat="50.90755498436" lon="6.227906467" />
  <node id="8272" version="1" lat="50.90918671461" lon="6.22790828314" />
  <node id="8273" version="1" lat="50.90917868108" lon="6.22793879326" />
  <node id="8274" version="1" lat="50.90917487572" lon="6.22796997394" />
  <node id="8275" version="1" lat="50.90917804685" lon="6.22802663561" />
  <node id="8276" version="1" lat="50.90918438912" lon="6.22805379298" />
  <node id="8277" version="1" lat="50.90919495956" lon="6.2280772623" />
  <node id="8278" version="1" lat="50.90917614438" lon="6.228116154" />
  <node id="8279" version="1" lat="50.9091598659" lon="6.2280923494" />
  <node id="8280" version="1" lat="50.90912498341" lon="6.22797131471" />
  <node id="8282" version="1" lat="50.90766930296" lon="6.22791012732" />
  <node id="8284" version="1" lat="50.9091744529" lon="6.22799847241" />
  <node id="8285" version="1" lat="50.90813636459" lon="6.22696647528" />
  <node id="8286" version="1" lat="50.9078364271" lon="6.22454211049" />
  <node id="8287" version="1" lat="50.9093433685" lon="6.22785128586" />
  <node id="8288" version="1" lat="50.9093122915" lon="6.2278254696" />
  <node id="8289" version="1" lat="50.90928036884" lon="6.22781172328" />
  <node id="8290" version="1" lat="50.90921715769" lon="6.22784625672" />
  <node id="8291" version="1" lat="50.90937381126" lon="6.22778423063" />
  <node id="8292" version="1" lat="50.90933681485" lon="6.22775506161" />
  <node id="8293" version="1" lat="50.90930806333" lon="6.22774131529" />
  <node id="8294" version="1" lat="50.90925204011" lon="6.22773058645" />
  <node id="8295" version="1" lat="50.90688378136" lon="6.2272122499" />
  <node id="8296" version="1" lat="50.90923301312" lon="6.22782714631" />
  <node id="8297" version="1" lat="50.90684699439" lon="6.22713513639" />
  <node id="8298" version="1" lat="50.90818895989" lon="6.22478585673" />
  <node id="8299" version="1" lat="50.9081733153" lon="6.22478552146" />
  <node id="8300" version="1" lat="50.90815418238" lon="6.22478753312" />
  <node id="8301" version="1" lat="50.90813018694" lon="6.22479038296" />
  <node id="8302" version="1" lat="50.90836305856" lon="6.22487973388" />
  <node id="8303" version="1" lat="50.90838546829" lon="6.22487939861" />
  <node id="8304" version="1" lat="50.90841718015" lon="6.22487839278" />
  <node id="8305" version="1" lat="50.90844698927" lon="6.22488208082" />
  <node id="8306" version="1" lat="50.90686729066" lon="6.22698392685" />
  <node id="8307" version="1" lat="50.90685703682" lon="6.22699817609" />
  <node id="8308" version="1" lat="50.90682775522" lon="6.22701426934" />
  <node id="8309" version="1" lat="50.90690830599" lon="6.22706539895" />
  <node id="8310" version="1" lat="50.90689350665" lon="6.22708484497" />
  <node id="8311" version="1" lat="50.90686898201" lon="6.22710596737" />
  <node id="8312" version="1" lat="50.9068438231" lon="6.22711870786" />
  <node id="8313" version="1" lat="50.90681612714" lon="6.22711803731" />
  <node id="8314" version="1" lat="50.90688272427" lon="6.2270352241" />
  <node id="8315" version="1" lat="50.90686327369" lon="6.22705534067" />
  <node id="8316" version="1" lat="50.90683853762" lon="6.22706741061" />
  <node id="8317" version="1" lat="50.90681718424" lon="6.22706606951" />
  <node id="8318" version="1" lat="50.9094877598" lon="6.22910991277" />
  <node id="8319" version="1" lat="50.90949642751" lon="6.22910823639" />
  <node id="8320" version="1" lat="50.90950615225" lon="6.22910488363" />
  <node id="8321" version="1" lat="50.90951418573" lon="6.22909717228" />
  <node id="8322" version="1" lat="50.90952095076" lon="6.22908677872" />
  <node id="8323" version="1" lat="50.90684340016" lon="6.22701125203" />
  <node id="8324" version="1" lat="50.90708834303" lon="6.22742229806" />
  <node id="8325" version="1" lat="50.90705164818" lon="6.22742548518" />
  <node id="8326" version="1" lat="50.90701824404" lon="6.22739396922" />
  <node id="8327" version="1" lat="50.90698399421" lon="6.22736178271" />
  <node id="8328" version="1" lat="50.90694171042" lon="6.22731551461" />
  <node id="8329" version="1" lat="50.90687109642" lon="6.22722029619" />
  <node id="8330" version="1" lat="50.90686771371" lon="6.22720219128" />
  <node id="8331" version="1" lat="50.90868947841" lon="6.22569579598" />
  <node id="8332" version="1" lat="50.90874613655" lon="6.22574608739" />
  <node id="8333" version="1" lat="50.90777120523" lon="6.22756479292" />
  <node id="8334" version="1" lat="50.90777797051" lon="6.22752372159" />
  <node id="8335" version="1" lat="50.90775904885" lon="6.22741928307" />
  <node id="8336" version="1" lat="50.90774752671" lon="6.22739899887" />
  <node id="8337" version="1" lat="50.90773452467" lon="6.22738089396" />
  <node id="8338" version="1" lat="50.90828335596" lon="6.22835051235" />
  <node id="8339" version="1" lat="50.90781126851" lon="6.22748818215" />
  <node id="8340" version="1" lat="50.90780809728" lon="6.22745834257" />
  <node id="8341" version="1" lat="50.90780006351" lon="6.22742313858" />
  <node id="8342" version="1" lat="50.90779012699" lon="6.22739464011" />
  <node id="8343" version="1" lat="50.90775355216" lon="6.22733361986" />
  <node id="8344" version="1" lat="50.90705439641" lon="6.22657153722" />
  <node id="8345" version="1" lat="50.90705059088" lon="6.22660037096" />
  <node id="8346" version="1" lat="50.90951841408" lon="6.22915886275" />
  <node id="8347" version="1" lat="50.91219602211" lon="6.2268662446" />
  <node id="8348" version="1" lat="50.90704995662" lon="6.22663523968" />
  <node id="8349" version="1" lat="50.90951630001" lon="6.22918501429" />
  <node id="8350" version="1" lat="50.91220659187" lon="6.22683070533" />
  <node id="8351" version="1" lat="50.90951841408" lon="6.22932046585" />
  <node id="8352" version="1" lat="50.90921948297" lon="6.22794700753" />
  <node id="8353" version="1" lat="50.90776243181" lon="6.2246205651" />
  <node id="8354" version="1" lat="50.90740894389" lon="6.22588019785" />
  <node id="8355" version="1" lat="50.90925225151" lon="6.22781306438" />
  <node id="8356" version="1" lat="50.90721169151" lon="6.22608538684" />
  <node id="8357" version="1" lat="50.90692479669" lon="6.22704628821" />
  <node id="8358" version="1" lat="50.90718716704" lon="6.22609209236" />
  <node id="8359" version="1" lat="50.90717617331" lon="6.22609812733" />
  <node id="8360" version="1" lat="50.90688356994" lon="6.22712876614" />
  <node id="8361" version="1" lat="50.90715418584" lon="6.22611790862" />
  <node id="8362" version="1" lat="50.90919284568" lon="6.2276849889" />
  <node id="8363" version="1" lat="50.90687934156" lon="6.22710395571" />
  <node id="8364" version="1" lat="50.90714657479" lon="6.22613031384" />
  <node id="8365" version="1" lat="50.90688716407" lon="6.22703958269" />
  <node id="8366" version="1" lat="50.90713980941" lon="6.22614171322" />
  <node id="8367" version="1" lat="50.90712014752" lon="6.22619971599" />
  <node id="8368" version="1" lat="50.90711739908" lon="6.22621849146" />
  <node id="8369" version="1" lat="50.90787519498" lon="6.22729510518">
    <tag k="ele" v="4.8" />
  </node>
  <node id="8370" version="1" lat="50.90719054973" lon="6.2263948467" />
  <node id="8372" version="1" lat="50.90689371807" lon="6.22715290602" />
  <node id="8373" version="1" lat="50.90716750517" lon="6.22610382702" />
  <node id="8374" version="1" lat="50.90772437673" lon="6.22759697942" />
  <node id="8375" version="1" lat="50.9072833623" lon="6.22588388555" />
  <node id="8376" version="1" lat="50.90708378357" lon="6.22665435042" />
  <node id="8377" version="1" lat="50.9065996332" lon="6.22578296743" />
  <node id="8378" version="1" lat="50.90861421601" lon="6.22525490787" />
  <node id="8379" version="1" lat="50.90861463883" lon="6.22519958731" />
  <node id="8380" version="1" lat="50.90711803334" lon="6.2262684476" />
  <node id="8381" version="1" lat="50.90707405854" lon="6.22455015711" />
  <node id="8382" version="1" lat="50.91225478993" lon="6.22678913109" />
  <node id="8383" version="1" lat="50.90694128758" lon="6.22714385323" />
  <node id="8384" version="1" lat="50.90681295606" lon="6.22701208971" />
  <node id="8385" version="1" lat="50.90777807622" lon="6.22749505548" />
  <node id="8386" version="1" lat="50.90675608415" lon="6.22695207529" />
  <node id="8387" version="1" lat="50.90803431087" lon="6.22699499097" />
  <node id="8388" version="1" lat="50.9077694082" lon="6.22744526697" />
  <node id="8389" version="1" lat="50.90666897909" lon="6.22686289184" />
  <node id="8390" version="1" lat="50.90713885824" lon="6.22634396821" />
  <node id="8391" version="1" lat="50.90711591915" lon="6.22658327188" />
  <node id="8392" version="1" lat="50.90807056826" lon="6.22701896338" />
  <node id="8393" version="1" lat="50.90691359147" lon="6.22688233819" />
  <node id="8395" version="1" lat="50.90691729131" lon="6.22707428377" />
  <node id="8396" version="1" lat="50.90928079145" lon="6.22773159262" />
  <node id="8397" version="1" lat="50.90684636014" lon="6.22706238147" />
  <node id="8398" version="1" lat="50.90702374072" lon="6.2266771492" />
  <node id="8399" version="1" lat="50.90965160029" lon="6.22790560093" />
  <node id="8400" version="1" lat="50.90650745352" lon="6.22610148009" />
  <node id="8401" version="1" lat="50.90646538073" lon="6.22613333132" />
  <node id="8402" version="1" lat="50.90644487287" lon="6.22616987642" />
  <node id="8403" version="1" lat="50.90703219746" lon="6.22658695992" />
  <node id="8404" version="1" lat="50.90912667447" lon="6.22792504694" />
  <node id="8405" version="1" lat="50.90651231621" lon="6.22615948286" />
  <node id="8406" version="1" lat="50.90713198694" lon="6.22615981814" />
  <node id="8407" version="1" lat="50.90653684103" lon="6.22604213621" />
  <node id="8408" version="1" lat="50.90769308733" lon="6.22786201503" />
  <node id="8409" version="1" lat="50.90966999267" lon="6.22791096535" />
  <node id="8410" version="1" lat="50.90648863705" lon="6.22611153837" />
  <node id="8411" version="1" lat="50.90676411811" lon="6.22637271814" />
  <node id="8412" version="1" lat="50.90711697624" lon="6.22624229606" />
  <node id="8413" version="1" lat="50.90708547492" lon="6.22492264923" />
  <node id="8414" version="1" lat="50.90707701818" lon="6.22494477745" />
  <node id="8415" version="1" lat="50.90685312556" lon="6.22715759989" />
  <node id="8416" version="1" lat="50.90699393068" lon="6.22670330074" />
  <node id="8417" version="1" lat="50.90688716407" lon="6.22459307279" />
  <node id="8418" version="1" lat="50.90961840943" lon="6.22790023651" />
  <node id="8419" version="1" lat="50.90778515863" lon="6.22763888894" />
  <node id="8420" version="1" lat="50.90702437497" lon="6.22662886944" />
  <node id="8421" version="1" lat="50.90792775806" lon="6.22474931147" />
  <node id="8422" version="1" lat="50.90705756768" lon="6.22669525411" />
  <node id="8423" version="1" lat="50.90707913237" lon="6.2267753851" />
  <node id="8424" version="1" lat="50.90793663747" lon="6.22476238724" />
  <node id="8425" version="1" lat="50.9070691957" lon="6.22672878172" />
  <node id="8426" version="1" lat="50.90707215556" lon="6.2267753851" />
  <node id="8427" version="1" lat="50.90797448065" lon="6.22480396148" />
  <node id="8428" version="1" lat="50.9070795552" lon="6.22675090994" />
  <node id="8429" version="1" lat="50.90726792861" lon="6.22637774762" />
  <node id="8430" version="1" lat="50.90706369882" lon="6.22677572038" />
  <node id="8431" version="1" lat="50.9077323048" lon="6.22756697221" />
  <node id="8432" version="1" lat="50.90809562111" lon="6.22485525839" />
  <node id="8433" version="1" lat="50.90777723088" lon="6.22446030311" />
  <node id="8434" version="1" lat="50.90729689301" lon="6.22522238575" />
  <node id="8435" version="1" lat="50.90914168473" lon="6.22805312209" />
  <node id="8436" version="1" lat="50.90778743145" lon="6.22766076554">
    <tag k="ele" v="2.4" />
  </node>
  <node id="8437" version="1" lat="50.90979155132" lon="6.22800249573" />
  <node id="8438" version="1" lat="50.90779287539" lon="6.22766805779">
    <tag k="ele" v="2.4" />
  </node>
  <node id="8439" version="1" lat="50.90691718549" lon="6.22709725035" />
  <node id="8440" version="1" lat="50.90705016804" lon="6.22666172649" />
  <node id="8441" version="1" lat="50.90791761016" lon="6.2247348946" />
  <node id="8442" version="1" lat="50.90951545438" lon="6.22921250693" />
  <node id="8443" version="1" lat="50.91222012115" lon="6.22680857711" />
  <node id="8445" version="1" lat="50.90951503157" lon="6.22923999958" />
  <node id="8446" version="1" lat="50.91228184846" lon="6.22678711943" />
  <node id="8447" version="1" lat="50.90749308795" lon="6.227846592" />
  <node id="8448" version="1" lat="50.90773685024" lon="6.2274533136" />
  <node id="8449" version="1" lat="50.90715355179" lon="6.22636534207" />
  <node id="8450" version="1" lat="50.90711486206" lon="6.22659735348" />
  <node id="8451" version="1" lat="50.90951545438" lon="6.2292621278" />
  <node id="8453" version="1" lat="50.90772913357" lon="6.22743587924" />
  <node id="8454" version="1" lat="50.90716158568" lon="6.22637405924" />
  <node id="8455" version="1" lat="50.90711422781" lon="6.22661042925" />
  <node id="8456" version="1" lat="50.90951672283" lon="6.22929565541" />
  <node id="8458" version="1" lat="50.90716877368" lon="6.22638143566" />
  <node id="8459" version="1" lat="50.90711486206" lon="6.22662216391" />
  <node id="8460" version="1" lat="50.90749044504" lon="6.22785547715" />
  <node id="8461" version="1" lat="50.90990317423" lon="6.22796796128" />
  <node id="8462" version="1" lat="50.90861315895" lon="6.22522305664" />
  <node id="8463" version="1" lat="50.90952755724" lon="6.2291585289" />
  <node id="8464" version="1" lat="50.90942074359" lon="6.22782748159" />
  <node id="8465" version="1" lat="50.90862394093" lon="6.22529078241" />
  <node id="8466" version="1" lat="50.90950615246" lon="6.22913371705" />
  <node id="8467" version="1" lat="50.90861992412" lon="6.22516136583" />
  <node id="8468" version="1" lat="50.90951143743" lon="6.22786872055" />
  <node id="8469" version="1" lat="50.90956936322" lon="6.22922290049" />
  <node id="8470" version="1" lat="50.90954505119" lon="6.22788045522" />
  <node id="8471" version="1" lat="50.90956830597" lon="6.22788682546" />
  <node id="8472" version="1" lat="50.90959219497" lon="6.22789386626" />
  <node id="8473" version="1" lat="50.90696306353" lon="6.22458469089" />
  <node id="8474" version="1" lat="50.90802701708" lon="6.22673649307" />
  <node id="8475" version="1" lat="50.90716687092" lon="6.22645754334" />
  <node id="8476" version="1" lat="50.90952010534" lon="6.22934594683" />
  <node id="8477" version="1" lat="50.90958521875" lon="6.22912533514" />
  <node id="8478" version="1" lat="50.90780101488" lon="6.22759127956" />
  <node id="8479" version="1" lat="50.90712775878" lon="6.22733563118" />
  <node id="8480" version="1" lat="50.90711285359" lon="6.22650498491" />
  <node id="8481" version="1" lat="50.90922159727" lon="6.22774332695" />
  <node id="8482" version="1" lat="50.90710000977" lon="6.22653197489" />
  <node id="8483" version="1" lat="50.906933782" lon="6.22713614221" />
  <node id="8484" version="1" lat="50.90708166939" lon="6.22661612894" />
  <node id="8485" version="1" lat="50.91013466211" lon="6.23051337864" />
  <node id="8486" version="1" lat="50.90947676661" lon="6.22785530951" />
  <node id="8487" version="1" lat="50.90702078107" lon="6.22722499005" />
  <node id="8488" version="1" lat="50.90652679854" lon="6.22615445372" />
  <node id="8489" version="1" lat="50.90764277039" lon="6.22791767087" />
  <node id="8490" version="1" lat="50.90883218088" lon="6.22583158247" />
  <node id="8491" version="1" lat="50.90795207073" lon="6.22478149798" />
  <node id="8493" version="1" lat="50.90804752414" lon="6.2270586936" />
  <node id="8494" version="1" lat="50.90864825323" lon="6.2250788879" />
  <node id="8495" version="1" lat="50.90712860446" lon="6.22674889795" />
  <node id="8496" version="1" lat="50.90741380648" lon="6.22587248649" />
  <node id="8497" version="1" lat="50.9069028042" lon="6.22716809657" />
  <node id="8498" version="1" lat="50.91108132212" lon="6.2274546542" />
  <node id="8499" version="1" lat="50.90726750577" lon="6.22610818561" />
  <node id="8500" version="1" lat="50.90857616194" lon="6.22533336248" />
  <node id="8502" version="1" lat="50.90767723116" lon="6.22788649019" />
  <node id="8503" version="1" lat="50.90766222064" lon="6.22790325399" />
  <node id="8504" version="1" lat="50.9074114809" lon="6.22616283562" />
  <node id="8505" version="1" lat="50.90774097283" lon="6.22755305825" />
  <node id="8506" version="1" lat="50.90724890103" lon="6.22609376874" />
  <node id="8507" version="1" lat="50.90854318172" lon="6.22534375604" />
  <node id="8508" version="1" lat="50.90915500328" lon="6.22762732174" />
  <node id="8509" version="1" lat="50.90705672222" lon="6.22726522319" />
  <node id="8510" version="1" lat="50.90703008328" lon="6.22665636208" />
  <node id="8511" version="1" lat="50.90775577191" lon="6.22761357559" />
  <node id="8512" version="1" lat="50.90712479872" lon="6.22617825832" />
  <node id="8513" version="1" lat="50.9092129293" lon="6.22764944997" />
  <node id="8514" version="1" lat="50.90706073918" lon="6.22661646388" />
  <node id="8515" version="1" lat="50.90910743645" lon="6.22803904049" />
  <node id="8516" version="1" lat="50.90731190344" lon="6.22628118809" />
  <node id="8517" version="1" lat="50.9092029933" lon="6.2275502079" />
  <node id="8518" version="1" lat="50.90864613912" lon="6.22532933917" />
  <node id="8519" version="1" lat="50.90960593663" lon="6.2293197953" />
  <node id="8520" version="1" lat="50.90703357168" lon="6.22673330795" />
  <node id="8521" version="1" lat="50.90796686963" lon="6.22697772441" />
  <node id="8522" version="1" lat="50.9081079885" lon="6.22714536248" />
  <node id="8523" version="1" lat="50.90800217592" lon="6.22703891214" />
  <node id="8524" version="1" lat="50.9073990073" lon="6.22612327304" />
  <node id="8525" version="1" lat="50.90705925903" lon="6.22503697839" />
  <node id="8526" version="1" lat="50.90841654591" lon="6.22532363947" />
  <node id="8527" version="1" lat="50.90775545479" lon="6.22761139629" />
  <node id="8529" version="1" lat="50.90730238966" lon="6.226164512" />
  <node id="8530" version="1" lat="50.9086326088" lon="6.22533336248" />
  <node id="8531" version="1" lat="50.9070943547" lon="6.22730344467" />
  <node id="8532" version="1" lat="50.90937233119" lon="6.22780099478" />
  <node id="8533" version="1" lat="50.90780978859" lon="6.22755255517" />
  <node id="8534" version="1" lat="50.90867658233" lon="6.22506011244" />
  <node id="8535" version="1" lat="50.90839868146" lon="6.22743822617" />
  <node id="8536" version="1" lat="50.90844254962" lon="6.22529916432" />
  <node id="8537" version="1" lat="50.9078905493" lon="6.22740939192" />
  <node id="8538" version="1" lat="50.90913005702" lon="6.22801054236" />
  <node id="8539" version="1" lat="50.90774742111" lon="6.22754853185" />
  <node id="8540" version="1" lat="50.90919876513" lon="6.22757837109" />
  <node id="8541" version="1" lat="50.90939706613" lon="6.22908610784" />
  <node id="8542" version="1" lat="50.90808198472" lon="6.22711870786" />
  <node id="8543" version="1" lat="50.90782183926" lon="6.22475299951" />
  <node id="8544" version="1" lat="50.90739055062" lon="6.22607231107" />
  <node id="8545" version="1" lat="50.90948057216" lon="6.22918400846" />
  <node id="8546" version="1" lat="50.90675185555" lon="6.22570417788" />
  <node id="8547" version="1" lat="50.90706137322" lon="6.22500747409" />
  <node id="8548" version="1" lat="50.90863895114" lon="6.22509397533" />
  <node id="8549" version="1" lat="50.90847368405" lon="6.22488773423" />
  <node id="8550" version="1" lat="50.90840534105" lon="6.22741978582" />
  <node id="8551" version="1" lat="50.90729858414" lon="6.22518483516" />
  <node id="8552" version="1" lat="50.90706602443" lon="6.22498333421" />
  <node id="8553" version="1" lat="50.90715460867" lon="6.2264622372" />
  <node id="8554" version="1" lat="50.90952292844" lon="6.22938043643" />
  <node id="8555" version="1" lat="50.90918523496" lon="6.22778691284" />
  <node id="8556" version="1" lat="50.90818417264" lon="6.22704611705" />
  <node id="8557" version="1" lat="50.90719985211" lon="6.22608739849" />
  <node id="8558" version="1" lat="50.9084811109" lon="6.22538439934" />
  <node id="8559" version="1" lat="50.90790703965" lon="6.22733797811" />
  <node id="8560" version="1" lat="50.91104760377" lon="6.22758742355" />
  <node id="8561" version="1" lat="50.90954188029" lon="6.22908677839" />
  <node id="8562" version="1" lat="50.90731338336" lon="6.22621379759" />
  <node id="8563" version="1" lat="50.9086290148" lon="6.22512146797" />
  <node id="8564" version="1" lat="50.90777596207" lon="6.2275418265" />
  <node id="8565" version="1" lat="50.90885459038" lon="6.22814297609" />
  <node id="8566" version="1" lat="50.90689858092" lon="6.22726991706" />
  <node id="8567" version="1" lat="50.90818230047" lon="6.22719448026" />
  <node id="8568" version="1" lat="50.90707461532" lon="6.22663495803" />
  <node id="8569" version="1" lat="50.90925330856" lon="6.22784994476" />
  <node id="8570" version="1" lat="50.90729033886" lon="6.22634589639" />
  <node id="8571" version="1" lat="50.90845724276" lon="6.22539991479" />
  <node id="8572" version="1" lat="50.9078977374" lon="6.22746571831" />
  <node id="8573" version="1" lat="50.90953194415" lon="6.22911494158" />
  <node id="8574" version="1" lat="50.90803071328" lon="6.2268595754" />
  <node id="8575" version="1" lat="50.90703484019" lon="6.22669190135" />
  <node id="8576" version="1" lat="50.90920658704" lon="6.22761357542" />
  <node id="8577" version="1" lat="50.90703875165" lon="6.22659366511" />
  <node id="8578" version="1" lat="50.90831908462" lon="6.22735876573" />
  <node id="8579" version="1" lat="50.90924580355" lon="6.22788380765" />
  <node id="8580" version="1" lat="50.90728378492" lon="6.22635662522" />
  <node id="8581" version="1" lat="50.9084718302" lon="6.22539052706" />
  <node id="8582" version="1" lat="50.90789139496" lon="6.22743487291" />
  <node id="8583" version="1" lat="50.90800291687" lon="6.2267947329" />
  <node id="8584" version="1" lat="50.90702564348" lon="6.22676985305" />
  <node id="8585" version="1" lat="50.9079167645" lon="6.22692760047" />
  <node id="8586" version="1" lat="50.90817521802" lon="6.22721325589" />
  <node id="8587" version="1" lat="50.90654186228" lon="6.22615361553" />
  <node id="8588" version="1" lat="50.90815101117" lon="6.22707026063" />
  <node id="8589" version="1" lat="50.90701549539" lon="6.22659819167" />
  <node id="8590" version="1" lat="50.90777511641" lon="6.22746756284" />
  <node id="8591" version="1" lat="50.90671337732" lon="6.22690915994" />
  <node id="8592" version="1" lat="50.9065243672" lon="6.22609812733" />
  <node id="8593" version="1" lat="50.90725947191" lon="6.22638579424" />
  <node id="8594" version="1" lat="50.90732607512" lon="6.22689092332" />
  <node id="8595" version="1" lat="50.90684213175" lon="6.22709859129" />
  <node id="8596" version="1" lat="50.90700598155" lon="6.22669156607" />
  <node id="8597" version="1" lat="50.90701887809" lon="6.22679918971" />
  <node id="8598" version="1" lat="50.90913935923" lon="6.22804373436" />
  <node id="8599" version="1" lat="50.90808457954" lon="6.22659847923" />
  <node id="8600" version="1" lat="50.90786116243" lon="6.2268709388" />
  <node id="8601" version="1" lat="50.90866136073" lon="6.22506648269" />
  <node id="8602" version="1" lat="50.90686940506" lon="6.22724041276" />
  <node id="8603" version="1" lat="50.90734255894" lon="6.22472550686" />
  <node id="8604" version="1" lat="50.90730767509" lon="6.22618060526" />
  <node id="8605" version="1" lat="50.90864592771" lon="6.22533671524" />
  <node id="8606" version="1" lat="50.90676961481" lon="6.22572664138" />
  <node id="8607" version="1" lat="50.90792152133" lon="6.22704427656" />
  <node id="8608" version="1" lat="50.90824403303" lon="6.22728282569" />
  <node id="8609" version="1" lat="50.90944167295" lon="6.22920177843" />
  <node id="8610" version="1" lat="50.9073102121" lon="6.22619569268" />
  <node id="8611" version="1" lat="50.90846910801" lon="6.22528070121" />
  <node id="8612" version="1" lat="50.90708695485" lon="6.22677739676" />
  <node id="8613" version="1" lat="50.90837785744" lon="6.22536789592" />
  <node id="8614" version="1" lat="50.90814535586" lon="6.22718350014" />
  <node id="8615" version="1" lat="50.9083975188" lon="6.22534543242" />
  <node id="8616" version="1" lat="50.9070932974" lon="6.2266912308" />
  <node id="8617" version="1" lat="50.90730429262" lon="6.22513823144" />
  <node id="8618" version="1" lat="50.9091600771" lon="6.22765548494" />
  <node id="8619" version="1" lat="50.91026192746" lon="6.23062469032" />
  <node id="8620" version="1" lat="50.91075343923" lon="6.22709423237" />
  <node id="8621" version="1" lat="50.91056867377" lon="6.22690781884" />
  <node id="8622" version="1" lat="50.90856115171" lon="6.2253373858" />
  <node id="8623" version="1" lat="50.90725862624" lon="6.22610047426" />
  <node id="8624" version="1" lat="50.90800365582" lon="6.22706372257" />
  <node id="8625" version="1" lat="50.907074904" lon="6.22657220777" />
  <node id="8626" version="1" lat="50.90949389083" lon="6.2292158597" />
  <node id="8627" version="1" lat="50.9085920178" lon="6.22533135083" />
  <node id="8628" version="1" lat="50.90727575106" lon="6.22611656751" />
  <node id="8629" version="1" lat="50.90946979038" lon="6.22921384804" />
  <node id="8630" version="1" lat="50.90732310855" lon="6.2252642956" />
  <node id="8631" version="1" lat="50.90807025124" lon="6.22705467012" />
  <node id="8632" version="1" lat="50.90808166759" lon="6.22706070509" />
  <node id="8634" version="1" lat="50.90792627816" lon="6.22696213391" />
  <node id="8635" version="1" lat="50.90702035823" lon="6.22657589547" />
  <node id="8636" version="1" lat="50.90917952671" lon="6.22751500424" />
  <node id="8637" version="1" lat="50.90740260139" lon="6.22614104267" />
  <node id="8638" version="1" lat="50.90862880339" lon="6.2253008407" />
  <node id="8639" version="1" lat="50.90955012517" lon="6.22918937288" />
  <node id="8640" version="1" lat="50.90791412172" lon="6.22749673186" />
  <node id="8641" version="1" lat="50.91050271614" lon="6.22684545748" />
  <node id="8642" version="1" lat="50.91019618079" lon="6.23056769338" />
  <node id="8643" version="1" lat="50.91094729419" lon="6.22730377994" />
  <node id="8644" version="1" lat="50.90925859377" lon="6.22780468247" />
  <node id="8645" version="1" lat="50.90729625855" lon="6.22633416172" />
  <node id="8646" version="1" lat="50.9079066165" lon="6.22748399137" />
  <node id="8647" version="1" lat="50.90779689228" lon="6.22761022266" />
  <node id="8648" version="1" lat="50.90694636164" lon="6.22680187158" />
  <node id="8649" version="1" lat="50.91107075211" lon="6.22774667971" />
  <node id="8650" version="1" lat="50.90774255845" lon="6.22747125087" />
  <node id="8651" version="1" lat="50.90754152246" lon="6.22629756246" />
  <node id="8652" version="1" lat="50.90740661831" lon="6.22615378316" />
  <node id="8653" version="1" lat="50.90929453299" lon="6.22769638862" />
  <node id="8654" version="1" lat="50.90793156352" lon="6.22696942616" />
  <node id="8655" version="1" lat="50.90855502077" lon="6.22524283793" />
  <node id="8656" version="1" lat="50.90802775703" lon="6.22702851858" />
  <node id="8657" version="1" lat="50.90699858189" lon="6.22667983141" />
  <node id="8658" version="1" lat="50.90722247382" lon="6.22608471628" />
  <node id="8659" version="1" lat="50.90850512759" lon="6.22536521371" />
  <node id="8660" version="1" lat="50.90793177515" lon="6.22727695786" />
  <node id="8661" version="1" lat="50.9064791231" lon="6.22619099881" />
  <node id="8662" version="1" lat="50.90708653201" lon="6.22676130351" />
  <node id="8663" version="1" lat="50.90941947536" lon="6.22911125354" />
  <node id="8664" version="1" lat="50.90796665853" lon="6.22719380937" />
  <node id="8665" version="1" lat="50.91211072377" lon="6.22730277462" />
  <node id="8666" version="1" lat="50.90712870995" lon="6.22648235377" />
  <node id="8667" version="1" lat="50.90916726521" lon="6.22803199969" />
  <node id="8669" version="1" lat="50.9071408665" lon="6.22646994855" />
  <node id="8670" version="1" lat="50.90918650342" lon="6.22800920092" />
  <node id="8671" version="1" lat="50.90920637585" lon="6.22797550567" />
  <node id="8672" version="1" lat="50.9073150747" lon="6.2262305614" />
  <node id="8673" version="1" lat="50.90917255043" lon="6.2276259803" />
  <node id="8674" version="1" lat="50.9080199346" lon="6.22690044327" />
  <node id="8675" version="1" lat="50.908501745" lon="6.22526027229" />
  <node id="8676" version="1" lat="50.90774572968" lon="6.22749723477" />
  <node id="8677" version="1" lat="50.90750936681" lon="6.22626635212" />
  <node id="8678" version="1" lat="50.90717078205" lon="6.22588757409" />
  <node id="8679" version="1" lat="50.90710323427" lon="6.22666038506" />
  <node id="8680" version="1" lat="50.90921483219" lon="6.22772790425" />
  <node id="8681" version="1" lat="50.9073150747" lon="6.2262459841" />
  <node id="8682" version="1" lat="50.90920468457" lon="6.22775874965" />
  <node id="8683" version="1" lat="50.90801507208" lon="6.22694168223" />
  <node id="8684" version="1" lat="50.90852288618" lon="6.22525088456" />
  <node id="8685" version="1" lat="50.90774657534" lon="6.22751869245" />
  <node id="8686" version="1" lat="50.90742501157" lon="6.22618026998" />
  <node id="8687" version="1" lat="50.90781211417" lon="6.22752271559" />
  <node id="8688" version="1" lat="50.90915796301" lon="6.22780602392" />
  <node id="8689" version="1" lat="50.90916219119" lon="6.22777551379" />
  <node id="8690" version="1" lat="50.90916472809" lon="6.22772991624" />
  <node id="8691" version="1" lat="50.9081560852" lon="6.2270731103" />
  <node id="8692" version="1" lat="50.90778372395" lon="6.22763701818" />
  <node id="8693" version="1" lat="50.90916388246" lon="6.22768800672" />
  <node id="8694" version="1" lat="50.90788093965" lon="6.227143361" />
  <node id="8695" version="1" lat="50.90914992947" lon="6.22760318186" />
  <node id="8696" version="1" lat="50.90914337579" lon="6.22758038308" />
  <node id="8697" version="1" lat="50.90921398634" lon="6.22783787515" />
  <node id="8698" version="1" lat="50.90705947045" lon="6.22507117655" />
  <node id="8699" version="1" lat="50.90909528021" lon="6.22792387347" />
  <node id="8700" version="1" lat="50.90697849732" lon="6.22718274526" />
  <node id="8701" version="1" lat="50.91088746814" lon="6.22747376427" />
  <node id="8702" version="1" lat="50.90747828879" lon="6.22475333445" />
  <node id="8703" version="1" lat="50.90782183926" lon="6.22758306529" />
  <node id="8704" version="1" lat="50.90777538078" lon="6.22765674222" />
  <node id="8705" version="1" lat="50.90730365837" lon="6.22803702883" />
  <node id="8706" version="1" lat="50.91116228833" lon="6.22768700056" />
  <node id="8707" version="1" lat="50.90739731617" lon="6.22562270544" />
  <node id="8708" version="1" lat="50.91054119143" lon="6.22688300841" />
  <node id="8709" version="1" lat="50.90885691569" lon="6.22939556804" />
  <node id="8710" version="1" lat="50.91116820753" lon="6.22764240883" />
  <node id="8711" version="1" lat="50.9105792439" lon="6.22688837282" />
  <node id="8712" version="1" lat="50.90896071804" lon="6.22948642787" />
  <node id="8713" version="1" lat="50.91115721474" lon="6.22757770054" />
  <node id="8714" version="1" lat="50.91061264548" lon="6.22689172558" />
  <node id="8715" version="1" lat="50.91005580806" lon="6.23044582067" />
  <node id="8716" version="1" lat="50.91112043114" lon="6.22750628673" />
  <node id="8717" version="1" lat="50.91041667509" lon="6.22676465593" />
  <node id="8718" version="1" lat="50.91046762325" lon="6.22681125932" />
  <node id="8719" version="1" lat="50.91031139595" lon="6.23066827621" />
  <node id="8720" version="1" lat="50.91059467627" lon="6.22693464093" />
  <node id="8721" version="1" lat="50.90886600654" lon="6.22586511008" />
  <node id="8722" version="1" lat="50.90879116724" lon="6.22578933768" />
  <node id="8723" version="1" lat="50.91115171834" lon="6.22772119872" />
  <node id="8724" version="1" lat="50.90706200748" lon="6.22653298046" />
  <node id="8725" version="1" lat="50.90952391067" lon="6.22909851305" />
  <node id="8726" version="1" lat="50.9072956243" lon="6.22614808347" />
  <node id="8727" version="1" lat="50.90861781" lon="6.22533135083" />
  <node id="8730" version="1" lat="50.90801657368" lon="6.22697697752" />
  <node id="8731" version="1" lat="50.90853831925" lon="6.22524652597" />
  <node id="8732" version="1" lat="50.90731401761" lon="6.22626241263" />
  <node id="8733" version="1" lat="50.90920257049" lon="6.22782178156" />
  <node id="8734" version="1" lat="50.90863704844" lon="6.22531693395" />
  <node id="8735" version="1" lat="50.90958500734" lon="6.22925743394" />
  <node id="8736" version="1" lat="50.90803621359" lon="6.22705601122" />
  <node id="8737" version="1" lat="50.90857108806" lon="6.22524216738" />
  <node id="8738" version="1" lat="50.90730915501" lon="6.22629661079" />
  <node id="8739" version="1" lat="50.9092321677" lon="6.22760988705" />
  <node id="8740" version="1" lat="50.90804297884" lon="6.22707109865" />
  <node id="8741" version="1" lat="50.90858609828" lon="6.22524116155" />
  <node id="8742" version="1" lat="50.90730556092" lon="6.22630935129" />
  <node id="8743" version="1" lat="50.90924760053" lon="6.22766151957" />
  <node id="8744" version="1" lat="50.9080376937" lon="6.22483447127" />
  <node id="8745" version="1" lat="50.90697955441" lon="6.22659165345" />
  <node id="8746" version="1" lat="50.91048918635" lon="6.22687496178" />
  <node id="8747" version="1" lat="50.90741105827" lon="6.22567333214" />
  <node id="8748" version="1" lat="50.90808896126" lon="6.22705768777" />
  <node id="8749" version="1" lat="50.9074165549" lon="6.22617088225" />
  <node id="8750" version="1" lat="50.90774477831" lon="6.22753662972" />
  <node id="8751" version="1" lat="50.90790344539" lon="6.22717436369" />
  <node id="8752" version="1" lat="50.90724044432" lon="6.22608941015" />
  <node id="8753" version="1" lat="50.90852204054" lon="6.22535448488" />
  <node id="8754" version="1" lat="50.9070406542" lon="6.22516639497" />
  <node id="8755" version="1" lat="50.90795376225" lon="6.22722188874" />
  <node id="8756" version="1" lat="50.90649371116" lon="6.22617188808" />
  <node id="8757" version="1" lat="50.90944188457" lon="6.22913606398" />
  <node id="8758" version="1" lat="50.90728653335" lon="6.22613232549" />
  <node id="8759" version="1" lat="50.90860787366" lon="6.2253316861" />
  <node id="8761" version="1" lat="50.90799974455" lon="6.22701141967" />
  <node id="8762" version="1" lat="50.91114114813" lon="6.22753914412" />
  <node id="8763" version="1" lat="50.90950763231" lon="6.22922524743" />
  <node id="8764" version="1" lat="50.91116524793" lon="6.2276105576" />
  <node id="8765" version="1" lat="50.90956196397" lon="6.22917830877" />
  <node id="8766" version="1" lat="50.90708103514" lon="6.22663255748" />
  <node id="8767" version="1" lat="50.90952708178" lon="6.22926246308" />
  <node id="8768" version="1" lat="50.9095423031" lon="6.22929699652" />
  <node id="8769" version="1" lat="50.90955287346" lon="6.2293281772" />
  <node id="8770" version="1" lat="50.90685671969" lon="6.22702147778" />
  <node id="8771" version="1" lat="50.90704456545" lon="6.22666759383" />
  <node id="8772" version="1" lat="50.90735651268" lon="6.22451797061" />
  <node id="8773" version="1" lat="50.90946091126" lon="6.22914310478" />
  <node id="8774" version="1" lat="50.90948839424" lon="6.22914913975" />
  <node id="8775" version="1" lat="50.90712479872" lon="6.22669156607" />
  <node id="8776" version="1" lat="50.90709858286" lon="6.22667865794" />
  <node id="8777" version="1" lat="50.9068797644" lon="6.2270717692" />
  <node id="8778" version="1" lat="50.90708367786" lon="6.22667195242" />
  <node id="8779" version="1" lat="50.9070668701" lon="6.22666725855" />
  <node id="8780" version="1" lat="50.90686750208" lon="6.22718710419" />
  <node id="8781" version="1" lat="50.90698103413" lon="6.22672308203" />
  <node id="8782" version="1" lat="50.90692109685" lon="6.22711585801" />
  <node id="8783" version="1" lat="50.90700281027" lon="6.22656885501" />
  <node id="8784" version="1" lat="50.9092127181" lon="6.22776746683" />
  <node id="8785" version="1" lat="50.90712205049" lon="6.2266808369" />
  <node id="8786" version="1" lat="50.90921440937" lon="6.22768901221" />
  <node id="8787" version="1" lat="50.90707913258" lon="6.2266359099" />
  <node id="8788" version="1" lat="50.9069941421" lon="6.22660137679" />
  <node id="8789" version="1" lat="50.90709603829" lon="6.22660971162" />
  <node id="8790" version="1" lat="50.9070614292" lon="6.22664634861" />
  <node id="8791" version="1" lat="50.90808970121" lon="6.22710160894" />
  <node id="8792" version="1" lat="50.90704081056" lon="6.22665490556" />
  <node id="8793" version="1" lat="50.90701702928" lon="6.22665771068" />
  <node id="8794" version="1" lat="50.90699265857" lon="6.2266524118" />
  <node id="8795" version="1" lat="50.90696592918" lon="6.22663464603" />
  <node id="8796" version="1" lat="50.90710429104" lon="6.22651806084" />
  <node id="8797" version="1" lat="50.90700640438" lon="6.22656114366" />
  <node id="8798" version="1" lat="50.90709202889" lon="6.22677370872" />
  <node id="8799" version="1" lat="50.90777173387" lon="6.22736010667" />
  <node id="8800" version="1" lat="50.90706391024" lon="6.22674621608" />
  <node id="8801" version="1" lat="50.9070349459" lon="6.22671872344" />
  <node id="8802" version="1" lat="50.90701507255" lon="6.22669827159" />
  <node id="8803" version="1" lat="50.9092078557" lon="6.22781507604" />
  <node id="8804" version="1" lat="50.90697638313" lon="6.22665502064" />
  <node id="8805" version="1" lat="50.90707976683" lon="6.22672073476" />
  <node id="8806" version="1" lat="50.90731898581" lon="6.22687764449" />
  <node id="8807" version="1" lat="50.90952983008" lon="6.22921116583" />
  <node id="8808" version="1" lat="50.90772300247" lon="6.22742699451" />
  <node id="8809" version="1" lat="50.90717596189" lon="6.22638713535" />
  <node id="8810" version="1" lat="50.90711570774" lon="6.22663490441" />
  <node id="8811" version="1" lat="50.90787749407" lon="6.22758532866" />
  <node id="8812" version="1" lat="50.90786665922" lon="6.22757803615" />
  <node id="8813" version="1" lat="50.90785672272" lon="6.22757568922" />
  <node id="8814" version="1" lat="50.9080393848" lon="6.22696448084" />
  <node id="8815" version="1" lat="50.90757173483" lon="6.22476473384" />
  <node id="8816" version="1" lat="50.90784594056" lon="6.22757501867" />
  <node id="8817" version="1" lat="50.90801655208" lon="6.2270198014" />
  <node id="8818" version="1" lat="50.90753198857" lon="6.22475668721" />
  <node id="8819" version="1" lat="50.90783262142" lon="6.22757803615" />
  <node id="8820" version="1" lat="50.90800672764" lon="6.22704351778" />
  <node id="8821" version="1" lat="50.90744699913" lon="6.22475467555" />
  <node id="8822" version="1" lat="50.90781042284" lon="6.22759178247" />
  <node id="8823" version="1" lat="50.90741824645" lon="6.22475601666" />
  <node id="8824" version="1" lat="50.90859878297" lon="6.22524149682" />
  <node id="8825" version="1" lat="50.90730112115" lon="6.22632376816" />
  <node id="8826" version="1" lat="50.90734805579" lon="6.22579872575" />
  <node id="8827" version="1" lat="50.90925859377" lon="6.22773762726" />
  <node id="8828" version="1" lat="50.90702458639" lon="6.2268035483" />
  <node id="8829" version="1" lat="50.90861273613" lon="6.2252431732" />
  <node id="8830" version="1" lat="50.90703240888" lon="6.22679382529" />
  <node id="8831" version="1" lat="50.90862880339" lon="6.22524686124" />
  <node id="8832" version="1" lat="50.90703959711" lon="6.22678745504" />
  <node id="8833" version="1" lat="50.9086419109" lon="6.22524987873" />
  <node id="8834" version="1" lat="50.9070474196" lon="6.22678175535" />
  <node id="8835" version="1" lat="50.9072774424" lon="6.22636601295" />
  <node id="8836" version="1" lat="50.90865755533" lon="6.2252559137" />
  <node id="8837" version="1" lat="50.90705418499" lon="6.22677840259" />
  <node id="8838" version="1" lat="50.90654529787" lon="6.22609913316" />
  <node id="8839" version="1" lat="50.90724890103" lon="6.22639249977" />
  <node id="8840" version="1" lat="50.90714329781" lon="6.22670296546" />
  <node id="8841" version="1" lat="50.90861865565" lon="6.22527535971" />
  <node id="8842" version="1" lat="50.90846073106" lon="6.22528642382" />
  <node id="8843" version="1" lat="50.90789350911" lon="6.22737619958" />
  <node id="8844" version="1" lat="50.90792078159" lon="6.22730310939" />
  <node id="8845" version="1" lat="50.90685925693" lon="6.2270600342" />
  <node id="8846" version="1" lat="50.90963024821" lon="6.22879911181" />
  <node id="8847" version="1" lat="50.90690280931" lon="6.22710630231" />
  <node id="8848" version="1" lat="50.90963849307" lon="6.22877698358" />
  <node id="8849" version="1" lat="50.90982030254" lon="6.22805144604" />
  <node id="8850" version="1" lat="50.9102118247" lon="6.23058076914" />
  <node id="8851" version="1" lat="50.91086357939" lon="6.22721090846" />
  <node id="8852" version="1" lat="50.91053146692" lon="6.22687362068" />
  <node id="8853" version="1" lat="50.9096644961" lon="6.22872367468" />
  <node id="8854" version="1" lat="50.90951270588" lon="6.2291404229" />
  <node id="8855" version="1" lat="50.90964314402" lon="6.22862912681" />
  <node id="8856" version="1" lat="50.90777659632" lon="6.22765582038" />
  <node id="8857" version="1" lat="50.90868673028" lon="6.22797332637" />
  <node id="8858" version="1" lat="50.90802606572" lon="6.2270493057" />
  <node id="8859" version="1" lat="50.90886642936" lon="6.22811682455" />
  <node id="8860" version="1" lat="50.90805270388" lon="6.22704863515" />
  <node id="8861" version="1" lat="50.90898904716" lon="6.22824355893" />
  <node id="8862" version="1" lat="50.90865670989" lon="6.22798606686" />
  <node id="8863" version="1" lat="50.90709520016" lon="6.22678074952" />
  <node id="8864" version="1" lat="50.90713198694" lon="6.22632946786" />
  <node id="8865" version="1" lat="50.90710090846" lon="6.22678410228" />
  <node id="8866" version="1" lat="50.90712627865" lon="6.2263133746" />
  <node id="8867" version="1" lat="50.90710788526" lon="6.2267894667" />
  <node id="8868" version="1" lat="50.90656221153" lon="6.22610785034" />
  <node id="8869" version="1" lat="50.90723981007" lon="6.2263961878" />
  <node id="8870" version="1" lat="50.90713811806" lon="6.22669542175" />
  <node id="8871" version="1" lat="50.90722797068" lon="6.22639920529" />
  <node id="8872" version="1" lat="50.90713209265" lon="6.22668519583" />
  <node id="8873" version="1" lat="50.90721824546" lon="6.22639987584" />
  <node id="8874" version="1" lat="50.90712733574" lon="6.22667647865" />
  <node id="8875" version="1" lat="50.90720830883" lon="6.22639920529" />
  <node id="8876" version="1" lat="50.90712310737" lon="6.22666608509" />
  <node id="8877" version="1" lat="50.90719773794" lon="6.22639719363" />
  <node id="8878" version="1" lat="50.90712014752" lon="6.22665703263" />
  <node id="8879" version="1" lat="50.90718293868" lon="6.22639115866" />
  <node id="8880" version="1" lat="50.90711718766" lon="6.22664596852" />
  <node id="8881" version="1" lat="50.90719456688" lon="6.22578866713" />
  <node id="8882" version="1" lat="50.90721655433" lon="6.22581079535" />
  <node id="8883" version="1" lat="50.90724065595" lon="6.22583694689" />
  <node id="8884" version="1" lat="50.90726095204" lon="6.22585773401" />
  <node id="8885" version="1" lat="50.90738407041" lon="6.22667521168" />
  <node id="8886" version="1" lat="50.90703103487" lon="6.22673213415" />
  <node id="8887" version="1" lat="50.90741145816" lon="6.22660920608" />
  <node id="8888" version="1" lat="50.90710450278" lon="6.22671369396" />
  <node id="8889" version="1" lat="50.90736243205" lon="6.22600492073" />
  <node id="8890" version="1" lat="50.90706317049" lon="6.22671939366" />
  <node id="8891" version="1" lat="50.90931863353" lon="6.22769907083" />
  <node id="8892" version="1" lat="50.9070449885" lon="6.22672341697" />
  <node id="8893" version="1" lat="50.90701496705" lon="6.22674889795" />
  <node id="8894" version="1" lat="50.90712445759" lon="6.22674434981" />
  <node id="8895" version="1" lat="50.90708589797" lon="6.22666977279" />
  <node id="8896" version="1" lat="50.90708484087" lon="6.22659198873" />
  <node id="8897" version="1" lat="50.90700682743" lon="6.22660808198" />
  <node id="8898" version="1" lat="50.90700196481" lon="6.22667848997" />
  <node id="8899" version="1" lat="50.90699033677" lon="6.22678879581" />
  <node id="8900" version="1" lat="50.90700048487" lon="6.22674621575" />
  <node id="8901" version="1" lat="50.90700386757" lon="6.22670497678" />
  <node id="8902" version="1" lat="50.90736814063" lon="6.2256978073" />
  <node id="8903" version="1" lat="50.90699202812" lon="6.22663557462" />
  <node id="8904" version="1" lat="50.90738420832" lon="6.22573669933" />
  <node id="8906" version="1" lat="50.90697870873" lon="6.22660539977" />
  <node id="8907" version="1" lat="50.90739118508" lon="6.22577123277" />
  <node id="8908" version="1" lat="50.90709186509" lon="6.22654945886" />
  <node id="8909" version="1" lat="50.90970487475" lon="6.22867036577" />
  <node id="8910" version="1" lat="50.90705651081" lon="6.22659131818" />
  <node id="8911" version="1" lat="50.90975540087" lon="6.22862074491" />
  <node id="8912" version="1" lat="50.90703092917" lon="6.22660741143" />
  <node id="8914" version="1" lat="50.90695555879" lon="6.22657053038" />
  <node id="8915" version="1" lat="50.90697078053" lon="6.22670019909" />
  <node id="8916" version="1" lat="50.90696834921" lon="6.22668184273" />
  <node id="8917" version="1" lat="50.90696327516" lon="6.2266570323" />
  <node id="8918" version="1" lat="50.9079072129" lon="6.22702892391" />
  <node id="8919" version="1" lat="50.90695354988" lon="6.22663557462" />
  <node id="8920" version="1" lat="50.90693970194" lon="6.22661646389" />
  <node id="8921" version="1" lat="50.9068994266" lon="6.22657589547" />
  <node id="8922" version="1" lat="50.90683896067" lon="6.22651219301" />
  <node id="8923" version="1" lat="50.90688251306" lon="6.22643575005" />
  <node id="8924" version="1" lat="50.90697088624" lon="6.22652761571" />
  <node id="8926" version="1" lat="50.90700259906" lon="6.22654639117" />
  <node id="8927" version="1" lat="50.90742205195" lon="6.22584164076" />
  <node id="8928" version="1" lat="50.91038221636" lon="6.22683405809" />
  <node id="8929" version="1" lat="50.90701612986" lon="6.22654639117" />
  <node id="8930" version="1" lat="50.9074264917" lon="6.22579067878" />
  <node id="8931" version="1" lat="50.91041308124" lon="6.22684881024" />
  <node id="8932" version="1" lat="50.90703092916" lon="6.22654303841" />
  <node id="8933" version="1" lat="50.9074214177" lon="6.22572630577" />
  <node id="8934" version="1" lat="50.91045367065" lon="6.22686423294" />
  <node id="8935" version="1" lat="50.90704784265" lon="6.22653365068" />
  <node id="8936" version="1" lat="50.9078835724" lon="6.22747778859" />
  <node id="8937" version="1" lat="50.90780746303" lon="6.22747611221" />
  <node id="8938" version="1" lat="50.90808261885" lon="6.22704628838" />
  <node id="8939" version="1" lat="50.90806306306" lon="6.22699281184" />
  <node id="8940" version="1" lat="50.90805925761" lon="6.2269653192" />
  <node id="8941" version="1" lat="50.90805894049" lon="6.22693866475" />
  <node id="8942" version="1" lat="50.90806158317" lon="6.22691519542" />
  <node id="8943" version="1" lat="50.90792372916" lon="6.22750832786" />
  <node id="8944" version="1" lat="50.90791200768" lon="6.22749924626" />
  <node id="8945" version="1" lat="50.90789319177" lon="6.22748466175" />
  <node id="8946" version="1" lat="50.90787120464" lon="6.22747125071" />
  <node id="8947" version="1" lat="50.90785756838" lon="6.2274685685" />
  <node id="8948" version="1" lat="50.90791570743" lon="6.22688870843" />
  <node id="8949" version="1" lat="50.90783769538" lon="6.22746840086" />
  <node id="8950" version="1" lat="50.90798378288" lon="6.22695878115" />
  <node id="8951" version="1" lat="50.90782078218" lon="6.2274720889" />
  <node id="8952" version="1" lat="50.90803557935" lon="6.22700873729" />
  <node id="8953" version="1" lat="50.90778991558" lon="6.22748549994" />
  <node id="8954" version="1" lat="50.90777469368" lon="6.22750176083" />
  <node id="8955" version="1" lat="50.90776285443" lon="6.22751936283" />
  <node id="8956" version="1" lat="50.90928840215" lon="6.22778121348" />
  <node id="8957" version="1" lat="50.91172682789" lon="6.22779713927" />
  <node id="8958" version="1" lat="50.90825058694" lon="6.22726488825" />
  <node id="8959" version="1" lat="50.90832627276" lon="6.22734099593" />
  <node id="8960" version="1" lat="50.90811591662" lon="6.22712843087" />
  <node id="8961" version="1" lat="50.90815233261" lon="6.22716581415" />
  <node id="8962" version="1" lat="50.90786613058" lon="6.22713228671" />
  <node id="8963" version="1" lat="50.90741613228" lon="6.22485123508" />
  <node id="8964" version="1" lat="50.90738780241" lon="6.22489415042" />
  <node id="8965" version="1" lat="50.90736074103" lon="6.22494578294" />
  <node id="8966" version="1" lat="50.90733494813" lon="6.22501552038" />
  <node id="8967" version="1" lat="50.90731845758" lon="6.22506849401" />
  <node id="8968" version="1" lat="50.90729731585" lon="6.2252609425" />
  <node id="8969" version="1" lat="50.90713240977" lon="6.22481502559" />
  <node id="8971" version="1" lat="50.90794340273" lon="6.22694034096" />
  <node id="8972" version="1" lat="50.90796940671" lon="6.22687730905" />
  <node id="8973" version="1" lat="50.90799371935" lon="6.22681695934" />
  <node id="8974" version="1" lat="50.91104834346" lon="6.22760385241" />
  <node id="8975" version="1" lat="50.91112677314" lon="6.22774735026" />
  <node id="8976" version="1" lat="50.90643504167" lon="6.22619166953" />
  <node id="8977" version="1" lat="50.91104559547" lon="6.22772924535" />
  <node id="8978" version="1" lat="50.91058135792" lon="6.22722029619" />
  <node id="8979" version="1" lat="50.91097947974" lon="6.22750402395" />
  <node id="8980" version="1" lat="50.9082972034" lon="6.22814415006" />
  <node id="8981" version="1" lat="50.91102572351" lon="6.22760787589" />
  <node id="8982" version="1" lat="50.91099993297" lon="6.22758708827" />
  <node id="8983" version="1" lat="50.90763537105" lon="6.22782614015" />
  <node id="8984" version="1" lat="50.90763114273" lon="6.22789755397" />
  <node id="8985" version="1" lat="50.90763811946" lon="6.22794147514" />
  <node id="8986" version="1" lat="50.90765038157" lon="6.22797667913" />
  <node id="8987" version="1" lat="50.90766222085" lon="6.22800651871" />
  <node id="8988" version="1" lat="50.91110182794" lon="6.22775640272" />
  <node id="8989" version="1" lat="50.91070967906" lon="6.2272159376" />
  <node id="8990" version="1" lat="50.91079804497" lon="6.22730880909" />
  <node id="8991" version="1" lat="50.91088831332" lon="6.22740771554" />
  <node id="8992" version="1" lat="50.91103629385" lon="6.227569151" />
  <node id="8993" version="1" lat="50.91103840786" lon="6.22761173107" />
  <node id="8994" version="1" lat="50.91097519909" lon="6.22756093673" />
  <node id="8995" version="1" lat="50.90826348314" lon="6.22839778628" />
  <node id="8996" version="1" lat="50.90827341955" lon="6.22837431695" />
  <node id="8997" version="1" lat="50.90829498367" lon="6.22832268443" />
  <node id="8998" version="1" lat="50.90830470866" lon="6.22829988565" />
  <node id="8999" version="1" lat="50.90832923254" lon="6.22824054178" />
  <node id="9000" version="1" lat="50.90833663198" lon="6.22822277214" />
  <node id="9001" version="1" lat="50.90834403143" lon="6.22820634361" />
  <node id="9002" version="1" lat="50.90835037381" lon="6.22819159146" />
  <node id="9003" version="1" lat="50.90835671618" lon="6.22817851569" />
  <node id="9004" version="1" lat="50.90823473096" lon="6.22837867554" />
  <node id="9005" version="1" lat="50.90824170759" lon="6.22836191174" />
  <node id="9006" version="1" lat="50.90825037553" lon="6.22834112462" />
  <node id="9007" version="1" lat="50.90826390596" lon="6.22830927338" />
  <node id="9008" version="1" lat="50.90643609878" lon="6.22618764622" />
  <node id="9009" version="1" lat="50.90827574509" lon="6.22828278657" />
  <node id="9010" version="1" lat="50.90828610433" lon="6.22825931724" />
  <node id="9011" version="1" lat="50.90829561791" lon="6.22823651846" />
  <node id="9012" version="1" lat="50.90830470866" lon="6.22821371969" />
  <node id="9013" version="1" lat="50.90831401082" lon="6.22819092091" />
  <node id="9014" version="1" lat="50.9064521669" lon="6.22614037212" />
  <node id="9015" version="1" lat="50.90832310157" lon="6.22816946324" />
  <node id="9016" version="1" lat="50.90647468326" lon="6.22608488392" />
  <node id="9017" version="1" lat="50.90649603679" lon="6.22603425723" />
  <node id="9018" version="1" lat="50.90750217854" lon="6.22469063831" />
  <node id="9019" version="1" lat="50.90748272822" lon="6.22469214706" />
  <node id="9020" version="1" lat="50.90739921871" lon="6.22470572557" />
  <node id="9021" version="1" lat="50.90784128944" lon="6.22666859966" />
  <node id="9022" version="1" lat="50.90785291726" lon="6.22668033432" />
  <node id="9023" version="1" lat="50.907872156" lon="6.22669910978" />
  <node id="9024" version="1" lat="50.90788526372" lon="6.22671201792" />
  <node id="9025" version="1" lat="50.90789794861" lon="6.22672358495" />
  <node id="9026" version="1" lat="50.90793336054" lon="6.22673850473" />
  <node id="9027" version="1" lat="50.90795989306" lon="6.22673917528" />
  <node id="9028" version="1" lat="50.9079825144" lon="6.22673448142" />
  <node id="9029" version="1" lat="50.90799942754" lon="6.22672744062" />
  <node id="9030" version="1" lat="50.90801570643" lon="6.22671637651" />
  <node id="9031" version="1" lat="50.90803071683" lon="6.22670162436" />
  <node id="9032" version="1" lat="50.90804361308" lon="6.22668452527" />
  <node id="9033" version="1" lat="50.90806010338" lon="6.22665720027" />
  <node id="9034" version="1" lat="50.90807638225" lon="6.22661914643" />
  <node id="9035" version="1" lat="50.90810259756" lon="6.22655343231" />
  <node id="9036" version="1" lat="50.90813896071" lon="6.22646491941" />
  <node id="9037" version="1" lat="50.90817595807" lon="6.22637506541" />
  <node id="9038" version="1" lat="50.90820301898" lon="6.22630834546" />
  <node id="9039" version="1" lat="50.90821633801" lon="6.22627649423" />
  <node id="9054" version="1" lat="50.90781581383" lon="6.22722532583">
    <tag k="ele" v="2.5" />
  </node>
  <node id="9055" version="1" lat="50.90787050422" lon="6.22729024367">
    <tag k="ele" v="4.8" />
  </node>
  <node id="9099" version="1" lat="50.90778619674" lon="6.22664459772" />
  <node id="9100" version="1" lat="50.90821937132" lon="6.22723270281" />
  <node id="9101" version="1" lat="50.9082014006" lon="6.22721417378" />
  <node id="9102" version="1" lat="50.90819561779" lon="6.2272338794" />
  <node id="9103" version="1" lat="50.90821334462" lon="6.22725180066" />
  <node id="9104" version="1" lat="50.90841379755" lon="6.22743051466" />
  <node id="9105" version="1" lat="50.90842627087" lon="6.22744727846" />
  <node id="9106" version="1" lat="50.90844212679" lon="6.22747141834" />
  <node id="9107" version="1" lat="50.90845396587" lon="6.2274888527" />
  <node id="9108" version="1" lat="50.90847130167" lon="6.22751265731" />
  <node id="9109" version="1" lat="50.90740471555" lon="6.22644178536" />
  <node id="9110" version="1" lat="50.90742480016" lon="6.22644446757" />
  <node id="9111" version="1" lat="50.90743642808" lon="6.22644949671" />
  <node id="9112" version="1" lat="50.90744826742" lon="6.22645687278" />
  <node id="9113" version="1" lat="50.907465815" lon="6.22647196021" />
  <node id="9114" version="1" lat="50.90772358913" lon="6.22663975367" />
  <node id="9115" version="1" lat="50.9077459412" lon="6.22675526854" />
  <node id="9116" version="1" lat="50.90770429236" lon="6.22671335902" />
  <node id="9117" version="1" lat="50.90761845756" lon="6.22662551668" />
  <node id="9118" version="1" lat="50.90758019126" lon="6.2265872952" />
  <node id="9119" version="1" lat="50.90754573042" lon="6.22655343231" />
  <node id="9120" version="1" lat="50.90748145983" lon="6.22648805346" />
  <node id="9121" version="1" lat="50.90782183926" lon="6.22683137622" />
  <node id="9122" version="1" lat="50.90778045475" lon="6.22678913143" />
  <node id="9123" version="1" lat="50.90761009938" lon="6.22664304134" />
  <node id="9124" version="1" lat="50.90765498808" lon="6.22651077302" />
  <node id="9158" version="1" lat="50.90796390983" lon="6.22754065303" />
  <node id="9159" version="1" lat="50.90798314085" lon="6.2275678942" />
  <node id="9160" version="1" lat="50.90796373224" lon="6.2276113208" />
  <node id="9162" version="1" lat="50.90788925325" lon="6.22753358789" />
  <node id="9164" version="1" lat="50.90805650934" lon="6.22662585195">
    <tag k="ele" v="2.5" />
  </node>
  <node id="9165" version="1" lat="50.90813325254" lon="6.22664915364" />
  <node id="9167" version="1" lat="50.90815101241" lon="6.22660664663" />
  <node id="9171" version="1" lat="50.90803261236" lon="6.22707093705" />
  <node id="9175" version="1" lat="50.90830823173" lon="6.22648549416" />
  <node id="9176" version="1" lat="50.90827055999" lon="6.22640294159" />
  <node id="9177" version="1" lat="50.90805946913" lon="6.22706741061" />
  <node id="9178" version="1" lat="50.90804720712" lon="6.2270479646" />
  <node id="9179" version="1" lat="50.90804139324" lon="6.22703002732" />
  <node id="9180" version="1" lat="50.90803515652" lon="6.22700806673" />
  <node id="9181" version="1" lat="50.90803008259" lon="6.22697453912" />
  <node id="9182" version="1" lat="50.90803008259" lon="6.22694101151" />
  <node id="9183" version="1" lat="50.90803261955" lon="6.22691586581" />
  <node id="9184" version="1" lat="50.90803917339" lon="6.22689072009" />
  <node id="9185" version="1" lat="50.90804646717" lon="6.22686842423" />
  <node id="9186" version="1" lat="50.90805968055" lon="6.22683204677" />
  <node id="9187" version="1" lat="50.90809033556" lon="6.2267599624" />
  <node id="9188" version="1" lat="50.90811105411" lon="6.22671067681" />
  <node id="9189" version="1" lat="50.90812986992" lon="6.22665803846" />
  <node id="9192" version="1" lat="50.90826376065" lon="6.22633301275" />
  <node id="9193" version="1" lat="50.90817701514" lon="6.22654337402" />
  <node id="9194" version="1" lat="50.90821020703" lon="6.22646190193" />
  <node id="9195" version="1" lat="50.90823240542" lon="6.22640926357" />
  <node id="9196" version="1" lat="50.90825735216" lon="6.22634908151" />
  <node id="9243" version="1" lat="50.90886833184" lon="6.22930604932" />
  <node id="9244" version="1" lat="50.90887742248" lon="6.22925810483" />
  <node id="9245" version="1" lat="50.90890300312" lon="6.22935030576" />
  <node id="9247" version="1" lat="50.90888291915" lon="6.22933085974" />
  <node id="9251" version="1" lat="50.90892919143" lon="6.22928253823" />
  <node id="9253" version="1" lat="50.90896822308" lon="6.2293539938" />
  <node id="9254" version="1" lat="50.9089408455" lon="6.22937478092" />
  <node id="9255" version="1" lat="50.90891685047" lon="6.22936170514" />
  <node id="9257" version="1" lat="50.90892923977" lon="6.22928160018" />
  <node id="9293" version="1" lat="50.90713247477" lon="6.2269103427" />
  <node id="9295" version="1" lat="50.90911916668" lon="6.22876683444" />
  <node id="9296" version="1" lat="50.90697019902" lon="6.22673259776" />
  <node id="9297" version="1" lat="50.90741549782" lon="6.22641563382" />
  <node id="9298" version="1" lat="50.90743029699" lon="6.22642468628" />
  <node id="9299" version="1" lat="50.90726180887" lon="6.22682552838" />
  <node id="9300" version="1" lat="50.90723123336" lon="6.22685580441" />
  <node id="9301" version="1" lat="50.90723065767" lon="6.22691591904" />
  <node id="9302" version="1" lat="50.90719065917" lon="6.22675201355" />
  <node id="9303" version="1" lat="50.90717431559" lon="6.22679674466" />
  <node id="9304" version="1" lat="50.90715788159" lon="6.2268411874" />
  <node id="9305" version="1" lat="50.90724351712" lon="6.22677010851" />
  <node id="9306" version="1" lat="50.90723780474" lon="6.22672133521" />
  <node id="9307" version="1" lat="50.9072268786" lon="6.22668780473" />
  <node id="9308" version="1" lat="50.90719596853" lon="6.22666464695" />
  <node id="9309" version="1" lat="50.90715979795" lon="6.22667594702" />
  <node id="9310" version="1" lat="50.90713079832" lon="6.22669114524" />
  <node id="9311" version="1" lat="50.90709907118" lon="6.22675762266" />
  <node id="9312" version="1" lat="50.90709553918" lon="6.22678101899" />
  <node id="9313" version="1" lat="50.90709477465" lon="6.22684529305" />
  <node id="9314" version="1" lat="50.90711118836" lon="6.22689141859" />
  <node id="9315" version="1" lat="50.90716293174" lon="6.22692117762" />
  <node id="9316" version="1" lat="50.90719667378" lon="6.2269113834" />
  <node id="9320" version="1" lat="50.9073488486" lon="6.22609544512" />
  <node id="9321" version="1" lat="50.90734403886" lon="6.22607130523" />
  <node id="9322" version="1" lat="50.90734298177" lon="6.22604716536" />
  <node id="9323" version="1" lat="50.90734255894" lon="6.22602704879" />
  <node id="9324" version="1" lat="50.90734382744" lon="6.22600961443" />
  <node id="9325" version="1" lat="50.90734594162" lon="6.22599218007" />
  <node id="9326" version="1" lat="50.9073482672" lon="6.2259777632" />
  <node id="9327" version="1" lat="50.90735262768" lon="6.2259601193" />
  <node id="9328" version="1" lat="50.90731729442" lon="6.22644027687" />
  <node id="9329" version="1" lat="50.90891629542" lon="6.22931135104" />
  <node id="9330" version="1" lat="50.90725618606" lon="6.22685276336" />
  <node id="9331" version="1" lat="50.90722923804" lon="6.22681792164" />
  <node id="9332" version="1" lat="50.90718338563" lon="6.22675539915" />
  <node id="9333" version="1" lat="50.90717028726" lon="6.22674302053" />
  <node id="9334" version="1" lat="50.90716316483" lon="6.22674292877" />
  <node id="9335" version="1" lat="50.90735704091" lon="6.2259484267" />
  <node id="9336" version="1" lat="50.90714088174" lon="6.22676162637" />
  <node id="9337" version="1" lat="50.90892150149" lon="6.22931501795" />
  <node id="9338" version="1" lat="50.90715661537" lon="6.22674557875" />
  <node id="9339" version="1" lat="50.90714621492" lon="6.22681501269" />
  <node id="9340" version="1" lat="50.90732945107" lon="6.2264327329" />
  <node id="9341" version="1" lat="50.90735513826" lon="6.22641881894" />
  <node id="9342" version="1" lat="50.90737152309" lon="6.22641228106" />
  <node id="9343" version="1" lat="50.90738695653" lon="6.22640926357" />
  <node id="9344" version="1" lat="50.90713867111" lon="6.226789407" />
  <node id="9345" version="1" lat="50.90740260139" lon="6.22641060468" />
  <node id="9346" version="1" lat="50.90714080683" lon="6.22680163308" />
  <node id="9347" version="1" lat="50.90719711865" lon="6.22686077153" />
  <node id="9348" version="1" lat="50.90721614148" lon="6.2268747628" />
  <node id="9349" version="1" lat="50.90747532875" lon="6.22646290775" />
  <node id="9350" version="1" lat="50.9089655275" lon="6.22925207002" />
  <node id="9351" version="1" lat="50.9074844195" lon="6.22647221192" />
  <node id="9353" version="1" lat="50.90710744342" lon="6.22672792629" />
  <node id="9354" version="1" lat="50.90718351401" lon="6.2268523804" />
  <node id="9355" version="1" lat="50.90717195448" lon="6.22684528232" />
  <node id="9356" version="1" lat="50.90718264558" lon="6.22680779816" />
  <node id="9357" version="1" lat="50.90715800201" lon="6.22683260862" />
  <node id="9358" version="1" lat="50.90744107925" lon="6.22643239763" />
  <node id="9359" version="1" lat="50.9072165152" lon="6.22680020216" />
  <node id="9360" version="1" lat="50.90893936564" lon="6.22930848006" />
  <node id="9362" version="1" lat="50.90723987192" lon="6.22689558399" />
  <node id="9367" version="1" lat="50.90715124495" lon="6.22674904811" />
  <node id="9369" version="1" lat="50.90734255894" lon="6.22642535683" />
  <node id="9373" version="1" lat="50.90897350822" lon="6.22923077998" />
  <node id="9377" version="1" lat="50.908959978" lon="6.22926631926" />
  <node id="9378" version="1" lat="50.90735390929" lon="6.22611522658" />
  <node id="9382" version="1" lat="50.90755735895" lon="6.22695743904" />
  <node id="9384" version="1" lat="50.90893133205" lon="6.22931493412" />
  <node id="9385" version="1" lat="50.90833367538" lon="6.22935532987" />
  <node id="9387" version="1" lat="50.90891278073" lon="6.22930680384" />
  <node id="9389" version="1" lat="50.9079614121" lon="6.22766981086" />
  <node id="9391" version="1" lat="50.90718181607" lon="6.22680472113" />
  <node id="9392" version="1" lat="50.90718378968" lon="6.22680397646" />
  <node id="9395" version="1" lat="50.90898101322" lon="6.2292084423" />
  <node id="9402" version="1" lat="50.90890886963" lon="6.22926455905" />
  <node id="9405" version="1" lat="50.90892633733" lon="6.22923300127" />
  <node id="9409" version="1" lat="50.90893566597" lon="6.22921619531" />
  <node id="9410" version="1" lat="50.90894713484" lon="6.22919553409" />
  <node id="9411" version="1" lat="50.90895385042" lon="6.22918250547" />
  <node id="9413" version="1" lat="50.90715033127" lon="6.22682250222" />
  <node id="9414" version="1" lat="50.90745630125" lon="6.22644513812" />
  <node id="9419" version="1" lat="50.90773589897" lon="6.22737402063" />
  <node id="9420" version="1" lat="50.90776137452" lon="6.22739564594" />
  <node id="9421" version="1" lat="50.90777553934" lon="6.22740201619" />
  <node id="9422" version="1" lat="50.90778780143" lon="6.22740402784" />
  <node id="9423" version="1" lat="50.9078070402" lon="6.22740285438" />
  <node id="9424" version="1" lat="50.90782215638" lon="6.22739681941" />
  <node id="9425" version="1" lat="50.90783494699" lon="6.22738894042" />
  <node id="9426" version="1" lat="50.90784414354" lon="6.22737888213" />
  <node id="9427" version="1" lat="50.9078535515" lon="6.22736697983" />
  <node id="9428" version="1" lat="50.90786179668" lon="6.22735155713" />
  <node id="9429" version="1" lat="50.90771932918" lon="6.22729552427" />
  <node id="9430" version="1" lat="50.90775014298" lon="6.22732712405" />
  <node id="9431" version="1" lat="50.90776037019" lon="6.22733730806" />
  <node id="9432" version="1" lat="50.90777020095" lon="6.2273432593" />
  <node id="9433" version="1" lat="50.90778082473" lon="6.22734652799" />
  <node id="9434" version="1" lat="50.90778928133" lon="6.22734728236" />
  <node id="9435" version="1" lat="50.90779800221" lon="6.22734661181" />
  <node id="9436" version="1" lat="50.9078055603" lon="6.22734443251" />
  <node id="9437" version="1" lat="50.90781428117" lon="6.22734032538" />
  <node id="9438" version="1" lat="50.90782226209" lon="6.22733395513" />
  <node id="9439" version="1" lat="50.90782881595" lon="6.22732825544" />
  <node id="9440" version="1" lat="50.90783558123" lon="6.22731987353" />
  <node id="9441" version="1" lat="50.90784213509" lon="6.22731015053" />
  <node id="9456" version="1" lat="50.90825756357" lon="6.22632075068" />
  <node id="9457" version="1" lat="50.90739943013" lon="6.22584901717" />
  <node id="9458" version="1" lat="50.90740534981" lon="6.22583929416" />
  <node id="9459" version="1" lat="50.90741866907" lon="6.2258232009" />
  <node id="9460" version="1" lat="50.90743304541" lon="6.22581247207" />
  <node id="9461" version="1" lat="50.90743854225" lon="6.22580911931" />
  <node id="9462" version="1" lat="50.90745228434" lon="6.22580576655" />
  <node id="9463" version="1" lat="50.90746306659" lon="6.22580442544" />
  <node id="9464" version="1" lat="50.90747384883" lon="6.22580576655" />
  <node id="9465" version="1" lat="50.90748547675" lon="6.22581146624" />
  <node id="9466" version="1" lat="50.90749456766" lon="6.22581683066" />
  <node id="9467" version="1" lat="50.90750598415" lon="6.22582521256" />
  <node id="9468" version="1" lat="50.90751021248" lon="6.22582923587" />
  <node id="9470" version="1" lat="50.90723515888" lon="6.22599419173" />
  <node id="9471" version="1" lat="50.90722923918" lon="6.22599117424" />
  <node id="9472" version="1" lat="50.90722141673" lon="6.22598648038" />
  <node id="9473" version="1" lat="50.90721486278" lon="6.22598011013" />
  <node id="9474" version="1" lat="50.90720704032" lon="6.22597139295" />
  <node id="9475" version="1" lat="50.90720260055" lon="6.22596535798" />
  <node id="9476" version="1" lat="50.90719794935" lon="6.22595194694" />
  <node id="9477" version="1" lat="50.90719287532" lon="6.22592613067" />
  <node id="9478" version="1" lat="50.90719118398" lon="6.22591707822" />
  <node id="9479" version="1" lat="50.90717741253" lon="6.22674722399" />
  <node id="9480" version="1" lat="50.90828705558" lon="6.22634304671" />
  <node id="9481" version="1" lat="50.9071949895" lon="6.22593887117" />
  <node id="9483" version="1" lat="50.90890522281" lon="6.22927067785" />
  <node id="9484" version="1" lat="50.90892245273" lon="6.22919792293" />
  <node id="9486" version="1" lat="50.90835481368" lon="6.22640490465" />
  <node id="9487" version="1" lat="50.90714522877" lon="6.22675364926" />
  <node id="9488" version="1" lat="50.90895363581" lon="6.22928174179" />
  <node id="9489" version="1" lat="50.90824530151" lon="6.22629141418" />
  <node id="9490" version="1" lat="50.90888883853" lon="6.22922474502" />
  <node id="9491" version="1" lat="50.90713865442" lon="6.22677510722" />
  <node id="9492" version="1" lat="50.90709444943" lon="6.2267954742" />
  <node id="9493" version="1" lat="50.90829815507" lon="6.22642837398" />
  <node id="9494" version="1" lat="50.90827701357" lon="6.22626610067" />
  <node id="9495" version="1" lat="50.90892969347" lon="6.2292819935" />
  <node id="9496" version="1" lat="50.90887435693" lon="6.22923178582" />
  <node id="9497" version="1" lat="50.90742730062" lon="6.22581675931" />
  <node id="9498" version="1" lat="50.90828335617" lon="6.22639216416" />
  <node id="9500" version="1" lat="50.90831126267" lon="6.2263002985" />
  <node id="9502" version="1" lat="50.90829530068" lon="6.22630499287" />
  <node id="9503" version="1" lat="50.90829604063" lon="6.22628370283" />
  <node id="9504" version="1" lat="50.90829212949" lon="6.22626526264" />
  <node id="9505" version="1" lat="50.90828377868" lon="6.22624531372" />
  <node id="9506" version="1" lat="50.90827468792" lon="6.22622486187" />
  <node id="9507" version="1" lat="50.90898862402" lon="6.22931677831" />
  <node id="9516" version="1" lat="50.90828610433" lon="6.22630465742" />
  <node id="9517" version="1" lat="50.90827341955" lon="6.22635025498" />
  <node id="9518" version="1" lat="50.90827722498" lon="6.22634187307" />
  <node id="9519" version="1" lat="50.90828377878" lon="6.22632209178" />
  <node id="9520" version="1" lat="50.90828420161" lon="6.22628822889" />
  <node id="9521" version="1" lat="50.90828166465" lon="6.22627716478" />
  <node id="9522" version="1" lat="50.90826686575" lon="6.226254366" />
  <node id="9523" version="1" lat="50.9082531239" lon="6.22624095496" />
  <node id="9524" version="1" lat="50.90824931846" lon="6.22623693164" />
  <node id="9525" version="1" lat="50.90824297607" lon="6.22622888502" />
  <node id="9526" version="1" lat="50.90823726792" lon="6.22622016784" />
  <node id="9527" version="1" lat="50.90723743146" lon="6.22682928099" />
  <node id="9528" version="1" lat="50.90894565498" lon="6.22929900868" />
  <node id="9529" version="1" lat="50.90894301235" lon="6.22930353491" />
  <node id="9530" version="1" lat="50.90900659385" lon="6.22917696817" />
  <node id="9531" version="1" lat="50.908935613" lon="6.22931183299" />
  <node id="9532" version="1" lat="50.90899982874" lon="6.22919540836" />
  <node id="9533" version="1" lat="50.90890522281" lon="6.22928090377" />
  <node id="9534" version="1" lat="50.90892715661" lon="6.22931635922" />
  <node id="9535" version="1" lat="50.90890918675" lon="6.2292990925" />
  <node id="9536" version="1" lat="50.90890638557" lon="6.22929020768" />
  <node id="9537" version="1" lat="50.90890580419" lon="6.22927302478" />
  <node id="9538" version="1" lat="50.90891642755" lon="6.22925089655" />
  <node id="9541" version="1" lat="50.90899634048" lon="6.22920680774" />
  <node id="9552" version="1" lat="50.90799118238" lon="6.22726622935" />
  <node id="9553" version="1" lat="50.90797564332" lon="6.2272960691" />
  <node id="9554" version="1" lat="50.90759953604" lon="6.22818522088" />
  <node id="9555" version="1" lat="50.9076071709" lon="6.22824491255" />
  <node id="9556" version="1" lat="50.90802078037" lon="6.2271096554" />
  <node id="9557" version="1" lat="50.90766792908" lon="6.22828110985" />
  <node id="9558" version="1" lat="50.90759710476" lon="6.22819125585" />
  <node id="9559" version="1" lat="50.90800048461" lon="6.22714687105" />
  <node id="9560" version="1" lat="50.90797997742" lon="6.22717101093" />
  <node id="9561" version="1" lat="50.90756814054" lon="6.22815538164" />
  <node id="9562" version="1" lat="50.90798822258" lon="6.22716195848" />
  <node id="9563" version="1" lat="50.90773473619" lon="6.22835051235" />
  <node id="9564" version="1" lat="50.90797490348" lon="6.22712071951" />
  <node id="9565" version="1" lat="50.90796327569" lon="6.22712977197" />
  <node id="9566" version="1" lat="50.90793906863" lon="6.22715005634" />
  <node id="9567" version="1" lat="50.90794234556" lon="6.22711820511" />
  <node id="9568" version="1" lat="50.90794424829" lon="6.22708534805" />
  <node id="9569" version="1" lat="50.907935686" lon="6.22716782598" />
  <node id="9570" version="1" lat="50.90791782147" lon="6.22706674023" />
  <node id="9571" version="1" lat="50.90713346686" lon="6.22785497423" />
  <node id="9572" version="1" lat="50.9079110562" lon="6.22713429837" />
  <node id="9573" version="1" lat="50.90790788499" lon="6.22715810297" />
  <node id="9574" version="1" lat="50.90744922659" lon="6.22785730471" />
  <node id="9575" version="1" lat="50.90837954874" lon="6.22810307857" />
  <node id="9576" version="1" lat="50.9073002757" lon="6.227641403" />
  <node id="9577" version="1" lat="50.90783854104" lon="6.22744291987" />
  <node id="9578" version="1" lat="50.90801105532" lon="6.22705567595" />
  <node id="9579" version="1" lat="50.90779308681" lon="6.2274580073" />
  <node id="9580" version="1" lat="50.9080317739" lon="6.22709892657" />
  <node id="9581" version="1" lat="50.9077362161" lon="6.22743621435" />
  <node id="9582" version="1" lat="50.90775608914" lon="6.22745029595" />
  <node id="9583" version="1" lat="50.90781739954" lon="6.22745398398" />
  <node id="9584" version="1" lat="50.9089902096" lon="6.22866500152" />
  <node id="9585" version="1" lat="50.90723230464" lon="6.22688820569" />
  <node id="9586" version="1" lat="50.9073002757" lon="6.227641403" />
  <node id="9587" version="1" lat="50.90748526533" lon="6.22776780244" />
  <node id="9588" version="1" lat="50.90724752671" lon="6.2268424405" />
  <node id="9589" version="1" lat="50.9080649659" lon="6.22709322687" />
  <node id="9590" version="1" lat="50.90791422742" lon="6.22709708272" />
  <node id="9591" version="1" lat="50.90795101366" lon="6.22714318302" />
  <node id="9592" version="1" lat="50.90785587706" lon="6.227428503" />
  <node id="9594" version="1" lat="50.90698917396" lon="6.22654136204" />
  <node id="9595" version="1" lat="50.90788589818" lon="6.22738256983" />
  <node id="9596" version="1" lat="50.90735820402" lon="6.22773997419" />
  <node id="9598" version="1" lat="50.90740809822" lon="6.22764676776" />
  <node id="9599" version="1" lat="50.90804283998" lon="6.22709402669" />
  <node id="9600" version="1" lat="50.90805735499" lon="6.22709121522" />
  <node id="9601" version="1" lat="50.90807299962" lon="6.22709523853" />
  <node id="9602" version="1" lat="50.90808758718" lon="6.22697286274" />
  <node id="9603" version="1" lat="50.90804361308" lon="6.22704863515" />
  <node id="9604" version="1" lat="50.90814001777" lon="6.22685451027" />
  <node id="9605" version="1" lat="50.90801655208" lon="6.22703555938" />
  <node id="9606" version="1" lat="50.9080167635" lon="6.22707445141" />
  <node id="9608" version="1" lat="50.90777892199" lon="6.22745834257" />
  <node id="9609" version="1" lat="50.90795703886" lon="6.22733613459" />
  <node id="9611" version="1" lat="50.90910352506" lon="6.22792320309" />
  <node id="9612" version="1" lat="50.9090814328" lon="6.22797064466" />
  <node id="9613" version="1" lat="50.90908936065" lon="6.22792320309" />
  <node id="9614" version="1" lat="50.90895078167" lon="6.22860515473" />
  <node id="9615" version="1" lat="50.90891843594" lon="6.22860314308" />
  <node id="9616" version="1" lat="50.90909707719" lon="6.22797969695" />
  <node id="9617" version="1" lat="50.9089879899" lon="6.22868813541">
    <tag k="ele" v="4.8" />
  </node>
  <node id="9618" version="1" lat="50.90898460734" lon="6.22869517621">
    <tag k="ele" v="4.8" />
  </node>
  <node id="9620" version="1" lat="50.90902340102" lon="6.22891947594">
    <tag k="ele" v="2.4" />
  </node>
  <node id="9621" version="1" lat="50.90903365438" lon="6.22892148759">
    <tag k="ele" v="2.4" />
  </node>
  <node id="9627" version="1" lat="50.90793161637" lon="6.22767803226">
    <tag k="ele" v="2.4" />
  </node>
  <node id="9628" version="1" lat="50.90918037234" lon="6.22893682648">
    <tag k="ele" v="2.4" />
  </node>
  <node id="9629" version="1" lat="50.90920003337" lon="6.22875116732">
    <tag k="ele" v="2.4" />
  </node>
  <node id="9630" version="1" lat="50.90771018557" lon="6.2275883878">
    <tag k="ele" v="2.4" />
  </node>
  <node id="9631" version="1" lat="50.9091791039" lon="6.22894571129">
    <tag k="ele" v="2.4" />
  </node>
  <node id="9632" version="1" lat="50.90920531858" lon="6.2287528437">
    <tag k="ele" v="2.4" />
  </node>
  <node id="9633" version="1" lat="50.90771488956" lon="6.22759115383">
    <tag k="ele" v="2.4" />
  </node>
  <node id="9634" version="1" lat="50.90793320199" lon="6.22767082382">
    <tag k="ele" v="2.4" />
  </node>
  <node id="9635" version="1" lat="50.90775228366" lon="6.22726178694">
    <tag k="ele" v="2.4" />
  </node>
  <node id="9636" version="1" lat="50.90775038093" lon="6.2272730187">
    <tag k="ele" v="2.4" />
  </node>
  <node id="9639" version="1" lat="50.90784683908" lon="6.22726472061">
    <tag k="ele" v="4.8" />
  </node>
  <node id="9640" version="1" lat="50.90796371834" lon="6.22738231872">
    <tag k="ele" v="2.4" />
  </node>
  <node id="9641" version="1" lat="50.90785265298" lon="6.22726974975">
    <tag k="ele" v="4.8" />
  </node>
  <node id="9642" version="1" lat="50.90795437647" lon="6.22738215107">
    <tag k="ele" v="2.4" />
  </node>
  <node id="9644" version="1" lat="50.90785640549" lon="6.22728366388" />
  <node id="9645" version="1" lat="50.90789498869" lon="6.22723865306" />
  <node id="9646" version="1" lat="50.9078808239" lon="6.2273093125" />
  <way id="5960" version="1">
    <nd ref="14" />
    <nd ref="15" />
    <nd ref="36" />
    <nd ref="16" />
    <nd ref="17" />
    <nd ref="18" />
    <nd ref="19" />
    <nd ref="20" />
    <nd ref="21" />
    <tag k="type" v="guard_rail" />
  </way>
  <way id="5961" version="1">
    <nd ref="943" />
    <nd ref="944" />
    <nd ref="945" />
    <nd ref="946" />
    <nd ref="947" />
    <nd ref="948" />
    <nd ref="949" />
    <nd ref="950" />
    <nd ref="951" />
    <nd ref="952" />
    <nd ref="953" />
    <nd ref="954" />
    <nd ref="955" />
    <tag k="subtype" v="solid" />
    <tag k="type" v="line_thin" />
  </way>
  <way id="5962" version="1">
    <nd ref="610" />
    <nd ref="611" />
    <nd ref="612" />
    <nd ref="613" />
    <nd ref="614" />
    <nd ref="615" />
    <nd ref="616" />
    <nd ref="617" />
    <nd ref="618" />
    <nd ref="619" />
    <nd ref="620" />
    <nd ref="621" />
    <nd ref="622" />
    <nd ref="623" />
    <nd ref="624" />
    <nd ref="625" />
    <nd ref="626" />
    <nd ref="627" />
    <tag k="subtype" v="solid" />
    <tag k="type" v="line_thin" />
  </way>
  <way id="5963" version="1">
    <nd ref="295" />
    <nd ref="296" />
    <nd ref="297" />
    <nd ref="298" />
    <nd ref="299" />
    <nd ref="300" />
    <nd ref="1335" />
    <nd ref="1333" />
    <nd ref="1334" />
    <nd ref="301" />
    <tag k="subtype" v="solid" />
    <tag k="type" v="line_thin" />
  </way>
  <way id="5964" version="1">
    <nd ref="5679" />
    <nd ref="1288" />
    <nd ref="1289" />
    <nd ref="1290" />
    <nd ref="1291" />
    <nd ref="1292" />
    <nd ref="1293" />
    <nd ref="1294" />
    <nd ref="1295" />
    <nd ref="1296" />
    <nd ref="1297" />
    <nd ref="1298" />
    <nd ref="1332" />
    <nd ref="1299" />
    <nd ref="1300" />
    <nd ref="1301" />
    <nd ref="1331" />
    <nd ref="1303" />
    <nd ref="1304" />
    <nd ref="1306" />
    <tag k="type" v="road_border" />
  </way>
  <way id="5965" version="1">
    <nd ref="1376" />
    <nd ref="2196" />
    <tag k="subtype" v="dashed" />
    <tag k="type" v="line_thin" />
  </way>
  <way id="5966" version="1">
    <nd ref="1441" />
    <nd ref="1442" />
    <tag k="subtype" v="solid" />
    <tag k="type" v="line_thin" />
  </way>
  <way id="5967" version="1">
    <nd ref="1473" />
    <nd ref="1474" />
    <nd ref="1475" />
    <nd ref="1476" />
    <nd ref="1477" />
    <nd ref="1478" />
    <nd ref="1370" />
    <tag k="subtype" v="solid" />
    <tag k="type" v="line_thin" />
  </way>
  <way id="5968" version="1">
    <nd ref="1509" />
    <nd ref="1510" />
    <nd ref="1511" />
    <nd ref="1512" />
    <tag k="type" v="virtual" />
  </way>
  <way id="5969" version="1">
    <nd ref="987" />
    <nd ref="1513" />
    <nd ref="1514" />
    <nd ref="5670" />
    <nd ref="5669" />
    <nd ref="660" />
    <tag k="type" v="virtual" />
  </way>
  <way id="5970" version="1">
    <nd ref="1552" />
    <nd ref="1553" />
    <nd ref="1554" />
    <nd ref="1555" />
    <nd ref="1556" />
    <nd ref="1557" />
    <nd ref="1558" />
    <nd ref="1559" />
    <nd ref="1560" />
    <nd ref="1561" />
    <nd ref="1562" />
    <tag k="subtype" v="solid" />
    <tag k="type" v="line_thin" />
  </way>
  <way id="5971" version="1">
    <nd ref="1574" />
    <nd ref="1575" />
    <nd ref="1576" />
    <nd ref="1577" />
    <nd ref="1578" />
    <nd ref="1579" />
    <nd ref="1580" />
    <nd ref="1581" />
    <nd ref="1582" />
    <nd ref="1583" />
    <nd ref="1584" />
    <tag k="subtype" v="solid" />
    <tag k="type" v="line_thin" />
  </way>
  <way id="5972" version="1">
    <nd ref="439" />
    <nd ref="5671" />
    <nd ref="1646" />
    <nd ref="1647" />
    <nd ref="162" />
    <tag k="type" v="virtual" />
  </way>
  <way id="5973" version="1">
    <nd ref="1609" />
    <nd ref="1648" />
    <nd ref="1649" />
    <nd ref="1650" />
    <nd ref="1651" />
    <nd ref="1652" />
    <nd ref="1653" />
    <tag k="type" v="road_border" />
  </way>
  <way id="5974" version="1">
    <nd ref="1666" />
    <nd ref="1665" />
    <nd ref="1664" />
    <nd ref="1663" />
    <nd ref="1662" />
    <nd ref="1661" />
    <nd ref="1660" />
    <nd ref="1659" />
    <nd ref="1655" />
    <tag k="type" v="road_border" />
  </way>
  <way id="5975" version="1">
    <nd ref="1698" />
    <nd ref="1721" />
    <nd ref="1722" />
    <nd ref="1723" />
    <nd ref="1724" />
    <nd ref="1725" />
    <nd ref="1726" />
    <nd ref="1727" />
    <tag k="subtype" v="solid" />
    <tag k="type" v="line_thick" />
  </way>
  <way id="5976" version="1">
    <nd ref="1855" />
    <nd ref="1856" />
    <nd ref="1857" />
    <nd ref="1858" />
    <nd ref="1859" />
    <nd ref="1860" />
    <nd ref="1861" />
    <nd ref="1862" />
    <nd ref="1863" />
    <nd ref="1864" />
    <tag k="subtype" v="solid" />
    <tag k="type" v="line_thin" />
  </way>
  <way id="5977" version="1">
    <nd ref="2176" />
    <nd ref="8665" />
    <nd ref="2178" />
    <nd ref="2179" />
    <nd ref="2180" />
    <nd ref="2181" />
    <nd ref="2182" />
    <nd ref="2183" />
    <nd ref="2184" />
    <nd ref="2185" />
    <nd ref="2186" />
    <nd ref="2187" />
    <nd ref="2188" />
    <nd ref="2189" />
    <nd ref="2190" />
    <nd ref="2191" />
    <nd ref="2192" />
    <nd ref="2193" />
    <nd ref="2194" />
    <nd ref="1915" />
    <nd ref="1916" />
    <nd ref="1917" />
    <nd ref="1918" />
    <nd ref="1919" />
    <nd ref="1920" />
    <nd ref="2150" />
    <nd ref="2151" />
    <tag k="type" v="road_border" />
  </way>
  <way id="5978" version="1">
    <nd ref="1921" />
    <nd ref="1922" />
    <nd ref="1923" />
    <nd ref="1924" />
    <nd ref="1925" />
    <nd ref="1926" />
    <nd ref="1927" />
    <nd ref="1928" />
    <nd ref="1929" />
    <nd ref="1930" />
    <nd ref="1931" />
    <nd ref="1932" />
    <nd ref="1933" />
    <nd ref="1934" />
    <nd ref="1935" />
    <nd ref="1936" />
    <nd ref="1937" />
    <nd ref="1938" />
    <nd ref="1939" />
    <nd ref="1940" />
    <nd ref="1941" />
    <nd ref="1942" />
    <nd ref="1943" />
    <nd ref="1944" />
    <nd ref="1945" />
    <tag k="subtype" v="solid" />
    <tag k="type" v="line_thin" />
  </way>
  <way id="5979" version="1">
    <nd ref="1983" />
    <nd ref="1984" />
    <nd ref="1985" />
    <nd ref="1986" />
    <nd ref="1987" />
    <nd ref="1988" />
    <nd ref="1989" />
    <nd ref="1990" />
    <nd ref="1991" />
    <nd ref="1992" />
    <nd ref="1993" />
    <nd ref="1994" />
    <nd ref="1995" />
    <nd ref="1996" />
    <nd ref="1997" />
    <nd ref="1998" />
    <nd ref="1999" />
    <nd ref="2000" />
    <nd ref="2001" />
    <nd ref="2002" />
    <nd ref="2003" />
    <nd ref="2004" />
    <nd ref="1773" />
    <tag k="subtype" v="solid" />
    <tag k="type" v="line_thin" />
  </way>
  <way id="5980" version="1">
    <nd ref="1760" />
    <nd ref="2005" />
    <nd ref="2006" />
    <nd ref="2007" />
    <nd ref="2008" />
    <nd ref="2009" />
    <nd ref="2010" />
    <nd ref="2011" />
    <nd ref="2012" />
    <nd ref="2013" />
    <nd ref="2014" />
    <nd ref="2015" />
    <nd ref="2016" />
    <nd ref="2017" />
    <nd ref="2018" />
    <tag k="subtype" v="dashed" />
    <tag k="type" v="line_thin" />
  </way>
  <way id="5981" version="1">
    <nd ref="2031" />
    <nd ref="2032" />
    <nd ref="2033" />
    <nd ref="2034" />
    <nd ref="2035" />
    <nd ref="2036" />
    <nd ref="2037" />
    <nd ref="2038" />
    <nd ref="2039" />
    <nd ref="2040" />
    <nd ref="2041" />
    <nd ref="2042" />
    <nd ref="2043" />
    <nd ref="2044" />
    <nd ref="2045" />
    <tag k="subtype" v="dashed" />
    <tag k="type" v="line_thin" />
  </way>
  <way id="5982" version="1">
    <nd ref="1802" />
    <nd ref="2057" />
    <nd ref="2058" />
    <nd ref="2059" />
    <nd ref="2060" />
    <nd ref="2061" />
    <nd ref="2062" />
    <tag k="subtype" v="solid" />
    <tag k="type" v="road_border" />
  </way>
  <way id="5983" version="1">
    <nd ref="2075" />
    <nd ref="2076" />
    <nd ref="2077" />
    <nd ref="2078" />
    <nd ref="2079" />
    <nd ref="2080" />
    <nd ref="2081" />
    <nd ref="2082" />
    <nd ref="2083" />
    <nd ref="2084" />
    <nd ref="2085" />
    <nd ref="2086" />
    <nd ref="2087" />
    <nd ref="2088" />
    <nd ref="2089" />
    <nd ref="2090" />
    <nd ref="2091" />
    <nd ref="2092" />
    <nd ref="2093" />
    <nd ref="2094" />
    <nd ref="2095" />
    <nd ref="2096" />
    <nd ref="2097" />
    <nd ref="2098" />
    <nd ref="2099" />
    <tag k="type" v="road_border" />
  </way>
  <way id="5984" version="1">
    <nd ref="2104" />
    <nd ref="2105" />
    <nd ref="2106" />
    <nd ref="2107" />
    <nd ref="2108" />
    <nd ref="2109" />
    <nd ref="2116" />
    <tag k="subtype" v="solid" />
    <tag k="type" v="road_border" />
  </way>
  <way id="5985" version="1">
    <nd ref="2099" />
    <nd ref="2112" />
    <nd ref="2113" />
    <nd ref="2114" />
    <nd ref="2115" />
    <tag k="subtype" v="solid" />
    <tag k="type" v="line_thin" />
  </way>
  <way id="5986" version="1">
    <nd ref="2116" />
    <nd ref="2117" />
    <nd ref="2118" />
    <nd ref="2119" />
    <nd ref="2120" />
    <nd ref="2121" />
    <nd ref="2122" />
    <nd ref="2123" />
    <nd ref="2124" />
    <nd ref="2125" />
    <nd ref="2126" />
    <nd ref="2127" />
    <nd ref="2128" />
    <nd ref="2129" />
    <nd ref="2130" />
    <nd ref="2131" />
    <nd ref="2132" />
    <nd ref="2133" />
    <nd ref="2134" />
    <nd ref="2135" />
    <nd ref="2136" />
    <nd ref="2137" />
    <nd ref="2138" />
    <nd ref="2139" />
    <tag k="type" v="road_border" />
  </way>
  <way id="5987" version="1">
    <nd ref="2223" />
    <nd ref="8609" />
    <nd ref="2224" />
    <nd ref="2225" />
    <nd ref="2226" />
    <nd ref="2227" />
    <nd ref="2228" />
    <nd ref="8554" />
    <tag k="type" v="road_border" />
  </way>
  <way id="5988" version="1">
    <nd ref="2275" />
    <nd ref="2276" />
    <nd ref="2277" />
    <nd ref="2278" />
    <nd ref="2279" />
    <nd ref="2280" />
    <nd ref="2281" />
    <nd ref="2282" />
    <nd ref="2283" />
    <nd ref="2284" />
    <nd ref="2285" />
    <nd ref="2286" />
    <nd ref="2287" />
    <nd ref="2288" />
    <nd ref="2289" />
    <tag k="type" v="road_border" />
  </way>
  <way id="5989" version="1">
    <nd ref="2368" />
    <nd ref="2369" />
    <nd ref="2370" />
    <nd ref="2371" />
    <nd ref="2372" />
    <nd ref="2373" />
    <nd ref="2374" />
    <nd ref="2375" />
    <nd ref="2376" />
    <tag k="subtype" v="solid" />
    <tag k="type" v="line_thin" />
  </way>
  <way id="5991" version="1">
    <nd ref="2723" />
    <nd ref="2444" />
    <nd ref="2445" />
    <nd ref="2446" />
    <nd ref="2447" />
    <nd ref="2448" />
    <nd ref="2449" />
    <nd ref="2450" />
    <nd ref="2451" />
    <nd ref="2452" />
    <nd ref="2453" />
    <nd ref="2454" />
    <nd ref="2455" />
    <nd ref="2456" />
    <nd ref="2457" />
    <nd ref="2458" />
    <nd ref="2459" />
    <nd ref="2460" />
    <nd ref="2461" />
    <nd ref="2462" />
    <nd ref="2463" />
    <nd ref="2464" />
    <nd ref="2465" />
    <nd ref="2466" />
    <nd ref="2467" />
    <tag k="subtype" v="solid" />
    <tag k="type" v="line_thin" />
  </way>
  <way id="5992" version="1">
    <nd ref="2773" />
    <nd ref="2774" />
    <nd ref="2775" />
    <nd ref="2776" />
    <nd ref="2777" />
    <nd ref="2778" />
    <nd ref="2779" />
    <nd ref="2780" />
    <nd ref="2781" />
    <nd ref="2782" />
    <nd ref="2783" />
    <nd ref="2784" />
    <nd ref="2785" />
    <nd ref="2786" />
    <nd ref="2787" />
    <nd ref="2788" />
    <nd ref="2789" />
    <nd ref="2790" />
    <tag k="subtype" v="solid" />
    <tag k="type" v="road_border" />
  </way>
  <way id="5993" version="1">
    <nd ref="2820" />
    <nd ref="2821" />
    <nd ref="2822" />
    <nd ref="2823" />
    <nd ref="2824" />
    <nd ref="2825" />
    <nd ref="2826" />
    <nd ref="2827" />
    <nd ref="2828" />
    <nd ref="2829" />
    <nd ref="2830" />
    <nd ref="2831" />
    <nd ref="2832" />
    <nd ref="2833" />
    <nd ref="2834" />
    <nd ref="2835" />
    <nd ref="2836" />
    <nd ref="2837" />
    <tag k="subtype" v="solid" />
    <tag k="type" v="road_border" />
  </way>
  <way id="5994" version="1">
    <nd ref="2115" />
    <nd ref="2863" />
    <nd ref="2864" />
    <nd ref="2865" />
    <nd ref="2866" />
    <tag k="subtype" v="solid" />
    <tag k="type" v="line_thin" />
  </way>
  <way id="5995" version="1">
    <nd ref="2998" />
    <nd ref="2896" />
    <nd ref="2897" />
    <nd ref="2898" />
    <nd ref="2899" />
    <nd ref="2900" />
    <nd ref="2901" />
    <nd ref="2902" />
    <nd ref="2903" />
    <nd ref="2904" />
    <tag k="type" v="road_border" />
  </way>
  <way id="5996" version="1">
    <nd ref="2999" />
    <nd ref="3000" />
    <nd ref="3001" />
    <nd ref="3002" />
    <nd ref="3003" />
    <nd ref="3004" />
    <nd ref="3005" />
    <nd ref="2837" />
    <tag k="subtype" v="solid" />
    <tag k="type" v="line_thin" />
  </way>
  <way id="5997" version="1">
    <nd ref="3006" />
    <nd ref="3007" />
    <nd ref="3008" />
    <nd ref="3009" />
    <nd ref="3010" />
    <nd ref="3011" />
    <nd ref="3078" />
    <nd ref="3012" />
    <nd ref="3013" />
    <nd ref="3014" />
    <nd ref="3015" />
    <nd ref="3016" />
    <nd ref="3017" />
    <nd ref="3018" />
    <nd ref="3019" />
    <nd ref="3020" />
    <nd ref="3021" />
    <nd ref="3022" />
    <nd ref="3023" />
    <nd ref="3024" />
    <nd ref="3025" />
    <nd ref="3026" />
    <nd ref="3027" />
    <nd ref="3028" />
    <nd ref="3029" />
    <nd ref="3030" />
    <nd ref="3031" />
    <nd ref="3032" />
    <nd ref="3033" />
    <nd ref="3034" />
    <nd ref="3035" />
    <nd ref="3036" />
    <nd ref="3037" />
    <nd ref="3038" />
    <nd ref="3039" />
    <nd ref="3040" />
    <nd ref="3041" />
    <nd ref="3042" />
    <nd ref="3043" />
    <nd ref="3044" />
    <nd ref="3045" />
    <nd ref="3046" />
    <nd ref="3093" />
    <nd ref="3047" />
    <nd ref="3048" />
    <nd ref="3049" />
    <nd ref="3050" />
    <nd ref="3051" />
    <nd ref="3052" />
    <nd ref="3053" />
    <nd ref="3054" />
    <nd ref="3055" />
    <nd ref="3056" />
    <nd ref="3057" />
    <nd ref="3058" />
    <nd ref="3059" />
    <nd ref="3060" />
    <nd ref="3061" />
    <nd ref="3062" />
    <nd ref="3063" />
    <nd ref="3064" />
    <nd ref="3065" />
    <nd ref="3066" />
    <nd ref="3067" />
    <nd ref="3068" />
    <nd ref="3069" />
    <nd ref="3070" />
    <nd ref="3071" />
    <nd ref="3072" />
    <nd ref="3073" />
    <nd ref="3074" />
    <nd ref="3075" />
    <nd ref="3076" />
    <nd ref="3077" />
    <nd ref="2751" />
    <tag k="subtype" v="solid" />
    <tag k="type" v="road_border" />
  </way>
  <way id="5998" version="1">
    <nd ref="3078" />
    <nd ref="3079" />
    <nd ref="3080" />
    <nd ref="3081" />
    <nd ref="3082" />
    <nd ref="3083" />
    <nd ref="3084" />
    <nd ref="3085" />
    <nd ref="3086" />
    <nd ref="3087" />
    <nd ref="3088" />
    <nd ref="3089" />
    <nd ref="3090" />
    <nd ref="3091" />
    <nd ref="3092" />
    <nd ref="3093" />
    <tag k="subtype" v="dashed" />
    <tag k="type" v="line_thin" />
  </way>
  <way id="5999" version="1">
    <nd ref="2820" />
    <nd ref="3094" />
    <nd ref="3095" />
    <nd ref="3096" />
    <nd ref="3097" />
    <nd ref="3098" />
    <nd ref="2751" />
    <tag k="type" v="virtual" />
  </way>
  <way id="6000" version="1">
    <nd ref="2966" />
    <nd ref="3099" />
    <nd ref="3100" />
    <nd ref="3101" />
    <nd ref="3102" />
    <nd ref="2820" />
    <tag k="type" v="road_border" />
  </way>
  <way id="6001" version="1">
    <nd ref="5177" />
    <nd ref="5176" />
    <nd ref="5175" />
    <nd ref="5174" />
    <nd ref="5173" />
    <nd ref="5172" />
    <nd ref="5171" />
    <nd ref="5170" />
    <nd ref="3103" />
    <tag k="subtype" v="solid" />
    <tag k="type" v="line_thin" />
  </way>
  <way id="6003" version="1">
    <nd ref="3125" />
    <nd ref="3124" />
    <nd ref="3123" />
    <nd ref="3122" />
    <nd ref="3121" />
    <nd ref="7344" />
    <nd ref="3115" />
    <tag k="subtype" v="solid" />
    <tag k="type" v="line_thick" />
  </way>
  <way id="6004" version="1">
    <nd ref="3153" />
    <nd ref="3154" />
    <nd ref="3155" />
    <nd ref="3156" />
    <nd ref="3157" />
    <nd ref="3158" />
    <nd ref="3159" />
    <nd ref="3160" />
    <nd ref="3161" />
    <nd ref="3162" />
    <nd ref="3163" />
    <nd ref="3164" />
    <tag k="subtype" v="solid" />
    <tag k="type" v="road_border" />
  </way>
  <way id="6005" version="1">
    <nd ref="2272" />
    <nd ref="3195" />
    <nd ref="3196" />
    <nd ref="7297" />
    <nd ref="3198" />
    <nd ref="3199" />
    <nd ref="2275" />
    <tag k="subtype" v="solid" />
    <tag k="type" v="line_thick" />
  </way>
  <way id="6006" version="1">
    <nd ref="3291" />
    <nd ref="3200" />
    <nd ref="3201" />
    <nd ref="3202" />
    <nd ref="3203" />
    <nd ref="3204" />
    <nd ref="3205" />
    <nd ref="3206" />
    <nd ref="3207" />
    <nd ref="3208" />
    <nd ref="3209" />
    <nd ref="3210" />
    <tag k="type" v="road_border" />
  </way>
  <way id="6007" version="1">
    <nd ref="3546" />
    <nd ref="3547" />
    <nd ref="3548" />
    <nd ref="3549" />
    <nd ref="3550" />
    <nd ref="3551" />
    <nd ref="3552" />
    <nd ref="3553" />
    <nd ref="3554" />
    <nd ref="3555" />
    <nd ref="3556" />
    <nd ref="3557" />
    <nd ref="3558" />
    <nd ref="3559" />
    <nd ref="3560" />
    <nd ref="3561" />
    <nd ref="3562" />
    <nd ref="3563" />
    <nd ref="3564" />
    <nd ref="3292" />
    <tag k="subtype" v="solid" />
    <tag k="type" v="line_thin" />
  </way>
  <way id="6008" version="1">
    <nd ref="3362" />
    <nd ref="3565" />
    <nd ref="3566" />
    <nd ref="3567" />
    <nd ref="3568" />
    <nd ref="2427" />
    <tag k="subtype" v="dashed" />
    <tag k="type" v="line_thin" />
  </way>
  <way id="6009" version="1">
    <nd ref="2621" />
    <nd ref="3575" />
    <nd ref="3574" />
    <nd ref="3573" />
    <nd ref="3572" />
    <nd ref="3571" />
    <nd ref="2383" />
    <tag k="type" v="virtual" />
  </way>
  <way id="6010" version="1">
    <nd ref="3595" />
    <nd ref="3596" />
    <nd ref="3597" />
    <nd ref="3598" />
    <nd ref="3599" />
    <nd ref="3600" />
    <nd ref="3601" />
    <nd ref="3602" />
    <nd ref="3603" />
    <nd ref="3604" />
    <nd ref="3605" />
    <nd ref="3606" />
    <nd ref="3607" />
    <tag k="type" v="road_border" />
  </way>
  <way id="6011" version="1">
    <nd ref="3761" />
    <nd ref="3762" />
    <nd ref="3763" />
    <nd ref="3764" />
    <nd ref="3765" />
    <nd ref="3766" />
    <nd ref="3767" />
    <nd ref="3768" />
    <nd ref="3769" />
    <nd ref="3770" />
    <nd ref="3771" />
    <nd ref="3772" />
    <nd ref="3773" />
    <nd ref="3774" />
    <tag k="subtype" v="solid" />
    <tag k="type" v="line_thin" />
  </way>
  <way id="6012" version="1">
    <nd ref="3622" />
    <nd ref="3786" />
    <nd ref="3787" />
    <nd ref="3788" />
    <nd ref="3789" />
    <nd ref="3752" />
    <tag k="subtype" v="dashed" />
    <tag k="type" v="line_thin" />
  </way>
  <way id="6013" version="1">
    <nd ref="3798" />
    <nd ref="3799" />
    <nd ref="3800" />
    <nd ref="3801" />
    <nd ref="3802" />
    <nd ref="3803" />
    <nd ref="3804" />
    <nd ref="3805" />
    <tag k="type" v="road_border" />
  </way>
  <way id="6014" version="1">
    <nd ref="2229" />
    <nd ref="3832" />
    <nd ref="3833" />
    <nd ref="3834" />
    <nd ref="3835" />
    <nd ref="3836" />
    <nd ref="3837" />
    <nd ref="3838" />
    <nd ref="3839" />
    <nd ref="3840" />
    <nd ref="3841" />
    <nd ref="3842" />
    <nd ref="3843" />
    <nd ref="3844" />
    <nd ref="3845" />
    <nd ref="3846" />
    <nd ref="3847" />
    <nd ref="3848" />
    <nd ref="3849" />
    <nd ref="3850" />
    <nd ref="3851" />
    <nd ref="3852" />
    <nd ref="3853" />
    <nd ref="3854" />
    <nd ref="3855" />
    <nd ref="3856" />
    <nd ref="3857" />
    <nd ref="3858" />
    <nd ref="3859" />
    <nd ref="3860" />
    <nd ref="3861" />
    <nd ref="3862" />
    <nd ref="3863" />
    <nd ref="3864" />
    <nd ref="3865" />
    <nd ref="3866" />
    <nd ref="3867" />
    <nd ref="3868" />
    <nd ref="3878" />
    <nd ref="3869" />
    <nd ref="3870" />
    <nd ref="3871" />
    <nd ref="3872" />
    <nd ref="3873" />
    <nd ref="3874" />
    <nd ref="3875" />
    <nd ref="3876" />
    <nd ref="3877" />
    <nd ref="2533" />
    <tag k="type" v="road_border" />
  </way>
  <way id="6016" version="1">
    <nd ref="3974" />
    <nd ref="3983" />
    <nd ref="3984" />
    <nd ref="3985" />
    <nd ref="3986" />
    <nd ref="3987" />
    <nd ref="3988" />
    <nd ref="3989" />
    <nd ref="3990" />
    <nd ref="3991" />
    <tag k="subtype" v="dashed" />
    <tag k="type" v="line_thin" />
  </way>
  <way id="6018" version="1">
    <nd ref="2490" />
    <nd ref="4069" />
    <nd ref="4070" />
    <nd ref="4071" />
    <nd ref="4072" />
    <nd ref="4073" />
    <nd ref="4074" />
    <nd ref="4075" />
    <nd ref="4076" />
    <nd ref="4077" />
    <nd ref="4078" />
    <nd ref="4079" />
    <nd ref="4080" />
    <nd ref="4081" />
    <nd ref="4082" />
    <nd ref="4083" />
    <nd ref="4084" />
    <nd ref="4085" />
    <nd ref="4086" />
    <nd ref="4087" />
    <nd ref="4088" />
    <nd ref="4089" />
    <nd ref="4090" />
    <nd ref="4091" />
    <nd ref="4092" />
    <nd ref="4093" />
    <nd ref="4094" />
    <nd ref="4095" />
    <nd ref="4096" />
    <nd ref="4097" />
    <tag k="type" v="road_border" />
  </way>
  <way id="6019" version="1">
    <nd ref="3520" />
    <nd ref="4098" />
    <nd ref="4099" />
    <nd ref="4100" />
    <nd ref="4101" />
    <nd ref="4102" />
    <nd ref="4103" />
    <nd ref="4104" />
    <nd ref="4105" />
    <nd ref="4106" />
    <nd ref="4107" />
    <nd ref="4108" />
    <nd ref="4109" />
    <nd ref="4110" />
    <nd ref="4111" />
    <nd ref="4112" />
    <nd ref="4113" />
    <nd ref="4114" />
    <nd ref="4115" />
    <nd ref="4116" />
    <nd ref="4117" />
    <nd ref="4118" />
    <nd ref="4119" />
    <nd ref="4120" />
    <nd ref="4121" />
    <nd ref="4122" />
    <nd ref="4123" />
    <nd ref="4124" />
    <nd ref="4125" />
    <nd ref="4126" />
    <nd ref="4127" />
    <nd ref="4128" />
    <nd ref="4129" />
    <nd ref="4130" />
    <nd ref="4131" />
    <nd ref="4132" />
    <nd ref="4133" />
    <nd ref="4134" />
    <nd ref="4135" />
    <nd ref="4136" />
    <nd ref="4137" />
    <nd ref="4138" />
    <nd ref="4139" />
    <nd ref="4140" />
    <nd ref="4141" />
    <nd ref="4142" />
    <nd ref="4143" />
    <nd ref="4144" />
    <nd ref="4145" />
    <nd ref="4146" />
    <nd ref="4147" />
    <nd ref="4148" />
    <nd ref="4149" />
    <nd ref="4150" />
    <nd ref="4151" />
    <nd ref="3292" />
    <tag k="type" v="road_border" />
  </way>
  <way id="6021" version="1">
    <nd ref="4182" />
    <nd ref="4183" />
    <nd ref="4184" />
    <nd ref="4185" />
    <nd ref="4187" />
    <nd ref="4188" />
    <nd ref="4189" />
    <nd ref="4190" />
    <nd ref="4191" />
    <nd ref="4192" />
    <nd ref="4193" />
    <nd ref="4194" />
    <nd ref="4195" />
    <nd ref="4196" />
    <nd ref="4197" />
    <nd ref="2651" />
    <tag k="subtype" v="solid" />
    <tag k="type" v="road_border" />
  </way>
  <way id="6022" version="1">
    <nd ref="4264" />
    <nd ref="4265" />
    <nd ref="4266" />
    <nd ref="4267" />
    <nd ref="4268" />
    <nd ref="4269" />
    <nd ref="4270" />
    <nd ref="4271" />
    <nd ref="4272" />
    <tag k="subtype" v="dashed" />
    <tag k="type" v="line_thin" />
  </way>
  <way id="6023" version="1">
    <nd ref="4291" />
    <nd ref="4292" />
    <nd ref="4293" />
    <nd ref="4294" />
    <nd ref="4295" />
    <nd ref="4296" />
    <nd ref="4297" />
    <tag k="subtype" v="solid" />
    <tag k="type" v="road_border" />
  </way>
  <way id="6024" version="1">
    <nd ref="4352" />
    <nd ref="4353" />
    <nd ref="4354" />
    <nd ref="4355" />
    <nd ref="4356" />
    <nd ref="4357" />
    <nd ref="5841" />
    <nd ref="2960" />
    <tag k="type" v="virtual" />
  </way>
  <way id="6025" version="1">
    <nd ref="4399" />
    <nd ref="4400" />
    <nd ref="4401" />
    <nd ref="4402" />
    <nd ref="4403" />
    <nd ref="4404" />
    <nd ref="4405" />
    <nd ref="4406" />
    <nd ref="4407" />
    <nd ref="4408" />
    <nd ref="4409" />
    <nd ref="4410" />
    <tag k="subtype" v="solid" />
    <tag k="type" v="line_thin" />
  </way>
  <way id="6026" version="1">
    <nd ref="4461" />
    <nd ref="4463" />
    <nd ref="4464" />
    <nd ref="4465" />
    <nd ref="4466" />
    <nd ref="4467" />
    <nd ref="4468" />
    <nd ref="4469" />
    <nd ref="4470" />
    <nd ref="4471" />
    <nd ref="4472" />
    <nd ref="4473" />
    <nd ref="4474" />
    <nd ref="4475" />
    <nd ref="4476" />
    <nd ref="4427" />
    <tag k="subtype" v="solid" />
    <tag k="type" v="road_border" />
  </way>
  <way id="6027" version="1">
    <nd ref="4504" />
    <nd ref="4505" />
    <nd ref="4506" />
    <nd ref="4507" />
    <nd ref="4508" />
    <nd ref="4509" />
    <nd ref="4510" />
    <nd ref="4511" />
    <nd ref="4512" />
    <nd ref="4513" />
    <nd ref="4514" />
    <nd ref="4515" />
    <nd ref="4516" />
    <nd ref="4517" />
    <nd ref="4518" />
    <nd ref="5449" />
    <nd ref="4519" />
    <tag k="subtype" v="solid" />
    <tag k="type" v="road_border" />
  </way>
  <way id="6028" version="1">
    <nd ref="4504" />
    <nd ref="4537" />
    <nd ref="4538" />
    <nd ref="4539" />
    <nd ref="4540" />
    <nd ref="4541" />
    <tag k="subtype" v="solid" />
    <tag k="type" v="line_thin" />
  </way>
  <way id="6029" version="1">
    <nd ref="4604" />
    <nd ref="4606" />
    <nd ref="4607" />
    <nd ref="4608" />
    <nd ref="4609" />
    <nd ref="4610" />
    <nd ref="4611" />
    <nd ref="4612" />
    <nd ref="4613" />
    <nd ref="4614" />
    <nd ref="4615" />
    <nd ref="4616" />
    <nd ref="4617" />
    <nd ref="4618" />
    <nd ref="4619" />
    <nd ref="4554" />
    <tag k="subtype" v="solid" />
    <tag k="type" v="road_border" />
  </way>
  <way id="6030" version="1">
    <nd ref="4627" />
    <nd ref="4628" />
    <nd ref="4629" />
    <nd ref="4630" />
    <nd ref="4631" />
    <nd ref="4632" />
    <nd ref="4633" />
    <nd ref="4634" />
    <nd ref="4635" />
    <nd ref="4636" />
    <nd ref="4637" />
    <nd ref="4638" />
    <nd ref="4639" />
    <nd ref="4640" />
    <nd ref="4641" />
    <nd ref="4642" />
    <nd ref="4643" />
    <tag k="subtype" v="dashed" />
    <tag k="type" v="line_thin" />
  </way>
  <way id="6033" version="1">
    <nd ref="4667" />
    <nd ref="4669" />
    <nd ref="4670" />
    <nd ref="4671" />
    <nd ref="4420" />
    <tag k="subtype" v="solid" />
    <tag k="type" v="line_thin" />
  </way>
  <way id="6035" version="1">
    <nd ref="2210" />
    <nd ref="4710" />
    <nd ref="5945" />
    <nd ref="4711" />
    <nd ref="5942" />
    <nd ref="4712" />
    <nd ref="5943" />
    <nd ref="4713" />
    <nd ref="9295" />
    <nd ref="4714" />
    <nd ref="4715" />
    <nd ref="3584" />
    <tag k="type" v="virtual" />
  </way>
  <way id="6036" version="1">
    <nd ref="2246" />
    <nd ref="5946" />
    <nd ref="4716" />
    <nd ref="4717" />
    <nd ref="4718" />
    <nd ref="4719" />
    <nd ref="4720" />
    <nd ref="4721" />
    <nd ref="4722" />
    <nd ref="3795" />
    <tag k="type" v="virtual" />
  </way>
  <way id="6037" version="1">
    <nd ref="3576" />
    <nd ref="4725" />
    <nd ref="4726" />
    <nd ref="4727" />
    <nd ref="4728" />
    <nd ref="4729" />
    <nd ref="4730" />
    <nd ref="4731" />
    <nd ref="4732" />
    <nd ref="2216" />
    <tag k="type" v="virtual" />
  </way>
  <way id="6038" version="1">
    <nd ref="3790" />
    <nd ref="4744" />
    <nd ref="4745" />
    <nd ref="4746" />
    <nd ref="4747" />
    <nd ref="4748" />
    <nd ref="4749" />
    <nd ref="4750" />
    <nd ref="2210" />
    <tag k="type" v="virtual" />
  </way>
  <way id="6039" version="1">
    <nd ref="2340" />
    <nd ref="4810" />
    <nd ref="4811" />
    <nd ref="4812" />
    <nd ref="4813" />
    <nd ref="4814" />
    <nd ref="4815" />
    <nd ref="4450" />
    <tag k="type" v="virtual" />
  </way>
  <way id="6040" version="1">
    <nd ref="4803" />
    <nd ref="4816" />
    <nd ref="4817" />
    <nd ref="4818" />
    <nd ref="8407" />
    <nd ref="4259" />
    <tag k="type" v="virtual" />
  </way>
  <way id="6042" version="1">
    <nd ref="4852" />
    <nd ref="4853" />
    <nd ref="4854" />
    <nd ref="4855" />
    <nd ref="4856" />
    <nd ref="4857" />
    <nd ref="4858" />
    <nd ref="4859" />
    <nd ref="4860" />
    <nd ref="4861" />
    <nd ref="4862" />
    <nd ref="4863" />
    <nd ref="4864" />
    <nd ref="4865" />
    <nd ref="4866" />
    <nd ref="4867" />
    <nd ref="4868" />
    <nd ref="4869" />
    <nd ref="4870" />
    <nd ref="4871" />
    <nd ref="4872" />
    <nd ref="4873" />
    <nd ref="4874" />
    <nd ref="4875" />
    <nd ref="4876" />
    <nd ref="4877" />
    <tag k="type" v="road_border" />
  </way>
  <way id="6043" version="1">
    <nd ref="4835" />
    <nd ref="4926" />
    <nd ref="4927" />
    <nd ref="4928" />
    <nd ref="4929" />
    <nd ref="4930" />
    <nd ref="4931" />
    <nd ref="4932" />
    <nd ref="4933" />
    <nd ref="4934" />
    <nd ref="4935" />
    <nd ref="4936" />
    <nd ref="4937" />
    <nd ref="4938" />
    <nd ref="4939" />
    <nd ref="4940" />
    <nd ref="4941" />
    <nd ref="4849" />
    <tag k="type" v="road_border" />
  </way>
  <way id="6044" version="1">
    <nd ref="2290" />
    <nd ref="2291" />
    <tag k="subtype" v="solid" />
    <tag k="type" v="road_border" />
  </way>
  <way id="6045" version="1">
    <nd ref="4947" />
    <nd ref="4948" />
    <nd ref="4949" />
    <nd ref="4950" />
    <nd ref="4951" />
    <nd ref="4952" />
    <nd ref="9576" />
    <tag k="subtype" v="dashed" />
    <tag k="type" v="line_thin" />
  </way>
  <way id="6047" version="1">
    <nd ref="4962" />
    <nd ref="4969" />
    <nd ref="4970" />
    <nd ref="4971" />
    <nd ref="5692" />
    <nd ref="9574" />
    <nd ref="4973" />
    <nd ref="7368" />
    <tag k="type" v="virtual" />
  </way>
  <way id="6048" version="1">
    <nd ref="5014" />
    <nd ref="5015" />
    <nd ref="5016" />
    <nd ref="5017" />
    <nd ref="5018" />
    <nd ref="5019" />
    <nd ref="5020" />
    <nd ref="5021" />
    <nd ref="5022" />
    <nd ref="5023" />
    <nd ref="5024" />
    <nd ref="5025" />
    <nd ref="5026" />
    <nd ref="5027" />
    <nd ref="5028" />
    <nd ref="5029" />
    <nd ref="5030" />
    <nd ref="5031" />
    <nd ref="5032" />
    <nd ref="5033" />
    <nd ref="5034" />
    <nd ref="5035" />
    <nd ref="5036" />
    <nd ref="5037" />
    <nd ref="5038" />
    <nd ref="5039" />
    <nd ref="5040" />
    <nd ref="5041" />
    <nd ref="5042" />
    <nd ref="5043" />
    <nd ref="5044" />
    <nd ref="5045" />
    <nd ref="5046" />
    <nd ref="4979" />
    <nd ref="4980" />
    <nd ref="8887" />
    <nd ref="4981" />
    <nd ref="8885" />
    <nd ref="4982" />
    <nd ref="4983" />
    <nd ref="4985" />
    <nd ref="4988" />
    <nd ref="8806" />
    <nd ref="8594" />
    <tag k="type" v="road_border" />
  </way>
  <way id="6049" version="1">
    <nd ref="2756" />
    <nd ref="5047" />
    <nd ref="5048" />
    <nd ref="5049" />
    <nd ref="5050" />
    <tag k="subtype" v="solid" />
    <tag k="type" v="road_border" />
  </way>
  <way id="6050" version="1">
    <nd ref="5063" />
    <nd ref="9099" />
    <tag k="subtype" v="solid" />
    <tag k="type" v="line_thin" />
  </way>
  <way id="6052" version="1">
    <nd ref="5140" />
    <nd ref="8648" />
    <nd ref="5142" />
    <nd ref="8393" />
    <nd ref="5143" />
    <nd ref="5145" />
    <tag k="subtype" v="solid" />
    <tag k="type" v="line_thin" />
  </way>
  <way id="6053" version="1">
    <nd ref="5157" />
    <nd ref="5158" />
    <nd ref="5159" />
    <nd ref="5446" />
    <nd ref="5160" />
    <nd ref="5447" />
    <nd ref="5161" />
    <nd ref="5162" />
    <tag k="type" v="virtual" />
  </way>
  <way id="6054" version="1">
    <nd ref="7493" />
    <nd ref="5216" />
    <nd ref="5217" />
    <nd ref="5218" />
    <nd ref="5219" />
    <nd ref="5220" />
    <nd ref="5221" />
    <nd ref="5222" />
    <nd ref="5223" />
    <nd ref="7492" />
    <tag k="type" v="road_border" />
  </way>
  <way id="6055" version="1">
    <nd ref="3658" />
    <nd ref="9553" />
    <nd ref="9552" />
    <nd ref="5257" />
    <nd ref="5258" />
    <nd ref="5259" />
    <nd ref="5260" />
    <nd ref="5261" />
    <nd ref="5262" />
    <nd ref="5263" />
    <nd ref="5264" />
    <nd ref="5265" />
    <nd ref="5228" />
    <tag k="subtype" v="solid" />
    <tag k="type" v="line_thin" />
  </way>
  <way id="6056" version="1">
    <nd ref="5314" />
    <nd ref="5315" />
    <nd ref="9114" />
    <tag k="subtype" v="solid" />
    <tag k="type" v="line_thin" />
  </way>
  <way id="6057" version="1">
    <nd ref="4022" />
    <nd ref="5341" />
    <nd ref="5342" />
    <nd ref="5343" />
    <nd ref="5847" />
    <nd ref="5344" />
    <nd ref="5345" />
    <nd ref="5346" />
    <tag k="type" v="virtual" />
  </way>
  <way id="6058" version="1">
    <nd ref="4621" />
    <nd ref="5358" />
    <nd ref="5359" />
    <nd ref="5360" />
    <nd ref="5361" />
    <nd ref="4013" />
    <tag k="type" v="virtual" />
  </way>
  <way id="6059" version="1">
    <nd ref="5346" />
    <nd ref="5362" />
    <nd ref="5363" />
    <nd ref="5835" />
    <nd ref="5364" />
    <nd ref="5365" />
    <nd ref="4017" />
    <tag k="type" v="virtual" />
  </way>
  <way id="6060" version="1">
    <nd ref="5388" />
    <nd ref="5389" />
    <nd ref="5390" />
    <nd ref="5391" />
    <nd ref="5392" />
    <nd ref="5393" />
    <nd ref="4011" />
    <tag k="subtype" v="dashed" />
    <tag k="type" v="line_thin" />
  </way>
  <way id="6061" version="1">
    <nd ref="5370" />
    <nd ref="5394" />
    <nd ref="5395" />
    <nd ref="5396" />
    <nd ref="5397" />
    <nd ref="5398" />
    <nd ref="4262" />
    <tag k="type" v="virtual" />
  </way>
  <way id="6062" version="1">
    <nd ref="2346" />
    <nd ref="5401" />
    <nd ref="5402" />
    <nd ref="5403" />
    <nd ref="5404" />
    <nd ref="5405" />
    <nd ref="5406" />
    <nd ref="4495" />
    <tag k="type" v="virtual" />
  </way>
  <way id="6063" version="1">
    <nd ref="4560" />
    <nd ref="5407" />
    <nd ref="5408" />
    <nd ref="5409" />
    <nd ref="5410" />
    <nd ref="5411" />
    <nd ref="5412" />
    <nd ref="5413" />
    <nd ref="5414" />
    <nd ref="2343" />
    <tag k="type" v="virtual" />
  </way>
  <way id="6064" version="1">
    <nd ref="4315" />
    <nd ref="5416" />
    <nd ref="5417" />
    <nd ref="5418" />
    <nd ref="5430" />
    <nd ref="5419" />
    <nd ref="5420" />
    <nd ref="5421" />
    <nd ref="5422" />
    <nd ref="5423" />
    <nd ref="2356" />
    <tag k="type" v="virtual" />
  </way>
  <way id="6065" version="1">
    <nd ref="4306" />
    <nd ref="5426" />
    <nd ref="5427" />
    <nd ref="5428" />
    <nd ref="5429" />
    <nd ref="5430" />
    <nd ref="5431" />
    <nd ref="5432" />
    <nd ref="5433" />
    <nd ref="5434" />
    <nd ref="5435" />
    <nd ref="5436" />
    <nd ref="4582" />
    <tag k="subtype" v="dashed" />
    <tag k="type" v="line_thin" />
  </way>
  <way id="6066" version="1">
    <nd ref="4565" />
    <nd ref="5437" />
    <nd ref="5438" />
    <nd ref="5439" />
    <nd ref="5440" />
    <nd ref="5441" />
    <nd ref="5442" />
    <nd ref="5443" />
    <nd ref="5444" />
    <nd ref="4489" />
    <tag k="subtype" v="dashed" />
    <tag k="type" v="line_thin" />
  </way>
  <way id="6069" version="1">
    <nd ref="4519" />
    <nd ref="5450" />
    <nd ref="4520" />
    <nd ref="4521" />
    <nd ref="4522" />
    <nd ref="4523" />
    <nd ref="4524" />
    <nd ref="4525" />
    <nd ref="4526" />
    <nd ref="4527" />
    <nd ref="4528" />
    <nd ref="4529" />
    <nd ref="4530" />
    <nd ref="4531" />
    <nd ref="4532" />
    <tag k="subtype" v="solid" />
    <tag k="type" v="road_border" />
  </way>
  <way id="6075" version="1">
    <nd ref="5388" />
    <nd ref="5488" />
    <nd ref="5850" />
    <nd ref="5489" />
    <nd ref="5490" />
    <nd ref="5491" />
    <nd ref="4007" />
    <tag k="type" v="virtual" />
  </way>
  <way id="6076" version="1">
    <nd ref="5495" />
    <nd ref="5496" />
    <nd ref="5498" />
    <nd ref="5499" />
    <nd ref="5501" />
    <nd ref="5503" />
    <nd ref="5504" />
    <tag k="subtype" v="solid" />
    <tag k="type" v="line_thick" />
  </way>
  <way id="6077" version="1">
    <nd ref="5522" />
    <nd ref="5531" />
    <nd ref="5532" />
    <nd ref="5533" />
    <nd ref="5534" />
    <nd ref="5535" />
    <nd ref="5536" />
    <tag k="type" v="virtual" />
  </way>
  <way id="6078" version="1">
    <nd ref="3623" />
    <nd ref="5782" />
    <nd ref="5537" />
    <nd ref="5538" />
    <nd ref="5539" />
    <nd ref="5775" />
    <nd ref="5540" />
    <nd ref="5541" />
    <nd ref="5542" />
    <nd ref="5556" />
    <nd ref="3265" />
    <tag k="type" v="virtual" />
  </way>
  <way id="6079" version="1">
    <nd ref="5504" />
    <nd ref="5544" />
    <nd ref="5545" />
    <nd ref="9575" />
    <nd ref="5546" />
    <nd ref="5547" />
    <nd ref="5548" />
    <nd ref="5549" />
    <nd ref="5550" />
    <nd ref="5551" />
    <tag k="type" v="virtual" />
  </way>
  <way id="6080" version="1">
    <nd ref="3257" />
    <nd ref="5495" />
    <tag k="subtype" v="dashed" />
    <tag k="type" v="line_thin" />
  </way>
  <way id="6081" version="1">
    <nd ref="5563" />
    <nd ref="5673" />
    <nd ref="5564" />
    <nd ref="5565" />
    <nd ref="5675" />
    <nd ref="5566" />
    <tag k="type" v="virtual" />
  </way>
  <way id="6082" version="1">
    <nd ref="5190" />
    <nd ref="5747" />
    <nd ref="5568" />
    <nd ref="5569" />
    <nd ref="5570" />
    <nd ref="5571" />
    <nd ref="5572" />
    <nd ref="5573" />
    <nd ref="8691" />
    <nd ref="5294" />
    <tag k="type" v="virtual" />
  </way>
  <way id="6083" version="1">
    <nd ref="5576" />
    <nd ref="5577" />
    <nd ref="5578" />
    <nd ref="5579" />
    <nd ref="5580" />
    <nd ref="5581" />
    <nd ref="5582" />
    <nd ref="5583" />
    <nd ref="5584" />
    <nd ref="5585" />
    <nd ref="5586" />
    <tag k="lane_change" v="no" />
    <tag k="subtype" v="dashed" />
    <tag k="type" v="line_thin" />
  </way>
  <way id="6084" version="1">
    <nd ref="5077" />
    <nd ref="5587" />
    <nd ref="5588" />
    <nd ref="5589" />
    <nd ref="5898" />
    <tag k="subtype" v="dashed" />
    <tag k="type" v="line_thin" />
  </way>
  <way id="6085" version="1">
    <nd ref="5178" />
    <nd ref="5596" />
    <nd ref="5597" />
    <nd ref="5598" />
    <nd ref="5889" />
    <nd ref="5599" />
    <nd ref="5600" />
    <nd ref="5601" />
    <nd ref="5309" />
    <tag k="type" v="virtual" />
  </way>
  <way id="6086" version="1">
    <nd ref="7258" />
    <nd ref="5619" />
    <nd ref="5621" />
    <tag k="subtype" v="solid" />
    <tag k="type" v="line_thin" />
  </way>
  <way id="6089" version="1">
    <nd ref="5186" />
    <nd ref="9646" />
    <nd ref="5769" />
    <nd ref="5656" />
    <nd ref="5657" />
    <nd ref="5658" />
    <nd ref="7690" />
    <nd ref="5659" />
    <nd ref="5660" />
    <tag k="type" v="virtual" />
  </way>
  <way id="6090" version="1">
    <nd ref="5185" />
    <nd ref="9644" />
    <nd ref="7701" />
    <nd ref="7215" />
    <nd ref="5662" />
    <nd ref="7218" />
    <nd ref="5770" />
    <nd ref="7221" />
    <nd ref="5663" />
    <nd ref="5664" />
    <nd ref="3236" />
    <tag k="type" v="virtual" />
  </way>
  <way id="6091" version="1">
    <nd ref="655" />
    <nd ref="656" />
    <nd ref="657" />
    <nd ref="658" />
    <tag k="subtype" v="dashed" />
    <tag k="type" v="line_thin" />
  </way>
  <way id="6092" version="1">
    <nd ref="324" />
    <nd ref="325" />
    <nd ref="326" />
    <nd ref="327" />
    <tag k="subtype" v="dashed" />
    <tag k="type" v="line_thin" />
  </way>
  <way id="6093" version="1">
    <nd ref="992" />
    <nd ref="991" />
    <nd ref="990" />
    <nd ref="989" />
    <nd ref="988" />
    <nd ref="987" />
    <tag k="subtype" v="dashed" />
    <tag k="type" v="line_thin" />
  </way>
  <way id="6094" version="1">
    <nd ref="5666" />
    <nd ref="95" />
    <nd ref="96" />
    <nd ref="97" />
    <nd ref="98" />
    <nd ref="99" />
    <tag k="subtype" v="solid" />
    <tag k="type" v="line_thin" />
  </way>
  <way id="6095" version="1">
    <nd ref="1502" />
    <nd ref="1503" />
    <nd ref="1504" />
    <nd ref="1505" />
    <nd ref="1506" />
    <nd ref="1507" />
    <nd ref="1508" />
    <nd ref="5667" />
    <nd ref="992" />
    <tag k="type" v="guard_rail" />
  </way>
  <way id="6096" version="1">
    <nd ref="980" />
    <nd ref="979" />
    <nd ref="978" />
    <nd ref="977" />
    <nd ref="976" />
    <nd ref="975" />
    <nd ref="974" />
    <tag k="subtype" v="solid" />
    <tag k="type" v="line_thin" />
  </way>
  <way id="6097" version="1">
    <nd ref="1269" />
    <nd ref="1268" />
    <nd ref="1267" />
    <nd ref="1266" />
    <nd ref="1265" />
    <nd ref="1264" />
    <nd ref="1263" />
    <nd ref="1262" />
    <tag k="type" v="guard_rail" />
  </way>
  <way id="6098" version="1">
    <nd ref="5665" />
    <nd ref="1495" />
    <nd ref="1496" />
    <nd ref="1497" />
    <nd ref="1498" />
    <tag k="type" v="guard_rail" />
  </way>
  <way id="6099" version="1">
    <nd ref="984" />
    <nd ref="983" />
    <nd ref="982" />
    <nd ref="981" />
    <nd ref="980" />
    <tag k="subtype" v="dashed" />
    <tag k="type" v="line_thin" />
  </way>
  <way id="6100" version="1">
    <nd ref="1498" />
    <nd ref="1499" />
    <nd ref="1500" />
    <nd ref="1501" />
    <nd ref="1502" />
    <tag k="type" v="guard_rail" />
  </way>
  <way id="6101" version="1">
    <nd ref="653" />
    <nd ref="654" />
    <nd ref="655" />
    <tag k="subtype" v="dashed" />
    <tag k="type" v="line_thin" />
  </way>
  <way id="6102" version="1">
    <nd ref="322" />
    <nd ref="323" />
    <nd ref="324" />
    <tag k="subtype" v="dashed" />
    <tag k="type" v="line_thin" />
  </way>
  <way id="6103" version="1">
    <nd ref="89" />
    <nd ref="90" />
    <nd ref="91" />
    <tag k="subtype" v="solid" />
    <tag k="type" v="line_thin" />
  </way>
  <way id="6104" version="1">
    <nd ref="987" />
    <nd ref="986" />
    <nd ref="985" />
    <nd ref="984" />
    <tag k="subtype" v="dashed" />
    <tag k="type" v="line_thin" />
  </way>
  <way id="6105" version="1">
    <nd ref="658" />
    <nd ref="659" />
    <nd ref="660" />
    <tag k="subtype" v="dashed" />
    <tag k="type" v="line_thin" />
  </way>
  <way id="6106" version="1">
    <nd ref="327" />
    <nd ref="328" />
    <nd ref="329" />
    <nd ref="330" />
    <tag k="subtype" v="dashed" />
    <tag k="type" v="line_thin" />
  </way>
  <way id="6107" version="1">
    <nd ref="91" />
    <nd ref="92" />
    <nd ref="93" />
    <nd ref="94" />
    <nd ref="5666" />
    <tag k="subtype" v="solid" />
    <tag k="type" v="line_thin" />
  </way>
  <way id="6108" version="1">
    <nd ref="330" />
    <nd ref="331" />
    <nd ref="1330" />
    <tag k="subtype" v="dashed" />
    <tag k="type" v="line_thin" />
  </way>
  <way id="6109" version="1">
    <nd ref="1327" />
    <nd ref="1328" />
    <nd ref="1329" />
    <nd ref="1330" />
    <tag k="type" v="virtual" />
  </way>
  <way id="6110" version="1">
    <nd ref="1403" />
    <nd ref="1404" />
    <nd ref="1405" />
    <nd ref="1406" />
    <nd ref="1407" />
    <nd ref="1408" />
    <nd ref="1409" />
    <nd ref="1410" />
    <tag k="subtype" v="solid" />
    <tag k="type" v="line_thin" />
  </way>
  <way id="6111" version="1">
    <nd ref="99" />
    <nd ref="1328" />
    <nd ref="100" />
    <nd ref="101" />
    <nd ref="102" />
    <nd ref="1410" />
    <tag k="subtype" v="dashed" />
    <tag k="type" v="line_thin" />
  </way>
  <way id="6112" version="1">
    <nd ref="660" />
    <nd ref="661" />
    <nd ref="662" />
    <nd ref="663" />
    <tag k="subtype" v="dashed" />
    <tag k="type" v="line_thin" />
  </way>
  <way id="6113" version="1">
    <nd ref="5668" />
    <nd ref="995" />
    <nd ref="994" />
    <nd ref="993" />
    <nd ref="992" />
    <tag k="type" v="guard_rail" />
  </way>
  <way id="6114" version="1">
    <nd ref="1484" />
    <nd ref="1485" />
    <nd ref="1486" />
    <nd ref="1487" />
    <nd ref="1488" />
    <nd ref="1489" />
    <nd ref="1490" />
    <nd ref="1491" />
    <nd ref="1492" />
    <nd ref="1493" />
    <nd ref="1494" />
    <nd ref="5665" />
    <tag k="type" v="guard_rail" />
  </way>
  <way id="6115" version="1">
    <nd ref="647" />
    <nd ref="648" />
    <nd ref="649" />
    <nd ref="650" />
    <nd ref="651" />
    <nd ref="652" />
    <nd ref="653" />
    <tag k="subtype" v="dashed" />
    <tag k="type" v="line_thin" />
  </way>
  <way id="6116" version="1">
    <nd ref="316" />
    <nd ref="317" />
    <nd ref="318" />
    <nd ref="319" />
    <nd ref="320" />
    <nd ref="321" />
    <nd ref="322" />
    <tag k="subtype" v="dashed" />
    <tag k="type" v="line_thin" />
  </way>
  <way id="6117" version="1">
    <nd ref="84" />
    <nd ref="85" />
    <nd ref="86" />
    <nd ref="87" />
    <nd ref="88" />
    <nd ref="89" />
    <tag k="subtype" v="solid" />
    <tag k="type" v="line_thin" />
  </way>
  <way id="6118" version="1">
    <nd ref="974" />
    <nd ref="5708" />
    <nd ref="973" />
    <tag k="subtype" v="solid" />
    <tag k="type" v="line_thin" />
  </way>
  <way id="6119" version="1">
    <nd ref="645" />
    <nd ref="646" />
    <nd ref="647" />
    <tag k="subtype" v="dashed" />
    <tag k="type" v="line_thin" />
  </way>
  <way id="6120" version="1">
    <nd ref="314" />
    <nd ref="315" />
    <nd ref="316" />
    <tag k="subtype" v="dashed" />
    <tag k="type" v="line_thin" />
  </way>
  <way id="6121" version="1">
    <nd ref="82" />
    <nd ref="83" />
    <nd ref="84" />
    <tag k="subtype" v="solid" />
    <tag k="type" v="line_thin" />
  </way>
  <way id="6122" version="1">
    <nd ref="21" />
    <nd ref="1479" />
    <nd ref="1480" />
    <nd ref="5709" />
    <nd ref="1481" />
    <nd ref="1482" />
    <nd ref="5737" />
    <nd ref="1483" />
    <nd ref="1484" />
    <tag k="subtype" v="dashed" />
    <tag k="type" v="line_thin" />
  </way>
  <way id="6123" version="1">
    <nd ref="973" />
    <nd ref="972" />
    <nd ref="971" />
    <nd ref="970" />
    <nd ref="969" />
    <nd ref="968" />
    <nd ref="35" />
    <nd ref="34" />
    <nd ref="33" />
    <tag k="subtype" v="dashed" />
    <tag k="type" v="line_thin" />
  </way>
  <way id="6124" version="1">
    <nd ref="4" />
    <nd ref="5" />
    <nd ref="6" />
    <nd ref="7" />
    <nd ref="8" />
    <tag k="type" v="guard_rail" />
  </way>
  <way id="6125" version="1">
    <nd ref="47" />
    <nd ref="48" />
    <nd ref="49" />
    <nd ref="640" />
    <nd ref="641" />
    <nd ref="642" />
    <nd ref="643" />
    <nd ref="644" />
    <nd ref="645" />
    <tag k="subtype" v="dashed" />
    <tag k="type" v="line_thin" />
  </way>
  <way id="6126" version="1">
    <nd ref="60" />
    <nd ref="308" />
    <nd ref="309" />
    <nd ref="310" />
    <nd ref="311" />
    <nd ref="312" />
    <nd ref="313" />
    <nd ref="314" />
    <tag k="subtype" v="dashed" />
    <tag k="type" v="line_thin" />
  </way>
  <way id="6127" version="1">
    <nd ref="73" />
    <nd ref="74" />
    <nd ref="75" />
    <nd ref="76" />
    <nd ref="77" />
    <nd ref="78" />
    <nd ref="79" />
    <nd ref="80" />
    <nd ref="81" />
    <nd ref="82" />
    <tag k="subtype" v="solid" />
    <tag k="type" v="line_thin" />
  </way>
  <way id="6128" version="1">
    <nd ref="1004" />
    <nd ref="1003" />
    <nd ref="1002" />
    <nd ref="1001" />
    <nd ref="1000" />
    <nd ref="999" />
    <nd ref="998" />
    <nd ref="997" />
    <nd ref="996" />
    <nd ref="5668" />
    <tag k="type" v="guard_rail" />
  </way>
  <way id="6129" version="1">
    <nd ref="663" />
    <nd ref="664" />
    <nd ref="665" />
    <nd ref="666" />
    <nd ref="667" />
    <nd ref="668" />
    <nd ref="669" />
    <nd ref="670" />
    <nd ref="671" />
    <nd ref="672" />
    <nd ref="673" />
    <nd ref="674" />
    <nd ref="675" />
    <nd ref="676" />
    <tag k="subtype" v="solid" />
    <tag k="type" v="line_thin" />
  </way>
  <way id="6130" version="1">
    <nd ref="1330" />
    <nd ref="332" />
    <nd ref="333" />
    <nd ref="334" />
    <nd ref="335" />
    <nd ref="336" />
    <nd ref="337" />
    <nd ref="338" />
    <nd ref="339" />
    <nd ref="340" />
    <nd ref="341" />
    <nd ref="342" />
    <nd ref="343" />
    <nd ref="344" />
    <nd ref="345" />
    <nd ref="346" />
    <nd ref="347" />
    <nd ref="348" />
    <tag k="subtype" v="solid" />
    <tag k="type" v="line_thin" />
  </way>
  <way id="6131" version="1">
    <nd ref="1410" />
    <nd ref="103" />
    <nd ref="104" />
    <nd ref="105" />
    <nd ref="106" />
    <nd ref="107" />
    <nd ref="108" />
    <nd ref="109" />
    <tag k="subtype" v="solid" />
    <tag k="type" v="line_thin" />
  </way>
  <way id="6132" version="1">
    <nd ref="1065" />
    <nd ref="1064" />
    <nd ref="1063" />
    <nd ref="1062" />
    <nd ref="1061" />
    <nd ref="1060" />
    <nd ref="1059" />
    <nd ref="1058" />
    <nd ref="1057" />
    <nd ref="1056" />
    <nd ref="1055" />
    <nd ref="1054" />
    <nd ref="1053" />
    <nd ref="1052" />
    <nd ref="1051" />
    <nd ref="1050" />
    <nd ref="1049" />
    <nd ref="1048" />
    <nd ref="1047" />
    <nd ref="1046" />
    <nd ref="1045" />
    <nd ref="1044" />
    <nd ref="1043" />
    <nd ref="1042" />
    <nd ref="1041" />
    <nd ref="1040" />
    <nd ref="1039" />
    <nd ref="1038" />
    <nd ref="1037" />
    <nd ref="1036" />
    <nd ref="1035" />
    <tag k="type" v="guard_rail" />
  </way>
  <way id="6133" version="1">
    <nd ref="709" />
    <nd ref="710" />
    <nd ref="711" />
    <nd ref="712" />
    <nd ref="713" />
    <nd ref="714" />
    <nd ref="715" />
    <nd ref="716" />
    <nd ref="717" />
    <nd ref="718" />
    <nd ref="719" />
    <nd ref="720" />
    <nd ref="721" />
    <nd ref="722" />
    <nd ref="723" />
    <nd ref="724" />
    <nd ref="725" />
    <nd ref="726" />
    <nd ref="727" />
    <nd ref="728" />
    <nd ref="729" />
    <nd ref="730" />
    <nd ref="731" />
    <nd ref="732" />
    <nd ref="733" />
    <nd ref="734" />
    <nd ref="735" />
    <nd ref="736" />
    <tag k="subtype" v="solid" />
    <tag k="type" v="line_thin" />
  </way>
  <way id="6134" version="1">
    <nd ref="384" />
    <nd ref="385" />
    <nd ref="386" />
    <nd ref="387" />
    <nd ref="388" />
    <nd ref="389" />
    <nd ref="390" />
    <nd ref="391" />
    <nd ref="392" />
    <nd ref="393" />
    <nd ref="394" />
    <nd ref="395" />
    <nd ref="396" />
    <nd ref="397" />
    <nd ref="398" />
    <nd ref="399" />
    <nd ref="400" />
    <nd ref="401" />
    <nd ref="402" />
    <nd ref="403" />
    <nd ref="404" />
    <nd ref="405" />
    <nd ref="406" />
    <nd ref="407" />
    <nd ref="408" />
    <nd ref="409" />
    <nd ref="410" />
    <tag k="subtype" v="solid" />
    <tag k="type" v="line_thin" />
  </way>
  <way id="6135" version="1">
    <nd ref="141" />
    <nd ref="142" />
    <nd ref="143" />
    <nd ref="144" />
    <nd ref="145" />
    <nd ref="146" />
    <nd ref="147" />
    <nd ref="148" />
    <nd ref="149" />
    <nd ref="150" />
    <nd ref="151" />
    <nd ref="152" />
    <nd ref="153" />
    <nd ref="154" />
    <nd ref="155" />
    <nd ref="156" />
    <tag k="subtype" v="solid" />
    <tag k="type" v="line_thin" />
  </way>
  <way id="6136" version="1">
    <nd ref="1641" />
    <nd ref="1642" />
    <nd ref="1643" />
    <nd ref="1644" />
    <nd ref="1645" />
    <nd ref="157" />
    <tag k="subtype" v="solid" />
    <tag k="type" v="line_thin" />
  </way>
  <way id="6137" version="1">
    <nd ref="1097" />
    <nd ref="1096" />
    <nd ref="1095" />
    <nd ref="1094" />
    <tag k="type" v="guard_rail" />
  </way>
  <way id="6138" version="1">
    <nd ref="762" />
    <nd ref="763" />
    <nd ref="764" />
    <nd ref="765" />
    <tag k="subtype" v="solid" />
    <tag k="type" v="line_thin" />
  </way>
  <way id="6139" version="1">
    <nd ref="436" />
    <nd ref="437" />
    <nd ref="438" />
    <nd ref="439" />
    <tag k="subtype" v="solid" />
    <tag k="type" v="line_thin" />
  </way>
  <way id="6140" version="1">
    <nd ref="156" />
    <nd ref="157" />
    <tag k="subtype" v="solid" />
    <tag k="type" v="line_thin" />
  </way>
  <way id="6141" version="1">
    <nd ref="439" />
    <nd ref="440" />
    <nd ref="441" />
    <nd ref="442" />
    <nd ref="443" />
    <nd ref="444" />
    <tag k="subtype" v="solid" />
    <tag k="type" v="line_thin" />
  </way>
  <way id="6142" version="1">
    <nd ref="765" />
    <nd ref="766" />
    <nd ref="767" />
    <nd ref="768" />
    <nd ref="769" />
    <nd ref="770" />
    <nd ref="771" />
    <tag k="subtype" v="solid" />
    <tag k="type" v="line_thin" />
  </way>
  <way id="6143" version="1">
    <nd ref="1105" />
    <nd ref="1104" />
    <nd ref="1103" />
    <nd ref="1102" />
    <nd ref="1101" />
    <nd ref="1100" />
    <nd ref="1099" />
    <nd ref="1098" />
    <nd ref="1097" />
    <tag k="type" v="guard_rail" />
  </way>
  <way id="6144" version="1">
    <nd ref="157" />
    <nd ref="158" />
    <nd ref="159" />
    <nd ref="160" />
    <nd ref="161" />
    <nd ref="162" />
    <tag k="subtype" v="dashed" />
    <tag k="type" v="line_thin" />
  </way>
  <way id="6145" version="1">
    <nd ref="1123" />
    <nd ref="1122" />
    <nd ref="1121" />
    <nd ref="1120" />
    <nd ref="1119" />
    <nd ref="1118" />
    <nd ref="1117" />
    <nd ref="1116" />
    <nd ref="1115" />
    <nd ref="1114" />
    <nd ref="1113" />
    <nd ref="1112" />
    <nd ref="1111" />
    <nd ref="1110" />
    <nd ref="1109" />
    <nd ref="1108" />
    <nd ref="1107" />
    <nd ref="1106" />
    <nd ref="1105" />
    <tag k="type" v="guard_rail" />
  </way>
  <way id="6146" version="1">
    <nd ref="771" />
    <nd ref="772" />
    <nd ref="773" />
    <nd ref="774" />
    <nd ref="775" />
    <nd ref="776" />
    <nd ref="777" />
    <nd ref="778" />
    <nd ref="779" />
    <nd ref="780" />
    <nd ref="781" />
    <nd ref="782" />
    <nd ref="783" />
    <nd ref="784" />
    <nd ref="785" />
    <nd ref="786" />
    <nd ref="787" />
    <tag k="subtype" v="solid" />
    <tag k="type" v="line_thin" />
  </way>
  <way id="6147" version="1">
    <nd ref="444" />
    <nd ref="445" />
    <nd ref="446" />
    <nd ref="447" />
    <nd ref="448" />
    <nd ref="449" />
    <nd ref="450" />
    <nd ref="451" />
    <nd ref="452" />
    <nd ref="453" />
    <nd ref="454" />
    <nd ref="455" />
    <nd ref="456" />
    <nd ref="457" />
    <nd ref="458" />
    <tag k="subtype" v="solid" />
    <tag k="type" v="line_thin" />
  </way>
  <way id="6148" version="1">
    <nd ref="162" />
    <nd ref="163" />
    <nd ref="164" />
    <nd ref="165" />
    <nd ref="166" />
    <nd ref="167" />
    <nd ref="168" />
    <nd ref="169" />
    <nd ref="170" />
    <nd ref="171" />
    <nd ref="172" />
    <nd ref="173" />
    <tag k="subtype" v="dashed" />
    <tag k="type" v="line_thin" />
  </way>
  <way id="6149" version="1">
    <nd ref="1629" />
    <nd ref="1630" />
    <nd ref="1631" />
    <nd ref="1632" />
    <nd ref="1633" />
    <nd ref="1634" />
    <nd ref="1635" />
    <nd ref="1636" />
    <nd ref="1637" />
    <nd ref="1638" />
    <nd ref="1639" />
    <nd ref="1640" />
    <nd ref="1641" />
    <tag k="subtype" v="solid" />
    <tag k="type" v="line_thin" />
  </way>
  <way id="6150" version="1">
    <nd ref="177" />
    <nd ref="178" />
    <nd ref="179" />
    <nd ref="180" />
    <nd ref="181" />
    <nd ref="182" />
    <nd ref="183" />
    <nd ref="184" />
    <nd ref="185" />
    <nd ref="186" />
    <nd ref="187" />
    <nd ref="188" />
    <nd ref="189" />
    <tag k="subtype" v="solid" />
    <tag k="type" v="line_thin" />
  </way>
  <way id="6151" version="1">
    <nd ref="463" />
    <nd ref="464" />
    <nd ref="465" />
    <nd ref="466" />
    <nd ref="467" />
    <nd ref="468" />
    <nd ref="469" />
    <nd ref="470" />
    <nd ref="471" />
    <nd ref="472" />
    <nd ref="473" />
    <nd ref="474" />
    <nd ref="475" />
    <nd ref="476" />
    <nd ref="477" />
    <nd ref="478" />
    <nd ref="479" />
    <nd ref="480" />
    <tag k="subtype" v="solid" />
    <tag k="type" v="line_thin" />
  </way>
  <way id="6152" version="1">
    <nd ref="819" />
    <nd ref="820" />
    <nd ref="821" />
    <nd ref="822" />
    <nd ref="823" />
    <nd ref="824" />
    <nd ref="825" />
    <nd ref="826" />
    <nd ref="827" />
    <nd ref="828" />
    <nd ref="829" />
    <nd ref="830" />
    <nd ref="831" />
    <nd ref="832" />
    <nd ref="833" />
    <nd ref="834" />
    <nd ref="835" />
    <tag k="subtype" v="solid" />
    <tag k="type" v="line_thin" />
  </way>
  <way id="6153" version="1">
    <nd ref="1171" />
    <nd ref="1170" />
    <nd ref="1169" />
    <nd ref="1168" />
    <nd ref="1167" />
    <nd ref="1166" />
    <nd ref="1165" />
    <nd ref="1164" />
    <nd ref="1163" />
    <nd ref="1162" />
    <nd ref="1161" />
    <nd ref="1160" />
    <nd ref="1159" />
    <nd ref="1158" />
    <tag k="type" v="guard_rail" />
  </way>
  <way id="6154" version="1">
    <nd ref="109" />
    <nd ref="110" />
    <nd ref="111" />
    <nd ref="112" />
    <nd ref="113" />
    <nd ref="114" />
    <nd ref="115" />
    <nd ref="116" />
    <nd ref="117" />
    <nd ref="118" />
    <nd ref="119" />
    <nd ref="120" />
    <nd ref="121" />
    <nd ref="122" />
    <tag k="subtype" v="solid" />
    <tag k="type" v="line_thin" />
  </way>
  <way id="6155" version="1">
    <nd ref="348" />
    <nd ref="349" />
    <nd ref="350" />
    <nd ref="351" />
    <nd ref="352" />
    <nd ref="353" />
    <nd ref="354" />
    <nd ref="355" />
    <nd ref="356" />
    <nd ref="357" />
    <nd ref="358" />
    <nd ref="359" />
    <nd ref="360" />
    <nd ref="361" />
    <nd ref="362" />
    <nd ref="363" />
    <nd ref="364" />
    <nd ref="365" />
    <nd ref="366" />
    <nd ref="367" />
    <nd ref="368" />
    <nd ref="369" />
    <nd ref="370" />
    <nd ref="371" />
    <nd ref="372" />
    <nd ref="373" />
    <nd ref="374" />
    <nd ref="375" />
    <tag k="subtype" v="solid" />
    <tag k="type" v="line_thin" />
  </way>
  <way id="6156" version="1">
    <nd ref="676" />
    <nd ref="677" />
    <nd ref="678" />
    <nd ref="679" />
    <nd ref="680" />
    <nd ref="681" />
    <nd ref="682" />
    <nd ref="683" />
    <nd ref="684" />
    <nd ref="685" />
    <nd ref="686" />
    <nd ref="687" />
    <nd ref="688" />
    <nd ref="689" />
    <nd ref="690" />
    <nd ref="691" />
    <nd ref="692" />
    <nd ref="693" />
    <nd ref="694" />
    <nd ref="695" />
    <nd ref="696" />
    <nd ref="697" />
    <nd ref="698" />
    <nd ref="699" />
    <nd ref="700" />
    <tag k="subtype" v="solid" />
    <tag k="type" v="line_thin" />
  </way>
  <way id="6157" version="1">
    <nd ref="1025" />
    <nd ref="1024" />
    <nd ref="1023" />
    <nd ref="1022" />
    <nd ref="1021" />
    <nd ref="1020" />
    <nd ref="1019" />
    <nd ref="1018" />
    <nd ref="1017" />
    <nd ref="1016" />
    <nd ref="1015" />
    <nd ref="1014" />
    <nd ref="1013" />
    <nd ref="1012" />
    <nd ref="1011" />
    <nd ref="1010" />
    <nd ref="1009" />
    <nd ref="1008" />
    <nd ref="1007" />
    <nd ref="1006" />
    <nd ref="1005" />
    <nd ref="1004" />
    <tag k="type" v="guard_rail" />
  </way>
  <way id="6158" version="1">
    <nd ref="128" />
    <nd ref="129" />
    <nd ref="130" />
    <nd ref="131" />
    <nd ref="132" />
    <nd ref="133" />
    <nd ref="134" />
    <nd ref="135" />
    <nd ref="136" />
    <nd ref="137" />
    <nd ref="138" />
    <nd ref="139" />
    <nd ref="140" />
    <nd ref="141" />
    <tag k="subtype" v="solid" />
    <tag k="type" v="line_thin" />
  </way>
  <way id="6159" version="1">
    <nd ref="410" />
    <nd ref="411" />
    <nd ref="412" />
    <nd ref="413" />
    <nd ref="414" />
    <nd ref="415" />
    <nd ref="416" />
    <nd ref="417" />
    <nd ref="418" />
    <nd ref="419" />
    <nd ref="420" />
    <nd ref="421" />
    <nd ref="422" />
    <nd ref="423" />
    <nd ref="424" />
    <nd ref="425" />
    <nd ref="426" />
    <nd ref="427" />
    <nd ref="428" />
    <nd ref="429" />
    <nd ref="430" />
    <nd ref="431" />
    <nd ref="432" />
    <nd ref="433" />
    <nd ref="434" />
    <nd ref="435" />
    <nd ref="436" />
    <tag k="subtype" v="solid" />
    <tag k="type" v="line_thin" />
  </way>
  <way id="6160" version="1">
    <nd ref="736" />
    <nd ref="737" />
    <nd ref="738" />
    <nd ref="739" />
    <nd ref="740" />
    <nd ref="741" />
    <nd ref="742" />
    <nd ref="743" />
    <nd ref="744" />
    <nd ref="745" />
    <nd ref="746" />
    <nd ref="747" />
    <nd ref="748" />
    <nd ref="749" />
    <nd ref="750" />
    <nd ref="751" />
    <nd ref="752" />
    <nd ref="753" />
    <nd ref="754" />
    <nd ref="755" />
    <nd ref="756" />
    <nd ref="757" />
    <nd ref="758" />
    <nd ref="759" />
    <nd ref="760" />
    <nd ref="761" />
    <nd ref="762" />
    <tag k="subtype" v="solid" />
    <tag k="type" v="line_thin" />
  </way>
  <way id="6161" version="1">
    <nd ref="1094" />
    <nd ref="1093" />
    <nd ref="1092" />
    <nd ref="1091" />
    <nd ref="1090" />
    <nd ref="1089" />
    <nd ref="1088" />
    <nd ref="1087" />
    <nd ref="1086" />
    <nd ref="1085" />
    <nd ref="1084" />
    <nd ref="1083" />
    <nd ref="1082" />
    <nd ref="1081" />
    <nd ref="1080" />
    <nd ref="1079" />
    <nd ref="1078" />
    <nd ref="1077" />
    <nd ref="1076" />
    <nd ref="1075" />
    <nd ref="1074" />
    <nd ref="1073" />
    <nd ref="1072" />
    <nd ref="1071" />
    <nd ref="1070" />
    <nd ref="1069" />
    <nd ref="1068" />
    <nd ref="1067" />
    <nd ref="1066" />
    <nd ref="1065" />
    <tag k="type" v="guard_rail" />
  </way>
  <way id="6162" version="1">
    <nd ref="195" />
    <nd ref="196" />
    <nd ref="197" />
    <nd ref="198" />
    <nd ref="199" />
    <nd ref="200" />
    <nd ref="201" />
    <nd ref="202" />
    <tag k="subtype" v="solid" />
    <tag k="type" v="line_thin" />
  </way>
  <way id="6163" version="1">
    <nd ref="488" />
    <nd ref="489" />
    <nd ref="490" />
    <nd ref="491" />
    <nd ref="492" />
    <nd ref="493" />
    <nd ref="494" />
    <nd ref="495" />
    <nd ref="496" />
    <nd ref="497" />
    <nd ref="498" />
    <nd ref="499" />
    <tag k="subtype" v="solid" />
    <tag k="type" v="line_thin" />
  </way>
  <way id="6164" version="1">
    <nd ref="792" />
    <nd ref="793" />
    <nd ref="794" />
    <nd ref="795" />
    <nd ref="796" />
    <nd ref="797" />
    <nd ref="798" />
    <nd ref="799" />
    <nd ref="800" />
    <nd ref="801" />
    <nd ref="802" />
    <nd ref="803" />
    <nd ref="804" />
    <nd ref="805" />
    <nd ref="806" />
    <nd ref="807" />
    <nd ref="808" />
    <nd ref="809" />
    <tag k="subtype" v="solid" />
    <tag k="type" v="line_thin" />
  </way>
  <way id="6165" version="1">
    <nd ref="1147" />
    <nd ref="1146" />
    <nd ref="1145" />
    <nd ref="1144" />
    <nd ref="1143" />
    <nd ref="1142" />
    <nd ref="1141" />
    <nd ref="1140" />
    <nd ref="1139" />
    <nd ref="1138" />
    <nd ref="1137" />
    <nd ref="1136" />
    <nd ref="1135" />
    <nd ref="1134" />
    <nd ref="1133" />
    <nd ref="1132" />
    <nd ref="1131" />
    <nd ref="1130" />
    <nd ref="1129" />
    <tag k="type" v="guard_rail" />
  </way>
  <way id="6166" version="1">
    <nd ref="1179" />
    <nd ref="1178" />
    <nd ref="1177" />
    <nd ref="1176" />
    <nd ref="1175" />
    <nd ref="1174" />
    <nd ref="1173" />
    <nd ref="1172" />
    <nd ref="1171" />
    <tag k="type" v="guard_rail" />
  </way>
  <way id="6167" version="1">
    <nd ref="835" />
    <nd ref="836" />
    <nd ref="837" />
    <nd ref="838" />
    <nd ref="839" />
    <nd ref="840" />
    <nd ref="841" />
    <nd ref="842" />
    <nd ref="843" />
    <tag k="subtype" v="dashed" />
    <tag k="type" v="line_thin" />
  </way>
  <way id="6168" version="1">
    <nd ref="499" />
    <nd ref="500" />
    <nd ref="501" />
    <nd ref="502" />
    <nd ref="503" />
    <nd ref="504" />
    <nd ref="505" />
    <nd ref="506" />
    <tag k="subtype" v="dashed" />
    <tag k="type" v="line_thin" />
  </way>
  <way id="6169" version="1">
    <nd ref="202" />
    <nd ref="203" />
    <nd ref="204" />
    <nd ref="205" />
    <nd ref="206" />
    <nd ref="207" />
    <nd ref="7228" />
    <nd ref="208" />
    <nd ref="209" />
    <nd ref="210" />
    <tag k="subtype" v="solid" />
    <tag k="type" v="line_thin" />
  </way>
  <way id="6170" version="1">
    <nd ref="1158" />
    <nd ref="1157" />
    <nd ref="1156" />
    <nd ref="1155" />
    <nd ref="1154" />
    <nd ref="1153" />
    <nd ref="1152" />
    <nd ref="1151" />
    <nd ref="1150" />
    <nd ref="1149" />
    <nd ref="1148" />
    <nd ref="1147" />
    <tag k="type" v="guard_rail" />
  </way>
  <way id="6171" version="1">
    <nd ref="809" />
    <nd ref="810" />
    <nd ref="811" />
    <nd ref="812" />
    <nd ref="813" />
    <nd ref="814" />
    <nd ref="815" />
    <nd ref="816" />
    <nd ref="817" />
    <nd ref="818" />
    <nd ref="819" />
    <tag k="subtype" v="solid" />
    <tag k="type" v="line_thin" />
  </way>
  <way id="6172" version="1">
    <nd ref="480" />
    <nd ref="481" />
    <nd ref="482" />
    <nd ref="483" />
    <nd ref="484" />
    <nd ref="485" />
    <nd ref="486" />
    <nd ref="487" />
    <nd ref="488" />
    <tag k="subtype" v="solid" />
    <tag k="type" v="line_thin" />
  </way>
  <way id="6173" version="1">
    <nd ref="189" />
    <nd ref="190" />
    <nd ref="191" />
    <nd ref="192" />
    <nd ref="193" />
    <nd ref="194" />
    <nd ref="195" />
    <tag k="subtype" v="solid" />
    <tag k="type" v="line_thin" />
  </way>
  <way id="6174" version="1">
    <nd ref="122" />
    <nd ref="123" />
    <nd ref="124" />
    <nd ref="125" />
    <nd ref="126" />
    <nd ref="127" />
    <nd ref="128" />
    <tag k="subtype" v="solid" />
    <tag k="type" v="line_thin" />
  </way>
  <way id="6175" version="1">
    <nd ref="375" />
    <nd ref="376" />
    <nd ref="377" />
    <nd ref="378" />
    <nd ref="379" />
    <nd ref="380" />
    <nd ref="381" />
    <nd ref="382" />
    <nd ref="383" />
    <nd ref="384" />
    <tag k="subtype" v="solid" />
    <tag k="type" v="line_thin" />
  </way>
  <way id="6176" version="1">
    <nd ref="700" />
    <nd ref="701" />
    <nd ref="702" />
    <nd ref="703" />
    <nd ref="704" />
    <nd ref="705" />
    <nd ref="706" />
    <nd ref="707" />
    <nd ref="708" />
    <nd ref="709" />
    <tag k="subtype" v="solid" />
    <tag k="type" v="line_thin" />
  </way>
  <way id="6177" version="1">
    <nd ref="1035" />
    <nd ref="1034" />
    <nd ref="1033" />
    <nd ref="1032" />
    <nd ref="1031" />
    <nd ref="1030" />
    <nd ref="1029" />
    <nd ref="1028" />
    <nd ref="1027" />
    <nd ref="1026" />
    <nd ref="1025" />
    <tag k="type" v="guard_rail" />
  </way>
  <way id="6178" version="1">
    <nd ref="513" />
    <nd ref="514" />
    <nd ref="515" />
    <nd ref="516" />
    <nd ref="517" />
    <nd ref="518" />
    <nd ref="519" />
    <nd ref="520" />
    <nd ref="521" />
    <nd ref="522" />
    <nd ref="523" />
    <tag k="subtype" v="dashed" />
    <tag k="type" v="line_thin" />
  </way>
  <way id="6179" version="1">
    <nd ref="850" />
    <nd ref="851" />
    <nd ref="852" />
    <nd ref="853" />
    <nd ref="854" />
    <nd ref="855" />
    <nd ref="856" />
    <nd ref="857" />
    <nd ref="858" />
    <nd ref="859" />
    <nd ref="860" />
    <tag k="subtype" v="dashed" />
    <tag k="type" v="line_thin" />
  </way>
  <way id="6180" version="1">
    <nd ref="1196" />
    <nd ref="1195" />
    <nd ref="1194" />
    <nd ref="1193" />
    <nd ref="1192" />
    <nd ref="1191" />
    <nd ref="1190" />
    <nd ref="1189" />
    <nd ref="1188" />
    <nd ref="1187" />
    <nd ref="1186" />
    <tag k="type" v="guard_rail" />
  </way>
  <way id="6181" version="1">
    <nd ref="217" />
    <nd ref="218" />
    <nd ref="219" />
    <nd ref="220" />
    <nd ref="221" />
    <nd ref="222" />
    <nd ref="223" />
    <nd ref="224" />
    <nd ref="225" />
    <nd ref="226" />
    <nd ref="227" />
    <tag k="subtype" v="solid" />
    <tag k="type" v="line_thin" />
  </way>
  <way id="6182" version="1">
    <nd ref="210" />
    <nd ref="211" />
    <nd ref="212" />
    <nd ref="213" />
    <nd ref="214" />
    <nd ref="215" />
    <nd ref="216" />
    <nd ref="217" />
    <tag k="subtype" v="solid" />
    <tag k="type" v="line_thin" />
  </way>
  <way id="6183" version="1">
    <nd ref="506" />
    <nd ref="507" />
    <nd ref="508" />
    <nd ref="509" />
    <nd ref="510" />
    <nd ref="511" />
    <nd ref="512" />
    <nd ref="513" />
    <tag k="subtype" v="dashed" />
    <tag k="type" v="line_thin" />
  </way>
  <way id="6184" version="1">
    <nd ref="843" />
    <nd ref="844" />
    <nd ref="845" />
    <nd ref="846" />
    <nd ref="847" />
    <nd ref="848" />
    <nd ref="849" />
    <nd ref="850" />
    <tag k="subtype" v="dashed" />
    <tag k="type" v="line_thin" />
  </way>
  <way id="6185" version="1">
    <nd ref="1186" />
    <nd ref="1185" />
    <nd ref="1184" />
    <nd ref="1183" />
    <nd ref="1182" />
    <nd ref="1181" />
    <nd ref="1180" />
    <nd ref="1179" />
    <tag k="type" v="guard_rail" />
  </way>
  <way id="6186" version="1">
    <nd ref="227" />
    <nd ref="228" />
    <nd ref="229" />
    <nd ref="230" />
    <nd ref="231" />
    <nd ref="8549" />
    <nd ref="232" />
    <nd ref="233" />
    <nd ref="234" />
    <nd ref="235" />
    <tag k="subtype" v="dashed" />
    <tag k="type" v="line_thin" />
  </way>
  <way id="6187" version="1">
    <nd ref="523" />
    <nd ref="524" />
    <nd ref="5705" />
    <nd ref="525" />
    <nd ref="526" />
    <nd ref="527" />
    <nd ref="528" />
    <nd ref="529" />
    <nd ref="530" />
    <tag k="subtype" v="dashed" />
    <tag k="type" v="line_thin" />
  </way>
  <way id="6188" version="1">
    <nd ref="860" />
    <nd ref="861" />
    <nd ref="862" />
    <nd ref="863" />
    <nd ref="864" />
    <nd ref="865" />
    <nd ref="866" />
    <nd ref="867" />
    <tag k="subtype" v="dashed" />
    <tag k="type" v="line_thin" />
  </way>
  <way id="6189" version="1">
    <nd ref="1203" />
    <nd ref="1202" />
    <nd ref="1201" />
    <nd ref="1200" />
    <nd ref="1199" />
    <nd ref="1198" />
    <nd ref="1197" />
    <nd ref="1196" />
    <tag k="type" v="guard_rail" />
  </way>
  <way id="6190" version="1">
    <nd ref="65" />
    <nd ref="66" />
    <nd ref="67" />
    <nd ref="68" />
    <tag k="subtype" v="solid" />
    <tag k="type" v="line_thin" />
  </way>
  <way id="6191" version="1">
    <nd ref="52" />
    <nd ref="53" />
    <nd ref="54" />
    <nd ref="55" />
    <tag k="subtype" v="dashed" />
    <tag k="type" v="line_thin" />
  </way>
  <way id="6192" version="1">
    <nd ref="1509" />
    <nd ref="38" />
    <nd ref="39" />
    <nd ref="40" />
    <tag k="subtype" v="dashed" />
    <tag k="type" v="line_thin" />
  </way>
  <way id="6193" version="1">
    <nd ref="27" />
    <nd ref="26" />
    <nd ref="25" />
    <nd ref="1512" />
    <tag k="subtype" v="dashed" />
    <tag k="type" v="line_thin" />
  </way>
  <way id="6194" version="1">
    <nd ref="235" />
    <nd ref="236" />
    <nd ref="237" />
    <nd ref="1727" />
    <tag k="subtype" v="solid" />
    <tag k="type" v="line_thin" />
  </way>
  <way id="6195" version="1">
    <nd ref="530" />
    <nd ref="531" />
    <nd ref="532" />
    <tag k="subtype" v="solid" />
    <tag k="type" v="line_thin" />
  </way>
  <way id="6196" version="1">
    <nd ref="867" />
    <nd ref="868" />
    <nd ref="869" />
    <nd ref="870" />
    <nd ref="871" />
    <nd ref="874" />
    <tag k="subtype" v="solid" />
    <tag k="type" v="line_thin" />
  </way>
  <way id="6197" version="1">
    <nd ref="1207" />
    <nd ref="1206" />
    <nd ref="1205" />
    <nd ref="1204" />
    <nd ref="1203" />
    <tag k="type" v="guard_rail" />
  </way>
  <way id="6198" version="1">
    <nd ref="238" />
    <nd ref="239" />
    <nd ref="240" />
    <nd ref="8266" />
    <nd ref="241" />
    <tag k="subtype" v="solid" />
    <tag k="type" v="line_thin" />
  </way>
  <way id="6199" version="1">
    <nd ref="534" />
    <nd ref="535" />
    <nd ref="536" />
    <nd ref="537" />
    <nd ref="539" />
    <nd ref="540" />
    <nd ref="541" />
    <tag k="subtype" v="solid" />
    <tag k="type" v="line_thin" />
  </way>
  <way id="6200" version="1">
    <nd ref="877" />
    <nd ref="878" />
    <nd ref="879" />
    <nd ref="880" />
    <nd ref="881" />
    <nd ref="882" />
    <nd ref="883" />
    <nd ref="884" />
    <nd ref="885" />
    <tag k="subtype" v="solid" />
    <tag k="type" v="line_thin" />
  </way>
  <way id="6201" version="1">
    <nd ref="1216" />
    <nd ref="1215" />
    <nd ref="1214" />
    <nd ref="1212" />
    <nd ref="1210" />
    <nd ref="1209" />
    <tag k="type" v="guard_rail" />
  </way>
  <way id="6202" version="1">
    <nd ref="241" />
    <nd ref="8772" />
    <nd ref="244" />
    <nd ref="245" />
    <nd ref="246" />
    <nd ref="247" />
    <nd ref="8381" />
    <nd ref="248" />
    <tag k="subtype" v="solid" />
    <tag k="type" v="line_thin" />
  </way>
  <way id="6203" version="1">
    <nd ref="541" />
    <nd ref="542" />
    <nd ref="543" />
    <nd ref="544" />
    <nd ref="545" />
    <nd ref="546" />
    <nd ref="547" />
    <nd ref="548" />
    <tag k="subtype" v="solid" />
    <tag k="type" v="line_thin" />
  </way>
  <way id="6204" version="1">
    <nd ref="885" />
    <nd ref="886" />
    <nd ref="887" />
    <nd ref="888" />
    <nd ref="889" />
    <nd ref="890" />
    <nd ref="891" />
    <nd ref="892" />
    <nd ref="893" />
    <nd ref="894" />
    <nd ref="895" />
    <tag k="subtype" v="solid" />
    <tag k="type" v="line_thin" />
  </way>
  <way id="6205" version="1">
    <nd ref="1222" />
    <nd ref="1221" />
    <nd ref="1220" />
    <nd ref="1219" />
    <nd ref="1218" />
    <nd ref="1217" />
    <nd ref="1216" />
    <tag k="type" v="guard_rail" />
  </way>
  <way id="6206" version="1">
    <nd ref="248" />
    <nd ref="249" />
    <nd ref="250" />
    <nd ref="1720" />
    <nd ref="253" />
    <nd ref="254" />
    <nd ref="255" />
    <nd ref="256" />
    <tag k="subtype" v="solid" />
    <tag k="type" v="line_thin" />
  </way>
  <way id="6207" version="1">
    <nd ref="548" />
    <nd ref="549" />
    <nd ref="550" />
    <nd ref="551" />
    <nd ref="552" />
    <nd ref="553" />
    <nd ref="554" />
    <nd ref="555" />
    <nd ref="556" />
    <nd ref="557" />
    <nd ref="558" />
    <nd ref="559" />
    <nd ref="560" />
    <tag k="subtype" v="solid" />
    <tag k="type" v="line_thin" />
  </way>
  <way id="6208" version="1">
    <nd ref="895" />
    <nd ref="896" />
    <nd ref="897" />
    <nd ref="898" />
    <nd ref="899" />
    <nd ref="900" />
    <nd ref="901" />
    <nd ref="902" />
    <nd ref="903" />
    <nd ref="904" />
    <nd ref="905" />
    <nd ref="906" />
    <tag k="subtype" v="solid" />
    <tag k="type" v="line_thin" />
  </way>
  <way id="6209" version="1">
    <nd ref="1229" />
    <nd ref="1228" />
    <nd ref="1227" />
    <nd ref="1226" />
    <nd ref="1225" />
    <nd ref="1224" />
    <nd ref="1223" />
    <nd ref="1222" />
    <tag k="type" v="guard_rail" />
  </way>
  <way id="6210" version="1">
    <nd ref="256" />
    <nd ref="257" />
    <nd ref="258" />
    <nd ref="259" />
    <nd ref="260" />
    <nd ref="261" />
    <nd ref="262" />
    <nd ref="263" />
    <tag k="subtype" v="solid" />
    <tag k="type" v="line_thin" />
  </way>
  <way id="6211" version="1">
    <nd ref="560" />
    <nd ref="561" />
    <nd ref="562" />
    <nd ref="563" />
    <nd ref="564" />
    <nd ref="565" />
    <nd ref="566" />
    <nd ref="567" />
    <nd ref="568" />
    <nd ref="569" />
    <nd ref="570" />
    <nd ref="571" />
    <nd ref="572" />
    <nd ref="573" />
    <nd ref="574" />
    <nd ref="575" />
    <tag k="subtype" v="solid" />
    <tag k="type" v="line_thin" />
  </way>
  <way id="6212" version="1">
    <nd ref="906" />
    <nd ref="907" />
    <nd ref="908" />
    <nd ref="909" />
    <nd ref="910" />
    <nd ref="911" />
    <nd ref="912" />
    <nd ref="913" />
    <nd ref="914" />
    <nd ref="915" />
    <tag k="subtype" v="solid" />
    <tag k="type" v="line_thin" />
  </way>
  <way id="6213" version="1">
    <nd ref="1235" />
    <nd ref="1234" />
    <nd ref="1233" />
    <nd ref="1232" />
    <nd ref="1231" />
    <nd ref="1230" />
    <nd ref="1229" />
    <tag k="type" v="guard_rail" />
  </way>
  <way id="6214" version="1">
    <nd ref="263" />
    <nd ref="264" />
    <nd ref="265" />
    <nd ref="266" />
    <nd ref="267" />
    <tag k="subtype" v="solid" />
    <tag k="type" v="line_thin" />
  </way>
  <way id="6215" version="1">
    <nd ref="575" />
    <nd ref="576" />
    <nd ref="577" />
    <nd ref="578" />
    <nd ref="579" />
    <nd ref="580" />
    <nd ref="581" />
    <nd ref="582" />
    <nd ref="583" />
    <nd ref="584" />
    <nd ref="585" />
    <nd ref="586" />
    <nd ref="587" />
    <tag k="subtype" v="solid" />
    <tag k="type" v="line_thin" />
  </way>
  <way id="6216" version="1">
    <nd ref="915" />
    <nd ref="916" />
    <nd ref="917" />
    <nd ref="918" />
    <nd ref="919" />
    <nd ref="920" />
    <nd ref="921" />
    <nd ref="922" />
    <nd ref="923" />
    <tag k="subtype" v="solid" />
    <tag k="type" v="line_thin" />
  </way>
  <way id="6217" version="1">
    <nd ref="1240" />
    <nd ref="1239" />
    <nd ref="1238" />
    <nd ref="1237" />
    <nd ref="1236" />
    <nd ref="1235" />
    <tag k="type" v="guard_rail" />
  </way>
  <way id="6218" version="1">
    <nd ref="267" />
    <nd ref="268" />
    <nd ref="269" />
    <nd ref="270" />
    <nd ref="271" />
    <nd ref="272" />
    <tag k="subtype" v="solid" />
    <tag k="type" v="line_thin" />
  </way>
  <way id="6219" version="1">
    <nd ref="587" />
    <nd ref="588" />
    <nd ref="589" />
    <nd ref="590" />
    <nd ref="591" />
    <nd ref="592" />
    <nd ref="593" />
    <nd ref="594" />
    <nd ref="595" />
    <nd ref="596" />
    <nd ref="597" />
    <nd ref="598" />
    <tag k="subtype" v="solid" />
    <tag k="type" v="line_thin" />
  </way>
  <way id="6220" version="1">
    <nd ref="923" />
    <nd ref="924" />
    <nd ref="925" />
    <nd ref="926" />
    <nd ref="927" />
    <nd ref="928" />
    <nd ref="929" />
    <nd ref="930" />
    <nd ref="931" />
    <nd ref="932" />
    <nd ref="933" />
    <tag k="subtype" v="solid" />
    <tag k="type" v="line_thin" />
  </way>
  <way id="6221" version="1">
    <nd ref="1246" />
    <nd ref="1245" />
    <nd ref="1244" />
    <nd ref="1243" />
    <nd ref="1242" />
    <nd ref="1241" />
    <nd ref="1240" />
    <tag k="type" v="guard_rail" />
  </way>
  <way id="6222" version="1">
    <nd ref="272" />
    <nd ref="273" />
    <nd ref="274" />
    <nd ref="275" />
    <nd ref="276" />
    <nd ref="277" />
    <nd ref="278" />
    <nd ref="279" />
    <nd ref="280" />
    <nd ref="281" />
    <nd ref="282" />
    <nd ref="283" />
    <tag k="subtype" v="solid" />
    <tag k="type" v="line_thin" />
  </way>
  <way id="6223" version="1">
    <nd ref="598" />
    <nd ref="599" />
    <nd ref="600" />
    <nd ref="601" />
    <nd ref="602" />
    <nd ref="603" />
    <nd ref="604" />
    <nd ref="605" />
    <nd ref="606" />
    <nd ref="607" />
    <nd ref="608" />
    <nd ref="609" />
    <nd ref="610" />
    <tag k="subtype" v="solid" />
    <tag k="type" v="line_thin" />
  </way>
  <way id="6224" version="1">
    <nd ref="933" />
    <nd ref="934" />
    <nd ref="935" />
    <nd ref="936" />
    <nd ref="937" />
    <nd ref="938" />
    <nd ref="939" />
    <nd ref="940" />
    <nd ref="941" />
    <nd ref="942" />
    <nd ref="943" />
    <tag k="subtype" v="solid" />
    <tag k="type" v="line_thin" />
  </way>
  <way id="6225" version="1">
    <nd ref="1254" />
    <nd ref="1253" />
    <nd ref="1252" />
    <nd ref="1251" />
    <nd ref="1250" />
    <nd ref="1249" />
    <nd ref="1248" />
    <nd ref="1247" />
    <nd ref="1246" />
    <tag k="type" v="guard_rail" />
  </way>
  <way id="6226" version="1">
    <nd ref="283" />
    <nd ref="284" />
    <nd ref="285" />
    <nd ref="286" />
    <nd ref="287" />
    <nd ref="288" />
    <nd ref="289" />
    <nd ref="290" />
    <nd ref="291" />
    <nd ref="292" />
    <nd ref="293" />
    <nd ref="294" />
    <nd ref="295" />
    <tag k="subtype" v="solid" />
    <tag k="type" v="line_thin" />
  </way>
  <way id="6227" version="1">
    <nd ref="627" />
    <nd ref="628" />
    <nd ref="629" />
    <nd ref="630" />
    <nd ref="631" />
    <nd ref="632" />
    <nd ref="633" />
    <nd ref="634" />
    <nd ref="1277" />
    <tag k="subtype" v="solid" />
    <tag k="type" v="line_thin" />
  </way>
  <way id="6228" version="1">
    <nd ref="955" />
    <nd ref="956" />
    <nd ref="957" />
    <nd ref="958" />
    <nd ref="959" />
    <nd ref="960" />
    <nd ref="961" />
    <nd ref="962" />
    <nd ref="963" />
    <tag k="subtype" v="solid" />
    <tag k="type" v="line_thin" />
  </way>
  <way id="6229" version="1">
    <nd ref="1262" />
    <nd ref="1261" />
    <nd ref="1260" />
    <nd ref="1259" />
    <nd ref="1258" />
    <nd ref="1257" />
    <nd ref="1256" />
    <nd ref="1255" />
    <nd ref="1254" />
    <tag k="type" v="guard_rail" />
  </way>
  <way id="6230" version="1">
    <nd ref="306" />
    <nd ref="307" />
    <nd ref="61" />
    <nd ref="62" />
    <tag k="subtype" v="dashed" />
    <tag k="type" v="line_thin" />
  </way>
  <way id="6231" version="1">
    <nd ref="635" />
    <nd ref="636" />
    <nd ref="637" />
    <nd ref="638" />
    <nd ref="639" />
    <tag k="subtype" v="solid" />
    <tag k="type" v="line_thin" />
  </way>
  <way id="6232" version="1">
    <nd ref="965" />
    <nd ref="966" />
    <nd ref="967" />
    <tag k="subtype" v="solid" />
    <tag k="type" v="line_thin" />
  </way>
  <way id="6233" version="1">
    <nd ref="1276" />
    <nd ref="1275" />
    <nd ref="1274" />
    <nd ref="1273" />
    <tag k="type" v="guard_rail" />
  </way>
  <way id="6234" version="1">
    <nd ref="301" />
    <nd ref="1336" />
    <nd ref="1337" />
    <nd ref="1338" />
    <nd ref="1339" />
    <nd ref="1340" />
    <nd ref="1341" />
    <nd ref="1342" />
    <tag k="subtype" v="solid" />
    <tag k="type" v="line_thin" />
  </way>
  <way id="6235" version="1">
    <nd ref="1277" />
    <nd ref="5672" />
    <nd ref="1278" />
    <nd ref="1279" />
    <nd ref="1280" />
    <nd ref="1281" />
    <tag k="type" v="virtual" />
  </way>
  <way id="6236" version="1">
    <nd ref="62" />
    <nd ref="63" />
    <tag k="subtype" v="solid" />
    <tag k="type" v="line_thin" />
  </way>
  <way id="6237" version="1">
    <nd ref="639" />
    <nd ref="50" />
    <nd ref="51" />
    <tag k="subtype" v="dashed" />
    <tag k="type" v="line_thin" />
  </way>
  <way id="6238" version="1">
    <nd ref="967" />
    <nd ref="37" />
    <nd ref="1509" />
    <tag k="subtype" v="dashed" />
    <tag k="type" v="line_thin" />
  </way>
  <way id="6239" version="1">
    <nd ref="1" />
    <nd ref="1276" />
    <tag k="type" v="guard_rail" />
  </way>
  <way id="6240" version="1">
    <nd ref="301" />
    <nd ref="302" />
    <nd ref="303" />
    <nd ref="304" />
    <nd ref="305" />
    <nd ref="306" />
    <tag k="subtype" v="dashed" />
    <tag k="type" v="line_thin" />
  </way>
  <way id="6241" version="1">
    <nd ref="1277" />
    <nd ref="635" />
    <tag k="subtype" v="solid" />
    <tag k="type" v="line_thin" />
  </way>
  <way id="6242" version="1">
    <nd ref="963" />
    <nd ref="964" />
    <nd ref="965" />
    <tag k="subtype" v="solid" />
    <tag k="type" v="line_thin" />
  </way>
  <way id="6243" version="1">
    <nd ref="1273" />
    <nd ref="1272" />
    <nd ref="1271" />
    <nd ref="1270" />
    <nd ref="1269" />
    <tag k="type" v="guard_rail" />
  </way>
  <way id="6244" version="1">
    <nd ref="1" />
    <nd ref="2" />
    <nd ref="3" />
    <nd ref="4" />
    <tag k="type" v="guard_rail" />
  </way>
  <way id="6245" version="1">
    <nd ref="1512" />
    <nd ref="24" />
    <nd ref="23" />
    <nd ref="22" />
    <nd ref="1" />
    <tag k="subtype" v="dashed" />
    <tag k="type" v="line_thin" />
  </way>
  <way id="6246" version="1">
    <nd ref="40" />
    <nd ref="41" />
    <nd ref="42" />
    <tag k="subtype" v="dashed" />
    <tag k="type" v="line_thin" />
  </way>
  <way id="6247" version="1">
    <nd ref="51" />
    <nd ref="52" />
    <tag k="subtype" v="dashed" />
    <tag k="type" v="line_thin" />
  </way>
  <way id="6248" version="1">
    <nd ref="63" />
    <nd ref="64" />
    <nd ref="65" />
    <tag k="subtype" v="solid" />
    <tag k="type" v="line_thin" />
  </way>
  <way id="6249" version="1">
    <nd ref="68" />
    <nd ref="69" />
    <nd ref="70" />
    <nd ref="71" />
    <nd ref="72" />
    <nd ref="73" />
    <tag k="subtype" v="solid" />
    <tag k="type" v="line_thin" />
  </way>
  <way id="6250" version="1">
    <nd ref="55" />
    <nd ref="56" />
    <nd ref="57" />
    <nd ref="58" />
    <nd ref="59" />
    <nd ref="60" />
    <tag k="subtype" v="dashed" />
    <tag k="type" v="line_thin" />
  </way>
  <way id="6251" version="1">
    <nd ref="42" />
    <nd ref="43" />
    <nd ref="44" />
    <nd ref="45" />
    <nd ref="46" />
    <nd ref="47" />
    <tag k="subtype" v="dashed" />
    <tag k="type" v="line_thin" />
  </way>
  <way id="6252" version="1">
    <nd ref="33" />
    <nd ref="32" />
    <nd ref="31" />
    <nd ref="30" />
    <nd ref="29" />
    <nd ref="28" />
    <nd ref="27" />
    <tag k="subtype" v="dashed" />
    <tag k="type" v="line_thin" />
  </way>
  <way id="6253" version="1">
    <nd ref="8" />
    <nd ref="9" />
    <nd ref="10" />
    <nd ref="11" />
    <nd ref="12" />
    <nd ref="13" />
    <nd ref="14" />
    <tag k="type" v="guard_rail" />
  </way>
  <way id="6254" version="1">
    <nd ref="5677" />
    <nd ref="1461" />
    <nd ref="1462" />
    <nd ref="1463" />
    <nd ref="5676" />
    <nd ref="1327" />
    <tag k="subtype" v="dashed" />
    <tag k="type" v="line_thin" />
  </way>
  <way id="6255" version="1">
    <nd ref="1398" />
    <nd ref="1399" />
    <nd ref="1400" />
    <nd ref="1401" />
    <nd ref="1402" />
    <nd ref="1403" />
    <tag k="subtype" v="solid" />
    <tag k="type" v="line_thin" />
  </way>
  <way id="6256" version="1">
    <nd ref="1455" />
    <nd ref="1456" />
    <nd ref="1457" />
    <nd ref="1458" />
    <nd ref="1459" />
    <nd ref="1460" />
    <nd ref="5677" />
    <tag k="subtype" v="solid" />
    <tag k="type" v="line_thin" />
  </way>
  <way id="6257" version="1">
    <nd ref="1393" />
    <nd ref="1394" />
    <nd ref="1395" />
    <nd ref="1396" />
    <nd ref="1397" />
    <nd ref="1398" />
    <tag k="subtype" v="solid" />
    <tag k="type" v="line_thin" />
  </way>
  <way id="6258" version="1">
    <nd ref="2196" />
    <nd ref="1378" />
    <nd ref="1379" />
    <nd ref="1380" />
    <nd ref="1381" />
    <nd ref="1382" />
    <nd ref="1383" />
    <nd ref="1384" />
    <nd ref="1385" />
    <nd ref="1386" />
    <nd ref="1387" />
    <nd ref="1388" />
    <nd ref="1389" />
    <nd ref="1390" />
    <nd ref="1391" />
    <nd ref="1392" />
    <nd ref="1393" />
    <tag k="subtype" v="solid" />
    <tag k="type" v="line_thin" />
  </way>
  <way id="6259" version="1">
    <nd ref="5566" />
    <nd ref="1443" />
    <nd ref="1444" />
    <nd ref="1445" />
    <nd ref="1446" />
    <nd ref="1447" />
    <nd ref="1448" />
    <nd ref="1449" />
    <nd ref="1450" />
    <nd ref="1451" />
    <nd ref="1452" />
    <nd ref="1453" />
    <nd ref="1454" />
    <nd ref="1455" />
    <tag k="subtype" v="solid" />
    <tag k="type" v="line_thin" />
  </way>
  <way id="6260" version="1">
    <nd ref="1281" />
    <nd ref="1411" />
    <nd ref="1412" />
    <nd ref="1413" />
    <nd ref="1414" />
    <nd ref="1415" />
    <nd ref="1416" />
    <nd ref="1417" />
    <nd ref="5678" />
    <tag k="subtype" v="dashed" />
    <tag k="type" v="line_thin" />
  </way>
  <way id="6261" version="1">
    <nd ref="1281" />
    <nd ref="1282" />
    <nd ref="8705" />
    <nd ref="1284" />
    <nd ref="1285" />
    <nd ref="1286" />
    <tag k="subtype" v="solid" />
    <tag k="type" v="line_thin" />
  </way>
  <way id="6262" version="1">
    <nd ref="1342" />
    <nd ref="1343" />
    <nd ref="1344" />
    <nd ref="1345" />
    <nd ref="1346" />
    <nd ref="1347" />
    <nd ref="1348" />
    <nd ref="1349" />
    <nd ref="1350" />
    <tag k="subtype" v="solid" />
    <tag k="type" v="line_thin" />
  </way>
  <way id="6263" version="1">
    <nd ref="1422" />
    <nd ref="9563" />
    <nd ref="9557" />
    <nd ref="9558" />
    <nd ref="9561" />
    <nd ref="7368" />
    <tag k="type" v="virtual" />
  </way>
  <way id="6264" version="1">
    <nd ref="1350" />
    <nd ref="9554" />
    <nd ref="1351" />
    <nd ref="1352" />
    <nd ref="1353" />
    <nd ref="1354" />
    <nd ref="1355" />
    <tag k="subtype" v="dashed" />
    <tag k="type" v="line_thin" />
  </way>
  <way id="6265" version="1">
    <nd ref="5678" />
    <nd ref="1418" />
    <nd ref="9555" />
    <nd ref="1419" />
    <nd ref="1420" />
    <nd ref="1421" />
    <nd ref="1422" />
    <tag k="subtype" v="solid" />
    <tag k="type" v="line_thin" />
  </way>
  <way id="6266" version="1">
    <nd ref="1422" />
    <nd ref="1423" />
    <nd ref="1424" />
    <nd ref="1425" />
    <nd ref="1426" />
    <nd ref="5680" />
    <tag k="subtype" v="solid" />
    <tag k="type" v="line_thin" />
  </way>
  <way id="6267" version="1">
    <nd ref="1355" />
    <nd ref="1356" />
    <nd ref="1357" />
    <nd ref="1358" />
    <nd ref="1359" />
    <nd ref="1464" />
    <tag k="subtype" v="solid" />
    <tag k="type" v="line_thin" />
  </way>
  <way id="6268" version="1">
    <nd ref="5680" />
    <nd ref="5681" />
    <nd ref="5682" />
    <nd ref="5684" />
    <nd ref="5683" />
    <nd ref="1363" />
    <tag k="type" v="virtual" />
  </way>
  <way id="6269" version="1">
    <nd ref="1464" />
    <nd ref="1465" />
    <nd ref="1466" />
    <nd ref="1467" />
    <nd ref="1468" />
    <nd ref="1469" />
    <tag k="subtype" v="solid" />
    <tag k="type" v="line_thin" />
  </way>
  <way id="6270" version="1">
    <nd ref="1464" />
    <nd ref="1360" />
    <nd ref="1361" />
    <nd ref="1362" />
    <nd ref="1363" />
    <tag k="subtype" v="dashed" />
    <tag k="type" v="line_thin" />
  </way>
  <way id="6271" version="1">
    <nd ref="5680" />
    <nd ref="1427" />
    <nd ref="1428" />
    <nd ref="1429" />
    <nd ref="1430" />
    <nd ref="5685" />
    <tag k="subtype" v="solid" />
    <tag k="type" v="line_thin" />
  </way>
  <way id="6272" version="1">
    <nd ref="5686" />
    <nd ref="5687" />
    <nd ref="5688" />
    <nd ref="5689" />
    <nd ref="1367" />
    <tag k="type" v="virtual" />
  </way>
  <way id="6273" version="1">
    <nd ref="1363" />
    <nd ref="1364" />
    <nd ref="1365" />
    <nd ref="1366" />
    <nd ref="1367" />
    <tag k="subtype" v="dashed" />
    <tag k="type" v="line_thin" />
  </way>
  <way id="6274" version="1">
    <nd ref="1469" />
    <nd ref="1470" />
    <nd ref="1471" />
    <nd ref="1472" />
    <nd ref="1473" />
    <tag k="subtype" v="solid" />
    <tag k="type" v="line_thin" />
  </way>
  <way id="6275" version="1">
    <nd ref="5685" />
    <nd ref="1431" />
    <nd ref="1432" />
    <nd ref="1433" />
    <nd ref="1434" />
    <tag k="subtype" v="solid" />
    <tag k="type" v="line_thin" />
  </way>
  <way id="6276" version="1">
    <nd ref="1434" />
    <nd ref="1435" />
    <nd ref="1436" />
    <nd ref="1437" />
    <nd ref="5686" />
    <tag k="subtype" v="solid" />
    <tag k="type" v="line_thin" />
  </way>
  <way id="6277" version="1">
    <nd ref="1367" />
    <nd ref="1368" />
    <nd ref="1369" />
    <nd ref="1370" />
    <tag k="subtype" v="dashed" />
    <tag k="type" v="line_thin" />
  </way>
  <way id="6278" version="1">
    <nd ref="1370" />
    <nd ref="1371" />
    <nd ref="1372" />
    <nd ref="1373" />
    <nd ref="2230" />
    <tag k="subtype" v="solid" />
    <tag k="type" v="line_thin" />
  </way>
  <way id="6279" version="1">
    <nd ref="5686" />
    <nd ref="1438" />
    <nd ref="1439" />
    <nd ref="1440" />
    <tag k="subtype" v="solid" />
    <tag k="type" v="line_thin" />
  </way>
  <way id="6280" version="1">
    <nd ref="2230" />
    <nd ref="2231" />
    <nd ref="2232" />
    <nd ref="2233" />
    <nd ref="9496" />
    <nd ref="9490" />
    <nd ref="2234" />
    <tag k="type" v="road_border" />
  </way>
  <way id="6281" version="1">
    <nd ref="4680" />
    <nd ref="5557" />
    <nd ref="5560" />
    <tag k="type" v="virtual" />
  </way>
  <way id="6282" version="1">
    <nd ref="2200" />
    <nd ref="2203" />
    <nd ref="2204" />
    <nd ref="2205" />
    <tag k="type" v="road_border" />
  </way>
  <way id="6283" version="1">
    <nd ref="4691" />
    <nd ref="4697" />
    <nd ref="4696" />
    <nd ref="4723" />
    <nd ref="4695" />
    <nd ref="4694" />
    <nd ref="4724" />
    <nd ref="3888" />
    <tag k="type" v="virtual" />
  </way>
  <way id="6284" version="1">
    <nd ref="2205" />
    <nd ref="9541" />
    <nd ref="9532" />
    <nd ref="9530" />
    <nd ref="2208" />
    <nd ref="7681" />
    <tag k="type" v="road_border" />
  </way>
  <way id="6285" version="1">
    <nd ref="2238" />
    <nd ref="2239" />
    <nd ref="7722" />
    <tag k="type" v="road_border" />
  </way>
  <way id="6286" version="1">
    <nd ref="2246" />
    <nd ref="2247" />
    <nd ref="2248" />
    <nd ref="2249" />
    <nd ref="2250" />
    <nd ref="2251" />
    <nd ref="2252" />
    <tag k="type" v="road_border" />
  </way>
  <way id="6288" version="1">
    <nd ref="3882" />
    <nd ref="4705" />
    <nd ref="4706" />
    <nd ref="4707" />
    <nd ref="5937" />
    <nd ref="4708" />
    <nd ref="4709" />
    <nd ref="5944" />
    <nd ref="4673" />
    <tag k="type" v="virtual" />
  </way>
  <way id="6290" version="1">
    <nd ref="3882" />
    <nd ref="3883" />
    <nd ref="3884" />
    <nd ref="3885" />
    <nd ref="3886" />
    <nd ref="5832" />
    <nd ref="3887" />
    <nd ref="3888" />
    <tag k="type" v="virtual" />
  </way>
  <way id="6291" version="1">
    <nd ref="3576" />
    <nd ref="3577" />
    <nd ref="3578" />
    <nd ref="3579" />
    <nd ref="3580" />
    <nd ref="3581" />
    <nd ref="3582" />
    <nd ref="3583" />
    <nd ref="3584" />
    <tag k="subtype" v="solid" />
    <tag k="type" v="road_border" />
  </way>
  <way id="6292" version="1">
    <nd ref="2210" />
    <nd ref="2211" />
    <nd ref="2212" />
    <nd ref="2213" />
    <nd ref="7211" />
    <nd ref="2215" />
    <nd ref="2216" />
    <tag k="type" v="road_border" />
  </way>
  <way id="6293" version="1">
    <nd ref="3790" />
    <nd ref="3791" />
    <nd ref="3792" />
    <nd ref="3793" />
    <nd ref="3794" />
    <nd ref="3795" />
    <tag k="type" v="road_border" />
  </way>
  <way id="6294" version="1">
    <nd ref="4691" />
    <nd ref="4692" />
    <nd ref="4693" />
    <nd ref="3882" />
    <tag k="type" v="virtual" />
  </way>
  <way id="6295" version="1">
    <nd ref="4673" />
    <nd ref="4704" />
    <nd ref="4703" />
    <nd ref="4702" />
    <nd ref="4701" />
    <nd ref="4700" />
    <nd ref="4699" />
    <nd ref="4691" />
    <tag k="type" v="virtual" />
  </way>
  <way id="6296" version="1">
    <nd ref="3888" />
    <nd ref="4672" />
    <nd ref="4698" />
    <nd ref="4673" />
    <tag k="type" v="virtual" />
  </way>
  <way id="6297" version="1">
    <nd ref="3790" />
    <nd ref="3190" />
    <nd ref="3191" />
    <nd ref="3192" />
    <nd ref="3193" />
    <nd ref="3194" />
    <nd ref="5938" />
    <nd ref="2252" />
    <tag k="type" v="virtual" />
  </way>
  <way id="6298" version="1">
    <nd ref="2216" />
    <nd ref="7664" />
    <nd ref="4739" />
    <nd ref="4740" />
    <nd ref="4741" />
    <nd ref="4742" />
    <nd ref="4743" />
    <nd ref="2252" />
    <tag k="type" v="virtual" />
  </way>
  <way id="6299" version="1">
    <nd ref="2246" />
    <nd ref="4735" />
    <nd ref="4734" />
    <nd ref="4733" />
    <nd ref="3576" />
    <tag k="type" v="virtual" />
  </way>
  <way id="6300" version="1">
    <nd ref="3795" />
    <nd ref="4736" />
    <nd ref="4737" />
    <nd ref="4738" />
    <nd ref="3584" />
    <tag k="type" v="virtual" />
  </way>
  <way id="6301" version="1">
    <nd ref="2291" />
    <nd ref="4943" />
    <nd ref="4944" />
    <nd ref="4945" />
    <nd ref="4972" />
    <nd ref="9598" />
    <nd ref="4846" />
    <tag k="type" v="virtual" />
  </way>
  <way id="6302" version="1">
    <nd ref="2291" />
    <nd ref="2292" />
    <nd ref="2293" />
    <nd ref="2294" />
    <nd ref="2295" />
    <nd ref="2296" />
    <nd ref="2297" />
    <nd ref="2298" />
    <nd ref="2299" />
    <nd ref="1355" />
    <tag k="subtype" v="solid" />
    <tag k="type" v="road_border" />
  </way>
  <way id="6303" version="1">
    <nd ref="4207" />
    <nd ref="4208" />
    <nd ref="4209" />
    <nd ref="4210" />
    <nd ref="4211" />
    <nd ref="4212" />
    <nd ref="4213" />
    <nd ref="4214" />
    <nd ref="4215" />
    <nd ref="4216" />
    <nd ref="4217" />
    <tag k="subtype" v="dashed" />
    <tag k="type" v="line_thin" />
  </way>
  <way id="6304" version="1">
    <nd ref="3210" />
    <nd ref="4826" />
    <nd ref="4827" />
    <nd ref="4828" />
    <nd ref="4829" />
    <nd ref="4830" />
    <nd ref="4831" />
    <tag k="subtype" v="dashed" />
    <tag k="type" v="line_thin" />
  </way>
  <way id="6305" version="1">
    <nd ref="4831" />
    <nd ref="4835" />
    <tag k="type" v="road_border" />
  </way>
  <way id="6306" version="1">
    <nd ref="5644" />
    <nd ref="5693" />
    <nd ref="5694" />
    <nd ref="5695" />
    <nd ref="5696" />
    <nd ref="4219" />
    <tag k="type" v="virtual" />
  </way>
  <way id="6307" version="1">
    <nd ref="4217" />
    <nd ref="5641" />
    <nd ref="5642" />
    <nd ref="8264" />
    <nd ref="8282" />
    <nd ref="4828" />
    <nd ref="5643" />
    <nd ref="5644" />
    <tag k="type" v="virtual" />
  </way>
  <way id="6308" version="1">
    <nd ref="4217" />
    <nd ref="4218" />
    <nd ref="4219" />
    <tag k="subtype" v="dashed" />
    <tag k="type" v="line_thin" />
  </way>
  <way id="6309" version="1">
    <nd ref="3210" />
    <nd ref="3211" />
    <nd ref="3212" />
    <nd ref="3213" />
    <nd ref="3214" />
    <nd ref="3215" />
    <nd ref="3216" />
    <tag k="type" v="road_border" />
  </way>
  <way id="6310" version="1">
    <nd ref="2289" />
    <nd ref="2290" />
    <tag k="subtype" v="solid" />
    <tag k="type" v="road_border" />
  </way>
  <way id="6311" version="1">
    <nd ref="4219" />
    <nd ref="4220" />
    <nd ref="4962" />
    <tag k="subtype" v="dashed" />
    <tag k="type" v="line_thin" />
  </way>
  <way id="6312" version="1">
    <nd ref="2139" />
    <nd ref="5698" />
    <nd ref="8978" />
    <nd ref="5697" />
    <nd ref="2062" />
    <tag k="type" v="virtual" />
  </way>
  <way id="6313" version="1">
    <nd ref="1799" />
    <nd ref="2063" />
    <nd ref="2064" />
    <nd ref="2065" />
    <nd ref="2066" />
    <nd ref="2067" />
    <nd ref="2068" />
    <nd ref="2069" />
    <nd ref="2070" />
    <tag k="subtype" v="solid" />
    <tag k="type" v="road_border" />
  </way>
  <way id="6314" version="1">
    <nd ref="2062" />
    <nd ref="2075" />
    <tag k="type" v="virtual" />
  </way>
  <way id="6315" version="1">
    <nd ref="2070" />
    <nd ref="2071" />
    <nd ref="2072" />
    <nd ref="2073" />
    <nd ref="2074" />
    <nd ref="2075" />
    <tag k="type" v="road_border" />
  </way>
  <way id="6316" version="1">
    <nd ref="2062" />
    <nd ref="2144" />
    <nd ref="2145" />
    <nd ref="2146" />
    <tag k="subtype" v="solid" />
    <tag k="type" v="road_border" />
  </way>
  <way id="6317" version="1">
    <nd ref="2018" />
    <nd ref="2019" />
    <nd ref="2020" />
    <nd ref="2021" />
    <nd ref="2022" />
    <nd ref="2023" />
    <nd ref="2024" />
    <nd ref="2025" />
    <nd ref="2026" />
    <nd ref="2027" />
    <nd ref="2028" />
    <nd ref="2029" />
    <nd ref="2030" />
    <tag k="subtype" v="dashed" />
    <tag k="type" v="line_thin" />
  </way>
  <way id="6318" version="1">
    <nd ref="1945" />
    <nd ref="1946" />
    <nd ref="1947" />
    <nd ref="1948" />
    <nd ref="1949" />
    <nd ref="1950" />
    <nd ref="1951" />
    <nd ref="1952" />
    <nd ref="1953" />
    <nd ref="1954" />
    <nd ref="1955" />
    <nd ref="1956" />
    <nd ref="1957" />
    <nd ref="1958" />
    <nd ref="1959" />
    <nd ref="1960" />
    <nd ref="1961" />
    <nd ref="1962" />
    <tag k="subtype" v="solid" />
    <tag k="type" v="line_thin" />
  </way>
  <way id="6319" version="1">
    <nd ref="2045" />
    <nd ref="2046" />
    <nd ref="2047" />
    <nd ref="2048" />
    <nd ref="2049" />
    <nd ref="2050" />
    <nd ref="2051" />
    <nd ref="2052" />
    <nd ref="2053" />
    <nd ref="2054" />
    <nd ref="2055" />
    <nd ref="2056" />
    <nd ref="2030" />
    <tag k="subtype" v="dashed" />
    <tag k="type" v="line_thin" />
  </way>
  <way id="6320" version="1">
    <nd ref="1963" />
    <nd ref="1964" />
    <nd ref="1965" />
    <nd ref="1966" />
    <nd ref="1967" />
    <nd ref="1968" />
    <nd ref="1969" />
    <nd ref="1970" />
    <nd ref="1971" />
    <nd ref="1972" />
    <nd ref="1973" />
    <nd ref="1974" />
    <nd ref="1975" />
    <nd ref="1976" />
    <nd ref="1977" />
    <nd ref="1978" />
    <nd ref="1979" />
    <nd ref="1980" />
    <nd ref="1981" />
    <nd ref="1982" />
    <nd ref="1983" />
    <tag k="subtype" v="solid" />
    <tag k="type" v="line_thin" />
  </way>
  <way id="6321" version="1">
    <nd ref="3483" />
    <nd ref="3484" />
    <nd ref="3485" />
    <nd ref="3486" />
    <nd ref="3487" />
    <nd ref="3488" />
    <nd ref="3489" />
    <nd ref="3490" />
    <nd ref="3491" />
    <nd ref="3492" />
    <tag k="subtype" v="solid" />
    <tag k="type" v="road_border" />
  </way>
  <way id="6322" version="1">
    <nd ref="2533" />
    <nd ref="2534" />
    <nd ref="2535" />
    <nd ref="2536" />
    <nd ref="2537" />
    <nd ref="2538" />
    <nd ref="2539" />
    <nd ref="2540" />
    <nd ref="2541" />
    <tag k="subtype" v="solid" />
    <tag k="type" v="line_thin" />
  </way>
  <way id="6323" version="1">
    <nd ref="2541" />
    <nd ref="2542" />
    <nd ref="2543" />
    <nd ref="2544" />
    <nd ref="2545" />
    <nd ref="2546" />
    <nd ref="2547" />
    <nd ref="2548" />
    <nd ref="2549" />
    <nd ref="2550" />
    <nd ref="2551" />
    <nd ref="2552" />
    <nd ref="2553" />
    <nd ref="2554" />
    <nd ref="2555" />
    <nd ref="2556" />
    <nd ref="2557" />
    <nd ref="2558" />
    <nd ref="2559" />
    <nd ref="2560" />
    <nd ref="2561" />
    <nd ref="2562" />
    <nd ref="2563" />
    <nd ref="2564" />
    <nd ref="2565" />
    <nd ref="2566" />
    <nd ref="2567" />
    <nd ref="2568" />
    <nd ref="2569" />
    <tag k="subtype" v="solid" />
    <tag k="type" v="line_thin" />
  </way>
  <way id="6324" version="1">
    <nd ref="3463" />
    <nd ref="3464" />
    <nd ref="3465" />
    <nd ref="3466" />
    <nd ref="3467" />
    <nd ref="3468" />
    <nd ref="3469" />
    <nd ref="3470" />
    <nd ref="3471" />
    <nd ref="3472" />
    <nd ref="3473" />
    <nd ref="3474" />
    <nd ref="3475" />
    <nd ref="3476" />
    <nd ref="3477" />
    <nd ref="3478" />
    <nd ref="3479" />
    <nd ref="3480" />
    <nd ref="3481" />
    <nd ref="3482" />
    <nd ref="3483" />
    <tag k="subtype" v="solid" />
    <tag k="type" v="road_border" />
  </way>
  <way id="6325" version="1">
    <nd ref="3445" />
    <nd ref="3446" />
    <nd ref="3447" />
    <nd ref="3448" />
    <nd ref="3449" />
    <nd ref="3450" />
    <nd ref="3451" />
    <nd ref="3452" />
    <nd ref="3453" />
    <nd ref="3454" />
    <nd ref="3455" />
    <nd ref="3456" />
    <nd ref="3457" />
    <nd ref="3458" />
    <nd ref="3459" />
    <nd ref="3460" />
    <nd ref="3461" />
    <nd ref="3462" />
    <nd ref="3463" />
    <tag k="subtype" v="solid" />
    <tag k="type" v="road_border" />
  </way>
  <way id="6326" version="1">
    <nd ref="2569" />
    <nd ref="2570" />
    <nd ref="2571" />
    <nd ref="2572" />
    <nd ref="2573" />
    <nd ref="2574" />
    <nd ref="2575" />
    <nd ref="2576" />
    <nd ref="2577" />
    <nd ref="2578" />
    <nd ref="2579" />
    <nd ref="2580" />
    <nd ref="2581" />
    <nd ref="2582" />
    <nd ref="2583" />
    <nd ref="2584" />
    <tag k="subtype" v="solid" />
    <tag k="type" v="line_thin" />
  </way>
  <way id="6327" version="1">
    <nd ref="3429" />
    <nd ref="3430" />
    <nd ref="3431" />
    <nd ref="3432" />
    <nd ref="3433" />
    <nd ref="3434" />
    <nd ref="3435" />
    <nd ref="3436" />
    <nd ref="3437" />
    <nd ref="3438" />
    <nd ref="3439" />
    <nd ref="3440" />
    <nd ref="3441" />
    <nd ref="3442" />
    <nd ref="3443" />
    <nd ref="3444" />
    <nd ref="3445" />
    <tag k="subtype" v="solid" />
    <tag k="type" v="road_border" />
  </way>
  <way id="6328" version="1">
    <nd ref="2584" />
    <nd ref="2585" />
    <nd ref="2586" />
    <nd ref="2587" />
    <nd ref="2588" />
    <nd ref="2589" />
    <nd ref="2590" />
    <nd ref="2591" />
    <nd ref="2592" />
    <nd ref="2593" />
    <nd ref="2594" />
    <nd ref="2595" />
    <nd ref="2596" />
    <nd ref="2597" />
    <nd ref="2598" />
    <nd ref="2599" />
    <nd ref="2600" />
    <nd ref="2601" />
    <tag k="subtype" v="solid" />
    <tag k="type" v="line_thin" />
  </way>
  <way id="6329" version="1">
    <nd ref="3423" />
    <nd ref="3424" />
    <nd ref="3425" />
    <nd ref="3426" />
    <nd ref="3427" />
    <nd ref="3428" />
    <nd ref="3429" />
    <tag k="subtype" v="solid" />
    <tag k="type" v="line_thin" />
  </way>
  <way id="6330" version="1">
    <nd ref="2601" />
    <nd ref="2602" />
    <nd ref="2603" />
    <nd ref="2604" />
    <nd ref="2605" />
    <nd ref="2606" />
    <tag k="subtype" v="solid" />
    <tag k="type" v="line_thin" />
  </way>
  <way id="6331" version="1">
    <nd ref="2427" />
    <nd ref="2428" />
    <nd ref="2429" />
    <nd ref="2430" />
    <nd ref="2431" />
    <nd ref="2432" />
    <nd ref="2433" />
    <nd ref="2434" />
    <nd ref="2435" />
    <nd ref="2436" />
    <tag k="subtype" v="solid" />
    <tag k="type" v="line_thin" />
  </way>
  <way id="6333" version="1">
    <nd ref="3398" />
    <nd ref="3399" />
    <nd ref="3400" />
    <nd ref="3401" />
    <nd ref="3402" />
    <nd ref="3403" />
    <nd ref="3404" />
    <nd ref="3405" />
    <nd ref="3406" />
    <nd ref="3407" />
    <nd ref="3408" />
    <nd ref="3409" />
    <tag k="subtype" v="solid" />
    <tag k="type" v="line_thin" />
  </way>
  <way id="6335" version="1">
    <nd ref="3376" />
    <nd ref="3377" />
    <nd ref="3378" />
    <nd ref="3379" />
    <nd ref="3380" />
    <nd ref="3381" />
    <nd ref="3382" />
    <nd ref="3383" />
    <nd ref="3384" />
    <nd ref="3385" />
    <nd ref="3386" />
    <nd ref="3387" />
    <nd ref="3388" />
    <nd ref="3389" />
    <nd ref="3390" />
    <nd ref="3391" />
    <nd ref="3392" />
    <nd ref="3393" />
    <nd ref="3394" />
    <nd ref="3395" />
    <nd ref="3396" />
    <nd ref="3397" />
    <nd ref="3398" />
    <tag k="subtype" v="solid" />
    <tag k="type" v="line_thin" />
  </way>
  <way id="6336" version="1">
    <nd ref="3414" />
    <nd ref="5707" />
    <nd ref="3415" />
    <nd ref="3416" />
    <nd ref="3417" />
    <nd ref="3418" />
    <nd ref="3419" />
    <nd ref="3420" />
    <nd ref="3421" />
    <nd ref="3422" />
    <nd ref="3423" />
    <tag k="subtype" v="solid" />
    <tag k="type" v="line_thin" />
  </way>
  <way id="6337" version="1">
    <nd ref="3366" />
    <nd ref="3367" />
    <nd ref="3368" />
    <nd ref="3369" />
    <nd ref="3372" />
    <nd ref="3373" />
    <nd ref="3374" />
    <nd ref="3375" />
    <nd ref="3376" />
    <tag k="subtype" v="solid" />
    <tag k="type" v="line_thin" />
  </way>
  <way id="6338" version="1">
    <nd ref="2627" />
    <nd ref="2628" />
    <nd ref="2629" />
    <nd ref="2630" />
    <nd ref="2631" />
    <nd ref="2632" />
    <nd ref="2633" />
    <nd ref="2634" />
    <nd ref="2635" />
    <nd ref="2636" />
    <nd ref="2637" />
    <nd ref="2638" />
    <tag k="subtype" v="solid" />
    <tag k="type" v="line_thin" />
  </way>
  <way id="6339" version="1">
    <nd ref="2651" />
    <nd ref="2652" />
    <nd ref="2653" />
    <nd ref="2654" />
    <nd ref="2655" />
    <nd ref="2656" />
    <nd ref="2657" />
    <tag k="subtype" v="dashed" />
    <tag k="type" v="line_thin" />
  </way>
  <way id="6340" version="1">
    <nd ref="2638" />
    <nd ref="2639" />
    <nd ref="2640" />
    <nd ref="2641" />
    <nd ref="2642" />
    <nd ref="2643" />
    <nd ref="2644" />
    <nd ref="2645" />
    <nd ref="2646" />
    <nd ref="2647" />
    <nd ref="2648" />
    <nd ref="2649" />
    <nd ref="2650" />
    <nd ref="2651" />
    <tag k="subtype" v="solid" />
    <tag k="type" v="road_border" />
  </way>
  <way id="6341" version="1">
    <nd ref="2436" />
    <nd ref="2437" />
    <nd ref="2438" />
    <nd ref="2439" />
    <nd ref="2440" />
    <nd ref="2441" />
    <nd ref="2442" />
    <nd ref="2443" />
    <nd ref="2383" />
    <tag k="subtype" v="solid" />
    <tag k="type" v="line_thin" />
  </way>
  <way id="6342" version="1">
    <nd ref="2606" />
    <nd ref="2607" />
    <nd ref="2608" />
    <nd ref="2609" />
    <nd ref="2610" />
    <nd ref="2611" />
    <nd ref="2612" />
    <nd ref="2613" />
    <nd ref="2614" />
    <nd ref="2615" />
    <nd ref="2616" />
    <nd ref="2617" />
    <nd ref="2618" />
    <nd ref="2619" />
    <nd ref="2620" />
    <nd ref="2621" />
    <tag k="subtype" v="solid" />
    <tag k="type" v="line_thin" />
  </way>
  <way id="6343" version="1">
    <nd ref="2383" />
    <nd ref="3569" />
    <nd ref="3570" />
    <nd ref="3414" />
    <tag k="subtype" v="dashed" />
    <tag k="type" v="line_thin" />
  </way>
  <way id="6349" version="1">
    <nd ref="3184" />
    <nd ref="3185" />
    <nd ref="3186" />
    <nd ref="3187" />
    <tag k="subtype" v="solid" />
    <tag k="type" v="road_border" />
  </way>
  <way id="6350" version="1">
    <nd ref="5780" />
    <nd ref="3892" />
    <nd ref="3893" />
    <nd ref="3894" />
    <tag k="subtype" v="solid" />
    <tag k="type" v="line_thin" />
  </way>
  <way id="6351" version="1">
    <nd ref="3727" />
    <nd ref="3728" />
    <nd ref="3730" />
    <nd ref="3731" />
    <tag k="subtype" v="solid" />
    <tag k="type" v="road_border" />
  </way>
  <way id="6352" version="1">
    <nd ref="3715" />
    <nd ref="3716" />
    <nd ref="3717" />
    <nd ref="3718" />
    <nd ref="3719" />
    <nd ref="3720" />
    <nd ref="3722" />
    <nd ref="3723" />
    <nd ref="7224" />
    <nd ref="3726" />
    <nd ref="3727" />
    <tag k="subtype" v="solid" />
    <tag k="type" v="road_border" />
  </way>
  <way id="6353" version="1">
    <nd ref="3896" />
    <nd ref="3897" />
    <nd ref="3898" />
    <nd ref="3899" />
    <nd ref="3900" />
    <nd ref="3901" />
    <nd ref="3902" />
    <nd ref="3903" />
    <nd ref="3904" />
    <tag k="subtype" v="dashed" />
    <tag k="type" v="line_thin" />
  </way>
  <way id="6354" version="1">
    <nd ref="3172" />
    <nd ref="3173" />
    <nd ref="3174" />
    <nd ref="3175" />
    <nd ref="3176" />
    <nd ref="3177" />
    <nd ref="3178" />
    <nd ref="3179" />
    <nd ref="3180" />
    <nd ref="3181" />
    <nd ref="3182" />
    <tag k="subtype" v="solid" />
    <tag k="type" v="road_border" />
  </way>
  <way id="6355" version="1">
    <nd ref="3904" />
    <nd ref="3905" />
    <nd ref="3906" />
    <nd ref="3907" />
    <nd ref="3908" />
    <tag k="subtype" v="dashed" />
    <tag k="type" v="line_thin" />
  </way>
  <way id="6356" version="1">
    <nd ref="3711" />
    <nd ref="3712" />
    <nd ref="3713" />
    <nd ref="3714" />
    <nd ref="3715" />
    <tag k="subtype" v="solid" />
    <tag k="type" v="road_border" />
  </way>
  <way id="6357" version="1">
    <nd ref="3908" />
    <nd ref="3909" />
    <nd ref="3910" />
    <nd ref="3911" />
    <nd ref="3912" />
    <nd ref="3913" />
    <tag k="subtype" v="dashed" />
    <tag k="type" v="line_thin" />
  </way>
  <way id="6358" version="1">
    <nd ref="3706" />
    <nd ref="3707" />
    <nd ref="3708" />
    <nd ref="3709" />
    <nd ref="3710" />
    <nd ref="3711" />
    <tag k="subtype" v="solid" />
    <tag k="type" v="road_border" />
  </way>
  <way id="6359" version="1">
    <nd ref="5745" />
    <nd ref="3138" />
    <nd ref="3139" />
    <nd ref="3140" />
    <nd ref="3141" />
    <nd ref="3142" />
    <nd ref="3143" />
    <nd ref="3144" />
    <tag k="subtype" v="solid" />
    <tag k="type" v="line_thin" />
  </way>
  <way id="6360" version="1">
    <nd ref="3913" />
    <nd ref="3914" />
    <nd ref="3915" />
    <nd ref="3916" />
    <nd ref="3917" />
    <nd ref="3918" />
    <nd ref="3919" />
    <nd ref="3920" />
    <nd ref="3921" />
    <nd ref="3922" />
    <nd ref="3923" />
    <nd ref="3924" />
    <nd ref="3925" />
    <tag k="subtype" v="dashed" />
    <tag k="type" v="line_thin" />
  </way>
  <way id="6361" version="1">
    <nd ref="3693" />
    <nd ref="3694" />
    <nd ref="3695" />
    <nd ref="3696" />
    <nd ref="3697" />
    <nd ref="3698" />
    <nd ref="3699" />
    <nd ref="3700" />
    <nd ref="3701" />
    <nd ref="3702" />
    <nd ref="3703" />
    <nd ref="3704" />
    <nd ref="3705" />
    <nd ref="3706" />
    <tag k="subtype" v="solid" />
    <tag k="type" v="road_border" />
  </way>
  <way id="6362" version="1">
    <nd ref="3346" />
    <nd ref="3347" />
    <nd ref="3348" />
    <nd ref="3349" />
    <nd ref="3350" />
    <nd ref="3351" />
    <nd ref="3352" />
    <nd ref="3353" />
    <nd ref="3354" />
    <nd ref="3355" />
    <nd ref="3356" />
    <nd ref="3357" />
    <tag k="subtype" v="solid" />
    <tag k="type" v="road_border" />
  </way>
  <way id="6363" version="1">
    <nd ref="4153" />
    <nd ref="2663" />
    <nd ref="2664" />
    <nd ref="2665" />
    <nd ref="2666" />
    <nd ref="2667" />
    <nd ref="2668" />
    <nd ref="2669" />
    <nd ref="2670" />
    <tag k="subtype" v="solid" />
    <tag k="type" v="road_border" />
  </way>
  <way id="6364" version="1">
    <nd ref="3357" />
    <nd ref="3358" />
    <nd ref="3359" />
    <nd ref="3360" />
    <nd ref="3361" />
    <nd ref="3362" />
    <tag k="subtype" v="solid" />
    <tag k="type" v="road_border" />
  </way>
  <way id="6365" version="1">
    <nd ref="2657" />
    <nd ref="2658" />
    <nd ref="2659" />
    <nd ref="2660" />
    <nd ref="2661" />
    <nd ref="2662" />
    <nd ref="4153" />
    <tag k="subtype" v="dashed" />
    <tag k="type" v="line_thin" />
  </way>
  <way id="6366" version="1">
    <nd ref="2670" />
    <nd ref="2671" />
    <nd ref="2672" />
    <nd ref="2673" />
    <nd ref="2674" />
    <tag k="subtype" v="solid" />
    <tag k="type" v="road_border" />
  </way>
  <way id="6367" version="1">
    <nd ref="3330" />
    <nd ref="3331" />
    <nd ref="3332" />
    <nd ref="3333" />
    <nd ref="3334" />
    <nd ref="3335" />
    <nd ref="3336" />
    <nd ref="3337" />
    <nd ref="3338" />
    <tag k="subtype" v="solid" />
    <tag k="type" v="road_border" />
  </way>
  <way id="6368" version="1">
    <nd ref="3320" />
    <nd ref="3321" />
    <nd ref="3322" />
    <nd ref="3323" />
    <nd ref="3324" />
    <nd ref="3325" />
    <nd ref="3326" />
    <nd ref="3327" />
    <nd ref="3328" />
    <nd ref="3329" />
    <nd ref="3330" />
    <tag k="subtype" v="solid" />
    <tag k="type" v="road_border" />
  </way>
  <way id="6369" version="1">
    <nd ref="2677" />
    <nd ref="2679" />
    <nd ref="2680" />
    <nd ref="2681" />
    <nd ref="2682" />
    <nd ref="2683" />
    <nd ref="2684" />
    <nd ref="2685" />
    <nd ref="2686" />
    <tag k="subtype" v="solid" />
    <tag k="type" v="line_thick" />
  </way>
  <way id="6370" version="1">
    <nd ref="2686" />
    <nd ref="2687" />
    <nd ref="2688" />
    <nd ref="2689" />
    <nd ref="2690" />
    <nd ref="2691" />
    <tag k="subtype" v="dashed" />
    <tag k="type" v="line_thin" />
  </way>
  <way id="6372" version="1">
    <nd ref="2691" />
    <nd ref="2692" />
    <nd ref="2693" />
    <nd ref="2694" />
    <nd ref="2695" />
    <nd ref="2696" />
    <tag k="subtype" v="solid" />
    <tag k="type" v="line_thin" />
  </way>
  <way id="6373" version="1">
    <nd ref="3315" />
    <nd ref="3316" />
    <nd ref="3317" />
    <nd ref="3318" />
    <nd ref="3319" />
    <nd ref="3320" />
    <tag k="subtype" v="solid" />
    <tag k="type" v="road_border" />
  </way>
  <way id="6374" version="1">
    <nd ref="2696" />
    <nd ref="2697" />
    <nd ref="2698" />
    <nd ref="2699" />
    <nd ref="2700" />
    <nd ref="2701" />
    <nd ref="2702" />
    <nd ref="2703" />
    <nd ref="2704" />
    <nd ref="2705" />
    <nd ref="2706" />
    <nd ref="2707" />
    <nd ref="2708" />
    <tag k="subtype" v="solid" />
    <tag k="type" v="line_thin" />
  </way>
  <way id="6375" version="1">
    <nd ref="3303" />
    <nd ref="3304" />
    <nd ref="3305" />
    <nd ref="3306" />
    <nd ref="3307" />
    <nd ref="3308" />
    <nd ref="3309" />
    <nd ref="3310" />
    <nd ref="3311" />
    <nd ref="3312" />
    <tag k="subtype" v="solid" />
    <tag k="type" v="road_border" />
  </way>
  <way id="6376" version="1">
    <nd ref="3295" />
    <nd ref="3296" />
    <nd ref="3297" />
    <nd ref="3298" />
    <nd ref="3299" />
    <nd ref="3300" />
    <nd ref="3301" />
    <nd ref="3302" />
    <nd ref="3303" />
    <tag k="subtype" v="solid" />
    <tag k="type" v="road_border" />
  </way>
  <way id="6377" version="1">
    <nd ref="2708" />
    <nd ref="2709" />
    <nd ref="2710" />
    <nd ref="2711" />
    <nd ref="2712" />
    <nd ref="2713" />
    <nd ref="2714" />
    <nd ref="2715" />
    <nd ref="2716" />
    <nd ref="2717" />
    <tag k="subtype" v="solid" />
    <tag k="type" v="line_thin" />
  </way>
  <way id="6378" version="1">
    <nd ref="3492" />
    <nd ref="3493" />
    <nd ref="3494" />
    <nd ref="3495" />
    <nd ref="3496" />
    <nd ref="3497" />
    <nd ref="3498" />
    <nd ref="3499" />
    <nd ref="3500" />
    <nd ref="3501" />
    <nd ref="3502" />
    <nd ref="3503" />
    <nd ref="3504" />
    <nd ref="3505" />
    <nd ref="3506" />
    <tag k="subtype" v="solid" />
    <tag k="type" v="road_border" />
  </way>
  <way id="6379" version="1">
    <nd ref="2514" />
    <nd ref="2515" />
    <nd ref="2516" />
    <nd ref="2517" />
    <nd ref="2518" />
    <nd ref="2519" />
    <nd ref="2520" />
    <nd ref="2521" />
    <nd ref="2522" />
    <nd ref="2523" />
    <nd ref="2524" />
    <nd ref="2525" />
    <nd ref="2526" />
    <nd ref="2527" />
    <nd ref="2528" />
    <nd ref="2529" />
    <nd ref="2530" />
    <nd ref="2531" />
    <nd ref="2532" />
    <nd ref="2533" />
    <tag k="subtype" v="solid" />
    <tag k="type" v="road_border" />
  </way>
  <way id="6380" version="1">
    <nd ref="2496" />
    <nd ref="2497" />
    <nd ref="2498" />
    <nd ref="2499" />
    <nd ref="2500" />
    <nd ref="2501" />
    <nd ref="2502" />
    <nd ref="2503" />
    <nd ref="2504" />
    <nd ref="2505" />
    <nd ref="2506" />
    <nd ref="2507" />
    <nd ref="2508" />
    <nd ref="2509" />
    <nd ref="2510" />
    <nd ref="2511" />
    <nd ref="2512" />
    <nd ref="2513" />
    <nd ref="2514" />
    <tag k="subtype" v="solid" />
    <tag k="type" v="road_border" />
  </way>
  <way id="6381" version="1">
    <nd ref="3506" />
    <nd ref="3507" />
    <nd ref="3508" />
    <nd ref="3509" />
    <nd ref="3510" />
    <nd ref="3511" />
    <nd ref="3512" />
    <nd ref="3513" />
    <nd ref="3514" />
    <nd ref="3515" />
    <nd ref="3516" />
    <nd ref="3517" />
    <nd ref="3518" />
    <nd ref="3519" />
    <nd ref="3520" />
    <tag k="subtype" v="solid" />
    <tag k="type" v="road_border" />
  </way>
  <way id="6382" version="1">
    <nd ref="3520" />
    <nd ref="3521" />
    <nd ref="3522" />
    <nd ref="3523" />
    <nd ref="3524" />
    <nd ref="3525" />
    <nd ref="3526" />
    <tag k="subtype" v="solid" />
    <tag k="type" v="line_thin" />
  </way>
  <way id="6383" version="1">
    <nd ref="2490" />
    <nd ref="2491" />
    <nd ref="2492" />
    <nd ref="2493" />
    <nd ref="2494" />
    <nd ref="2495" />
    <nd ref="2496" />
    <tag k="subtype" v="solid" />
    <tag k="type" v="road_border" />
  </way>
  <way id="6384" version="1">
    <nd ref="2467" />
    <nd ref="2468" />
    <nd ref="2469" />
    <nd ref="2470" />
    <nd ref="2471" />
    <nd ref="2472" />
    <nd ref="2473" />
    <nd ref="2474" />
    <nd ref="2475" />
    <nd ref="2476" />
    <nd ref="2477" />
    <nd ref="2478" />
    <nd ref="2479" />
    <nd ref="2480" />
    <nd ref="2481" />
    <nd ref="2482" />
    <nd ref="2483" />
    <nd ref="2484" />
    <nd ref="2485" />
    <nd ref="2486" />
    <nd ref="2487" />
    <nd ref="2488" />
    <nd ref="2489" />
    <nd ref="2490" />
    <tag k="subtype" v="solid" />
    <tag k="type" v="line_thin" />
  </way>
  <way id="6385" version="1">
    <nd ref="3526" />
    <nd ref="3527" />
    <nd ref="3528" />
    <nd ref="3529" />
    <nd ref="3530" />
    <nd ref="3531" />
    <nd ref="3532" />
    <nd ref="3533" />
    <nd ref="3534" />
    <nd ref="3535" />
    <nd ref="3536" />
    <nd ref="3537" />
    <nd ref="3538" />
    <nd ref="3539" />
    <nd ref="3540" />
    <nd ref="3541" />
    <nd ref="3542" />
    <nd ref="3543" />
    <nd ref="3544" />
    <nd ref="3545" />
    <nd ref="3546" />
    <tag k="subtype" v="solid" />
    <tag k="type" v="line_thin" />
  </way>
  <way id="6386" version="1">
    <nd ref="2717" />
    <nd ref="2718" />
    <nd ref="2719" />
    <nd ref="2720" />
    <nd ref="2721" />
    <nd ref="2722" />
    <nd ref="2723" />
    <tag k="subtype" v="dashed" />
    <tag k="type" v="line_thin" />
  </way>
  <way id="6387" version="1">
    <nd ref="3292" />
    <nd ref="3293" />
    <nd ref="3294" />
    <nd ref="3295" />
    <tag k="subtype" v="solid" />
    <tag k="type" v="road_border" />
  </way>
  <way id="6388" version="1">
    <nd ref="3312" />
    <nd ref="3313" />
    <nd ref="3314" />
    <nd ref="3315" />
    <tag k="subtype" v="solid" />
    <tag k="type" v="road_border" />
  </way>
  <way id="6389" version="1">
    <nd ref="3338" />
    <nd ref="3339" />
    <nd ref="3340" />
    <nd ref="3341" />
    <nd ref="3342" />
    <nd ref="3343" />
    <nd ref="3344" />
    <nd ref="3345" />
    <nd ref="3346" />
    <tag k="subtype" v="solid" />
    <tag k="type" v="road_border" />
  </way>
  <way id="6390" version="1">
    <nd ref="2674" />
    <nd ref="2675" />
    <nd ref="2676" />
    <nd ref="2677" />
    <tag k="subtype" v="solid" />
    <tag k="type" v="road_border" />
  </way>
  <way id="6391" version="1">
    <nd ref="2427" />
    <nd ref="2657" />
    <tag k="subtype" v="dashed" />
    <tag k="type" v="line_thin" />
  </way>
  <way id="6392" version="1">
    <nd ref="3362" />
    <nd ref="3363" />
    <nd ref="3364" />
    <nd ref="3365" />
    <nd ref="3366" />
    <tag k="subtype" v="solid" />
    <tag k="type" v="line_thin" />
  </way>
  <way id="6393" version="1">
    <nd ref="2621" />
    <nd ref="2622" />
    <nd ref="2623" />
    <nd ref="2624" />
    <nd ref="2625" />
    <nd ref="2626" />
    <nd ref="2627" />
    <tag k="subtype" v="solid" />
    <tag k="type" v="line_thin" />
  </way>
  <way id="6394" version="1">
    <nd ref="1620" />
    <nd ref="1621" />
    <nd ref="1622" />
    <nd ref="1623" />
    <nd ref="1624" />
    <nd ref="1625" />
    <nd ref="1626" />
    <nd ref="1627" />
    <nd ref="1628" />
    <nd ref="1629" />
    <tag k="subtype" v="solid" />
    <tag k="type" v="line_thin" />
  </way>
  <way id="6395" version="1">
    <nd ref="173" />
    <nd ref="1515" />
    <nd ref="1516" />
    <nd ref="1517" />
    <nd ref="1518" />
    <nd ref="1519" />
    <nd ref="1520" />
    <nd ref="1521" />
    <nd ref="1522" />
    <nd ref="1523" />
    <nd ref="1524" />
    <nd ref="1525" />
    <nd ref="1526" />
    <tag k="subtype" v="solid" />
    <tag k="type" v="line_thin" />
  </way>
  <way id="6396" version="1">
    <nd ref="1526" />
    <nd ref="1527" />
    <nd ref="1528" />
    <nd ref="1529" />
    <nd ref="1530" />
    <nd ref="1531" />
    <nd ref="1532" />
    <nd ref="1533" />
    <nd ref="1534" />
    <nd ref="1535" />
    <tag k="subtype" v="solid" />
    <tag k="type" v="line_thin" />
  </way>
  <way id="6397" version="1">
    <nd ref="1612" />
    <nd ref="1613" />
    <nd ref="1614" />
    <nd ref="1615" />
    <nd ref="1616" />
    <nd ref="1617" />
    <nd ref="1618" />
    <nd ref="1619" />
    <nd ref="1620" />
    <tag k="subtype" v="solid" />
    <tag k="type" v="line_thin" />
  </way>
  <way id="6398" version="1">
    <nd ref="1535" />
    <nd ref="1536" />
    <nd ref="1537" />
    <nd ref="1538" />
    <tag k="subtype" v="solid" />
    <tag k="type" v="line_thin" />
  </way>
  <way id="6399" version="1">
    <nd ref="1609" />
    <nd ref="1610" />
    <nd ref="1611" />
    <nd ref="1612" />
    <tag k="subtype" v="solid" />
    <tag k="type" v="line_thin" />
  </way>
  <way id="6400" version="1">
    <nd ref="1538" />
    <nd ref="1539" />
    <nd ref="1540" />
    <tag k="subtype" v="solid" />
    <tag k="type" v="line_thin" />
  </way>
  <way id="6401" version="1">
    <nd ref="1608" />
    <nd ref="1609" />
    <tag k="subtype" v="dashed" />
    <tag k="type" v="line_thin" />
  </way>
  <way id="6402" version="1">
    <nd ref="1540" />
    <nd ref="1541" />
    <nd ref="1542" />
    <nd ref="1543" />
    <tag k="subtype" v="solid" />
    <tag k="type" v="line_thin" />
  </way>
  <way id="6403" version="1">
    <nd ref="1606" />
    <nd ref="1607" />
    <nd ref="1608" />
    <tag k="subtype" v="solid" />
    <tag k="type" v="line_thin" />
  </way>
  <way id="6404" version="1">
    <nd ref="1543" />
    <nd ref="5701" />
    <tag k="subtype" v="solid" />
    <tag k="type" v="line_thin" />
  </way>
  <way id="6405" version="1">
    <nd ref="1598" />
    <nd ref="1599" />
    <nd ref="1600" />
    <nd ref="1601" />
    <nd ref="1602" />
    <tag k="subtype" v="solid" />
    <tag k="type" v="line_thin" />
  </way>
  <way id="6406" version="1">
    <nd ref="5701" />
    <nd ref="5700" />
    <tag k="subtype" v="solid" />
    <tag k="type" v="line_thin" />
  </way>
  <way id="6407" version="1">
    <nd ref="1602" />
    <nd ref="1603" />
    <nd ref="1604" />
    <nd ref="1605" />
    <nd ref="1606" />
    <tag k="subtype" v="solid" />
    <tag k="type" v="line_thin" />
  </way>
  <way id="6408" version="1">
    <nd ref="5700" />
    <nd ref="5702" />
    <tag k="subtype" v="solid" />
    <tag k="type" v="line_thin" />
  </way>
  <way id="6409" version="1">
    <nd ref="1594" />
    <nd ref="1595" />
    <nd ref="1596" />
    <nd ref="1597" />
    <nd ref="1598" />
    <tag k="subtype" v="solid" />
    <tag k="type" v="line_thin" />
  </way>
  <way id="6410" version="1">
    <nd ref="5702" />
    <nd ref="1544" />
    <nd ref="1545" />
    <nd ref="1546" />
    <tag k="subtype" v="solid" />
    <tag k="type" v="line_thin" />
  </way>
  <way id="6411" version="1">
    <nd ref="1590" />
    <nd ref="1591" />
    <nd ref="1592" />
    <nd ref="1593" />
    <nd ref="1594" />
    <tag k="subtype" v="solid" />
    <tag k="type" v="line_thin" />
  </way>
  <way id="6412" version="1">
    <nd ref="1546" />
    <nd ref="1547" />
    <nd ref="1548" />
    <nd ref="1549" />
    <nd ref="1550" />
    <nd ref="1551" />
    <nd ref="1552" />
    <tag k="subtype" v="solid" />
    <tag k="type" v="line_thin" />
  </way>
  <way id="6413" version="1">
    <nd ref="1584" />
    <nd ref="1585" />
    <nd ref="1586" />
    <nd ref="1587" />
    <nd ref="1588" />
    <nd ref="1589" />
    <nd ref="1590" />
    <tag k="subtype" v="solid" />
    <tag k="type" v="line_thin" />
  </way>
  <way id="6414" version="1">
    <nd ref="1562" />
    <nd ref="1563" />
    <nd ref="1564" />
    <nd ref="1565" />
    <nd ref="1566" />
    <nd ref="1567" />
    <nd ref="7078" />
    <nd ref="227" />
    <tag k="subtype" v="solid" />
    <tag k="type" v="line_thick" />
  </way>
  <way id="6415" version="1">
    <nd ref="1569" />
    <nd ref="1570" />
    <nd ref="1571" />
    <nd ref="1572" />
    <nd ref="1573" />
    <nd ref="1574" />
    <tag k="subtype" v="solid" />
    <tag k="type" v="line_thick" />
  </way>
  <way id="6416" version="1">
    <nd ref="229" />
    <nd ref="1568" />
    <nd ref="1569" />
    <tag k="subtype" v="solid" />
    <tag k="type" v="line_thick" />
  </way>
  <way id="6417" version="1">
    <nd ref="227" />
    <nd ref="5703" />
    <nd ref="5704" />
    <nd ref="5705" />
    <tag k="type" v="virtual" />
  </way>
  <way id="6418" version="1">
    <nd ref="173" />
    <nd ref="174" />
    <nd ref="175" />
    <nd ref="176" />
    <nd ref="177" />
    <tag k="subtype" v="solid" />
    <tag k="type" v="line_thin" />
  </way>
  <way id="6419" version="1">
    <nd ref="458" />
    <nd ref="459" />
    <nd ref="460" />
    <nd ref="461" />
    <nd ref="462" />
    <nd ref="463" />
    <tag k="subtype" v="solid" />
    <tag k="type" v="line_thin" />
  </way>
  <way id="6420" version="1">
    <nd ref="787" />
    <nd ref="788" />
    <nd ref="789" />
    <nd ref="790" />
    <nd ref="791" />
    <nd ref="792" />
    <tag k="subtype" v="solid" />
    <tag k="type" v="line_thin" />
  </way>
  <way id="6421" version="1">
    <nd ref="1129" />
    <nd ref="1128" />
    <nd ref="1127" />
    <nd ref="1126" />
    <nd ref="1125" />
    <nd ref="1124" />
    <nd ref="1123" />
    <tag k="type" v="guard_rail" />
  </way>
  <way id="6422" version="1">
    <nd ref="5710" />
    <nd ref="5711" />
    <nd ref="5712" />
    <nd ref="5713" />
    <nd ref="5714" />
    <nd ref="5715" />
    <nd ref="5716" />
    <nd ref="21" />
    <tag k="type" v="guard_rail" />
  </way>
  <way id="6423" version="1">
    <nd ref="5717" />
    <nd ref="5718" />
    <nd ref="5719" />
    <nd ref="5720" />
    <nd ref="5721" />
    <nd ref="5722" />
    <nd ref="5723" />
    <nd ref="5724" />
    <nd ref="1484" />
    <tag k="type" v="guard_rail" />
  </way>
  <way id="6424" version="1">
    <nd ref="973" />
    <nd ref="5725" />
    <nd ref="5726" />
    <nd ref="5733" />
    <nd ref="5727" />
    <nd ref="5728" />
    <nd ref="5709" />
    <nd ref="5729" />
    <nd ref="5730" />
    <nd ref="5741" />
    <nd ref="5731" />
    <nd ref="5732" />
    <tag k="type" v="virtual" />
  </way>
  <way id="6425" version="1">
    <nd ref="974" />
    <nd ref="5734" />
    <nd ref="5735" />
    <nd ref="5736" />
    <nd ref="5737" />
    <nd ref="5743" />
    <nd ref="5738" />
    <nd ref="5742" />
    <nd ref="5739" />
    <nd ref="5740" />
    <nd ref="5732" />
    <tag k="type" v="virtual" />
  </way>
  <way id="6426" version="1">
    <nd ref="3164" />
    <nd ref="3165" />
    <nd ref="3166" />
    <nd ref="3167" />
    <nd ref="3168" />
    <nd ref="3169" />
    <nd ref="4173" />
    <tag k="subtype" v="dashed" />
    <tag k="type" v="line_thin" />
  </way>
  <way id="6427" version="1">
    <nd ref="4173" />
    <nd ref="3170" />
    <nd ref="3171" />
    <nd ref="3172" />
    <tag k="subtype" v="solid" />
    <tag k="type" v="road_border" />
  </way>
  <way id="6428" version="1">
    <nd ref="3150" />
    <nd ref="3151" />
    <nd ref="3152" />
    <nd ref="3153" />
    <tag k="type" v="virtual" />
  </way>
  <way id="6429" version="1">
    <nd ref="3925" />
    <nd ref="3926" />
    <nd ref="3927" />
    <nd ref="3928" />
    <nd ref="3929" />
    <nd ref="3930" />
    <nd ref="3931" />
    <nd ref="5266" />
    <tag k="subtype" v="solid" />
    <tag k="type" v="line_thin" />
  </way>
  <way id="6432" version="1">
    <nd ref="5746" />
    <nd ref="3137" />
    <tag k="type" v="virtual" />
  </way>
  <way id="6433" version="1">
    <nd ref="5280" />
    <nd ref="5281" />
    <nd ref="5282" />
    <nd ref="5283" />
    <nd ref="5284" />
    <nd ref="5285" />
    <nd ref="5286" />
    <nd ref="5287" />
    <nd ref="5288" />
    <nd ref="5289" />
    <nd ref="5290" />
    <nd ref="5291" />
    <tag k="subtype" v="solid" />
    <tag k="type" v="line_thin" />
  </way>
  <way id="6434" version="1">
    <nd ref="5291" />
    <nd ref="5292" />
    <tag k="type" v="virtual" />
  </way>
  <way id="6435" version="1">
    <nd ref="3136" />
    <nd ref="5746" />
    <tag k="type" v="virtual" />
  </way>
  <way id="6436" version="1">
    <nd ref="5293" />
    <nd ref="5294" />
    <tag k="type" v="virtual" />
  </way>
  <way id="6437" version="1">
    <nd ref="5266" />
    <nd ref="3932" />
    <nd ref="3933" />
    <nd ref="3934" />
    <nd ref="3935" />
    <nd ref="3936" />
    <tag k="subtype" v="solid" />
    <tag k="type" v="line_thin" />
  </way>
  <way id="6438" version="1">
    <nd ref="5266" />
    <nd ref="5267" />
    <nd ref="5268" />
    <nd ref="5272" />
    <nd ref="5274" />
    <nd ref="5277" />
    <nd ref="5278" />
    <nd ref="5279" />
    <nd ref="5280" />
    <tag k="subtype" v="dashed" />
    <tag k="type" v="line_thin" />
  </way>
  <way id="6439" version="1">
    <nd ref="3144" />
    <nd ref="3145" />
    <nd ref="3146" />
    <nd ref="3147" />
    <nd ref="3148" />
    <nd ref="3149" />
    <nd ref="3150" />
    <tag k="subtype" v="dashed" />
    <tag k="type" v="line_thin" />
  </way>
  <way id="6440" version="1">
    <nd ref="3939" />
    <nd ref="3940" />
    <nd ref="3941" />
    <nd ref="3942" />
    <nd ref="3943" />
    <nd ref="3944" />
    <tag k="subtype" v="solid" />
    <tag k="type" v="line_thin" />
  </way>
  <way id="6441" version="1">
    <nd ref="3944" />
    <nd ref="5757" />
    <tag k="type" v="line_thin" />
  </way>
  <way id="6442" version="1">
    <nd ref="3945" />
    <nd ref="3946" />
    <tag k="type" v="line_thin" />
  </way>
  <way id="6444" version="1">
    <nd ref="3136" />
    <nd ref="3135" />
    <nd ref="5227" />
    <nd ref="3134" />
    <nd ref="3133" />
    <nd ref="3132" />
    <nd ref="3131" />
    <nd ref="3130" />
    <nd ref="3129" />
    <nd ref="3128" />
    <nd ref="3127" />
    <tag k="subtype" v="dashed" />
    <tag k="type" v="line_thin" />
  </way>
  <way id="6445" version="1">
    <nd ref="3127" />
    <nd ref="3126" />
    <tag k="type" v="line_thick" />
  </way>
  <way id="6446" version="1">
    <nd ref="5192" />
    <nd ref="5193" />
    <nd ref="5194" />
    <nd ref="5195" />
    <nd ref="5196" />
    <nd ref="5197" />
    <nd ref="9176" />
    <nd ref="5198" />
    <nd ref="3108" />
    <tag k="subtype" v="solid" />
    <tag k="type" v="line_thin" />
  </way>
  <way id="6447" version="1">
    <nd ref="5184" />
    <nd ref="5183" />
    <nd ref="5182" />
    <nd ref="5181" />
    <nd ref="5897" />
    <tag k="subtype" v="dashed" />
    <tag k="type" v="line_thin" />
  </way>
  <way id="6448" version="1">
    <nd ref="5178" />
    <nd ref="5744" />
    <tag k="type" v="virtual" />
  </way>
  <way id="6449" version="1">
    <nd ref="5079" />
    <nd ref="5080" />
    <nd ref="5081" />
    <nd ref="5082" />
    <nd ref="5083" />
    <nd ref="5084" />
    <nd ref="5085" />
    <nd ref="5086" />
    <nd ref="5087" />
    <tag k="subtype" v="solid" />
    <tag k="type" v="line_thin" />
  </way>
  <way id="6450" version="1">
    <nd ref="5077" />
    <nd ref="5078" />
    <tag k="type" v="virtual" />
  </way>
  <way id="6451" version="1">
    <nd ref="3137" />
    <nd ref="5745" />
    <tag k="subtype" v="solid" />
    <tag k="type" v="line_thin" />
  </way>
  <way id="6452" version="1">
    <nd ref="5292" />
    <nd ref="5293" />
    <tag k="type" v="virtual" />
  </way>
  <way id="6453" version="1">
    <nd ref="5108" />
    <nd ref="5748" />
    <nd ref="5199" />
    <nd ref="5200" />
    <nd ref="8574" />
    <nd ref="5201" />
    <nd ref="5202" />
    <nd ref="5203" />
    <nd ref="5204" />
    <nd ref="8285" />
    <tag k="lane_change" v="no" />
    <tag k="subtype" v="dashed" />
    <tag k="type" v="line_thin" />
  </way>
  <way id="6454" version="1">
    <nd ref="5190" />
    <nd ref="5191" />
    <tag k="type" v="virtual" />
  </way>
  <way id="6455" version="1">
    <nd ref="7348" />
    <nd ref="9175" />
    <nd ref="7340" />
    <nd ref="3117" />
    <nd ref="3118" />
    <nd ref="3119" />
    <nd ref="3120" />
    <nd ref="2800" />
    <tag k="type" v="virtual" />
  </way>
  <way id="6456" version="1">
    <nd ref="2686" />
    <nd ref="2724" />
    <nd ref="3115" />
    <tag k="subtype" v="solid" />
    <tag k="type" v="line_thin" />
  </way>
  <way id="6458" version="1">
    <nd ref="3126" />
    <nd ref="3125" />
    <tag k="subtype" v="solid" />
    <tag k="type" v="line_thick" />
  </way>
  <way id="6459" version="1">
    <nd ref="5191" />
    <nd ref="5192" />
    <tag k="type" v="virtual" />
  </way>
  <way id="6460" version="1">
    <nd ref="3108" />
    <nd ref="2728" />
    <nd ref="9192" />
    <nd ref="2729" />
    <nd ref="3103" />
    <tag k="type" v="virtual" />
  </way>
  <way id="6461" version="1">
    <nd ref="3103" />
    <nd ref="3104" />
    <nd ref="3105" />
    <nd ref="3106" />
    <nd ref="3107" />
    <nd ref="2803" />
    <tag k="type" v="virtual" />
  </way>
  <way id="6462" version="1">
    <nd ref="5586" />
    <nd ref="5890" />
    <nd ref="5072" />
    <nd ref="5073" />
    <nd ref="5074" />
    <nd ref="5075" />
    <nd ref="5076" />
    <nd ref="5077" />
    <tag k="type" v="virtual" />
  </way>
  <way id="6463" version="1">
    <nd ref="5758" />
    <nd ref="5298" />
    <nd ref="5300" />
    <nd ref="5301" />
    <nd ref="5302" />
    <nd ref="5304" />
    <nd ref="5306" />
    <nd ref="5307" />
    <nd ref="5309" />
    <tag k="lane_change" v="no" />
    <tag k="subtype" v="dashed" />
    <tag k="type" v="line_thin" />
  </way>
  <way id="6468" version="1">
    <nd ref="4368" />
    <nd ref="5058" />
    <nd ref="5059" />
    <tag k="subtype" v="solid" />
    <tag k="type" v="line_thin" />
  </way>
  <way id="6469" version="1">
    <nd ref="5335" />
    <nd ref="5336" />
    <nd ref="5338" />
    <nd ref="5339" />
    <nd ref="5751" />
    <nd ref="5340" />
    <tag k="type" v="virtual" />
  </way>
  <way id="6470" version="1">
    <nd ref="5059" />
    <nd ref="5060" />
    <nd ref="5061" />
    <tag k="subtype" v="solid" />
    <tag k="type" v="line_thin" />
  </way>
  <way id="6471" version="1">
    <nd ref="5333" />
    <nd ref="5334" />
    <nd ref="5337" />
    <nd ref="5335" />
    <tag k="type" v="virtual" />
  </way>
  <way id="6472" version="1">
    <nd ref="4366" />
    <nd ref="4367" />
    <nd ref="5750" />
    <nd ref="4368" />
    <tag k="subtype" v="solid" />
    <tag k="type" v="line_thin" />
  </way>
  <way id="6473" version="1">
    <nd ref="4368" />
    <nd ref="4369" />
    <nd ref="4370" />
    <nd ref="4371" />
    <nd ref="4372" />
    <nd ref="4373" />
    <nd ref="5853" />
    <nd ref="4374" />
    <nd ref="4375" />
    <nd ref="4376" />
    <tag k="subtype" v="dashed" />
    <tag k="type" v="line_thin" />
  </way>
  <way id="6474" version="1">
    <nd ref="5130" />
    <nd ref="5054" />
    <nd ref="8889" />
    <nd ref="5055" />
    <nd ref="5056" />
    <nd ref="5057" />
    <nd ref="4366" />
    <tag k="subtype" v="solid" />
    <tag k="type" v="line_thin" />
  </way>
  <way id="6475" version="1">
    <nd ref="4022" />
    <nd ref="3975" />
    <nd ref="3976" />
    <nd ref="3977" />
    <nd ref="5340" />
    <tag k="subtype" v="dashed" />
    <tag k="type" v="line_thin" />
  </way>
  <way id="6476" version="1">
    <nd ref="3150" />
    <nd ref="5752" />
    <nd ref="5753" />
    <nd ref="5754" />
    <nd ref="5755" />
    <tag k="type" v="virtual" />
  </way>
  <way id="6477" version="1">
    <nd ref="5757" />
    <nd ref="3945" />
    <tag k="type" v="line_thin" />
  </way>
  <way id="6478" version="1">
    <nd ref="5758" />
    <nd ref="7227" />
    <nd ref="5765" />
    <nd ref="5759" />
    <nd ref="5762" />
    <nd ref="8387" />
    <nd ref="5760" />
    <nd ref="5764" />
    <nd ref="5761" />
    <nd ref="5595" />
    <tag k="type" v="virtual" />
  </way>
  <way id="6480" version="1">
    <nd ref="5640" />
    <nd ref="5187" />
    <nd ref="9591" />
    <nd ref="9565" />
    <nd ref="9564" />
    <nd ref="5188" />
    <tag k="subtype" v="solid" />
    <tag k="type" v="line_thin" />
  </way>
  <way id="6482" version="1">
    <nd ref="3216" />
    <nd ref="3217" />
    <nd ref="3218" />
    <nd ref="3219" />
    <nd ref="3220" />
    <nd ref="3221" />
    <nd ref="3222" />
    <nd ref="3223" />
    <tag k="type" v="road_border" />
  </way>
  <way id="6483" version="1">
    <nd ref="5776" />
    <nd ref="5786" />
    <tag k="subtype" v="dashed" />
    <tag k="type" v="line_thin" />
  </way>
  <way id="6484" version="1">
    <nd ref="3658" />
    <nd ref="3659" />
    <nd ref="3660" />
    <nd ref="3661" />
    <nd ref="3662" />
    <nd ref="3663" />
    <nd ref="3664" />
    <nd ref="3665" />
    <nd ref="3666" />
    <nd ref="3667" />
    <nd ref="3668" />
    <nd ref="3669" />
    <nd ref="3670" />
    <nd ref="3671" />
    <nd ref="3672" />
    <nd ref="3673" />
    <nd ref="3674" />
    <nd ref="3675" />
    <nd ref="3676" />
    <nd ref="3677" />
    <nd ref="3678" />
    <nd ref="3679" />
    <nd ref="3680" />
    <nd ref="3681" />
    <nd ref="3682" />
    <nd ref="3683" />
    <nd ref="3684" />
    <nd ref="3685" />
    <nd ref="3686" />
    <nd ref="3687" />
    <nd ref="3688" />
    <nd ref="5256" />
    <tag k="type" v="road_border" />
  </way>
  <way id="6485" version="1">
    <nd ref="5660" />
    <nd ref="9160" />
    <tag k="subtype" v="dashed" />
    <tag k="type" v="line_thin" />
  </way>
  <way id="6486" version="1">
    <nd ref="3236" />
    <nd ref="3237" />
    <nd ref="3238" />
    <tag k="subtype" v="solid" />
    <tag k="type" v="road_border" />
  </way>
  <way id="6487" version="1">
    <nd ref="9389" />
    <nd ref="3241" />
    <tag k="subtype" v="solid" />
    <tag k="type" v="road_border" />
  </way>
  <way id="6488" version="1">
    <nd ref="4771" />
    <nd ref="4769" />
    <tag k="subtype" v="solid" />
    <tag k="type" v="line_thin" />
  </way>
  <way id="6489" version="1">
    <nd ref="3639" />
    <nd ref="3640" />
    <nd ref="3641" />
    <nd ref="3642" />
    <nd ref="3643" />
    <tag k="subtype" v="solid" />
    <tag k="type" v="road_border" />
  </way>
  <way id="6490" version="1">
    <nd ref="3241" />
    <nd ref="3246" />
    <nd ref="3257" />
    <tag k="subtype" v="solid" />
    <tag k="type" v="road_border" />
  </way>
  <way id="6491" version="1">
    <nd ref="4769" />
    <nd ref="5536" />
    <tag k="subtype" v="dashed" />
    <tag k="type" v="line_thin" />
  </way>
  <way id="6492" version="1">
    <nd ref="5536" />
    <nd ref="4761" />
    <tag k="subtype" v="dashed" />
    <tag k="type" v="line_thin" />
  </way>
  <way id="6493" version="1">
    <nd ref="2261" />
    <nd ref="5492" />
    <nd ref="5495" />
    <tag k="subtype" v="solid" />
    <tag k="type" v="line_thin" />
  </way>
  <way id="6494" version="1">
    <nd ref="4761" />
    <nd ref="5776" />
    <tag k="subtype" v="dashed" />
    <tag k="type" v="line_thin" />
  </way>
  <way id="6495" version="1">
    <nd ref="5779" />
    <nd ref="2259" />
    <tag k="subtype" v="solid" />
    <tag k="type" v="road_border" />
  </way>
  <way id="6496" version="1">
    <nd ref="3879" />
    <nd ref="3881" />
    <tag k="type" v="virtual" />
  </way>
  <way id="6497" version="1">
    <nd ref="7731" />
    <nd ref="2254" />
    <tag k="subtype" v="solid" />
    <tag k="type" v="road_border" />
  </way>
  <way id="6498" version="1">
    <nd ref="4752" />
    <nd ref="3879" />
    <tag k="subtype" v="solid" />
    <tag k="type" v="line_thin" />
  </way>
  <way id="6499" version="1">
    <nd ref="2254" />
    <nd ref="5777" />
    <tag k="subtype" v="solid" />
    <tag k="type" v="road_border" />
  </way>
  <way id="6500" version="1">
    <nd ref="4755" />
    <nd ref="4752" />
    <tag k="subtype" v="dashed" />
    <tag k="type" v="line_thin" />
  </way>
  <way id="6501" version="1">
    <nd ref="5777" />
    <nd ref="2257" />
    <tag k="subtype" v="solid" />
    <tag k="type" v="road_border" />
  </way>
  <way id="6502" version="1">
    <nd ref="3785" />
    <nd ref="3743" />
    <nd ref="3744" />
    <nd ref="3745" />
    <nd ref="3746" />
    <nd ref="5778" />
    <tag k="type" v="road_border" />
  </way>
  <way id="6503" version="1">
    <nd ref="5778" />
    <nd ref="3747" />
    <tag k="type" v="road_border" />
  </way>
  <way id="6504" version="1">
    <nd ref="4756" />
    <nd ref="4755" />
    <tag k="type" v="virtual" />
  </way>
  <way id="6505" version="1">
    <nd ref="2257" />
    <nd ref="5779" />
    <tag k="type" v="road_border" />
  </way>
  <way id="6506" version="1">
    <nd ref="3187" />
    <nd ref="3188" />
    <nd ref="3189" />
    <nd ref="3790" />
    <tag k="subtype" v="solid" />
    <tag k="type" v="road_border" />
  </way>
  <way id="6507" version="1">
    <nd ref="3888" />
    <nd ref="3889" />
    <nd ref="3890" />
    <nd ref="3891" />
    <nd ref="5780" />
    <tag k="subtype" v="solid" />
    <tag k="type" v="line_thin" />
  </way>
  <way id="6508" version="1">
    <nd ref="5781" />
    <nd ref="3735" />
    <nd ref="3736" />
    <nd ref="3576" />
    <tag k="subtype" v="solid" />
    <tag k="type" v="road_border" />
  </way>
  <way id="6509" version="1">
    <nd ref="3894" />
    <nd ref="3895" />
    <nd ref="3896" />
    <tag k="subtype" v="dashed" />
    <tag k="type" v="line_thin" />
  </way>
  <way id="6510" version="1">
    <nd ref="3182" />
    <nd ref="3183" />
    <nd ref="3184" />
    <tag k="subtype" v="solid" />
    <tag k="type" v="road_border" />
  </way>
  <way id="6511" version="1">
    <nd ref="3731" />
    <nd ref="3732" />
    <nd ref="3733" />
    <nd ref="3734" />
    <nd ref="5781" />
    <tag k="subtype" v="solid" />
    <tag k="type" v="road_border" />
  </way>
  <way id="6512" version="1">
    <nd ref="3649" />
    <nd ref="3650" />
    <nd ref="3651" />
    <nd ref="3652" />
    <nd ref="3653" />
    <nd ref="3654" />
    <nd ref="3655" />
    <tag k="subtype" v="solid" />
    <tag k="type" v="road_border" />
  </way>
  <way id="6513" version="1">
    <nd ref="5551" />
    <nd ref="3627" />
    <nd ref="3628" />
    <nd ref="3629" />
    <nd ref="3630" />
    <nd ref="3631" />
    <nd ref="3632" />
    <nd ref="3633" />
    <nd ref="3634" />
    <nd ref="3635" />
    <nd ref="3636" />
    <nd ref="3637" />
    <nd ref="3638" />
    <nd ref="3639" />
    <tag k="subtype" v="solid" />
    <tag k="type" v="road_border" />
  </way>
  <way id="6514" version="1">
    <nd ref="3623" />
    <nd ref="3624" />
    <nd ref="3625" />
    <nd ref="3626" />
    <nd ref="5551" />
    <tag k="subtype" v="solid" />
    <tag k="type" v="road_border" />
  </way>
  <way id="6515" version="1">
    <nd ref="3622" />
    <nd ref="3623" />
    <tag k="subtype" v="solid" />
    <tag k="type" v="road_border" />
  </way>
  <way id="6516" version="1">
    <nd ref="3747" />
    <nd ref="3748" />
    <nd ref="3749" />
    <nd ref="3750" />
    <nd ref="3751" />
    <nd ref="3752" />
    <tag k="subtype" v="solid" />
    <tag k="type" v="road_border" />
  </way>
  <way id="6517" version="1">
    <nd ref="3738" />
    <nd ref="3785" />
    <tag k="subtype" v="dashed" />
    <tag k="type" v="line_thin" />
  </way>
  <way id="6518" version="1">
    <nd ref="3616" />
    <nd ref="3617" />
    <nd ref="3618" />
    <nd ref="3619" />
    <nd ref="3620" />
    <nd ref="3621" />
    <nd ref="3622" />
    <tag k="subtype" v="solid" />
    <tag k="type" v="road_border" />
  </way>
  <way id="6519" version="1">
    <nd ref="3752" />
    <nd ref="3753" />
    <nd ref="3754" />
    <nd ref="3755" />
    <nd ref="3756" />
    <nd ref="3757" />
    <nd ref="3758" />
    <tag k="subtype" v="solid" />
    <tag k="type" v="road_border" />
  </way>
  <way id="6520" version="1">
    <nd ref="3781" />
    <nd ref="3782" />
    <nd ref="3783" />
    <nd ref="5829" />
    <nd ref="3785" />
    <tag k="type" v="road_border" />
  </way>
  <way id="6521" version="1">
    <nd ref="3589" />
    <nd ref="3590" />
    <nd ref="3591" />
    <nd ref="3592" />
    <nd ref="3593" />
    <nd ref="3594" />
    <nd ref="3595" />
    <tag k="type" v="road_border" />
  </way>
  <way id="6522" version="1">
    <nd ref="3584" />
    <nd ref="3585" />
    <nd ref="3589" />
    <tag k="subtype" v="solid" />
    <tag k="type" v="road_border" />
  </way>
  <way id="6525" version="1">
    <nd ref="2259" />
    <nd ref="2261" />
    <tag k="subtype" v="solid" />
    <tag k="type" v="road_border" />
  </way>
  <way id="6526" version="1">
    <nd ref="5786" />
    <nd ref="4756" />
    <tag k="subtype" v="dashed" />
    <tag k="type" v="line_thin" />
  </way>
  <way id="6527" version="1">
    <nd ref="5776" />
    <nd ref="5796" />
    <nd ref="5787" />
    <nd ref="5788" />
    <nd ref="5789" />
    <nd ref="5790" />
    <nd ref="3616" />
    <tag k="type" v="virtual" />
  </way>
  <way id="6528" version="1">
    <nd ref="2261" />
    <nd ref="5791" />
    <nd ref="5934" />
    <nd ref="5792" />
    <nd ref="5933" />
    <nd ref="5793" />
    <nd ref="5794" />
    <nd ref="5795" />
    <nd ref="3758" />
    <tag k="type" v="virtual" />
  </way>
  <way id="6529" version="1">
    <nd ref="5786" />
    <nd ref="5797" />
    <nd ref="5798" />
    <nd ref="5799" />
    <nd ref="5800" />
    <nd ref="3616" />
    <tag k="type" v="virtual" />
  </way>
  <way id="6530" version="1">
    <nd ref="3616" />
    <nd ref="5801" />
    <nd ref="5802" />
    <nd ref="5803" />
    <nd ref="5804" />
    <nd ref="2259" />
    <tag k="type" v="virtual" />
  </way>
  <way id="6531" version="1">
    <nd ref="3758" />
    <nd ref="5805" />
    <nd ref="5806" />
    <nd ref="5807" />
    <nd ref="5786" />
    <tag k="type" v="virtual" />
  </way>
  <way id="6532" version="1">
    <nd ref="3758" />
    <nd ref="5808" />
    <nd ref="5809" />
    <nd ref="5810" />
    <nd ref="5935" />
    <nd ref="5811" />
    <nd ref="5776" />
    <tag k="type" v="virtual" />
  </way>
  <way id="6533" version="1">
    <nd ref="3881" />
    <nd ref="5812" />
    <nd ref="5813" />
    <nd ref="5814" />
    <nd ref="3781" />
    <tag k="type" v="virtual" />
  </way>
  <way id="6534" version="1">
    <nd ref="3781" />
    <nd ref="5815" />
    <nd ref="5816" />
    <nd ref="9615" />
    <nd ref="5817" />
    <nd ref="5818" />
    <nd ref="2254" />
    <tag k="type" v="virtual" />
  </way>
  <way id="6535" version="1">
    <nd ref="3595" />
    <nd ref="5819" />
    <nd ref="5826" />
    <nd ref="5820" />
    <nd ref="5821" />
    <nd ref="9614" />
    <nd ref="5827" />
    <nd ref="3879" />
    <tag k="type" v="virtual" />
  </way>
  <way id="6536" version="1">
    <nd ref="3595" />
    <nd ref="5822" />
    <nd ref="5823" />
    <nd ref="5830" />
    <nd ref="5824" />
    <nd ref="5825" />
    <nd ref="4752" />
    <tag k="type" v="virtual" />
  </way>
  <way id="6539" version="1">
    <nd ref="5256" />
    <nd ref="3689" />
    <nd ref="3690" />
    <nd ref="3691" />
    <nd ref="3692" />
    <nd ref="3693" />
    <tag k="subtype" v="solid" />
    <tag k="type" v="road_border" />
  </way>
  <way id="6540" version="1">
    <nd ref="5251" />
    <nd ref="5252" />
    <nd ref="5253" />
    <nd ref="5254" />
    <nd ref="5255" />
    <nd ref="5833" />
    <nd ref="5256" />
    <tag k="type" v="virtual" />
  </way>
  <way id="6541" version="1">
    <nd ref="5231" />
    <nd ref="5232" />
    <nd ref="5233" />
    <nd ref="5234" />
    <nd ref="5235" />
    <nd ref="5236" />
    <nd ref="5237" />
    <nd ref="5238" />
    <nd ref="5239" />
    <nd ref="5240" />
    <nd ref="5241" />
    <nd ref="5242" />
    <nd ref="5243" />
    <nd ref="5244" />
    <nd ref="5245" />
    <nd ref="5246" />
    <nd ref="5247" />
    <tag k="subtype" v="solid" />
    <tag k="type" v="line_thin" />
  </way>
  <way id="6542" version="1">
    <nd ref="5229" />
    <nd ref="5230" />
    <tag k="subtype" v="dashed" />
    <tag k="type" v="line_thin" />
  </way>
  <way id="6543" version="1">
    <nd ref="5230" />
    <nd ref="5231" />
    <tag k="subtype" v="dashed" />
    <tag k="type" v="line_thin" />
  </way>
  <way id="6546" version="1">
    <nd ref="2800" />
    <nd ref="2801" />
    <nd ref="3114" />
    <tag k="type" v="virtual" />
  </way>
  <way id="6547" version="1">
    <nd ref="3114" />
    <nd ref="2803" />
    <tag k="subtype" v="solid" />
    <tag k="type" v="line_thick" />
  </way>
  <way id="6548" version="1">
    <nd ref="3103" />
    <nd ref="2730" />
    <nd ref="5087" />
    <tag k="type" v="virtual" />
  </way>
  <way id="6549" version="1">
    <nd ref="5087" />
    <nd ref="2731" />
    <nd ref="5088" />
    <tag k="type" v="virtual" />
  </way>
  <way id="6550" version="1">
    <nd ref="2803" />
    <nd ref="2804" />
    <nd ref="2805" />
    <nd ref="2806" />
    <nd ref="2807" />
    <nd ref="2808" />
    <nd ref="2809" />
    <nd ref="2810" />
    <nd ref="2811" />
    <nd ref="2812" />
    <nd ref="2813" />
    <nd ref="2814" />
    <nd ref="2815" />
    <nd ref="2816" />
    <nd ref="2817" />
    <nd ref="2818" />
    <nd ref="2819" />
    <nd ref="2820" />
    <tag k="subtype" v="solid" />
    <tag k="type" v="road_border" />
  </way>
  <way id="6551" version="1">
    <nd ref="2973" />
    <nd ref="2974" />
    <nd ref="2975" />
    <nd ref="2976" />
    <nd ref="2977" />
    <nd ref="2978" />
    <nd ref="2979" />
    <nd ref="2980" />
    <nd ref="2981" />
    <nd ref="2982" />
    <nd ref="2983" />
    <nd ref="2984" />
    <nd ref="2985" />
    <nd ref="2986" />
    <tag k="type" v="road_border" />
  </way>
  <way id="6552" version="1">
    <nd ref="5088" />
    <nd ref="2732" />
    <nd ref="2733" />
    <nd ref="2734" />
    <nd ref="2735" />
    <nd ref="2736" />
    <nd ref="2737" />
    <nd ref="2738" />
    <nd ref="2739" />
    <nd ref="2740" />
    <nd ref="2741" />
    <nd ref="2742" />
    <nd ref="2743" />
    <nd ref="2744" />
    <nd ref="2745" />
    <nd ref="2746" />
    <nd ref="2747" />
    <nd ref="3006" />
    <tag k="subtype" v="solid" />
    <tag k="type" v="road_border" />
  </way>
  <way id="6553" version="1">
    <nd ref="2960" />
    <nd ref="5839" />
    <nd ref="2961" />
    <nd ref="2962" />
    <nd ref="2963" />
    <nd ref="2964" />
    <nd ref="2965" />
    <nd ref="2966" />
    <tag k="subtype" v="solid" />
    <tag k="type" v="road_border" />
  </way>
  <way id="6554" version="1">
    <nd ref="4345" />
    <nd ref="4352" />
    <tag k="type" v="road_border" />
  </way>
  <way id="6555" version="1">
    <nd ref="5351" />
    <nd ref="5352" />
    <nd ref="5838" />
    <nd ref="5353" />
    <nd ref="9497" />
    <nd ref="5837" />
    <nd ref="5836" />
    <nd ref="2756" />
    <tag k="type" v="virtual" />
  </way>
  <way id="6556" version="1">
    <nd ref="5350" />
    <nd ref="5351" />
    <tag k="subtype" v="solid" />
    <tag k="type" v="line_thin" />
  </way>
  <way id="6557" version="1">
    <nd ref="4345" />
    <nd ref="8826" />
    <nd ref="4346" />
    <nd ref="4347" />
    <nd ref="4348" />
    <nd ref="4349" />
    <nd ref="4350" />
    <nd ref="4351" />
    <nd ref="2765" />
    <tag k="type" v="road_border" />
  </way>
  <way id="6558" version="1">
    <nd ref="5347" />
    <nd ref="5348" />
    <nd ref="5349" />
    <nd ref="5350" />
    <tag k="subtype" v="solid" />
    <tag k="type" v="line_thin" />
  </way>
  <way id="6559" version="1">
    <nd ref="4341" />
    <nd ref="4342" />
    <tag k="subtype" v="solid" />
    <tag k="type" v="line_thin" />
  </way>
  <way id="6560" version="1">
    <nd ref="5346" />
    <nd ref="5347" />
    <tag k="subtype" v="solid" />
    <tag k="type" v="line_thin" />
  </way>
  <way id="6561" version="1">
    <nd ref="4337" />
    <nd ref="4338" />
    <nd ref="4339" />
    <nd ref="4340" />
    <nd ref="4341" />
    <tag k="subtype" v="solid" />
    <tag k="type" v="line_thin" />
  </way>
  <way id="6562" version="1">
    <nd ref="4337" />
    <nd ref="4358" />
    <nd ref="4359" />
    <nd ref="4360" />
    <nd ref="4361" />
    <nd ref="5848" />
    <nd ref="4362" />
    <nd ref="4363" />
    <nd ref="4364" />
    <nd ref="4365" />
    <nd ref="4366" />
    <tag k="subtype" v="dashed" />
    <tag k="type" v="line_thin" />
  </way>
  <way id="6563" version="1">
    <nd ref="5834" />
    <nd ref="4337" />
    <tag k="subtype" v="solid" />
    <tag k="type" v="line_thin" />
  </way>
  <way id="6564" version="1">
    <nd ref="4017" />
    <nd ref="4018" />
    <nd ref="4019" />
    <nd ref="4020" />
    <nd ref="4021" />
    <nd ref="4022" />
    <tag k="subtype" v="dashed" />
    <tag k="type" v="line_thin" />
  </way>
  <way id="6565" version="1">
    <nd ref="4016" />
    <nd ref="4017" />
    <tag k="subtype" v="dashed" />
    <tag k="type" v="line_thin" />
  </way>
  <way id="6566" version="1">
    <nd ref="4342" />
    <nd ref="4343" />
    <nd ref="4344" />
    <nd ref="4345" />
    <tag k="type" v="road_border" />
  </way>
  <way id="6567" version="1">
    <nd ref="3006" />
    <nd ref="2748" />
    <nd ref="2749" />
    <nd ref="2750" />
    <nd ref="2751" />
    <tag k="type" v="road_border" />
  </way>
  <way id="6568" version="1">
    <nd ref="2751" />
    <nd ref="2752" />
    <nd ref="2753" />
    <nd ref="2754" />
    <nd ref="2755" />
    <nd ref="2756" />
    <tag k="subtype" v="solid" />
    <tag k="type" v="road_border" />
  </way>
  <way id="6569" version="1">
    <nd ref="5053" />
    <nd ref="5130" />
    <tag k="subtype" v="solid" />
    <tag k="type" v="road_border" />
  </way>
  <way id="6570" version="1">
    <nd ref="5051" />
    <nd ref="5052" />
    <nd ref="5053" />
    <tag k="subtype" v="solid" />
    <tag k="type" v="road_border" />
  </way>
  <way id="6571" version="1">
    <nd ref="5050" />
    <nd ref="8496" />
    <nd ref="8354" />
    <nd ref="5051" />
    <tag k="subtype" v="solid" />
    <tag k="type" v="road_border" />
  </way>
  <way id="6572" version="1">
    <nd ref="5351" />
    <nd ref="5842" />
    <nd ref="5846" />
    <nd ref="5843" />
    <nd ref="5844" />
    <nd ref="5845" />
    <nd ref="2960" />
    <tag k="type" v="virtual" />
  </way>
  <way id="6573" version="1">
    <nd ref="4013" />
    <nd ref="4014" />
    <nd ref="5849" />
    <nd ref="4015" />
    <nd ref="4016" />
    <tag k="subtype" v="dashed" />
    <tag k="type" v="line_thin" />
  </way>
  <way id="6574" version="1">
    <nd ref="4420" />
    <nd ref="4421" />
    <nd ref="4422" />
    <nd ref="4423" />
    <nd ref="4424" />
    <nd ref="4425" />
    <nd ref="4426" />
    <nd ref="5834" />
    <tag k="subtype" v="dashed" />
    <tag k="type" v="line_thin" />
  </way>
  <way id="6575" version="1">
    <nd ref="4419" />
    <nd ref="4420" />
    <tag k="subtype" v="solid" />
    <tag k="type" v="line_thin" />
  </way>
  <way id="6576" version="1">
    <nd ref="4011" />
    <nd ref="4012" />
    <nd ref="4013" />
    <tag k="subtype" v="dashed" />
    <tag k="type" v="line_thin" />
  </way>
  <way id="6577" version="1">
    <nd ref="4007" />
    <nd ref="4008" />
    <nd ref="4009" />
    <nd ref="4010" />
    <nd ref="4011" />
    <tag k="subtype" v="dashed" />
    <tag k="type" v="line_thin" />
  </way>
  <way id="6578" version="1">
    <nd ref="4410" />
    <nd ref="4411" />
    <nd ref="4412" />
    <nd ref="4413" />
    <nd ref="4414" />
    <nd ref="4415" />
    <nd ref="4416" />
    <nd ref="4417" />
    <nd ref="4418" />
    <nd ref="4419" />
    <tag k="subtype" v="dashed" />
    <tag k="type" v="line_thin" />
  </way>
  <way id="6579" version="1">
    <nd ref="3998" />
    <nd ref="3999" />
    <nd ref="4000" />
    <nd ref="4001" />
    <nd ref="4002" />
    <nd ref="4003" />
    <nd ref="4004" />
    <nd ref="4005" />
    <nd ref="4006" />
    <nd ref="4007" />
    <tag k="subtype" v="dashed" />
    <tag k="type" v="line_thin" />
  </way>
  <way id="6580" version="1">
    <nd ref="4376" />
    <nd ref="4377" />
    <nd ref="4378" />
    <nd ref="4379" />
    <nd ref="4380" />
    <nd ref="4381" />
    <nd ref="4382" />
    <nd ref="4383" />
    <nd ref="4384" />
    <nd ref="4385" />
    <nd ref="4386" />
    <nd ref="4387" />
    <nd ref="4388" />
    <nd ref="4389" />
    <nd ref="4390" />
    <tag k="subtype" v="solid" />
    <tag k="type" v="line_thin" />
  </way>
  <way id="6581" version="1">
    <nd ref="3991" />
    <nd ref="3992" />
    <nd ref="3993" />
    <nd ref="3994" />
    <nd ref="3995" />
    <nd ref="3996" />
    <nd ref="3997" />
    <nd ref="3998" />
    <tag k="subtype" v="dashed" />
    <tag k="type" v="line_thin" />
  </way>
  <way id="6582" version="1">
    <nd ref="4390" />
    <nd ref="4391" />
    <nd ref="4392" />
    <nd ref="4393" />
    <nd ref="4394" />
    <nd ref="4395" />
    <nd ref="4396" />
    <nd ref="4397" />
    <nd ref="4398" />
    <nd ref="4399" />
    <tag k="subtype" v="dashed" />
    <tag k="type" v="line_thin" />
  </way>
  <way id="6583" version="1">
    <nd ref="5340" />
    <nd ref="3978" />
    <nd ref="3979" />
    <nd ref="3980" />
    <nd ref="3981" />
    <nd ref="3982" />
    <nd ref="3974" />
    <tag k="subtype" v="dashed" />
    <tag k="type" v="line_thin" />
  </way>
  <way id="6584" version="1">
    <nd ref="3971" />
    <nd ref="7230" />
    <nd ref="3972" />
    <nd ref="3973" />
    <nd ref="3974" />
    <tag k="type" v="virtual" />
  </way>
  <way id="6585" version="1">
    <nd ref="4376" />
    <nd ref="5602" />
    <nd ref="5603" />
    <nd ref="5604" />
    <tag k="subtype" v="solid" />
    <tag k="type" v="line_thin" />
  </way>
  <way id="6586" version="1">
    <nd ref="3969" />
    <nd ref="3970" />
    <nd ref="5854" />
    <nd ref="3971" />
    <tag k="subtype" v="solid" />
    <tag k="type" v="line_thin" />
  </way>
  <way id="6587" version="1">
    <nd ref="5604" />
    <nd ref="7233" />
    <nd ref="5855" />
    <nd ref="5605" />
    <nd ref="5606" />
    <tag k="subtype" v="solid" />
    <tag k="type" v="line_thin" />
  </way>
  <way id="6590" version="1">
    <nd ref="3959" />
    <nd ref="3961" />
    <nd ref="3963" />
    <tag k="subtype" v="solid" />
    <tag k="type" v="line_thin" />
  </way>
  <way id="6593" version="1">
    <nd ref="5621" />
    <nd ref="5622" />
    <nd ref="5623" />
    <tag k="subtype" v="solid" />
    <tag k="type" v="line_thin" />
  </way>
  <way id="6595" version="1">
    <nd ref="5862" />
    <nd ref="5070" />
    <nd ref="5749" />
    <nd ref="5071" />
    <nd ref="5586" />
    <tag k="subtype" v="solid" />
    <tag k="type" v="line_thin" />
  </way>
  <way id="6599" version="1">
    <nd ref="5623" />
    <nd ref="5625" />
    <tag k="type" v="virtual" />
  </way>
  <way id="6600" version="1">
    <nd ref="5309" />
    <nd ref="5863" />
    <nd ref="5874" />
    <nd ref="5864" />
    <nd ref="5865" />
    <nd ref="5866" />
    <nd ref="5867" />
    <nd ref="5190" />
    <tag k="type" v="virtual" />
  </way>
  <way id="6601" version="1">
    <nd ref="3955" />
    <nd ref="3956" />
    <nd ref="5868" />
    <nd ref="5869" />
    <nd ref="5870" />
    <nd ref="5871" />
    <nd ref="5872" />
    <nd ref="5876" />
    <nd ref="5873" />
    <nd ref="5875" />
    <nd ref="3127" />
    <tag k="type" v="virtual" />
  </way>
  <way id="6605" version="1">
    <nd ref="5078" />
    <nd ref="5079" />
    <tag k="subtype" v="solid" />
    <tag k="type" v="line_thin" />
  </way>
  <way id="6606" version="1">
    <nd ref="5744" />
    <nd ref="5177" />
    <tag k="subtype" v="solid" />
    <tag k="type" v="line_thin" />
  </way>
  <way id="6608" version="1">
    <nd ref="9171" />
    <nd ref="9603" />
    <nd ref="5894" />
    <nd ref="9602" />
    <nd ref="5899" />
    <tag k="type" v="virtual" />
  </way>
  <way id="6610" version="1">
    <nd ref="5178" />
    <nd ref="5179" />
    <nd ref="5180" />
    <nd ref="8574" />
    <nd ref="5897" />
    <tag k="subtype" v="dashed" />
    <tag k="type" v="line_thin" />
  </way>
  <way id="6611" version="1">
    <nd ref="5898" />
    <nd ref="5590" />
    <nd ref="5591" />
    <nd ref="5592" />
    <tag k="subtype" v="dashed" />
    <tag k="type" v="line_thin" />
  </way>
  <way id="6612" version="1">
    <nd ref="5896" />
    <nd ref="5892" />
    <nd ref="5190" />
    <tag k="subtype" v="dashed" />
    <tag k="type" v="line_thin" />
  </way>
  <way id="6613" version="1">
    <nd ref="5899" />
    <nd ref="5895" />
    <nd ref="9604" />
    <nd ref="3127" />
    <tag k="type" v="virtual" />
  </way>
  <way id="6616" version="1">
    <nd ref="5188" />
    <nd ref="5924" />
    <nd ref="5915" />
    <nd ref="5926" />
    <nd ref="5916" />
    <nd ref="5927" />
    <nd ref="5923" />
    <nd ref="5917" />
    <nd ref="5309" />
    <tag k="type" v="virtual" />
  </way>
  <way id="6617" version="1">
    <nd ref="5919" />
    <nd ref="9606" />
    <nd ref="9605" />
    <nd ref="5920" />
    <nd ref="5930" />
    <nd ref="5921" />
    <nd ref="5929" />
    <nd ref="5922" />
    <nd ref="5928" />
    <nd ref="5586" />
    <tag k="type" v="virtual" />
  </way>
  <way id="6619" version="1">
    <nd ref="5186" />
    <nd ref="5640" />
    <tag k="subtype" v="solid" />
    <tag k="type" v="line_thin" />
  </way>
  <way id="6621" version="1">
    <nd ref="5948" />
    <nd ref="5949" />
    <tag k="subtype" v="red_yellow_green" />
    <tag k="type" v="traffic_light" />
  </way>
  <way id="6622" version="1">
    <nd ref="5950" />
    <nd ref="5951" />
    <tag k="subtype" v="red_yellow_green" />
    <tag k="type" v="traffic_light" />
  </way>
  <way id="6623" version="1">
    <nd ref="5745" />
    <nd ref="5291" />
    <tag k="type" v="virtual" />
  </way>
  <way id="6624" version="1">
    <nd ref="5291" />
    <nd ref="3944" />
    <tag k="type" v="virtual" />
  </way>
  <way id="6625" version="1">
    <nd ref="5952" />
    <nd ref="5953" />
    <tag k="subtype" v="red_yellow_green" />
    <tag k="type" v="traffic_light" />
  </way>
  <way id="6626" version="1">
    <nd ref="5954" />
    <nd ref="5955" />
    <tag k="subtype" v="red_yellow_green" />
    <tag k="type" v="traffic_light" />
  </way>
  <way id="6627" version="1">
    <nd ref="5192" />
    <nd ref="9167" />
    <tag k="type" v="virtual" />
  </way>
  <way id="6628" version="1">
    <nd ref="5177" />
    <nd ref="5079" />
    <tag k="type" v="virtual" />
  </way>
  <way id="6629" version="1">
    <nd ref="5956" />
    <nd ref="5957" />
    <tag k="subtype" v="red_yellow_green" />
    <tag k="type" v="traffic_light" />
  </way>
  <way id="6630" version="1">
    <nd ref="5958" />
    <nd ref="5959" />
    <tag k="subtype" v="red_yellow_green" />
    <tag k="type" v="traffic_light" />
  </way>
  <way id="6631" version="1">
    <nd ref="8755" />
    <nd ref="5640" />
    <tag k="type" v="virtual" />
  </way>
  <way id="6633" version="1">
    <nd ref="5311" />
    <nd ref="3958" />
    <nd ref="9122" />
    <tag k="type" v="virtual" />
  </way>
  <way id="7004" version="1">
    <nd ref="3108" />
    <nd ref="7501" />
    <nd ref="7496" />
    <nd ref="7481" />
    <nd ref="7500" />
    <nd ref="7480" />
    <nd ref="7477" />
    <nd ref="7499" />
    <nd ref="7478" />
    <nd ref="7479" />
    <nd ref="7498" />
    <nd ref="7497" />
    <nd ref="3320" />
    <tag k="type" v="virtual" />
  </way>
  <way id="7005" version="1">
    <nd ref="5205" />
    <nd ref="5206" />
    <nd ref="7495" />
    <tag k="subtype" v="dashed" />
    <tag k="type" v="road_border" />
  </way>
  <way id="7006" version="1">
    <nd ref="7495" />
    <nd ref="5207" />
    <tag k="subtype" v="dashed" />
    <tag k="type" v="road_border" />
  </way>
  <way id="7007" version="1">
    <nd ref="5207" />
    <nd ref="7494" />
    <tag k="type" v="road_border" />
  </way>
  <way id="7009" version="1">
    <nd ref="7492" />
    <nd ref="5224" />
    <nd ref="5225" />
    <nd ref="5226" />
    <nd ref="3153" />
    <tag k="type" v="road_border" />
  </way>
  <way id="7010" version="1">
    <nd ref="7482" />
    <nd ref="7483" />
    <tag k="type" v="road_border" />
  </way>
  <way id="7011" version="1">
    <nd ref="7348" />
    <nd ref="7482" />
    <tag k="type" v="road_border" />
  </way>
  <way id="7012" version="1">
    <nd ref="7453" />
    <nd ref="7452" />
    <nd ref="7451" />
    <nd ref="7450" />
    <nd ref="7084" />
    <nd ref="7085" />
    <nd ref="2638" />
    <tag k="type" v="road_border" />
  </way>
  <way id="7014" version="1">
    <nd ref="7348" />
    <nd ref="7280" />
    <nd ref="7265" />
    <nd ref="7156" />
    <nd ref="7159" />
    <nd ref="7162" />
    <nd ref="7165" />
    <nd ref="7169" />
    <nd ref="7174" />
    <nd ref="7178" />
    <nd ref="2677" />
    <tag k="type" v="road_border" />
  </way>
  <way id="7015" version="1">
    <nd ref="4835" />
    <nd ref="4838" />
    <nd ref="4840" />
    <nd ref="4841" />
    <nd ref="4842" />
    <nd ref="4843" />
    <nd ref="4844" />
    <nd ref="4845" />
    <nd ref="4846" />
    <tag k="subtype" v="solid" />
    <tag k="type" v="line_thick" />
  </way>
  <way id="7016" version="1">
    <nd ref="5522" />
    <nd ref="9015" />
    <nd ref="9013" />
    <nd ref="9012" />
    <nd ref="9011" />
    <nd ref="9010" />
    <tag k="subtype" v="solid" />
    <tag k="type" v="line_thin" />
  </way>
  <way id="7017" version="1">
    <nd ref="3279" />
    <nd ref="3280" />
    <nd ref="3282" />
    <nd ref="3284" />
    <nd ref="7251" />
    <nd ref="3286" />
    <nd ref="3287" />
    <nd ref="3288" />
    <nd ref="3291" />
    <tag k="subtype" v="solid" />
    <tag k="type" v="line_thick" />
  </way>
  <way id="7018" version="1">
    <nd ref="3758" />
    <nd ref="3759" />
    <nd ref="7291" />
    <nd ref="3760" />
    <nd ref="3761" />
    <tag k="subtype" v="solid" />
    <tag k="type" v="road_border" />
  </way>
  <way id="7019" version="1">
    <nd ref="3608" />
    <nd ref="8862" />
    <nd ref="3609" />
    <nd ref="3610" />
    <nd ref="3611" />
    <nd ref="3612" />
    <nd ref="3613" />
    <nd ref="3614" />
    <nd ref="3615" />
    <nd ref="3616" />
    <tag k="subtype" v="solid" />
    <tag k="type" v="road_border" />
  </way>
  <way id="7020" version="1">
    <nd ref="3607" />
    <nd ref="3608" />
    <tag k="subtype" v="solid" />
    <tag k="type" v="line_thin" />
  </way>
  <way id="7021" version="1">
    <nd ref="3761" />
    <nd ref="7288" />
    <nd ref="7186" />
    <nd ref="7190" />
    <nd ref="7194" />
    <nd ref="7199" />
    <nd ref="7203" />
    <nd ref="7207" />
    <nd ref="3774" />
    <tag k="type" v="road_border" />
  </way>
  <way id="7023" version="1">
    <nd ref="3967" />
    <nd ref="3968" />
    <nd ref="3969" />
    <tag k="subtype" v="solid" />
    <tag k="type" v="line_thin" />
  </way>
  <way id="7024" version="1">
    <nd ref="5606" />
    <nd ref="5607" />
    <nd ref="5611" />
    <tag k="subtype" v="solid" />
    <tag k="type" v="line_thin" />
  </way>
  <way id="7025" version="1">
    <nd ref="3257" />
    <nd ref="3258" />
    <nd ref="3259" />
    <nd ref="3260" />
    <nd ref="3261" />
    <nd ref="7263" />
    <nd ref="3264" />
    <nd ref="3265" />
    <tag k="type" v="road_border" />
  </way>
  <way id="7026" version="1">
    <nd ref="7061" />
    <nd ref="7139" />
    <nd ref="7063" />
    <nd ref="7064" />
    <nd ref="7065" />
    <nd ref="7066" />
    <nd ref="7070" />
    <nd ref="7072" />
    <nd ref="7074" />
    <nd ref="7076" />
    <tag k="type" v="road_border" />
  </way>
  <way id="7027" version="1">
    <nd ref="3959" />
    <nd ref="7443" />
    <tag k="type" v="virtual" />
  </way>
  <way id="7028" version="1">
    <nd ref="3967" />
    <nd ref="7242" />
    <nd ref="7236" />
    <nd ref="7239" />
    <nd ref="7275" />
    <nd ref="5328" />
    <tag k="subtype" v="solid" />
    <tag k="type" v="line_thin" />
  </way>
  <way id="7030" version="1">
    <nd ref="2803" />
    <nd ref="7382" />
    <nd ref="7378" />
    <nd ref="7374" />
    <nd ref="7449" />
    <nd ref="7448" />
    <nd ref="7447" />
    <nd ref="7369" />
    <nd ref="7364" />
    <nd ref="7360" />
    <nd ref="7356" />
    <tag k="type" v="road_border" />
  </way>
  <way id="7031" version="1">
    <nd ref="3362" />
    <nd ref="7476" />
    <nd ref="7475" />
    <nd ref="7474" />
    <nd ref="7473" />
    <nd ref="7472" />
    <nd ref="7471" />
    <nd ref="7470" />
    <nd ref="8461" />
    <nd ref="7469" />
    <nd ref="7468" />
    <nd ref="7467" />
    <nd ref="7466" />
    <nd ref="7243" />
    <nd ref="7434" />
    <nd ref="7465" />
    <nd ref="7464" />
    <nd ref="7463" />
    <nd ref="7462" />
    <nd ref="7461" />
    <nd ref="7460" />
    <nd ref="7459" />
    <nd ref="7458" />
    <nd ref="7457" />
    <nd ref="7456" />
    <nd ref="7455" />
    <nd ref="7454" />
    <nd ref="3429" />
    <tag k="type" v="road_border" />
  </way>
  <way id="7032" version="1">
    <nd ref="3274" />
    <nd ref="7284" />
    <nd ref="7269" />
    <nd ref="7328" />
    <nd ref="7324" />
    <nd ref="7320" />
    <nd ref="7316" />
    <nd ref="7312" />
    <nd ref="7309" />
    <nd ref="7305" />
    <nd ref="7301" />
    <nd ref="3291" />
    <tag k="type" v="road_border" />
  </way>
  <way id="7033" version="1">
    <nd ref="7235" />
    <nd ref="1714" />
    <nd ref="1713" />
    <nd ref="1712" />
    <nd ref="1711" />
    <nd ref="1710" />
    <nd ref="1709" />
    <nd ref="1708" />
    <nd ref="1707" />
    <nd ref="8267" />
    <tag k="subtype" v="solid" />
    <tag k="type" v="line_thin" />
  </way>
  <way id="7034" version="1">
    <nd ref="7307" />
    <nd ref="7303" />
    <nd ref="7299" />
    <nd ref="7067" />
    <nd ref="7068" />
    <nd ref="7069" />
    <nd ref="7286" />
    <nd ref="7184" />
    <nd ref="7188" />
    <nd ref="7192" />
    <nd ref="7196" />
    <nd ref="7201" />
    <nd ref="7205" />
    <nd ref="7209" />
    <nd ref="7213" />
    <nd ref="7216" />
    <nd ref="7219" />
    <nd ref="7222" />
    <nd ref="7225" />
    <nd ref="7228" />
    <nd ref="7231" />
    <nd ref="7256" />
    <nd ref="7244" />
    <nd ref="7314" />
    <nd ref="7253" />
    <nd ref="7240" />
    <nd ref="7234" />
    <nd ref="7237" />
    <nd ref="7277" />
    <nd ref="7273" />
    <nd ref="7167" />
    <nd ref="7172" />
    <nd ref="7176" />
    <nd ref="7181" />
    <nd ref="7197" />
    <nd ref="7093" />
    <nd ref="7094" />
    <nd ref="7095" />
    <nd ref="7096" />
    <nd ref="7097" />
    <nd ref="7098" />
    <nd ref="7099" />
    <nd ref="7100" />
    <nd ref="7101" />
    <nd ref="7102" />
    <nd ref="7103" />
    <nd ref="7104" />
    <nd ref="7105" />
    <nd ref="7106" />
    <nd ref="7107" />
    <nd ref="7108" />
    <tag k="type" v="guard_rail" />
  </way>
  <way id="7035" version="1">
    <nd ref="7494" />
    <nd ref="5208" />
    <nd ref="5209" />
    <nd ref="5210" />
    <nd ref="5211" />
    <nd ref="5212" />
    <nd ref="5213" />
    <nd ref="5214" />
    <nd ref="5215" />
    <nd ref="7493" />
    <tag k="type" v="road_border" />
  </way>
  <way id="7037" version="1">
    <nd ref="3774" />
    <nd ref="3775" />
    <nd ref="3776" />
    <nd ref="7294" />
    <nd ref="3777" />
    <nd ref="3778" />
    <nd ref="3779" />
    <nd ref="3781" />
    <tag k="subtype" v="solid" />
    <tag k="type" v="road_border" />
  </way>
  <way id="7038" version="1">
    <nd ref="5205" />
    <nd ref="7491" />
    <nd ref="7490" />
    <nd ref="7489" />
    <nd ref="7488" />
    <nd ref="7487" />
    <nd ref="7486" />
    <nd ref="7484" />
    <nd ref="7485" />
    <tag k="type" v="road_border" />
  </way>
  <way id="7039" version="1">
    <nd ref="3643" />
    <nd ref="9159" />
    <tag k="subtype" v="solid" />
    <tag k="type" v="road_border" />
  </way>
  <way id="7040" version="1">
    <nd ref="7485" />
    <nd ref="7483" />
    <tag k="type" v="road_border" />
  </way>
  <way id="7041" version="1">
    <nd ref="7125" />
    <nd ref="7370" />
    <nd ref="7365" />
    <nd ref="7361" />
    <nd ref="7357" />
    <nd ref="7353" />
    <nd ref="7349" />
    <nd ref="7345" />
    <nd ref="7341" />
    <nd ref="7337" />
    <nd ref="7333" />
    <nd ref="7264" />
    <nd ref="7252" />
    <nd ref="7285" />
    <nd ref="7270" />
    <nd ref="7329" />
    <nd ref="7325" />
    <nd ref="7321" />
    <nd ref="7317" />
    <nd ref="7313" />
    <nd ref="7310" />
    <nd ref="7306" />
    <nd ref="7302" />
    <nd ref="7298" />
    <nd ref="7295" />
    <nd ref="7292" />
    <nd ref="7289" />
    <nd ref="7187" />
    <nd ref="7191" />
    <nd ref="7195" />
    <nd ref="7200" />
    <nd ref="7204" />
    <nd ref="7208" />
    <nd ref="7212" />
    <nd ref="7276" />
    <nd ref="7433" />
    <nd ref="7432" />
    <nd ref="7431" />
    <nd ref="7430" />
    <nd ref="7429" />
    <nd ref="7428" />
    <nd ref="7427" />
    <nd ref="7426" />
    <nd ref="7425" />
    <nd ref="7424" />
    <nd ref="7423" />
    <nd ref="7422" />
    <nd ref="7421" />
    <nd ref="7420" />
    <nd ref="7419" />
    <nd ref="7418" />
    <nd ref="7417" />
    <nd ref="7416" />
    <nd ref="7415" />
    <nd ref="7260" />
    <nd ref="7248" />
    <nd ref="7281" />
    <nd ref="7266" />
    <nd ref="7414" />
    <nd ref="7413" />
    <nd ref="7412" />
    <nd ref="7411" />
    <nd ref="7410" />
    <nd ref="7409" />
    <nd ref="7408" />
    <nd ref="7407" />
    <nd ref="7406" />
    <nd ref="7405" />
    <nd ref="7404" />
    <nd ref="7403" />
    <nd ref="7402" />
    <nd ref="7400" />
    <nd ref="7399" />
    <nd ref="7398" />
    <nd ref="7397" />
    <nd ref="7396" />
    <nd ref="7395" />
    <nd ref="7367" />
    <nd ref="7394" />
    <nd ref="7393" />
    <nd ref="7392" />
    <nd ref="7391" />
    <nd ref="7390" />
    <nd ref="7389" />
    <nd ref="7388" />
    <nd ref="7387" />
    <nd ref="7135" />
    <nd ref="7136" />
    <nd ref="7137" />
    <nd ref="7138" />
    <nd ref="7140" />
    <nd ref="7143" />
    <nd ref="7144" />
    <nd ref="7145" />
    <nd ref="7146" />
    <nd ref="7147" />
    <nd ref="7150" />
    <nd ref="7152" />
    <nd ref="7154" />
    <nd ref="7157" />
    <nd ref="7160" />
    <nd ref="7163" />
    <nd ref="7166" />
    <nd ref="7171" />
    <nd ref="7175" />
    <nd ref="7180" />
    <nd ref="7383" />
    <nd ref="7379" />
    <nd ref="7375" />
    <nd ref="7371" />
    <nd ref="7127" />
    <nd ref="7129" />
    <nd ref="7131" />
    <nd ref="7366" />
    <nd ref="7362" />
    <nd ref="7358" />
    <nd ref="7354" />
    <nd ref="7350" />
    <nd ref="7346" />
    <nd ref="7342" />
    <nd ref="7338" />
    <nd ref="7334" />
    <nd ref="7330" />
    <nd ref="7261" />
    <nd ref="7249" />
    <nd ref="7282" />
    <nd ref="7267" />
    <nd ref="7326" />
    <nd ref="7322" />
    <nd ref="7318" />
    <tag k="type" v="guard_rail" />
  </way>
  <way id="7042" version="1">
    <nd ref="5611" />
    <nd ref="9123" />
    <tag k="subtype" v="solid" />
    <tag k="type" v="line_thin" />
  </way>
  <way id="7043" version="1">
    <nd ref="7110" />
    <nd ref="7111" />
    <nd ref="7112" />
    <nd ref="7114" />
    <nd ref="7115" />
    <nd ref="7116" />
    <nd ref="7117" />
    <nd ref="7118" />
    <nd ref="7119" />
    <nd ref="7120" />
    <nd ref="7121" />
    <nd ref="7122" />
    <nd ref="7123" />
    <nd ref="7124" />
    <nd ref="7108" />
    <tag k="type" v="guard_rail" />
  </way>
  <way id="7044" version="1">
    <nd ref="7437" />
    <nd ref="7436" />
    <tag k="subtype" v="solid" />
    <tag k="type" v="line_thin" />
  </way>
  <way id="7045" version="1">
    <nd ref="8594" />
    <nd ref="7442" />
    <nd ref="7441" />
    <nd ref="7439" />
    <nd ref="4990" />
    <tag k="subtype" v="solid" />
    <tag k="type" v="road_border" />
  </way>
  <way id="7046" version="1">
    <nd ref="7443" />
    <nd ref="3955" />
    <tag k="type" v="virtual" />
  </way>
  <way id="7047" version="1">
    <nd ref="5311" />
    <nd ref="5314" />
    <tag k="type" v="virtual" />
  </way>
  <way id="7049" version="1">
    <nd ref="9119" />
    <nd ref="7246" />
    <nd ref="7444" />
    <nd ref="7109" />
    <nd ref="7445" />
    <nd ref="3964" />
    <tag k="type" v="virtual" />
  </way>
  <way id="7050" version="1">
    <nd ref="7082" />
    <nd ref="7083" />
    <tag k="type" v="road_border" />
  </way>
  <way id="7051" version="1">
    <nd ref="3963" />
    <nd ref="3964" />
    <tag k="subtype" v="dashed" />
    <tag k="type" v="line_thin" />
  </way>
  <way id="7052" version="1">
    <nd ref="5061" />
    <nd ref="5062" />
    <nd ref="9124" />
    <tag k="subtype" v="solid" />
    <tag k="type" v="line_thin" />
  </way>
  <way id="7053" version="1">
    <nd ref="5328" />
    <nd ref="5329" />
    <nd ref="5330" />
    <nd ref="5331" />
    <nd ref="5332" />
    <nd ref="5333" />
    <tag k="subtype" v="solid" />
    <tag k="type" v="line_thin" />
  </way>
  <way id="7054" version="1">
    <nd ref="7083" />
    <nd ref="7148" />
    <nd ref="7149" />
    <nd ref="7151" />
    <nd ref="7153" />
    <nd ref="7155" />
    <nd ref="7158" />
    <nd ref="7161" />
    <nd ref="7164" />
    <nd ref="7168" />
    <nd ref="7173" />
    <nd ref="7177" />
    <nd ref="7182" />
    <nd ref="7385" />
    <nd ref="7381" />
    <nd ref="7377" />
    <nd ref="7373" />
    <tag k="type" v="guard_rail" />
  </way>
  <way id="7055" version="1">
    <nd ref="1697" />
    <nd ref="1696" />
    <nd ref="1695" />
    <nd ref="1694" />
    <nd ref="1693" />
    <tag k="subtype" v="dashed" />
    <tag k="type" v="line_thin" />
  </way>
  <way id="7056" version="1">
    <nd ref="1703" />
    <nd ref="1702" />
    <nd ref="1701" />
    <nd ref="1700" />
    <tag k="type" v="line_thin" />
  </way>
  <way id="7057" version="1">
    <nd ref="1342" />
    <nd ref="9571" />
    <nd ref="7335" />
    <nd ref="7331" />
    <nd ref="7262" />
    <nd ref="7250" />
    <nd ref="7283" />
    <nd ref="7268" />
    <nd ref="7327" />
    <nd ref="7323" />
    <nd ref="7319" />
    <nd ref="7315" />
    <nd ref="7311" />
    <nd ref="7308" />
    <nd ref="7304" />
    <nd ref="7300" />
    <nd ref="7296" />
    <nd ref="7293" />
    <nd ref="7290" />
    <nd ref="7287" />
    <nd ref="7185" />
    <nd ref="7189" />
    <nd ref="7193" />
    <nd ref="7198" />
    <nd ref="7202" />
    <nd ref="7206" />
    <nd ref="7210" />
    <nd ref="7214" />
    <nd ref="7217" />
    <nd ref="7220" />
    <nd ref="7223" />
    <nd ref="7226" />
    <nd ref="7229" />
    <nd ref="7232" />
    <nd ref="7257" />
    <nd ref="7245" />
    <nd ref="7435" />
    <nd ref="7271" />
    <nd ref="7254" />
    <nd ref="7241" />
    <nd ref="7235" />
    <tag k="type" v="road_border" />
  </way>
  <way id="7058" version="1">
    <nd ref="2196" />
    <nd ref="7318" />
    <tag k="type" v="road_border" />
  </way>
  <way id="7059" version="1">
    <nd ref="2230" />
    <nd ref="7132" />
    <tag k="type" v="road_border" />
  </way>
  <way id="7060" version="1">
    <nd ref="7132" />
    <nd ref="7133" />
    <nd ref="7071" />
    <nd ref="7073" />
    <nd ref="7075" />
    <nd ref="7077" />
    <nd ref="7141" />
    <nd ref="7079" />
    <nd ref="7080" />
    <nd ref="7081" />
    <nd ref="7082" />
    <tag k="type" v="guard_rail" />
  </way>
  <way id="7518" version="1">
    <nd ref="2857" />
    <nd ref="2858" />
    <nd ref="2859" />
    <nd ref="2860" />
    <nd ref="2861" />
    <nd ref="4097" />
    <tag k="subtype" v="solid" />
    <tag k="type" v="line_thin" />
  </way>
  <way id="7520" version="1">
    <nd ref="7564" />
    <nd ref="7562" />
    <nd ref="7561" />
    <nd ref="7560" />
    <nd ref="9611" />
    <nd ref="8699" />
    <nd ref="9613" />
    <nd ref="3164" />
    <tag k="type" v="virtual" />
  </way>
  <way id="7521" version="1">
    <nd ref="3115" />
    <nd ref="7546" />
    <nd ref="7547" />
    <nd ref="3312" />
    <tag k="type" v="virtual" />
  </way>
  <way id="7522" version="1">
    <nd ref="3108" />
    <nd ref="7526" />
    <nd ref="2696" />
    <tag k="type" v="virtual" />
  </way>
  <way id="7523" version="1">
    <nd ref="7528" />
    <nd ref="7548" />
    <nd ref="7551" />
    <nd ref="7549" />
    <nd ref="7529" />
    <nd ref="7530" />
    <nd ref="7531" />
    <nd ref="7532" />
    <nd ref="7533" />
    <nd ref="7534" />
    <nd ref="8849" />
    <nd ref="7535" />
    <nd ref="8437" />
    <nd ref="7536" />
    <nd ref="7537" />
    <nd ref="7538" />
    <tag k="type" v="road_border" />
  </way>
  <way id="7524" version="1">
    <nd ref="7556" />
    <nd ref="7555" />
    <nd ref="7554" />
    <nd ref="7553" />
    <nd ref="7552" />
    <nd ref="9616" />
    <nd ref="9612" />
    <nd ref="3913" />
    <tag k="type" v="virtual" />
  </way>
  <way id="7525" version="1">
    <nd ref="3412" />
    <nd ref="3413" />
    <nd ref="3414" />
    <tag k="subtype" v="solid" />
    <tag k="type" v="line_thin" />
  </way>
  <way id="7569" version="1">
    <nd ref="3366" />
    <nd ref="7567" />
    <nd ref="8891" />
    <nd ref="8653" />
    <nd ref="7582" />
    <nd ref="7587" />
    <nd ref="7565" />
    <nd ref="7584" />
    <nd ref="7564" />
    <tag k="type" v="virtual" />
  </way>
  <way id="7570" version="1">
    <nd ref="2427" />
    <nd ref="8532" />
    <nd ref="7559" />
    <nd ref="7557" />
    <nd ref="8956" />
    <nd ref="7592" />
    <nd ref="7593" />
    <nd ref="8697" />
    <nd ref="7556" />
    <tag k="type" v="virtual" />
  </way>
  <way id="7576" version="1">
    <nd ref="7586" />
    <nd ref="7585" />
    <tag k="subtype" v="de205" />
    <tag k="type" v="traffic_sign" />
  </way>
  <way id="7577" version="1">
    <nd ref="7581" />
    <nd ref="7588" />
    <tag k="type" v="virtual" />
  </way>
  <way id="7595" version="1">
    <nd ref="9175" />
    <nd ref="7599" />
    <nd ref="7600" />
    <nd ref="9176" />
    <tag k="type" v="virtual" />
  </way>
  <way id="7596" version="1">
    <nd ref="7601" />
    <nd ref="7602" />
    <tag k="subtype" v="de205" />
    <tag k="type" v="traffic_sign" />
  </way>
  <way id="7597" version="1">
    <nd ref="7603" />
    <nd ref="7604" />
    <tag k="type" v="virtual" />
  </way>
  <way id="7598" version="1">
    <nd ref="7605" />
    <nd ref="7606" />
    <tag k="subtype" v="de205" />
    <tag k="type" v="traffic_sign" />
  </way>
  <way id="7629" version="1">
    <nd ref="5644" />
    <nd ref="7660" />
    <tag k="type" v="virtual" />
  </way>
  <way id="7630" version="1">
    <nd ref="3223" />
    <nd ref="8856" />
    <nd ref="8419" />
    <nd ref="3227" />
    <nd ref="7702" />
    <nd ref="3228" />
    <nd ref="3229" />
    <nd ref="3230" />
    <nd ref="3231" />
    <nd ref="3232" />
    <nd ref="3233" />
    <nd ref="3234" />
    <nd ref="3235" />
    <nd ref="7691" />
    <nd ref="3236" />
    <tag k="type" v="road_border" />
  </way>
  <way id="7631" version="1">
    <nd ref="4912" />
    <nd ref="4914" />
    <nd ref="4918" />
    <nd ref="7332" />
    <nd ref="7703" />
    <nd ref="7336" />
    <tag k="type" v="road_border" />
  </way>
  <way id="7632" version="1">
    <nd ref="3655" />
    <nd ref="3656" />
    <nd ref="3657" />
    <nd ref="9609" />
    <nd ref="3658" />
    <tag k="subtype" v="solid" />
    <tag k="type" v="road_border" />
  </way>
  <way id="7633" version="1">
    <nd ref="7336" />
    <nd ref="4922" />
    <nd ref="4924" />
    <nd ref="4925" />
    <nd ref="4831" />
    <tag k="type" v="road_border" />
  </way>
  <way id="7636" version="1">
    <nd ref="7675" />
    <nd ref="7674" />
    <tag k="subtype" v="red_yellow_green" />
    <tag k="type" v="traffic_light" />
  </way>
  <way id="7637" version="1">
    <nd ref="7686" />
    <nd ref="7685" />
    <tag k="subtype" v="red_yellow_green" />
    <tag k="type" v="traffic_light" />
  </way>
  <way id="7638" version="1">
    <nd ref="4674" />
    <nd ref="7681" />
    <tag k="type" v="virtual" />
  </way>
  <way id="7639" version="1">
    <nd ref="5767" />
    <nd ref="7662" />
    <nd ref="7660" />
    <tag k="type" v="virtual" />
  </way>
  <way id="7641" version="1">
    <nd ref="7673" />
    <nd ref="7672" />
    <tag k="subtype" v="red_yellow_green" />
    <tag k="type" v="traffic_light" />
  </way>
  <way id="7642" version="1">
    <nd ref="2216" />
    <nd ref="7661" />
    <nd ref="7665" />
    <tag k="type" v="road_border" />
  </way>
  <way id="7643" version="1">
    <nd ref="7677" />
    <nd ref="7676" />
    <tag k="subtype" v="red_yellow_green" />
    <tag k="type" v="traffic_light" />
  </way>
  <way id="7645" version="1">
    <nd ref="3576" />
    <nd ref="3888" />
    <tag k="type" v="virtual" />
  </way>
  <way id="7646" version="1">
    <nd ref="3798" />
    <nd ref="7663" />
    <tag k="type" v="virtual" />
  </way>
  <way id="7647" version="1">
    <nd ref="7437" />
    <nd ref="4903" />
    <tag k="type" v="virtual" />
  </way>
  <way id="7648" version="1">
    <nd ref="7683" />
    <nd ref="7682" />
    <tag k="subtype" v="red_yellow_green" />
    <tag k="type" v="traffic_light" />
  </way>
  <way id="7649" version="1">
    <nd ref="3643" />
    <nd ref="4771" />
    <tag k="type" v="virtual" />
  </way>
  <way id="7650" version="1">
    <nd ref="7665" />
    <nd ref="7667" />
    <nd ref="2217" />
    <nd ref="2218" />
    <nd ref="2219" />
    <tag k="type" v="road_border" />
  </way>
  <way id="7651" version="1">
    <nd ref="3810" />
    <nd ref="8318" />
    <nd ref="8319" />
    <nd ref="8320" />
    <nd ref="8321" />
    <nd ref="8322" />
    <nd ref="3816" />
    <tag k="type" v="road_border" />
  </way>
  <way id="7652" version="1">
    <nd ref="7663" />
    <nd ref="7666" />
    <tag k="subtype" v="solid" />
    <tag k="type" v="line_thick" />
  </way>
  <way id="7653" version="1">
    <nd ref="7088" />
    <nd ref="8855" />
    <nd ref="7089" />
    <nd ref="7090" />
    <nd ref="7091" />
    <nd ref="7092" />
    <nd ref="7259" />
    <nd ref="7247" />
    <tag k="type" v="road_border" />
  </way>
  <way id="7654" version="1">
    <nd ref="4691" />
    <nd ref="7663" />
    <tag k="type" v="virtual" />
  </way>
  <way id="7655" version="1">
    <nd ref="3795" />
    <nd ref="3796" />
    <nd ref="3797" />
    <nd ref="3798" />
    <tag k="type" v="road_border" />
  </way>
  <way id="7656" version="1">
    <nd ref="7660" />
    <nd ref="8511" />
    <nd ref="7700" />
    <nd ref="7699" />
    <nd ref="7698" />
    <nd ref="7692" />
    <nd ref="7697" />
    <nd ref="7696" />
    <nd ref="7695" />
    <nd ref="7694" />
    <nd ref="7693" />
    <nd ref="5660" />
    <tag k="type" v="virtual" />
  </way>
  <way id="7657" version="1">
    <nd ref="5185" />
    <nd ref="5661" />
    <tag k="type" v="virtual" />
  </way>
  <way id="7658" version="1">
    <nd ref="5186" />
    <nd ref="5767" />
    <tag k="type" v="virtual" />
  </way>
  <way id="7659" version="1">
    <nd ref="5661" />
    <nd ref="4912" />
    <tag k="type" v="virtual" />
  </way>
  <way id="7715" version="1">
    <nd ref="4903" />
    <nd ref="4904" />
    <nd ref="4905" />
    <nd ref="4907" />
    <nd ref="4908" />
    <nd ref="4910" />
    <nd ref="8431" />
    <nd ref="8374" />
    <nd ref="4912" />
    <tag k="type" v="road_border" />
  </way>
  <way id="7716" version="1">
    <nd ref="7722" />
    <nd ref="2244" />
    <nd ref="2245" />
    <nd ref="2246" />
    <tag k="type" v="road_border" />
  </way>
  <way id="7717" version="1">
    <nd ref="4673" />
    <nd ref="4674" />
    <tag k="type" v="virtual" />
  </way>
  <way id="7718" version="1">
    <nd ref="4674" />
    <nd ref="7721" />
    <nd ref="7720" />
    <nd ref="4680" />
    <tag k="type" v="virtual" />
  </way>
  <way id="7719" version="1">
    <nd ref="7681" />
    <nd ref="5690" />
    <nd ref="2210" />
    <tag k="type" v="road_border" />
  </way>
  <way id="7728" version="1">
    <nd ref="3881" />
    <nd ref="9584" />
    <nd ref="3882" />
    <tag k="type" v="virtual" />
  </way>
  <way id="7730" version="1">
    <nd ref="2252" />
    <nd ref="7731" />
    <tag k="subtype" v="solid" />
    <tag k="type" v="road_border" />
  </way>
  <way id="7733" version="1">
    <nd ref="3881" />
    <nd ref="7731" />
    <tag k="type" v="virtual" />
  </way>
  <way id="7734" version="1">
    <nd ref="7735" />
    <nd ref="7736" />
    <tag k="subtype" v="red_yellow_green" />
    <tag k="type" v="traffic_light" />
  </way>
  <way id="7966" version="1">
    <nd ref="7088" />
    <nd ref="8848" />
    <nd ref="8846" />
    <nd ref="2383" />
    <tag k="subtype" v="solid" />
    <tag k="type" v="line_thin" />
  </way>
  <way id="7967" version="1">
    <nd ref="4604" />
    <nd ref="4661" />
    <nd ref="4662" />
    <nd ref="4663" />
    <nd ref="4664" />
    <tag k="subtype" v="solid" />
    <tag k="type" v="line_thin" />
  </way>
  <way id="7968" version="1">
    <nd ref="8559" />
    <nd ref="8843" />
    <nd ref="8537" />
    <nd ref="8582" />
    <nd ref="8572" />
    <nd ref="8646" />
    <nd ref="8640" />
    <nd ref="8943" />
    <tag k="subtype" v="solid" />
    <tag k="type" v="line_thin" />
  </way>
  <way id="7969" version="1">
    <nd ref="2313" />
    <nd ref="8324" />
    <nd ref="8295" />
    <tag k="subtype" v="solid" />
    <tag k="type" v="line_thin" />
  </way>
  <way id="7970" version="1">
    <nd ref="2756" />
    <nd ref="2757" />
    <nd ref="2758" />
    <nd ref="2759" />
    <nd ref="2760" />
    <nd ref="2761" />
    <nd ref="2762" />
    <nd ref="2763" />
    <nd ref="2764" />
    <nd ref="2765" />
    <tag k="subtype" v="dashed" />
    <tag k="type" v="line_thin" />
  </way>
  <way id="7971" version="1">
    <nd ref="2261" />
    <nd ref="5783" />
    <nd ref="2263" />
    <nd ref="2264" />
    <nd ref="2265" />
    <nd ref="2266" />
    <nd ref="2267" />
    <nd ref="2268" />
    <nd ref="2269" />
    <tag k="type" v="road_border" />
  </way>
  <way id="7972" version="1">
    <nd ref="5117" />
    <nd ref="5118" />
    <nd ref="5119" />
    <nd ref="5120" />
    <nd ref="5121" />
    <tag k="type" v="road_border" />
  </way>
  <way id="7973" version="1">
    <nd ref="3274" />
    <nd ref="3276" />
    <nd ref="3279" />
    <tag k="subtype" v="solid" />
    <tag k="type" v="line_thick" />
  </way>
  <way id="7974" version="1">
    <nd ref="3223" />
    <nd ref="8704" />
    <nd ref="8692" />
    <nd ref="8647" />
    <nd ref="8822" />
    <nd ref="8703" />
    <nd ref="8819" />
    <nd ref="8816" />
    <nd ref="8813" />
    <nd ref="8812" />
    <nd ref="8811" />
    <nd ref="3236" />
    <tag k="subtype" v="solid" />
    <tag k="type" v="line_thin" />
  </way>
  <way id="7975" version="1">
    <nd ref="3816" />
    <nd ref="8725" />
    <nd ref="8346" />
    <nd ref="8349" />
    <nd ref="8442" />
    <nd ref="8445" />
    <nd ref="8451" />
    <nd ref="8456" />
    <nd ref="8351" />
    <nd ref="8476" />
    <nd ref="8554" />
    <tag k="subtype" v="dashed" />
    <tag k="type" v="line_thin" />
  </way>
  <way id="7976" version="1">
    <nd ref="3946" />
    <nd ref="5636" />
    <tag k="lane_change" v="no" />
    <tag k="subtype" v="dashed" />
    <tag k="type" v="line_thin" />
  </way>
  <way id="7977" version="1">
    <nd ref="8840" />
    <nd ref="9302" />
    <tag k="subtype" v="solid" />
    <tag k="type" v="line_thin" />
  </way>
  <way id="7978" version="1">
    <nd ref="4877" />
    <nd ref="9301" />
    <tag k="subtype" v="solid" />
    <tag k="type" v="line_thin" />
  </way>
  <way id="7979" version="1">
    <nd ref="7660" />
    <nd ref="3223" />
    <tag k="type" v="virtual" />
  </way>
  <way id="7980" version="1">
    <nd ref="3991" />
    <nd ref="8475" />
    <nd ref="8553" />
    <nd ref="8669" />
    <nd ref="8666" />
    <nd ref="8480" />
    <nd ref="8482" />
    <nd ref="8908" />
    <tag k="type" v="virtual" />
  </way>
  <way id="7981" version="1">
    <nd ref="8924" />
    <nd ref="8923" />
    <nd ref="4519" />
    <tag k="subtype" v="solid" />
    <tag k="type" v="line_thin" />
  </way>
  <way id="7982" version="1">
    <nd ref="3409" />
    <nd ref="3410" />
    <nd ref="3411" />
    <nd ref="3412" />
    <tag k="subtype" v="solid" />
    <tag k="type" v="line_thin" />
  </way>
  <way id="7983" version="1">
    <nd ref="2289" />
    <nd ref="8987" />
    <nd ref="8986" />
    <nd ref="8985" />
    <nd ref="8984" />
    <nd ref="8265" />
    <nd ref="8983" />
    <nd ref="7336" />
    <tag k="type" v="virtual" />
  </way>
  <way id="7984" version="1">
    <nd ref="5162" />
    <nd ref="8597" />
    <nd ref="8584" />
    <nd ref="8520" />
    <nd ref="8575" />
    <nd ref="8510" />
    <nd ref="8420" />
    <nd ref="8589" />
    <nd ref="8783" />
    <nd ref="8924" />
    <tag k="type" v="virtual" />
  </way>
  <way id="7985" version="1">
    <nd ref="4489" />
    <nd ref="4491" />
    <nd ref="4492" />
    <nd ref="4493" />
    <nd ref="4494" />
    <nd ref="4495" />
    <tag k="subtype" v="solid" />
    <tag k="type" v="road_border" />
  </way>
  <way id="7986" version="1">
    <nd ref="8672" />
    <nd ref="8562" />
    <nd ref="8610" />
    <nd ref="8604" />
    <nd ref="8529" />
    <nd ref="8726" />
    <tag k="subtype" v="solid" />
    <tag k="type" v="line_thin" />
  </way>
  <way id="7987" version="1">
    <nd ref="8726" />
    <nd ref="8758" />
    <nd ref="8628" />
    <nd ref="8499" />
    <nd ref="8623" />
    <nd ref="8506" />
    <nd ref="8752" />
    <tag k="subtype" v="solid" />
    <tag k="type" v="line_thin" />
  </way>
  <way id="7988" version="1">
    <nd ref="8752" />
    <nd ref="8658" />
    <tag k="subtype" v="solid" />
    <tag k="type" v="line_thin" />
  </way>
  <way id="7989" version="1">
    <nd ref="8658" />
    <nd ref="8356" />
    <nd ref="8557" />
    <nd ref="8358" />
    <nd ref="8359" />
    <nd ref="8373" />
    <tag k="subtype" v="solid" />
    <tag k="type" v="line_thin" />
  </way>
  <way id="7990" version="1">
    <nd ref="8373" />
    <nd ref="8361" />
    <nd ref="8364" />
    <nd ref="8366" />
    <nd ref="8406" />
    <nd ref="8512" />
    <nd ref="8367" />
    <tag k="subtype" v="solid" />
    <tag k="type" v="line_thin" />
  </way>
  <way id="7991" version="1">
    <nd ref="7660" />
    <nd ref="8527" />
    <nd ref="8333" />
    <nd ref="8564" />
    <nd ref="8334" />
    <nd ref="8385" />
    <nd ref="8590" />
    <nd ref="8388" />
    <nd ref="8335" />
    <nd ref="8336" />
    <nd ref="8337" />
    <nd ref="7437" />
    <tag k="type" v="virtual" />
  </way>
  <way id="7992" version="1">
    <nd ref="8436" />
    <nd ref="8438" />
    <tag k="subtype" v="red_yellow_green" />
    <tag k="type" v="traffic_light" />
  </way>
  <way id="7993" version="1">
    <nd ref="5370" />
    <nd ref="5371" />
    <nd ref="5372" />
    <nd ref="5373" />
    <nd ref="5374" />
    <nd ref="5375" />
    <tag k="subtype" v="solid" />
    <tag k="type" v="line_thin" />
  </way>
  <way id="7994" version="1">
    <nd ref="9054" />
    <nd ref="8263" />
    <tag k="subtype" v="red_yellow_green" />
    <tag k="type" v="traffic_light" />
  </way>
  <way id="7995" version="1">
    <nd ref="8367" />
    <nd ref="8368" />
    <nd ref="8412" />
    <nd ref="8380" />
    <nd ref="8262" />
    <nd ref="8866" />
    <nd ref="8864" />
    <nd ref="8390" />
    <tag k="subtype" v="solid" />
    <tag k="type" v="line_thin" />
  </way>
  <way id="7996" version="1">
    <nd ref="8497" />
    <nd ref="5169" />
    <nd ref="4235" />
    <nd ref="5461" />
    <nd ref="4236" />
    <nd ref="5150" />
    <nd ref="4237" />
    <tag k="subtype" v="dashed" />
    <tag k="type" v="line_thin" />
  </way>
  <way id="7997" version="1">
    <nd ref="5121" />
    <nd ref="8651" />
    <nd ref="5122" />
    <nd ref="5123" />
    <nd ref="5124" />
    <nd ref="5125" />
    <nd ref="5126" />
    <nd ref="5127" />
    <nd ref="5128" />
    <nd ref="5129" />
    <nd ref="5130" />
    <tag k="type" v="road_border" />
  </way>
  <way id="7998" version="1">
    <nd ref="2309" />
    <nd ref="4226" />
    <nd ref="4227" />
    <nd ref="4228" />
    <tag k="subtype" v="dashed" />
    <tag k="type" v="line_thin" />
  </way>
  <way id="7999" version="1">
    <nd ref="9033" />
    <nd ref="8474" />
    <nd ref="8583" />
    <nd ref="8973" />
    <tag k="subtype" v="dashed" />
    <tag k="type" v="line_thin" />
  </way>
  <way id="8000" version="1">
    <nd ref="8497" />
    <nd ref="8372" />
    <nd ref="8360" />
    <nd ref="8363" />
    <nd ref="8777" />
    <nd ref="8365" />
    <nd ref="5460" />
    <tag k="type" v="virtual" />
  </way>
  <way id="8001" version="1">
    <nd ref="4229" />
    <nd ref="4230" />
    <nd ref="4231" />
    <nd ref="4232" />
    <nd ref="4233" />
    <nd ref="4234" />
    <nd ref="8497" />
    <tag k="subtype" v="dashed" />
    <tag k="type" v="line_thin" />
  </way>
  <way id="8002" version="1">
    <nd ref="8295" />
    <nd ref="2314" />
    <nd ref="5474" />
    <nd ref="2315" />
    <tag k="subtype" v="solid" />
    <tag k="type" v="line_thin" />
  </way>
  <way id="8003" version="1">
    <nd ref="4427" />
    <nd ref="4430" />
    <nd ref="4431" />
    <nd ref="4432" />
    <nd ref="4433" />
    <nd ref="4434" />
    <nd ref="4435" />
    <nd ref="4436" />
    <nd ref="4437" />
    <nd ref="4438" />
    <nd ref="4439" />
    <nd ref="4440" />
    <nd ref="4441" />
    <nd ref="4442" />
    <nd ref="4443" />
    <nd ref="4444" />
    <tag k="subtype" v="solid" />
    <tag k="type" v="road_border" />
  </way>
  <way id="8004" version="1">
    <nd ref="9010" />
    <nd ref="9009" />
    <nd ref="9007" />
    <nd ref="9006" />
    <nd ref="9005" />
    <nd ref="9004" />
    <nd ref="4200" />
    <tag k="subtype" v="solid" />
    <tag k="type" v="line_thin" />
  </way>
  <way id="8005" version="1">
    <nd ref="8384" />
    <nd ref="8386" />
    <nd ref="8591" />
    <nd ref="8389" />
    <nd ref="4427" />
    <tag k="subtype" v="solid" />
    <tag k="type" v="line_thin" />
  </way>
  <way id="8006" version="1">
    <nd ref="4621" />
    <nd ref="8678" />
    <nd ref="4623" />
    <nd ref="4624" />
    <tag k="subtype" v="dashed" />
    <tag k="type" v="line_thin" />
  </way>
  <way id="8007" version="1">
    <nd ref="4241" />
    <nd ref="4242" />
    <nd ref="4243" />
    <nd ref="4244" />
    <nd ref="4245" />
    <nd ref="4246" />
    <nd ref="4247" />
    <nd ref="4248" />
    <nd ref="4249" />
    <nd ref="4250" />
    <nd ref="4251" />
    <nd ref="4252" />
    <nd ref="4253" />
    <tag k="subtype" v="dashed" />
    <tag k="type" v="line_thin" />
  </way>
  <way id="8008" version="1">
    <nd ref="2319" />
    <nd ref="2320" />
    <nd ref="2321" />
    <nd ref="2322" />
    <nd ref="2323" />
    <nd ref="2324" />
    <nd ref="2325" />
    <nd ref="2326" />
    <nd ref="2327" />
    <nd ref="2328" />
    <nd ref="2329" />
    <nd ref="2330" />
    <nd ref="2331" />
    <nd ref="2332" />
    <nd ref="2333" />
    <nd ref="2334" />
    <nd ref="2335" />
    <nd ref="2336" />
    <nd ref="2337" />
    <tag k="subtype" v="solid" />
    <tag k="type" v="line_thin" />
  </way>
  <way id="8009" version="1">
    <nd ref="2427" />
    <nd ref="8291" />
    <nd ref="8292" />
    <nd ref="8293" />
    <nd ref="8396" />
    <nd ref="8294" />
    <nd ref="8481" />
    <nd ref="8555" />
    <nd ref="7564" />
    <tag k="type" v="virtual" />
  </way>
  <way id="8010" version="1">
    <nd ref="8483" />
    <nd ref="8782" />
    <nd ref="8439" />
    <nd ref="8395" />
    <nd ref="8357" />
    <nd ref="5167" />
    <tag k="type" v="virtual" />
  </way>
  <way id="8011" version="1">
    <nd ref="8920" />
    <nd ref="8795" />
    <nd ref="8794" />
    <nd ref="8793" />
    <nd ref="8792" />
    <nd ref="8790" />
    <nd ref="8568" />
    <nd ref="8789" />
    <nd ref="5157" />
    <tag k="type" v="virtual" />
  </way>
  <way id="8012" version="1">
    <nd ref="8614" />
    <nd ref="8586" />
    <tag k="type" v="virtual" />
  </way>
  <way id="8013" version="1">
    <nd ref="4297" />
    <nd ref="4298" />
    <nd ref="4299" />
    <nd ref="4300" />
    <nd ref="4301" />
    <nd ref="4302" />
    <nd ref="4303" />
    <nd ref="4304" />
    <nd ref="4305" />
    <nd ref="4306" />
    <tag k="subtype" v="solid" />
    <tag k="type" v="road_border" />
  </way>
  <way id="8014" version="1">
    <nd ref="2315" />
    <nd ref="2316" />
    <nd ref="2317" />
    <nd ref="2318" />
    <nd ref="2319" />
    <tag k="subtype" v="solid" />
    <tag k="type" v="line_thin" />
  </way>
  <way id="8015" version="1">
    <nd ref="3216" />
    <nd ref="8408" />
    <nd ref="8502" />
    <nd ref="8503" />
    <nd ref="8489" />
    <nd ref="8269" />
    <nd ref="8270" />
    <nd ref="2290" />
    <tag k="type" v="virtual" />
  </way>
  <way id="8016" version="1">
    <nd ref="7368" />
    <nd ref="2303" />
    <nd ref="2304" />
    <nd ref="2305" />
    <nd ref="2306" />
    <nd ref="2307" />
    <nd ref="2308" />
    <nd ref="2309" />
    <tag k="type" v="virtual" />
  </way>
  <way id="8017" version="1">
    <nd ref="8411" />
    <nd ref="8914" />
    <tag k="subtype" v="dashed" />
    <tag k="type" v="line_thin" />
  </way>
  <way id="8018" version="1">
    <nd ref="2340" />
    <nd ref="2341" />
    <nd ref="2342" />
    <nd ref="8377" />
    <nd ref="2343" />
    <tag k="subtype" v="solid" />
    <tag k="type" v="line_thin" />
  </way>
  <way id="8019" version="1">
    <nd ref="4554" />
    <nd ref="4555" />
    <nd ref="4556" />
    <nd ref="4557" />
    <nd ref="4558" />
    <tag k="subtype" v="solid" />
    <tag k="type" v="road_border" />
  </way>
  <way id="8020" version="1">
    <nd ref="4558" />
    <nd ref="4559" />
    <nd ref="8606" />
    <nd ref="8546" />
    <nd ref="4560" />
    <tag k="subtype" v="solid" />
    <tag k="type" v="road_border" />
  </way>
  <way id="8021" version="1">
    <nd ref="4444" />
    <nd ref="4445" />
    <nd ref="4446" />
    <nd ref="4447" />
    <nd ref="4448" />
    <nd ref="4449" />
    <nd ref="4450" />
    <tag k="subtype" v="solid" />
    <tag k="type" v="road_border" />
  </way>
  <way id="8022" version="1">
    <nd ref="2852" />
    <nd ref="8331" />
    <nd ref="7356" />
    <tag k="subtype" v="solid" />
    <tag k="type" v="line_thin" />
  </way>
  <way id="8023" version="1">
    <nd ref="1306" />
    <nd ref="8709" />
    <nd ref="1307" />
    <nd ref="5567" />
    <nd ref="8712" />
    <nd ref="1308" />
    <tag k="subtype" v="solid" />
    <tag k="type" v="line_thin" />
  </way>
  <way id="8024" version="1">
    <nd ref="8554" />
    <nd ref="2229" />
    <tag k="type" v="road_border" />
  </way>
  <way id="8025" version="1">
    <nd ref="5384" />
    <nd ref="5385" />
    <nd ref="5386" />
    <nd ref="5387" />
    <nd ref="5388" />
    <tag k="subtype" v="dashed" />
    <tag k="type" v="line_thin" />
  </way>
  <way id="8026" version="1">
    <nd ref="8607" />
    <nd ref="8694" />
    <tag k="subtype" v="solid" />
    <tag k="type" v="line_thin" />
  </way>
  <way id="8027" version="1">
    <nd ref="4560" />
    <nd ref="4563" />
    <nd ref="4564" />
    <nd ref="4565" />
    <tag k="subtype" v="solid" />
    <tag k="type" v="road_border" />
  </way>
  <way id="8028" version="1">
    <nd ref="4761" />
    <nd ref="5529" />
    <nd ref="5528" />
    <nd ref="5527" />
    <nd ref="5526" />
    <nd ref="5525" />
    <nd ref="5524" />
    <nd ref="5523" />
    <nd ref="5522" />
    <tag k="type" v="virtual" />
  </way>
  <way id="8029" version="1">
    <nd ref="5108" />
    <nd ref="9025" />
    <nd ref="9024" />
    <nd ref="9023" />
    <nd ref="9022" />
    <nd ref="9021" />
    <nd ref="5112" />
    <tag k="type" v="road_border" />
  </way>
  <way id="8030" version="1">
    <nd ref="5504" />
    <nd ref="9003" />
    <nd ref="9002" />
    <nd ref="9001" />
    <nd ref="9000" />
    <nd ref="8999" />
    <nd ref="2269" />
    <tag k="subtype" v="solid" />
    <tag k="type" v="line_thin" />
  </way>
  <way id="8031" version="1">
    <nd ref="4272" />
    <nd ref="4273" />
    <nd ref="5421" />
    <nd ref="4274" />
    <nd ref="4275" />
    <tag k="subtype" v="dashed" />
    <tag k="type" v="line_thin" />
  </way>
  <way id="8032" version="1">
    <nd ref="8295" />
    <nd ref="8780" />
    <nd ref="8415" />
    <nd ref="8297" />
    <nd ref="8595" />
    <nd ref="8397" />
    <nd ref="8770" />
    <nd ref="5145" />
    <tag k="type" v="virtual" />
  </way>
  <way id="8033" version="1">
    <nd ref="5162" />
    <nd ref="5163" />
    <nd ref="5164" />
    <nd ref="5165" />
    <nd ref="5167" />
    <tag k="subtype" v="solid" />
    <tag k="type" v="line_thin" />
  </way>
  <way id="8034" version="1">
    <nd ref="2346" />
    <nd ref="2347" />
    <nd ref="2348" />
    <nd ref="2349" />
    <nd ref="2350" />
    <nd ref="2351" />
    <nd ref="2352" />
    <nd ref="2353" />
    <nd ref="2354" />
    <nd ref="2355" />
    <nd ref="2356" />
    <tag k="subtype" v="solid" />
    <tag k="type" v="line_thin" />
  </way>
  <way id="8035" version="1">
    <nd ref="2139" />
    <nd ref="2140" />
    <nd ref="2141" />
    <tag k="type" v="road_border" />
  </way>
  <way id="8036" version="1">
    <nd ref="4643" />
    <nd ref="4645" />
    <nd ref="4646" />
    <nd ref="4647" />
    <nd ref="4648" />
    <nd ref="4649" />
    <nd ref="4272" />
    <tag k="subtype" v="dashed" />
    <tag k="type" v="line_thin" />
  </way>
  <way id="8037" version="1">
    <nd ref="2158" />
    <nd ref="2160" />
    <nd ref="2161" />
    <nd ref="2162" />
    <nd ref="2163" />
    <nd ref="2164" />
    <nd ref="2165" />
    <nd ref="2166" />
    <nd ref="2167" />
    <nd ref="2168" />
    <nd ref="2169" />
    <nd ref="2170" />
    <nd ref="2171" />
    <nd ref="2172" />
    <nd ref="2173" />
    <nd ref="2174" />
    <nd ref="2175" />
    <nd ref="2176" />
    <tag k="type" v="road_border" />
  </way>
  <way id="8038" version="1">
    <nd ref="8580" />
    <nd ref="8570" />
    <nd ref="8645" />
    <nd ref="8825" />
    <nd ref="8742" />
    <nd ref="8738" />
    <nd ref="8516" />
    <nd ref="8732" />
    <nd ref="8681" />
    <nd ref="8672" />
    <tag k="subtype" v="solid" />
    <tag k="type" v="line_thin" />
  </way>
  <way id="8039" version="1">
    <nd ref="4315" />
    <nd ref="4317" />
    <nd ref="4318" />
    <nd ref="4319" />
    <nd ref="4320" />
    <nd ref="4321" />
    <nd ref="4322" />
    <nd ref="4323" />
    <nd ref="4324" />
    <nd ref="4325" />
    <tag k="subtype" v="solid" />
    <tag k="type" v="road_border" />
  </way>
  <way id="8040" version="1">
    <nd ref="2269" />
    <nd ref="8998" />
    <nd ref="8997" />
    <nd ref="8338" />
    <nd ref="8996" />
    <nd ref="8995" />
    <nd ref="2272" />
    <tag k="type" v="road_border" />
  </way>
  <way id="8041" version="1">
    <nd ref="4877" />
    <nd ref="4878" />
    <nd ref="4882" />
    <nd ref="4889" />
    <nd ref="4892" />
    <nd ref="4898" />
    <nd ref="4903" />
    <tag k="type" v="road_border" />
  </way>
  <way id="8043" version="1">
    <nd ref="7556" />
    <nd ref="8733" />
    <nd ref="8682" />
    <nd ref="8362" />
    <nd ref="8673" />
    <nd ref="4153" />
    <tag k="type" v="virtual" />
  </way>
  <way id="8044" version="1">
    <nd ref="1903" />
    <nd ref="1904" />
    <nd ref="1905" />
    <nd ref="1906" />
    <nd ref="1907" />
    <nd ref="1908" />
    <nd ref="1909" />
    <nd ref="1910" />
    <nd ref="1911" />
    <nd ref="1912" />
    <nd ref="1913" />
    <nd ref="1914" />
    <nd ref="1915" />
    <tag k="type" v="virtual" />
  </way>
  <way id="8045" version="1">
    <nd ref="4624" />
    <nd ref="4625" />
    <nd ref="4626" />
    <nd ref="4627" />
    <tag k="subtype" v="dashed" />
    <tag k="type" v="line_thin" />
  </way>
  <way id="8046" version="1">
    <nd ref="8611" />
    <nd ref="8842" />
    <nd ref="8536" />
    <nd ref="2893" />
    <tag k="type" v="virtual" />
  </way>
  <way id="8047" version="1">
    <nd ref="4325" />
    <nd ref="4326" />
    <nd ref="4327" />
    <nd ref="4328" />
    <nd ref="4329" />
    <tag k="subtype" v="solid" />
    <tag k="type" v="road_border" />
  </way>
  <way id="8049" version="1">
    <nd ref="4590" />
    <nd ref="8754" />
    <nd ref="4592" />
    <nd ref="4593" />
    <nd ref="4594" />
    <nd ref="4595" />
    <nd ref="4596" />
    <nd ref="4597" />
    <nd ref="4598" />
    <nd ref="4599" />
    <nd ref="4600" />
    <nd ref="4601" />
    <nd ref="4602" />
    <nd ref="4603" />
    <nd ref="4604" />
    <tag k="subtype" v="solid" />
    <tag k="type" v="road_border" />
  </way>
  <way id="8050" version="1">
    <nd ref="874" />
    <nd ref="8286" />
    <nd ref="875" />
    <nd ref="876" />
    <nd ref="877" />
    <tag k="subtype" v="solid" />
    <tag k="type" v="line_thin" />
  </way>
  <way id="8051" version="1">
    <nd ref="2149" />
    <nd ref="1825" />
    <nd ref="1826" />
    <nd ref="1827" />
    <nd ref="1828" />
    <nd ref="1829" />
    <nd ref="1830" />
    <nd ref="1831" />
    <tag k="subtype" v="solid" />
    <tag k="type" v="line_thin" />
  </way>
  <way id="8052" version="1">
    <nd ref="2904" />
    <nd ref="2905" />
    <nd ref="2906" />
    <nd ref="2907" />
    <nd ref="2908" />
    <nd ref="2909" />
    <nd ref="2910" />
    <nd ref="2911" />
    <nd ref="2912" />
    <nd ref="2913" />
    <tag k="type" v="road_border" />
  </way>
  <way id="8053" version="1">
    <nd ref="4461" />
    <nd ref="8922" />
    <nd ref="8921" />
    <nd ref="8920" />
    <tag k="subtype" v="solid" />
    <tag k="type" v="line_thin" />
  </way>
  <way id="8054" version="1">
    <nd ref="4582" />
    <nd ref="4584" />
    <nd ref="4585" />
    <nd ref="4586" />
    <nd ref="4587" />
    <nd ref="4588" />
    <nd ref="4589" />
    <nd ref="4590" />
    <tag k="subtype" v="solid" />
    <tag k="type" v="road_border" />
  </way>
  <way id="8055" version="1">
    <nd ref="5460" />
    <nd ref="8314" />
    <nd ref="8315" />
    <nd ref="8316" />
    <nd ref="8317" />
    <nd ref="4237" />
    <tag k="type" v="virtual" />
  </way>
  <way id="8056" version="1">
    <nd ref="1836" />
    <nd ref="1838" />
    <nd ref="1839" />
    <nd ref="1840" />
    <nd ref="1841" />
    <tag k="type" v="road_border" />
  </way>
  <way id="8057" version="1">
    <nd ref="5185" />
    <nd ref="5186" />
    <tag k="type" v="virtual" />
  </way>
  <way id="8059" version="1">
    <nd ref="2427" />
    <nd ref="8464" />
    <nd ref="7247" />
    <nd ref="8486" />
    <nd ref="8468" />
    <nd ref="8470" />
    <nd ref="8471" />
    <nd ref="8472" />
    <nd ref="8418" />
    <nd ref="8399" />
    <nd ref="8409" />
    <nd ref="7538" />
    <tag k="subtype" v="solid" />
    <tag k="type" v="line_thin" />
  </way>
  <way id="8060" version="1">
    <nd ref="2651" />
    <nd ref="8287" />
    <nd ref="8288" />
    <nd ref="8289" />
    <nd ref="8355" />
    <nd ref="8296" />
    <nd ref="8290" />
    <nd ref="7556" />
    <tag k="type" v="virtual" />
  </way>
  <way id="8061" version="1">
    <nd ref="5145" />
    <nd ref="8306" />
    <nd ref="8307" />
    <nd ref="8323" />
    <nd ref="8308" />
    <nd ref="8384" />
    <tag k="type" v="virtual" />
  </way>
  <way id="8062" version="1">
    <nd ref="8920" />
    <nd ref="8804" />
    <nd ref="8657" />
    <nd ref="8802" />
    <nd ref="8801" />
    <nd ref="8800" />
    <nd ref="8798" />
    <nd ref="8867" />
    <tag k="type" v="virtual" />
  </way>
  <way id="8063" version="1">
    <nd ref="8390" />
    <nd ref="8449" />
    <nd ref="8454" />
    <nd ref="8458" />
    <nd ref="8809" />
    <nd ref="8879" />
    <nd ref="8370" />
    <tag k="subtype" v="solid" />
    <tag k="type" v="line_thin" />
  </way>
  <way id="8064" version="1">
    <nd ref="8432" />
    <nd ref="1868" />
    <nd ref="8744" />
    <nd ref="1869" />
    <nd ref="1870" />
    <nd ref="1871" />
    <tag k="subtype" v="solid" />
    <tag k="type" v="line_thin" />
  </way>
  <way id="8065" version="1">
    <nd ref="9033" />
    <nd ref="9032" />
    <nd ref="9031" />
    <nd ref="9030" />
    <nd ref="9029" />
    <nd ref="9028" />
    <nd ref="9027" />
    <nd ref="9026" />
    <nd ref="5108" />
    <tag k="type" v="road_border" />
  </way>
  <way id="8066" version="1">
    <nd ref="3998" />
    <nd ref="5451" />
    <nd ref="5452" />
    <nd ref="5453" />
    <nd ref="5454" />
    <nd ref="5851" />
    <nd ref="8796" />
    <nd ref="8908" />
    <tag k="type" v="virtual" />
  </way>
  <way id="8068" version="1">
    <nd ref="2340" />
    <nd ref="9017" />
    <nd ref="9016" />
    <nd ref="9014" />
    <nd ref="9008" />
    <nd ref="2337" />
    <tag k="subtype" v="solid" />
    <tag k="type" v="line_thin" />
  </way>
  <way id="8069" version="1">
    <nd ref="4237" />
    <nd ref="4238" />
    <nd ref="4239" />
    <nd ref="4240" />
    <nd ref="4241" />
    <tag k="subtype" v="dashed" />
    <tag k="type" v="line_thin" />
  </way>
  <way id="8070" version="1">
    <nd ref="2361" />
    <nd ref="8969" />
    <nd ref="2363" />
    <nd ref="2364" />
    <nd ref="2365" />
    <nd ref="2366" />
    <nd ref="2367" />
    <nd ref="2368" />
    <tag k="subtype" v="solid" />
    <tag k="type" v="line_thin" />
  </way>
  <way id="8071" version="1">
    <nd ref="5636" />
    <nd ref="8748" />
    <nd ref="8938" />
    <nd ref="8392" />
    <nd ref="8939" />
    <nd ref="8940" />
    <nd ref="8941" />
    <nd ref="8942" />
    <nd ref="5896" />
    <tag k="lane_change" v="no" />
    <tag k="subtype" v="dashed" />
    <tag k="type" v="line_thin" />
  </way>
  <way id="8072" version="1">
    <nd ref="2099" />
    <nd ref="8518" />
    <nd ref="8734" />
    <nd ref="8638" />
    <nd ref="8465" />
    <nd ref="8841" />
    <nd ref="8378" />
    <nd ref="8462" />
    <nd ref="8379" />
    <nd ref="8467" />
    <nd ref="8563" />
    <nd ref="1855" />
    <tag k="subtype" v="dashed" />
    <tag k="type" v="line_thin" />
  </way>
  <way id="8073" version="1">
    <nd ref="8820" />
    <nd ref="8817" />
    <nd ref="8814" />
    <nd ref="5896" />
    <tag k="subtype" v="dashed" />
    <tag k="type" v="line_thin" />
  </way>
  <way id="8074" version="1">
    <nd ref="7061" />
    <nd ref="8534" />
    <nd ref="8601" />
    <nd ref="8494" />
    <nd ref="8548" />
    <nd ref="1855" />
    <tag k="type" v="virtual" />
  </way>
  <way id="8075" version="1">
    <nd ref="5595" />
    <nd ref="8751" />
    <tag k="type" v="virtual" />
  </way>
  <way id="8076" version="1">
    <nd ref="4912" />
    <nd ref="8539" />
    <nd ref="8955" />
    <nd ref="8954" />
    <nd ref="8953" />
    <nd ref="8937" />
    <nd ref="8951" />
    <nd ref="8949" />
    <nd ref="8947" />
    <nd ref="8946" />
    <nd ref="8936" />
    <nd ref="8945" />
    <nd ref="8944" />
    <nd ref="8943" />
    <tag k="type" v="virtual" />
  </way>
  <way id="8077" version="1">
    <nd ref="5919" />
    <nd ref="9559" />
    <nd ref="9562" />
    <nd ref="9560" />
    <nd ref="8664" />
    <nd ref="8755" />
    <tag k="subtype" v="solid" />
    <tag k="type" v="line_thin" />
  </way>
  <way id="8078" version="1">
    <nd ref="1670" />
    <nd ref="1669" />
    <nd ref="1668" />
    <nd ref="1667" />
    <nd ref="1666" />
    <tag k="type" v="road_border" />
  </way>
  <way id="8079" version="1">
    <nd ref="2790" />
    <nd ref="4289" />
    <nd ref="4290" />
    <nd ref="4291" />
    <tag k="subtype" v="solid" />
    <tag k="type" v="road_border" />
  </way>
  <way id="8081" version="1">
    <nd ref="2376" />
    <nd ref="2377" />
    <nd ref="2378" />
    <nd ref="2379" />
    <nd ref="2380" />
    <nd ref="2381" />
    <nd ref="1703" />
    <tag k="subtype" v="solid" />
    <tag k="type" v="line_thin" />
  </way>
  <way id="8082" version="1">
    <nd ref="8961" />
    <nd ref="8567" />
    <tag k="type" v="virtual" />
  </way>
  <way id="8083" version="1">
    <nd ref="4173" />
    <nd ref="4174" />
    <nd ref="4175" />
    <nd ref="4176" />
    <nd ref="4177" />
    <nd ref="4178" />
    <nd ref="4179" />
    <nd ref="4180" />
    <nd ref="4181" />
    <nd ref="4182" />
    <tag k="subtype" v="solid" />
    <tag k="type" v="road_border" />
  </way>
  <way id="8084" version="1">
    <nd ref="5088" />
    <nd ref="9039" />
    <nd ref="9038" />
    <nd ref="9037" />
    <nd ref="9036" />
    <nd ref="9035" />
    <tag k="type" v="road_border" />
  </way>
  <way id="8085" version="1">
    <nd ref="4264" />
    <nd ref="5366" />
    <nd ref="5367" />
    <nd ref="5368" />
    <nd ref="5369" />
    <nd ref="5370" />
    <tag k="type" v="virtual" />
  </way>
  <way id="8086" version="1">
    <nd ref="5188" />
    <nd ref="8820" />
    <tag k="type" v="virtual" />
  </way>
  <way id="8087" version="1">
    <nd ref="5595" />
    <nd ref="5184" />
    <tag k="type" v="virtual" />
  </way>
  <way id="8088" version="1">
    <nd ref="4565" />
    <nd ref="4567" />
    <nd ref="4568" />
    <nd ref="4569" />
    <nd ref="4570" />
    <nd ref="4571" />
    <nd ref="4572" />
    <nd ref="4573" />
    <nd ref="4574" />
    <nd ref="4575" />
    <nd ref="4576" />
    <nd ref="4577" />
    <nd ref="4578" />
    <nd ref="4579" />
    <nd ref="4580" />
    <nd ref="4581" />
    <nd ref="4582" />
    <tag k="subtype" v="solid" />
    <tag k="type" v="road_border" />
  </way>
  <way id="8089" version="1">
    <nd ref="1700" />
    <nd ref="1699" />
    <nd ref="1698" />
    <nd ref="1697" />
    <tag k="type" v="line_thin" />
  </way>
  <way id="8090" version="1">
    <nd ref="5140" />
    <nd ref="8781" />
    <nd ref="8416" />
    <nd ref="8596" />
    <nd ref="8398" />
    <nd ref="8771" />
    <nd ref="8779" />
    <nd ref="8778" />
    <nd ref="8776" />
    <nd ref="8775" />
    <nd ref="8840" />
    <tag k="type" v="virtual" />
  </way>
  <way id="8091" version="1">
    <nd ref="4947" />
    <nd ref="8447" />
    <nd ref="8460" />
    <nd ref="2291" />
    <tag k="type" v="virtual" />
  </way>
  <way id="8092" version="1">
    <nd ref="7556" />
    <nd ref="8272" />
    <nd ref="8273" />
    <nd ref="8274" />
    <nd ref="8284" />
    <nd ref="8275" />
    <nd ref="8276" />
    <nd ref="8277" />
    <nd ref="3908" />
    <tag k="type" v="virtual" />
  </way>
  <way id="8093" version="1">
    <nd ref="2723" />
    <nd ref="2855" />
    <nd ref="2856" />
    <nd ref="2857" />
    <tag k="subtype" v="solid" />
    <tag k="type" v="line_thin" />
  </way>
  <way id="8094" version="1">
    <nd ref="5636" />
    <nd ref="8952" />
    <nd ref="8950" />
    <nd ref="8948" />
    <nd ref="3955" />
    <tag k="lane_change" v="no" />
    <tag k="subtype" v="dashed" />
    <tag k="type" v="line_thin" />
  </way>
  <way id="8095" version="1">
    <nd ref="532" />
    <nd ref="533" />
    <nd ref="534" />
    <tag k="subtype" v="solid" />
    <tag k="type" v="line_thin" />
  </way>
  <way id="8096" version="1">
    <nd ref="5592" />
    <nd ref="8607" />
    <tag k="subtype" v="dashed" />
    <tag k="type" v="line_thin" />
  </way>
  <way id="8097" version="1">
    <nd ref="5294" />
    <nd ref="8588" />
    <nd ref="5758" />
    <tag k="lane_change" v="no" />
    <tag k="subtype" v="dashed" />
    <tag k="type" v="line_thin" />
  </way>
  <way id="8098" version="1">
    <nd ref="4200" />
    <nd ref="4201" />
    <nd ref="4202" />
    <nd ref="4203" />
    <nd ref="4204" />
    <nd ref="4205" />
    <nd ref="4206" />
    <nd ref="4207" />
    <tag k="subtype" v="dashed" />
    <tag k="type" v="line_thin" />
  </way>
  <way id="8099" version="1">
    <nd ref="2870" />
    <nd ref="8558" />
    <nd ref="2871" />
    <nd ref="2872" />
    <nd ref="2873" />
    <nd ref="8611" />
    <nd ref="2874" />
    <nd ref="2875" />
    <tag k="subtype" v="solid" />
    <tag k="type" v="line_thin" />
  </way>
  <way id="8100" version="1">
    <nd ref="8324" />
    <nd ref="8325" />
    <nd ref="8326" />
    <nd ref="8327" />
    <nd ref="8328" />
    <nd ref="8566" />
    <nd ref="8602" />
    <nd ref="8329" />
    <nd ref="8330" />
    <nd ref="2314" />
    <tag k="type" v="road_border" />
  </way>
  <way id="8101" version="1">
    <nd ref="4499" />
    <nd ref="4500" />
    <nd ref="4501" />
    <nd ref="4502" />
    <nd ref="4503" />
    <nd ref="4504" />
    <tag k="subtype" v="solid" />
    <tag k="type" v="road_border" />
  </way>
  <way id="8102" version="1">
    <nd ref="8757" />
    <nd ref="8663" />
    <nd ref="8541" />
    <nd ref="7666" />
    <tag k="type" v="virtual" />
  </way>
  <way id="8103" version="1">
    <nd ref="9100" />
    <nd ref="8958" />
    <nd ref="8959" />
    <nd ref="8550" />
    <tag k="subtype" v="dashed" />
    <tag k="type" v="line_thin" />
  </way>
  <way id="8104" version="1">
    <nd ref="8542" />
    <nd ref="8522" />
    <nd ref="8614" />
    <tag k="subtype" v="dashed" />
    <tag k="type" v="line_thin" />
  </way>
  <way id="8105" version="1">
    <nd ref="8599" />
    <nd ref="9034" />
    <nd ref="9033" />
    <tag k="type" v="road_border" />
  </way>
  <way id="8107" version="1">
    <nd ref="2875" />
    <nd ref="2876" />
    <nd ref="2877" />
    <nd ref="2878" />
    <nd ref="2879" />
    <nd ref="2880" />
    <nd ref="2881" />
    <nd ref="2882" />
    <nd ref="2883" />
    <nd ref="2884" />
    <nd ref="2885" />
    <nd ref="1864" />
    <tag k="subtype" v="solid" />
    <tag k="type" v="line_thin" />
  </way>
  <way id="8108" version="1">
    <nd ref="8791" />
    <nd ref="8960" />
    <nd ref="8961" />
    <tag k="lane_change" v="no" />
    <tag k="subtype" v="dashed" />
    <tag k="type" v="line_thin" />
  </way>
  <way id="8109" version="1">
    <nd ref="8542" />
    <nd ref="9600" />
    <nd ref="8740" />
    <nd ref="8736" />
    <nd ref="8656" />
    <nd ref="8730" />
    <nd ref="8683" />
    <nd ref="8674" />
    <nd ref="8574" />
    <tag k="lane_change" v="no" />
    <tag k="subtype" v="dashed" />
    <tag k="type" v="line_thin" />
  </way>
  <way id="8110" version="1">
    <nd ref="2290" />
    <nd ref="8271" />
    <nd ref="4946" />
    <nd ref="4947" />
    <tag k="subtype" v="dashed" />
    <tag k="type" v="line_thin" />
  </way>
  <way id="8111" version="1">
    <nd ref="2765" />
    <nd ref="2766" />
    <nd ref="2767" />
    <nd ref="2768" />
    <nd ref="2769" />
    <nd ref="2770" />
    <nd ref="2771" />
    <nd ref="2772" />
    <nd ref="2773" />
    <tag k="subtype" v="solid" />
    <tag k="type" v="road_border" />
  </way>
  <way id="8112" version="1">
    <nd ref="4259" />
    <nd ref="4260" />
    <nd ref="4261" />
    <nd ref="4262" />
    <tag k="subtype" v="dashed" />
    <tag k="type" v="line_thin" />
  </way>
  <way id="8113" version="1">
    <nd ref="4912" />
    <nd ref="8505" />
    <nd ref="8750" />
    <nd ref="8685" />
    <nd ref="8676" />
    <nd ref="8650" />
    <nd ref="8448" />
    <nd ref="8453" />
    <nd ref="8808" />
    <nd ref="4903" />
    <tag k="subtype" v="solid" />
    <tag k="type" v="line_thin" />
  </way>
  <way id="8114" version="1">
    <nd ref="2952" />
    <nd ref="8707" />
    <nd ref="8747" />
    <nd ref="8933" />
    <nd ref="8930" />
    <nd ref="8927" />
    <nd ref="8496" />
    <tag k="type" v="virtual" />
  </way>
  <way id="8115" version="1">
    <nd ref="8370" />
    <nd ref="8877" />
    <nd ref="8875" />
    <nd ref="8873" />
    <nd ref="8871" />
    <nd ref="8869" />
    <nd ref="8839" />
    <nd ref="8593" />
    <nd ref="8429" />
    <nd ref="8835" />
    <nd ref="8580" />
    <tag k="subtype" v="solid" />
    <tag k="type" v="line_thin" />
  </way>
  <way id="8116" version="1">
    <nd ref="4419" />
    <nd ref="4544" />
    <nd ref="4545" />
    <nd ref="4546" />
    <nd ref="4547" />
    <nd ref="4548" />
    <tag k="subtype" v="solid" />
    <tag k="type" v="line_thin" />
  </way>
  <way id="8118" version="1">
    <nd ref="5135" />
    <nd ref="5136" />
    <nd ref="5137" />
    <nd ref="5445" />
    <nd ref="5138" />
    <nd ref="5448" />
    <nd ref="5139" />
    <nd ref="5140" />
    <tag k="type" v="virtual" />
  </way>
  <way id="8119" version="1">
    <nd ref="2952" />
    <nd ref="2954" />
    <nd ref="2955" />
    <nd ref="2956" />
    <nd ref="2957" />
    <nd ref="2958" />
    <nd ref="2959" />
    <nd ref="5840" />
    <nd ref="2960" />
    <tag k="type" v="road_border" />
  </way>
  <way id="8120" version="1">
    <nd ref="4541" />
    <nd ref="4542" />
    <nd ref="4543" />
    <nd ref="4410" />
    <tag k="subtype" v="solid" />
    <tag k="type" v="line_thin" />
  </way>
  <way id="8121" version="1">
    <nd ref="5625" />
    <nd ref="8634" />
    <nd ref="8523" />
    <nd ref="8820" />
    <nd ref="8542" />
    <tag k="lane_change" v="no" />
    <tag k="subtype" v="dashed" />
    <tag k="type" v="line_thin" />
  </way>
  <way id="8123" version="1">
    <nd ref="4334" />
    <nd ref="4335" />
    <nd ref="4336" />
    <nd ref="5834" />
    <tag k="subtype" v="solid" />
    <tag k="type" v="line_thin" />
  </way>
  <way id="8124" version="1">
    <nd ref="3223" />
    <nd ref="8478" />
    <nd ref="8533" />
    <nd ref="8687" />
    <nd ref="8339" />
    <nd ref="8340" />
    <nd ref="8341" />
    <nd ref="8342" />
    <nd ref="8799" />
    <nd ref="8343" />
    <nd ref="4990" />
    <tag k="type" v="virtual" />
  </way>
  <way id="8125" version="1">
    <nd ref="2356" />
    <nd ref="2357" />
    <nd ref="2358" />
    <nd ref="2359" />
    <nd ref="2360" />
    <nd ref="2361" />
    <tag k="subtype" v="solid" />
    <tag k="type" v="line_thin" />
  </way>
  <way id="8126" version="1">
    <nd ref="4483" />
    <nd ref="4484" />
    <nd ref="4485" />
    <nd ref="4486" />
    <nd ref="4487" />
    <nd ref="4488" />
    <nd ref="4489" />
    <tag k="subtype" v="solid" />
    <tag k="type" v="road_border" />
  </way>
  <way id="8127" version="1">
    <nd ref="2223" />
    <nd ref="8629" />
    <nd ref="8626" />
    <nd ref="8807" />
    <nd ref="8765" />
    <nd ref="8477" />
    <nd ref="3414" />
    <tag k="type" v="virtual" />
  </way>
  <way id="8128" version="1">
    <nd ref="5113" />
    <nd ref="5114" />
    <nd ref="5115" />
    <tag k="type" v="road_border" />
  </way>
  <way id="8129" version="1">
    <nd ref="9035" />
    <nd ref="8599" />
    <tag k="type" v="road_border" />
  </way>
  <way id="8131" version="1">
    <nd ref="2158" />
    <nd ref="8714" />
    <nd ref="8711" />
    <nd ref="8708" />
    <nd ref="8746" />
    <nd ref="8934" />
    <nd ref="8931" />
    <nd ref="8928" />
    <nd ref="1841" />
    <tag k="type" v="virtual" />
  </way>
  <way id="8132" version="1">
    <nd ref="4182" />
    <nd ref="8579" />
    <nd ref="8569" />
    <nd ref="8644" />
    <nd ref="8827" />
    <nd ref="8743" />
    <nd ref="8739" />
    <nd ref="8517" />
    <nd ref="3357" />
    <tag k="type" v="virtual" />
  </way>
  <way id="8133" version="1">
    <nd ref="1655" />
    <nd ref="1656" />
    <tag k="type" v="road_border" />
  </way>
  <way id="8134" version="1">
    <nd ref="9055" />
    <nd ref="8369" />
    <tag k="subtype" v="red_yellow_green" />
    <tag k="type" v="traffic_light" />
  </way>
  <way id="8135" version="1">
    <nd ref="2866" />
    <nd ref="2867" />
    <nd ref="2868" />
    <nd ref="2869" />
    <nd ref="2870" />
    <tag k="subtype" v="solid" />
    <tag k="type" v="line_thin" />
  </way>
  <way id="8136" version="1">
    <nd ref="8899" />
    <nd ref="5459" />
    <nd ref="5460" />
    <tag k="subtype" v="dashed" />
    <tag k="type" v="line_thin" />
  </way>
  <way id="8137" version="1">
    <nd ref="3136" />
    <nd ref="8556" />
    <nd ref="5574" />
    <nd ref="5575" />
    <nd ref="5576" />
    <tag k="lane_change" v="no" />
    <tag k="subtype" v="dashed" />
    <tag k="type" v="line_thin" />
  </way>
  <way id="8138" version="1">
    <nd ref="1653" />
    <nd ref="1654" />
    <tag k="type" v="road_border" />
  </way>
  <way id="8139" version="1">
    <nd ref="1864" />
    <nd ref="1866" />
    <nd ref="1867" />
    <nd ref="8432" />
    <tag k="subtype" v="solid" />
    <tag k="type" v="line_thin" />
  </way>
  <way id="8140" version="1">
    <nd ref="1727" />
    <nd ref="8353" />
    <nd ref="238" />
    <tag k="subtype" v="solid" />
    <tag k="type" v="line_thin" />
  </way>
  <way id="8141" version="1">
    <nd ref="5636" />
    <nd ref="8632" />
    <nd ref="8631" />
    <nd ref="8860" />
    <nd ref="8858" />
    <nd ref="9578" />
    <nd ref="8624" />
    <nd ref="5188" />
    <tag k="type" v="virtual" />
  </way>
  <way id="8142" version="1">
    <nd ref="1656" />
    <nd ref="1657" />
    <nd ref="1658" />
    <nd ref="5699" />
    <nd ref="1608" />
    <tag k="type" v="road_border" />
  </way>
  <way id="8143" version="1">
    <nd ref="4846" />
    <nd ref="4847" />
    <nd ref="4848" />
    <nd ref="4849" />
    <tag k="subtype" v="solid" />
    <tag k="type" v="line_thick" />
  </way>
  <way id="8144" version="1">
    <nd ref="4306" />
    <nd ref="4308" />
    <nd ref="4309" />
    <nd ref="4310" />
    <nd ref="4311" />
    <nd ref="4312" />
    <nd ref="4313" />
    <nd ref="4314" />
    <nd ref="4315" />
    <tag k="subtype" v="solid" />
    <tag k="type" v="road_border" />
  </way>
  <way id="8145" version="1">
    <nd ref="8483" />
    <nd ref="8847" />
    <nd ref="8845" />
    <nd ref="8384" />
    <tag k="subtype" v="solid" />
    <tag k="type" v="line_thin" />
  </way>
  <way id="8146" version="1">
    <nd ref="2717" />
    <nd ref="8722" />
    <nd ref="8490" />
    <nd ref="8721" />
    <nd ref="3292" />
    <tag k="type" v="virtual" />
  </way>
  <way id="8147" version="1">
    <nd ref="8558" />
    <nd ref="8581" />
    <nd ref="8571" />
    <nd ref="2999" />
    <tag k="type" v="virtual" />
  </way>
  <way id="8148" version="1">
    <nd ref="4664" />
    <nd ref="4666" />
    <nd ref="4667" />
    <tag k="subtype" v="solid" />
    <tag k="type" v="line_thin" />
  </way>
  <way id="8149" version="1">
    <nd ref="4849" />
    <nd ref="4850" />
    <nd ref="4851" />
    <nd ref="4852" />
    <tag k="type" v="road_border" />
  </way>
  <way id="8150" version="1">
    <nd ref="2893" />
    <nd ref="8526" />
    <nd ref="8615" />
    <nd ref="8613" />
    <nd ref="2986" />
    <tag k="type" v="virtual" />
  </way>
  <way id="8151" version="1">
    <nd ref="1852" />
    <nd ref="2100" />
    <nd ref="2101" />
    <nd ref="2102" />
    <nd ref="2103" />
    <nd ref="2104" />
    <tag k="subtype" v="solid" />
    <tag k="type" v="road_border" />
  </way>
  <way id="8153" version="1">
    <nd ref="1700" />
    <nd ref="8441" />
    <nd ref="8421" />
    <nd ref="8424" />
    <nd ref="8491" />
    <nd ref="8427" />
    <nd ref="1869" />
    <tag k="type" v="virtual" />
  </way>
  <way id="8154" version="1">
    <nd ref="8968" />
    <nd ref="8434" />
    <nd ref="8551" />
    <nd ref="8617" />
    <nd ref="8967" />
    <nd ref="8966" />
    <nd ref="8965" />
    <nd ref="8964" />
    <nd ref="8963" />
    <nd ref="1885" />
    <tag k="subtype" v="dashed" />
    <tag k="type" v="line_thin" />
  </way>
  <way id="8155" version="1">
    <nd ref="2151" />
    <nd ref="2152" />
    <nd ref="2153" />
    <nd ref="2154" />
    <nd ref="2155" />
    <nd ref="2156" />
    <nd ref="2157" />
    <nd ref="2158" />
    <tag k="type" v="road_border" />
  </way>
  <way id="8156" version="1">
    <nd ref="9103" />
    <nd ref="8608" />
    <nd ref="8578" />
    <nd ref="8535" />
    <tag k="subtype" v="dashed" />
    <tag k="type" v="line_thin" />
  </way>
  <way id="8157" version="1">
    <nd ref="1799" />
    <nd ref="1800" />
    <nd ref="1801" />
    <nd ref="1802" />
    <tag k="subtype" v="solid" />
    <tag k="type" v="line_thin" />
  </way>
  <way id="8158" version="1">
    <nd ref="2611" />
    <nd ref="8769" />
    <nd ref="8768" />
    <nd ref="8767" />
    <nd ref="8763" />
    <nd ref="8545" />
    <nd ref="8757" />
    <tag k="type" v="virtual" />
  </way>
  <way id="8159" version="1">
    <nd ref="5375" />
    <nd ref="5376" />
    <nd ref="5377" />
    <nd ref="5378" />
    <nd ref="5379" />
    <nd ref="5380" />
    <nd ref="5381" />
    <nd ref="5382" />
    <nd ref="5383" />
    <nd ref="5384" />
    <tag k="subtype" v="dashed" />
    <tag k="type" v="line_thin" />
  </way>
  <way id="8160" version="1">
    <nd ref="3421" />
    <nd ref="8519" />
    <nd ref="8735" />
    <nd ref="8469" />
    <nd ref="8639" />
    <nd ref="8463" />
    <nd ref="8466" />
    <nd ref="3810" />
    <tag k="type" v="virtual" />
  </way>
  <way id="8161" version="1">
    <nd ref="9018" />
    <nd ref="4285" />
    <nd ref="4286" />
    <nd ref="4287" />
    <nd ref="1876" />
    <tag k="type" v="virtual" />
  </way>
  <way id="8162" version="1">
    <nd ref="5135" />
    <nd ref="8724" />
    <nd ref="8344" />
    <nd ref="8345" />
    <nd ref="8348" />
    <nd ref="8440" />
    <nd ref="8422" />
    <nd ref="8425" />
    <nd ref="8428" />
    <nd ref="8662" />
    <nd ref="8867" />
    <tag k="type" v="virtual" />
  </way>
  <way id="8163" version="1">
    <nd ref="7088" />
    <nd ref="8853" />
    <nd ref="7571" />
    <nd ref="8909" />
    <nd ref="7527" />
    <nd ref="8911" />
    <nd ref="7545" />
    <nd ref="7528" />
    <tag k="type" v="road_border" />
  </way>
  <way id="8164" version="1">
    <nd ref="1871" />
    <nd ref="8543" />
    <nd ref="1872" />
    <nd ref="1873" />
    <nd ref="1874" />
    <nd ref="1875" />
    <nd ref="1876" />
    <tag k="subtype" v="solid" />
    <tag k="type" v="line_thin" />
  </way>
  <way id="8165" version="1">
    <nd ref="2847" />
    <nd ref="2849" />
    <nd ref="2850" />
    <nd ref="2851" />
    <nd ref="2852" />
    <tag k="subtype" v="solid" />
    <tag k="type" v="road_border" />
  </way>
  <way id="8166" version="1">
    <nd ref="7356" />
    <nd ref="8332" />
    <nd ref="2717" />
    <tag k="subtype" v="solid" />
    <tag k="type" v="line_thin" />
  </way>
  <way id="8167" version="1">
    <nd ref="4803" />
    <nd ref="8411" />
    <tag k="subtype" v="dashed" />
    <tag k="type" v="line_thin" />
  </way>
  <way id="8168" version="1">
    <nd ref="2621" />
    <nd ref="8561" />
    <nd ref="8573" />
    <nd ref="8854" />
    <nd ref="8774" />
    <nd ref="8773" />
    <nd ref="8757" />
    <tag k="type" v="virtual" />
  </way>
  <way id="8169" version="1">
    <nd ref="4097" />
    <nd ref="2862" />
    <nd ref="2115" />
    <tag k="type" v="road_border" />
  </way>
  <way id="8170" version="1">
    <nd ref="7061" />
    <nd ref="1684" />
    <tag k="type" v="road_border" />
  </way>
  <way id="8171" version="1">
    <nd ref="3805" />
    <nd ref="3806" />
    <nd ref="3807" />
    <nd ref="3808" />
    <nd ref="3809" />
    <nd ref="3810" />
    <tag k="type" v="road_border" />
  </way>
  <way id="8172" version="1">
    <nd ref="1693" />
    <nd ref="8302" />
    <nd ref="8303" />
    <nd ref="8304" />
    <nd ref="8305" />
    <nd ref="8549" />
    <tag k="subtype" v="solid" />
    <tag k="type" v="line_thin" />
  </way>
  <way id="8173" version="1">
    <nd ref="2151" />
    <nd ref="8720" />
    <nd ref="8621" />
    <nd ref="8852" />
    <nd ref="8641" />
    <nd ref="8718" />
    <nd ref="8717" />
    <nd ref="1670" />
    <tag k="type" v="virtual" />
  </way>
  <way id="8174" version="1">
    <nd ref="234" />
    <nd ref="8298" />
    <nd ref="8299" />
    <nd ref="8300" />
    <nd ref="8301" />
    <nd ref="1697" />
    <tag k="subtype" v="solid" />
    <tag k="type" v="line_thin" />
  </way>
  <way id="8175" version="1">
    <nd ref="4495" />
    <nd ref="4497" />
    <nd ref="4498" />
    <nd ref="4499" />
    <tag k="subtype" v="solid" />
    <tag k="type" v="road_border" />
  </way>
  <way id="8176" version="1">
    <nd ref="4548" />
    <nd ref="4549" />
    <nd ref="4551" />
    <nd ref="4553" />
    <nd ref="4554" />
    <tag k="subtype" v="solid" />
    <tag k="type" v="line_thin" />
  </way>
  <way id="8177" version="1">
    <nd ref="2966" />
    <nd ref="2967" />
    <nd ref="2968" />
    <nd ref="2969" />
    <nd ref="2970" />
    <nd ref="2971" />
    <nd ref="2972" />
    <nd ref="2973" />
    <tag k="type" v="road_border" />
  </way>
  <way id="8178" version="1">
    <nd ref="3711" />
    <nd ref="8278" />
    <nd ref="8279" />
    <nd ref="8435" />
    <nd ref="8538" />
    <nd ref="8280" />
    <nd ref="8404" />
    <nd ref="7564" />
    <tag k="type" v="virtual" />
  </way>
  <way id="8179" version="1">
    <nd ref="1852" />
    <nd ref="1853" />
    <nd ref="1854" />
    <nd ref="1855" />
    <tag k="subtype" v="solid" />
    <tag k="type" v="line_thin" />
  </way>
  <way id="8180" version="1">
    <nd ref="5351" />
    <nd ref="8907" />
    <nd ref="8904" />
    <nd ref="8902" />
    <nd ref="2765" />
    <tag k="type" v="virtual" />
  </way>
  <way id="8181" version="1">
    <nd ref="2913" />
    <nd ref="2914" />
    <nd ref="2915" />
    <nd ref="2916" />
    <nd ref="2917" />
    <tag k="type" v="road_border" />
  </way>
  <way id="8182" version="1">
    <nd ref="1656" />
    <nd ref="8347" />
    <nd ref="8350" />
    <nd ref="8443" />
    <nd ref="8382" />
    <nd ref="8446" />
    <nd ref="1538" />
    <tag k="type" v="virtual" />
  </way>
  <way id="8183" version="1">
    <nd ref="1209" />
    <nd ref="8433" />
    <nd ref="1208" />
    <nd ref="1207" />
    <tag k="type" v="guard_rail" />
  </way>
  <way id="8184" version="1">
    <nd ref="4153" />
    <nd ref="8696" />
    <nd ref="8695" />
    <nd ref="8508" />
    <nd ref="8618" />
    <nd ref="8693" />
    <nd ref="8690" />
    <nd ref="8689" />
    <nd ref="8688" />
    <nd ref="7564" />
    <tag k="subtype" v="solid" />
    <tag k="type" v="line_thin" />
  </way>
  <way id="8185" version="1">
    <nd ref="9586" />
    <nd ref="2310" />
    <nd ref="2311" />
    <nd ref="2312" />
    <nd ref="2313" />
    <tag k="subtype" v="solid" />
    <tag k="type" v="line_thin" />
  </way>
  <way id="8186" version="1">
    <nd ref="8630" />
    <nd ref="2947" />
    <nd ref="2948" />
    <nd ref="2949" />
    <nd ref="2950" />
    <nd ref="2951" />
    <nd ref="2952" />
    <tag k="type" v="road_border" />
  </way>
  <way id="8187" version="1">
    <nd ref="1876" />
    <nd ref="1878" />
    <nd ref="1879" />
    <nd ref="1880" />
    <nd ref="1881" />
    <nd ref="1882" />
    <nd ref="1883" />
    <nd ref="1884" />
    <nd ref="1885" />
    <tag k="subtype" v="solid" />
    <tag k="type" v="line_thin" />
  </way>
  <way id="8188" version="1">
    <nd ref="2219" />
    <nd ref="2220" />
    <nd ref="2221" />
    <nd ref="2222" />
    <nd ref="2223" />
    <tag k="type" v="road_border" />
  </way>
  <way id="8189" version="1">
    <nd ref="2917" />
    <nd ref="2918" />
    <nd ref="2919" />
    <nd ref="2920" />
    <nd ref="2922" />
    <nd ref="2923" />
    <nd ref="2924" />
    <nd ref="2925" />
    <tag k="type" v="road_border" />
  </way>
  <way id="8190" version="1">
    <nd ref="4016" />
    <nd ref="5357" />
    <nd ref="5356" />
    <nd ref="5355" />
    <nd ref="5354" />
    <nd ref="4621" />
    <tag k="subtype" v="dashed" />
    <tag k="type" v="line_thin" />
  </way>
  <way id="8191" version="1">
    <nd ref="2925" />
    <nd ref="2928" />
    <nd ref="2929" />
    <nd ref="2930" />
    <nd ref="2931" />
    <nd ref="2932" />
    <nd ref="2933" />
    <nd ref="2934" />
    <nd ref="2935" />
    <tag k="type" v="road_border" />
  </way>
  <way id="8192" version="1">
    <nd ref="4291" />
    <nd ref="8823" />
    <nd ref="8821" />
    <nd ref="8702" />
    <nd ref="8818" />
    <nd ref="8815" />
    <nd ref="2925" />
    <tag k="type" v="virtual" />
  </way>
  <way id="8193" version="1">
    <nd ref="2272" />
    <nd ref="2273" />
    <nd ref="2274" />
    <nd ref="2275" />
    <tag k="type" v="road_border" />
  </way>
  <way id="8195" version="1">
    <nd ref="3607" />
    <nd ref="8861" />
    <nd ref="8859" />
    <nd ref="8565" />
    <nd ref="8857" />
    <nd ref="3608" />
    <tag k="type" v="road_border" />
  </way>
  <way id="8196" version="1">
    <nd ref="5157" />
    <nd ref="8391" />
    <nd ref="8450" />
    <nd ref="8455" />
    <nd ref="8459" />
    <nd ref="8810" />
    <nd ref="8880" />
    <nd ref="8878" />
    <nd ref="8876" />
    <nd ref="8874" />
    <nd ref="8872" />
    <nd ref="8870" />
    <nd ref="8840" />
    <tag k="subtype" v="solid" />
    <tag k="type" v="line_thin" />
  </way>
  <way id="8197" version="1">
    <nd ref="4342" />
    <nd ref="8375" />
    <nd ref="8884" />
    <nd ref="8883" />
    <nd ref="8882" />
    <nd ref="8881" />
    <nd ref="4329" />
    <tag k="type" v="road_border" />
  </way>
  <way id="8198" version="1">
    <nd ref="5167" />
    <nd ref="8309" />
    <nd ref="8310" />
    <nd ref="8311" />
    <nd ref="8312" />
    <nd ref="8313" />
    <nd ref="2315" />
    <tag k="type" v="virtual" />
  </way>
  <way id="8199" version="1">
    <nd ref="8544" />
    <nd ref="8524" />
    <nd ref="8637" />
    <nd ref="8652" />
    <nd ref="8504" />
    <nd ref="8749" />
    <nd ref="8686" />
    <nd ref="8677" />
    <nd ref="8651" />
    <tag k="type" v="guard_rail" />
  </way>
  <way id="8200" version="1">
    <nd ref="1693" />
    <nd ref="1692" />
    <nd ref="1691" />
    <nd ref="1690" />
    <nd ref="1689" />
    <nd ref="1688" />
    <nd ref="1687" />
    <nd ref="1686" />
    <nd ref="7061" />
    <tag k="type" v="line_thin" />
  </way>
  <way id="8201" version="1">
    <nd ref="8899" />
    <nd ref="8893" />
    <nd ref="8886" />
    <nd ref="8892" />
    <nd ref="8890" />
    <nd ref="8805" />
    <nd ref="8894" />
    <tag k="type" v="virtual" />
  </way>
  <way id="8202" version="1">
    <nd ref="2935" />
    <nd ref="2936" />
    <nd ref="2937" />
    <nd ref="2938" />
    <nd ref="2939" />
    <nd ref="2940" />
    <nd ref="2941" />
    <nd ref="2942" />
    <nd ref="2943" />
    <nd ref="2944" />
    <nd ref="2945" />
    <nd ref="2946" />
    <nd ref="8630" />
    <tag k="type" v="road_border" />
  </way>
  <way id="8203" version="1">
    <nd ref="8908" />
    <nd ref="8896" />
    <nd ref="8484" />
    <nd ref="8766" />
    <nd ref="8376" />
    <nd ref="8895" />
    <nd ref="8616" />
    <nd ref="8888" />
    <nd ref="8894" />
    <tag k="type" v="virtual" />
  </way>
  <way id="8204" version="1">
    <nd ref="555" />
    <nd ref="8417" />
    <nd ref="8268" />
    <nd ref="8473" />
    <nd ref="248" />
    <tag k="type" v="virtual" />
  </way>
  <way id="8205" version="1">
    <nd ref="8914" />
    <nd ref="8906" />
    <nd ref="8903" />
    <nd ref="8898" />
    <nd ref="8901" />
    <nd ref="8900" />
    <nd ref="8899" />
    <tag k="type" v="virtual" />
  </way>
  <way id="8206" version="1">
    <nd ref="8914" />
    <nd ref="8745" />
    <nd ref="8788" />
    <nd ref="8897" />
    <nd ref="8912" />
    <nd ref="8910" />
    <nd ref="8625" />
    <nd ref="8908" />
    <tag k="type" v="virtual" />
  </way>
  <way id="8208" version="1">
    <nd ref="8914" />
    <nd ref="8894" />
    <tag k="type" v="virtual" />
  </way>
  <way id="8209" version="1">
    <nd ref="4182" />
    <nd ref="8352" />
    <nd ref="8671" />
    <nd ref="8670" />
    <nd ref="8667" />
    <nd ref="8598" />
    <nd ref="8515" />
    <nd ref="3706" />
    <tag k="type" v="virtual" />
  </way>
  <way id="8210" version="1">
    <nd ref="8894" />
    <nd ref="8495" />
    <nd ref="9303" />
    <tag k="subtype" v="dashed" />
    <tag k="type" v="line_thin" />
  </way>
  <way id="8211" version="1">
    <nd ref="8267" />
    <nd ref="1706" />
    <nd ref="1705" />
    <nd ref="1704" />
    <nd ref="1703" />
    <tag k="subtype" v="solid" />
    <tag k="type" v="line_thin" />
  </way>
  <way id="8212" version="1">
    <nd ref="8920" />
    <nd ref="8919" />
    <nd ref="8917" />
    <nd ref="8916" />
    <nd ref="8915" />
    <nd ref="9296" />
    <nd ref="5140" />
    <tag k="subtype" v="solid" />
    <tag k="type" v="line_thin" />
  </way>
  <way id="8213" version="1">
    <nd ref="5135" />
    <nd ref="8935" />
    <nd ref="8932" />
    <nd ref="8929" />
    <nd ref="8926" />
    <nd ref="9594" />
    <nd ref="8924" />
    <tag k="subtype" v="solid" />
    <tag k="type" v="line_thin" />
  </way>
  <way id="8214" version="1">
    <nd ref="4390" />
    <nd ref="5151" />
    <nd ref="5152" />
    <nd ref="5153" />
    <nd ref="5154" />
    <nd ref="5155" />
    <nd ref="5156" />
    <nd ref="5157" />
    <tag k="subtype" v="solid" />
    <tag k="type" v="line_thin" />
  </way>
  <way id="8215" version="1">
    <nd ref="4399" />
    <nd ref="5131" />
    <nd ref="5132" />
    <nd ref="5133" />
    <nd ref="5134" />
    <nd ref="5135" />
    <tag k="subtype" v="solid" />
    <tag k="type" v="line_thin" />
  </way>
  <way id="8216" version="1">
    <nd ref="2790" />
    <nd ref="2791" />
    <nd ref="2792" />
    <nd ref="2793" />
    <nd ref="2794" />
    <nd ref="4284" />
    <nd ref="2795" />
    <nd ref="2796" />
    <nd ref="2797" />
    <nd ref="2380" />
    <tag k="subtype" v="dashed" />
    <tag k="type" v="line_thin" />
  </way>
  <way id="8217" version="1">
    <nd ref="2116" />
    <nd ref="2110" />
    <nd ref="2111" />
    <nd ref="2099" />
    <tag k="subtype" v="dashed" />
    <tag k="type" v="line_thin" />
  </way>
  <way id="8218" version="1">
    <nd ref="2999" />
    <nd ref="2891" />
    <nd ref="2892" />
    <nd ref="2893" />
    <nd ref="2894" />
    <nd ref="2895" />
    <nd ref="2998" />
    <tag k="subtype" v="dashed" />
    <tag k="type" v="line_thin" />
  </way>
  <way id="8219" version="1">
    <nd ref="4253" />
    <nd ref="4254" />
    <nd ref="4808" />
    <nd ref="4255" />
    <nd ref="4256" />
    <nd ref="4257" />
    <nd ref="4258" />
    <nd ref="4259" />
    <tag k="subtype" v="dashed" />
    <tag k="type" v="line_thin" />
  </way>
  <way id="8220" version="1">
    <nd ref="2847" />
    <nd ref="2886" />
    <nd ref="2887" />
    <nd ref="2888" />
    <nd ref="2889" />
    <nd ref="2890" />
    <nd ref="2999" />
    <tag k="subtype" v="solid" />
    <tag k="type" v="line_thin" />
  </way>
  <way id="8221" version="1">
    <nd ref="1841" />
    <nd ref="1842" />
    <nd ref="1843" />
    <nd ref="1844" />
    <nd ref="1845" />
    <nd ref="1846" />
    <nd ref="1847" />
    <nd ref="1848" />
    <nd ref="1849" />
    <nd ref="1850" />
    <nd ref="1851" />
    <nd ref="1852" />
    <tag k="type" v="road_border" />
  </way>
  <way id="8222" version="1">
    <nd ref="1802" />
    <nd ref="1803" />
    <nd ref="1804" />
    <nd ref="1805" />
    <nd ref="1806" />
    <nd ref="1807" />
    <nd ref="1808" />
    <nd ref="1809" />
    <nd ref="1810" />
    <nd ref="1811" />
    <nd ref="1812" />
    <nd ref="1813" />
    <nd ref="1814" />
    <nd ref="1815" />
    <nd ref="1816" />
    <nd ref="1817" />
    <nd ref="1818" />
    <nd ref="1819" />
    <nd ref="1820" />
    <nd ref="1821" />
    <nd ref="1822" />
    <nd ref="1823" />
    <nd ref="1824" />
    <nd ref="2149" />
    <tag k="subtype" v="solid" />
    <tag k="type" v="road_border" />
  </way>
  <way id="8223" version="1">
    <nd ref="8654" />
    <nd ref="8918" />
    <tag k="subtype" v="dashed" />
    <tag k="type" v="line_thin" />
  </way>
  <way id="8224" version="1">
    <nd ref="1730" />
    <nd ref="1886" />
    <nd ref="1887" />
    <nd ref="1888" />
    <nd ref="1889" />
    <nd ref="1890" />
    <nd ref="1891" />
    <nd ref="1892" />
    <nd ref="1893" />
    <nd ref="1894" />
    <nd ref="1895" />
    <nd ref="1896" />
    <nd ref="1897" />
    <nd ref="1898" />
    <nd ref="1899" />
    <nd ref="1900" />
    <nd ref="1901" />
    <nd ref="1902" />
    <nd ref="8957" />
    <nd ref="1903" />
    <tag k="subtype" v="solid" />
    <tag k="type" v="line_thin" />
  </way>
  <way id="8225" version="1">
    <nd ref="2141" />
    <nd ref="2142" />
    <nd ref="2143" />
    <nd ref="8701" />
    <nd ref="1831" />
    <tag k="type" v="road_border" />
  </way>
  <way id="8226" version="1">
    <nd ref="1654" />
    <nd ref="1728" />
    <nd ref="1729" />
    <nd ref="1730" />
    <nd ref="1731" />
    <nd ref="1732" />
    <nd ref="1733" />
    <nd ref="1734" />
    <nd ref="1735" />
    <nd ref="1736" />
    <nd ref="1737" />
    <nd ref="1738" />
    <nd ref="1739" />
    <nd ref="1740" />
    <nd ref="1741" />
    <nd ref="1742" />
    <nd ref="1743" />
    <nd ref="1744" />
    <nd ref="1745" />
    <nd ref="1746" />
    <nd ref="1747" />
    <nd ref="1748" />
    <nd ref="1749" />
    <nd ref="1750" />
    <nd ref="1751" />
    <nd ref="1752" />
    <nd ref="1753" />
    <nd ref="1754" />
    <nd ref="1755" />
    <nd ref="1756" />
    <nd ref="1757" />
    <nd ref="1758" />
    <nd ref="1759" />
    <nd ref="1962" />
    <nd ref="1760" />
    <nd ref="1761" />
    <nd ref="1762" />
    <nd ref="1763" />
    <nd ref="1764" />
    <nd ref="1765" />
    <nd ref="1766" />
    <nd ref="1767" />
    <nd ref="1768" />
    <nd ref="1769" />
    <nd ref="1770" />
    <nd ref="1771" />
    <nd ref="1772" />
    <nd ref="2031" />
    <nd ref="1773" />
    <nd ref="1774" />
    <nd ref="1775" />
    <nd ref="1776" />
    <nd ref="1777" />
    <nd ref="1778" />
    <nd ref="1779" />
    <nd ref="1780" />
    <nd ref="1781" />
    <nd ref="1782" />
    <nd ref="1783" />
    <nd ref="1784" />
    <nd ref="1785" />
    <nd ref="1786" />
    <nd ref="1787" />
    <nd ref="1788" />
    <nd ref="1789" />
    <nd ref="1790" />
    <nd ref="1791" />
    <nd ref="1792" />
    <nd ref="1793" />
    <nd ref="1794" />
    <nd ref="1795" />
    <nd ref="1796" />
    <nd ref="1797" />
    <nd ref="1798" />
    <nd ref="1799" />
    <tag k="subtype" v="solid" />
    <tag k="type" v="road_border" />
  </way>
  <way id="8227" version="1">
    <nd ref="1286" />
    <nd ref="1287" />
    <nd ref="5679" />
    <tag k="type" v="road_border" />
  </way>
  <way id="8228" version="1">
    <nd ref="1308" />
    <nd ref="1309" />
    <nd ref="1310" />
    <nd ref="1311" />
    <nd ref="1312" />
    <nd ref="1313" />
    <nd ref="1314" />
    <nd ref="1315" />
    <nd ref="1316" />
    <nd ref="1317" />
    <nd ref="1318" />
    <nd ref="1319" />
    <nd ref="1320" />
    <nd ref="1321" />
    <nd ref="8715" />
    <nd ref="1322" />
    <tag k="type" v="road_border" />
  </way>
  <way id="8229" version="1">
    <nd ref="1322" />
    <nd ref="8485" />
    <nd ref="1323" />
    <nd ref="1324" />
    <nd ref="8642" />
    <nd ref="8850" />
    <nd ref="1325" />
    <nd ref="8619" />
    <nd ref="1326" />
    <nd ref="8719" />
    <nd ref="1327" />
    <tag k="subtype" v="solid" />
    <tag k="type" v="line_thin" />
  </way>
  <way id="8230" version="1">
    <nd ref="4444" />
    <nd ref="4477" />
    <nd ref="4478" />
    <nd ref="4805" />
    <nd ref="4479" />
    <nd ref="4480" />
    <nd ref="4481" />
    <nd ref="4482" />
    <nd ref="4483" />
    <tag k="subtype" v="dashed" />
    <tag k="type" v="line_thin" />
  </way>
  <way id="8231" version="1">
    <nd ref="8918" />
    <nd ref="8962" />
    <tag k="subtype" v="solid" />
    <tag k="type" v="line_thin" />
  </way>
  <way id="8232" version="1">
    <nd ref="4280" />
    <nd ref="8603" />
    <nd ref="4281" />
    <nd ref="9020" />
    <nd ref="4282" />
    <nd ref="4283" />
    <nd ref="9019" />
    <nd ref="4284" />
    <nd ref="9018" />
    <tag k="subtype" v="solid" />
    <tag k="type" v="line_thin" />
  </way>
  <way id="8233" version="1">
    <nd ref="4450" />
    <nd ref="4452" />
    <nd ref="4453" />
    <nd ref="4454" />
    <nd ref="4455" />
    <nd ref="4456" />
    <nd ref="4457" />
    <nd ref="4458" />
    <nd ref="4459" />
    <nd ref="4460" />
    <nd ref="4461" />
    <tag k="subtype" v="solid" />
    <tag k="type" v="road_border" />
  </way>
  <way id="8234" version="1">
    <nd ref="2099" />
    <nd ref="8605" />
    <nd ref="8530" />
    <nd ref="8727" />
    <nd ref="8759" />
    <nd ref="8627" />
    <nd ref="8500" />
    <nd ref="8622" />
    <nd ref="8507" />
    <nd ref="8753" />
    <nd ref="8659" />
    <nd ref="8558" />
    <tag k="subtype" v="dashed" />
    <tag k="type" v="line_thin" />
  </way>
  <way id="8235" version="1">
    <nd ref="1720" />
    <nd ref="1719" />
    <nd ref="1718" />
    <nd ref="1717" />
    <nd ref="1716" />
    <nd ref="1715" />
    <nd ref="7235" />
    <tag k="subtype" v="solid" />
    <tag k="type" v="line_thin" />
  </way>
  <way id="8236" version="1">
    <nd ref="8973" />
    <nd ref="8972" />
    <nd ref="8971" />
    <nd ref="8654" />
    <tag k="subtype" v="dashed" />
    <tag k="type" v="line_thin" />
  </way>
  <way id="8237" version="1">
    <nd ref="2116" />
    <nd ref="8836" />
    <nd ref="8833" />
    <nd ref="8831" />
    <nd ref="8829" />
    <nd ref="8824" />
    <nd ref="8741" />
    <nd ref="8737" />
    <nd ref="8655" />
    <nd ref="8731" />
    <nd ref="8684" />
    <nd ref="8675" />
    <nd ref="8611" />
    <tag k="subtype" v="dashed" />
    <tag k="type" v="line_thin" />
  </way>
  <way id="8238" version="1">
    <nd ref="4228" />
    <nd ref="4229" />
    <tag k="subtype" v="dashed" />
    <tag k="type" v="line_thin" />
  </way>
  <way id="8239" version="1">
    <nd ref="8600" />
    <nd ref="8585" />
    <nd ref="8521" />
    <nd ref="8761" />
    <nd ref="8493" />
    <nd ref="8791" />
    <tag k="lane_change" v="no" />
    <tag k="subtype" v="dashed" />
    <tag k="type" v="line_thin" />
  </way>
  <way id="8240" version="1">
    <nd ref="2837" />
    <nd ref="2838" />
    <nd ref="2839" />
    <nd ref="2840" />
    <nd ref="2841" />
    <nd ref="2842" />
    <nd ref="2843" />
    <nd ref="2844" />
    <nd ref="2845" />
    <nd ref="2846" />
    <nd ref="2847" />
    <tag k="subtype" v="solid" />
    <tag k="type" v="road_border" />
  </way>
  <way id="8241" version="1">
    <nd ref="8867" />
    <nd ref="8865" />
    <nd ref="8863" />
    <nd ref="8612" />
    <nd ref="8423" />
    <nd ref="8426" />
    <nd ref="8430" />
    <nd ref="8837" />
    <nd ref="8834" />
    <nd ref="8832" />
    <nd ref="8830" />
    <nd ref="8828" />
    <nd ref="5162" />
    <tag k="subtype" v="solid" />
    <tag k="type" v="line_thin" />
  </way>
  <way id="8242" version="1">
    <nd ref="2986" />
    <nd ref="2989" />
    <nd ref="2990" />
    <nd ref="2991" />
    <nd ref="2992" />
    <nd ref="2993" />
    <nd ref="2994" />
    <nd ref="2995" />
    <nd ref="2996" />
    <nd ref="2997" />
    <nd ref="2998" />
    <tag k="type" v="road_border" />
  </way>
  <way id="8243" version="1">
    <nd ref="1684" />
    <nd ref="1683" />
    <nd ref="1682" />
    <nd ref="1681" />
    <nd ref="1680" />
    <nd ref="1679" />
    <nd ref="1678" />
    <nd ref="1677" />
    <nd ref="1676" />
    <nd ref="1675" />
    <nd ref="1674" />
    <nd ref="1673" />
    <nd ref="1672" />
    <nd ref="1671" />
    <nd ref="1670" />
    <tag k="type" v="road_border" />
  </way>
  <way id="8244" version="1">
    <nd ref="1831" />
    <nd ref="1832" />
    <nd ref="1833" />
    <nd ref="1834" />
    <nd ref="1835" />
    <nd ref="1836" />
    <tag k="type" v="road_border" />
  </way>
  <way id="8245" version="1">
    <nd ref="4852" />
    <nd ref="8479" />
    <nd ref="8531" />
    <nd ref="8509" />
    <nd ref="8487" />
    <nd ref="8700" />
    <nd ref="8383" />
    <nd ref="8483" />
    <tag k="subtype" v="solid" />
    <tag k="type" v="line_thin" />
  </way>
  <way id="8246" version="1">
    <nd ref="4532" />
    <nd ref="8868" />
    <nd ref="8838" />
    <nd ref="8592" />
    <nd ref="8400" />
    <nd ref="8410" />
    <nd ref="8401" />
    <nd ref="8402" />
    <nd ref="2337" />
    <tag k="type" v="virtual" />
  </way>
  <way id="8247" version="1">
    <nd ref="8924" />
    <nd ref="8797" />
    <nd ref="8635" />
    <nd ref="8403" />
    <nd ref="8577" />
    <nd ref="8514" />
    <nd ref="8787" />
    <nd ref="8679" />
    <nd ref="8785" />
    <nd ref="8840" />
    <tag k="type" v="virtual" />
  </way>
  <way id="8248" version="1">
    <nd ref="4962" />
    <nd ref="9587" />
    <nd ref="4222" />
    <nd ref="4223" />
    <nd ref="4224" />
    <nd ref="2309" />
    <tag k="subtype" v="dashed" />
    <tag k="type" v="line_thin" />
  </way>
  <way id="8249" version="1">
    <nd ref="2343" />
    <nd ref="2345" />
    <nd ref="2346" />
    <tag k="subtype" v="solid" />
    <tag k="type" v="line_thin" />
  </way>
  <way id="8250" version="1">
    <nd ref="4532" />
    <nd ref="4533" />
    <nd ref="4534" />
    <nd ref="4535" />
    <nd ref="4536" />
    <nd ref="4483" />
    <tag k="subtype" v="solid" />
    <tag k="type" v="road_border" />
  </way>
  <way id="8251" version="1">
    <nd ref="3357" />
    <nd ref="8636" />
    <nd ref="8540" />
    <nd ref="8576" />
    <nd ref="8513" />
    <nd ref="8786" />
    <nd ref="8680" />
    <nd ref="8784" />
    <nd ref="8803" />
    <nd ref="7556" />
    <tag k="type" v="virtual" />
  </way>
  <way id="8252" version="1">
    <nd ref="3265" />
    <nd ref="8980" />
    <nd ref="3269" />
    <nd ref="3272" />
    <nd ref="3274" />
    <tag k="type" v="road_border" />
  </way>
  <way id="8253" version="1">
    <nd ref="4329" />
    <nd ref="4330" />
    <nd ref="4331" />
    <nd ref="4332" />
    <nd ref="4333" />
    <nd ref="4334" />
    <tag k="subtype" v="solid" />
    <tag k="type" v="line_thin" />
  </way>
  <way id="8254" version="1">
    <nd ref="2146" />
    <nd ref="2148" />
    <nd ref="2149" />
    <tag k="subtype" v="solid" />
    <tag k="type" v="road_border" />
  </way>
  <way id="8255" version="1">
    <nd ref="2151" />
    <nd ref="8620" />
    <nd ref="8851" />
    <nd ref="8643" />
    <nd ref="8498" />
    <nd ref="8716" />
    <nd ref="8762" />
    <nd ref="8713" />
    <nd ref="8764" />
    <nd ref="8710" />
    <nd ref="8706" />
    <nd ref="8723" />
    <nd ref="8975" />
    <nd ref="8988" />
    <nd ref="8649" />
    <nd ref="8977" />
    <nd ref="2146" />
    <tag k="type" v="virtual" />
  </way>
  <way id="8256" version="1">
    <nd ref="8285" />
    <nd ref="3133" />
    <nd ref="5205" />
    <tag k="subtype" v="dashed" />
    <tag k="type" v="line_thin" />
  </way>
  <way id="8257" version="1">
    <nd ref="4262" />
    <nd ref="5403" />
    <nd ref="4263" />
    <nd ref="4264" />
    <tag k="subtype" v="dashed" />
    <tag k="type" v="line_thin" />
  </way>
  <way id="8258" version="1">
    <nd ref="4275" />
    <nd ref="8413" />
    <nd ref="8414" />
    <nd ref="8552" />
    <nd ref="8547" />
    <nd ref="8525" />
    <nd ref="8698" />
    <nd ref="4643" />
    <tag k="type" v="virtual" />
  </way>
  <way id="8259" version="1">
    <nd ref="4275" />
    <nd ref="4276" />
    <nd ref="4277" />
    <nd ref="4278" />
    <nd ref="4279" />
    <nd ref="4280" />
    <tag k="subtype" v="dashed" />
    <tag k="type" v="line_thin" />
  </way>
  <way id="8260" version="1">
    <nd ref="4803" />
    <nd ref="8587" />
    <nd ref="8488" />
    <nd ref="8405" />
    <nd ref="8756" />
    <nd ref="8661" />
    <nd ref="4253" />
    <tag k="type" v="virtual" />
  </way>
  <way id="8261" version="1">
    <nd ref="1831" />
    <nd ref="8994" />
    <nd ref="8982" />
    <nd ref="8981" />
    <nd ref="8993" />
    <nd ref="8974" />
    <nd ref="8560" />
    <nd ref="8992" />
    <nd ref="8979" />
    <nd ref="8991" />
    <nd ref="8990" />
    <nd ref="8989" />
    <nd ref="1836" />
    <tag k="type" v="virtual" />
  </way>
  <way id="9077" version="1">
    <nd ref="9117" />
    <nd ref="9116" />
    <tag k="subtype" v="dashed" />
    <tag k="type" v="line_thin" />
  </way>
  <way id="9078" version="1">
    <nd ref="9115" />
    <nd ref="9122" />
    <tag k="subtype" v="dashed" />
    <tag k="type" v="line_thin" />
  </way>
  <way id="9079" version="1">
    <nd ref="9122" />
    <nd ref="9121" />
    <nd ref="8600" />
    <tag k="type" v="virtual" />
  </way>
  <way id="9080" version="1">
    <nd ref="9102" />
    <nd ref="9103" />
    <tag k="subtype" v="dashed" />
    <tag k="type" v="line_thin" />
  </way>
  <way id="9081" version="1">
    <nd ref="8586" />
    <nd ref="9102" />
    <tag k="subtype" v="dashed" />
    <tag k="type" v="line_thin" />
  </way>
  <way id="9082" version="1">
    <nd ref="9119" />
    <nd ref="9118" />
    <nd ref="9117" />
    <tag k="subtype" v="dashed" />
    <tag k="type" v="line_thin" />
  </way>
  <way id="9083" version="1">
    <nd ref="9120" />
    <nd ref="9119" />
    <tag k="subtype" v="dashed" />
    <tag k="type" v="line_thin" />
  </way>
  <way id="9084" version="1">
    <nd ref="9101" />
    <nd ref="9100" />
    <tag k="subtype" v="dashed" />
    <tag k="type" v="line_thin" />
  </way>
  <way id="9085" version="1">
    <nd ref="9116" />
    <nd ref="9115" />
    <tag k="subtype" v="dashed" />
    <tag k="type" v="line_thin" />
  </way>
  <way id="9086" version="1">
    <nd ref="3936" />
    <nd ref="3937" />
    <nd ref="3938" />
    <nd ref="3939" />
    <tag k="subtype" v="solid" />
    <tag k="type" v="line_thin" />
  </way>
  <way id="9087" version="1">
    <nd ref="5755" />
    <nd ref="5756" />
    <nd ref="5280" />
    <tag k="type" v="virtual" />
  </way>
  <way id="9088" version="1">
    <nd ref="5604" />
    <nd ref="9109" />
    <nd ref="9110" />
    <nd ref="9111" />
    <nd ref="9112" />
    <nd ref="9113" />
    <nd ref="9120" />
    <tag k="type" v="virtual" />
  </way>
  <way id="9089" version="1">
    <nd ref="8550" />
    <nd ref="9104" />
    <nd ref="9105" />
    <nd ref="9106" />
    <nd ref="9107" />
    <nd ref="9108" />
    <nd ref="5251" />
    <tag k="type" v="virtual" />
  </way>
  <way id="9090" version="1">
    <nd ref="8567" />
    <nd ref="9101" />
    <tag k="subtype" v="dashed" />
    <tag k="type" v="line_thin" />
  </way>
  <way id="9091" version="1">
    <nd ref="5115" />
    <nd ref="5116" />
    <nd ref="5117" />
    <tag k="type" v="road_border" />
  </way>
  <way id="9092" version="1">
    <nd ref="5112" />
    <nd ref="5113" />
    <tag k="type" v="road_border" />
  </way>
  <way id="9093" version="1">
    <nd ref="9099" />
    <nd ref="5862" />
    <tag k="subtype" v="solid" />
    <tag k="type" v="line_thin" />
  </way>
  <way id="9094" version="1">
    <nd ref="5309" />
    <nd ref="5311" />
    <tag k="type" v="virtual" />
  </way>
  <way id="9095" version="1">
    <nd ref="9114" />
    <nd ref="5328" />
    <tag k="subtype" v="solid" />
    <tag k="type" v="line_thin" />
  </way>
  <way id="9096" version="1">
    <nd ref="9123" />
    <nd ref="7258" />
    <tag k="subtype" v="solid" />
    <tag k="type" v="line_thin" />
  </way>
  <way id="9097" version="1">
    <nd ref="3964" />
    <nd ref="3967" />
    <tag k="subtype" v="dashed" />
    <tag k="type" v="line_thin" />
  </way>
  <way id="9098" version="1">
    <nd ref="9124" />
    <nd ref="5063" />
    <tag k="subtype" v="solid" />
    <tag k="type" v="line_thin" />
  </way>
  <way id="9138" version="1">
    <nd ref="8660" />
    <nd ref="8844" />
    <nd ref="8559" />
    <tag k="subtype" v="solid" />
    <tag k="type" v="line_thin" />
  </way>
  <way id="9139" version="1">
    <nd ref="9159" />
    <nd ref="9158" />
    <nd ref="3647" />
    <nd ref="3648" />
    <nd ref="3649" />
    <tag k="subtype" v="solid" />
    <tag k="type" v="road_border" />
  </way>
  <way id="9140" version="1">
    <nd ref="9192" />
    <nd ref="9196" />
    <nd ref="9195" />
    <nd ref="9194" />
    <nd ref="9193" />
    <nd ref="9167" />
    <tag k="subtype" v="dashed" />
    <tag k="type" v="line_thin" />
  </way>
  <way id="9144" version="1">
    <nd ref="8755" />
    <nd ref="8660" />
    <tag k="subtype" v="solid" />
    <tag k="type" v="line_thin" />
  </way>
  <way id="9145" version="1">
    <nd ref="8943" />
    <nd ref="4990" />
    <tag k="type" v="virtual" />
  </way>
  <way id="9147" version="1">
    <nd ref="9165" />
    <nd ref="9167" />
    <tag k="subtype" v="solid" />
    <tag k="type" v="line_thin" />
  </way>
  <way id="9149" version="1">
    <nd ref="9159" />
    <nd ref="8943" />
    <tag k="subtype" v="solid" />
    <tag k="type" v="line_thin" />
  </way>
  <way id="9150" version="1">
    <nd ref="9160" />
    <nd ref="4771" />
    <tag k="subtype" v="dashed" />
    <tag k="type" v="line_thin" />
  </way>
  <way id="9151" version="1">
    <nd ref="5078" />
    <nd ref="8599" />
    <tag k="type" v="virtual" />
  </way>
  <way id="9152" version="1">
    <nd ref="5660" />
    <nd ref="9162" />
    <nd ref="7437" />
    <tag k="type" v="virtual" />
  </way>
  <way id="9153" version="1">
    <nd ref="9165" />
    <nd ref="9189" />
    <nd ref="9188" />
    <nd ref="9187" />
    <nd ref="9186" />
    <nd ref="9185" />
    <tag k="type" v="virtual" />
  </way>
  <way id="9154" version="1">
    <nd ref="9185" />
    <nd ref="9184" />
    <nd ref="9183" />
    <nd ref="9182" />
    <nd ref="9181" />
    <nd ref="9180" />
    <nd ref="9179" />
    <nd ref="9178" />
    <nd ref="9177" />
    <nd ref="8791" />
    <tag k="type" v="virtual" />
  </way>
  <way id="9155" version="1">
    <nd ref="9165" />
    <nd ref="5744" />
    <tag k="type" v="virtual" />
  </way>
  <way id="9207" version="1">
    <nd ref="5919" />
    <nd ref="9171" />
    <tag k="type" v="virtual" />
  </way>
  <way id="9227" version="1">
    <nd ref="8751" />
    <nd ref="5185" />
    <tag k="type" v="virtual" />
  </way>
  <way id="9228" version="1">
    <nd ref="8694" />
    <nd ref="5594" />
    <tag k="subtype" v="solid" />
    <tag k="type" v="line_thin" />
  </way>
  <way id="9229" version="1">
    <nd ref="8962" />
    <nd ref="5016" />
    <tag k="subtype" v="solid" />
    <tag k="type" v="line_thin" />
  </way>
  <way id="9230" version="1">
    <nd ref="2234" />
    <nd ref="9484" />
    <nd ref="2236" />
    <nd ref="2238" />
    <tag k="type" v="road_border" />
  </way>
  <way id="9231" version="1">
    <nd ref="4680" />
    <nd ref="5561" />
    <nd ref="5563" />
    <tag k="type" v="virtual" />
  </way>
  <way id="9232" version="1">
    <nd ref="9251" />
    <nd ref="9495" />
    <nd ref="5563" />
    <tag k="subtype" v="atc-demo" />
    <tag k="type" v="virtual" />
  </way>
  <way id="9233" version="1">
    <nd ref="2196" />
    <nd ref="2197" />
    <nd ref="2198" />
    <nd ref="2199" />
    <nd ref="9507" />
    <nd ref="2200" />
    <tag k="type" v="road_border" />
  </way>
  <way id="9234" version="1">
    <nd ref="5560" />
    <nd ref="9483" />
    <nd ref="5939" />
    <nd ref="5940" />
    <nd ref="5941" />
    <nd ref="1440" />
    <tag k="type" v="virtual" />
  </way>
  <way id="9235" version="1">
    <nd ref="2234" />
    <nd ref="9244" />
    <nd ref="9243" />
    <nd ref="9247" />
    <nd ref="9245" />
    <tag k="subtype" v="atc-demo" />
    <tag k="type" v="virtual" />
  </way>
  <way id="9236" version="1">
    <nd ref="5560" />
    <nd ref="9257" />
    <nd ref="9251" />
    <tag k="subtype" v="atc-demo" />
    <tag k="type" v="virtual" />
  </way>
  <way id="9237" version="1">
    <nd ref="1375" />
    <nd ref="1376" />
    <tag k="subtype" v="dashed" />
    <tag k="type" v="line_thin" />
  </way>
  <way id="9238" version="1">
    <nd ref="2230" />
    <nd ref="1374" />
    <nd ref="1375" />
    <tag k="subtype" v="dashed" />
    <tag k="type" v="line_thin" />
  </way>
  <way id="9239" version="1">
    <nd ref="1442" />
    <nd ref="5566" />
    <tag k="subtype" v="solid" />
    <tag k="type" v="line_thin" />
  </way>
  <way id="9240" version="1">
    <nd ref="1440" />
    <nd ref="1441" />
    <tag k="subtype" v="solid" />
    <tag k="type" v="line_thin" />
  </way>
  <way id="9241" version="1">
    <nd ref="9245" />
    <nd ref="9255" />
    <nd ref="9254" />
    <nd ref="9253" />
    <nd ref="2200" />
    <tag k="subtype" v="atc-demo" />
    <tag k="type" v="virtual" />
  </way>
  <way id="9272" version="1">
    <nd ref="9343" />
    <nd ref="9345" />
    <nd ref="9297" />
    <nd ref="9298" />
    <nd ref="9358" />
    <nd ref="9414" />
    <nd ref="9349" />
    <nd ref="9351" />
    <tag k="type" v="virtual" />
  </way>
  <way id="9273" version="1">
    <nd ref="3238" />
    <nd ref="9389" />
    <tag k="subtype" v="solid" />
    <tag k="type" v="road_border" />
  </way>
  <way id="9274" version="1">
    <nd ref="9330" />
    <nd ref="9588" />
    <nd ref="9527" />
    <nd ref="9331" />
    <nd ref="9359" />
    <nd ref="9332" />
    <nd ref="9479" />
    <nd ref="9333" />
    <nd ref="9334" />
    <nd ref="9338" />
    <nd ref="9367" />
    <nd ref="9487" />
    <nd ref="9336" />
    <tag k="type" v="virtual" />
  </way>
  <way id="9275" version="1">
    <nd ref="9299" />
    <nd ref="9305" />
    <nd ref="9306" />
    <nd ref="9307" />
    <nd ref="9308" />
    <nd ref="9309" />
    <nd ref="9310" />
    <nd ref="9353" />
    <tag k="subtype" v="atc_demo" />
    <tag k="type" v="virtual" />
  </way>
  <way id="9276" version="1">
    <nd ref="9304" />
    <nd ref="8867" />
    <tag k="subtype" v="solid" />
    <tag k="type" v="line_thin" />
  </way>
  <way id="9277" version="1">
    <nd ref="9329" />
    <nd ref="9337" />
    <nd ref="9534" />
    <nd ref="9384" />
    <nd ref="9531" />
    <nd ref="9360" />
    <nd ref="9529" />
    <nd ref="9528" />
    <nd ref="9488" />
    <nd ref="9377" />
    <tag k="subtype" v="atc-demo" />
    <tag k="type" v="virtual" />
  </way>
  <way id="9278" version="1">
    <nd ref="9336" />
    <nd ref="9491" />
    <nd ref="9344" />
    <nd ref="9346" />
    <nd ref="9339" />
    <nd ref="9413" />
    <nd ref="9357" />
    <nd ref="9355" />
    <nd ref="9354" />
    <nd ref="9347" />
    <nd ref="9348" />
    <nd ref="9585" />
    <nd ref="9362" />
    <tag k="subtype" v="atc-demo" />
    <tag k="type" v="virtual" />
  </way>
  <way id="9279" version="1">
    <nd ref="9353" />
    <nd ref="9311" />
    <nd ref="9312" />
    <nd ref="9492" />
    <nd ref="9313" />
    <nd ref="9314" />
    <nd ref="9293" />
    <nd ref="9315" />
    <nd ref="9316" />
    <nd ref="9301" />
    <tag k="subtype" v="atc_demo" />
    <tag k="type" v="virtual" />
  </way>
  <way id="9280" version="1">
    <nd ref="9327" />
    <nd ref="9335" />
    <tag k="type" v="virtual" />
  </way>
  <way id="9281" version="1">
    <nd ref="9405" />
    <nd ref="9538" />
    <nd ref="9402" />
    <nd ref="9537" />
    <nd ref="9533" />
    <nd ref="9536" />
    <nd ref="9535" />
    <nd ref="9387" />
    <nd ref="9329" />
    <tag k="subtype" v="atc-demo" />
    <tag k="type" v="virtual" />
  </way>
  <way id="9282" version="1">
    <nd ref="9301" />
    <nd ref="9304" />
    <tag k="subtype" v="solid" />
    <tag k="type" v="line_thin" />
  </way>
  <way id="9283" version="1">
    <nd ref="9300" />
    <nd ref="9392" />
    <nd ref="9391" />
    <tag k="subtype" v="atc-demo" />
    <tag k="type" v="virtual" />
  </way>
  <way id="9284" version="1">
    <nd ref="9411" />
    <nd ref="9410" />
    <nd ref="9409" />
    <nd ref="9405" />
    <tag k="type" v="virtual" />
  </way>
  <way id="9285" version="1">
    <nd ref="9378" />
    <nd ref="9320" />
    <nd ref="9321" />
    <nd ref="9322" />
    <nd ref="9323" />
    <nd ref="9324" />
    <nd ref="9325" />
    <nd ref="9326" />
    <nd ref="9327" />
    <tag k="type" v="virtual" />
  </way>
  <way id="9286" version="1">
    <nd ref="9303" />
    <nd ref="9300" />
    <tag k="subtype" v="dashed" />
    <tag k="type" v="line_thin" />
  </way>
  <way id="9287" version="1">
    <nd ref="9302" />
    <nd ref="9299" />
    <tag k="subtype" v="solid" />
    <tag k="type" v="line_thin" />
  </way>
  <way id="9288" version="1">
    <nd ref="9391" />
    <nd ref="9356" />
    <nd ref="9300" />
    <tag k="subtype" v="atc-demo" />
    <tag k="type" v="virtual" />
  </way>
  <way id="9289" version="1">
    <nd ref="9328" />
    <nd ref="9340" />
    <nd ref="9369" />
    <nd ref="9341" />
    <nd ref="9342" />
    <nd ref="9343" />
    <tag k="type" v="virtual" />
  </way>
  <way id="9290" version="1">
    <nd ref="9300" />
    <nd ref="7436" />
    <tag k="subtype" v="dashed" />
    <tag k="type" v="line_thin" />
  </way>
  <way id="9291" version="1">
    <nd ref="9299" />
    <nd ref="8594" />
    <tag k="subtype" v="solid" />
    <tag k="type" v="line_thin" />
  </way>
  <way id="9292" version="1">
    <nd ref="9377" />
    <nd ref="9350" />
    <nd ref="9373" />
    <nd ref="9395" />
    <tag k="type" v="virtual" />
  </way>
  <way id="9416" version="1">
    <nd ref="4990" />
    <nd ref="5007" />
    <nd ref="5008" />
    <nd ref="5009" />
    <nd ref="5010" />
    <nd ref="5011" />
    <nd ref="5012" />
    <nd ref="5013" />
    <nd ref="5014" />
    <tag k="type" v="road_border" />
  </way>
  <way id="9417" version="1">
    <nd ref="5767" />
    <nd ref="9428" />
    <nd ref="9427" />
    <nd ref="9426" />
    <nd ref="9425" />
    <nd ref="9424" />
    <nd ref="9423" />
    <nd ref="9422" />
    <nd ref="9421" />
    <nd ref="9420" />
    <nd ref="9419" />
    <nd ref="7437" />
    <tag k="type" v="virtual" />
  </way>
  <way id="9418" version="1">
    <nd ref="5661" />
    <nd ref="9441" />
    <nd ref="9440" />
    <nd ref="9439" />
    <nd ref="9438" />
    <nd ref="9437" />
    <nd ref="9436" />
    <nd ref="9435" />
    <nd ref="9434" />
    <nd ref="9433" />
    <nd ref="9432" />
    <nd ref="9431" />
    <nd ref="9430" />
    <nd ref="9429" />
    <nd ref="4990" />
    <tag k="subtype" v="solid" />
    <tag k="type" v="line_thin" />
  </way>
  <way id="9445" version="1">
    <nd ref="9526" />
    <nd ref="9525" />
    <nd ref="9524" />
    <nd ref="9523" />
    <nd ref="9522" />
    <nd ref="9494" />
    <nd ref="9521" />
    <nd ref="9520" />
    <nd ref="9516" />
    <nd ref="9519" />
    <nd ref="9518" />
    <nd ref="9517" />
    <tag k="type" v="virtual" />
  </way>
  <way id="9446" version="1">
    <nd ref="8908" />
    <nd ref="8899" />
    <tag k="type" v="virtual" />
  </way>
  <way id="9447" version="1">
    <nd ref="2686" />
    <nd ref="9493" />
    <nd ref="9498" />
    <nd ref="9456" />
    <nd ref="5088" />
    <tag k="type" v="virtual" />
  </way>
  <way id="9448" version="1">
    <nd ref="9457" />
    <nd ref="9458" />
    <nd ref="9459" />
    <nd ref="9497" />
    <nd ref="9460" />
    <nd ref="9461" />
    <nd ref="9462" />
    <nd ref="9463" />
    <nd ref="9464" />
    <nd ref="9465" />
    <nd ref="9466" />
    <nd ref="9467" />
    <nd ref="9468" />
    <tag k="type" v="virtual" />
  </way>
  <way id="9449" version="1">
    <nd ref="2803" />
    <nd ref="9506" />
    <nd ref="9505" />
    <nd ref="9504" />
    <nd ref="9503" />
    <nd ref="9502" />
    <nd ref="9480" />
    <nd ref="3108" />
    <tag k="type" v="virtual" />
  </way>
  <way id="9450" version="1">
    <nd ref="4903" />
    <nd ref="3236" />
    <tag k="type" v="virtual" />
  </way>
  <way id="9451" version="1">
    <nd ref="9470" />
    <nd ref="9471" />
    <nd ref="9472" />
    <nd ref="9473" />
    <nd ref="9474" />
    <nd ref="9475" />
    <nd ref="9476" />
    <nd ref="9481" />
    <nd ref="9477" />
    <nd ref="9478" />
    <tag k="type" v="virtual" />
  </way>
  <way id="9452" version="1">
    <nd ref="5896" />
    <nd ref="5191" />
    <tag k="type" v="virtual" />
  </way>
  <way id="9453" version="1">
    <nd ref="3320" />
    <nd ref="9486" />
    <nd ref="9500" />
    <nd ref="2803" />
    <tag k="type" v="virtual" />
  </way>
  <way id="9454" version="1">
    <nd ref="5088" />
    <nd ref="9489" />
    <nd ref="9192" />
    <tag k="type" v="virtual" />
  </way>
  <way id="9540" version="1">
    <nd ref="3589" />
    <nd ref="3738" />
  </way>
  <way id="9546" version="1">
    <nd ref="8791" />
    <nd ref="9601" />
    <nd ref="9589" />
    <nd ref="9599" />
    <nd ref="9580" />
    <nd ref="9556" />
    <nd ref="5919" />
    <tag k="type" v="virtual" />
  </way>
  <way id="9547" version="1">
    <nd ref="4903" />
    <nd ref="9581" />
    <nd ref="9582" />
    <nd ref="9608" />
    <nd ref="9579" />
    <nd ref="9583" />
    <nd ref="9577" />
    <nd ref="9592" />
    <nd ref="9595" />
    <nd ref="8559" />
    <tag k="type" v="virtual" />
  </way>
  <way id="9548" version="1">
    <nd ref="7368" />
    <nd ref="9596" />
    <nd ref="9576" />
    <tag k="type" v="guard_rail" />
  </way>
  <way id="9549" version="1">
    <nd ref="3223" />
    <nd ref="8559" />
    <tag k="type" v="virtual" />
  </way>
  <way id="9550" version="1">
    <nd ref="5595" />
    <nd ref="9568" />
    <nd ref="9567" />
    <nd ref="9566" />
    <nd ref="9569" />
    <nd ref="5640" />
    <tag k="type" v="virtual" />
  </way>
  <way id="9551" version="1">
    <nd ref="8607" />
    <nd ref="9570" />
    <nd ref="9590" />
    <nd ref="9572" />
    <nd ref="9573" />
    <nd ref="8751" />
    <tag k="type" v="virtual" />
  </way>
  <way id="9610" version="1">
    <nd ref="9618" />
    <nd ref="9617" />
    <tag k="subtype" v="red_yellow_green" />
    <tag k="type" v="traffic_light" />
  </way>
  <way id="9619" version="1">
    <nd ref="9621" />
    <nd ref="9620" />
    <tag k="subtype" v="red_yellow_green" />
    <tag k="type" v="traffic_light" />
  </way>
  <way id="9622" version="1">
    <nd ref="9628" />
    <nd ref="9631" />
    <tag k="subtype" v="red_yellow_green" />
    <tag k="type" v="traffic_light" />
  </way>
  <way id="9623" version="1">
    <nd ref="9629" />
    <nd ref="9632" />
    <tag k="subtype" v="red_yellow_green" />
    <tag k="type" v="traffic_light" />
  </way>
  <way id="9624" version="1">
    <nd ref="9633" />
    <nd ref="9630" />
    <tag k="subtype" v="red_yellow_green" />
    <tag k="type" v="traffic_light" />
  </way>
  <way id="9625" version="1">
    <nd ref="9634" />
    <nd ref="9627" />
    <tag k="subtype" v="red_yellow_green" />
    <tag k="type" v="traffic_light" />
  </way>
  <way id="9626" version="1">
    <nd ref="9636" />
    <nd ref="9635" />
    <tag k="subtype" v="red_yellow_green" />
    <tag k="type" v="traffic_light" />
  </way>
  <way id="9637" version="1">
    <nd ref="9642" />
    <nd ref="9640" />
    <tag k="subtype" v="red_yellow_green" />
    <tag k="type" v="traffic_light" />
  </way>
  <way id="9638" version="1">
    <nd ref="9639" />
    <nd ref="9641" />
    <tag k="subtype" v="red_yellow_green" />
    <tag k="type" v="traffic_light" />
  </way>
  <way id="9643" version="1">
    <nd ref="5185" />
    <nd ref="9645" />
    <nd ref="5186" />
    <tag k="type" v="virtual" />
  </way>
  <relation id="6635" version="1">
    <member type="way" ref="6108" role="left" />
    <member type="way" ref="6111" role="right" />
    <tag k="location" v="urban" />
    <tag k="one_way" v="yes" />
    <tag k="region" v="de" />
    <tag k="subtype" v="highway" />
    <tag k="type" v="lanelet" />
  </relation>
  <relation id="6636" version="1">
    <member type="way" ref="6112" role="left" />
    <member type="way" ref="6108" role="right" />
    <tag k="location" v="urban" />
    <tag k="one_way" v="yes" />
    <tag k="region" v="de" />
    <tag k="subtype" v="highway" />
    <tag k="type" v="lanelet" />
  </relation>
  <relation id="6637" version="1">
    <member type="way" ref="6113" role="left" />
    <member type="way" ref="6112" role="right" />
    <tag k="location" v="urban" />
    <tag k="one_way" v="yes" />
    <tag k="region" v="de" />
    <tag k="subtype" v="highway" />
    <tag k="type" v="lanelet" />
  </relation>
  <relation id="6638" version="1">
    <member type="way" ref="6109" role="left" />
    <member type="way" ref="6110" role="right" />
    <tag k="location" v="urban" />
    <tag k="one_way" v="yes" />
    <tag k="region" v="de" />
    <tag k="subtype" v="road" />
    <tag k="type" v="lanelet" />
  </relation>
  <relation id="6639" version="1">
    <member type="way" ref="6106" role="left" />
    <member type="way" ref="6094" role="right" />
    <tag k="location" v="urban" />
    <tag k="one_way" v="yes" />
    <tag k="region" v="de" />
    <tag k="subtype" v="highway" />
    <tag k="type" v="lanelet" />
  </relation>
  <relation id="6640" version="1">
    <member type="way" ref="6105" role="left" />
    <member type="way" ref="6106" role="right" />
    <tag k="location" v="urban" />
    <tag k="one_way" v="yes" />
    <tag k="region" v="de" />
    <tag k="subtype" v="highway" />
    <tag k="type" v="lanelet" />
  </relation>
  <relation id="6641" version="1">
    <member type="way" ref="6095" role="left" />
    <member type="way" ref="5969" role="right" />
    <tag k="location" v="urban" />
    <tag k="one_way" v="yes" />
    <tag k="region" v="de" />
    <tag k="subtype" v="road" />
    <tag k="type" v="lanelet" />
  </relation>
  <relation id="6642" version="1">
    <member type="way" ref="6093" role="left" />
    <member type="way" ref="6105" role="right" />
    <tag k="location" v="urban" />
    <tag k="one_way" v="yes" />
    <tag k="region" v="de" />
    <tag k="subtype" v="highway" />
    <tag k="type" v="lanelet" />
  </relation>
  <relation id="6643" version="1">
    <member type="way" ref="6100" role="left" />
    <member type="way" ref="6104" role="right" />
    <tag k="location" v="urban" />
    <tag k="one_way" v="yes" />
    <tag k="region" v="de" />
    <tag k="subtype" v="road" />
    <tag k="type" v="lanelet" />
  </relation>
  <relation id="6644" version="1">
    <member type="way" ref="6104" role="left" />
    <member type="way" ref="6091" role="right" />
    <tag k="location" v="urban" />
    <tag k="one_way" v="yes" />
    <tag k="region" v="de" />
    <tag k="subtype" v="highway" />
    <tag k="type" v="lanelet" />
  </relation>
  <relation id="6645" version="1">
    <member type="way" ref="6091" role="left" />
    <member type="way" ref="6092" role="right" />
    <tag k="location" v="urban" />
    <tag k="one_way" v="yes" />
    <tag k="region" v="de" />
    <tag k="subtype" v="highway" />
    <tag k="type" v="lanelet" />
  </relation>
  <relation id="6646" version="1">
    <member type="way" ref="6092" role="left" />
    <member type="way" ref="6107" role="right" />
    <tag k="location" v="urban" />
    <tag k="one_way" v="yes" />
    <tag k="region" v="de" />
    <tag k="subtype" v="highway" />
    <tag k="type" v="lanelet" />
  </relation>
  <relation id="6647" version="1">
    <member type="way" ref="6098" role="left" />
    <member type="way" ref="6099" role="right" />
    <tag k="location" v="urban" />
    <tag k="one_way" v="yes" />
    <tag k="region" v="de" />
    <tag k="subtype" v="road" />
    <tag k="type" v="lanelet" />
  </relation>
  <relation id="6648" version="1">
    <member type="way" ref="6099" role="left" />
    <member type="way" ref="6101" role="right" />
    <tag k="location" v="urban" />
    <tag k="one_way" v="yes" />
    <tag k="region" v="de" />
    <tag k="subtype" v="highway" />
    <tag k="type" v="lanelet" />
  </relation>
  <relation id="6649" version="1">
    <member type="way" ref="6101" role="left" />
    <member type="way" ref="6102" role="right" />
    <tag k="location" v="urban" />
    <tag k="one_way" v="yes" />
    <tag k="region" v="de" />
    <tag k="subtype" v="highway" />
    <tag k="type" v="lanelet" />
  </relation>
  <relation id="6650" version="1">
    <member type="way" ref="6102" role="left" />
    <member type="way" ref="6103" role="right" />
    <tag k="location" v="urban" />
    <tag k="one_way" v="yes" />
    <tag k="region" v="de" />
    <tag k="subtype" v="highway" />
    <tag k="type" v="lanelet" />
  </relation>
  <relation id="6651" version="1">
    <member type="way" ref="6114" role="left" />
    <member type="way" ref="6096" role="right" />
    <tag k="location" v="urban" />
    <tag k="one_way" v="yes" />
    <tag k="region" v="de" />
    <tag k="subtype" v="road" />
    <tag k="type" v="lanelet" />
  </relation>
  <relation id="6652" version="1">
    <member type="way" ref="6096" role="left" />
    <member type="way" ref="6115" role="right" />
    <tag k="location" v="urban" />
    <tag k="one_way" v="yes" />
    <tag k="region" v="de" />
    <tag k="subtype" v="highway" />
    <tag k="type" v="lanelet" />
  </relation>
  <relation id="6653" version="1">
    <member type="way" ref="6115" role="left" />
    <member type="way" ref="6116" role="right" />
    <tag k="location" v="urban" />
    <tag k="one_way" v="yes" />
    <tag k="region" v="de" />
    <tag k="subtype" v="highway" />
    <tag k="type" v="lanelet" />
  </relation>
  <relation id="6654" version="1">
    <member type="way" ref="6116" role="left" />
    <member type="way" ref="6117" role="right" />
    <tag k="location" v="urban" />
    <tag k="one_way" v="yes" />
    <tag k="region" v="de" />
    <tag k="subtype" v="highway" />
    <tag k="type" v="lanelet" />
  </relation>
  <relation id="6655" version="1">
    <member type="way" ref="6122" role="left" />
    <member type="way" ref="6118" role="right" />
    <tag k="location" v="urban" />
    <tag k="one_way" v="yes" />
    <tag k="region" v="de" />
    <tag k="subtype" v="road" />
    <tag k="type" v="lanelet" />
  </relation>
  <relation id="6656" version="1">
    <member type="way" ref="6118" role="left" />
    <member type="way" ref="6119" role="right" />
    <tag k="location" v="urban" />
    <tag k="one_way" v="yes" />
    <tag k="region" v="de" />
    <tag k="subtype" v="highway" />
    <tag k="type" v="lanelet" />
  </relation>
  <relation id="6657" version="1">
    <member type="way" ref="6119" role="left" />
    <member type="way" ref="6120" role="right" />
    <tag k="location" v="urban" />
    <tag k="one_way" v="yes" />
    <tag k="region" v="de" />
    <tag k="subtype" v="highway" />
    <tag k="type" v="lanelet" />
  </relation>
  <relation id="6658" version="1">
    <member type="way" ref="6120" role="left" />
    <member type="way" ref="6121" role="right" />
    <tag k="location" v="urban" />
    <tag k="one_way" v="yes" />
    <tag k="region" v="de" />
    <tag k="subtype" v="highway" />
    <tag k="type" v="lanelet" />
  </relation>
  <relation id="6659" version="1">
    <member type="way" ref="6128" role="left" />
    <member type="way" ref="6129" role="right" />
    <tag k="location" v="urban" />
    <tag k="one_way" v="yes" />
    <tag k="region" v="de" />
    <tag k="subtype" v="highway" />
    <tag k="type" v="lanelet" />
  </relation>
  <relation id="6660" version="1">
    <member type="way" ref="6129" role="left" />
    <member type="way" ref="6130" role="right" />
    <tag k="location" v="urban" />
    <tag k="one_way" v="yes" />
    <tag k="region" v="de" />
    <tag k="subtype" v="highway" />
    <tag k="type" v="lanelet" />
  </relation>
  <relation id="6661" version="1">
    <member type="way" ref="6130" role="left" />
    <member type="way" ref="6131" role="right" />
    <tag k="location" v="urban" />
    <tag k="one_way" v="yes" />
    <tag k="region" v="de" />
    <tag k="subtype" v="highway" />
    <tag k="type" v="lanelet" />
  </relation>
  <relation id="6662" version="1">
    <member type="way" ref="6137" role="left" />
    <member type="way" ref="6138" role="right" />
    <tag k="location" v="urban" />
    <tag k="one_way" v="yes" />
    <tag k="region" v="de" />
    <tag k="subtype" v="highway" />
    <tag k="type" v="lanelet" />
  </relation>
  <relation id="6663" version="1">
    <member type="way" ref="6138" role="left" />
    <member type="way" ref="6139" role="right" />
    <tag k="location" v="urban" />
    <tag k="one_way" v="yes" />
    <tag k="region" v="de" />
    <tag k="subtype" v="highway" />
    <tag k="type" v="lanelet" />
  </relation>
  <relation id="6664" version="1">
    <member type="way" ref="6139" role="left" />
    <member type="way" ref="6140" role="right" />
    <tag k="location" v="urban" />
    <tag k="one_way" v="yes" />
    <tag k="region" v="de" />
    <tag k="subtype" v="highway" />
    <tag k="type" v="lanelet" />
  </relation>
  <relation id="6665" version="1">
    <member type="way" ref="5972" role="left" />
    <member type="way" ref="6136" role="right" />
    <tag k="location" v="urban" />
    <tag k="one_way" v="yes" />
    <tag k="region" v="de" />
    <tag k="subtype" v="road" />
    <tag k="type" v="lanelet" />
  </relation>
  <relation id="6666" version="1">
    <member type="way" ref="6143" role="left" />
    <member type="way" ref="6142" role="right" />
    <tag k="location" v="urban" />
    <tag k="one_way" v="yes" />
    <tag k="region" v="de" />
    <tag k="subtype" v="highway" />
    <tag k="type" v="lanelet" />
  </relation>
  <relation id="6667" version="1">
    <member type="way" ref="6142" role="left" />
    <member type="way" ref="6141" role="right" />
    <tag k="location" v="urban" />
    <tag k="one_way" v="yes" />
    <tag k="region" v="de" />
    <tag k="subtype" v="highway" />
    <tag k="type" v="lanelet" />
  </relation>
  <relation id="6668" version="1">
    <member type="way" ref="6141" role="left" />
    <member type="way" ref="6144" role="right" />
    <tag k="location" v="urban" />
    <tag k="one_way" v="yes" />
    <tag k="region" v="de" />
    <tag k="subtype" v="highway" />
    <tag k="type" v="lanelet" />
  </relation>
  <relation id="6669" version="1">
    <member type="way" ref="6145" role="left" />
    <member type="way" ref="6146" role="right" />
    <tag k="location" v="urban" />
    <tag k="one_way" v="yes" />
    <tag k="region" v="de" />
    <tag k="subtype" v="highway" />
    <tag k="type" v="lanelet" />
  </relation>
  <relation id="6670" version="1">
    <member type="way" ref="6146" role="left" />
    <member type="way" ref="6147" role="right" />
    <tag k="location" v="urban" />
    <tag k="one_way" v="yes" />
    <tag k="region" v="de" />
    <tag k="subtype" v="highway" />
    <tag k="type" v="lanelet" />
  </relation>
  <relation id="6671" version="1">
    <member type="way" ref="6147" role="left" />
    <member type="way" ref="6148" role="right" />
    <tag k="location" v="urban" />
    <tag k="one_way" v="yes" />
    <tag k="region" v="de" />
    <tag k="subtype" v="highway" />
    <tag k="type" v="lanelet" />
  </relation>
  <relation id="6672" version="1">
    <member type="way" ref="6148" role="left" />
    <member type="way" ref="6149" role="right" />
    <tag k="location" v="urban" />
    <tag k="one_way" v="yes" />
    <tag k="region" v="de" />
    <tag k="subtype" v="road" />
    <tag k="type" v="lanelet" />
  </relation>
  <relation id="6673" version="1">
    <member type="way" ref="6166" role="left" />
    <member type="way" ref="6167" role="right" />
    <tag k="location" v="urban" />
    <tag k="one_way" v="yes" />
    <tag k="region" v="de" />
    <tag k="subtype" v="highway" />
    <tag k="type" v="lanelet" />
  </relation>
  <relation id="6674" version="1">
    <member type="way" ref="6167" role="left" />
    <member type="way" ref="6168" role="right" />
    <tag k="location" v="urban" />
    <tag k="one_way" v="yes" />
    <tag k="region" v="de" />
    <tag k="subtype" v="highway" />
    <tag k="type" v="lanelet" />
  </relation>
  <relation id="6675" version="1">
    <member type="way" ref="6168" role="left" />
    <member type="way" ref="6169" role="right" />
    <tag k="location" v="urban" />
    <tag k="one_way" v="yes" />
    <tag k="region" v="de" />
    <tag k="subtype" v="highway" />
    <tag k="type" v="lanelet" />
  </relation>
  <relation id="6676" version="1">
    <member type="way" ref="6189" role="left" />
    <member type="way" ref="6188" role="right" />
    <tag k="location" v="urban" />
    <tag k="one_way" v="yes" />
    <tag k="region" v="de" />
    <tag k="subtype" v="highway" />
    <tag k="type" v="lanelet" />
  </relation>
  <relation id="6677" version="1">
    <member type="way" ref="6188" role="left" />
    <member type="way" ref="6187" role="right" />
    <tag k="location" v="urban" />
    <tag k="one_way" v="yes" />
    <tag k="region" v="de" />
    <tag k="subtype" v="highway" />
    <tag k="type" v="lanelet" />
  </relation>
  <relation id="6678" version="1">
    <member type="way" ref="6187" role="left" />
    <member type="way" ref="6186" role="right" />
    <tag k="location" v="urban" />
    <tag k="one_way" v="yes" />
    <tag k="region" v="de" />
    <tag k="subtype" v="highway" />
    <tag k="type" v="lanelet" />
  </relation>
  <relation id="6679" version="1">
    <member type="way" ref="6233" role="left" />
    <member type="way" ref="6232" role="right" />
    <tag k="location" v="urban" />
    <tag k="one_way" v="yes" />
    <tag k="region" v="de" />
    <tag k="subtype" v="highway" />
    <tag k="type" v="lanelet" />
  </relation>
  <relation id="6680" version="1">
    <member type="way" ref="6232" role="left" />
    <member type="way" ref="6231" role="right" />
    <tag k="location" v="urban" />
    <tag k="one_way" v="yes" />
    <tag k="region" v="de" />
    <tag k="subtype" v="highway" />
    <tag k="type" v="lanelet" />
  </relation>
  <relation id="6681" version="1">
    <member type="way" ref="6231" role="left" />
    <member type="way" ref="6230" role="right" />
    <tag k="location" v="urban" />
    <tag k="one_way" v="yes" />
    <tag k="region" v="de" />
    <tag k="subtype" v="highway" />
    <tag k="type" v="lanelet" />
  </relation>
  <relation id="6682" version="1">
    <member type="way" ref="6235" role="left" />
    <member type="way" ref="6234" role="right" />
    <tag k="location" v="urban" />
    <tag k="one_way" v="yes" />
    <tag k="region" v="de" />
    <tag k="subtype" v="road" />
    <tag k="type" v="lanelet" />
  </relation>
  <relation id="6683" version="1">
    <member type="way" ref="6239" role="left" />
    <member type="way" ref="6238" role="right" />
    <tag k="location" v="urban" />
    <tag k="one_way" v="yes" />
    <tag k="region" v="de" />
    <tag k="subtype" v="highway" />
    <tag k="type" v="lanelet" />
  </relation>
  <relation id="6684" version="1">
    <member type="way" ref="6238" role="left" />
    <member type="way" ref="6237" role="right" />
    <tag k="location" v="urban" />
    <tag k="one_way" v="yes" />
    <tag k="region" v="de" />
    <tag k="subtype" v="highway" />
    <tag k="type" v="lanelet" />
  </relation>
  <relation id="6685" version="1">
    <member type="way" ref="6237" role="left" />
    <member type="way" ref="6236" role="right" />
    <tag k="location" v="urban" />
    <tag k="one_way" v="yes" />
    <tag k="region" v="de" />
    <tag k="subtype" v="highway" />
    <tag k="type" v="lanelet" />
  </relation>
  <relation id="6686" version="1">
    <member type="way" ref="6244" role="left" />
    <member type="way" ref="5968" role="right" />
    <tag k="location" v="urban" />
    <tag k="one_way" v="yes" />
    <tag k="region" v="de" />
    <tag k="subtype" v="road" />
    <tag k="type" v="lanelet" />
  </relation>
  <relation id="6687" version="1">
    <member type="way" ref="6245" role="left" />
    <member type="way" ref="6192" role="right" />
    <tag k="location" v="urban" />
    <tag k="one_way" v="yes" />
    <tag k="region" v="de" />
    <tag k="subtype" v="highway" />
    <tag k="type" v="lanelet" />
  </relation>
  <relation id="6688" version="1">
    <member type="way" ref="6192" role="left" />
    <member type="way" ref="6247" role="right" />
    <tag k="location" v="urban" />
    <tag k="one_way" v="yes" />
    <tag k="region" v="de" />
    <tag k="subtype" v="highway" />
    <tag k="type" v="lanelet" />
  </relation>
  <relation id="6689" version="1">
    <member type="way" ref="6247" role="left" />
    <member type="way" ref="6248" role="right" />
    <tag k="location" v="urban" />
    <tag k="one_way" v="yes" />
    <tag k="region" v="de" />
    <tag k="subtype" v="highway" />
    <tag k="type" v="lanelet" />
  </relation>
  <relation id="6690" version="1">
    <member type="way" ref="6124" role="left" />
    <member type="way" ref="6193" role="right" />
    <tag k="location" v="urban" />
    <tag k="one_way" v="yes" />
    <tag k="region" v="de" />
    <tag k="subtype" v="road" />
    <tag k="type" v="lanelet" />
  </relation>
  <relation id="6691" version="1">
    <member type="way" ref="6193" role="left" />
    <member type="way" ref="6246" role="right" />
    <tag k="location" v="urban" />
    <tag k="one_way" v="yes" />
    <tag k="region" v="de" />
    <tag k="subtype" v="highway" />
    <tag k="type" v="lanelet" />
  </relation>
  <relation id="6692" version="1">
    <member type="way" ref="6246" role="left" />
    <member type="way" ref="6191" role="right" />
    <tag k="location" v="urban" />
    <tag k="one_way" v="yes" />
    <tag k="region" v="de" />
    <tag k="subtype" v="highway" />
    <tag k="type" v="lanelet" />
  </relation>
  <relation id="6693" version="1">
    <member type="way" ref="6191" role="left" />
    <member type="way" ref="6190" role="right" />
    <tag k="location" v="urban" />
    <tag k="one_way" v="yes" />
    <tag k="region" v="de" />
    <tag k="subtype" v="highway" />
    <tag k="type" v="lanelet" />
  </relation>
  <relation id="6694" version="1">
    <member type="way" ref="6254" role="left" />
    <member type="way" ref="6255" role="right" />
    <tag k="location" v="urban" />
    <tag k="one_way" v="yes" />
    <tag k="region" v="de" />
    <tag k="subtype" v="road" />
    <tag k="type" v="lanelet" />
  </relation>
  <relation id="6695" version="1">
    <member type="way" ref="6256" role="left" />
    <member type="way" ref="6257" role="right" />
    <tag k="location" v="urban" />
    <tag k="one_way" v="yes" />
    <tag k="region" v="de" />
    <tag k="subtype" v="road" />
    <tag k="type" v="lanelet" />
  </relation>
  <relation id="6696" version="1">
    <member type="way" ref="6259" role="left" />
    <member type="way" ref="6258" role="right" />
    <tag k="location" v="urban" />
    <tag k="one_way" v="yes" />
    <tag k="region" v="de" />
    <tag k="subtype" v="road" />
    <tag k="type" v="lanelet" />
  </relation>
  <relation id="6697" version="1">
    <member type="way" ref="6260" role="left" />
    <member type="way" ref="6262" role="right" />
    <tag k="location" v="urban" />
    <tag k="one_way" v="yes" />
    <tag k="region" v="de" />
    <tag k="subtype" v="road" />
    <tag k="type" v="lanelet" />
  </relation>
  <relation id="6698" version="1">
    <member type="way" ref="6265" role="left" />
    <member type="way" ref="6264" role="right" />
    <tag k="location" v="urban" />
    <tag k="one_way" v="yes" />
    <tag k="region" v="de" />
    <tag k="subtype" v="road" />
    <tag k="type" v="lanelet" />
  </relation>
  <relation id="6699" version="1">
    <member type="way" ref="6266" role="left" />
    <member type="way" ref="6267" role="right" />
    <tag k="location" v="urban" />
    <tag k="one_way" v="yes" />
    <tag k="region" v="de" />
    <tag k="subtype" v="road" />
    <tag k="type" v="lanelet" />
  </relation>
  <relation id="6700" version="1">
    <member type="way" ref="6268" role="left" />
    <member type="way" ref="6269" role="right" />
    <tag k="location" v="urban" />
    <tag k="one_way" v="yes" />
    <tag k="region" v="de" />
    <tag k="subtype" v="road" />
    <tag k="type" v="lanelet" />
  </relation>
  <relation id="6701" version="1">
    <member type="way" ref="6271" role="left" />
    <member type="way" ref="6270" role="right" />
    <tag k="location" v="urban" />
    <tag k="one_way" v="yes" />
    <tag k="region" v="de" />
    <tag k="subtype" v="road" />
    <tag k="type" v="lanelet" />
  </relation>
  <relation id="6702" version="1">
    <member type="way" ref="6275" role="left" />
    <member type="way" ref="6273" role="right" />
    <tag k="location" v="urban" />
    <tag k="one_way" v="yes" />
    <tag k="region" v="de" />
    <tag k="subtype" v="road" />
    <tag k="type" v="lanelet" />
  </relation>
  <relation id="6703" version="1">
    <member type="way" ref="6273" role="left" />
    <member type="way" ref="6274" role="right" />
    <tag k="location" v="urban" />
    <tag k="one_way" v="yes" />
    <tag k="region" v="de" />
    <tag k="subtype" v="road" />
    <tag k="type" v="lanelet" />
  </relation>
  <relation id="6704" version="1">
    <member type="way" ref="6272" role="left" />
    <member type="way" ref="5967" role="right" />
    <tag k="location" v="urban" />
    <tag k="one_way" v="yes" />
    <tag k="region" v="de" />
    <tag k="subtype" v="road" />
    <tag k="type" v="lanelet" />
  </relation>
  <relation id="6705" version="1">
    <member type="way" ref="6276" role="left" />
    <member type="way" ref="6277" role="right" />
    <tag k="location" v="urban" />
    <tag k="one_way" v="yes" />
    <tag k="region" v="de" />
    <tag k="subtype" v="road" />
    <tag k="type" v="lanelet" />
  </relation>
  <relation id="6706" version="1">
    <member type="way" ref="6279" role="left" />
    <member type="way" ref="6278" role="right" />
    <tag k="location" v="urban" />
    <tag k="one_way" v="yes" />
    <tag k="region" v="de" />
    <tag k="subtype" v="road" />
    <tag k="type" v="lanelet" />
  </relation>
  <relation id="6707" version="1">
    <member type="way" ref="9240" role="left" />
    <member type="way" ref="9238" role="right" />
    <tag k="location" v="urban" />
    <tag k="one_way" v="no" />
    <tag k="region" v="de" />
    <tag k="subtype" v="road" />
    <tag k="type" v="lanelet" />
  </relation>
  <relation id="6708" version="1">
    <member type="way" ref="6157" role="left" />
    <member type="way" ref="6156" role="right" />
    <tag k="location" v="urban" />
    <tag k="one_way" v="yes" />
    <tag k="region" v="de" />
    <tag k="subtype" v="highway" />
    <tag k="type" v="lanelet" />
  </relation>
  <relation id="6709" version="1">
    <member type="way" ref="6156" role="left" />
    <member type="way" ref="6155" role="right" />
    <tag k="location" v="urban" />
    <tag k="one_way" v="yes" />
    <tag k="region" v="de" />
    <tag k="subtype" v="highway" />
    <tag k="type" v="lanelet" />
  </relation>
  <relation id="6710" version="1">
    <member type="way" ref="6155" role="left" />
    <member type="way" ref="6154" role="right" />
    <tag k="location" v="urban" />
    <tag k="one_way" v="yes" />
    <tag k="region" v="de" />
    <tag k="subtype" v="highway" />
    <tag k="type" v="lanelet" />
  </relation>
  <relation id="6711" version="1">
    <member type="way" ref="6177" role="left" />
    <member type="way" ref="6176" role="right" />
    <tag k="location" v="urban" />
    <tag k="one_way" v="yes" />
    <tag k="region" v="de" />
    <tag k="subtype" v="highway" />
    <tag k="type" v="lanelet" />
  </relation>
  <relation id="6712" version="1">
    <member type="way" ref="6176" role="left" />
    <member type="way" ref="6175" role="right" />
    <tag k="location" v="urban" />
    <tag k="one_way" v="yes" />
    <tag k="region" v="de" />
    <tag k="subtype" v="highway" />
    <tag k="type" v="lanelet" />
  </relation>
  <relation id="6713" version="1">
    <member type="way" ref="6175" role="left" />
    <member type="way" ref="6174" role="right" />
    <tag k="location" v="urban" />
    <tag k="one_way" v="yes" />
    <tag k="region" v="de" />
    <tag k="subtype" v="highway" />
    <tag k="type" v="lanelet" />
  </relation>
  <relation id="6714" version="1">
    <member type="way" ref="6132" role="left" />
    <member type="way" ref="6133" role="right" />
    <tag k="location" v="urban" />
    <tag k="one_way" v="yes" />
    <tag k="region" v="de" />
    <tag k="subtype" v="highway" />
    <tag k="type" v="lanelet" />
  </relation>
  <relation id="6715" version="1">
    <member type="way" ref="6133" role="left" />
    <member type="way" ref="6134" role="right" />
    <tag k="location" v="urban" />
    <tag k="one_way" v="yes" />
    <tag k="region" v="de" />
    <tag k="subtype" v="highway" />
    <tag k="type" v="lanelet" />
  </relation>
  <relation id="6716" version="1">
    <member type="way" ref="6134" role="left" />
    <member type="way" ref="6158" role="right" />
    <tag k="location" v="urban" />
    <tag k="one_way" v="yes" />
    <tag k="region" v="de" />
    <tag k="subtype" v="highway" />
    <tag k="type" v="lanelet" />
  </relation>
  <relation id="6717" version="1">
    <member type="way" ref="6161" role="left" />
    <member type="way" ref="6160" role="right" />
    <tag k="location" v="urban" />
    <tag k="one_way" v="yes" />
    <tag k="region" v="de" />
    <tag k="subtype" v="highway" />
    <tag k="type" v="lanelet" />
  </relation>
  <relation id="6718" version="1">
    <member type="way" ref="6160" role="left" />
    <member type="way" ref="6159" role="right" />
    <tag k="location" v="urban" />
    <tag k="one_way" v="yes" />
    <tag k="region" v="de" />
    <tag k="subtype" v="highway" />
    <tag k="type" v="lanelet" />
  </relation>
  <relation id="6719" version="1">
    <member type="way" ref="6159" role="left" />
    <member type="way" ref="6135" role="right" />
    <tag k="location" v="urban" />
    <tag k="one_way" v="yes" />
    <tag k="region" v="de" />
    <tag k="subtype" v="highway" />
    <tag k="type" v="lanelet" />
  </relation>
  <relation id="6720" version="1">
    <member type="way" ref="6165" role="left" />
    <member type="way" ref="6164" role="right" />
    <tag k="location" v="urban" />
    <tag k="one_way" v="yes" />
    <tag k="region" v="de" />
    <tag k="subtype" v="highway" />
    <tag k="type" v="lanelet" />
  </relation>
  <relation id="6721" version="1">
    <member type="way" ref="6164" role="left" />
    <member type="way" ref="6151" role="right" />
    <tag k="location" v="urban" />
    <tag k="one_way" v="yes" />
    <tag k="region" v="de" />
    <tag k="subtype" v="highway" />
    <tag k="type" v="lanelet" />
  </relation>
  <relation id="6722" version="1">
    <member type="way" ref="6151" role="left" />
    <member type="way" ref="6150" role="right" />
    <tag k="location" v="urban" />
    <tag k="one_way" v="yes" />
    <tag k="region" v="de" />
    <tag k="subtype" v="highway" />
    <tag k="type" v="lanelet" />
  </relation>
  <relation id="6723" version="1">
    <member type="way" ref="6170" role="left" />
    <member type="way" ref="6171" role="right" />
    <tag k="location" v="urban" />
    <tag k="one_way" v="yes" />
    <tag k="region" v="de" />
    <tag k="subtype" v="highway" />
    <tag k="type" v="lanelet" />
  </relation>
  <relation id="6724" version="1">
    <member type="way" ref="6171" role="left" />
    <member type="way" ref="6172" role="right" />
    <tag k="location" v="urban" />
    <tag k="one_way" v="yes" />
    <tag k="region" v="de" />
    <tag k="subtype" v="highway" />
    <tag k="type" v="lanelet" />
  </relation>
  <relation id="6725" version="1">
    <member type="way" ref="6172" role="left" />
    <member type="way" ref="6173" role="right" />
    <tag k="location" v="urban" />
    <tag k="one_way" v="yes" />
    <tag k="region" v="de" />
    <tag k="subtype" v="highway" />
    <tag k="type" v="lanelet" />
  </relation>
  <relation id="6726" version="1">
    <member type="way" ref="6153" role="left" />
    <member type="way" ref="6152" role="right" />
    <tag k="location" v="urban" />
    <tag k="one_way" v="yes" />
    <tag k="region" v="de" />
    <tag k="subtype" v="highway" />
    <tag k="type" v="lanelet" />
  </relation>
  <relation id="6727" version="1">
    <member type="way" ref="6152" role="left" />
    <member type="way" ref="6163" role="right" />
    <tag k="location" v="urban" />
    <tag k="one_way" v="yes" />
    <tag k="region" v="de" />
    <tag k="subtype" v="highway" />
    <tag k="type" v="lanelet" />
  </relation>
  <relation id="6728" version="1">
    <member type="way" ref="6163" role="left" />
    <member type="way" ref="6162" role="right" />
    <tag k="location" v="urban" />
    <tag k="one_way" v="yes" />
    <tag k="region" v="de" />
    <tag k="subtype" v="highway" />
    <tag k="type" v="lanelet" />
  </relation>
  <relation id="6729" version="1">
    <member type="way" ref="6253" role="left" />
    <member type="way" ref="6252" role="right" />
    <tag k="location" v="urban" />
    <tag k="one_way" v="yes" />
    <tag k="region" v="de" />
    <tag k="subtype" v="road" />
    <tag k="type" v="lanelet" />
  </relation>
  <relation id="6730" version="1">
    <member type="way" ref="6252" role="left" />
    <member type="way" ref="6251" role="right" />
    <tag k="location" v="urban" />
    <tag k="one_way" v="yes" />
    <tag k="region" v="de" />
    <tag k="subtype" v="highway" />
    <tag k="type" v="lanelet" />
  </relation>
  <relation id="6731" version="1">
    <member type="way" ref="6251" role="left" />
    <member type="way" ref="6250" role="right" />
    <tag k="location" v="urban" />
    <tag k="one_way" v="yes" />
    <tag k="region" v="de" />
    <tag k="subtype" v="highway" />
    <tag k="type" v="lanelet" />
  </relation>
  <relation id="6732" version="1">
    <member type="way" ref="6250" role="left" />
    <member type="way" ref="6249" role="right" />
    <tag k="location" v="urban" />
    <tag k="one_way" v="yes" />
    <tag k="region" v="de" />
    <tag k="subtype" v="highway" />
    <tag k="type" v="lanelet" />
  </relation>
  <relation id="6733" version="1">
    <member type="way" ref="5960" role="left" />
    <member type="way" ref="6123" role="right" />
    <tag k="location" v="urban" />
    <tag k="one_way" v="yes" />
    <tag k="region" v="de" />
    <tag k="subtype" v="road" />
    <tag k="type" v="lanelet" />
  </relation>
  <relation id="6734" version="1">
    <member type="way" ref="6125" role="left" />
    <member type="way" ref="6126" role="right" />
    <tag k="location" v="urban" />
    <tag k="one_way" v="yes" />
    <tag k="region" v="de" />
    <tag k="subtype" v="highway" />
    <tag k="type" v="lanelet" />
  </relation>
  <relation id="6735" version="1">
    <member type="way" ref="6126" role="left" />
    <member type="way" ref="6127" role="right" />
    <tag k="location" v="urban" />
    <tag k="one_way" v="yes" />
    <tag k="region" v="de" />
    <tag k="subtype" v="highway" />
    <tag k="type" v="lanelet" />
  </relation>
  <relation id="6736" version="1">
    <member type="way" ref="6123" role="left" />
    <member type="way" ref="6125" role="right" />
    <tag k="location" v="urban" />
    <tag k="one_way" v="yes" />
    <tag k="region" v="de" />
    <tag k="subtype" v="highway" />
    <tag k="type" v="lanelet" />
  </relation>
  <relation id="6737" version="1">
    <member type="way" ref="6185" role="left" />
    <member type="way" ref="6184" role="right" />
    <tag k="location" v="urban" />
    <tag k="one_way" v="yes" />
    <tag k="region" v="de" />
    <tag k="subtype" v="highway" />
    <tag k="type" v="lanelet" />
  </relation>
  <relation id="6738" version="1">
    <member type="way" ref="6184" role="left" />
    <member type="way" ref="6183" role="right" />
    <tag k="location" v="urban" />
    <tag k="one_way" v="yes" />
    <tag k="region" v="de" />
    <tag k="subtype" v="highway" />
    <tag k="type" v="lanelet" />
  </relation>
  <relation id="6739" version="1">
    <member type="way" ref="6183" role="left" />
    <member type="way" ref="6182" role="right" />
    <tag k="location" v="urban" />
    <tag k="one_way" v="yes" />
    <tag k="region" v="de" />
    <tag k="subtype" v="highway" />
    <tag k="type" v="lanelet" />
  </relation>
  <relation id="6740" version="1">
    <member type="way" ref="6180" role="left" />
    <member type="way" ref="6179" role="right" />
    <tag k="location" v="urban" />
    <tag k="one_way" v="yes" />
    <tag k="region" v="de" />
    <tag k="subtype" v="highway" />
    <tag k="type" v="lanelet" />
  </relation>
  <relation id="6741" version="1">
    <member type="way" ref="6179" role="left" />
    <member type="way" ref="6178" role="right" />
    <tag k="location" v="urban" />
    <tag k="one_way" v="yes" />
    <tag k="region" v="de" />
    <tag k="subtype" v="highway" />
    <tag k="type" v="lanelet" />
  </relation>
  <relation id="6742" version="1">
    <member type="way" ref="6178" role="left" />
    <member type="way" ref="6181" role="right" />
    <tag k="location" v="urban" />
    <tag k="one_way" v="yes" />
    <tag k="region" v="de" />
    <tag k="subtype" v="highway" />
    <tag k="type" v="lanelet" />
  </relation>
  <relation id="6743" version="1">
    <member type="way" ref="6197" role="left" />
    <member type="way" ref="6196" role="right" />
    <tag k="location" v="urban" />
    <tag k="one_way" v="yes" />
    <tag k="region" v="de" />
    <tag k="subtype" v="highway" />
    <tag k="type" v="lanelet" />
  </relation>
  <relation id="6744" version="1">
    <member type="way" ref="6196" role="left" />
    <member type="way" ref="6195" role="right" />
    <tag k="location" v="urban" />
    <tag k="one_way" v="yes" />
    <tag k="region" v="de" />
    <tag k="subtype" v="highway" />
    <tag k="type" v="lanelet" />
  </relation>
  <relation id="6745" version="1">
    <member type="way" ref="6195" role="left" />
    <member type="way" ref="6194" role="right" />
    <tag k="location" v="urban" />
    <tag k="one_way" v="yes" />
    <tag k="region" v="de" />
    <tag k="subtype" v="highway" />
    <tag k="type" v="lanelet" />
  </relation>
  <relation id="6746" version="1">
    <member type="way" ref="6201" role="left" />
    <member type="way" ref="6200" role="right" />
    <tag k="location" v="urban" />
    <tag k="one_way" v="yes" />
    <tag k="region" v="de" />
    <tag k="subtype" v="highway" />
    <tag k="type" v="lanelet" />
  </relation>
  <relation id="6747" version="1">
    <member type="way" ref="6200" role="left" />
    <member type="way" ref="6199" role="right" />
    <tag k="location" v="urban" />
    <tag k="one_way" v="yes" />
    <tag k="region" v="de" />
    <tag k="subtype" v="highway" />
    <tag k="type" v="lanelet" />
  </relation>
  <relation id="6748" version="1">
    <member type="way" ref="6199" role="left" />
    <member type="way" ref="6198" role="right" />
    <tag k="location" v="urban" />
    <tag k="one_way" v="yes" />
    <tag k="region" v="de" />
    <tag k="subtype" v="highway" />
    <tag k="type" v="lanelet" />
  </relation>
  <relation id="6749" version="1">
    <member type="way" ref="6205" role="left" />
    <member type="way" ref="6204" role="right" />
    <tag k="location" v="urban" />
    <tag k="one_way" v="yes" />
    <tag k="region" v="de" />
    <tag k="subtype" v="highway" />
    <tag k="type" v="lanelet" />
  </relation>
  <relation id="6750" version="1">
    <member type="way" ref="6204" role="left" />
    <member type="way" ref="6203" role="right" />
    <tag k="location" v="urban" />
    <tag k="one_way" v="yes" />
    <tag k="region" v="de" />
    <tag k="subtype" v="highway" />
    <tag k="type" v="lanelet" />
  </relation>
  <relation id="6751" version="1">
    <member type="way" ref="6203" role="left" />
    <member type="way" ref="6202" role="right" />
    <tag k="location" v="urban" />
    <tag k="one_way" v="yes" />
    <tag k="region" v="de" />
    <tag k="subtype" v="highway" />
    <tag k="type" v="lanelet" />
  </relation>
  <relation id="6752" version="1">
    <member type="way" ref="6209" role="left" />
    <member type="way" ref="6208" role="right" />
    <tag k="location" v="urban" />
    <tag k="one_way" v="yes" />
    <tag k="region" v="de" />
    <tag k="subtype" v="highway" />
    <tag k="type" v="lanelet" />
  </relation>
  <relation id="6753" version="1">
    <member type="way" ref="6208" role="left" />
    <member type="way" ref="6207" role="right" />
    <tag k="location" v="urban" />
    <tag k="one_way" v="yes" />
    <tag k="region" v="de" />
    <tag k="subtype" v="highway" />
    <tag k="type" v="lanelet" />
  </relation>
  <relation id="6754" version="1">
    <member type="way" ref="6207" role="left" />
    <member type="way" ref="6206" role="right" />
    <tag k="location" v="urban" />
    <tag k="one_way" v="yes" />
    <tag k="region" v="de" />
    <tag k="subtype" v="highway" />
    <tag k="type" v="lanelet" />
  </relation>
  <relation id="6755" version="1">
    <member type="way" ref="6213" role="left" />
    <member type="way" ref="6212" role="right" />
    <tag k="location" v="urban" />
    <tag k="one_way" v="yes" />
    <tag k="region" v="de" />
    <tag k="subtype" v="highway" />
    <tag k="type" v="lanelet" />
  </relation>
  <relation id="6756" version="1">
    <member type="way" ref="6212" role="left" />
    <member type="way" ref="6211" role="right" />
    <tag k="location" v="urban" />
    <tag k="one_way" v="yes" />
    <tag k="region" v="de" />
    <tag k="subtype" v="highway" />
    <tag k="type" v="lanelet" />
  </relation>
  <relation id="6757" version="1">
    <member type="way" ref="6211" role="left" />
    <member type="way" ref="6210" role="right" />
    <tag k="location" v="urban" />
    <tag k="one_way" v="yes" />
    <tag k="region" v="de" />
    <tag k="subtype" v="highway" />
    <tag k="type" v="lanelet" />
  </relation>
  <relation id="6758" version="1">
    <member type="way" ref="6217" role="left" />
    <member type="way" ref="6216" role="right" />
    <tag k="location" v="urban" />
    <tag k="one_way" v="yes" />
    <tag k="region" v="de" />
    <tag k="subtype" v="highway" />
    <tag k="type" v="lanelet" />
  </relation>
  <relation id="6759" version="1">
    <member type="way" ref="6216" role="left" />
    <member type="way" ref="6215" role="right" />
    <tag k="location" v="urban" />
    <tag k="one_way" v="yes" />
    <tag k="region" v="de" />
    <tag k="subtype" v="highway" />
    <tag k="type" v="lanelet" />
  </relation>
  <relation id="6760" version="1">
    <member type="way" ref="6215" role="left" />
    <member type="way" ref="6214" role="right" />
    <tag k="location" v="urban" />
    <tag k="one_way" v="yes" />
    <tag k="region" v="de" />
    <tag k="subtype" v="highway" />
    <tag k="type" v="lanelet" />
  </relation>
  <relation id="6761" version="1">
    <member type="way" ref="6221" role="left" />
    <member type="way" ref="6220" role="right" />
    <tag k="location" v="urban" />
    <tag k="one_way" v="yes" />
    <tag k="region" v="de" />
    <tag k="subtype" v="highway" />
    <tag k="type" v="lanelet" />
  </relation>
  <relation id="6762" version="1">
    <member type="way" ref="6220" role="left" />
    <member type="way" ref="6219" role="right" />
    <tag k="location" v="urban" />
    <tag k="one_way" v="yes" />
    <tag k="region" v="de" />
    <tag k="subtype" v="highway" />
    <tag k="type" v="lanelet" />
  </relation>
  <relation id="6763" version="1">
    <member type="way" ref="6219" role="left" />
    <member type="way" ref="6218" role="right" />
    <tag k="location" v="urban" />
    <tag k="one_way" v="yes" />
    <tag k="region" v="de" />
    <tag k="subtype" v="highway" />
    <tag k="type" v="lanelet" />
  </relation>
  <relation id="6764" version="1">
    <member type="way" ref="6225" role="left" />
    <member type="way" ref="6224" role="right" />
    <tag k="location" v="urban" />
    <tag k="one_way" v="yes" />
    <tag k="region" v="de" />
    <tag k="subtype" v="highway" />
    <tag k="type" v="lanelet" />
  </relation>
  <relation id="6765" version="1">
    <member type="way" ref="6224" role="left" />
    <member type="way" ref="6223" role="right" />
    <tag k="location" v="urban" />
    <tag k="one_way" v="yes" />
    <tag k="region" v="de" />
    <tag k="subtype" v="highway" />
    <tag k="type" v="lanelet" />
  </relation>
  <relation id="6766" version="1">
    <member type="way" ref="6223" role="left" />
    <member type="way" ref="6222" role="right" />
    <tag k="location" v="urban" />
    <tag k="one_way" v="yes" />
    <tag k="region" v="de" />
    <tag k="subtype" v="highway" />
    <tag k="type" v="lanelet" />
  </relation>
  <relation id="6767" version="1">
    <member type="way" ref="6229" role="left" />
    <member type="way" ref="5961" role="right" />
    <tag k="location" v="urban" />
    <tag k="one_way" v="yes" />
    <tag k="region" v="de" />
    <tag k="subtype" v="highway" />
    <tag k="type" v="lanelet" />
  </relation>
  <relation id="6768" version="1">
    <member type="way" ref="5961" role="left" />
    <member type="way" ref="5962" role="right" />
    <tag k="location" v="urban" />
    <tag k="one_way" v="yes" />
    <tag k="region" v="de" />
    <tag k="subtype" v="highway" />
    <tag k="type" v="lanelet" />
  </relation>
  <relation id="6769" version="1">
    <member type="way" ref="5962" role="left" />
    <member type="way" ref="6226" role="right" />
    <tag k="location" v="urban" />
    <tag k="one_way" v="yes" />
    <tag k="region" v="de" />
    <tag k="subtype" v="highway" />
    <tag k="type" v="lanelet" />
  </relation>
  <relation id="6770" version="1">
    <member type="way" ref="6097" role="left" />
    <member type="way" ref="6228" role="right" />
    <tag k="location" v="urban" />
    <tag k="one_way" v="yes" />
    <tag k="region" v="de" />
    <tag k="subtype" v="highway" />
    <tag k="type" v="lanelet" />
  </relation>
  <relation id="6771" version="1">
    <member type="way" ref="6228" role="left" />
    <member type="way" ref="6227" role="right" />
    <tag k="location" v="urban" />
    <tag k="one_way" v="yes" />
    <tag k="region" v="de" />
    <tag k="subtype" v="highway" />
    <tag k="type" v="lanelet" />
  </relation>
  <relation id="6772" version="1">
    <member type="way" ref="6227" role="left" />
    <member type="way" ref="5963" role="right" />
    <tag k="location" v="urban" />
    <tag k="one_way" v="yes" />
    <tag k="region" v="de" />
    <tag k="subtype" v="highway" />
    <tag k="type" v="lanelet" />
  </relation>
  <relation id="6773" version="1">
    <member type="way" ref="6243" role="left" />
    <member type="way" ref="6242" role="right" />
    <tag k="location" v="urban" />
    <tag k="one_way" v="yes" />
    <tag k="region" v="de" />
    <tag k="subtype" v="highway" />
    <tag k="type" v="lanelet" />
  </relation>
  <relation id="6774" version="1">
    <member type="way" ref="6242" role="left" />
    <member type="way" ref="6241" role="right" />
    <tag k="location" v="urban" />
    <tag k="one_way" v="yes" />
    <tag k="region" v="de" />
    <tag k="subtype" v="highway" />
    <tag k="type" v="lanelet" />
  </relation>
  <relation id="6775" version="1">
    <member type="way" ref="6241" role="left" />
    <member type="way" ref="6240" role="right" />
    <tag k="location" v="urban" />
    <tag k="one_way" v="yes" />
    <tag k="region" v="de" />
    <tag k="subtype" v="highway" />
    <tag k="type" v="lanelet" />
  </relation>
  <relation id="6776" version="1">
    <member type="way" ref="6322" role="left" />
    <member type="way" ref="6321" role="right" />
    <tag k="location" v="nonurban" />
    <tag k="one_way" v="yes" />
    <tag k="region" v="de" />
    <tag k="subtype" v="road" />
    <tag k="type" v="lanelet" />
  </relation>
  <relation id="6777" version="1">
    <member type="way" ref="6323" role="left" />
    <member type="way" ref="6324" role="right" />
    <tag k="location" v="nonurban" />
    <tag k="one_way" v="yes" />
    <tag k="region" v="de" />
    <tag k="subtype" v="road" />
    <tag k="type" v="lanelet" />
  </relation>
  <relation id="6778" version="1">
    <member type="way" ref="6326" role="left" />
    <member type="way" ref="6325" role="right" />
    <tag k="location" v="nonurban" />
    <tag k="one_way" v="yes" />
    <tag k="region" v="de" />
    <tag k="subtype" v="road" />
    <tag k="type" v="lanelet" />
  </relation>
  <relation id="6779" version="1">
    <member type="way" ref="6328" role="left" />
    <member type="way" ref="6327" role="right" />
    <tag k="location" v="nonurban" />
    <tag k="one_way" v="yes" />
    <tag k="region" v="de" />
    <tag k="subtype" v="road" />
    <tag k="type" v="lanelet" />
  </relation>
  <relation id="6780" version="1">
    <member type="way" ref="6330" role="left" />
    <member type="way" ref="6329" role="right" />
    <tag k="location" v="nonurban" />
    <tag k="one_way" v="yes" />
    <tag k="region" v="de" />
    <tag k="subtype" v="road" />
    <tag k="type" v="lanelet" />
  </relation>
  <relation id="6781" version="1">
    <member type="way" ref="6379" role="left" />
    <member type="way" ref="6378" role="right" />
    <tag k="location" v="nonurban" />
    <tag k="one_way" v="yes" />
    <tag k="region" v="de" />
    <tag k="subtype" v="road" />
    <tag k="type" v="lanelet" />
  </relation>
  <relation id="6782" version="1">
    <member type="way" ref="6380" role="left" />
    <member type="way" ref="6381" role="right" />
    <tag k="location" v="nonurban" />
    <tag k="one_way" v="yes" />
    <tag k="region" v="de" />
    <tag k="subtype" v="road" />
    <tag k="type" v="lanelet" />
  </relation>
  <relation id="6783" version="1">
    <member type="way" ref="6383" role="left" />
    <member type="way" ref="6382" role="right" />
    <tag k="location" v="nonurban" />
    <tag k="one_way" v="yes" />
    <tag k="region" v="de" />
    <tag k="subtype" v="road" />
    <tag k="type" v="lanelet" />
  </relation>
  <relation id="6784" version="1">
    <member type="way" ref="6384" role="left" />
    <member type="way" ref="6385" role="right" />
    <tag k="location" v="nonurban" />
    <tag k="one_way" v="yes" />
    <tag k="region" v="de" />
    <tag k="subtype" v="road" />
    <tag k="type" v="lanelet" />
  </relation>
  <relation id="6785" version="1">
    <member type="way" ref="5991" role="left" />
    <member type="way" ref="6007" role="right" />
    <tag k="location" v="nonurban" />
    <tag k="one_way" v="yes" />
    <tag k="region" v="de" />
    <tag k="subtype" v="road" />
    <tag k="type" v="lanelet" />
  </relation>
  <relation id="6786" version="1">
    <member type="way" ref="6386" role="left" />
    <member type="way" ref="6387" role="right" />
    <tag k="location" v="nonurban" />
    <tag k="one_way" v="yes" />
    <tag k="region" v="de" />
    <tag k="subtype" v="road" />
    <tag k="type" v="lanelet" />
  </relation>
  <relation id="6787" version="1">
    <member type="way" ref="6377" role="left" />
    <member type="way" ref="6376" role="right" />
    <tag k="location" v="nonurban" />
    <tag k="one_way" v="yes" />
    <tag k="region" v="de" />
    <tag k="subtype" v="road" />
    <tag k="type" v="lanelet" />
  </relation>
  <relation id="6788" version="1">
    <member type="way" ref="6374" role="left" />
    <member type="way" ref="6375" role="right" />
    <tag k="location" v="nonurban" />
    <tag k="one_way" v="yes" />
    <tag k="region" v="de" />
    <tag k="subtype" v="road" />
    <tag k="type" v="lanelet" />
  </relation>
  <relation id="6789" version="1">
    <member type="way" ref="6372" role="left" />
    <member type="way" ref="6388" role="right" />
    <tag k="location" v="urban" />
    <tag k="one_way" v="yes" />
    <tag k="region" v="de" />
    <tag k="subtype" v="road" />
    <tag k="type" v="lanelet" />
  </relation>
  <relation id="6790" version="1">
    <member type="way" ref="6370" role="left" />
    <member type="way" ref="6373" role="right" />
    <tag k="location" v="urban" />
    <tag k="one_way" v="yes" />
    <tag k="region" v="de" />
    <tag k="subtype" v="road" />
    <tag k="type" v="lanelet" />
  </relation>
  <relation id="6791" version="1">
    <member type="way" ref="6369" role="left" />
    <member type="way" ref="6368" role="right" />
    <member type="relation" ref="7607" role="regulatory_element" />
    <tag k="location" v="urban" />
    <tag k="one_way" v="no" />
    <tag k="region" v="de" />
    <tag k="subtype" v="road" />
    <tag k="type" v="lanelet" />
  </relation>
  <relation id="6792" version="1">
    <member type="way" ref="6390" role="left" />
    <member type="way" ref="6367" role="right" />
    <tag k="location" v="urban" />
    <tag k="one_way" v="no" />
    <tag k="region" v="de" />
    <tag k="subtype" v="road" />
    <tag k="type" v="lanelet" />
  </relation>
  <relation id="6793" version="1">
    <member type="way" ref="6366" role="left" />
    <member type="way" ref="6389" role="right" />
    <tag k="location" v="urban" />
    <tag k="one_way" v="no" />
    <tag k="region" v="de" />
    <tag k="subtype" v="road" />
    <tag k="type" v="lanelet" />
  </relation>
  <relation id="6794" version="1">
    <member type="way" ref="6363" role="left" />
    <member type="way" ref="6362" role="right" />
    <tag k="location" v="urban" />
    <tag k="one_way" v="no" />
    <tag k="region" v="de" />
    <tag k="subtype" v="road" />
    <tag k="type" v="lanelet" />
  </relation>
  <relation id="6796" version="1">
    <member type="way" ref="6365" role="left" />
    <member type="way" ref="6364" role="right" />
    <tag k="location" v="nonurban" />
    <tag k="one_way" v="yes" />
    <tag k="region" v="de" />
    <tag k="subtype" v="road" />
    <tag k="type" v="lanelet" />
  </relation>
  <relation id="6797" version="1">
    <member type="way" ref="6339" role="left" />
    <member type="way" ref="6008" role="right" />
    <tag k="location" v="urban" />
    <tag k="one_way" v="yes" />
    <tag k="region" v="de" />
    <tag k="subtype" v="road" />
    <tag k="type" v="lanelet" />
  </relation>
  <relation id="6798" version="1">
    <member type="way" ref="6391" role="left" />
    <member type="way" ref="6392" role="right" />
    <tag k="location" v="urban" />
    <tag k="one_way" v="yes" />
    <tag k="region" v="de" />
    <tag k="subtype" v="road" />
    <tag k="type" v="lanelet" />
  </relation>
  <relation id="6799" version="1">
    <member type="way" ref="6340" role="left" />
    <member type="way" ref="6331" role="right" />
    <member type="relation" ref="7608" role="regulatory_element" />
    <tag k="location" v="nonurban" />
    <tag k="one_way" v="yes" />
    <tag k="region" v="de" />
    <tag k="subtype" v="road" />
    <tag k="type" v="lanelet" />
  </relation>
  <relation id="6802" version="1">
    <member type="way" ref="6393" role="left" />
    <member type="way" ref="6343" role="right" />
    <tag k="location" v="urban" />
    <tag k="one_way" v="yes" />
    <tag k="region" v="de" />
    <tag k="subtype" v="road" />
    <tag k="type" v="lanelet" />
  </relation>
  <relation id="6803" version="1">
    <member type="way" ref="6338" role="left" />
    <member type="way" ref="6341" role="right" />
    <tag k="location" v="nonurban" />
    <tag k="one_way" v="yes" />
    <tag k="participant:vehicle:ika" v="no" />
    <tag k="region" v="de" />
    <tag k="subtype" v="road" />
    <tag k="type" v="lanelet" />
  </relation>
  <relation id="6804" version="1">
    <member type="way" ref="6342" role="left" />
    <member type="way" ref="6336" role="right" />
    <tag k="location" v="nonurban" />
    <tag k="one_way" v="yes" />
    <tag k="region" v="de" />
    <tag k="subtype" v="road" />
    <tag k="type" v="lanelet" />
  </relation>
  <relation id="6805" version="1">
    <member type="way" ref="6009" role="left" />
    <member type="way" ref="7525" role="right" />
    <tag k="location" v="nonurban" />
    <tag k="one_way" v="yes" />
    <tag k="region" v="de" />
    <tag k="subtype" v="road" />
    <tag k="type" v="lanelet" />
  </relation>
  <relation id="6806" version="1">
    <member type="way" ref="6395" role="left" />
    <member type="way" ref="6394" role="right" />
    <tag k="location" v="urban" />
    <tag k="one_way" v="yes" />
    <tag k="region" v="de" />
    <tag k="subtype" v="road" />
    <tag k="type" v="lanelet" />
  </relation>
  <relation id="6807" version="1">
    <member type="way" ref="6396" role="left" />
    <member type="way" ref="6397" role="right" />
    <tag k="location" v="urban" />
    <tag k="one_way" v="yes" />
    <tag k="region" v="de" />
    <tag k="subtype" v="road" />
    <tag k="type" v="lanelet" />
  </relation>
  <relation id="6808" version="1">
    <member type="way" ref="6398" role="left" />
    <member type="way" ref="6399" role="right" />
    <tag k="location" v="urban" />
    <tag k="one_way" v="yes" />
    <tag k="region" v="de" />
    <tag k="subtype" v="road" />
    <tag k="type" v="lanelet" />
  </relation>
  <relation id="6809" version="1">
    <member type="way" ref="6400" role="left" />
    <member type="way" ref="6401" role="right" />
    <tag k="location" v="urban" />
    <tag k="one_way" v="yes" />
    <tag k="region" v="de" />
    <tag k="subtype" v="road" />
    <tag k="type" v="lanelet" />
  </relation>
  <relation id="6810" version="1">
    <member type="way" ref="6402" role="left" />
    <member type="way" ref="6403" role="right" />
    <tag k="location" v="urban" />
    <tag k="one_way" v="yes" />
    <tag k="region" v="de" />
    <tag k="subtype" v="road" />
    <tag k="type" v="lanelet" />
  </relation>
  <relation id="6811" version="1">
    <member type="way" ref="6404" role="left" />
    <member type="way" ref="6407" role="right" />
    <tag k="location" v="urban" />
    <tag k="one_way" v="yes" />
    <tag k="region" v="de" />
    <tag k="subtype" v="road" />
    <tag k="type" v="lanelet" />
  </relation>
  <relation id="6812" version="1">
    <member type="way" ref="6406" role="left" />
    <member type="way" ref="6405" role="right" />
    <tag k="location" v="urban" />
    <tag k="one_way" v="yes" />
    <tag k="region" v="de" />
    <tag k="subtype" v="road" />
    <tag k="type" v="lanelet" />
  </relation>
  <relation id="6813" version="1">
    <member type="way" ref="6408" role="left" />
    <member type="way" ref="6409" role="right" />
    <tag k="location" v="urban" />
    <tag k="one_way" v="yes" />
    <tag k="region" v="de" />
    <tag k="subtype" v="road" />
    <tag k="type" v="lanelet" />
  </relation>
  <relation id="6814" version="1">
    <member type="way" ref="6410" role="left" />
    <member type="way" ref="6411" role="right" />
    <tag k="location" v="urban" />
    <tag k="one_way" v="yes" />
    <tag k="region" v="de" />
    <tag k="subtype" v="road" />
    <tag k="type" v="lanelet" />
  </relation>
  <relation id="6815" version="1">
    <member type="way" ref="6412" role="left" />
    <member type="way" ref="6413" role="right" />
    <tag k="location" v="urban" />
    <tag k="one_way" v="yes" />
    <tag k="region" v="de" />
    <tag k="subtype" v="road" />
    <tag k="type" v="lanelet" />
  </relation>
  <relation id="6816" version="1">
    <member type="way" ref="5970" role="left" />
    <member type="way" ref="5971" role="right" />
    <tag k="location" v="urban" />
    <tag k="one_way" v="yes" />
    <tag k="region" v="de" />
    <tag k="subtype" v="road" />
    <tag k="type" v="lanelet" />
  </relation>
  <relation id="6817" version="1">
    <member type="way" ref="6414" role="left" />
    <member type="way" ref="6415" role="right" />
    <tag k="location" v="urban" />
    <tag k="one_way" v="yes" />
    <tag k="region" v="de" />
    <tag k="subtype" v="road" />
    <tag k="type" v="lanelet" />
  </relation>
  <relation id="6818" version="1">
    <member type="way" ref="6417" role="left" />
    <member type="way" ref="6416" role="right" />
    <tag k="location" v="urban" />
    <tag k="one_way" v="yes" />
    <tag k="region" v="de" />
    <tag k="subtype" v="road" />
    <tag k="type" v="lanelet" />
  </relation>
  <relation id="6819" version="1">
    <member type="way" ref="6421" role="left" />
    <member type="way" ref="6420" role="right" />
    <tag k="location" v="urban" />
    <tag k="one_way" v="yes" />
    <tag k="region" v="de" />
    <tag k="subtype" v="highway" />
    <tag k="type" v="lanelet" />
  </relation>
  <relation id="6820" version="1">
    <member type="way" ref="6420" role="left" />
    <member type="way" ref="6419" role="right" />
    <tag k="location" v="urban" />
    <tag k="one_way" v="yes" />
    <tag k="region" v="de" />
    <tag k="subtype" v="highway" />
    <tag k="type" v="lanelet" />
  </relation>
  <relation id="6821" version="1">
    <member type="way" ref="6419" role="left" />
    <member type="way" ref="6418" role="right" />
    <tag k="location" v="urban" />
    <tag k="one_way" v="yes" />
    <tag k="region" v="de" />
    <tag k="subtype" v="highway" />
    <tag k="type" v="lanelet" />
  </relation>
  <relation id="6822" version="1">
    <member type="way" ref="6422" role="left" />
    <member type="way" ref="6424" role="right" />
    <tag k="location" v="urban" />
    <tag k="one_way" v="yes" />
    <tag k="region" v="de" />
    <tag k="subtype" v="road" />
    <tag k="type" v="lanelet" />
  </relation>
  <relation id="6823" version="1">
    <member type="way" ref="6423" role="left" />
    <member type="way" ref="6425" role="right" />
    <tag k="location" v="urban" />
    <tag k="one_way" v="yes" />
    <tag k="region" v="de" />
    <tag k="subtype" v="road" />
    <tag k="type" v="lanelet" />
  </relation>
  <relation id="6824" version="1">
    <member type="way" ref="6360" role="left" />
    <member type="way" ref="6004" role="right" />
    <tag k="location" v="urban" />
    <tag k="one_way" v="yes" />
    <tag k="region" v="de" />
    <tag k="subtype" v="road" />
    <tag k="type" v="lanelet" />
  </relation>
  <relation id="6825" version="1">
    <member type="way" ref="6357" role="left" />
    <member type="way" ref="6426" role="right" />
    <member type="relation" ref="7594" role="regulatory_element" />
    <tag k="location" v="urban" />
    <tag k="one_way" v="yes" />
    <tag k="region" v="de" />
    <tag k="subtype" v="road" />
    <tag k="type" v="lanelet" />
  </relation>
  <relation id="6826" version="1">
    <member type="way" ref="6355" role="left" />
    <member type="way" ref="6427" role="right" />
    <tag k="location" v="urban" />
    <tag k="one_way" v="yes" />
    <tag k="region" v="de" />
    <tag k="subtype" v="road" />
    <tag k="type" v="lanelet" />
  </relation>
  <relation id="6827" version="1">
    <member type="way" ref="6429" role="left" />
    <member type="way" ref="6428" role="right" />
    <tag k="location" v="urban" />
    <tag k="one_way" v="yes" />
    <tag k="region" v="de" />
    <tag k="subtype" v="road" />
    <tag k="type" v="lanelet" />
  </relation>
  <relation id="6829" version="1">
    <member type="way" ref="6438" role="left" />
    <member type="way" ref="6439" role="right" />
    <tag k="location" v="urban" />
    <tag k="one_way" v="yes" />
    <tag k="region" v="de" />
    <tag k="subtype" v="road" />
    <tag k="type" v="lanelet" />
  </relation>
  <relation id="6830" version="1">
    <member type="way" ref="6433" role="left" />
    <member type="way" ref="6359" role="right" />
    <member type="relation" ref="6971" role="regulatory_element" />
    <tag k="location" v="urban" />
    <tag k="one_way" v="yes" />
    <tag k="region" v="de" />
    <tag k="subtype" v="road" />
    <tag k="type" v="lanelet" />
  </relation>
  <relation id="6831" version="1">
    <member type="way" ref="6434" role="left" />
    <member type="way" ref="6451" role="right" />
    <tag k="location" v="urban" />
    <tag k="one_way" v="yes" />
    <tag k="region" v="de" />
    <tag k="subtype" v="road" />
    <tag k="type" v="lanelet" />
  </relation>
  <relation id="6832" version="1">
    <member type="way" ref="6452" role="left" />
    <member type="way" ref="6432" role="right" />
    <tag k="location" v="urban" />
    <tag k="one_way" v="yes" />
    <tag k="region" v="de" />
    <tag k="subtype" v="road" />
    <tag k="type" v="lanelet" />
  </relation>
  <relation id="6833" version="1">
    <member type="way" ref="6436" role="left" />
    <member type="way" ref="6435" role="right" />
    <tag k="location" v="urban" />
    <tag k="one_way" v="yes" />
    <tag k="region" v="de" />
    <tag k="subtype" v="road" />
    <tag k="type" v="lanelet" />
  </relation>
  <relation id="6835" version="1">
    <member type="way" ref="6454" role="left" />
    <member type="way" ref="6445" role="right" />
    <tag k="location" v="urban" />
    <tag k="one_way" v="yes" />
    <tag k="region" v="de" />
    <tag k="subtype" v="road" />
    <tag k="type" v="lanelet" />
  </relation>
  <relation id="6836" version="1">
    <member type="way" ref="6459" role="left" />
    <member type="way" ref="6458" role="right" />
    <tag k="location" v="urban" />
    <tag k="one_way" v="yes" />
    <tag k="region" v="de" />
    <tag k="subtype" v="road" />
    <tag k="type" v="lanelet" />
  </relation>
  <relation id="6837" version="1">
    <member type="way" ref="6446" role="left" />
    <member type="way" ref="6003" role="right" />
    <tag k="location" v="urban" />
    <tag k="one_way" v="yes" />
    <tag k="region" v="de" />
    <tag k="subtype" v="road" />
    <tag k="type" v="lanelet" />
  </relation>
  <relation id="6841" version="1">
    <member type="way" ref="6471" role="left" />
    <member type="way" ref="6470" role="right" />
    <tag k="location" v="urban" />
    <tag k="one_way" v="yes" />
    <tag k="region" v="de" />
    <tag k="subtype" v="road" />
    <tag k="type" v="lanelet" />
  </relation>
  <relation id="6842" version="1">
    <member type="way" ref="6469" role="left" />
    <member type="way" ref="6468" role="right" />
    <tag k="location" v="urban" />
    <tag k="one_way" v="yes" />
    <tag k="region" v="de" />
    <tag k="subtype" v="road" />
    <tag k="type" v="lanelet" />
  </relation>
  <relation id="6843" version="1">
    <member type="way" ref="6475" role="left" />
    <member type="way" ref="6472" role="right" />
    <tag k="location" v="urban" />
    <tag k="one_way" v="yes" />
    <tag k="region" v="de" />
    <tag k="subtype" v="road" />
    <tag k="type" v="lanelet" />
  </relation>
  <relation id="6844" version="1">
    <member type="way" ref="6437" role="left" />
    <member type="way" ref="6476" role="right" />
    <tag k="location" v="urban" />
    <tag k="one_way" v="yes" />
    <tag k="region" v="de" />
    <tag k="subtype" v="road" />
    <tag k="type" v="lanelet" />
  </relation>
  <relation id="6845" version="1">
    <member type="way" ref="6440" role="left" />
    <member type="way" ref="6433" role="right" />
    <member type="relation" ref="6972" role="regulatory_element" />
    <tag k="location" v="urban" />
    <tag k="one_way" v="yes" />
    <tag k="region" v="de" />
    <tag k="subtype" v="road" />
    <tag k="type" v="lanelet" />
  </relation>
  <relation id="6846" version="1">
    <member type="way" ref="6441" role="left" />
    <member type="way" ref="6434" role="right" />
    <tag k="location" v="urban" />
    <tag k="one_way" v="yes" />
    <tag k="region" v="de" />
    <tag k="subtype" v="road" />
    <tag k="type" v="lanelet" />
  </relation>
  <relation id="6847" version="1">
    <member type="way" ref="6477" role="left" />
    <member type="way" ref="6452" role="right" />
    <tag k="location" v="urban" />
    <tag k="one_way" v="yes" />
    <tag k="region" v="de" />
    <tag k="subtype" v="road" />
    <tag k="type" v="lanelet" />
  </relation>
  <relation id="6848" version="1">
    <member type="way" ref="6442" role="left" />
    <member type="way" ref="6436" role="right" />
    <tag k="location" v="urban" />
    <tag k="one_way" v="yes" />
    <tag k="region" v="de" />
    <tag k="subtype" v="road" />
    <tag k="type" v="lanelet" />
  </relation>
  <relation id="6850" version="1">
    <member type="way" ref="7658" role="left" />
    <member type="way" ref="7657" role="right" />
    <member type="relation" ref="9607" role="regulatory_element" />
    <tag k="location" v="urban" />
    <tag k="one_way" v="yes" />
    <tag k="region" v="de" />
    <tag k="subtype" v="road" />
    <tag k="type" v="lanelet" />
  </relation>
  <relation id="6851" version="1">
    <member type="way" ref="6485" role="left" />
    <member type="way" ref="6486" role="right" />
    <tag k="location" v="urban" />
    <tag k="one_way" v="yes" />
    <tag k="region" v="de" />
    <tag k="subtype" v="road" />
    <tag k="type" v="lanelet" />
  </relation>
  <relation id="6852" version="1">
    <member type="way" ref="6488" role="left" />
    <member type="way" ref="6487" role="right" />
    <tag k="location" v="urban" />
    <tag k="one_way" v="yes" />
    <tag k="region" v="de" />
    <tag k="subtype" v="road" />
    <tag k="type" v="lanelet" />
  </relation>
  <relation id="6853" version="1">
    <member type="way" ref="6491" role="left" />
    <member type="way" ref="6490" role="right" />
    <tag k="location" v="urban" />
    <tag k="one_way" v="yes" />
    <tag k="region" v="de" />
    <tag k="subtype" v="road" />
    <tag k="type" v="lanelet" />
  </relation>
  <relation id="6854" version="1">
    <member type="way" ref="6492" role="left" />
    <member type="way" ref="6080" role="right" />
    <tag k="location" v="urban" />
    <tag k="one_way" v="yes" />
    <tag k="region" v="de" />
    <tag k="subtype" v="road" />
    <tag k="type" v="lanelet" />
  </relation>
  <relation id="6855" version="1">
    <member type="way" ref="6494" role="left" />
    <member type="way" ref="6493" role="right" />
    <tag k="location" v="urban" />
    <tag k="one_way" v="yes" />
    <tag k="region" v="de" />
    <tag k="subtype" v="road" />
    <tag k="type" v="lanelet" />
  </relation>
  <relation id="6856" version="1">
    <member type="way" ref="6504" role="left" />
    <member type="way" ref="6505" role="right" />
    <tag k="location" v="urban" />
    <tag k="one_way" v="yes" />
    <tag k="region" v="de" />
    <tag k="subtype" v="road" />
    <tag k="type" v="lanelet" />
  </relation>
  <relation id="6857" version="1">
    <member type="way" ref="6500" role="left" />
    <member type="way" ref="6501" role="right" />
    <tag k="location" v="urban" />
    <tag k="one_way" v="yes" />
    <tag k="region" v="de" />
    <tag k="subtype" v="road" />
    <tag k="type" v="lanelet" />
  </relation>
  <relation id="6858" version="1">
    <member type="way" ref="6498" role="left" />
    <member type="way" ref="6499" role="right" />
    <tag k="location" v="urban" />
    <tag k="one_way" v="yes" />
    <tag k="region" v="de" />
    <tag k="subtype" v="road" />
    <tag k="type" v="lanelet" />
  </relation>
  <relation id="6859" version="1">
    <member type="way" ref="6290" role="left" />
    <member type="way" ref="6297" role="right" />
    <tag k="location" v="urban" />
    <tag k="one_way" v="yes" />
    <tag k="region" v="de" />
    <tag k="subtype" v="road" />
    <tag k="type" v="lanelet" />
  </relation>
  <relation id="6860" version="1">
    <member type="way" ref="6507" role="left" />
    <member type="way" ref="6506" role="right" />
    <tag k="location" v="urban" />
    <tag k="one_way" v="yes" />
    <tag k="region" v="de" />
    <tag k="subtype" v="road" />
    <tag k="type" v="lanelet" />
  </relation>
  <relation id="6861" version="1">
    <member type="way" ref="6350" role="left" />
    <member type="way" ref="6349" role="right" />
    <tag k="location" v="urban" />
    <tag k="one_way" v="yes" />
    <tag k="region" v="de" />
    <tag k="subtype" v="road" />
    <tag k="type" v="lanelet" />
  </relation>
  <relation id="6862" version="1">
    <member type="way" ref="6509" role="left" />
    <member type="way" ref="6510" role="right" />
    <tag k="location" v="urban" />
    <tag k="one_way" v="yes" />
    <tag k="region" v="de" />
    <tag k="subtype" v="road" />
    <tag k="type" v="lanelet" />
  </relation>
  <relation id="6863" version="1">
    <member type="way" ref="6353" role="left" />
    <member type="way" ref="6354" role="right" />
    <tag k="location" v="urban" />
    <tag k="one_way" v="yes" />
    <tag k="region" v="de" />
    <tag k="subtype" v="road" />
    <tag k="type" v="lanelet" />
  </relation>
  <relation id="6866" version="1">
    <member type="way" ref="6483" role="left" />
    <member type="way" ref="6525" role="right" />
    <tag k="location" v="urban" />
    <tag k="one_way" v="yes" />
    <tag k="region" v="de" />
    <tag k="subtype" v="road" />
    <tag k="type" v="lanelet" />
  </relation>
  <relation id="6867" version="1">
    <member type="way" ref="6526" role="left" />
    <member type="way" ref="6495" role="right" />
    <tag k="location" v="urban" />
    <tag k="one_way" v="yes" />
    <tag k="region" v="de" />
    <tag k="subtype" v="road" />
    <tag k="type" v="lanelet" />
  </relation>
  <relation id="6870" version="1">
    <member type="way" ref="6488" role="left" />
    <member type="way" ref="6489" role="right" />
    <member type="relation" ref="7707" role="regulatory_element" />
    <tag k="location" v="urban" />
    <tag k="one_way" v="yes" />
    <tag k="region" v="de" />
    <tag k="subtype" v="road" />
    <tag k="type" v="lanelet" />
  </relation>
  <relation id="6871" version="1">
    <member type="way" ref="6491" role="left" />
    <member type="way" ref="6513" role="right" />
    <tag k="location" v="urban" />
    <tag k="one_way" v="yes" />
    <tag k="region" v="de" />
    <tag k="subtype" v="road" />
    <tag k="type" v="lanelet" />
  </relation>
  <relation id="6872" version="1">
    <member type="way" ref="6492" role="left" />
    <member type="way" ref="6514" role="right" />
    <tag k="location" v="urban" />
    <tag k="one_way" v="yes" />
    <tag k="region" v="de" />
    <tag k="subtype" v="road" />
    <tag k="type" v="lanelet" />
  </relation>
  <relation id="6873" version="1">
    <member type="way" ref="6494" role="left" />
    <member type="way" ref="6515" role="right" />
    <tag k="location" v="urban" />
    <tag k="one_way" v="yes" />
    <tag k="region" v="de" />
    <tag k="subtype" v="road" />
    <tag k="type" v="lanelet" />
  </relation>
  <relation id="6874" version="1">
    <member type="way" ref="6483" role="left" />
    <member type="way" ref="6012" role="right" />
    <tag k="location" v="urban" />
    <tag k="one_way" v="yes" />
    <tag k="region" v="de" />
    <tag k="subtype" v="road" />
    <tag k="type" v="lanelet" />
  </relation>
  <relation id="6875" version="1">
    <member type="way" ref="6526" role="left" />
    <member type="way" ref="6516" role="right" />
    <tag k="location" v="urban" />
    <tag k="one_way" v="yes" />
    <tag k="region" v="de" />
    <tag k="subtype" v="road" />
    <tag k="type" v="lanelet" />
  </relation>
  <relation id="6876" version="1">
    <member type="way" ref="6504" role="left" />
    <member type="way" ref="6503" role="right" />
    <tag k="location" v="urban" />
    <tag k="one_way" v="yes" />
    <tag k="region" v="de" />
    <tag k="subtype" v="road" />
    <tag k="type" v="lanelet" />
  </relation>
  <relation id="6877" version="1">
    <member type="way" ref="6500" role="left" />
    <member type="way" ref="6502" role="right" />
    <tag k="location" v="urban" />
    <tag k="one_way" v="yes" />
    <tag k="region" v="de" />
    <tag k="subtype" v="road" />
    <tag k="type" v="lanelet" />
  </relation>
  <relation id="6878" version="1">
    <member type="way" ref="6498" role="left" />
    <member type="way" ref="6517" role="right" />
    <tag k="location" v="urban" />
    <tag k="one_way" v="yes" />
    <tag k="region" v="de" />
    <tag k="subtype" v="road" />
    <tag k="type" v="lanelet" />
  </relation>
  <relation id="6881" version="1">
    <member type="way" ref="6290" role="left" />
    <member type="way" ref="6291" role="right" />
    <tag k="location" v="urban" />
    <tag k="one_way" v="yes" />
    <tag k="region" v="de" />
    <tag k="subtype" v="road" />
    <tag k="type" v="lanelet" />
  </relation>
  <relation id="6882" version="1">
    <member type="way" ref="6507" role="left" />
    <member type="way" ref="6508" role="right" />
    <member type="relation" ref="7706" role="regulatory_element" />
    <tag k="location" v="urban" />
    <tag k="one_way" v="yes" />
    <tag k="region" v="de" />
    <tag k="subtype" v="road" />
    <tag k="type" v="lanelet" />
  </relation>
  <relation id="6883" version="1">
    <member type="way" ref="6509" role="left" />
    <member type="way" ref="6351" role="right" />
    <tag k="location" v="urban" />
    <tag k="one_way" v="yes" />
    <tag k="region" v="de" />
    <tag k="subtype" v="road" />
    <tag k="type" v="lanelet" />
  </relation>
  <relation id="6884" version="1">
    <member type="way" ref="6353" role="left" />
    <member type="way" ref="6352" role="right" />
    <tag k="location" v="urban" />
    <tag k="one_way" v="yes" />
    <tag k="region" v="de" />
    <tag k="subtype" v="road" />
    <tag k="type" v="lanelet" />
  </relation>
  <relation id="6885" version="1">
    <member type="way" ref="6355" role="left" />
    <member type="way" ref="6356" role="right" />
    <tag k="location" v="urban" />
    <tag k="one_way" v="yes" />
    <tag k="region" v="de" />
    <tag k="subtype" v="road" />
    <tag k="type" v="lanelet" />
  </relation>
  <relation id="6886" version="1">
    <member type="way" ref="6357" role="left" />
    <member type="way" ref="6358" role="right" />
    <tag k="location" v="urban" />
    <tag k="one_way" v="yes" />
    <tag k="region" v="de" />
    <tag k="subtype" v="road" />
    <tag k="type" v="lanelet" />
  </relation>
  <relation id="6887" version="1">
    <member type="way" ref="6360" role="left" />
    <member type="way" ref="6361" role="right" />
    <tag k="location" v="urban" />
    <tag k="one_way" v="yes" />
    <tag k="region" v="de" />
    <tag k="subtype" v="road" />
    <tag k="type" v="lanelet" />
  </relation>
  <relation id="6888" version="1">
    <member type="way" ref="6429" role="left" />
    <member type="way" ref="6539" role="right" />
    <tag k="location" v="urban" />
    <tag k="one_way" v="yes" />
    <tag k="region" v="de" />
    <tag k="subtype" v="road" />
    <tag k="type" v="lanelet" />
  </relation>
  <relation id="6889" version="1">
    <member type="way" ref="9086" role="left" />
    <member type="way" ref="9089" role="right" />
    <tag k="location" v="urban" />
    <tag k="one_way" v="yes" />
    <tag k="region" v="de" />
    <tag k="subtype" v="road" />
    <tag k="type" v="lanelet" />
  </relation>
  <relation id="6890" version="1">
    <member type="way" ref="6440" role="left" />
    <member type="way" ref="8103" role="right" />
    <tag k="location" v="urban" />
    <tag k="one_way" v="yes" />
    <tag k="region" v="de" />
    <tag k="subtype" v="road" />
    <tag k="type" v="lanelet" />
  </relation>
  <relation id="6891" version="1">
    <member type="way" ref="6441" role="left" />
    <member type="way" ref="9084" role="right" />
    <tag k="location" v="urban" />
    <tag k="one_way" v="yes" />
    <tag k="region" v="de" />
    <tag k="subtype" v="road" />
    <tag k="type" v="lanelet" />
  </relation>
  <relation id="6892" version="1">
    <member type="way" ref="6477" role="left" />
    <member type="way" ref="9090" role="right" />
    <tag k="location" v="urban" />
    <tag k="one_way" v="yes" />
    <tag k="region" v="de" />
    <tag k="subtype" v="road" />
    <tag k="type" v="lanelet" />
  </relation>
  <relation id="6893" version="1">
    <member type="way" ref="6442" role="left" />
    <member type="way" ref="8082" role="right" />
    <tag k="location" v="urban" />
    <tag k="one_way" v="yes" />
    <tag k="region" v="de" />
    <tag k="subtype" v="road" />
    <tag k="type" v="lanelet" />
  </relation>
  <relation id="6896" version="1">
    <member type="way" ref="6460" role="left" />
    <member type="way" ref="6455" role="right" />
    <tag k="location" v="urban" />
    <tag k="one_way" v="yes" />
    <tag k="region" v="de" />
    <tag k="subtype" v="road" />
    <tag k="type" v="lanelet" />
  </relation>
  <relation id="6897" version="1">
    <member type="way" ref="6548" role="left" />
    <member type="way" ref="6546" role="right" />
    <tag k="location" v="urban" />
    <tag k="one_way" v="yes" />
    <tag k="region" v="de" />
    <tag k="subtype" v="road" />
    <tag k="type" v="lanelet" />
  </relation>
  <relation id="6898" version="1">
    <member type="way" ref="6549" role="left" />
    <member type="way" ref="6547" role="right" />
    <tag k="location" v="urban" />
    <tag k="one_way" v="yes" />
    <tag k="region" v="de" />
    <tag k="subtype" v="road" />
    <tag k="type" v="lanelet" />
  </relation>
  <relation id="6899" version="1">
    <member type="way" ref="6552" role="left" />
    <member type="way" ref="6550" role="right" />
    <tag k="location" v="urban" />
    <tag k="one_way" v="no" />
    <tag k="region" v="de" />
    <tag k="subtype" v="road" />
    <tag k="type" v="lanelet" />
  </relation>
  <relation id="6900" version="1">
    <member type="way" ref="6555" role="left" />
    <member type="way" ref="6024" role="right" />
    <tag k="location" v="urban" />
    <tag k="one_way" v="yes" />
    <tag k="region" v="de" />
    <tag k="subtype" v="road" />
    <tag k="type" v="lanelet" />
  </relation>
  <relation id="6901" version="1">
    <member type="way" ref="6568" role="left" />
    <member type="way" ref="6553" role="right" />
    <tag k="location" v="urban" />
    <tag k="one_way" v="no" />
    <tag k="region" v="de" />
    <tag k="subtype" v="road" />
    <tag k="type" v="lanelet" />
  </relation>
  <relation id="6902" version="1">
    <member type="way" ref="6567" role="left" />
    <member type="way" ref="6000" role="right" />
    <tag k="location" v="urban" />
    <tag k="one_way" v="no" />
    <tag k="region" v="de" />
    <tag k="subtype" v="road" />
    <tag k="type" v="lanelet" />
  </relation>
  <relation id="6903" version="1">
    <member type="way" ref="6556" role="left" />
    <member type="way" ref="6554" role="right" />
    <tag k="location" v="urban" />
    <tag k="one_way" v="yes" />
    <tag k="region" v="de" />
    <tag k="subtype" v="road" />
    <tag k="type" v="lanelet" />
  </relation>
  <relation id="6904" version="1">
    <member type="way" ref="6558" role="left" />
    <member type="way" ref="6566" role="right" />
    <tag k="location" v="urban" />
    <tag k="one_way" v="yes" />
    <tag k="region" v="de" />
    <tag k="subtype" v="road" />
    <tag k="type" v="lanelet" />
  </relation>
  <relation id="6905" version="1">
    <member type="way" ref="6560" role="left" />
    <member type="way" ref="6559" role="right" />
    <tag k="location" v="urban" />
    <tag k="one_way" v="yes" />
    <tag k="region" v="de" />
    <tag k="subtype" v="road" />
    <tag k="type" v="lanelet" />
  </relation>
  <relation id="6906" version="1">
    <member type="way" ref="6059" role="left" />
    <member type="way" ref="6561" role="right" />
    <tag k="location" v="urban" />
    <tag k="one_way" v="yes" />
    <tag k="region" v="de" />
    <tag k="subtype" v="road" />
    <tag k="type" v="lanelet" />
  </relation>
  <relation id="6907" version="1">
    <member type="way" ref="6565" role="left" />
    <member type="way" ref="6563" role="right" />
    <tag k="location" v="urban" />
    <tag k="one_way" v="yes" />
    <tag k="region" v="de" />
    <tag k="subtype" v="road" />
    <tag k="type" v="lanelet" />
  </relation>
  <relation id="6908" version="1">
    <member type="way" ref="6564" role="left" />
    <member type="way" ref="6562" role="right" />
    <tag k="location" v="urban" />
    <tag k="one_way" v="yes" />
    <tag k="region" v="de" />
    <tag k="subtype" v="road" />
    <tag k="type" v="lanelet" />
  </relation>
  <relation id="6909" version="1">
    <member type="way" ref="6057" role="left" />
    <member type="way" ref="6474" role="right" />
    <member type="way" ref="9285" role="centerline" />
    <tag k="location" v="urban" />
    <tag k="one_way" v="yes" />
    <tag k="region" v="de" />
    <tag k="subtype" v="road" />
    <tag k="type" v="lanelet" />
  </relation>
  <relation id="6910" version="1">
    <member type="way" ref="6560" role="left" />
    <member type="way" ref="6569" role="right" />
    <member type="way" ref="9280" role="centerline" />
    <tag k="location" v="urban" />
    <tag k="one_way" v="yes" />
    <tag k="region" v="de" />
    <tag k="subtype" v="road" />
    <tag k="type" v="lanelet" />
  </relation>
  <relation id="6911" version="1">
    <member type="way" ref="6558" role="left" />
    <member type="way" ref="6570" role="right" />
    <tag k="location" v="urban" />
    <tag k="one_way" v="yes" />
    <tag k="region" v="de" />
    <tag k="subtype" v="road" />
    <tag k="type" v="lanelet" />
  </relation>
  <relation id="6912" version="1">
    <member type="way" ref="6556" role="left" />
    <member type="way" ref="6571" role="right" />
    <tag k="location" v="urban" />
    <tag k="one_way" v="yes" />
    <tag k="region" v="de" />
    <tag k="subtype" v="road" />
    <tag k="type" v="lanelet" />
  </relation>
  <relation id="6913" version="1">
    <member type="way" ref="6572" role="left" />
    <member type="way" ref="6049" role="right" />
    <member type="way" ref="9448" role="centerline" />
    <tag k="location" v="urban" />
    <tag k="one_way" v="yes" />
    <tag k="region" v="de" />
    <tag k="subtype" v="road" />
    <tag k="type" v="lanelet" />
  </relation>
  <relation id="6914" version="1">
    <member type="way" ref="6573" role="left" />
    <member type="way" ref="6574" role="right" />
    <tag k="location" v="urban" />
    <tag k="one_way" v="yes" />
    <tag k="region" v="de" />
    <tag k="subtype" v="road" />
    <tag k="type" v="lanelet" />
  </relation>
  <relation id="6915" version="1">
    <member type="way" ref="6576" role="left" />
    <member type="way" ref="6575" role="right" />
    <tag k="location" v="urban" />
    <tag k="one_way" v="yes" />
    <tag k="region" v="de" />
    <tag k="subtype" v="road" />
    <tag k="type" v="lanelet" />
  </relation>
  <relation id="6916" version="1">
    <member type="way" ref="6577" role="left" />
    <member type="way" ref="6578" role="right" />
    <tag k="location" v="urban" />
    <tag k="one_way" v="yes" />
    <tag k="region" v="de" />
    <tag k="subtype" v="road" />
    <tag k="type" v="lanelet" />
  </relation>
  <relation id="6917" version="1">
    <member type="way" ref="6579" role="left" />
    <member type="way" ref="6025" role="right" />
    <tag k="location" v="urban" />
    <tag k="one_way" v="yes" />
    <tag k="region" v="de" />
    <tag k="subtype" v="road" />
    <tag k="type" v="lanelet" />
  </relation>
  <relation id="6918" version="1">
    <member type="way" ref="6581" role="left" />
    <member type="way" ref="6582" role="right" />
    <tag k="location" v="urban" />
    <tag k="one_way" v="yes" />
    <tag k="region" v="de" />
    <tag k="subtype" v="road" />
    <tag k="type" v="lanelet" />
  </relation>
  <relation id="6919" version="1">
    <member type="way" ref="6016" role="left" />
    <member type="way" ref="6580" role="right" />
    <tag k="location" v="urban" />
    <tag k="one_way" v="yes" />
    <tag k="region" v="de" />
    <tag k="subtype" v="road" />
    <tag k="type" v="lanelet" />
  </relation>
  <relation id="6920" version="1">
    <member type="way" ref="6583" role="left" />
    <member type="way" ref="6473" role="right" />
    <tag k="location" v="urban" />
    <tag k="one_way" v="yes" />
    <tag k="region" v="de" />
    <tag k="subtype" v="road" />
    <tag k="type" v="lanelet" />
  </relation>
  <relation id="6921" version="1">
    <member type="way" ref="6584" role="left" />
    <member type="way" ref="6585" role="right" />
    <member type="way" ref="9289" role="centerline" />
    <tag k="location" v="urban" />
    <tag k="one_way" v="yes" />
    <tag k="region" v="de" />
    <tag k="subtype" v="road" />
    <tag k="type" v="lanelet" />
  </relation>
  <relation id="6922" version="1">
    <member type="way" ref="6586" role="left" />
    <member type="way" ref="9088" role="right" />
    <member type="way" ref="9272" role="centerline" />
    <tag k="location" v="urban" />
    <tag k="one_way" v="yes" />
    <tag k="region" v="de" />
    <tag k="subtype" v="road" />
    <tag k="type" v="lanelet" />
  </relation>
  <relation id="6925" version="1">
    <member type="way" ref="7053" role="left" />
    <member type="way" ref="7052" role="right" />
    <tag k="location" v="urban" />
    <tag k="one_way" v="yes" />
    <tag k="region" v="de" />
    <tag k="subtype" v="road" />
    <tag k="type" v="lanelet" />
  </relation>
  <relation id="6926" version="1">
    <member type="way" ref="9095" role="left" />
    <member type="way" ref="9098" role="right" />
    <tag k="location" v="urban" />
    <tag k="one_way" v="yes" />
    <tag k="region" v="de" />
    <tag k="subtype" v="road" />
    <tag k="type" v="lanelet" />
  </relation>
  <relation id="6927" version="1">
    <member type="way" ref="6590" role="left" />
    <member type="way" ref="9085" role="right" />
    <tag k="location" v="urban" />
    <tag k="one_way" v="yes" />
    <tag k="region" v="de" />
    <tag k="subtype" v="road" />
    <tag k="type" v="lanelet" />
  </relation>
  <relation id="6928" version="1">
    <member type="way" ref="7027" role="left" />
    <member type="way" ref="9078" role="right" />
    <member type="relation" ref="6978" role="regulatory_element" />
    <tag k="location" v="urban" />
    <tag k="one_way" v="yes" />
    <tag k="region" v="de" />
    <tag k="subtype" v="road" />
    <tag k="type" v="lanelet" />
  </relation>
  <relation id="6930" version="1">
    <member type="way" ref="7046" role="left" />
    <member type="way" ref="9079" role="right" />
    <tag k="location" v="urban" />
    <tag k="one_way" v="yes" />
    <tag k="region" v="de" />
    <tag k="subtype" v="road" />
    <tag k="type" v="lanelet" />
  </relation>
  <relation id="6938" version="1">
    <member type="way" ref="6461" role="left" />
    <member type="way" ref="6549" role="right" />
    <tag k="location" v="urban" />
    <tag k="one_way" v="yes" />
    <tag k="region" v="de" />
    <tag k="subtype" v="road" />
    <tag k="type" v="lanelet" />
  </relation>
  <relation id="6939" version="1">
    <member type="way" ref="6001" role="left" />
    <member type="way" ref="6449" role="right" />
    <member type="relation" ref="6977" role="regulatory_element" />
    <tag k="location" v="urban" />
    <tag k="one_way" v="yes" />
    <tag k="region" v="de" />
    <tag k="subtype" v="road" />
    <tag k="type" v="lanelet" />
  </relation>
  <relation id="6940" version="1">
    <member type="way" ref="6606" role="left" />
    <member type="way" ref="6605" role="right" />
    <tag k="location" v="urban" />
    <tag k="one_way" v="yes" />
    <tag k="region" v="de" />
    <tag k="subtype" v="road" />
    <tag k="type" v="lanelet" />
  </relation>
  <relation id="6941" version="1">
    <member type="way" ref="6448" role="left" />
    <member type="way" ref="6450" role="right" />
    <tag k="location" v="urban" />
    <tag k="one_way" v="yes" />
    <tag k="region" v="de" />
    <tag k="subtype" v="road" />
    <tag k="type" v="lanelet" />
  </relation>
  <relation id="6951" version="1">
    <member type="way" ref="9449" role="left" />
    <member type="way" ref="9454" role="right" />
    <member type="way" ref="9445" role="centerline" />
    <tag k="location" v="urban" />
    <tag k="one_way" v="yes" />
    <tag k="region" v="de" />
    <tag k="subtype" v="road" />
    <tag k="type" v="lanelet" />
  </relation>
  <relation id="6952" version="1">
    <member type="way" ref="6529" role="left" />
    <member type="way" ref="6519" role="right" />
    <tag k="location" v="urban" />
    <tag k="one_way" v="yes" />
    <tag k="region" v="de" />
    <tag k="subtype" v="road" />
    <tag k="type" v="lanelet" />
  </relation>
  <relation id="6953" version="1">
    <member type="way" ref="6531" role="left" />
    <member type="way" ref="6530" role="right" />
    <tag k="location" v="urban" />
    <tag k="one_way" v="yes" />
    <tag k="region" v="de" />
    <tag k="subtype" v="road" />
    <tag k="type" v="lanelet" />
  </relation>
  <relation id="6954" version="1">
    <member type="way" ref="6527" role="left" />
    <member type="way" ref="6528" role="right" />
    <tag k="location" v="urban" />
    <tag k="one_way" v="yes" />
    <tag k="region" v="de" />
    <tag k="subtype" v="road" />
    <tag k="type" v="lanelet" />
  </relation>
  <relation id="6955" version="1">
    <member type="way" ref="6532" role="left" />
    <member type="way" ref="6518" role="right" />
    <tag k="location" v="urban" />
    <tag k="one_way" v="yes" />
    <tag k="region" v="de" />
    <tag k="subtype" v="road" />
    <tag k="type" v="lanelet" />
  </relation>
  <relation id="6956" version="1">
    <member type="way" ref="6010" role="left" />
    <member type="way" ref="7037" role="right" />
    <tag k="location" v="urban" />
    <tag k="one_way" v="no" />
    <tag k="region" v="de" />
    <tag k="subtype" v="road" />
    <tag k="type" v="lanelet" />
  </relation>
  <relation id="6957" version="1">
    <member type="way" ref="6536" role="left" />
    <member type="way" ref="6520" role="right" />
    <tag k="location" v="urban" />
    <tag k="one_way" v="yes" />
    <tag k="region" v="de" />
    <tag k="subtype" v="road" />
    <tag k="type" v="lanelet" />
  </relation>
  <relation id="6958" version="1">
    <member type="way" ref="6533" role="left" />
    <member type="way" ref="6521" role="right" />
    <tag k="location" v="urban" />
    <tag k="one_way" v="yes" />
    <tag k="region" v="de" />
    <tag k="subtype" v="road" />
    <tag k="type" v="lanelet" />
  </relation>
  <relation id="6959" version="1">
    <member type="way" ref="6535" role="left" />
    <member type="way" ref="6534" role="right" />
    <tag k="location" v="urban" />
    <tag k="one_way" v="yes" />
    <tag k="region" v="de" />
    <tag k="subtype" v="road" />
    <tag k="type" v="lanelet" />
  </relation>
  <relation id="6960" version="1">
    <member type="way" ref="6350" role="left" />
    <member type="way" ref="6511" role="right" />
    <tag k="location" v="urban" />
    <tag k="one_way" v="yes" />
    <tag k="region" v="de" />
    <tag k="subtype" v="road" />
    <tag k="type" v="lanelet" />
  </relation>
  <relation id="6962" version="1">
    <member type="way" ref="6619" role="left" />
    <member type="way" ref="9144" role="right" />
    <member type="relation" ref="6979" role="regulatory_element" />
    <tag k="location" v="urban" />
    <tag k="one_way" v="yes" />
    <tag k="region" v="de" />
    <tag k="subtype" v="road" />
    <tag k="type" v="lanelet" />
  </relation>
  <relation id="6963" version="1">
    <member type="way" ref="9231" role="left" />
    <member type="way" ref="6282" role="right" />
    <member type="way" ref="9292" role="centerline" />
    <tag k="location" v="urban" />
    <tag k="one_way" v="yes" />
    <tag k="region" v="de" />
    <tag k="subtype" v="road" />
    <tag k="type" v="lanelet" />
  </relation>
  <relation id="6965" version="1">
    <member type="way" ref="6296" role="left" />
    <member type="way" ref="6038" role="right" />
    <tag k="location" v="urban" />
    <tag k="one_way" v="yes" />
    <tag k="region" v="de" />
    <tag k="subtype" v="road" />
    <tag k="type" v="lanelet" />
  </relation>
  <relation id="6966" version="1">
    <member type="way" ref="6288" role="left" />
    <member type="way" ref="6286" role="right" />
    <tag k="location" v="urban" />
    <tag k="one_way" v="yes" />
    <tag k="region" v="de" />
    <tag k="subtype" v="road" />
    <tag k="type" v="lanelet" />
  </relation>
  <relation id="6968" version="1">
    <member type="way" ref="6281" role="left" />
    <member type="way" ref="9230" role="right" />
    <member type="way" ref="9284" role="centerline" />
    <tag k="location" v="urban" />
    <tag k="one_way" v="yes" />
    <tag k="region" v="de" />
    <tag k="subtype" v="road" />
    <tag k="type" v="lanelet" />
  </relation>
  <relation id="6969" version="1">
    <member type="way" ref="6288" role="left" />
    <member type="way" ref="6035" role="right" />
    <tag k="location" v="urban" />
    <tag k="one_way" v="yes" />
    <tag k="region" v="de" />
    <tag k="subtype" v="road" />
    <tag k="type" v="lanelet" />
  </relation>
  <relation id="6970" version="1">
    <member type="way" ref="6296" role="left" />
    <member type="way" ref="6299" role="right" />
    <tag k="location" v="urban" />
    <tag k="one_way" v="yes" />
    <tag k="region" v="de" />
    <tag k="subtype" v="road" />
    <tag k="type" v="lanelet" />
  </relation>
  <relation id="6971" version="1">
    <member type="way" ref="6623" role="ref_line" />
    <member type="way" ref="6621" role="refers" />
    <tag k="subtype" v="traffic_light" />
    <tag k="type" v="regulatory_element" />
  </relation>
  <relation id="6972" version="1">
    <member type="way" ref="6624" role="ref_line" />
    <member type="way" ref="6622" role="refers" />
    <tag k="subtype" v="traffic_light" />
    <tag k="type" v="regulatory_element" />
  </relation>
  <relation id="6973" version="1">
    <member type="way" ref="6446" role="left" />
    <member type="way" ref="9140" role="right" />
    <member type="relation" ref="9198" role="regulatory_element" />
    <tag k="location" v="urban" />
    <tag k="one_way" v="yes" />
    <tag k="region" v="de" />
    <tag k="subtype" v="road" />
    <tag k="type" v="lanelet" />
  </relation>
  <relation id="6974" version="1">
    <member type="way" ref="9147" role="left" />
    <member type="way" ref="6606" role="right" />
    <member type="relation" ref="9199" role="regulatory_element" />
    <tag k="location" v="urban" />
    <tag k="one_way" v="yes" />
    <tag k="region" v="de" />
    <tag k="subtype" v="road" />
    <tag k="type" v="lanelet" />
  </relation>
  <relation id="6977" version="1">
    <member type="way" ref="6628" role="ref_line" />
    <member type="way" ref="6625" role="refers" />
    <tag k="subtype" v="traffic_light" />
    <tag k="type" v="regulatory_element" />
  </relation>
  <relation id="6978" version="1">
    <member type="way" ref="6633" role="ref_line" />
    <member type="way" ref="6629" role="refers" />
    <tag k="subtype" v="traffic_light" />
    <tag k="type" v="regulatory_element" />
  </relation>
  <relation id="6979" version="1">
    <member type="way" ref="6631" role="ref_line" />
    <member type="way" ref="6630" role="refers" />
    <tag k="subtype" v="traffic_light" />
    <tag k="type" v="regulatory_element" />
  </relation>
  <relation id="6981" version="1">
    <member type="way" ref="9094" role="left" />
    <member type="way" ref="6595" role="right" />
    <tag k="location" v="urban" />
    <tag k="one_way" v="yes" />
    <tag k="region" v="de" />
    <tag k="subtype" v="road" />
    <tag k="type" v="lanelet" />
  </relation>
  <relation id="6983" version="1">
    <member type="way" ref="9150" role="left" />
    <member type="way" ref="7039" role="right" />
    <tag k="location" v="urban" />
    <tag k="one_way" v="yes" />
    <tag k="region" v="de" />
    <tag k="subtype" v="road" />
    <tag k="type" v="lanelet" />
  </relation>
  <relation id="6984" version="1">
    <member type="way" ref="7051" role="left" />
    <member type="way" ref="9077" role="right" />
    <tag k="location" v="urban" />
    <tag k="one_way" v="yes" />
    <tag k="region" v="de" />
    <tag k="subtype" v="road" />
    <tag k="type" v="lanelet" />
  </relation>
  <relation id="6985" version="1">
    <member type="way" ref="7028" role="left" />
    <member type="way" ref="7049" role="right" />
    <tag k="location" v="urban" />
    <tag k="one_way" v="yes" />
    <tag k="region" v="de" />
    <tag k="subtype" v="road" />
    <tag k="type" v="lanelet" />
  </relation>
  <relation id="6986" version="1">
    <member type="way" ref="9095" role="left" />
    <member type="way" ref="7051" role="right" />
    <tag k="location" v="urban" />
    <tag k="one_way" v="yes" />
    <tag k="region" v="de" />
    <tag k="subtype" v="road" />
    <tag k="type" v="lanelet" />
  </relation>
  <relation id="6987" version="1">
    <member type="way" ref="7023" role="left" />
    <member type="way" ref="9083" role="right" />
    <tag k="location" v="urban" />
    <tag k="one_way" v="yes" />
    <tag k="region" v="de" />
    <tag k="subtype" v="road" />
    <tag k="type" v="lanelet" />
  </relation>
  <relation id="6988" version="1">
    <member type="way" ref="7020" role="left" />
    <member type="way" ref="6011" role="right" />
    <tag k="location" v="urban" />
    <tag k="one_way" v="yes" />
    <tag k="region" v="de" />
    <tag k="subtype" v="road" />
    <tag k="type" v="lanelet" />
  </relation>
  <relation id="6989" version="1">
    <member type="way" ref="7019" role="left" />
    <member type="way" ref="7018" role="right" />
    <tag k="location" v="urban" />
    <tag k="one_way" v="yes" />
    <tag k="region" v="de" />
    <tag k="subtype" v="road" />
    <tag k="type" v="lanelet" />
  </relation>
  <relation id="6990" version="1">
    <member type="way" ref="6003" role="left" />
    <member type="way" ref="7011" role="right" />
    <tag k="location" v="urban" />
    <tag k="region" v="de" />
    <tag k="subtype" v="bicycle_lane" />
    <tag k="type" v="lanelet" />
  </relation>
  <relation id="6991" version="1">
    <member type="way" ref="6458" role="left" />
    <member type="way" ref="7010" role="right" />
    <tag k="location" v="urban" />
    <tag k="region" v="de" />
    <tag k="subtype" v="bicycle_lane" />
    <tag k="type" v="lanelet" />
  </relation>
  <relation id="6992" version="1">
    <member type="way" ref="6445" role="left" />
    <member type="way" ref="7040" role="right" />
    <tag k="location" v="urban" />
    <tag k="region" v="de" />
    <tag k="subtype" v="bicycle_lane" />
    <tag k="type" v="lanelet" />
  </relation>
  <relation id="6993" version="1">
    <member type="way" ref="6444" role="left" />
    <member type="way" ref="7038" role="right" />
    <tag k="location" v="urban" />
    <tag k="region" v="de" />
    <tag k="subtype" v="bicycle_lane" />
    <tag k="type" v="lanelet" />
  </relation>
  <relation id="6994" version="1">
    <member type="way" ref="6428" role="left" />
    <member type="way" ref="7009" role="right" />
    <tag k="location" v="urban" />
    <tag k="region" v="de" />
    <tag k="subtype" v="bicycle_lane" />
    <tag k="type" v="lanelet" />
  </relation>
  <relation id="6995" version="1">
    <member type="way" ref="6439" role="left" />
    <member type="way" ref="6054" role="right" />
    <tag k="location" v="urban" />
    <tag k="region" v="de" />
    <tag k="subtype" v="bicycle_lane" />
    <tag k="type" v="lanelet" />
  </relation>
  <relation id="6996" version="1">
    <member type="way" ref="6359" role="left" />
    <member type="way" ref="7035" role="right" />
    <tag k="location" v="urban" />
    <tag k="region" v="de" />
    <tag k="subtype" v="bicycle_lane" />
    <tag k="type" v="lanelet" />
  </relation>
  <relation id="6997" version="1">
    <member type="way" ref="6451" role="left" />
    <member type="way" ref="7007" role="right" />
    <tag k="location" v="urban" />
    <tag k="region" v="de" />
    <tag k="subtype" v="bicycle_lane" />
    <tag k="type" v="lanelet" />
  </relation>
  <relation id="6998" version="1">
    <member type="way" ref="6432" role="left" />
    <member type="way" ref="7006" role="right" />
    <tag k="location" v="urban" />
    <tag k="region" v="de" />
    <tag k="subtype" v="bicycle_lane" />
    <tag k="type" v="lanelet" />
  </relation>
  <relation id="6999" version="1">
    <member type="way" ref="6435" role="left" />
    <member type="way" ref="7005" role="right" />
    <tag k="location" v="urban" />
    <tag k="region" v="de" />
    <tag k="subtype" v="bicycle_lane" />
    <tag k="type" v="lanelet" />
  </relation>
  <relation id="7001" version="1">
    <member type="way" ref="7004" role="left" />
    <member type="way" ref="6456" role="right" />
    <tag k="location" v="urban" />
    <tag k="one_way" v="yes" />
    <tag k="region" v="de" />
    <tag k="subtype" v="road" />
    <tag k="type" v="lanelet" />
  </relation>
  <relation id="7516" version="1">
    <member type="way" ref="7570" role="left" />
    <member type="way" ref="7569" role="right" />
    <member type="relation" ref="7608" role="regulatory_element" />
    <tag k="location" v="nonurban" />
    <tag k="one_way" v="yes" />
    <tag k="region" v="de" />
    <tag k="subtype" v="road" />
    <tag k="type" v="lanelet" />
  </relation>
  <relation id="7517" version="1">
    <member type="way" ref="7522" role="left" />
    <member type="way" ref="7521" role="right" />
    <member type="relation" ref="7607" role="regulatory_element" />
    <tag k="location" v="nonurban" />
    <tag k="one_way" v="yes" />
    <tag k="region" v="de" />
    <tag k="subtype" v="road" />
    <tag k="type" v="lanelet" />
  </relation>
  <relation id="7568" version="1">
    <member type="way" ref="7524" role="left" />
    <member type="way" ref="7520" role="right" />
    <member type="relation" ref="7594" role="regulatory_element" />
    <tag k="location" v="urban" />
    <tag k="one_way" v="yes" />
    <tag k="region" v="de" />
    <tag k="subtype" v="road" />
    <tag k="type" v="lanelet" />
  </relation>
  <relation id="7594" version="1">
    <member type="way" ref="7577" role="ref_line" />
    <member type="way" ref="7576" role="refers" />
    <member type="relation" ref="6825" role="right_of_way" />
    <member type="relation" ref="7568" role="yield" />
    <tag k="subtype" v="right_of_way" />
    <tag k="type" v="regulatory_element" />
  </relation>
  <relation id="7607" version="1">
    <member type="way" ref="7595" role="ref_line" />
    <member type="way" ref="7596" role="refers" />
    <member type="relation" ref="6791" role="right_of_way" />
    <member type="relation" ref="7517" role="yield" />
    <tag k="subtype" v="right_of_way" />
    <tag k="type" v="regulatory_element" />
  </relation>
  <relation id="7608" version="1">
    <member type="way" ref="7597" role="ref_line" />
    <member type="way" ref="7598" role="refers" />
    <member type="relation" ref="6799" role="right_of_way" />
    <member type="relation" ref="7516" role="yield" />
    <tag k="subtype" v="right_of_way" />
    <tag k="type" v="regulatory_element" />
  </relation>
  <relation id="7609" version="1">
    <member type="way" ref="6294" role="left" />
    <member type="way" ref="6298" role="right" />
    <tag k="location" v="urban" />
    <tag k="one_way" v="yes" />
    <tag k="region" v="de" />
    <tag k="subtype" v="road" />
    <tag k="type" v="lanelet" />
  </relation>
  <relation id="7610" version="1">
    <member type="way" ref="6295" role="left" />
    <member type="way" ref="6292" role="right" />
    <tag k="location" v="urban" />
    <tag k="one_way" v="yes" />
    <tag k="region" v="de" />
    <tag k="subtype" v="road" />
    <tag k="type" v="lanelet" />
  </relation>
  <relation id="7611" version="1">
    <member type="way" ref="7654" role="left" />
    <member type="way" ref="7642" role="right" />
    <tag k="location" v="urban" />
    <tag k="one_way" v="yes" />
    <tag k="region" v="de" />
    <tag k="subtype" v="road" />
    <tag k="type" v="lanelet" />
  </relation>
  <relation id="7612" version="1">
    <member type="way" ref="7639" role="left" />
    <member type="way" ref="7659" role="right" />
    <tag k="location" v="urban" />
    <tag k="one_way" v="yes" />
    <tag k="region" v="de" />
    <tag k="subtype" v="road" />
    <tag k="type" v="lanelet" />
  </relation>
  <relation id="7613" version="1">
    <member type="way" ref="7652" role="left" />
    <member type="way" ref="7650" role="right" />
    <tag k="location" v="urban" />
    <tag k="one_way" v="yes" />
    <tag k="region" v="de" />
    <tag k="subtype" v="road" />
    <tag k="type" v="lanelet" />
  </relation>
  <relation id="7615" version="1">
    <member type="way" ref="9152" role="left" />
    <member type="way" ref="9450" role="right" />
    <tag k="location" v="urban" />
    <tag k="one_way" v="yes" />
    <tag k="region" v="de" />
    <tag k="subtype" v="road" />
    <tag k="type" v="lanelet" />
  </relation>
  <relation id="7616" version="1">
    <member type="way" ref="7652" role="left" />
    <member type="way" ref="6013" role="right" />
    <member type="relation" ref="7705" role="regulatory_element" />
    <tag k="location" v="urban" />
    <tag k="one_way" v="yes" />
    <tag k="region" v="de" />
    <tag k="subtype" v="road" />
    <tag k="type" v="lanelet" />
  </relation>
  <relation id="7618" version="1">
    <member type="way" ref="6089" role="left" />
    <member type="way" ref="7968" role="right" />
    <tag k="location" v="urban" />
    <tag k="one_way" v="yes" />
    <tag k="region" v="de" />
    <tag k="subtype" v="road" />
    <tag k="type" v="lanelet" />
  </relation>
  <relation id="7619" version="1">
    <member type="way" ref="7629" role="left" />
    <member type="way" ref="6482" role="right" />
    <member type="relation" ref="9058" role="regulatory_element" />
    <tag k="location" v="urban" />
    <tag k="one_way" v="yes" />
    <tag k="region" v="de" />
    <tag k="subtype" v="road" />
    <tag k="type" v="lanelet" />
  </relation>
  <relation id="7620" version="1">
    <member type="way" ref="7656" role="left" />
    <member type="way" ref="7974" role="right" />
    <tag k="location" v="urban" />
    <tag k="one_way" v="yes" />
    <tag k="region" v="de" />
    <tag k="subtype" v="road" />
    <tag k="type" v="lanelet" />
  </relation>
  <relation id="7621" version="1">
    <member type="way" ref="7658" role="left" />
    <member type="way" ref="9138" role="right" />
    <tag k="location" v="urban" />
    <tag k="one_way" v="yes" />
    <tag k="region" v="de" />
    <tag k="subtype" v="road" />
    <tag k="type" v="lanelet" />
  </relation>
  <relation id="7622" version="1">
    <member type="way" ref="7629" role="left" />
    <member type="way" ref="7631" role="right" />
    <tag k="location" v="urban" />
    <tag k="one_way" v="yes" />
    <tag k="region" v="de" />
    <tag k="subtype" v="road" />
    <tag k="type" v="lanelet" />
  </relation>
  <relation id="7623" version="1">
    <member type="way" ref="6089" role="left" />
    <member type="way" ref="6090" role="right" />
    <member type="relation" ref="9057" role="regulatory_element" />
    <tag k="location" v="urban" />
    <tag k="one_way" v="yes" />
    <tag k="region" v="de" />
    <tag k="subtype" v="road" />
    <tag k="type" v="lanelet" />
  </relation>
  <relation id="7624" version="1">
    <member type="way" ref="6294" role="left" />
    <member type="way" ref="6300" role="right" />
    <tag k="location" v="urban" />
    <tag k="one_way" v="yes" />
    <tag k="region" v="de" />
    <tag k="subtype" v="road" />
    <tag k="type" v="lanelet" />
  </relation>
  <relation id="7625" version="1">
    <member type="way" ref="6283" role="left" />
    <member type="way" ref="6293" role="right" />
    <tag k="location" v="urban" />
    <tag k="one_way" v="yes" />
    <tag k="region" v="de" />
    <tag k="subtype" v="road" />
    <tag k="type" v="lanelet" />
  </relation>
  <relation id="7626" version="1">
    <member type="way" ref="7654" role="left" />
    <member type="way" ref="7655" role="right" />
    <tag k="location" v="urban" />
    <tag k="one_way" v="yes" />
    <tag k="region" v="de" />
    <tag k="subtype" v="road" />
    <tag k="type" v="lanelet" />
  </relation>
  <relation id="7627" version="1">
    <member type="way" ref="6036" role="left" />
    <member type="way" ref="6295" role="right" />
    <tag k="location" v="urban" />
    <tag k="one_way" v="yes" />
    <tag k="region" v="de" />
    <tag k="subtype" v="road" />
    <tag k="type" v="lanelet" />
  </relation>
  <relation id="7628" version="1">
    <member type="way" ref="6283" role="left" />
    <member type="way" ref="6037" role="right" />
    <tag k="location" v="urban" />
    <tag k="one_way" v="yes" />
    <tag k="region" v="de" />
    <tag k="subtype" v="road" />
    <tag k="type" v="lanelet" />
  </relation>
  <relation id="7704" version="1">
    <member type="way" ref="7638" role="ref_line" />
    <member type="way" ref="7643" role="refers" />
    <member type="way" ref="9619" role="refers" />
    <tag k="subtype" v="traffic_light" />
    <tag k="type" v="regulatory_element" />
  </relation>
  <relation id="7705" version="1">
    <member type="way" ref="7646" role="ref_line" />
    <member type="way" ref="9622" role="refers" />
    <member type="way" ref="7636" role="refers" />
    <tag k="subtype" v="traffic_light" />
    <tag k="type" v="regulatory_element" />
  </relation>
  <relation id="7706" version="1">
    <member type="way" ref="7645" role="ref_line" />
    <member type="way" ref="7641" role="refers" />
    <member type="way" ref="9623" role="refers" />
    <tag k="subtype" v="traffic_light" />
    <tag k="type" v="regulatory_element" />
  </relation>
  <relation id="7707" version="1">
    <member type="way" ref="7649" role="ref_line" />
    <member type="way" ref="7648" role="refers" />
    <member type="way" ref="9625" role="refers" />
    <tag k="subtype" v="traffic_light" />
    <tag k="type" v="regulatory_element" />
  </relation>
  <relation id="7708" version="1">
    <member type="way" ref="7647" role="ref_line" />
    <member type="way" ref="7637" role="refers" />
    <member type="way" ref="9626" role="refers" />
    <tag k="subtype" v="traffic_light" />
    <tag k="type" v="regulatory_element" />
  </relation>
  <relation id="7710" version="1">
    <member type="way" ref="7044" role="left" />
    <member type="way" ref="8041" role="right" />
    <member type="relation" ref="7708" role="regulatory_element" />
    <tag k="location" v="urban" />
    <tag k="one_way" v="yes" />
    <tag k="region" v="de" />
    <tag k="subtype" v="road" />
    <tag k="type" v="lanelet" />
  </relation>
  <relation id="7711" version="1">
    <member type="way" ref="7717" role="left" />
    <member type="way" ref="7716" role="right" />
    <tag k="location" v="urban" />
    <tag k="one_way" v="yes" />
    <tag k="region" v="de" />
    <tag k="subtype" v="road" />
    <tag k="type" v="lanelet" />
  </relation>
  <relation id="7712" version="1">
    <member type="way" ref="7717" role="left" />
    <member type="way" ref="7719" role="right" />
    <tag k="location" v="urban" />
    <tag k="one_way" v="yes" />
    <tag k="region" v="de" />
    <tag k="subtype" v="road" />
    <tag k="type" v="lanelet" />
  </relation>
  <relation id="7713" version="1">
    <member type="way" ref="7718" role="left" />
    <member type="way" ref="6285" role="right" />
    <tag k="location" v="urban" />
    <tag k="one_way" v="yes" />
    <tag k="region" v="de" />
    <tag k="subtype" v="road" />
    <tag k="type" v="lanelet" />
  </relation>
  <relation id="7714" version="1">
    <member type="way" ref="7718" role="left" />
    <member type="way" ref="6284" role="right" />
    <member type="relation" ref="7704" role="regulatory_element" />
    <tag k="location" v="urban" />
    <tag k="one_way" v="yes" />
    <tag k="region" v="de" />
    <tag k="subtype" v="road" />
    <tag k="type" v="lanelet" />
  </relation>
  <relation id="7724" version="1">
    <member type="way" ref="7728" role="left" />
    <member type="way" ref="6522" role="right" />
    <tag k="location" v="urban" />
    <tag k="one_way" v="yes" />
    <tag k="region" v="de" />
    <tag k="subtype" v="road" />
    <tag k="type" v="lanelet" />
  </relation>
  <relation id="7725" version="1">
    <member type="way" ref="7728" role="left" />
    <member type="way" ref="7730" role="right" />
    <tag k="location" v="urban" />
    <tag k="one_way" v="yes" />
    <tag k="region" v="de" />
    <tag k="subtype" v="road" />
    <tag k="type" v="lanelet" />
  </relation>
  <relation id="7737" version="1">
    <member type="way" ref="7733" role="ref_line" />
    <member type="way" ref="9610" role="refers" />
    <member type="way" ref="7734" role="refers" />
    <tag k="subtype" v="traffic_light" />
    <tag k="type" v="regulatory_element" />
  </relation>
  <relation id="7738" version="1">
    <member type="way" ref="6315" role="left" />
    <member type="way" ref="6312" role="right" />
    <tag k="location" v="nonurban" />
    <tag k="one_way" v="yes" />
    <tag k="region" v="de" />
    <tag k="subtype" v="road" />
    <tag k="type" v="lanelet" />
  </relation>
  <relation id="7739" version="1">
    <member type="way" ref="6316" role="left" />
    <member type="way" ref="8225" role="right" />
    <tag k="location" v="nonurban" />
    <tag k="one_way" v="yes" />
    <tag k="region" v="de" />
    <tag k="subtype" v="road" />
    <tag k="type" v="lanelet" />
  </relation>
  <relation id="7740" version="1">
    <member type="way" ref="6313" role="left" />
    <member type="way" ref="5982" role="right" />
    <tag k="location" v="nonurban" />
    <tag k="one_way" v="yes" />
    <tag k="region" v="de" />
    <tag k="subtype" v="road" />
    <tag k="type" v="lanelet" />
  </relation>
  <relation id="7741" version="1">
    <member type="way" ref="8133" role="left" />
    <member type="way" ref="8138" role="right" />
    <tag k="location" v="nonurban" />
    <tag k="one_way" v="yes" />
    <tag k="region" v="de" />
    <tag k="subtype" v="road" />
    <tag k="type" v="lanelet" />
  </relation>
  <relation id="7742" version="1">
    <member type="way" ref="8028" role="left" />
    <member type="way" ref="6076" role="right" />
    <tag k="location" v="urban" />
    <tag k="one_way" v="yes" />
    <tag k="region" v="de" />
    <tag k="subtype" v="road" />
    <tag k="type" v="lanelet" />
  </relation>
  <relation id="7743" version="1">
    <member type="way" ref="8098" role="left" />
    <member type="way" ref="7017" role="right" />
    <tag k="location" v="urban" />
    <tag k="one_way" v="yes" />
    <tag k="region" v="de" />
    <tag k="subtype" v="road" />
    <tag k="type" v="lanelet" />
  </relation>
  <relation id="7744" version="1">
    <member type="way" ref="7016" role="left" />
    <member type="way" ref="8252" role="right" />
    <tag k="location" v="urban" />
    <tag k="one_way" v="yes" />
    <tag k="region" v="de" />
    <tag k="subtype" v="road" />
    <tag k="type" v="lanelet" />
  </relation>
  <relation id="7745" version="1">
    <member type="way" ref="6077" role="left" />
    <member type="way" ref="7025" role="right" />
    <tag k="location" v="urban" />
    <tag k="one_way" v="yes" />
    <tag k="region" v="de" />
    <tag k="subtype" v="road" />
    <tag k="type" v="lanelet" />
  </relation>
  <relation id="7746" version="1">
    <member type="way" ref="6077" role="left" />
    <member type="way" ref="6079" role="right" />
    <tag k="location" v="urban" />
    <tag k="one_way" v="yes" />
    <tag k="region" v="de" />
    <tag k="subtype" v="road" />
    <tag k="type" v="lanelet" />
  </relation>
  <relation id="7747" version="1">
    <member type="way" ref="8028" role="left" />
    <member type="way" ref="6078" role="right" />
    <tag k="location" v="urban" />
    <tag k="one_way" v="yes" />
    <tag k="region" v="de" />
    <tag k="subtype" v="road" />
    <tag k="type" v="lanelet" />
  </relation>
  <relation id="7748" version="1">
    <member type="way" ref="8085" role="left" />
    <member type="way" ref="6062" role="right" />
    <tag k="location" v="urban" />
    <tag k="one_way" v="yes" />
    <tag k="region" v="de" />
    <tag k="subtype" v="road" />
    <tag k="type" v="lanelet" />
  </relation>
  <relation id="7749" version="1">
    <member type="way" ref="8210" role="left" />
    <member type="way" ref="7977" role="right" />
    <tag k="location" v="urban" />
    <tag k="one_way" v="yes" />
    <tag k="region" v="de" />
    <tag k="subtype" v="road" />
    <tag k="type" v="lanelet" />
  </relation>
  <relation id="7750" version="1">
    <member type="way" ref="8210" role="left" />
    <member type="way" ref="9276" role="right" />
    <tag k="location" v="urban" />
    <tag k="one_way" v="yes" />
    <tag k="region" v="de" />
    <tag k="subtype" v="road" />
    <tag k="type" v="lanelet" />
  </relation>
  <relation id="7751" version="1">
    <member type="way" ref="7980" role="left" />
    <member type="way" ref="8214" role="right" />
    <tag k="location" v="urban" />
    <tag k="one_way" v="yes" />
    <tag k="region" v="de" />
    <tag k="subtype" v="road" />
    <tag k="type" v="lanelet" />
  </relation>
  <relation id="7752" version="1">
    <member type="way" ref="9446" role="left" />
    <member type="way" ref="8118" role="right" />
    <tag k="location" v="urban" />
    <tag k="one_way" v="yes" />
    <tag k="region" v="de" />
    <tag k="subtype" v="road" />
    <tag k="type" v="lanelet" />
  </relation>
  <relation id="7753" version="1">
    <member type="way" ref="8208" role="left" />
    <member type="way" ref="8062" role="right" />
    <tag k="location" v="urban" />
    <tag k="one_way" v="yes" />
    <tag k="region" v="de" />
    <tag k="subtype" v="road" />
    <tag k="type" v="lanelet" />
  </relation>
  <relation id="7754" version="1">
    <member type="way" ref="8259" role="left" />
    <member type="way" ref="8013" role="right" />
    <tag k="location" v="urban" />
    <tag k="one_way" v="yes" />
    <tag k="region" v="de" />
    <tag k="subtype" v="road" />
    <tag k="type" v="lanelet" />
  </relation>
  <relation id="7755" version="1">
    <member type="way" ref="8066" role="left" />
    <member type="way" ref="8215" role="right" />
    <tag k="location" v="urban" />
    <tag k="one_way" v="yes" />
    <tag k="region" v="de" />
    <tag k="subtype" v="road" />
    <tag k="type" v="lanelet" />
  </relation>
  <relation id="7756" version="1">
    <member type="way" ref="8205" role="left" />
    <member type="way" ref="8212" role="right" />
    <tag k="location" v="urban" />
    <tag k="one_way" v="yes" />
    <tag k="region" v="de" />
    <tag k="subtype" v="road" />
    <tag k="type" v="lanelet" />
  </relation>
  <relation id="7757" version="1">
    <member type="way" ref="8203" role="left" />
    <member type="way" ref="8162" role="right" />
    <tag k="location" v="urban" />
    <tag k="one_way" v="yes" />
    <tag k="region" v="de" />
    <tag k="subtype" v="road" />
    <tag k="type" v="lanelet" />
  </relation>
  <relation id="7758" version="1">
    <member type="way" ref="8086" role="left" />
    <member type="way" ref="8087" role="right" />
    <tag k="location" v="urban" />
    <tag k="one_way" v="yes" />
    <tag k="region" v="de" />
    <tag k="subtype" v="road" />
    <tag k="type" v="lanelet" />
  </relation>
  <relation id="7759" version="1">
    <member type="way" ref="8205" role="left" />
    <member type="way" ref="7984" role="right" />
    <tag k="location" v="urban" />
    <tag k="one_way" v="yes" />
    <tag k="region" v="de" />
    <tag k="subtype" v="road" />
    <tag k="type" v="lanelet" />
  </relation>
  <relation id="7760" version="1">
    <member type="way" ref="8201" role="left" />
    <member type="way" ref="8090" role="right" />
    <tag k="location" v="urban" />
    <tag k="one_way" v="yes" />
    <tag k="region" v="de" />
    <tag k="subtype" v="road" />
    <tag k="type" v="lanelet" />
  </relation>
  <relation id="7761" version="1">
    <member type="way" ref="8063" role="left" />
    <member type="way" ref="6581" role="right" />
    <tag k="location" v="urban" />
    <tag k="one_way" v="yes" />
    <tag k="region" v="de" />
    <tag k="subtype" v="road" />
    <tag k="type" v="lanelet" />
  </relation>
  <relation id="7763" version="1">
    <member type="way" ref="8038" role="left" />
    <member type="way" ref="6583" role="right" />
    <tag k="location" v="urban" />
    <tag k="one_way" v="yes" />
    <tag k="region" v="de" />
    <tag k="subtype" v="road" />
    <tag k="type" v="lanelet" />
  </relation>
  <relation id="7765" version="1">
    <member type="way" ref="7988" role="left" />
    <member type="way" ref="6565" role="right" />
    <tag k="location" v="urban" />
    <tag k="one_way" v="yes" />
    <tag k="region" v="de" />
    <tag k="subtype" v="road" />
    <tag k="type" v="lanelet" />
  </relation>
  <relation id="7766" version="1">
    <member type="way" ref="9090" role="left" />
    <member type="way" ref="9081" role="right" />
    <tag k="location" v="urban" />
    <tag k="region" v="de" />
    <tag k="subtype" v="bicycle_lane" />
    <tag k="type" v="lanelet" />
  </relation>
  <relation id="7767" version="1">
    <member type="way" ref="6447" role="left" />
    <member type="way" ref="6611" role="right" />
    <tag k="location" v="urban" />
    <tag k="one_way" v="yes" />
    <tag k="region" v="de" />
    <tag k="subtype" v="road" />
    <tag k="type" v="lanelet" />
  </relation>
  <relation id="7768" version="1">
    <member type="way" ref="8050" role="left" />
    <member type="way" ref="8095" role="right" />
    <tag k="location" v="urban" />
    <tag k="one_way" v="yes" />
    <tag k="region" v="de" />
    <tag k="subtype" v="highway" />
    <tag k="type" v="lanelet" />
  </relation>
  <relation id="7769" version="1">
    <member type="way" ref="8174" role="left" />
    <member type="way" ref="8172" role="right" />
    <tag k="location" v="nonurban" />
    <tag k="one_way" v="yes" />
    <tag k="region" v="de" />
    <tag k="subtype" v="road" />
    <tag k="type" v="lanelet" />
  </relation>
  <relation id="7770" version="1">
    <member type="way" ref="5994" role="left" />
    <member type="way" ref="8165" role="right" />
    <tag k="location" v="nonurban" />
    <tag k="one_way" v="yes" />
    <tag k="region" v="de" />
    <tag k="subtype" v="road" />
    <tag k="type" v="lanelet" />
  </relation>
  <relation id="7771" version="1">
    <member type="way" ref="7044" role="left" />
    <member type="way" ref="7045" role="right" />
    <tag k="location" v="urban" />
    <tag k="one_way" v="yes" />
    <tag k="region" v="de" />
    <tag k="subtype" v="road" />
    <tag k="type" v="lanelet" />
  </relation>
  <relation id="7772" version="1">
    <member type="way" ref="7998" role="left" />
    <member type="way" ref="8185" role="right" />
    <tag k="location" v="urban" />
    <tag k="one_way" v="yes" />
    <tag k="region" v="de" />
    <tag k="subtype" v="road" />
    <tag k="type" v="lanelet" />
  </relation>
  <relation id="7773" version="1">
    <member type="way" ref="8045" role="left" />
    <member type="way" ref="8047" role="right" />
    <tag k="location" v="urban" />
    <tag k="one_way" v="yes" />
    <tag k="region" v="de" />
    <tag k="subtype" v="road" />
    <tag k="type" v="lanelet" />
  </relation>
  <relation id="7774" version="1">
    <member type="way" ref="8098" role="left" />
    <member type="way" ref="6005" role="right" />
    <tag k="location" v="urban" />
    <tag k="one_way" v="yes" />
    <tag k="region" v="de" />
    <tag k="subtype" v="road" />
    <tag k="type" v="lanelet" />
  </relation>
  <relation id="7775" version="1">
    <member type="way" ref="6303" role="left" />
    <member type="way" ref="5988" role="right" />
    <tag k="location" v="urban" />
    <tag k="one_way" v="yes" />
    <tag k="region" v="de" />
    <tag k="subtype" v="road" />
    <tag k="type" v="lanelet" />
  </relation>
  <relation id="7776" version="1">
    <member type="way" ref="6307" role="left" />
    <member type="way" ref="7983" role="right" />
    <tag k="location" v="urban" />
    <tag k="one_way" v="yes" />
    <tag k="region" v="de" />
    <tag k="subtype" v="road" />
    <tag k="type" v="lanelet" />
  </relation>
  <relation id="7777" version="1">
    <member type="way" ref="6307" role="left" />
    <member type="way" ref="6309" role="right" />
    <tag k="location" v="urban" />
    <tag k="one_way" v="yes" />
    <tag k="region" v="de" />
    <tag k="subtype" v="road" />
    <tag k="type" v="lanelet" />
  </relation>
  <relation id="7778" version="1">
    <member type="way" ref="6303" role="left" />
    <member type="way" ref="6006" role="right" />
    <tag k="location" v="urban" />
    <tag k="one_way" v="yes" />
    <tag k="region" v="de" />
    <tag k="subtype" v="road" />
    <tag k="type" v="lanelet" />
  </relation>
  <relation id="7779" version="1">
    <member type="way" ref="8102" role="left" />
    <member type="way" ref="8188" role="right" />
    <tag k="location" v="urban" />
    <tag k="one_way" v="yes" />
    <tag k="region" v="de" />
    <tag k="subtype" v="road" />
    <tag k="type" v="lanelet" />
  </relation>
  <relation id="7780" version="1">
    <member type="way" ref="8102" role="left" />
    <member type="way" ref="8171" role="right" />
    <tag k="location" v="urban" />
    <tag k="one_way" v="yes" />
    <tag k="region" v="de" />
    <tag k="subtype" v="road" />
    <tag k="type" v="lanelet" />
  </relation>
  <relation id="7781" version="1">
    <member type="way" ref="8004" role="left" />
    <member type="way" ref="7973" role="right" />
    <tag k="location" v="urban" />
    <tag k="one_way" v="yes" />
    <tag k="region" v="de" />
    <tag k="subtype" v="road" />
    <tag k="type" v="lanelet" />
  </relation>
  <relation id="7782" version="1">
    <member type="way" ref="5993" role="left" />
    <member type="way" ref="6551" role="right" />
    <tag k="location" v="urban" />
    <tag k="one_way" v="yes" />
    <tag k="region" v="de" />
    <tag k="subtype" v="road" />
    <tag k="type" v="lanelet" />
  </relation>
  <relation id="7783" version="1">
    <member type="way" ref="5996" role="left" />
    <member type="way" ref="8150" role="right" />
    <tag k="location" v="urban" />
    <tag k="one_way" v="yes" />
    <tag k="region" v="de" />
    <tag k="subtype" v="road" />
    <tag k="type" v="lanelet" />
  </relation>
  <relation id="7784" version="1">
    <member type="way" ref="8004" role="left" />
    <member type="way" ref="8040" role="right" />
    <tag k="location" v="urban" />
    <tag k="one_way" v="yes" />
    <tag k="region" v="de" />
    <tag k="subtype" v="road" />
    <tag k="type" v="lanelet" />
  </relation>
  <relation id="7785" version="1">
    <member type="way" ref="8234" role="left" />
    <member type="way" ref="8237" role="right" />
    <tag k="location" v="urban" />
    <tag k="one_way" v="yes" />
    <tag k="region" v="de" />
    <tag k="subtype" v="road" />
    <tag k="type" v="lanelet" />
  </relation>
  <relation id="7786" version="1">
    <member type="way" ref="8016" role="left" />
    <member type="way" ref="6301" role="right" />
    <tag k="location" v="urban" />
    <tag k="one_way" v="yes" />
    <tag k="region" v="de" />
    <tag k="subtype" v="road" />
    <tag k="type" v="lanelet" />
  </relation>
  <relation id="7787" version="1">
    <member type="way" ref="5974" role="left" />
    <member type="way" ref="8037" role="right" />
    <tag k="location" v="nonurban" />
    <tag k="one_way" v="yes" />
    <tag k="region" v="de" />
    <tag k="subtype" v="road" />
    <tag k="type" v="lanelet" />
  </relation>
  <relation id="7788" version="1">
    <member type="way" ref="8251" role="left" />
    <member type="way" ref="8184" role="right" />
    <tag k="location" v="urban" />
    <tag k="one_way" v="yes" />
    <tag k="region" v="de" />
    <tag k="subtype" v="road" />
    <tag k="type" v="lanelet" />
  </relation>
  <relation id="7789" version="1">
    <member type="way" ref="8092" role="left" />
    <member type="way" ref="8178" role="right" />
    <tag k="location" v="urban" />
    <tag k="one_way" v="yes" />
    <tag k="region" v="de" />
    <tag k="subtype" v="road" />
    <tag k="type" v="lanelet" />
  </relation>
  <relation id="7790" version="1">
    <member type="way" ref="8059" role="left" />
    <member type="way" ref="6337" role="right" />
    <tag k="location" v="nonurban" />
    <tag k="one_way" v="yes" />
    <tag k="region" v="de" />
    <tag k="subtype" v="road" />
    <tag k="type" v="lanelet" />
  </relation>
  <relation id="7791" version="1">
    <member type="way" ref="8258" role="left" />
    <member type="way" ref="8144" role="right" />
    <tag k="location" v="urban" />
    <tag k="one_way" v="yes" />
    <tag k="region" v="de" />
    <tag k="subtype" v="road" />
    <tag k="type" v="lanelet" />
  </relation>
  <relation id="7792" version="1">
    <member type="way" ref="8219" role="left" />
    <member type="way" ref="8068" role="right" />
    <tag k="location" v="urban" />
    <tag k="one_way" v="yes" />
    <tag k="region" v="de" />
    <tag k="subtype" v="road" />
    <tag k="type" v="lanelet" />
  </relation>
  <relation id="7793" version="1">
    <member type="way" ref="8200" role="left" />
    <member type="way" ref="5976" role="right" />
    <tag k="location" v="nonurban" />
    <tag k="one_way" v="yes" />
    <tag k="region" v="de" />
    <tag k="subtype" v="road" />
    <tag k="type" v="lanelet" />
  </relation>
  <relation id="7794" version="1">
    <member type="way" ref="7016" role="left" />
    <member type="way" ref="8030" role="right" />
    <tag k="location" v="urban" />
    <tag k="one_way" v="yes" />
    <tag k="region" v="de" />
    <tag k="subtype" v="road" />
    <tag k="type" v="lanelet" />
  </relation>
  <relation id="7795" version="1">
    <member type="way" ref="8069" role="left" />
    <member type="way" ref="8014" role="right" />
    <tag k="location" v="urban" />
    <tag k="one_way" v="yes" />
    <tag k="region" v="de" />
    <tag k="subtype" v="road" />
    <tag k="type" v="lanelet" />
  </relation>
  <relation id="7796" version="1">
    <member type="way" ref="8255" role="left" />
    <member type="way" ref="8261" role="right" />
    <tag k="location" v="nonurban" />
    <tag k="one_way" v="yes" />
    <tag k="region" v="de" />
    <tag k="subtype" v="road" />
    <tag k="type" v="lanelet" />
  </relation>
  <relation id="7797" version="1">
    <member type="way" ref="8111" role="left" />
    <member type="way" ref="8186" role="right" />
    <tag k="location" v="urban" />
    <tag k="one_way" v="yes" />
    <tag k="region" v="de" />
    <tag k="subtype" v="road" />
    <tag k="type" v="lanelet" />
  </relation>
  <relation id="7798" version="1">
    <member type="way" ref="8243" role="left" />
    <member type="way" ref="8221" role="right" />
    <tag k="location" v="nonurban" />
    <tag k="one_way" v="yes" />
    <tag k="region" v="de" />
    <tag k="subtype" v="road" />
    <tag k="type" v="lanelet" />
  </relation>
  <relation id="7799" version="1">
    <member type="way" ref="8206" role="left" />
    <member type="way" ref="8213" role="right" />
    <tag k="location" v="urban" />
    <tag k="one_way" v="yes" />
    <tag k="region" v="de" />
    <tag k="subtype" v="road" />
    <tag k="type" v="lanelet" />
  </relation>
  <relation id="7801" version="1">
    <member type="way" ref="8168" role="left" />
    <member type="way" ref="8127" role="right" />
    <tag k="location" v="urban" />
    <tag k="one_way" v="yes" />
    <tag k="region" v="de" />
    <tag k="subtype" v="road" />
    <tag k="type" v="lanelet" />
  </relation>
  <relation id="7802" version="1">
    <member type="way" ref="8017" role="left" />
    <member type="way" ref="7981" role="right" />
    <tag k="location" v="urban" />
    <tag k="one_way" v="yes" />
    <tag k="region" v="de" />
    <tag k="subtype" v="road" />
    <tag k="type" v="lanelet" />
  </relation>
  <relation id="7803" version="1">
    <member type="way" ref="8036" role="left" />
    <member type="way" ref="8054" role="right" />
    <tag k="location" v="urban" />
    <tag k="one_way" v="yes" />
    <tag k="region" v="de" />
    <tag k="subtype" v="road" />
    <tag k="type" v="lanelet" />
  </relation>
  <relation id="7804" version="1">
    <member type="way" ref="7995" role="left" />
    <member type="way" ref="6579" role="right" />
    <tag k="location" v="urban" />
    <tag k="one_way" v="yes" />
    <tag k="region" v="de" />
    <tag k="subtype" v="road" />
    <tag k="type" v="lanelet" />
  </relation>
  <relation id="7805" version="1">
    <member type="way" ref="6450" role="left" />
    <member type="way" ref="8105" role="right" />
    <tag k="location" v="urban" />
    <tag k="region" v="de" />
    <tag k="subtype" v="bicycle_lane" />
    <tag k="type" v="lanelet" />
  </relation>
  <relation id="7806" version="1">
    <member type="way" ref="6263" role="left" />
    <member type="way" ref="6302" role="right" />
    <tag k="location" v="urban" />
    <tag k="one_way" v="yes" />
    <tag k="region" v="de" />
    <tag k="subtype" v="road" />
    <tag k="type" v="lanelet" />
  </relation>
  <relation id="7807" version="1">
    <member type="way" ref="8069" role="left" />
    <member type="way" ref="8005" role="right" />
    <tag k="location" v="urban" />
    <tag k="one_way" v="yes" />
    <tag k="region" v="de" />
    <tag k="subtype" v="road" />
    <tag k="type" v="lanelet" />
  </relation>
  <relation id="7808" version="1">
    <member type="way" ref="5999" role="left" />
    <member type="way" ref="8177" role="right" />
    <tag k="location" v="urban" />
    <tag k="one_way" v="yes" />
    <tag k="region" v="de" />
    <tag k="subtype" v="road" />
    <tag k="type" v="lanelet" />
  </relation>
  <relation id="7809" version="1">
    <member type="way" ref="8201" role="left" />
    <member type="way" ref="8241" role="right" />
    <tag k="location" v="urban" />
    <tag k="one_way" v="yes" />
    <tag k="region" v="de" />
    <tag k="subtype" v="road" />
    <tag k="type" v="lanelet" />
  </relation>
  <relation id="7810" version="1">
    <member type="way" ref="5992" role="left" />
    <member type="way" ref="8154" role="right" />
    <tag k="location" v="urban" />
    <tag k="one_way" v="yes" />
    <tag k="region" v="de" />
    <tag k="subtype" v="road" />
    <tag k="type" v="lanelet" />
  </relation>
  <relation id="7811" version="1">
    <member type="way" ref="7570" role="left" />
    <member type="way" ref="6021" role="right" />
    <tag k="location" v="urban" />
    <tag k="one_way" v="yes" />
    <tag k="region" v="de" />
    <tag k="subtype" v="road" />
    <tag k="type" v="lanelet" />
  </relation>
  <relation id="7812" version="1">
    <member type="way" ref="8006" role="left" />
    <member type="way" ref="8148" role="right" />
    <tag k="location" v="urban" />
    <tag k="one_way" v="yes" />
    <tag k="region" v="de" />
    <tag k="subtype" v="road" />
    <tag k="type" v="lanelet" />
  </relation>
  <relation id="7813" version="1">
    <member type="way" ref="8031" role="left" />
    <member type="way" ref="6065" role="right" />
    <tag k="location" v="urban" />
    <tag k="one_way" v="yes" />
    <tag k="region" v="de" />
    <tag k="subtype" v="road" />
    <tag k="type" v="lanelet" />
  </relation>
  <relation id="7814" version="1">
    <member type="way" ref="8092" role="left" />
    <member type="way" ref="8083" role="right" />
    <tag k="location" v="urban" />
    <tag k="one_way" v="yes" />
    <tag k="region" v="de" />
    <tag k="subtype" v="road" />
    <tag k="type" v="lanelet" />
  </relation>
  <relation id="7815" version="1">
    <member type="way" ref="6480" role="left" />
    <member type="way" ref="8075" role="right" />
    <tag k="location" v="urban" />
    <tag k="one_way" v="yes" />
    <tag k="region" v="de" />
    <tag k="subtype" v="road" />
    <tag k="type" v="lanelet" />
  </relation>
  <relation id="7816" version="1">
    <member type="way" ref="8085" role="left" />
    <member type="way" ref="8027" role="right" />
    <tag k="location" v="urban" />
    <tag k="one_way" v="yes" />
    <tag k="region" v="de" />
    <tag k="subtype" v="road" />
    <tag k="type" v="lanelet" />
  </relation>
  <relation id="7817" version="1">
    <member type="way" ref="8203" role="left" />
    <member type="way" ref="8196" role="right" />
    <tag k="location" v="urban" />
    <tag k="one_way" v="yes" />
    <tag k="region" v="de" />
    <tag k="subtype" v="road" />
    <tag k="type" v="lanelet" />
  </relation>
  <relation id="7818" version="1">
    <member type="way" ref="5983" role="left" />
    <member type="way" ref="5986" role="right" />
    <tag k="location" v="nonurban" />
    <tag k="one_way" v="yes" />
    <tag k="region" v="de" />
    <tag k="subtype" v="road" />
    <tag k="type" v="lanelet" />
  </relation>
  <relation id="7821" version="1">
    <member type="way" ref="8136" role="left" />
    <member type="way" ref="8033" role="right" />
    <tag k="location" v="urban" />
    <tag k="one_way" v="yes" />
    <tag k="region" v="de" />
    <tag k="subtype" v="road" />
    <tag k="type" v="lanelet" />
  </relation>
  <relation id="7822" version="1">
    <member type="way" ref="8070" role="left" />
    <member type="way" ref="8259" role="right" />
    <tag k="location" v="urban" />
    <tag k="one_way" v="yes" />
    <tag k="region" v="de" />
    <tag k="subtype" v="road" />
    <tag k="type" v="lanelet" />
  </relation>
  <relation id="7823" version="1">
    <member type="way" ref="8238" role="left" />
    <member type="way" ref="8149" role="right" />
    <tag k="location" v="urban" />
    <tag k="one_way" v="yes" />
    <tag k="region" v="de" />
    <tag k="subtype" v="road" />
    <tag k="type" v="lanelet" />
  </relation>
  <relation id="7824" version="1">
    <member type="way" ref="8093" role="left" />
    <member type="way" ref="8146" role="right" />
    <tag k="location" v="nonurban" />
    <tag k="one_way" v="yes" />
    <tag k="region" v="de" />
    <tag k="subtype" v="road" />
    <tag k="type" v="lanelet" />
  </relation>
  <relation id="7825" version="1">
    <member type="way" ref="6022" role="left" />
    <member type="way" ref="8088" role="right" />
    <tag k="location" v="urban" />
    <tag k="one_way" v="yes" />
    <tag k="region" v="de" />
    <tag k="subtype" v="road" />
    <tag k="type" v="lanelet" />
  </relation>
  <relation id="7826" version="1">
    <member type="way" ref="8071" role="left" />
    <member type="way" ref="9154" role="right" />
    <tag k="location" v="urban" />
    <tag k="one_way" v="yes" />
    <tag k="region" v="de" />
    <tag k="subtype" v="road" />
    <tag k="type" v="lanelet" />
  </relation>
  <relation id="7827" version="1">
    <member type="way" ref="8073" role="left" />
    <member type="way" ref="6608" role="right" />
    <tag k="location" v="urban" />
    <tag k="one_way" v="yes" />
    <tag k="region" v="de" />
    <tag k="subtype" v="road" />
    <tag k="type" v="lanelet" />
  </relation>
  <relation id="7828" version="1">
    <member type="way" ref="8239" role="left" />
    <member type="way" ref="8121" role="right" />
    <tag k="location" v="urban" />
    <tag k="region" v="de" />
    <tag k="subtype" v="bicycle_lane" />
    <tag k="type" v="lanelet" />
  </relation>
  <relation id="7829" version="1">
    <member type="way" ref="6198" role="left" />
    <member type="way" ref="8211" role="right" />
    <tag k="location" v="urban" />
    <tag k="one_way" v="yes" />
    <tag k="region" v="de" />
    <tag k="subtype" v="highway" />
    <tag k="type" v="lanelet" />
  </relation>
  <relation id="7830" version="1">
    <member type="way" ref="8099" role="left" />
    <member type="way" ref="8218" role="right" />
    <tag k="location" v="urban" />
    <tag k="one_way" v="yes" />
    <tag k="region" v="de" />
    <tag k="subtype" v="road" />
    <tag k="type" v="lanelet" />
  </relation>
  <relation id="7831" version="1">
    <member type="way" ref="8161" role="left" />
    <member type="way" ref="8192" role="right" />
    <tag k="location" v="nonurban" />
    <tag k="one_way" v="yes" />
    <tag k="region" v="de" />
    <tag k="subtype" v="road" />
    <tag k="type" v="lanelet" />
  </relation>
  <relation id="7832" version="1">
    <member type="way" ref="7055" role="left" />
    <member type="way" ref="8139" role="right" />
    <tag k="location" v="nonurban" />
    <tag k="one_way" v="yes" />
    <tag k="region" v="de" />
    <tag k="subtype" v="road" />
    <tag k="type" v="lanelet" />
  </relation>
  <relation id="7833" version="1">
    <member type="way" ref="6616" role="left" />
    <member type="way" ref="6617" role="right" />
    <tag k="location" v="urban" />
    <tag k="one_way" v="yes" />
    <tag k="region" v="de" />
    <tag k="subtype" v="road" />
    <tag k="type" v="lanelet" />
  </relation>
  <relation id="7834" version="1">
    <member type="way" ref="6084" role="left" />
    <member type="way" ref="7999" role="right" />
    <tag k="location" v="urban" />
    <tag k="region" v="de" />
    <tag k="subtype" v="bicycle_lane" />
    <tag k="type" v="lanelet" />
  </relation>
  <relation id="7835" version="1">
    <member type="way" ref="6600" role="left" />
    <member type="way" ref="6601" role="right" />
    <tag k="location" v="urban" />
    <tag k="one_way" v="yes" />
    <tag k="region" v="de" />
    <tag k="subtype" v="road" />
    <tag k="type" v="lanelet" />
  </relation>
  <relation id="7836" version="1">
    <member type="way" ref="6314" role="left" />
    <member type="way" ref="8035" role="right" />
    <tag k="location" v="nonurban" />
    <tag k="one_way" v="yes" />
    <tag k="region" v="de" />
    <tag k="subtype" v="road" />
    <tag k="type" v="lanelet" />
  </relation>
  <relation id="7837" version="1">
    <member type="way" ref="7523" role="left" />
    <member type="way" ref="6335" role="right" />
    <tag k="location" v="nonurban" />
    <tag k="one_way" v="yes" />
    <tag k="region" v="de" />
    <tag k="subtype" v="road" />
    <tag k="type" v="lanelet" />
  </relation>
  <relation id="7838" version="1">
    <member type="way" ref="8260" role="left" />
    <member type="way" ref="8021" role="right" />
    <tag k="location" v="urban" />
    <tag k="one_way" v="yes" />
    <tag k="region" v="de" />
    <tag k="subtype" v="road" />
    <tag k="type" v="lanelet" />
  </relation>
  <relation id="7839" version="1">
    <member type="way" ref="6462" role="left" />
    <member type="way" ref="8065" role="right" />
    <tag k="location" v="urban" />
    <tag k="region" v="de" />
    <tag k="subtype" v="bicycle_lane" />
    <tag k="type" v="lanelet" />
  </relation>
  <relation id="7840" version="1">
    <member type="way" ref="6611" role="left" />
    <member type="way" ref="8236" role="right" />
    <tag k="location" v="urban" />
    <tag k="region" v="de" />
    <tag k="subtype" v="bicycle_lane" />
    <tag k="type" v="lanelet" />
  </relation>
  <relation id="7841" version="1">
    <member type="way" ref="6202" role="left" />
    <member type="way" ref="7033" role="right" />
    <tag k="location" v="urban" />
    <tag k="one_way" v="yes" />
    <tag k="region" v="de" />
    <tag k="subtype" v="highway" />
    <tag k="type" v="lanelet" />
  </relation>
  <relation id="7842" version="1">
    <member type="way" ref="7986" role="left" />
    <member type="way" ref="6475" role="right" />
    <tag k="location" v="urban" />
    <tag k="one_way" v="yes" />
    <tag k="region" v="de" />
    <tag k="subtype" v="road" />
    <tag k="type" v="lanelet" />
  </relation>
  <relation id="7844" version="1">
    <member type="way" ref="8025" role="left" />
    <member type="way" ref="8176" role="right" />
    <tag k="location" v="urban" />
    <tag k="one_way" v="yes" />
    <tag k="region" v="de" />
    <tag k="subtype" v="road" />
    <tag k="type" v="lanelet" />
  </relation>
  <relation id="7845" version="1">
    <member type="way" ref="7991" role="left" />
    <member type="way" ref="8113" role="right" />
    <tag k="location" v="urban" />
    <tag k="one_way" v="yes" />
    <tag k="region" v="de" />
    <tag k="subtype" v="road" />
    <tag k="type" v="lanelet" />
  </relation>
  <relation id="7846" version="1">
    <member type="way" ref="8078" role="left" />
    <member type="way" ref="8131" role="right" />
    <tag k="location" v="nonurban" />
    <tag k="one_way" v="yes" />
    <tag k="region" v="de" />
    <tag k="subtype" v="road" />
    <tag k="type" v="lanelet" />
  </relation>
  <relation id="7847" version="1">
    <member type="way" ref="8163" role="left" />
    <member type="way" ref="6333" role="right" />
    <tag k="location" v="nonurban" />
    <tag k="one_way" v="yes" />
    <tag k="region" v="de" />
    <tag k="subtype" v="road" />
    <tag k="type" v="lanelet" />
  </relation>
  <relation id="7848" version="1">
    <member type="way" ref="8167" role="left" />
    <member type="way" ref="8233" role="right" />
    <tag k="location" v="urban" />
    <tag k="one_way" v="yes" />
    <tag k="region" v="de" />
    <tag k="subtype" v="road" />
    <tag k="type" v="lanelet" />
  </relation>
  <relation id="7849" version="1">
    <member type="way" ref="8060" role="left" />
    <member type="way" ref="8009" role="right" />
    <tag k="location" v="urban" />
    <tag k="one_way" v="yes" />
    <tag k="region" v="de" />
    <tag k="subtype" v="road" />
    <tag k="type" v="lanelet" />
  </relation>
  <relation id="7850" version="1">
    <member type="way" ref="8139" role="left" />
    <member type="way" ref="8052" role="right" />
    <tag k="location" v="nonurban" />
    <tag k="one_way" v="yes" />
    <tag k="region" v="de" />
    <tag k="subtype" v="road" />
    <tag k="type" v="lanelet" />
  </relation>
  <relation id="7851" version="1">
    <member type="way" ref="8182" role="left" />
    <member type="way" ref="5973" role="right" />
    <tag k="location" v="nonurban" />
    <tag k="one_way" v="yes" />
    <tag k="region" v="de" />
    <tag k="subtype" v="road" />
    <tag k="type" v="lanelet" />
  </relation>
  <relation id="7852" version="1">
    <member type="way" ref="6030" role="left" />
    <member type="way" ref="8049" role="right" />
    <tag k="location" v="urban" />
    <tag k="one_way" v="yes" />
    <tag k="region" v="de" />
    <tag k="subtype" v="road" />
    <tag k="type" v="lanelet" />
  </relation>
  <relation id="7853" version="1">
    <member type="way" ref="8169" role="left" />
    <member type="way" ref="8022" role="right" />
    <tag k="location" v="nonurban" />
    <tag k="one_way" v="yes" />
    <tag k="region" v="de" />
    <tag k="subtype" v="road" />
    <tag k="type" v="lanelet" />
  </relation>
  <relation id="7854" version="1">
    <member type="way" ref="8164" role="left" />
    <member type="way" ref="8189" role="right" />
    <tag k="location" v="nonurban" />
    <tag k="one_way" v="yes" />
    <tag k="region" v="de" />
    <tag k="subtype" v="road" />
    <tag k="type" v="lanelet" />
  </relation>
  <relation id="7855" version="1">
    <member type="way" ref="8001" role="left" />
    <member type="way" ref="7969" role="right" />
    <tag k="location" v="urban" />
    <tag k="one_way" v="yes" />
    <tag k="region" v="de" />
    <tag k="subtype" v="road" />
    <tag k="type" v="lanelet" />
  </relation>
  <relation id="7856" version="1">
    <member type="way" ref="8108" role="left" />
    <member type="way" ref="8104" role="right" />
    <tag k="location" v="urban" />
    <tag k="region" v="de" />
    <tag k="subtype" v="bicycle_lane" />
    <tag k="type" v="lanelet" />
  </relation>
  <relation id="7857" version="1">
    <member type="way" ref="6075" role="left" />
    <member type="way" ref="8120" role="right" />
    <tag k="location" v="urban" />
    <tag k="one_way" v="yes" />
    <tag k="region" v="de" />
    <tag k="subtype" v="road" />
    <tag k="type" v="lanelet" />
  </relation>
  <relation id="7858" version="1">
    <member type="way" ref="8173" role="left" />
    <member type="way" ref="8056" role="right" />
    <tag k="location" v="nonurban" />
    <tag k="one_way" v="yes" />
    <tag k="region" v="de" />
    <tag k="subtype" v="road" />
    <tag k="type" v="lanelet" />
  </relation>
  <relation id="7859" version="1">
    <member type="way" ref="7966" role="left" />
    <member type="way" ref="7982" role="right" />
    <tag k="location" v="nonurban" />
    <tag k="one_way" v="yes" />
    <tag k="region" v="de" />
    <tag k="subtype" v="road" />
    <tag k="type" v="lanelet" />
  </relation>
  <relation id="7860" version="1">
    <member type="way" ref="8167" role="left" />
    <member type="way" ref="6069" role="right" />
    <tag k="location" v="urban" />
    <tag k="one_way" v="yes" />
    <tag k="region" v="de" />
    <tag k="subtype" v="road" />
    <tag k="type" v="lanelet" />
  </relation>
  <relation id="7861" version="1">
    <member type="way" ref="8082" role="left" />
    <member type="way" ref="8012" role="right" />
    <tag k="location" v="urban" />
    <tag k="region" v="de" />
    <tag k="subtype" v="bicycle_lane" />
    <tag k="type" v="lanelet" />
  </relation>
  <relation id="7862" version="1">
    <member type="way" ref="8137" role="left" />
    <member type="way" ref="8256" role="right" />
    <tag k="location" v="urban" />
    <tag k="region" v="de" />
    <tag k="subtype" v="bicycle_lane" />
    <tag k="type" v="lanelet" />
  </relation>
  <relation id="7863" version="1">
    <member type="way" ref="8036" role="left" />
    <member type="way" ref="6064" role="right" />
    <tag k="location" v="urban" />
    <tag k="one_way" v="yes" />
    <tag k="region" v="de" />
    <tag k="subtype" v="road" />
    <tag k="type" v="lanelet" />
  </relation>
  <relation id="7864" version="1">
    <member type="way" ref="8094" role="left" />
    <member type="way" ref="8239" role="right" />
    <member type="relation" ref="9126" role="regulatory_element" />
    <tag k="location" v="urban" />
    <tag k="one_way" v="yes" />
    <tag k="region" v="de" />
    <tag k="subtype" v="road" />
    <tag k="type" v="lanelet" />
  </relation>
  <relation id="7865" version="1">
    <member type="way" ref="6605" role="left" />
    <member type="way" ref="8129" role="right" />
    <member type="relation" ref="9197" role="regulatory_element" />
    <tag k="location" v="urban" />
    <tag k="region" v="de" />
    <tag k="subtype" v="bicycle_lane" />
    <tag k="type" v="lanelet" />
  </relation>
  <relation id="7866" version="1">
    <member type="way" ref="6480" role="left" />
    <member type="way" ref="8077" role="right" />
    <tag k="location" v="urban" />
    <tag k="one_way" v="yes" />
    <tag k="region" v="de" />
    <tag k="subtype" v="road" />
    <tag k="type" v="lanelet" />
  </relation>
  <relation id="7867" version="1">
    <member type="way" ref="8183" role="left" />
    <member type="way" ref="8050" role="right" />
    <tag k="location" v="urban" />
    <tag k="one_way" v="yes" />
    <tag k="region" v="de" />
    <tag k="subtype" v="road" />
    <tag k="type" v="lanelet" />
  </relation>
  <relation id="7868" version="1">
    <member type="way" ref="8216" role="left" />
    <member type="way" ref="8187" role="right" />
    <tag k="location" v="nonurban" />
    <tag k="one_way" v="yes" />
    <tag k="region" v="de" />
    <tag k="subtype" v="road" />
    <tag k="type" v="lanelet" />
  </relation>
  <relation id="7869" version="1">
    <member type="way" ref="8074" role="left" />
    <member type="way" ref="8151" role="right" />
    <tag k="location" v="urban" />
    <tag k="one_way" v="yes" />
    <tag k="region" v="de" />
    <tag k="subtype" v="road" />
    <tag k="type" v="lanelet" />
  </relation>
  <relation id="7870" version="1">
    <member type="way" ref="6619" role="left" />
    <member type="way" ref="9227" role="right" />
    <tag k="location" v="urban" />
    <tag k="one_way" v="yes" />
    <tag k="region" v="de" />
    <tag k="subtype" v="road" />
    <tag k="type" v="lanelet" />
  </relation>
  <relation id="7871" version="1">
    <member type="way" ref="8257" role="left" />
    <member type="way" ref="8249" role="right" />
    <tag k="location" v="urban" />
    <tag k="one_way" v="yes" />
    <tag k="region" v="de" />
    <tag k="subtype" v="road" />
    <tag k="type" v="lanelet" />
  </relation>
  <relation id="7872" version="1">
    <member type="way" ref="8095" role="left" />
    <member type="way" ref="8140" role="right" />
    <tag k="location" v="urban" />
    <tag k="one_way" v="yes" />
    <tag k="region" v="de" />
    <tag k="subtype" v="highway" />
    <tag k="type" v="lanelet" />
  </relation>
  <relation id="7873" version="1">
    <member type="way" ref="5989" role="left" />
    <member type="way" ref="8232" role="right" />
    <tag k="location" v="nonurban" />
    <tag k="one_way" v="yes" />
    <tag k="region" v="de" />
    <tag k="subtype" v="road" />
    <tag k="type" v="lanelet" />
  </relation>
  <relation id="7874" version="1">
    <member type="way" ref="8096" role="left" />
    <member type="way" ref="8223" role="right" />
    <tag k="location" v="urban" />
    <tag k="region" v="de" />
    <tag k="subtype" v="bicycle_lane" />
    <tag k="type" v="lanelet" />
  </relation>
  <relation id="7875" version="1">
    <member type="way" ref="6060" role="left" />
    <member type="way" ref="8116" role="right" />
    <tag k="location" v="urban" />
    <tag k="one_way" v="yes" />
    <tag k="region" v="de" />
    <tag k="subtype" v="road" />
    <tag k="type" v="lanelet" />
  </relation>
  <relation id="7876" version="1">
    <member type="way" ref="8147" role="left" />
    <member type="way" ref="8046" role="right" />
    <tag k="location" v="urban" />
    <tag k="one_way" v="yes" />
    <tag k="region" v="de" />
    <tag k="subtype" v="road" />
    <tag k="type" v="lanelet" />
  </relation>
  <relation id="7877" version="1">
    <member type="way" ref="8136" role="left" />
    <member type="way" ref="6052" role="right" />
    <tag k="location" v="urban" />
    <tag k="one_way" v="yes" />
    <tag k="region" v="de" />
    <tag k="subtype" v="road" />
    <tag k="type" v="lanelet" />
  </relation>
  <relation id="7878" version="1">
    <member type="way" ref="8115" role="left" />
    <member type="way" ref="6016" role="right" />
    <tag k="location" v="urban" />
    <tag k="one_way" v="yes" />
    <tag k="region" v="de" />
    <tag k="subtype" v="road" />
    <tag k="type" v="lanelet" />
  </relation>
  <relation id="7879" version="1">
    <member type="way" ref="7976" role="left" />
    <member type="way" ref="8108" role="right" />
    <tag k="location" v="urban" />
    <tag k="one_way" v="yes" />
    <tag k="region" v="de" />
    <tag k="subtype" v="road" />
    <tag k="type" v="lanelet" />
  </relation>
  <relation id="7880" version="1">
    <member type="way" ref="6449" role="left" />
    <member type="way" ref="8084" role="right" />
    <tag k="location" v="urban" />
    <tag k="region" v="de" />
    <tag k="subtype" v="bicycle_lane" />
    <tag k="type" v="lanelet" />
  </relation>
  <relation id="7881" version="1">
    <member type="way" ref="8206" role="left" />
    <member type="way" ref="8011" role="right" />
    <tag k="location" v="urban" />
    <tag k="one_way" v="yes" />
    <tag k="region" v="de" />
    <tag k="subtype" v="road" />
    <tag k="type" v="lanelet" />
  </relation>
  <relation id="7882" version="1">
    <member type="way" ref="8026" role="left" />
    <member type="way" ref="8231" role="right" />
    <tag k="location" v="urban" />
    <tag k="region" v="de" />
    <tag k="subtype" v="bicycle_lane" />
    <tag k="type" v="lanelet" />
  </relation>
  <relation id="7883" version="1">
    <member type="way" ref="7970" role="left" />
    <member type="way" ref="8119" role="right" />
    <tag k="location" v="urban" />
    <tag k="one_way" v="yes" />
    <tag k="region" v="de" />
    <tag k="subtype" v="road" />
    <tag k="type" v="lanelet" />
  </relation>
  <relation id="7884" version="1">
    <member type="way" ref="8141" role="left" />
    <member type="way" ref="6478" role="right" />
    <tag k="location" v="urban" />
    <tag k="one_way" v="yes" />
    <tag k="region" v="de" />
    <tag k="subtype" v="road" />
    <tag k="type" v="lanelet" />
  </relation>
  <relation id="7885" version="1">
    <member type="way" ref="8140" role="left" />
    <member type="way" ref="7056" role="right" />
    <tag k="location" v="nonurban" />
    <tag k="one_way" v="yes" />
    <tag k="region" v="de" />
    <tag k="subtype" v="road" />
    <tag k="type" v="lanelet" />
  </relation>
  <relation id="7886" version="1">
    <member type="way" ref="8087" role="left" />
    <member type="way" ref="8096" role="right" />
    <tag k="location" v="urban" />
    <tag k="one_way" v="yes" />
    <tag k="region" v="de" />
    <tag k="subtype" v="road" />
    <tag k="type" v="lanelet" />
  </relation>
  <relation id="7887" version="1">
    <member type="way" ref="8158" role="left" />
    <member type="way" ref="8160" role="right" />
    <tag k="location" v="urban" />
    <tag k="one_way" v="yes" />
    <tag k="region" v="de" />
    <tag k="subtype" v="road" />
    <tag k="type" v="lanelet" />
  </relation>
  <relation id="7888" version="1">
    <member type="way" ref="7991" role="left" />
    <member type="way" ref="8124" role="right" />
    <tag k="location" v="urban" />
    <tag k="one_way" v="yes" />
    <tag k="region" v="de" />
    <tag k="subtype" v="road" />
    <tag k="type" v="lanelet" />
  </relation>
  <relation id="7889" version="1">
    <member type="way" ref="8000" role="left" />
    <member type="way" ref="8032" role="right" />
    <tag k="location" v="urban" />
    <tag k="one_way" v="yes" />
    <tag k="region" v="de" />
    <tag k="subtype" v="road" />
    <tag k="type" v="lanelet" />
  </relation>
  <relation id="7890" version="1">
    <member type="way" ref="8257" role="left" />
    <member type="way" ref="6066" role="right" />
    <tag k="location" v="urban" />
    <tag k="one_way" v="yes" />
    <tag k="region" v="de" />
    <tag k="subtype" v="road" />
    <tag k="type" v="lanelet" />
  </relation>
  <relation id="7891" version="1">
    <member type="way" ref="6030" role="left" />
    <member type="way" ref="8039" role="right" />
    <tag k="location" v="urban" />
    <tag k="one_way" v="yes" />
    <tag k="region" v="de" />
    <tag k="subtype" v="road" />
    <tag k="type" v="lanelet" />
  </relation>
  <relation id="7892" version="1">
    <member type="way" ref="7518" role="left" />
    <member type="way" ref="8166" role="right" />
    <tag k="location" v="nonurban" />
    <tag k="one_way" v="yes" />
    <tag k="region" v="de" />
    <tag k="subtype" v="road" />
    <tag k="type" v="lanelet" />
  </relation>
  <relation id="7893" version="1">
    <member type="way" ref="7056" role="left" />
    <member type="way" ref="8164" role="right" />
    <tag k="location" v="nonurban" />
    <tag k="one_way" v="yes" />
    <tag k="region" v="de" />
    <tag k="subtype" v="road" />
    <tag k="type" v="lanelet" />
  </relation>
  <relation id="7894" version="1">
    <member type="way" ref="8135" role="left" />
    <member type="way" ref="8220" role="right" />
    <tag k="location" v="urban" />
    <tag k="one_way" v="yes" />
    <tag k="region" v="de" />
    <tag k="subtype" v="road" />
    <tag k="type" v="lanelet" />
  </relation>
  <relation id="7895" version="1">
    <member type="way" ref="6022" role="left" />
    <member type="way" ref="8034" role="right" />
    <tag k="location" v="urban" />
    <tag k="one_way" v="yes" />
    <tag k="region" v="de" />
    <tag k="subtype" v="road" />
    <tag k="type" v="lanelet" />
  </relation>
  <relation id="7896" version="1">
    <member type="way" ref="8107" role="left" />
    <member type="way" ref="5995" role="right" />
    <tag k="location" v="nonurban" />
    <tag k="one_way" v="yes" />
    <tag k="region" v="de" />
    <tag k="subtype" v="road" />
    <tag k="type" v="lanelet" />
  </relation>
  <relation id="7897" version="1">
    <member type="way" ref="6595" role="left" />
    <member type="way" ref="8029" role="right" />
    <tag k="location" v="urban" />
    <tag k="region" v="de" />
    <tag k="subtype" v="bicycle_lane" />
    <tag k="type" v="lanelet" />
  </relation>
  <relation id="7899" version="1">
    <member type="way" ref="8170" role="left" />
    <member type="way" ref="8179" role="right" />
    <tag k="location" v="nonurban" />
    <tag k="one_way" v="yes" />
    <tag k="region" v="de" />
    <tag k="subtype" v="road" />
    <tag k="type" v="lanelet" />
  </relation>
  <relation id="7901" version="1">
    <member type="way" ref="8072" role="left" />
    <member type="way" ref="5984" role="right" />
    <tag k="location" v="urban" />
    <tag k="one_way" v="yes" />
    <tag k="region" v="de" />
    <tag k="subtype" v="road" />
    <tag k="type" v="lanelet" />
  </relation>
  <relation id="7902" version="1">
    <member type="way" ref="8204" role="left" />
    <member type="way" ref="8235" role="right" />
    <tag k="location" v="urban" />
    <tag k="one_way" v="yes" />
    <tag k="region" v="de" />
    <tag k="subtype" v="highway" />
    <tag k="type" v="lanelet" />
  </relation>
  <relation id="7903" version="1">
    <member type="way" ref="7987" role="left" />
    <member type="way" ref="6564" role="right" />
    <tag k="location" v="urban" />
    <tag k="one_way" v="yes" />
    <tag k="region" v="de" />
    <tag k="subtype" v="road" />
    <tag k="type" v="lanelet" />
  </relation>
  <relation id="7904" version="1">
    <member type="way" ref="6082" role="left" />
    <member type="way" ref="6444" role="right" />
    <tag k="location" v="urban" />
    <tag k="one_way" v="yes" />
    <tag k="region" v="de" />
    <tag k="subtype" v="road" />
    <tag k="type" v="lanelet" />
  </relation>
  <relation id="7905" version="1">
    <member type="way" ref="6058" role="left" />
    <member type="way" ref="6033" role="right" />
    <tag k="location" v="urban" />
    <tag k="one_way" v="yes" />
    <tag k="region" v="de" />
    <tag k="subtype" v="road" />
    <tag k="type" v="lanelet" />
  </relation>
  <relation id="7906" version="1">
    <member type="way" ref="8089" role="left" />
    <member type="way" ref="8064" role="right" />
    <tag k="location" v="nonurban" />
    <tag k="one_way" v="yes" />
    <tag k="region" v="de" />
    <tag k="subtype" v="road" />
    <tag k="type" v="lanelet" />
  </relation>
  <relation id="7907" version="1">
    <member type="way" ref="8006" role="left" />
    <member type="way" ref="8253" role="right" />
    <tag k="location" v="urban" />
    <tag k="one_way" v="yes" />
    <tag k="region" v="de" />
    <tag k="subtype" v="road" />
    <tag k="type" v="lanelet" />
  </relation>
  <relation id="7908" version="1">
    <member type="way" ref="8043" role="left" />
    <member type="way" ref="8132" role="right" />
    <tag k="location" v="urban" />
    <tag k="one_way" v="yes" />
    <tag k="region" v="de" />
    <tag k="subtype" v="road" />
    <tag k="type" v="lanelet" />
  </relation>
  <relation id="7909" version="1">
    <member type="way" ref="8064" role="left" />
    <member type="way" ref="8181" role="right" />
    <tag k="location" v="nonurban" />
    <tag k="one_way" v="yes" />
    <tag k="region" v="de" />
    <tag k="subtype" v="road" />
    <tag k="type" v="lanelet" />
  </relation>
  <relation id="7910" version="1">
    <member type="way" ref="5975" role="left" />
    <member type="way" ref="8153" role="right" />
    <tag k="location" v="nonurban" />
    <tag k="one_way" v="yes" />
    <tag k="region" v="de" />
    <tag k="subtype" v="road" />
    <tag k="type" v="lanelet" />
  </relation>
  <relation id="7911" version="1">
    <member type="way" ref="6047" role="left" />
    <member type="way" ref="8091" role="right" />
    <tag k="location" v="urban" />
    <tag k="one_way" v="yes" />
    <tag k="region" v="de" />
    <tag k="subtype" v="road" />
    <tag k="type" v="lanelet" />
  </relation>
  <relation id="7912" version="1">
    <member type="way" ref="8187" role="left" />
    <member type="way" ref="8191" role="right" />
    <tag k="location" v="nonurban" />
    <tag k="one_way" v="yes" />
    <tag k="region" v="de" />
    <tag k="subtype" v="road" />
    <tag k="type" v="lanelet" />
  </relation>
  <relation id="7913" version="1">
    <member type="way" ref="8081" role="left" />
    <member type="way" ref="8161" role="right" />
    <tag k="location" v="nonurban" />
    <tag k="one_way" v="yes" />
    <tag k="region" v="de" />
    <tag k="subtype" v="road" />
    <tag k="type" v="lanelet" />
  </relation>
  <relation id="7914" version="1">
    <member type="way" ref="8232" role="left" />
    <member type="way" ref="6023" role="right" />
    <tag k="location" v="nonurban" />
    <tag k="one_way" v="yes" />
    <tag k="region" v="de" />
    <tag k="subtype" v="road" />
    <tag k="type" v="lanelet" />
  </relation>
  <relation id="7915" version="1">
    <member type="way" ref="8154" role="left" />
    <member type="way" ref="8202" role="right" />
    <tag k="location" v="urban" />
    <tag k="one_way" v="yes" />
    <tag k="region" v="de" />
    <tag k="subtype" v="road" />
    <tag k="type" v="lanelet" />
  </relation>
  <relation id="7916" version="1">
    <member type="way" ref="9446" role="left" />
    <member type="way" ref="6053" role="right" />
    <tag k="location" v="urban" />
    <tag k="one_way" v="yes" />
    <tag k="region" v="de" />
    <tag k="subtype" v="road" />
    <tag k="type" v="lanelet" />
  </relation>
  <relation id="7917" version="1">
    <member type="way" ref="8208" role="left" />
    <member type="way" ref="8247" role="right" />
    <tag k="location" v="urban" />
    <tag k="one_way" v="yes" />
    <tag k="region" v="de" />
    <tag k="subtype" v="road" />
    <tag k="type" v="lanelet" />
  </relation>
  <relation id="7918" version="1">
    <member type="way" ref="8180" role="left" />
    <member type="way" ref="8114" role="right" />
    <tag k="location" v="urban" />
    <tag k="one_way" v="yes" />
    <tag k="region" v="de" />
    <tag k="subtype" v="road" />
    <tag k="type" v="lanelet" />
  </relation>
  <relation id="7919" version="1">
    <member type="way" ref="8125" role="left" />
    <member type="way" ref="8031" role="right" />
    <tag k="location" v="urban" />
    <tag k="one_way" v="yes" />
    <tag k="region" v="de" />
    <tag k="subtype" v="road" />
    <tag k="type" v="lanelet" />
  </relation>
  <relation id="7920" version="1">
    <member type="way" ref="7524" role="left" />
    <member type="way" ref="8209" role="right" />
    <tag k="location" v="urban" />
    <tag k="one_way" v="yes" />
    <tag k="region" v="de" />
    <tag k="subtype" v="road" />
    <tag k="type" v="lanelet" />
  </relation>
  <relation id="7921" version="1">
    <member type="way" ref="8045" role="left" />
    <member type="way" ref="7967" role="right" />
    <tag k="location" v="urban" />
    <tag k="one_way" v="yes" />
    <tag k="region" v="de" />
    <tag k="subtype" v="road" />
    <tag k="type" v="lanelet" />
  </relation>
  <relation id="7922" version="1">
    <member type="way" ref="8025" role="left" />
    <member type="way" ref="6028" role="right" />
    <tag k="location" v="urban" />
    <tag k="one_way" v="yes" />
    <tag k="region" v="de" />
    <tag k="subtype" v="road" />
    <tag k="type" v="lanelet" />
  </relation>
  <relation id="7923" version="1">
    <member type="way" ref="8159" role="left" />
    <member type="way" ref="8019" role="right" />
    <tag k="location" v="urban" />
    <tag k="one_way" v="yes" />
    <tag k="region" v="de" />
    <tag k="subtype" v="road" />
    <tag k="type" v="lanelet" />
  </relation>
  <relation id="7924" version="1">
    <member type="way" ref="8159" role="left" />
    <member type="way" ref="8101" role="right" />
    <tag k="location" v="urban" />
    <tag k="one_way" v="yes" />
    <tag k="region" v="de" />
    <tag k="subtype" v="road" />
    <tag k="type" v="lanelet" />
  </relation>
  <relation id="7925" version="1">
    <member type="way" ref="7993" role="left" />
    <member type="way" ref="8175" role="right" />
    <tag k="location" v="urban" />
    <tag k="one_way" v="yes" />
    <tag k="region" v="de" />
    <tag k="subtype" v="road" />
    <tag k="type" v="lanelet" />
  </relation>
  <relation id="7926" version="1">
    <member type="way" ref="7993" role="left" />
    <member type="way" ref="8020" role="right" />
    <tag k="location" v="urban" />
    <tag k="one_way" v="yes" />
    <tag k="region" v="de" />
    <tag k="subtype" v="road" />
    <tag k="type" v="lanelet" />
  </relation>
  <relation id="7927" version="1">
    <member type="way" ref="6061" role="left" />
    <member type="way" ref="6063" role="right" />
    <tag k="location" v="urban" />
    <tag k="one_way" v="yes" />
    <tag k="region" v="de" />
    <tag k="subtype" v="road" />
    <tag k="type" v="lanelet" />
  </relation>
  <relation id="7928" version="1">
    <member type="way" ref="6061" role="left" />
    <member type="way" ref="7985" role="right" />
    <tag k="location" v="urban" />
    <tag k="one_way" v="yes" />
    <tag k="region" v="de" />
    <tag k="subtype" v="road" />
    <tag k="type" v="lanelet" />
  </relation>
  <relation id="7929" version="1">
    <member type="way" ref="8112" role="left" />
    <member type="way" ref="8018" role="right" />
    <tag k="location" v="urban" />
    <tag k="one_way" v="yes" />
    <tag k="region" v="de" />
    <tag k="subtype" v="road" />
    <tag k="type" v="lanelet" />
  </relation>
  <relation id="7930" version="1">
    <member type="way" ref="8112" role="left" />
    <member type="way" ref="8126" role="right" />
    <tag k="location" v="urban" />
    <tag k="one_way" v="yes" />
    <tag k="region" v="de" />
    <tag k="subtype" v="road" />
    <tag k="type" v="lanelet" />
  </relation>
  <relation id="7931" version="1">
    <member type="way" ref="6040" role="left" />
    <member type="way" ref="8250" role="right" />
    <tag k="location" v="urban" />
    <tag k="one_way" v="yes" />
    <tag k="region" v="de" />
    <tag k="subtype" v="road" />
    <tag k="type" v="lanelet" />
  </relation>
  <relation id="7932" version="1">
    <member type="way" ref="6040" role="left" />
    <member type="way" ref="6039" role="right" />
    <tag k="location" v="urban" />
    <tag k="one_way" v="yes" />
    <tag k="region" v="de" />
    <tag k="subtype" v="road" />
    <tag k="type" v="lanelet" />
  </relation>
  <relation id="7933" version="1">
    <member type="way" ref="8219" role="left" />
    <member type="way" ref="8230" role="right" />
    <tag k="location" v="urban" />
    <tag k="one_way" v="yes" />
    <tag k="region" v="de" />
    <tag k="subtype" v="road" />
    <tag k="type" v="lanelet" />
  </relation>
  <relation id="7934" version="1">
    <member type="way" ref="8017" role="left" />
    <member type="way" ref="8053" role="right" />
    <tag k="location" v="urban" />
    <tag k="one_way" v="yes" />
    <tag k="region" v="de" />
    <tag k="subtype" v="road" />
    <tag k="type" v="lanelet" />
  </relation>
  <relation id="7935" version="1">
    <member type="way" ref="8260" role="left" />
    <member type="way" ref="8246" role="right" />
    <tag k="location" v="urban" />
    <tag k="one_way" v="yes" />
    <tag k="region" v="de" />
    <tag k="subtype" v="road" />
    <tag k="type" v="lanelet" />
  </relation>
  <relation id="7936" version="1">
    <member type="way" ref="8007" role="left" />
    <member type="way" ref="8003" role="right" />
    <tag k="location" v="urban" />
    <tag k="one_way" v="yes" />
    <tag k="region" v="de" />
    <tag k="subtype" v="road" />
    <tag k="type" v="lanelet" />
  </relation>
  <relation id="7937" version="1">
    <member type="way" ref="8007" role="left" />
    <member type="way" ref="8008" role="right" />
    <tag k="location" v="urban" />
    <tag k="one_way" v="yes" />
    <tag k="region" v="de" />
    <tag k="subtype" v="road" />
    <tag k="type" v="lanelet" />
  </relation>
  <relation id="7938" version="1">
    <member type="way" ref="8001" role="left" />
    <member type="way" ref="8245" role="right" />
    <tag k="location" v="urban" />
    <tag k="one_way" v="yes" />
    <tag k="region" v="de" />
    <tag k="subtype" v="road" />
    <tag k="type" v="lanelet" />
  </relation>
  <relation id="7939" version="1">
    <member type="way" ref="8055" role="left" />
    <member type="way" ref="8198" role="right" />
    <tag k="location" v="urban" />
    <tag k="one_way" v="yes" />
    <tag k="region" v="de" />
    <tag k="subtype" v="road" />
    <tag k="type" v="lanelet" />
  </relation>
  <relation id="7940" version="1">
    <member type="way" ref="8055" role="left" />
    <member type="way" ref="8061" role="right" />
    <tag k="location" v="urban" />
    <tag k="one_way" v="yes" />
    <tag k="region" v="de" />
    <tag k="subtype" v="road" />
    <tag k="type" v="lanelet" />
  </relation>
  <relation id="7941" version="1">
    <member type="way" ref="7996" role="left" />
    <member type="way" ref="8002" role="right" />
    <tag k="location" v="urban" />
    <tag k="one_way" v="yes" />
    <tag k="region" v="de" />
    <tag k="subtype" v="road" />
    <tag k="type" v="lanelet" />
  </relation>
  <relation id="7942" version="1">
    <member type="way" ref="7996" role="left" />
    <member type="way" ref="8145" role="right" />
    <tag k="location" v="urban" />
    <tag k="one_way" v="yes" />
    <tag k="region" v="de" />
    <tag k="subtype" v="road" />
    <tag k="type" v="lanelet" />
  </relation>
  <relation id="7943" version="1">
    <member type="way" ref="6308" role="left" />
    <member type="way" ref="6304" role="right" />
    <tag k="location" v="urban" />
    <tag k="one_way" v="yes" />
    <tag k="region" v="de" />
    <tag k="subtype" v="road" />
    <tag k="type" v="lanelet" />
  </relation>
  <relation id="7944" version="1">
    <member type="way" ref="6308" role="left" />
    <member type="way" ref="6310" role="right" />
    <tag k="location" v="urban" />
    <tag k="one_way" v="yes" />
    <tag k="region" v="de" />
    <tag k="subtype" v="road" />
    <tag k="type" v="lanelet" />
  </relation>
  <relation id="7945" version="1">
    <member type="way" ref="8000" role="left" />
    <member type="way" ref="8010" role="right" />
    <tag k="location" v="urban" />
    <tag k="one_way" v="yes" />
    <tag k="region" v="de" />
    <tag k="subtype" v="road" />
    <tag k="type" v="lanelet" />
  </relation>
  <relation id="7946" version="1">
    <member type="way" ref="7998" role="left" />
    <member type="way" ref="8143" role="right" />
    <tag k="location" v="urban" />
    <tag k="one_way" v="yes" />
    <tag k="region" v="de" />
    <tag k="subtype" v="road" />
    <tag k="type" v="lanelet" />
  </relation>
  <relation id="7947" version="1">
    <member type="way" ref="8248" role="left" />
    <member type="way" ref="6045" role="right" />
    <tag k="location" v="urban" />
    <tag k="one_way" v="yes" />
    <tag k="region" v="de" />
    <tag k="subtype" v="road" />
    <tag k="type" v="lanelet" />
  </relation>
  <relation id="7948" version="1">
    <member type="way" ref="6311" role="left" />
    <member type="way" ref="8110" role="right" />
    <tag k="location" v="urban" />
    <tag k="one_way" v="yes" />
    <tag k="region" v="de" />
    <tag k="subtype" v="road" />
    <tag k="type" v="lanelet" />
  </relation>
  <relation id="7949" version="1">
    <member type="way" ref="6306" role="left" />
    <member type="way" ref="8015" role="right" />
    <tag k="location" v="urban" />
    <tag k="one_way" v="yes" />
    <tag k="region" v="de" />
    <tag k="subtype" v="road" />
    <tag k="type" v="lanelet" />
  </relation>
  <relation id="7950" version="1">
    <member type="way" ref="8248" role="left" />
    <member type="way" ref="7015" role="right" />
    <tag k="location" v="urban" />
    <tag k="one_way" v="yes" />
    <tag k="region" v="de" />
    <tag k="subtype" v="road" />
    <tag k="type" v="lanelet" />
  </relation>
  <relation id="7951" version="1">
    <member type="way" ref="6311" role="left" />
    <member type="way" ref="6305" role="right" />
    <tag k="location" v="urban" />
    <tag k="one_way" v="yes" />
    <tag k="region" v="de" />
    <tag k="subtype" v="road" />
    <tag k="type" v="lanelet" />
  </relation>
  <relation id="7952" version="1">
    <member type="way" ref="6306" role="left" />
    <member type="way" ref="7633" role="right" />
    <tag k="location" v="urban" />
    <tag k="one_way" v="yes" />
    <tag k="region" v="de" />
    <tag k="subtype" v="road" />
    <tag k="type" v="lanelet" />
  </relation>
  <relation id="7953" version="1">
    <member type="way" ref="8190" role="left" />
    <member type="way" ref="8123" role="right" />
    <member type="way" ref="9451" role="centerline" />
    <tag k="location" v="urban" />
    <tag k="one_way" v="yes" />
    <tag k="region" v="de" />
    <tag k="subtype" v="road" />
    <tag k="type" v="lanelet" />
  </relation>
  <relation id="7954" version="1">
    <member type="way" ref="7052" role="left" />
    <member type="way" ref="7972" role="right" />
    <tag k="location" v="urban" />
    <tag k="region" v="de" />
    <tag k="subtype" v="bicycle_lane" />
    <tag k="type" v="lanelet" />
  </relation>
  <relation id="7955" version="1">
    <member type="way" ref="6050" role="left" />
    <member type="way" ref="8128" role="right" />
    <tag k="location" v="urban" />
    <tag k="region" v="de" />
    <tag k="subtype" v="bicycle_lane" />
    <tag k="type" v="lanelet" />
  </relation>
  <relation id="7956" version="1">
    <member type="way" ref="6083" role="left" />
    <member type="way" ref="6453" role="right" />
    <tag k="location" v="urban" />
    <tag k="region" v="de" />
    <tag k="subtype" v="bicycle_lane" />
    <tag k="type" v="lanelet" />
  </relation>
  <relation id="7957" version="1">
    <member type="way" ref="6612" role="left" />
    <member type="way" ref="6613" role="right" />
    <tag k="location" v="urban" />
    <tag k="one_way" v="yes" />
    <tag k="region" v="de" />
    <tag k="subtype" v="road" />
    <tag k="type" v="lanelet" />
  </relation>
  <relation id="7958" version="1">
    <member type="way" ref="7656" role="left" />
    <member type="way" ref="8076" role="right" />
    <tag k="location" v="urban" />
    <tag k="one_way" v="yes" />
    <tag k="region" v="de" />
    <tag k="subtype" v="road" />
    <tag k="type" v="lanelet" />
  </relation>
  <relation id="7959" version="1">
    <member type="way" ref="6610" role="left" />
    <member type="way" ref="6084" role="right" />
    <tag k="location" v="urban" />
    <tag k="one_way" v="yes" />
    <tag k="region" v="de" />
    <tag k="subtype" v="road" />
    <tag k="type" v="lanelet" />
  </relation>
  <relation id="7960" version="1">
    <member type="way" ref="6085" role="left" />
    <member type="way" ref="6462" role="right" />
    <tag k="location" v="urban" />
    <tag k="one_way" v="yes" />
    <tag k="region" v="de" />
    <tag k="subtype" v="road" />
    <tag k="type" v="lanelet" />
  </relation>
  <relation id="7961" version="1">
    <member type="way" ref="7990" role="left" />
    <member type="way" ref="6577" role="right" />
    <tag k="location" v="urban" />
    <tag k="one_way" v="yes" />
    <tag k="region" v="de" />
    <tag k="subtype" v="road" />
    <tag k="type" v="lanelet" />
  </relation>
  <relation id="7962" version="1">
    <member type="way" ref="7989" role="left" />
    <member type="way" ref="6573" role="right" />
    <tag k="location" v="urban" />
    <tag k="one_way" v="yes" />
    <tag k="region" v="de" />
    <tag k="subtype" v="road" />
    <tag k="type" v="lanelet" />
  </relation>
  <relation id="7964" version="1">
    <member type="way" ref="8097" role="left" />
    <member type="way" ref="8137" role="right" />
    <tag k="location" v="urban" />
    <tag k="one_way" v="yes" />
    <tag k="region" v="de" />
    <tag k="subtype" v="road" />
    <tag k="type" v="lanelet" />
  </relation>
  <relation id="7965" version="1">
    <member type="way" ref="6463" role="left" />
    <member type="way" ref="6083" role="right" />
    <tag k="location" v="urban" />
    <tag k="one_way" v="yes" />
    <tag k="region" v="de" />
    <tag k="subtype" v="road" />
    <tag k="type" v="lanelet" />
  </relation>
  <relation id="9057" version="1">
    <member type="way" ref="9643" role="ref_line" />
    <member type="way" ref="8134" role="refers" />
    <member type="way" ref="9637" role="refers" />
    <tag k="subtype" v="traffic_light" />
    <tag k="type" v="regulatory_element" />
  </relation>
  <relation id="9058" version="1">
    <member type="way" ref="7979" role="ref_line" />
    <member type="way" ref="7992" role="refers" />
    <member type="way" ref="9624" role="refers" />
    <tag k="subtype" v="traffic_light" />
    <tag k="type" v="regulatory_element" />
  </relation>
  <relation id="9059" version="1">
    <member type="way" ref="9084" role="left" />
    <member type="way" ref="9080" role="right" />
    <tag k="location" v="urban" />
    <tag k="region" v="de" />
    <tag k="subtype" v="bicycle_lane" />
    <tag k="type" v="lanelet" />
  </relation>
  <relation id="9060" version="1">
    <member type="way" ref="8103" role="left" />
    <member type="way" ref="8156" role="right" />
    <tag k="location" v="urban" />
    <tag k="region" v="de" />
    <tag k="subtype" v="bicycle_lane" />
    <tag k="type" v="lanelet" />
  </relation>
  <relation id="9061" version="1">
    <member type="way" ref="6437" role="left" />
    <member type="way" ref="6540" role="right" />
    <tag k="location" v="urban" />
    <tag k="one_way" v="yes" />
    <tag k="region" v="de" />
    <tag k="subtype" v="road" />
    <tag k="type" v="lanelet" />
  </relation>
  <relation id="9063" version="1">
    <member type="way" ref="6056" role="left" />
    <member type="way" ref="6590" role="right" />
    <tag k="location" v="urban" />
    <tag k="one_way" v="yes" />
    <tag k="region" v="de" />
    <tag k="subtype" v="road" />
    <tag k="type" v="lanelet" />
  </relation>
  <relation id="9064" version="1">
    <member type="way" ref="9097" role="left" />
    <member type="way" ref="9082" role="right" />
    <tag k="location" v="urban" />
    <tag k="one_way" v="yes" />
    <tag k="region" v="de" />
    <tag k="subtype" v="road" />
    <tag k="type" v="lanelet" />
  </relation>
  <relation id="9065" version="1">
    <member type="way" ref="9093" role="left" />
    <member type="way" ref="9092" role="right" />
    <tag k="location" v="urban" />
    <tag k="region" v="de" />
    <tag k="subtype" v="bicycle_lane" />
    <tag k="type" v="lanelet" />
  </relation>
  <relation id="9066" version="1">
    <member type="way" ref="9085" role="left" />
    <member type="way" ref="6086" role="right" />
    <tag k="location" v="urban" />
    <tag k="region" v="de" />
    <tag k="subtype" v="bicycle_lane" />
    <tag k="type" v="lanelet" />
  </relation>
  <relation id="9067" version="1">
    <member type="way" ref="9098" role="left" />
    <member type="way" ref="9091" role="right" />
    <tag k="location" v="urban" />
    <tag k="region" v="de" />
    <tag k="subtype" v="bicycle_lane" />
    <tag k="type" v="lanelet" />
  </relation>
  <relation id="9068" version="1">
    <member type="way" ref="9077" role="left" />
    <member type="way" ref="9096" role="right" />
    <tag k="location" v="urban" />
    <tag k="region" v="de" />
    <tag k="subtype" v="bicycle_lane" />
    <tag k="type" v="lanelet" />
  </relation>
  <relation id="9069" version="1">
    <member type="way" ref="9079" role="left" />
    <member type="way" ref="6599" role="right" />
    <tag k="location" v="urban" />
    <tag k="region" v="de" />
    <tag k="subtype" v="bicycle_lane" />
    <tag k="type" v="lanelet" />
  </relation>
  <relation id="9070" version="1">
    <member type="way" ref="9088" role="left" />
    <member type="way" ref="6587" role="right" />
    <tag k="location" v="urban" />
    <tag k="region" v="de" />
    <tag k="subtype" v="bicycle_lane" />
    <tag k="type" v="lanelet" />
  </relation>
  <relation id="9071" version="1">
    <member type="way" ref="6056" role="left" />
    <member type="way" ref="6050" role="right" />
    <tag k="location" v="urban" />
    <tag k="one_way" v="yes" />
    <tag k="region" v="de" />
    <tag k="subtype" v="road" />
    <tag k="type" v="lanelet" />
  </relation>
  <relation id="9072" version="1">
    <member type="way" ref="7047" role="left" />
    <member type="way" ref="9093" role="right" />
    <tag k="location" v="urban" />
    <tag k="one_way" v="yes" />
    <tag k="region" v="de" />
    <tag k="subtype" v="road" />
    <tag k="type" v="lanelet" />
  </relation>
  <relation id="9073" version="1">
    <member type="way" ref="9078" role="left" />
    <member type="way" ref="6593" role="right" />
    <tag k="location" v="urban" />
    <tag k="region" v="de" />
    <tag k="subtype" v="bicycle_lane" />
    <tag k="type" v="lanelet" />
  </relation>
  <relation id="9074" version="1">
    <member type="way" ref="9082" role="left" />
    <member type="way" ref="7042" role="right" />
    <tag k="location" v="urban" />
    <tag k="region" v="de" />
    <tag k="subtype" v="bicycle_lane" />
    <tag k="type" v="lanelet" />
  </relation>
  <relation id="9075" version="1">
    <member type="way" ref="9083" role="left" />
    <member type="way" ref="7024" role="right" />
    <tag k="location" v="urban" />
    <tag k="region" v="de" />
    <tag k="subtype" v="bicycle_lane" />
    <tag k="type" v="lanelet" />
  </relation>
  <relation id="9076" version="1">
    <member type="way" ref="9086" role="left" />
    <member type="way" ref="9087" role="right" />
    <tag k="location" v="urban" />
    <tag k="one_way" v="yes" />
    <tag k="region" v="de" />
    <tag k="subtype" v="road" />
    <tag k="type" v="lanelet" />
  </relation>
  <relation id="9126" version="1">
    <member type="relation" ref="7864" role="right_of_way" />
    <member type="relation" ref="7884" role="yield" />
    <tag k="subtype" v="right_of_way" />
    <tag k="type" v="regulatory_element" />
  </relation>
  <relation id="9127" version="1">
    <member type="way" ref="9140" role="left" />
    <member type="way" ref="6001" role="right" />
    <tag k="location" v="urban" />
    <tag k="region" v="de" />
    <tag k="subtype" v="bicycle_lane" />
    <tag k="type" v="lanelet" />
  </relation>
  <relation id="9128" version="1">
    <member type="way" ref="9153" role="left" />
    <member type="way" ref="6610" role="right" />
    <tag k="location" v="urban" />
    <tag k="region" v="de" />
    <tag k="subtype" v="bicycle_lane" />
    <tag k="type" v="lanelet" />
  </relation>
  <relation id="9129" version="1">
    <member type="way" ref="9152" role="left" />
    <member type="way" ref="9145" role="right" />
    <tag k="location" v="urban" />
    <tag k="one_way" v="yes" />
    <tag k="region" v="de" />
    <tag k="subtype" v="road" />
    <tag k="type" v="lanelet" />
  </relation>
  <relation id="9133" version="1">
    <member type="way" ref="9154" role="left" />
    <member type="way" ref="8109" role="right" />
    <tag k="location" v="urban" />
    <tag k="region" v="de" />
    <tag k="subtype" v="bicycle_lane" />
    <tag k="type" v="lanelet" />
  </relation>
  <relation id="9136" version="1">
    <member type="way" ref="8086" role="left" />
    <member type="way" ref="9207" role="right" />
    <tag k="location" v="urban" />
    <tag k="one_way" v="yes" />
    <tag k="region" v="de" />
    <tag k="subtype" v="road" />
    <tag k="type" v="lanelet" />
  </relation>
  <relation id="9137" version="1">
    <member type="way" ref="6485" role="left" />
    <member type="way" ref="9149" role="right" />
    <tag k="location" v="urban" />
    <tag k="one_way" v="yes" />
    <tag k="region" v="de" />
    <tag k="subtype" v="road" />
    <tag k="type" v="lanelet" />
  </relation>
  <relation id="9197" version="1">
    <member type="way" ref="6625" role="refers" />
    <member type="way" ref="9151" role="ref_line" />
    <tag k="subtype" v="traffic_light" />
    <tag k="type" v="regulatory_element" />
  </relation>
  <relation id="9198" version="1">
    <member type="way" ref="6627" role="ref_line" />
    <member type="way" ref="6626" role="refers" />
    <tag k="subtype" v="traffic_light" />
    <tag k="type" v="regulatory_element" />
  </relation>
  <relation id="9199" version="1">
    <member type="way" ref="6626" role="refers" />
    <member type="way" ref="9155" role="ref_line" />
    <tag k="subtype" v="traffic_light" />
    <tag k="type" v="regulatory_element" />
  </relation>
  <relation id="9203" version="1">
    <member type="way" ref="9094" role="left" />
    <member type="way" ref="7046" role="right" />
    <tag k="location" v="urban" />
    <tag k="one_way" v="yes" />
    <tag k="region" v="de" />
    <tag k="subtype" v="road" />
    <tag k="type" v="lanelet" />
  </relation>
  <relation id="9219" version="1">
    <member type="way" ref="9234" role="left" />
    <member type="way" ref="6280" role="right" />
    <tag k="location" v="urban" />
    <tag k="one_way" v="yes" />
    <tag k="region" v="de" />
    <tag k="subtype" v="road" />
    <tag k="type" v="lanelet" />
  </relation>
  <relation id="9220" version="1">
    <member type="way" ref="6081" role="left" />
    <member type="way" ref="9233" role="right" />
    <tag k="location" v="urban" />
    <tag k="one_way" v="yes" />
    <tag k="region" v="de" />
    <tag k="subtype" v="road" />
    <tag k="type" v="lanelet" />
  </relation>
  <relation id="9221" version="1">
    <member type="way" ref="9236" role="left" />
    <member type="way" ref="9235" role="right" />
    <member type="way" ref="9281" role="centerline" />
    <tag k="location" v="urban" />
    <tag k="one_way" v="yes" />
    <tag k="region" v="de" />
    <tag k="subtype" v="road" />
    <tag k="type" v="lanelet" />
  </relation>
  <relation id="9222" version="1">
    <member type="way" ref="5966" role="left" />
    <member type="way" ref="9237" role="right" />
    <tag k="location" v="urban" />
    <tag k="one_way" v="no" />
    <tag k="region" v="de" />
    <tag k="subtype" v="road" />
    <tag k="type" v="lanelet" />
  </relation>
  <relation id="9223" version="1">
    <member type="way" ref="9228" role="left" />
    <member type="way" ref="9229" role="right" />
    <tag k="location" v="urban" />
    <tag k="one_way" v="yes" />
    <tag k="region" v="de" />
    <tag k="subtype" v="bicycle_lane" />
    <tag k="type" v="lanelet" />
  </relation>
  <relation id="9225" version="1">
    <member type="way" ref="9239" role="left" />
    <member type="way" ref="5965" role="right" />
    <tag k="location" v="urban" />
    <tag k="one_way" v="no" />
    <tag k="region" v="de" />
    <tag k="subtype" v="road" />
    <tag k="type" v="lanelet" />
  </relation>
  <relation id="9226" version="1">
    <member type="way" ref="9232" role="left" />
    <member type="way" ref="9241" role="right" />
    <member type="way" ref="9277" role="centerline" />
    <tag k="location" v="urban" />
    <tag k="one_way" v="yes" />
    <tag k="region" v="de" />
    <tag k="subtype" v="road" />
    <tag k="type" v="lanelet" />
  </relation>
  <relation id="9262" version="1">
    <member type="way" ref="7976" role="left" />
    <member type="way" ref="8097" role="right" />
    <tag k="location" v="urban" />
    <tag k="one_way" v="yes" />
    <tag k="region" v="de" />
    <tag k="subtype" v="road" />
    <tag k="type" v="lanelet" />
  </relation>
  <relation id="9263" version="1">
    <member type="way" ref="9150" role="left" />
    <member type="way" ref="9273" role="right" />
    <tag k="location" v="urban" />
    <tag k="one_way" v="yes" />
    <tag k="region" v="de" />
    <tag k="subtype" v="road" />
    <tag k="type" v="lanelet" />
  </relation>
  <relation id="9264" version="1">
    <member type="way" ref="9290" role="left" />
    <member type="way" ref="7978" role="right" />
    <tag k="location" v="urban" />
    <tag k="one_way" v="yes" />
    <tag k="region" v="de" />
    <tag k="subtype" v="road" />
    <tag k="type" v="lanelet" />
  </relation>
  <relation id="9265" version="1">
    <member type="way" ref="9286" role="left" />
    <member type="way" ref="9282" role="right" />
    <tag k="location" v="urban" />
    <tag k="one_way" v="yes" />
    <tag k="region" v="de" />
    <tag k="subtype" v="road" />
    <tag k="type" v="lanelet" />
  </relation>
  <relation id="9266" version="1">
    <member type="way" ref="9286" role="left" />
    <member type="way" ref="9287" role="right" />
    <tag k="location" v="urban" />
    <tag k="one_way" v="yes" />
    <tag k="region" v="de" />
    <tag k="subtype" v="road" />
    <tag k="type" v="lanelet" />
  </relation>
  <relation id="9267" version="1">
    <member type="way" ref="9283" role="left" />
    <member type="way" ref="9275" role="right" />
    <member type="way" ref="9274" role="centerline" />
    <tag k="location" v="urban" />
    <tag k="one_way" v="yes" />
    <tag k="region" v="de" />
    <tag k="subtype" v="road" />
    <tag k="type" v="lanelet" />
  </relation>
  <relation id="9268" version="1">
    <member type="way" ref="9288" role="left" />
    <member type="way" ref="9279" role="right" />
    <member type="way" ref="9278" role="centerline" />
    <tag k="location" v="urban" />
    <tag k="one_way" v="yes" />
    <tag k="region" v="de" />
    <tag k="subtype" v="road" />
    <tag k="type" v="lanelet" />
  </relation>
  <relation id="9269" version="1">
    <member type="way" ref="6496" role="left" />
    <member type="way" ref="6497" role="right" />
    <member type="relation" ref="7737" role="regulatory_element" />
    <tag k="location" v="urban" />
    <tag k="one_way" v="yes" />
    <tag k="region" v="de" />
    <tag k="subtype" v="road" />
    <tag k="type" v="lanelet" />
  </relation>
  <relation id="9270" version="1">
    <member type="way" ref="9290" role="left" />
    <member type="way" ref="9291" role="right" />
    <tag k="location" v="urban" />
    <tag k="one_way" v="yes" />
    <tag k="region" v="de" />
    <tag k="subtype" v="road" />
    <tag k="type" v="lanelet" />
  </relation>
  <relation id="9271" version="1">
    <member type="way" ref="7047" role="left" />
    <member type="way" ref="7027" role="right" />
    <member type="relation" ref="6978" role="regulatory_element" />
    <tag k="location" v="urban" />
    <tag k="one_way" v="yes" />
    <tag k="region" v="de" />
    <tag k="subtype" v="road" />
    <tag k="type" v="lanelet" />
  </relation>
  <relation id="9415" version="1">
    <member type="way" ref="9417" role="left" />
    <member type="way" ref="9418" role="right" />
    <tag k="location" v="urban" />
    <tag k="one_way" v="yes" />
    <tag k="region" v="de" />
    <tag k="subtype" v="road" />
    <tag k="type" v="lanelet" />
  </relation>
  <relation id="9442" version="1">
    <member type="way" ref="9447" role="left" />
    <member type="way" ref="9453" role="right" />
    <tag k="location" v="urban" />
    <tag k="one_way" v="no" />
    <tag k="region" v="de" />
    <tag k="subtype" v="road" />
    <tag k="type" v="lanelet" />
  </relation>
  <relation id="9443" version="1">
    <member type="way" ref="9452" role="left" />
    <member type="way" ref="9153" role="right" />
    <tag k="location" v="urban" />
    <tag k="one_way" v="yes" />
    <tag k="region" v="de" />
    <tag k="subtype" v="road" />
    <tag k="type" v="lanelet" />
  </relation>
  <relation id="9444" version="1">
    <member type="way" ref="6459" role="left" />
    <member type="way" ref="9147" role="right" />
    <tag k="location" v="urban" />
    <tag k="one_way" v="yes" />
    <tag k="region" v="de" />
    <tag k="subtype" v="road" />
    <tag k="type" v="lanelet" />
  </relation>
  <relation id="9539" version="1">
    <member type="way" ref="6496" role="left" />
    <member type="way" ref="9540" role="right" />
    <tag k="location" v="urban" />
    <tag k="one_way" v="yes" />
    <tag k="region" v="de" />
    <tag k="subtype" v="road" />
    <tag k="type" v="lanelet" />
  </relation>
  <relation id="9542" version="1">
    <member type="way" ref="9550" role="left" />
    <member type="way" ref="9551" role="right" />
    <tag k="location" v="urban" />
    <tag k="one_way" v="yes" />
    <tag k="region" v="de" />
    <tag k="subtype" v="road" />
    <tag k="type" v="lanelet" />
  </relation>
  <relation id="9543" version="1">
    <member type="way" ref="9417" role="left" />
    <member type="way" ref="9547" role="right" />
    <tag k="location" v="urban" />
    <tag k="one_way" v="yes" />
    <tag k="region" v="de" />
    <tag k="subtype" v="road" />
    <tag k="type" v="lanelet" />
  </relation>
  <relation id="9544" version="1">
    <member type="way" ref="8141" role="left" />
    <member type="way" ref="9546" role="right" />
    <tag k="location" v="urban" />
    <tag k="one_way" v="yes" />
    <tag k="region" v="de" />
    <tag k="subtype" v="road" />
    <tag k="type" v="lanelet" />
  </relation>
  <relation id="9545" version="1">
    <member type="way" ref="7639" role="left" />
    <member type="way" ref="9549" role="right" />
    <tag k="location" v="urban" />
    <tag k="one_way" v="yes" />
    <tag k="region" v="de" />
    <tag k="subtype" v="road" />
    <tag k="type" v="lanelet" />
  </relation>
  <relation id="9607" version="1">
    <member type="way" ref="8057" role="ref_line" />
    <member type="way" ref="7994" role="refers" />
    <member type="way" ref="9638" role="refers" />
    <tag k="subtype" v="traffic_light" />
    <tag k="type" v="regulatory_element" />
  </relation>
</osm>