<?xml version="1.0"?>
<osm version="0.6" upload="false" generator="lanelet2">
  <node id="1000" visible="true" version="1" lat="49.9999325446" lon="9" />
  <node id="1001" visible="true" version="1" lat="49.9999325446" lon="9.00000697669" />
  <node id="1002" visible="true" version="1" lat="49.9999325446" lon="9.00001395339" />
  <node id="1003" visible="true" version="1" lat="49.9999325446" lon="9.00002093008" />
  <node id="1004" visible="true" version="1" lat="49.99993254459" lon="9.00002790678" />
  <node id="1005" visible="true" version="1" lat="49.99993254459" lon="9.00003488347" />
  <node id="1006" visible="true" version="1" lat="49.99993254459" lon="9.00004186017" />
  <node id="1007" visible="true" version="1" lat="49.99993254459" lon="9.00004883686" />
  <node id="1008" visible="true" version="1" lat="49.99993254458" lon="9.00005581356" />
  <node id="1009" visible="true" version="1" lat="49.99993254458" lon="9.00006279025" />
  <node id="1010" visible="true" version="1" lat="49.99993254458" lon="9.00006976695" />
  <node id="1011" visible="true" version="1" lat="49.99993254457" lon="9.00007674364" />
  <node id="1012" visible="true" version="1" lat="49.99993254457" lon="9.00008372034" />
  <node id="1013" visible="true" version="1" lat="49.99993254456" lon="9.00009069703" />
  <node id="1014" visible="true" version="1" lat="49.99993254456" lon="9.00009767372" />
  <node id="1015" visible="true" version="1" lat="49.99993254455" lon="9.00010465042" />
  <node id="1016" visible="true" version="1" lat="49.99993254454" lon="9.00011162711" />
  <node id="1017" visible="true" version="1" lat="49.99993254454" lon="9.00011860381" />
  <node id="1018" visible="true" version="1" lat="49.99993254453" lon="9.0001255805" />
  <node id="1019" visible="true" version="1" lat="49.99993254452" lon="9.0001325572" />
  <node id="1020" visible="true" version="1" lat="49.99993254451" lon="9.00013953389" />
  <node id="1021" visible="true" version="1" lat="49.99993254451" lon="9.00014651059" />
  <node id="1022" visible="true" version="1" lat="49.9999325445" lon="9.00015348728" />
  <node id="1023" visible="true" version="1" lat="49.99993254449" lon="9.00016046398" />
  <node id="1024" visible="true" version="1" lat="49.99993254448" lon="9.00016744067" />
  <node id="1025" visible="true" version="1" lat="49.99993254447" lon="9.00017441737" />
  <node id="1026" visible="true" version="1" lat="49.99993254446" lon="9.00018139406" />
  <node id="1027" visible="true" version="1" lat="49.99993254444" lon="9.00018837076" />
  <node id="1028" visible="true" version="1" lat="49.99993254443" lon="9.00019534745" />
  <node id="1029" visible="true" version="1" lat="49.99993254442" lon="9.00020232414" />
  <node id="1030" visible="true" version="1" lat="49.99993254441" lon="9.00020930084" />
  <node id="1031" visible="true" version="1" lat="49.9999325444" lon="9.00021627753" />
  <node id="1032" visible="true" version="1" lat="49.99993254438" lon="9.00022325423" />
  <node id="1033" visible="true" version="1" lat="49.99993254437" lon="9.00023023092" />
  <node id="1034" visible="true" version="1" lat="49.99993254436" lon="9.00023720762" />
  <node id="1035" visible="true" version="1" lat="49.99993254434" lon="9.00024418431" />
  <node id="1036" visible="true" version="1" lat="49.99993254433" lon="9.00025116101" />
  <node id="1037" visible="true" version="1" lat="49.99993254431" lon="9.0002581377" />
  <node id="1038" visible="true" version="1" lat="49.99993254429" lon="9.0002651144" />
  <node id="1039" visible="true" version="1" lat="49.99993254428" lon="9.00027209109" />
  <node id="1040" visible="true" version="1" lat="49.99993254426" lon="9.00027906779" />
  <node id="1041" visible="true" version="1" lat="49.99993254425" lon="9.00028604448" />
  <node id="1042" visible="true" version="1" lat="49.99993254423" lon="9.00029302117" />
  <node id="1043" visible="true" version="1" lat="49.99993254421" lon="9.00029999787" />
  <node id="1044" visible="true" version="1" lat="49.99993254419" lon="9.00030697456" />
  <node id="1045" visible="true" version="1" lat="49.99993254417" lon="9.00031395126" />
  <node id="1046" visible="true" version="1" lat="49.99993254415" lon="9.00032092795" />
  <node id="1047" visible="true" version="1" lat="49.99993254413" lon="9.00032790465" />
  <node id="1048" visible="true" version="1" lat="49.99993254411" lon="9.00033488134" />
  <node id="1049" visible="true" version="1" lat="49.99993254409" lon="9.00034185804" />
  <node id="1050" visible="true" version="1" lat="49.99993254407" lon="9.00034883473" />
  <node id="1051" visible="true" version="1" lat="49.99993254405" lon="9.00035581143" />
  <node id="1052" visible="true" version="1" lat="49.99993254403" lon="9.00036278812" />
  <node id="1053" visible="true" version="1" lat="49.99993254401" lon="9.00036976482" />
  <node id="1054" visible="true" version="1" lat="49.99993254399" lon="9.00037674151" />
  <node id="1055" visible="true" version="1" lat="49.99993254396" lon="9.00038371821" />
  <node id="1056" visible="true" version="1" lat="49.99993254394" lon="9.0003906949" />
  <node id="1057" visible="true" version="1" lat="49.99993254392" lon="9.00039767159" />
  <node id="1058" visible="true" version="1" lat="49.99993254389" lon="9.00040464829" />
  <node id="1059" visible="true" version="1" lat="49.99993254387" lon="9.00041162498" />
  <node id="1060" visible="true" version="1" lat="49.99993254384" lon="9.00041860168" />
  <node id="1061" visible="true" version="1" lat="49.99993254382" lon="9.00042557837" />
  <node id="1062" visible="true" version="1" lat="49.99993254379" lon="9.00043255507" />
  <node id="1063" visible="true" version="1" lat="49.99993254377" lon="9.00043953176" />
  <node id="1064" visible="true" version="1" lat="49.99993254374" lon="9.00044650846" />
  <node id="1065" visible="true" version="1" lat="49.99993254371" lon="9.00045348515" />
  <node id="1066" visible="true" version="1" lat="49.99993254368" lon="9.00046046185" />
  <node id="1067" visible="true" version="1" lat="49.99993254366" lon="9.00046743854" />
  <node id="1068" visible="true" version="1" lat="49.99993254363" lon="9.00047441524" />
  <node id="1069" visible="true" version="1" lat="49.9999325436" lon="9.00048139193" />
  <node id="1070" visible="true" version="1" lat="49.99993254357" lon="9.00048836862" />
  <node id="1071" visible="true" version="1" lat="49.99993254354" lon="9.00049534532" />
  <node id="1072" visible="true" version="1" lat="49.99993254351" lon="9.00050232201" />
  <node id="1073" visible="true" version="1" lat="49.99993254348" lon="9.00050929871" />
  <node id="1074" visible="true" version="1" lat="49.99993254345" lon="9.0005162754" />
  <node id="1075" visible="true" version="1" lat="49.99993254342" lon="9.0005232521" />
  <node id="1076" visible="true" version="1" lat="49.99993254339" lon="9.00053022879" />
  <node id="1077" visible="true" version="1" lat="49.99993254335" lon="9.00053720549" />
  <node id="1078" visible="true" version="1" lat="49.99993254332" lon="9.00054418218" />
  <node id="1079" visible="true" version="1" lat="49.99993254329" lon="9.00055115888" />
  <node id="1080" visible="true" version="1" lat="49.99993254326" lon="9.00055813557" />
  <node id="1081" visible="true" version="1" lat="49.99993254322" lon="9.00056511227" />
  <node id="1082" visible="true" version="1" lat="49.99993254319" lon="9.00057208896" />
  <node id="1083" visible="true" version="1" lat="49.99993254315" lon="9.00057906566" />
  <node id="1084" visible="true" version="1" lat="49.99993254312" lon="9.00058604235" />
  <node id="1085" visible="true" version="1" lat="49.99993254308" lon="9.00059301904" />
  <node id="1086" visible="true" version="1" lat="49.99993254305" lon="9.00059999574" />
  <node id="1087" visible="true" version="1" lat="49.99993254301" lon="9.00060697243" />
  <node id="1088" visible="true" version="1" lat="49.99993254297" lon="9.00061394913" />
  <node id="1089" visible="true" version="1" lat="49.99993254294" lon="9.00062092582" />
  <node id="1090" visible="true" version="1" lat="49.9999325429" lon="9.00062790252" />
  <node id="1091" visible="true" version="1" lat="49.99993254286" lon="9.00063487921" />
  <node id="1092" visible="true" version="1" lat="49.99993254282" lon="9.00064185591" />
  <node id="1093" visible="true" version="1" lat="49.99993254278" lon="9.0006488326" />
  <node id="1094" visible="true" version="1" lat="49.99993254274" lon="9.0006558093" />
  <node id="1095" visible="true" version="1" lat="49.9999325427" lon="9.00066278599" />
  <node id="1096" visible="true" version="1" lat="49.99993254266" lon="9.00066976269" />
  <node id="1097" visible="true" version="1" lat="49.99993254262" lon="9.00067673938" />
  <node id="1098" visible="true" version="1" lat="49.99993254258" lon="9.00068371607" />
  <node id="1099" visible="true" version="1" lat="49.99993254254" lon="9.00069069277" />
  <node id="1100" visible="true" version="1" lat="49.9999325425" lon="9.00069766946" />
  <node id="1101" visible="true" version="1" lat="49.99993254246" lon="9.00070464616" />
  <node id="1102" visible="true" version="1" lat="49.99993254242" lon="9.00071162285" />
  <node id="1103" visible="true" version="1" lat="49.99993254237" lon="9.00071859955" />
  <node id="1104" visible="true" version="1" lat="49.99993254233" lon="9.00072557624" />
  <node id="1105" visible="true" version="1" lat="49.99993254229" lon="9.00073255294" />
  <node id="1106" visible="true" version="1" lat="49.99993254224" lon="9.00073952963" />
  <node id="1107" visible="true" version="1" lat="49.9999325422" lon="9.00074650633" />
  <node id="1108" visible="true" version="1" lat="49.99993254215" lon="9.00075348302" />
  <node id="1109" visible="true" version="1" lat="49.99993254211" lon="9.00076045972" />
  <node id="1110" visible="true" version="1" lat="49.99993254206" lon="9.00076743641" />
  <node id="1111" visible="true" version="1" lat="49.99993254201" lon="9.00077441311" />
  <node id="1112" visible="true" version="1" lat="49.99993254197" lon="9.0007813898" />
  <node id="1113" visible="true" version="1" lat="49.99993254192" lon="9.00078836649" />
  <node id="1114" visible="true" version="1" lat="49.99993254187" lon="9.00079534319" />
  <node id="1115" visible="true" version="1" lat="49.99993254182" lon="9.00080231988" />
  <node id="1116" visible="true" version="1" lat="49.99993254178" lon="9.00080929658" />
  <node id="1117" visible="true" version="1" lat="49.99993254173" lon="9.00081627327" />
  <node id="1118" visible="true" version="1" lat="49.99993254168" lon="9.00082324997" />
  <node id="1119" visible="true" version="1" lat="49.99993254163" lon="9.00083022666" />
  <node id="1120" visible="true" version="1" lat="49.99993254158" lon="9.00083720336" />
  <node id="1121" visible="true" version="1" lat="49.99993254153" lon="9.00084418005" />
  <node id="1122" visible="true" version="1" lat="49.99993254148" lon="9.00085115675" />
  <node id="1123" visible="true" version="1" lat="49.99993254142" lon="9.00085813344" />
  <node id="1124" visible="true" version="1" lat="49.99993254137" lon="9.00086511014" />
  <node id="1125" visible="true" version="1" lat="49.99993254132" lon="9.00087208683" />
  <node id="1126" visible="true" version="1" lat="49.99993254127" lon="9.00087906352" />
  <node id="1127" visible="true" version="1" lat="49.99993254121" lon="9.00088604022" />
  <node id="1128" visible="true" version="1" lat="49.99993254116" lon="9.00089301691" />
  <node id="1129" visible="true" version="1" lat="49.99993254111" lon="9.00089999361" />
  <node id="1130" visible="true" version="1" lat="49.99993254105" lon="9.0009069703" />
  <node id="1131" visible="true" version="1" lat="49.999932541" lon="9.000913947" />
  <node id="1132" visible="true" version="1" lat="49.99993254094" lon="9.00092092369" />
  <node id="1133" visible="true" version="1" lat="49.99993254089" lon="9.00092790039" />
  <node id="1134" visible="true" version="1" lat="49.99993254083" lon="9.00093487708" />
  <node id="1135" visible="true" version="1" lat="49.99993254078" lon="9.00094185378" />
  <node id="1136" visible="true" version="1" lat="49.99993254072" lon="9.00094883047" />
  <node id="1137" visible="true" version="1" lat="49.99993254066" lon="9.00095580717" />
  <node id="1138" visible="true" version="1" lat="49.9999325406" lon="9.00096278386" />
  <node id="1139" visible="true" version="1" lat="49.99993254055" lon="9.00096976056" />
  <node id="1140" visible="true" version="1" lat="49.99993254049" lon="9.00097673725" />
  <node id="1141" visible="true" version="1" lat="49.99993254043" lon="9.00098371394" />
  <node id="1142" visible="true" version="1" lat="49.99993254037" lon="9.00099069064" />
  <node id="1143" visible="true" version="1" lat="49.99993254031" lon="9.00099766733" />
  <node id="1144" visible="true" version="1" lat="49.99993254025" lon="9.00100464403" />
  <node id="1145" visible="true" version="1" lat="49.99993254019" lon="9.00101162072" />
  <node id="1146" visible="true" version="1" lat="49.99993254013" lon="9.00101859742" />
  <node id="1147" visible="true" version="1" lat="49.99993254007" lon="9.00102557411" />
  <node id="1148" visible="true" version="1" lat="49.99993254" lon="9.00103255081" />
  <node id="1149" visible="true" version="1" lat="49.99993253994" lon="9.0010395275" />
  <node id="1150" visible="true" version="1" lat="49.99993253988" lon="9.0010465042" />
  <node id="1151" visible="true" version="1" lat="49.99993253982" lon="9.00105348089" />
  <node id="1152" visible="true" version="1" lat="49.99993253975" lon="9.00106045759" />
  <node id="1153" visible="true" version="1" lat="49.99993253969" lon="9.00106743428" />
  <node id="1154" visible="true" version="1" lat="49.99993253962" lon="9.00107441097" />
  <node id="1155" visible="true" version="1" lat="49.99993253956" lon="9.00108138767" />
  <node id="1156" visible="true" version="1" lat="49.99993253949" lon="9.00108836436" />
  <node id="1157" visible="true" version="1" lat="49.99993253943" lon="9.00109534106" />
  <node id="1158" visible="true" version="1" lat="49.99993253936" lon="9.00110231775" />
  <node id="1159" visible="true" version="1" lat="49.9999325393" lon="9.00110929445" />
  <node id="1160" visible="true" version="1" lat="49.99993253923" lon="9.00111627114" />
  <node id="1161" visible="true" version="1" lat="49.99993253916" lon="9.00112324784" />
  <node id="1162" visible="true" version="1" lat="49.99993253909" lon="9.00113022453" />
  <node id="1163" visible="true" version="1" lat="49.99993253903" lon="9.00113720123" />
  <node id="1164" visible="true" version="1" lat="49.99993253896" lon="9.00114417792" />
  <node id="1165" visible="true" version="1" lat="49.99993253889" lon="9.00115115462" />
  <node id="1166" visible="true" version="1" lat="49.99993253882" lon="9.00115813131" />
  <node id="1167" visible="true" version="1" lat="49.99993253875" lon="9.00116510801" />
  <node id="1168" visible="true" version="1" lat="49.99993253868" lon="9.0011720847" />
  <node id="1169" visible="true" version="1" lat="49.99993253861" lon="9.00117906139" />
  <node id="1170" visible="true" version="1" lat="49.99993253854" lon="9.00118603809" />
  <node id="1171" visible="true" version="1" lat="49.99993253846" lon="9.00119301478" />
  <node id="1172" visible="true" version="1" lat="49.99993253839" lon="9.00119999148" />
  <node id="1173" visible="true" version="1" lat="49.99993253832" lon="9.00120696817" />
  <node id="1174" visible="true" version="1" lat="49.99993253825" lon="9.00121394487" />
  <node id="1175" visible="true" version="1" lat="49.99993253817" lon="9.00122092156" />
  <node id="1176" visible="true" version="1" lat="49.9999325381" lon="9.00122789826" />
  <node id="1177" visible="true" version="1" lat="49.99993253803" lon="9.00123487495" />
  <node id="1178" visible="true" version="1" lat="49.99993253795" lon="9.00124185165" />
  <node id="1179" visible="true" version="1" lat="49.99993253788" lon="9.00124882834" />
  <node id="1180" visible="true" version="1" lat="49.9999325378" lon="9.00125580504" />
  <node id="1181" visible="true" version="1" lat="49.99993253773" lon="9.00126278173" />
  <node id="1182" visible="true" version="1" lat="49.99993253765" lon="9.00126975842" />
  <node id="1183" visible="true" version="1" lat="49.99993253757" lon="9.00127673512" />
  <node id="1184" visible="true" version="1" lat="49.9999325375" lon="9.00128371181" />
  <node id="1185" visible="true" version="1" lat="49.99993253742" lon="9.00129068851" />
  <node id="1186" visible="true" version="1" lat="49.99993253734" lon="9.0012976652" />
  <node id="1187" visible="true" version="1" lat="49.99993253726" lon="9.0013046419" />
  <node id="1188" visible="true" version="1" lat="49.99993253718" lon="9.00131161859" />
  <node id="1189" visible="true" version="1" lat="49.99993253711" lon="9.00131859529" />
  <node id="1190" visible="true" version="1" lat="49.99993253703" lon="9.00132557198" />
  <node id="1191" visible="true" version="1" lat="49.99993253695" lon="9.00133254868" />
  <node id="1192" visible="true" version="1" lat="49.99993253687" lon="9.00133952537" />
  <node id="1193" visible="true" version="1" lat="49.99993253679" lon="9.00134650207" />
  <node id="1194" visible="true" version="1" lat="49.9999325367" lon="9.00135347876" />
  <node id="1195" visible="true" version="1" lat="49.99993253662" lon="9.00136045546" />
  <node id="1196" visible="true" version="1" lat="49.99993253654" lon="9.00136743215" />
  <node id="1197" visible="true" version="1" lat="49.99993253646" lon="9.00137440884" />
  <node id="1198" visible="true" version="1" lat="49.99993253638" lon="9.00138138554" />
  <node id="1199" visible="true" version="1" lat="49.99993253629" lon="9.00138836223" />
  <node id="1200" visible="true" version="1" lat="49.99993253621" lon="9.00139533893" />
  <node id="1201" visible="true" version="1" lat="49.99993253621" lon="9.00139533893" />
  <node id="1202" visible="true" version="1" lat="49.99993253641" lon="9.00140257718" />
  <node id="1203" visible="true" version="1" lat="49.99993253748" lon="9.00140981544" />
  <node id="1204" visible="true" version="1" lat="49.99993253987" lon="9.00141705369" />
  <node id="1205" visible="true" version="1" lat="49.99993254403" lon="9.00142429194" />
  <node id="1206" visible="true" version="1" lat="49.99993255041" lon="9.00143153019" />
  <node id="1207" visible="true" version="1" lat="49.99993255946" lon="9.00143876843" />
  <node id="1208" visible="true" version="1" lat="49.99993257162" lon="9.00144600666" />
  <node id="1209" visible="true" version="1" lat="49.99993258736" lon="9.00145324488" />
  <node id="1210" visible="true" version="1" lat="49.99993260712" lon="9.00146048307" />
  <node id="1211" visible="true" version="1" lat="49.99993263134" lon="9.00146772122" />
  <node id="1212" visible="true" version="1" lat="49.99993266049" lon="9.00147495934" />
  <node id="1213" visible="true" version="1" lat="49.999932695" lon="9.00148219739" />
  <node id="1214" visible="true" version="1" lat="49.99993273533" lon="9.00148943538" />
  <node id="1215" visible="true" version="1" lat="49.99993278192" lon="9.00149667327" />
  <node id="1216" visible="true" version="1" lat="49.99993283523" lon="9.00150391105" />
  <node id="1217" visible="true" version="1" lat="49.99993289571" lon="9.0015111487" />
  <node id="1218" visible="true" version="1" lat="49.9999329638" lon="9.00151838618" />
  <node id="1219" visible="true" version="1" lat="49.99993303996" lon="9.00152562347" />
  <node id="1220" visible="true" version="1" lat="49.99993312463" lon="9.00153286053" />
  <node id="1221" visible="true" version="1" lat="49.99993321827" lon="9.00154009733" />
  <node id="1222" visible="true" version="1" lat="49.99993332132" lon="9.00154733382" />
  <node id="1223" visible="true" version="1" lat="49.99993343423" lon="9.00155456995" />
  <node id="1224" visible="true" version="1" lat="49.99993355745" lon="9.00156180568" />
  <node id="1225" visible="true" version="1" lat="49.99993369144" lon="9.00156904095" />
  <node id="1226" visible="true" version="1" lat="49.99993383663" lon="9.0015762757" />
  <node id="1227" visible="true" version="1" lat="49.99993399348" lon="9.00158350986" />
  <node id="1228" visible="true" version="1" lat="49.99993416243" lon="9.00159074336" />
  <node id="1229" visible="true" version="1" lat="49.99993434394" lon="9.00159797614" />
  <node id="1230" visible="true" version="1" lat="49.99993453845" lon="9.0016052081" />
  <node id="1231" visible="true" version="1" lat="49.99993474642" lon="9.00161243916" />
  <node id="1232" visible="true" version="1" lat="49.99993496827" lon="9.00161966922" />
  <node id="1233" visible="true" version="1" lat="49.99993520448" lon="9.00162689819" />
  <node id="1234" visible="true" version="1" lat="49.99993545547" lon="9.00163412596" />
  <node id="1235" visible="true" version="1" lat="49.9999357217" lon="9.00164135242" />
  <node id="1236" visible="true" version="1" lat="49.99993600362" lon="9.00164857745" />
  <node id="1237" visible="true" version="1" lat="49.99993630166" lon="9.00165580091" />
  <node id="1238" visible="true" version="1" lat="49.99993661628" lon="9.00166302269" />
  <node id="1239" visible="true" version="1" lat="49.99993694792" lon="9.00167024263" />
  <node id="1240" visible="true" version="1" lat="49.99993729702" lon="9.00167746059" />
  <node id="1241" visible="true" version="1" lat="49.99993766403" lon="9.00168467642" />
  <node id="1242" visible="true" version="1" lat="49.99993804939" lon="9.00169188994" />
  <node id="1243" visible="true" version="1" lat="49.99993845354" lon="9.00169910098" />
  <node id="1244" visible="true" version="1" lat="49.99993887692" lon="9.00170630937" />
  <node id="1245" visible="true" version="1" lat="49.99993931997" lon="9.00171351491" />
  <node id="1246" visible="true" version="1" lat="49.99993978314" lon="9.0017207174" />
  <node id="1247" visible="true" version="1" lat="49.99994026685" lon="9.00172791665" />
  <node id="1248" visible="true" version="1" lat="49.99994077156" lon="9.00173511242" />
  <node id="1249" visible="true" version="1" lat="49.99994129769" lon="9.0017423045" />
  <node id="1250" visible="true" version="1" lat="49.99994184568" lon="9.00174949265" />
  <node id="1251" visible="true" version="1" lat="49.99994241596" lon="9.00175667662" />
  <node id="1252" visible="true" version="1" lat="49.99994241596" lon="9.00175667662" />
  <node id="1253" visible="true" version="1" lat="49.99994303056" lon="9.00176411571" />
  <node id="1254" visible="true" version="1" lat="49.99994366912" lon="9.00177154993" />
  <node id="1255" visible="true" version="1" lat="49.99994433163" lon="9.00177897911" />
  <node id="1256" visible="true" version="1" lat="49.99994501807" lon="9.00178640306" />
  <node id="1257" visible="true" version="1" lat="49.99994572843" lon="9.00179382159" />
  <node id="1258" visible="true" version="1" lat="49.99994646269" lon="9.00180123452" />
  <node id="1259" visible="true" version="1" lat="49.99994722084" lon="9.00180864166" />
  <node id="1260" visible="true" version="1" lat="49.99994800284" lon="9.00181604282" />
  <node id="1261" visible="true" version="1" lat="49.99994880869" lon="9.00182343783" />
  <node id="1262" visible="true" version="1" lat="49.99994963836" lon="9.00183082649" />
  <node id="1263" visible="true" version="1" lat="49.99995049183" lon="9.00183820863" />
  <node id="1264" visible="true" version="1" lat="49.99995136909" lon="9.00184558405" />
  <node id="1265" visible="true" version="1" lat="49.9999522701" lon="9.00185295258" />
  <node id="1266" visible="true" version="1" lat="49.99995319485" lon="9.00186031403" />
  <node id="1267" visible="true" version="1" lat="49.99995414331" lon="9.00186766821" />
  <node id="1268" visible="true" version="1" lat="49.99995511546" lon="9.00187501494" />
  <node id="1269" visible="true" version="1" lat="49.99995611127" lon="9.00188235404" />
  <node id="1270" visible="true" version="1" lat="49.99995713073" lon="9.00188968533" />
  <node id="1271" visible="true" version="1" lat="49.9999581738" lon="9.00189700861" />
  <node id="1272" visible="true" version="1" lat="49.99995924046" lon="9.00190432371" />
  <node id="1273" visible="true" version="1" lat="49.99996033068" lon="9.00191163045" />
  <node id="1274" visible="true" version="1" lat="49.99996144443" lon="9.00191892864" />
  <node id="1275" visible="true" version="1" lat="49.99996258169" lon="9.0019262181" />
  <node id="1276" visible="true" version="1" lat="49.99996374243" lon="9.00193349865" />
  <node id="1277" visible="true" version="1" lat="49.99996492662" lon="9.0019407701" />
  <node id="1278" visible="true" version="1" lat="49.99996613423" lon="9.00194803228" />
  <node id="1279" visible="true" version="1" lat="49.99996736523" lon="9.00195528499" />
  <node id="1280" visible="true" version="1" lat="49.99996861959" lon="9.00196252807" />
  <node id="1281" visible="true" version="1" lat="49.99996989727" lon="9.00196976133" />
  <node id="1282" visible="true" version="1" lat="49.99997119825" lon="9.00197698459" />
  <node id="1283" visible="true" version="1" lat="49.9999725225" lon="9.00198419767" />
  <node id="1284" visible="true" version="1" lat="49.99997386997" lon="9.00199140038" />
  <node id="1285" visible="true" version="1" lat="49.99997524064" lon="9.00199859255" />
  <node id="1286" visible="true" version="1" lat="49.99997663447" lon="9.002005774" />
  <node id="1287" visible="true" version="1" lat="49.99997805143" lon="9.00201294455" />
  <node id="1288" visible="true" version="1" lat="49.99997949148" lon="9.00202010402" />
  <node id="1289" visible="true" version="1" lat="49.99998095458" lon="9.00202725223" />
  <node id="1290" visible="true" version="1" lat="49.99998244071" lon="9.002034389" />
  <node id="1291" visible="true" version="1" lat="49.99998394982" lon="9.00204151416" />
  <node id="1292" visible="true" version="1" lat="49.99998548187" lon="9.00204862752" />
  <node id="1293" visible="true" version="1" lat="49.99998703682" lon="9.00205572891" />
  <node id="1294" visible="true" version="1" lat="49.99998861465" lon="9.00206281814" />
  <node id="1295" visible="true" version="1" lat="49.9999902153" lon="9.00206989505" />
  <node id="1296" visible="true" version="1" lat="49.99999183874" lon="9.00207695946" />
  <node id="1297" visible="true" version="1" lat="49.99999348492" lon="9.00208401118" />
  <node id="1298" visible="true" version="1" lat="49.99999515382" lon="9.00209105005" />
  <node id="1299" visible="true" version="1" lat="49.99999684537" lon="9.00209807589" />
  <node id="1300" visible="true" version="1" lat="49.99999855955" lon="9.00210508851" />
  <node id="1301" visible="true" version="1" lat="50.0000002963" lon="9.00211208776" />
  <node id="1302" visible="true" version="1" lat="50.0000020556" lon="9.00211907344" />
  <node id="1303" visible="true" version="1" lat="50.00000383738" lon="9.00212604539" />
  <node id="1304" visible="true" version="1" lat="50.00000564161" lon="9.00213300343" />
  <node id="1305" visible="true" version="1" lat="50.00000746824" lon="9.00213994739" />
  <node id="1306" visible="true" version="1" lat="50.00000931723" lon="9.00214687709" />
  <node id="1307" visible="true" version="1" lat="50.00001118853" lon="9.00215379237" />
  <node id="1308" visible="true" version="1" lat="50.00001308209" lon="9.00216069304" />
  <node id="1309" visible="true" version="1" lat="50.00001499787" lon="9.00216757894" />
  <node id="1310" visible="true" version="1" lat="50.00001693582" lon="9.0021744499" />
  <node id="1311" visible="true" version="1" lat="50.00001889588" lon="9.00218130573" />
  <node id="1312" visible="true" version="1" lat="50.00002087802" lon="9.00218814628" />
  <node id="1313" visible="true" version="1" lat="50.00002288218" lon="9.00219497137" />
  <node id="1314" visible="true" version="1" lat="50.00002490831" lon="9.00220178082" />
  <node id="1315" visible="true" version="1" lat="50.00002695635" lon="9.00220857448" />
  <node id="1316" visible="true" version="1" lat="50.00002902627" lon="9.00221535216" />
  <node id="1317" visible="true" version="1" lat="50.00003111801" lon="9.0022221137" />
  <node id="1318" visible="true" version="1" lat="50.00003323151" lon="9.00222885894" />
  <node id="1319" visible="true" version="1" lat="50.00003536672" lon="9.00223558769" />
  <node id="1320" visible="true" version="1" lat="50.00003752359" lon="9.0022422998" />
  <node id="1321" visible="true" version="1" lat="50.00003970207" lon="9.00224899509" />
  <node id="1322" visible="true" version="1" lat="50.00004190209" lon="9.00225567341" />
  <node id="1323" visible="true" version="1" lat="50.00004412361" lon="9.00226233457" />
  <node id="1324" visible="true" version="1" lat="50.00004636658" lon="9.00226897842" />
  <node id="1325" visible="true" version="1" lat="50.00004863092" lon="9.00227560479" />
  <node id="1326" visible="true" version="1" lat="50.00005091659" lon="9.00228221351" />
  <node id="1327" visible="true" version="1" lat="50.00005322354" lon="9.00228880442" />
  <node id="1328" visible="true" version="1" lat="50.00005555169" lon="9.00229537736" />
  <node id="1329" visible="true" version="1" lat="50.000057901" lon="9.00230193215" />
  <node id="1330" visible="true" version="1" lat="50.00006027141" lon="9.00230846863" />
  <node id="1331" visible="true" version="1" lat="50.00006266285" lon="9.00231498665" />
  <node id="1332" visible="true" version="1" lat="50.00006507527" lon="9.00232148604" />
  <node id="1333" visible="true" version="1" lat="50.0000675086" lon="9.00232796664" />
  <node id="1334" visible="true" version="1" lat="50.00006996279" lon="9.00233442827" />
  <node id="1335" visible="true" version="1" lat="50.00007243777" lon="9.0023408708" />
  <node id="1336" visible="true" version="1" lat="50.00007493349" lon="9.00234729404" />
  <node id="1337" visible="true" version="1" lat="50.00007744987" lon="9.00235369784" />
  <node id="1338" visible="true" version="1" lat="50.00007998687" lon="9.00236008205" />
  <node id="1339" visible="true" version="1" lat="50.0000825444" lon="9.00236644649" />
  <node id="1340" visible="true" version="1" lat="50.00008512242" lon="9.00237279102" />
  <node id="1341" visible="true" version="1" lat="50.00008772085" lon="9.00237911547" />
  <node id="1342" visible="true" version="1" lat="50.00009033963" lon="9.00238541969" />
  <node id="1343" visible="true" version="1" lat="50.00009297869" lon="9.00239170352" />
  <node id="1344" visible="true" version="1" lat="50.00009563797" lon="9.0023979668" />
  <node id="1345" visible="true" version="1" lat="50.00009831741" lon="9.00240420937" />
  <node id="1346" visible="true" version="1" lat="50.00010101693" lon="9.00241043108" />
  <node id="1347" visible="true" version="1" lat="50.00010373647" lon="9.00241663177" />
  <node id="1348" visible="true" version="1" lat="50.00010647595" lon="9.00242281129" />
  <node id="1349" visible="true" version="1" lat="50.00010923532" lon="9.00242896948" />
  <node id="1350" visible="true" version="1" lat="50.0001120145" lon="9.00243510619" />
  <node id="1351" visible="true" version="1" lat="50.00011481343" lon="9.00244122127" />
  <node id="1352" visible="true" version="1" lat="50.00011763203" lon="9.00244731456" />
  <node id="1353" visible="true" version="1" lat="50.00012047022" lon="9.00245338592" />
  <node id="1354" visible="true" version="1" lat="50.00012332795" lon="9.00245943518" />
  <node id="1355" visible="true" version="1" lat="50.00012620515" lon="9.0024654622" />
  <node id="1356" visible="true" version="1" lat="50.00012910172" lon="9.00247146682" />
  <node id="1357" visible="true" version="1" lat="50.00013201762" lon="9.0024774489" />
  <node id="1358" visible="true" version="1" lat="50.00013495275" lon="9.00248340829" />
  <node id="1359" visible="true" version="1" lat="50.00013790706" lon="9.00248934484" />
  <node id="1360" visible="true" version="1" lat="50.00014088046" lon="9.0024952584" />
  <node id="1361" visible="true" version="1" lat="50.00014387288" lon="9.00250114882" />
  <node id="1362" visible="true" version="1" lat="50.00014688425" lon="9.00250701596" />
  <node id="1363" visible="true" version="1" lat="50.00014991449" lon="9.00251285966" />
  <node id="1364" visible="true" version="1" lat="50.00015296353" lon="9.00251867979" />
  <node id="1365" visible="true" version="1" lat="50.00015603128" lon="9.00252447619" />
  <node id="1366" visible="true" version="1" lat="50.00015911768" lon="9.00253024872" />
  <node id="1367" visible="true" version="1" lat="50.00016222264" lon="9.00253599724" />
  <node id="1368" visible="true" version="1" lat="50.00016534609" lon="9.00254172161" />
  <node id="1369" visible="true" version="1" lat="50.00016848795" lon="9.00254742167" />
  <node id="1370" visible="true" version="1" lat="50.00017164814" lon="9.0025530973" />
  <node id="1371" visible="true" version="1" lat="50.00017482658" lon="9.00255874834" />
  <node id="1372" visible="true" version="1" lat="50.00017802319" lon="9.00256437465" />
  <node id="1373" visible="true" version="1" lat="50.0001812379" lon="9.0025699761" />
  <node id="1374" visible="true" version="1" lat="50.00018447062" lon="9.00257555254" />
  <node id="1375" visible="true" version="1" lat="50.00018772127" lon="9.00258110384" />
  <node id="1376" visible="true" version="1" lat="50.00019098977" lon="9.00258662985" />
  <node id="1377" visible="true" version="1" lat="50.00019427604" lon="9.00259213044" />
  <node id="1378" visible="true" version="1" lat="50.00019758" lon="9.00259760548" />
  <node id="1379" visible="true" version="1" lat="50.00020090156" lon="9.00260305481" />
  <node id="1380" visible="true" version="1" lat="50.00020424064" lon="9.00260847831" />
  <node id="1381" visible="true" version="1" lat="50.00020759715" lon="9.00261387585" />
  <node id="1382" visible="true" version="1" lat="50.00021097102" lon="9.00261924728" />
  <node id="1383" visible="true" version="1" lat="50.00021436216" lon="9.00262459247" />
  <node id="1384" visible="true" version="1" lat="50.00021777049" lon="9.00262991129" />
  <node id="1385" visible="true" version="1" lat="50.00022119591" lon="9.00263520361" />
  <node id="1386" visible="true" version="1" lat="50.00022463834" lon="9.00264046929" />
  <node id="1387" visible="true" version="1" lat="50.00022809771" lon="9.00264570821" />
  <node id="1388" visible="true" version="1" lat="50.00023157391" lon="9.00265092022" />
  <node id="1389" visible="true" version="1" lat="50.00023506687" lon="9.00265610521" />
  <node id="1390" visible="true" version="1" lat="50.00023857649" lon="9.00266126303" />
  <node id="1391" visible="true" version="1" lat="50.0002421027" lon="9.00266639357" />
  <node id="1392" visible="true" version="1" lat="50.00024564539" lon="9.00267149669" />
  <node id="1393" visible="true" version="1" lat="50.00024920449" lon="9.00267657227" />
  <node id="1394" visible="true" version="1" lat="50.0002527799" lon="9.00268162018" />
  <node id="1395" visible="true" version="1" lat="50.00025637153" lon="9.00268664029" />
  <node id="1396" visible="true" version="1" lat="50.0002599793" lon="9.00269163247" />
  <node id="1397" visible="true" version="1" lat="50.00026360311" lon="9.00269659661" />
  <node id="1398" visible="true" version="1" lat="50.00026724287" lon="9.00270153258" />
  <node id="1399" visible="true" version="1" lat="50.0002708985" lon="9.00270644026" />
  <node id="1400" visible="true" version="1" lat="50.00027456989" lon="9.00271131952" />
  <node id="1401" visible="true" version="1" lat="50.00027825697" lon="9.00271617023" />
  <node id="1402" visible="true" version="1" lat="50.00028195963" lon="9.00272099229" />
  <node id="1403" visible="true" version="1" lat="50.00028567779" lon="9.00272578557" />
  <node id="1404" visible="true" version="1" lat="50.00028941135" lon="9.00273054994" />
  <node id="1405" visible="true" version="1" lat="50.00029316022" lon="9.0027352853" />
  <node id="1406" visible="true" version="1" lat="50.0002969243" lon="9.00273999151" />
  <node id="1407" visible="true" version="1" lat="50.0003007035" lon="9.00274466847" />
  <node id="1408" visible="true" version="1" lat="50.00030449772" lon="9.00274931606" />
  <node id="1409" visible="true" version="1" lat="50.00030830688" lon="9.00275393416" />
  <node id="1410" visible="true" version="1" lat="50.00031213088" lon="9.00275852265" />
  <node id="1411" visible="true" version="1" lat="50.00031596961" lon="9.00276308142" />
  <node id="1412" visible="true" version="1" lat="50.00031982299" lon="9.00276761036" />
  <node id="1413" visible="true" version="1" lat="50.00032369091" lon="9.00277210936" />
  <node id="1414" visible="true" version="1" lat="50.00032757329" lon="9.00277657829" />
  <node id="1415" visible="true" version="1" lat="50.00033147002" lon="9.00278101705" />
  <node id="1416" visible="true" version="1" lat="50.00033538101" lon="9.00278542553" />
  <node id="1417" visible="true" version="1" lat="50.00033930615" lon="9.00278980362" />
  <node id="1418" visible="true" version="1" lat="50.00034324536" lon="9.00279415121" />
  <node id="1419" visible="true" version="1" lat="50.00034719853" lon="9.00279846819" />
  <node id="1420" visible="true" version="1" lat="50.00035116556" lon="9.00280275445" />
  <node id="1421" visible="true" version="1" lat="50.00035514636" lon="9.00280700988" />
  <node id="1422" visible="true" version="1" lat="50.00035914082" lon="9.00281123438" />
  <node id="1423" visible="true" version="1" lat="50.00036314884" lon="9.00281542785" />
  <node id="1424" visible="true" version="1" lat="50.00036717033" lon="9.00281959017" />
  <node id="1425" visible="true" version="1" lat="50.00037120519" lon="9.00282372125" />
  <node id="1426" visible="true" version="1" lat="50.00037525331" lon="9.00282782097" />
  <node id="1427" visible="true" version="1" lat="50.00037931459" lon="9.00283188925" />
  <node id="1428" visible="true" version="1" lat="50.00038338893" lon="9.00283592597" />
  <node id="1429" visible="true" version="1" lat="50.00038747623" lon="9.00283993104" />
  <node id="1430" visible="true" version="1" lat="50.00039157638" lon="9.00284390435" />
  <node id="1431" visible="true" version="1" lat="50.00039568929" lon="9.00284784581" />
  <node id="1432" visible="true" version="1" lat="50.00039981485" lon="9.00285175531" />
  <node id="1433" visible="true" version="1" lat="50.00040395296" lon="9.00285563277" />
  <node id="1434" visible="true" version="1" lat="50.00040810351" lon="9.00285947807" />
  <node id="1435" visible="true" version="1" lat="50.00041226641" lon="9.00286329114" />
  <node id="1436" visible="true" version="1" lat="50.00041644154" lon="9.00286707186" />
  <node id="1437" visible="true" version="1" lat="50.0004206288" lon="9.00287082015" />
  <node id="1438" visible="true" version="1" lat="50.00042482809" lon="9.00287453592" />
  <node id="1439" visible="true" version="1" lat="50.00042903931" lon="9.00287821906" />
  <node id="1440" visible="true" version="1" lat="50.00043326234" lon="9.0028818695" />
  <node id="1441" visible="true" version="1" lat="50.00043749708" lon="9.00288548713" />
  <node id="1442" visible="true" version="1" lat="50.00044174343" lon="9.00288907186" />
  <node id="1443" visible="true" version="1" lat="50.00044600128" lon="9.00289262361" />
  <node id="1444" visible="true" version="1" lat="50.00045027052" lon="9.0028961423" />
  <node id="1445" visible="true" version="1" lat="50.00045455105" lon="9.00289962782" />
  <node id="1446" visible="true" version="1" lat="50.00045884276" lon="9.00290308009" />
  <node id="1447" visible="true" version="1" lat="50.00046314554" lon="9.00290649903" />
  <node id="1448" visible="true" version="1" lat="50.00046745929" lon="9.00290988455" />
  <node id="1449" visible="true" version="1" lat="50.00047178389" lon="9.00291323656" />
  <node id="1450" visible="true" version="1" lat="50.00047611924" lon="9.00291655499" />
  <node id="1451" visible="true" version="1" lat="50.00048046524" lon="9.00291983975" />
  <node id="1452" visible="true" version="1" lat="50.00048482176" lon="9.00292309076" />
  <node id="1453" visible="true" version="1" lat="50.00048918871" lon="9.00292630793" />
  <node id="1454" visible="true" version="1" lat="50.00049356597" lon="9.00292949119" />
  <node id="1455" visible="true" version="1" lat="50.00049795343" lon="9.00293264045" />
  <node id="1456" visible="true" version="1" lat="50.00050235099" lon="9.00293575564" />
  <node id="1457" visible="true" version="1" lat="50.00050675854" lon="9.00293883668" />
  <node id="1458" visible="true" version="1" lat="50.00051117596" lon="9.0029418835" />
  <node id="1459" visible="true" version="1" lat="50.00051560314" lon="9.002944896" />
  <node id="1460" visible="true" version="1" lat="50.00052003998" lon="9.00294787414" />
  <node id="1461" visible="true" version="1" lat="50.00052448635" lon="9.00295081781" />
  <node id="1462" visible="true" version="1" lat="50.00052894217" lon="9.00295372696" />
  <node id="1463" visible="true" version="1" lat="50.0005334073" lon="9.00295660151" />
  <node id="1464" visible="true" version="1" lat="50.00053788163" lon="9.00295944139" />
  <node id="1465" visible="true" version="1" lat="50.00054236507" lon="9.00296224652" />
  <node id="1466" visible="true" version="1" lat="50.00054685749" lon="9.00296501685" />
  <node id="1467" visible="true" version="1" lat="50.00055135878" lon="9.00296775229" />
  <node id="1468" visible="true" version="1" lat="50.00055586883" lon="9.00297045278" />
  <node id="1469" visible="true" version="1" lat="50.00056038753" lon="9.00297311825" />
  <node id="1470" visible="true" version="1" lat="50.00056491476" lon="9.00297574863" />
  <node id="1471" visible="true" version="1" lat="50.00056945041" lon="9.00297834387" />
  <node id="1472" visible="true" version="1" lat="50.00057399437" lon="9.00298090389" />
  <node id="1473" visible="true" version="1" lat="50.00057854653" lon="9.00298342863" />
  <node id="1474" visible="true" version="1" lat="50.00058310676" lon="9.00298591803" />
  <node id="1475" visible="true" version="1" lat="50.00058767496" lon="9.00298837203" />
  <node id="1476" visible="true" version="1" lat="50.00059225101" lon="9.00299079055" />
  <node id="1477" visible="true" version="1" lat="50.0005968348" lon="9.00299317356" />
  <node id="1478" visible="true" version="1" lat="50.00060142621" lon="9.00299552097" />
  <node id="1479" visible="true" version="1" lat="50.00060602513" lon="9.00299783274" />
  <node id="1480" visible="true" version="1" lat="50.00061063144" lon="9.00300010881" />
  <node id="1481" visible="true" version="1" lat="50.00061524503" lon="9.00300234912" />
  <node id="1482" visible="true" version="1" lat="50.00061986578" lon="9.00300455361" />
  <node id="1483" visible="true" version="1" lat="50.00062449358" lon="9.00300672223" />
  <node id="1484" visible="true" version="1" lat="50.00062912831" lon="9.00300885493" />
  <node id="1485" visible="true" version="1" lat="50.00063376985" lon="9.00301095165" />
  <node id="1486" visible="true" version="1" lat="50.0006384181" lon="9.00301301234" />
  <node id="1487" visible="true" version="1" lat="50.00064307293" lon="9.00301503694" />
  <node id="1488" visible="true" version="1" lat="50.00064773422" lon="9.00301702542" />
  <node id="1489" visible="true" version="1" lat="50.00065240186" lon="9.00301897771" />
  <node id="1490" visible="true" version="1" lat="50.00065707574" lon="9.00302089376" />
  <node id="1491" visible="true" version="1" lat="50.00066175574" lon="9.00302277354" />
  <node id="1492" visible="true" version="1" lat="50.00066644173" lon="9.003024617" />
  <node id="1493" visible="true" version="1" lat="50.00067113361" lon="9.00302642408" />
  <node id="1494" visible="true" version="1" lat="50.00067583125" lon="9.00302819474" />
  <node id="1495" visible="true" version="1" lat="50.00068053454" lon="9.00302992894" />
  <node id="1496" visible="true" version="1" lat="50.00068524336" lon="9.00303162664" />
  <node id="1497" visible="true" version="1" lat="50.00068995759" lon="9.00303328779" />
  <node id="1498" visible="true" version="1" lat="50.00069467712" lon="9.00303491235" />
  <node id="1499" visible="true" version="1" lat="50.00069940182" lon="9.00303650028" />
  <node id="1500" visible="true" version="1" lat="50.00070413159" lon="9.00303805154" />
  <node id="1501" visible="true" version="1" lat="50.00070886629" lon="9.00303956609" />
  <node id="1502" visible="true" version="1" lat="50.00071360581" lon="9.0030410439" />
  <node id="1503" visible="true" version="1" lat="50.00071835004" lon="9.00304248492" />
  <node id="1504" visible="true" version="1" lat="50.00072309886" lon="9.00304388912" />
  <node id="1505" visible="true" version="1" lat="50.00072785213" lon="9.00304525647" />
  <node id="1506" visible="true" version="1" lat="50.00073260976" lon="9.00304658693" />
  <node id="1507" visible="true" version="1" lat="50.00073737162" lon="9.00304788047" />
  <node id="1508" visible="true" version="1" lat="50.00074213758" lon="9.00304913706" />
  <node id="1509" visible="true" version="1" lat="50.00074690753" lon="9.00305035666" />
  <node id="1510" visible="true" version="1" lat="50.00075168136" lon="9.00305153924" />
  <node id="1511" visible="true" version="1" lat="50.00075645894" lon="9.00305268478" />
  <node id="1512" visible="true" version="1" lat="50.00076124014" lon="9.00305379324" />
  <node id="1513" visible="true" version="1" lat="50.00076602487" lon="9.0030548646" />
  <node id="1514" visible="true" version="1" lat="50.00077081298" lon="9.00305589883" />
  <node id="1515" visible="true" version="1" lat="50.00077560437" lon="9.00305689591" />
  <node id="1516" visible="true" version="1" lat="50.00078039891" lon="9.00305785581" />
  <node id="1517" visible="true" version="1" lat="50.00078519648" lon="9.0030587785" />
  <node id="1518" visible="true" version="1" lat="50.00078999697" lon="9.00305966397" />
  <node id="1519" visible="true" version="1" lat="50.00079480025" lon="9.00306051219" />
  <node id="1520" visible="true" version="1" lat="50.00079960621" lon="9.00306132314" />
  <node id="1521" visible="true" version="1" lat="50.00080441472" lon="9.0030620968" />
  <node id="1522" visible="true" version="1" lat="50.00080922566" lon="9.00306283314" />
  <node id="1523" visible="true" version="1" lat="50.00081403892" lon="9.00306353217" />
  <node id="1524" visible="true" version="1" lat="50.00081885437" lon="9.00306419384" />
  <node id="1525" visible="true" version="1" lat="50.00082367189" lon="9.00306481815" />
  <node id="1526" visible="true" version="1" lat="50.00082849136" lon="9.00306540509" />
  <node id="1527" visible="true" version="1" lat="50.00083331266" lon="9.00306595463" />
  <node id="1528" visible="true" version="1" lat="50.00083813568" lon="9.00306646677" />
  <node id="1529" visible="true" version="1" lat="50.00084296028" lon="9.00306694149" />
  <node id="1530" visible="true" version="1" lat="50.00084778636" lon="9.00306737877" />
  <node id="1531" visible="true" version="1" lat="50.00085261378" lon="9.00306777862" />
  <node id="1532" visible="true" version="1" lat="50.00085744243" lon="9.00306814101" />
  <node id="1533" visible="true" version="1" lat="50.00086227219" lon="9.00306846594" />
  <node id="1534" visible="true" version="1" lat="50.00086710294" lon="9.0030687534" />
  <node id="1535" visible="true" version="1" lat="50.00087193455" lon="9.00306900339" />
  <node id="1536" visible="true" version="1" lat="50.0008767669" lon="9.0030692159" />
  <node id="1537" visible="true" version="1" lat="50.00088159989" lon="9.00306939091" />
  <node id="1538" visible="true" version="1" lat="50.00088643337" lon="9.00306952844" />
  <node id="1539" visible="true" version="1" lat="50.00089126724" lon="9.00306962846" />
  <node id="1540" visible="true" version="1" lat="50.00089610137" lon="9.00306969099" />
  <node id="1541" visible="true" version="1" lat="50.00090093564" lon="9.00306971603" />
  <node id="1542" visible="true" version="1" lat="50.00090576993" lon="9.00306970356" />
  <node id="1543" visible="true" version="1" lat="50.00091060412" lon="9.00306965359" />
  <node id="1544" visible="true" version="1" lat="50.00091543809" lon="9.00306956612" />
  <node id="1545" visible="true" version="1" lat="50.00092027172" lon="9.00306944115" />
  <node id="1546" visible="true" version="1" lat="50.00092510488" lon="9.00306927869" />
  <node id="1547" visible="true" version="1" lat="50.00092993746" lon="9.00306907874" />
  <node id="1548" visible="true" version="1" lat="50.00093476934" lon="9.00306884131" />
  <node id="1549" visible="true" version="1" lat="50.00093960039" lon="9.0030685664" />
  <node id="1550" visible="true" version="1" lat="50.00094443049" lon="9.00306825401" />
  <node id="1551" visible="true" version="1" lat="50.00094925952" lon="9.00306790417" />
  <node id="1552" visible="true" version="1" lat="50.00095408737" lon="9.00306751686" />
  <node id="1553" visible="true" version="1" lat="50.00095891391" lon="9.00306709212" />
  <node id="1554" visible="true" version="1" lat="50.00096373902" lon="9.00306662993" />
  <node id="1555" visible="true" version="1" lat="50.00096856258" lon="9.00306613033" />
  <node id="1556" visible="true" version="1" lat="50.00097338447" lon="9.00306559331" />
  <node id="1557" visible="true" version="1" lat="50.00097820457" lon="9.00306501889" />
  <node id="1558" visible="true" version="1" lat="50.00098302276" lon="9.0030644071" />
  <node id="1559" visible="true" version="1" lat="50.00098783891" lon="9.00306375793" />
  <node id="1560" visible="true" version="1" lat="50.00099265292" lon="9.00306307141" />
  <node id="1561" visible="true" version="1" lat="50.00099746465" lon="9.00306234756" />
  <node id="1562" visible="true" version="1" lat="50.00100227399" lon="9.00306158639" />
  <node id="1563" visible="true" version="1" lat="50.00100708081" lon="9.00306078793" />
  <node id="1564" visible="true" version="1" lat="50.001011885" lon="9.00305995218" />
  <node id="1565" visible="true" version="1" lat="50.00101668644" lon="9.00305907918" />
  <node id="1566" visible="true" version="1" lat="50.001021485" lon="9.00305816895" />
  <node id="1567" visible="true" version="1" lat="50.00102628057" lon="9.0030572215" />
  <node id="1568" visible="true" version="1" lat="50.00103107303" lon="9.00305623687" />
  <node id="1569" visible="true" version="1" lat="50.00103586225" lon="9.00305521507" />
  <node id="1570" visible="true" version="1" lat="50.00104064812" lon="9.00305415613" />
  <node id="1571" visible="true" version="1" lat="50.00104543052" lon="9.00305306008" />
  <node id="1572" visible="true" version="1" lat="50.00105020933" lon="9.00305192695" />
  <node id="1573" visible="true" version="1" lat="50.00105498442" lon="9.00305075676" />
  <node id="1574" visible="true" version="1" lat="50.00105975569" lon="9.00304954955" />
  <node id="1575" visible="true" version="1" lat="50.001064523" lon="9.00304830533" />
  <node id="1576" visible="true" version="1" lat="50.00106928624" lon="9.00304702416" />
  <node id="1577" visible="true" version="1" lat="50.0010740453" lon="9.00304570605" />
  <node id="1578" visible="true" version="1" lat="50.00107880004" lon="9.00304435103" />
  <node id="1579" visible="true" version="1" lat="50.00108355037" lon="9.00304295916" />
  <node id="1580" visible="true" version="1" lat="50.00108829614" lon="9.00304153045" />
  <node id="1581" visible="true" version="1" lat="50.00109303725" lon="9.00304006494" />
  <node id="1582" visible="true" version="1" lat="50.00109777358" lon="9.00303856267" />
  <node id="1583" visible="true" version="1" lat="50.00110250501" lon="9.00303702368" />
  <node id="1584" visible="true" version="1" lat="50.00110723142" lon="9.00303544801" />
  <node id="1585" visible="true" version="1" lat="50.0011119527" lon="9.0030338357" />
  <node id="1586" visible="true" version="1" lat="50.00111666871" lon="9.00303218678" />
  <node id="1587" visible="true" version="1" lat="50.00112137936" lon="9.00303050129" />
  <node id="1588" visible="true" version="1" lat="50.00112608451" lon="9.00302877929" />
  <node id="1589" visible="true" version="1" lat="50.00113078406" lon="9.00302702081" />
  <node id="1590" visible="true" version="1" lat="50.00113547788" lon="9.0030252259" />
  <node id="1591" visible="true" version="1" lat="50.00114016585" lon="9.0030233946" />
  <node id="1592" visible="true" version="1" lat="50.00114484787" lon="9.00302152695" />
  <node id="1593" visible="true" version="1" lat="50.00114952381" lon="9.00301962301" />
  <node id="1594" visible="true" version="1" lat="50.00115419355" lon="9.00301768282" />
  <node id="1595" visible="true" version="1" lat="50.00115885698" lon="9.00301570643" />
  <node id="1596" visible="true" version="1" lat="50.00116351399" lon="9.00301369389" />
  <node id="1597" visible="true" version="1" lat="50.00116816445" lon="9.00301164524" />
  <node id="1598" visible="true" version="1" lat="50.00117280825" lon="9.00300956055" />
  <node id="1599" visible="true" version="1" lat="50.00117744527" lon="9.00300743987" />
  <node id="1600" visible="true" version="1" lat="50.0011820754" lon="9.00300528323" />
  <node id="1601" visible="true" version="1" lat="50.00118669852" lon="9.00300309071" />
  <node id="1602" visible="true" version="1" lat="50.00119131452" lon="9.00300086235" />
  <node id="1603" visible="true" version="1" lat="50.00119592328" lon="9.00299859822" />
  <node id="1604" visible="true" version="1" lat="50.00120052468" lon="9.00299629836" />
  <node id="1605" visible="true" version="1" lat="50.00120511862" lon="9.00299396283" />
  <node id="1606" visible="true" version="1" lat="50.00120970497" lon="9.0029915917" />
  <node id="1607" visible="true" version="1" lat="50.00121428362" lon="9.00298918502" />
  <node id="1608" visible="true" version="1" lat="50.00121885446" lon="9.00298674285" />
  <node id="1609" visible="true" version="1" lat="50.00122341737" lon="9.00298426525" />
  <node id="1610" visible="true" version="1" lat="50.00122797223" lon="9.00298175229" />
  <node id="1611" visible="true" version="1" lat="50.00123251895" lon="9.00297920403" />
  <node id="1612" visible="true" version="1" lat="50.00123705739" lon="9.00297662053" />
  <node id="1613" visible="true" version="1" lat="50.00124158745" lon="9.00297400185" />
  <node id="1614" visible="true" version="1" lat="50.00124610901" lon="9.00297134807" />
  <node id="1615" visible="true" version="1" lat="50.00125062197" lon="9.00296865924" />
  <node id="1616" visible="true" version="1" lat="50.0012551262" lon="9.00296593544" />
  <node id="1617" visible="true" version="1" lat="50.0012596216" lon="9.00296317674" />
  <node id="1618" visible="true" version="1" lat="50.00126410805" lon="9.00296038319" />
  <node id="1619" visible="true" version="1" lat="50.00126858544" lon="9.00295755488" />
  <node id="1620" visible="true" version="1" lat="50.00127305366" lon="9.00295469187" />
  <node id="1621" visible="true" version="1" lat="50.0012775126" lon="9.00295179424" />
  <node id="1622" visible="true" version="1" lat="50.00128196215" lon="9.00294886205" />
  <node id="1623" visible="true" version="1" lat="50.00128640218" lon="9.00294589538" />
  <node id="1624" visible="true" version="1" lat="50.00129083261" lon="9.00294289431" />
  <node id="1625" visible="true" version="1" lat="50.0012952533" lon="9.0029398589" />
  <node id="1626" visible="true" version="1" lat="50.00129966416" lon="9.00293678924" />
  <node id="1627" visible="true" version="1" lat="50.00130406507" lon="9.00293368541" />
  <node id="1628" visible="true" version="1" lat="50.00130845592" lon="9.00293054747" />
  <node id="1629" visible="true" version="1" lat="50.0013128366" lon="9.00292737551" />
  <node id="1630" visible="true" version="1" lat="50.001317207" lon="9.00292416961" />
  <node id="1631" visible="true" version="1" lat="50.00132156702" lon="9.00292092984" />
  <node id="1632" visible="true" version="1" lat="50.00132591655" lon="9.00291765629" />
  <node id="1633" visible="true" version="1" lat="50.00133025546" lon="9.00291434905" />
  <node id="1634" visible="true" version="1" lat="50.00133458367" lon="9.00291100818" />
  <node id="1635" visible="true" version="1" lat="50.00133890105" lon="9.00290763379" />
  <node id="1636" visible="true" version="1" lat="50.00134320751" lon="9.00290422594" />
  <node id="1637" visible="true" version="1" lat="50.00134750293" lon="9.00290078473" />
  <node id="1638" visible="true" version="1" lat="50.0013517872" lon="9.00289731024" />
  <node id="1639" visible="true" version="1" lat="50.00135606023" lon="9.00289380256" />
  <node id="1640" visible="true" version="1" lat="50.00136032189" lon="9.00289026178" />
  <node id="1641" visible="true" version="1" lat="50.00136457209" lon="9.00288668798" />
  <node id="1642" visible="true" version="1" lat="50.00136881072" lon="9.00288308126" />
  <node id="1643" visible="true" version="1" lat="50.00137303768" lon="9.0028794417" />
  <node id="1644" visible="true" version="1" lat="50.00137725285" lon="9.00287576939" />
  <node id="1645" visible="true" version="1" lat="50.00138145613" lon="9.00287206444" />
  <node id="1646" visible="true" version="1" lat="50.00138564742" lon="9.00286832692" />
  <node id="1647" visible="true" version="1" lat="50.00138982661" lon="9.00286455694" />
  <node id="1648" visible="true" version="1" lat="50.0013939936" lon="9.00286075458" />
  <node id="1649" visible="true" version="1" lat="50.00139814829" lon="9.00285691995" />
  <node id="1650" visible="true" version="1" lat="50.00140229056" lon="9.00285305313" />
  <node id="1651" visible="true" version="1" lat="50.00140642032" lon="9.00284915423" />
  <node id="1652" visible="true" version="1" lat="50.00141053746" lon="9.00284522335" />
  <node id="1653" visible="true" version="1" lat="50.00141464189" lon="9.00284126057" />
  <node id="1654" visible="true" version="1" lat="50.00141873349" lon="9.002837266" />
  <node id="1655" visible="true" version="1" lat="50.00142281216" lon="9.00283323975" />
  <node id="1656" visible="true" version="1" lat="50.00142687781" lon="9.0028291819" />
  <node id="1657" visible="true" version="1" lat="50.00143093033" lon="9.00282509257" />
  <node id="1658" visible="true" version="1" lat="50.00143496962" lon="9.00282097185" />
  <node id="1659" visible="true" version="1" lat="50.00143899558" lon="9.00281681985" />
  <node id="1660" visible="true" version="1" lat="50.00144300811" lon="9.00281263666" />
  <node id="1661" visible="true" version="1" lat="50.00144700711" lon="9.00280842241" />
  <node id="1662" visible="true" version="1" lat="50.00145099247" lon="9.00280417718" />
  <node id="1663" visible="true" version="1" lat="50.0014549641" lon="9.00279990109" />
  <node id="1664" visible="true" version="1" lat="50.00145892191" lon="9.00279559425" />
  <node id="1665" visible="true" version="1" lat="50.00146286578" lon="9.00279125676" />
  <node id="1666" visible="true" version="1" lat="50.00146679562" lon="9.00278688873" />
  <node id="1667" visible="true" version="1" lat="50.00147071134" lon="9.00278249026" />
  <node id="1668" visible="true" version="1" lat="50.00147461283" lon="9.00277806148" />
  <node id="1669" visible="true" version="1" lat="50.00147850001" lon="9.00277360248" />
  <node id="1670" visible="true" version="1" lat="50.00148237276" lon="9.00276911339" />
  <node id="1671" visible="true" version="1" lat="50.00148623099" lon="9.00276459431" />
  <node id="1672" visible="true" version="1" lat="50.00149007462" lon="9.00276004536" />
  <node id="1673" visible="true" version="1" lat="50.00149390353" lon="9.00275546665" />
  <node id="1674" visible="true" version="1" lat="50.00149771765" lon="9.00275085829" />
  <node id="1675" visible="true" version="1" lat="50.00150151686" lon="9.0027462204" />
  <node id="1676" visible="true" version="1" lat="50.00150530108" lon="9.0027415531" />
  <node id="1677" visible="true" version="1" lat="50.0015090702" lon="9.0027368565" />
  <node id="1678" visible="true" version="1" lat="50.00151282415" lon="9.00273213072" />
  <node id="1679" visible="true" version="1" lat="50.00151656282" lon="9.00272737588" />
  <node id="1680" visible="true" version="1" lat="50.00152028611" lon="9.00272259209" />
  <node id="1681" visible="true" version="1" lat="50.00152399395" lon="9.00271777948" />
  <node id="1682" visible="true" version="1" lat="50.00152768622" lon="9.00271293817" />
  <node id="1683" visible="true" version="1" lat="50.00153136285" lon="9.00270806828" />
  <node id="1684" visible="true" version="1" lat="50.00153502374" lon="9.00270316993" />
  <node id="1685" visible="true" version="1" lat="50.00153866879" lon="9.00269824323" />
  <node id="1686" visible="true" version="1" lat="50.00154229793" lon="9.00269328833" />
  <node id="1687" visible="true" version="1" lat="50.00154591104" lon="9.00268830533" />
  <node id="1688" visible="true" version="1" lat="50.00154950806" lon="9.00268329437" />
  <node id="1689" visible="true" version="1" lat="50.00155308888" lon="9.00267825556" />
  <node id="1690" visible="true" version="1" lat="50.00155665341" lon="9.00267318905" />
  <node id="1691" visible="true" version="1" lat="50.00156020157" lon="9.00266809494" />
  <node id="1692" visible="true" version="1" lat="50.00156373327" lon="9.00266297337" />
  <node id="1693" visible="true" version="1" lat="50.00156724842" lon="9.00265782447" />
  <node id="1694" visible="true" version="1" lat="50.00157074693" lon="9.00265264836" />
  <node id="1695" visible="true" version="1" lat="50.00157422872" lon="9.00264744518" />
  <node id="1696" visible="true" version="1" lat="50.0015776937" lon="9.00264221506" />
  <node id="1697" visible="true" version="1" lat="50.00158114177" lon="9.00263695812" />
  <node id="1698" visible="true" version="1" lat="50.00158457286" lon="9.00263167449" />
  <node id="1699" visible="true" version="1" lat="50.00158798688" lon="9.00262636432" />
  <node id="1700" visible="true" version="1" lat="50.00159138374" lon="9.00262102773" />
  <node id="1701" visible="true" version="1" lat="50.00159476337" lon="9.00261566486" />
  <node id="1702" visible="true" version="1" lat="50.00159812566" lon="9.00261027583" />
  <node id="1703" visible="true" version="1" lat="50.00160147055" lon="9.00260486079" />
  <node id="1704" visible="true" version="1" lat="50.00160479794" lon="9.00259941987" />
  <node id="1705" visible="true" version="1" lat="50.00160810775" lon="9.00259395321" />
  <node id="1706" visible="true" version="1" lat="50.00161139991" lon="9.00258846093" />
  <node id="1707" visible="true" version="1" lat="50.00161467433" lon="9.00258294319" />
  <node id="1708" visible="true" version="1" lat="50.00161793092" lon="9.00257740012" />
  <node id="1709" visible="true" version="1" lat="50.0016211696" lon="9.00257183185" />
  <node id="1710" visible="true" version="1" lat="50.0016243903" lon="9.00256623852" />
  <node id="1711" visible="true" version="1" lat="50.00162759294" lon="9.00256062029" />
  <node id="1712" visible="true" version="1" lat="50.00163077742" lon="9.00255497728" />
  <node id="1713" visible="true" version="1" lat="50.00163394368" lon="9.00254930963" />
  <node id="1714" visible="true" version="1" lat="50.00163709164" lon="9.0025436175" />
  <node id="1715" visible="true" version="1" lat="50.00164022121" lon="9.00253790101" />
  <node id="1716" visible="true" version="1" lat="50.00164333232" lon="9.00253216032" />
  <node id="1717" visible="true" version="1" lat="50.00164642489" lon="9.00252639557" />
  <node id="1718" visible="true" version="1" lat="50.00164949884" lon="9.00252060689" />
  <node id="1719" visible="true" version="1" lat="50.0016525541" lon="9.00251479445" />
  <node id="1720" visible="true" version="1" lat="50.00165559058" lon="9.00250895837" />
  <node id="1721" visible="true" version="1" lat="50.00165860823" lon="9.00250309881" />
  <node id="1722" visible="true" version="1" lat="50.00166160694" lon="9.00249721592" />
  <node id="1723" visible="true" version="1" lat="50.00166458666" lon="9.00249130984" />
  <node id="1724" visible="true" version="1" lat="50.00166754731" lon="9.00248538072" />
  <node id="1725" visible="true" version="1" lat="50.00167048882" lon="9.0024794287" />
  <node id="1726" visible="true" version="1" lat="50.0016734111" lon="9.00247345394" />
  <node id="1727" visible="true" version="1" lat="50.0016763141" lon="9.00246745658" />
  <node id="1728" visible="true" version="1" lat="50.00167919773" lon="9.00246143678" />
  <node id="1729" visible="true" version="1" lat="50.00168206192" lon="9.00245539468" />
  <node id="1730" visible="true" version="1" lat="50.0016849066" lon="9.00244933045" />
  <node id="1731" visible="true" version="1" lat="50.00168773171" lon="9.00244324421" />
  <node id="1732" visible="true" version="1" lat="50.00169053716" lon="9.00243713614" />
  <node id="1733" visible="true" version="1" lat="50.00169332289" lon="9.00243100639" />
  <node id="1734" visible="true" version="1" lat="50.00169608884" lon="9.00242485509" />
  <node id="1735" visible="true" version="1" lat="50.00169883492" lon="9.00241868242" />
  <node id="1736" visible="true" version="1" lat="50.00170156108" lon="9.00241248853" />
  <node id="1737" visible="true" version="1" lat="50.00170426724" lon="9.00240627356" />
  <node id="1738" visible="true" version="1" lat="50.00170695334" lon="9.00240003767" />
  <node id="1739" visible="true" version="1" lat="50.00170961931" lon="9.00239378103" />
  <node id="1740" visible="true" version="1" lat="50.00171226508" lon="9.00238750379" />
  <node id="1741" visible="true" version="1" lat="50.00171489058" lon="9.00238120609" />
  <node id="1742" visible="true" version="1" lat="50.00171749576" lon="9.00237488811" />
  <node id="1743" visible="true" version="1" lat="50.00172008054" lon="9.00236855" />
  <node id="1744" visible="true" version="1" lat="50.00172264487" lon="9.00236219192" />
  <node id="1745" visible="true" version="1" lat="50.00172518867" lon="9.00235581402" />
  <node id="1746" visible="true" version="1" lat="50.00172771188" lon="9.00234941647" />
  <node id="1747" visible="true" version="1" lat="50.00173021445" lon="9.00234299942" />
  <node id="1748" visible="true" version="1" lat="50.0017326963" lon="9.00233656305" />
  <node id="1749" visible="true" version="1" lat="50.00173515738" lon="9.00233010749" />
  <node id="1750" visible="true" version="1" lat="50.00173759762" lon="9.00232363293" />
  <node id="1751" visible="true" version="1" lat="50.00174001697" lon="9.00231713952" />
  <node id="1752" visible="true" version="1" lat="50.00174241536" lon="9.00231062742" />
  <node id="1753" visible="true" version="1" lat="50.00174479273" lon="9.0023040968" />
  <node id="1754" visible="true" version="1" lat="50.00174714902" lon="9.00229754782" />
  <node id="1755" visible="true" version="1" lat="50.00174948418" lon="9.00229098063" />
  <node id="1756" visible="true" version="1" lat="50.00175179815" lon="9.00228439542" />
  <node id="1757" visible="true" version="1" lat="50.00175409086" lon="9.00227779234" />
  <node id="1758" visible="true" version="1" lat="50.00175636226" lon="9.00227117155" />
  <node id="1759" visible="true" version="1" lat="50.0017586123" lon="9.00226453323" />
  <node id="1760" visible="true" version="1" lat="50.00176084092" lon="9.00225787753" />
  <node id="1761" visible="true" version="1" lat="50.00176304806" lon="9.00225120463" />
  <node id="1762" visible="true" version="1" lat="50.00176523366" lon="9.00224451469" />
  <node id="1763" visible="true" version="1" lat="50.00176739768" lon="9.00223780788" />
  <node id="1764" visible="true" version="1" lat="50.00176954005" lon="9.00223108437" />
  <node id="1765" visible="true" version="1" lat="50.00177166073" lon="9.00222434432" />
  <node id="1766" visible="true" version="1" lat="50.00177375966" lon="9.0022175879" />
  <node id="1767" visible="true" version="1" lat="50.00177583679" lon="9.00221081529" />
  <node id="1768" visible="true" version="1" lat="50.00177789207" lon="9.00220402665" />
  <node id="1769" visible="true" version="1" lat="50.00177992545" lon="9.00219722214" />
  <node id="1770" visible="true" version="1" lat="50.00178193686" lon="9.00219040195" />
  <node id="1771" visible="true" version="1" lat="50.00178392628" lon="9.00218356624" />
  <node id="1772" visible="true" version="1" lat="50.00178589364" lon="9.00217671518" />
  <node id="1773" visible="true" version="1" lat="50.00178783889" lon="9.00216984895" />
  <node id="1774" visible="true" version="1" lat="50.00178976199" lon="9.00216296771" />
  <node id="1775" visible="true" version="1" lat="50.00179166289" lon="9.00215607164" />
  <node id="1776" visible="true" version="1" lat="50.00179354154" lon="9.00214916091" />
  <node id="1777" visible="true" version="1" lat="50.0017953979" lon="9.00214223569" />
  <node id="1778" visible="true" version="1" lat="50.00179723191" lon="9.00213529616" />
  <node id="1779" visible="true" version="1" lat="50.00179904354" lon="9.00212834248" />
  <node id="1780" visible="true" version="1" lat="50.00180083273" lon="9.00212137484" />
  <node id="1781" visible="true" version="1" lat="50.00180259945" lon="9.00211439341" />
  <node id="1782" visible="true" version="1" lat="50.00180434364" lon="9.00210739836" />
  <node id="1783" visible="true" version="1" lat="50.00180606527" lon="9.00210038987" />
  <node id="1784" visible="true" version="1" lat="50.00180776429" lon="9.0020933681" />
  <node id="1785" visible="true" version="1" lat="50.00180944066" lon="9.00208633325" />
  <node id="1786" visible="true" version="1" lat="50.00181109433" lon="9.00207928548" />
  <node id="1787" visible="true" version="1" lat="50.00181272527" lon="9.00207222496" />
  <node id="1788" visible="true" version="1" lat="50.00181433344" lon="9.00206515189" />
  <node id="1789" visible="true" version="1" lat="50.00181591879" lon="9.00205806643" />
  <node id="1790" visible="true" version="1" lat="50.00181748128" lon="9.00205096875" />
  <node id="1791" visible="true" version="1" lat="50.00181902088" lon="9.00204385905" />
  <node id="1792" visible="true" version="1" lat="50.00182053755" lon="9.00203673749" />
  <node id="1793" visible="true" version="1" lat="50.00182203125" lon="9.00202960425" />
  <node id="1794" visible="true" version="1" lat="50.00182350194" lon="9.00202245952" />
  <node id="1795" visible="true" version="1" lat="50.00182494959" lon="9.00201530346" />
  <node id="1796" visible="true" version="1" lat="50.00182637416" lon="9.00200813627" />
  <node id="1797" visible="true" version="1" lat="50.00182777561" lon="9.00200095811" />
  <node id="1798" visible="true" version="1" lat="50.0018291539" lon="9.00199376917" />
  <node id="1799" visible="true" version="1" lat="50.00183050902" lon="9.00198656963" />
  <node id="1800" visible="true" version="1" lat="50.00183184091" lon="9.00197935966" />
  <node id="1801" visible="true" version="1" lat="50.00183314955" lon="9.00197213946" />
  <node id="1802" visible="true" version="1" lat="50.0018344349" lon="9.00196490919" />
  <node id="1803" visible="true" version="1" lat="50.00183569694" lon="9.00195766904" />
  <node id="1804" visible="true" version="1" lat="50.00183693562" lon="9.00195041919" />
  <node id="1805" visible="true" version="1" lat="50.00183815093" lon="9.00194315983" />
  <node id="1806" visible="true" version="1" lat="50.00183934282" lon="9.00193589112" />
  <node id="1807" visible="true" version="1" lat="50.00184051128" lon="9.00192861326" />
  <node id="1808" visible="true" version="1" lat="50.00184165626" lon="9.00192132643" />
  <node id="1809" visible="true" version="1" lat="50.00184277775" lon="9.00191403081" />
  <node id="1810" visible="true" version="1" lat="50.00184387571" lon="9.00190672657" />
  <node id="1811" visible="true" version="1" lat="50.00184495012" lon="9.00189941392" />
  <node id="1812" visible="true" version="1" lat="50.00184600094" lon="9.00189209301" />
  <node id="1813" visible="true" version="1" lat="50.00184702816" lon="9.00188476405" />
  <node id="1814" visible="true" version="1" lat="50.00184803175" lon="9.00187742721" />
  <node id="1815" visible="true" version="1" lat="50.00184901167" lon="9.00187008268" />
  <node id="1816" visible="true" version="1" lat="50.00184996792" lon="9.00186273063" />
  <node id="1817" visible="true" version="1" lat="50.00185090046" lon="9.00185537126" />
  <node id="1818" visible="true" version="1" lat="50.00185180927" lon="9.00184800475" />
  <node id="1819" visible="true" version="1" lat="50.00185269433" lon="9.00184063128" />
  <node id="1820" visible="true" version="1" lat="50.00185355561" lon="9.00183325104" />
  <node id="1821" visible="true" version="1" lat="50.0018543931" lon="9.0018258642" />
  <node id="1822" visible="true" version="1" lat="50.00185520677" lon="9.00181847096" />
  <node id="1823" visible="true" version="1" lat="50.0018559966" lon="9.00181107151" />
  <node id="1824" visible="true" version="1" lat="50.00185676258" lon="9.00180366601" />
  <node id="1825" visible="true" version="1" lat="50.00185750468" lon="9.00179625467" />
  <node id="1826" visible="true" version="1" lat="50.00185822288" lon="9.00178883767" />
  <node id="1827" visible="true" version="1" lat="50.00185891717" lon="9.00178141518" />
  <node id="1828" visible="true" version="1" lat="50.00185958754" lon="9.0017739874" />
  <node id="1829" visible="true" version="1" lat="50.00186023395" lon="9.00176655452" />
  <node id="1830" visible="true" version="1" lat="50.00186085641" lon="9.00175911671" />
  <node id="1831" visible="true" version="1" lat="50.00186145488" lon="9.00175167417" />
  <node id="1832" visible="true" version="1" lat="50.00186202936" lon="9.00174422707" />
  <node id="1833" visible="true" version="1" lat="50.00186257984" lon="9.00173677562" />
  <node id="1834" visible="true" version="1" lat="50.00186310629" lon="9.00172931998" />
  <node id="1835" visible="true" version="1" lat="50.00186360871" lon="9.00172186036" />
  <node id="1836" visible="true" version="1" lat="50.00186408708" lon="9.00171439693" />
  <node id="1837" visible="true" version="1" lat="50.00186454139" lon="9.00170692989" />
  <node id="1838" visible="true" version="1" lat="50.00186497163" lon="9.00169945941" />
  <node id="1839" visible="true" version="1" lat="50.00186537779" lon="9.00169198569" />
  <node id="1840" visible="true" version="1" lat="50.00186575986" lon="9.00168450891" />
  <node id="1841" visible="true" version="1" lat="50.00186611782" lon="9.00167702926" />
  <node id="1842" visible="true" version="1" lat="50.00186645168" lon="9.00166954692" />
  <node id="1843" visible="true" version="1" lat="50.00186676142" lon="9.00166206209" />
  <node id="1844" visible="true" version="1" lat="50.00186704703" lon="9.00165457496" />
  <node id="1845" visible="true" version="1" lat="50.00186730851" lon="9.0016470857" />
  <node id="1846" visible="true" version="1" lat="50.00186754585" lon="9.0016395945" />
  <node id="1847" visible="true" version="1" lat="50.00186775904" lon="9.00163210156" />
  <node id="1848" visible="true" version="1" lat="50.00186794808" lon="9.00162460705" />
  <node id="1849" visible="true" version="1" lat="50.00186811297" lon="9.00161711118" />
  <node id="1850" visible="true" version="1" lat="50.0018682537" lon="9.00160961412" />
  <node id="1851" visible="true" version="1" lat="50.00186837026" lon="9.00160211606" />
  <node id="1852" visible="true" version="1" lat="50.00186846266" lon="9.00159461719" />
  <node id="1854" visible="true" version="1" lat="49.99994940845" lon="9" />
  <node id="1855" visible="true" version="1" lat="49.99994940845" lon="9.0000069767" />
  <node id="1856" visible="true" version="1" lat="49.99994940845" lon="9.00001395339" />
  <node id="1857" visible="true" version="1" lat="49.99994940845" lon="9.00002093009" />
  <node id="1858" visible="true" version="1" lat="49.99994940845" lon="9.00002790679" />
  <node id="1859" visible="true" version="1" lat="49.99994940844" lon="9.00003488349" />
  <node id="1860" visible="true" version="1" lat="49.99994940844" lon="9.00004186018" />
  <node id="1861" visible="true" version="1" lat="49.99994940844" lon="9.00004883688" />
  <node id="1862" visible="true" version="1" lat="49.99994940844" lon="9.00005581358" />
  <node id="1863" visible="true" version="1" lat="49.99994940843" lon="9.00006279027" />
  <node id="1864" visible="true" version="1" lat="49.99994940843" lon="9.00006976697" />
  <node id="1865" visible="true" version="1" lat="49.99994940842" lon="9.00007674367" />
  <node id="1866" visible="true" version="1" lat="49.99994940842" lon="9.00008372036" />
  <node id="1867" visible="true" version="1" lat="49.99994940841" lon="9.00009069706" />
  <node id="1868" visible="true" version="1" lat="49.99994940841" lon="9.00009767376" />
  <node id="1869" visible="true" version="1" lat="49.9999494084" lon="9.00010465046" />
  <node id="1870" visible="true" version="1" lat="49.99994940839" lon="9.00011162715" />
  <node id="1871" visible="true" version="1" lat="49.99994940839" lon="9.00011860385" />
  <node id="1872" visible="true" version="1" lat="49.99994940838" lon="9.00012558055" />
  <node id="1873" visible="true" version="1" lat="49.99994940837" lon="9.00013255724" />
  <node id="1874" visible="true" version="1" lat="49.99994940836" lon="9.00013953394" />
  <node id="1875" visible="true" version="1" lat="49.99994940836" lon="9.00014651064" />
  <node id="1876" visible="true" version="1" lat="49.99994940835" lon="9.00015348734" />
  <node id="1877" visible="true" version="1" lat="49.99994940834" lon="9.00016046403" />
  <node id="1878" visible="true" version="1" lat="49.99994940833" lon="9.00016744073" />
  <node id="1879" visible="true" version="1" lat="49.99994940832" lon="9.00017441743" />
  <node id="1880" visible="true" version="1" lat="49.99994940831" lon="9.00018139412" />
  <node id="1881" visible="true" version="1" lat="49.9999494083" lon="9.00018837082" />
  <node id="1882" visible="true" version="1" lat="49.99994940828" lon="9.00019534752" />
  <node id="1883" visible="true" version="1" lat="49.99994940827" lon="9.00020232422" />
  <node id="1884" visible="true" version="1" lat="49.99994940826" lon="9.00020930091" />
  <node id="1885" visible="true" version="1" lat="49.99994940825" lon="9.00021627761" />
  <node id="1886" visible="true" version="1" lat="49.99994940823" lon="9.00022325431" />
  <node id="1887" visible="true" version="1" lat="49.99994940822" lon="9.000230231" />
  <node id="1888" visible="true" version="1" lat="49.99994940821" lon="9.0002372077" />
  <node id="1889" visible="true" version="1" lat="49.99994940819" lon="9.0002441844" />
  <node id="1890" visible="true" version="1" lat="49.99994940818" lon="9.00025116109" />
  <node id="1891" visible="true" version="1" lat="49.99994940816" lon="9.00025813779" />
  <node id="1892" visible="true" version="1" lat="49.99994940815" lon="9.00026511449" />
  <node id="1893" visible="true" version="1" lat="49.99994940813" lon="9.00027209119" />
  <node id="1894" visible="true" version="1" lat="49.99994940811" lon="9.00027906788" />
  <node id="1895" visible="true" version="1" lat="49.9999494081" lon="9.00028604458" />
  <node id="1896" visible="true" version="1" lat="49.99994940808" lon="9.00029302128" />
  <node id="1897" visible="true" version="1" lat="49.99994940806" lon="9.00029999797" />
  <node id="1898" visible="true" version="1" lat="49.99994940804" lon="9.00030697467" />
  <node id="1899" visible="true" version="1" lat="49.99994940802" lon="9.00031395137" />
  <node id="1900" visible="true" version="1" lat="49.999949408" lon="9.00032092807" />
  <node id="1901" visible="true" version="1" lat="49.99994940799" lon="9.00032790476" />
  <node id="1902" visible="true" version="1" lat="49.99994940797" lon="9.00033488146" />
  <node id="1903" visible="true" version="1" lat="49.99994940794" lon="9.00034185816" />
  <node id="1904" visible="true" version="1" lat="49.99994940792" lon="9.00034883485" />
  <node id="1905" visible="true" version="1" lat="49.9999494079" lon="9.00035581155" />
  <node id="1906" visible="true" version="1" lat="49.99994940788" lon="9.00036278825" />
  <node id="1907" visible="true" version="1" lat="49.99994940786" lon="9.00036976495" />
  <node id="1908" visible="true" version="1" lat="49.99994940784" lon="9.00037674164" />
  <node id="1909" visible="true" version="1" lat="49.99994940781" lon="9.00038371834" />
  <node id="1910" visible="true" version="1" lat="49.99994940779" lon="9.00039069504" />
  <node id="1911" visible="true" version="1" lat="49.99994940777" lon="9.00039767173" />
  <node id="1912" visible="true" version="1" lat="49.99994940774" lon="9.00040464843" />
  <node id="1913" visible="true" version="1" lat="49.99994940772" lon="9.00041162513" />
  <node id="1914" visible="true" version="1" lat="49.99994940769" lon="9.00041860182" />
  <node id="1915" visible="true" version="1" lat="49.99994940767" lon="9.00042557852" />
  <node id="1916" visible="true" version="1" lat="49.99994940764" lon="9.00043255522" />
  <node id="1917" visible="true" version="1" lat="49.99994940762" lon="9.00043953192" />
  <node id="1918" visible="true" version="1" lat="49.99994940759" lon="9.00044650861" />
  <node id="1919" visible="true" version="1" lat="49.99994940756" lon="9.00045348531" />
  <node id="1920" visible="true" version="1" lat="49.99994940753" lon="9.00046046201" />
  <node id="1921" visible="true" version="1" lat="49.99994940751" lon="9.0004674387" />
  <node id="1922" visible="true" version="1" lat="49.99994940748" lon="9.0004744154" />
  <node id="1923" visible="true" version="1" lat="49.99994940745" lon="9.0004813921" />
  <node id="1924" visible="true" version="1" lat="49.99994940742" lon="9.0004883688" />
  <node id="1925" visible="true" version="1" lat="49.99994940739" lon="9.00049534549" />
  <node id="1926" visible="true" version="1" lat="49.99994940736" lon="9.00050232219" />
  <node id="1927" visible="true" version="1" lat="49.99994940733" lon="9.00050929889" />
  <node id="1928" visible="true" version="1" lat="49.9999494073" lon="9.00051627558" />
  <node id="1929" visible="true" version="1" lat="49.99994940727" lon="9.00052325228" />
  <node id="1930" visible="true" version="1" lat="49.99994940724" lon="9.00053022898" />
  <node id="1931" visible="true" version="1" lat="49.9999494072" lon="9.00053720568" />
  <node id="1932" visible="true" version="1" lat="49.99994940717" lon="9.00054418237" />
  <node id="1933" visible="true" version="1" lat="49.99994940714" lon="9.00055115907" />
  <node id="1934" visible="true" version="1" lat="49.99994940711" lon="9.00055813577" />
  <node id="1935" visible="true" version="1" lat="49.99994940707" lon="9.00056511246" />
  <node id="1936" visible="true" version="1" lat="49.99994940704" lon="9.00057208916" />
  <node id="1937" visible="true" version="1" lat="49.999949407" lon="9.00057906586" />
  <node id="1938" visible="true" version="1" lat="49.99994940697" lon="9.00058604255" />
  <node id="1939" visible="true" version="1" lat="49.99994940693" lon="9.00059301925" />
  <node id="1940" visible="true" version="1" lat="49.9999494069" lon="9.00059999595" />
  <node id="1941" visible="true" version="1" lat="49.99994940686" lon="9.00060697265" />
  <node id="1942" visible="true" version="1" lat="49.99994940682" lon="9.00061394934" />
  <node id="1943" visible="true" version="1" lat="49.99994940679" lon="9.00062092604" />
  <node id="1944" visible="true" version="1" lat="49.99994940675" lon="9.00062790274" />
  <node id="1945" visible="true" version="1" lat="49.99994940671" lon="9.00063487943" />
  <node id="1946" visible="true" version="1" lat="49.99994940667" lon="9.00064185613" />
  <node id="1947" visible="true" version="1" lat="49.99994940663" lon="9.00064883283" />
  <node id="1948" visible="true" version="1" lat="49.9999494066" lon="9.00065580953" />
  <node id="1949" visible="true" version="1" lat="49.99994940656" lon="9.00066278622" />
  <node id="1950" visible="true" version="1" lat="49.99994940652" lon="9.00066976292" />
  <node id="1951" visible="true" version="1" lat="49.99994940648" lon="9.00067673962" />
  <node id="1952" visible="true" version="1" lat="49.99994940643" lon="9.00068371631" />
  <node id="1953" visible="true" version="1" lat="49.99994940639" lon="9.00069069301" />
  <node id="1954" visible="true" version="1" lat="49.99994940635" lon="9.00069766971" />
  <node id="1955" visible="true" version="1" lat="49.99994940631" lon="9.00070464641" />
  <node id="1956" visible="true" version="1" lat="49.99994940627" lon="9.0007116231" />
  <node id="1957" visible="true" version="1" lat="49.99994940622" lon="9.0007185998" />
  <node id="1958" visible="true" version="1" lat="49.99994940618" lon="9.0007255765" />
  <node id="1959" visible="true" version="1" lat="49.99994940614" lon="9.00073255319" />
  <node id="1960" visible="true" version="1" lat="49.99994940609" lon="9.00073952989" />
  <node id="1961" visible="true" version="1" lat="49.99994940605" lon="9.00074650659" />
  <node id="1962" visible="true" version="1" lat="49.999949406" lon="9.00075348328" />
  <node id="1963" visible="true" version="1" lat="49.99994940596" lon="9.00076045998" />
  <node id="1964" visible="true" version="1" lat="49.99994940591" lon="9.00076743668" />
  <node id="1965" visible="true" version="1" lat="49.99994940586" lon="9.00077441338" />
  <node id="1966" visible="true" version="1" lat="49.99994940582" lon="9.00078139007" />
  <node id="1967" visible="true" version="1" lat="49.99994940577" lon="9.00078836677" />
  <node id="1968" visible="true" version="1" lat="49.99994940572" lon="9.00079534347" />
  <node id="1969" visible="true" version="1" lat="49.99994940567" lon="9.00080232016" />
  <node id="1970" visible="true" version="1" lat="49.99994940563" lon="9.00080929686" />
  <node id="1971" visible="true" version="1" lat="49.99994940558" lon="9.00081627356" />
  <node id="1972" visible="true" version="1" lat="49.99994940553" lon="9.00082325026" />
  <node id="1973" visible="true" version="1" lat="49.99994940548" lon="9.00083022695" />
  <node id="1974" visible="true" version="1" lat="49.99994940543" lon="9.00083720365" />
  <node id="1975" visible="true" version="1" lat="49.99994940538" lon="9.00084418035" />
  <node id="1976" visible="true" version="1" lat="49.99994940533" lon="9.00085115704" />
  <node id="1977" visible="true" version="1" lat="49.99994940528" lon="9.00085813374" />
  <node id="1978" visible="true" version="1" lat="49.99994940522" lon="9.00086511044" />
  <node id="1979" visible="true" version="1" lat="49.99994940517" lon="9.00087208714" />
  <node id="1980" visible="true" version="1" lat="49.99994940512" lon="9.00087906383" />
  <node id="1981" visible="true" version="1" lat="49.99994940507" lon="9.00088604053" />
  <node id="1982" visible="true" version="1" lat="49.99994940501" lon="9.00089301723" />
  <node id="1983" visible="true" version="1" lat="49.99994940496" lon="9.00089999392" />
  <node id="1984" visible="true" version="1" lat="49.9999494049" lon="9.00090697062" />
  <node id="1985" visible="true" version="1" lat="49.99994940485" lon="9.00091394732" />
  <node id="1986" visible="true" version="1" lat="49.99994940479" lon="9.00092092401" />
  <node id="1987" visible="true" version="1" lat="49.99994940474" lon="9.00092790071" />
  <node id="1988" visible="true" version="1" lat="49.99994940468" lon="9.00093487741" />
  <node id="1989" visible="true" version="1" lat="49.99994940463" lon="9.00094185411" />
  <node id="1990" visible="true" version="1" lat="49.99994940457" lon="9.0009488308" />
  <node id="1991" visible="true" version="1" lat="49.99994940451" lon="9.0009558075" />
  <node id="1992" visible="true" version="1" lat="49.99994940445" lon="9.0009627842" />
  <node id="1993" visible="true" version="1" lat="49.9999494044" lon="9.00096976089" />
  <node id="1994" visible="true" version="1" lat="49.99994940434" lon="9.00097673759" />
  <node id="1995" visible="true" version="1" lat="49.99994940428" lon="9.00098371429" />
  <node id="1996" visible="true" version="1" lat="49.99994940422" lon="9.00099069099" />
  <node id="1997" visible="true" version="1" lat="49.99994940416" lon="9.00099766768" />
  <node id="1998" visible="true" version="1" lat="49.9999494041" lon="9.00100464438" />
  <node id="1999" visible="true" version="1" lat="49.99994940404" lon="9.00101162108" />
  <node id="2000" visible="true" version="1" lat="49.99994940398" lon="9.00101859777" />
  <node id="2001" visible="true" version="1" lat="49.99994940392" lon="9.00102557447" />
  <node id="2002" visible="true" version="1" lat="49.99994940385" lon="9.00103255117" />
  <node id="2003" visible="true" version="1" lat="49.99994940379" lon="9.00103952787" />
  <node id="2004" visible="true" version="1" lat="49.99994940373" lon="9.00104650456" />
  <node id="2005" visible="true" version="1" lat="49.99994940367" lon="9.00105348126" />
  <node id="2006" visible="true" version="1" lat="49.9999494036" lon="9.00106045796" />
  <node id="2007" visible="true" version="1" lat="49.99994940354" lon="9.00106743465" />
  <node id="2008" visible="true" version="1" lat="49.99994940347" lon="9.00107441135" />
  <node id="2009" visible="true" version="1" lat="49.99994940341" lon="9.00108138805" />
  <node id="2010" visible="true" version="1" lat="49.99994940334" lon="9.00108836474" />
  <node id="2011" visible="true" version="1" lat="49.99994940328" lon="9.00109534144" />
  <node id="2012" visible="true" version="1" lat="49.99994940321" lon="9.00110231814" />
  <node id="2013" visible="true" version="1" lat="49.99994940315" lon="9.00110929484" />
  <node id="2014" visible="true" version="1" lat="49.99994940308" lon="9.00111627153" />
  <node id="2015" visible="true" version="1" lat="49.99994940301" lon="9.00112324823" />
  <node id="2016" visible="true" version="1" lat="49.99994940294" lon="9.00113022493" />
  <node id="2017" visible="true" version="1" lat="49.99994940288" lon="9.00113720162" />
  <node id="2018" visible="true" version="1" lat="49.99994940281" lon="9.00114417832" />
  <node id="2019" visible="true" version="1" lat="49.99994940274" lon="9.00115115502" />
  <node id="2020" visible="true" version="1" lat="49.99994940267" lon="9.00115813172" />
  <node id="2021" visible="true" version="1" lat="49.9999494026" lon="9.00116510841" />
  <node id="2022" visible="true" version="1" lat="49.99994940253" lon="9.00117208511" />
  <node id="2023" visible="true" version="1" lat="49.99994940246" lon="9.00117906181" />
  <node id="2024" visible="true" version="1" lat="49.99994940239" lon="9.0011860385" />
  <node id="2025" visible="true" version="1" lat="49.99994940232" lon="9.0011930152" />
  <node id="2026" visible="true" version="1" lat="49.99994940224" lon="9.0011999919" />
  <node id="2027" visible="true" version="1" lat="49.99994940217" lon="9.0012069686" />
  <node id="2028" visible="true" version="1" lat="49.9999494021" lon="9.00121394529" />
  <node id="2029" visible="true" version="1" lat="49.99994940203" lon="9.00122092199" />
  <node id="2030" visible="true" version="1" lat="49.99994940195" lon="9.00122789869" />
  <node id="2031" visible="true" version="1" lat="49.99994940188" lon="9.00123487538" />
  <node id="2032" visible="true" version="1" lat="49.9999494018" lon="9.00124185208" />
  <node id="2033" visible="true" version="1" lat="49.99994940173" lon="9.00124882878" />
  <node id="2034" visible="true" version="1" lat="49.99994940165" lon="9.00125580547" />
  <node id="2035" visible="true" version="1" lat="49.99994940158" lon="9.00126278217" />
  <node id="2036" visible="true" version="1" lat="49.9999494015" lon="9.00126975887" />
  <node id="2037" visible="true" version="1" lat="49.99994940142" lon="9.00127673557" />
  <node id="2038" visible="true" version="1" lat="49.99994940135" lon="9.00128371226" />
  <node id="2039" visible="true" version="1" lat="49.99994940127" lon="9.00129068896" />
  <node id="2040" visible="true" version="1" lat="49.99994940119" lon="9.00129766566" />
  <node id="2041" visible="true" version="1" lat="49.99994940111" lon="9.00130464235" />
  <node id="2042" visible="true" version="1" lat="49.99994940104" lon="9.00131161905" />
  <node id="2043" visible="true" version="1" lat="49.99994940096" lon="9.00131859575" />
  <node id="2044" visible="true" version="1" lat="49.99994940088" lon="9.00132557245" />
  <node id="2045" visible="true" version="1" lat="49.9999494008" lon="9.00133254914" />
  <node id="2046" visible="true" version="1" lat="49.99994940072" lon="9.00133952584" />
  <node id="2047" visible="true" version="1" lat="49.99994940064" lon="9.00134650254" />
  <node id="2048" visible="true" version="1" lat="49.99994940055" lon="9.00135347923" />
  <node id="2049" visible="true" version="1" lat="49.99994940047" lon="9.00136045593" />
  <node id="2050" visible="true" version="1" lat="49.99994940039" lon="9.00136743263" />
  <node id="2051" visible="true" version="1" lat="49.99994940031" lon="9.00137440933" />
  <node id="2052" visible="true" version="1" lat="49.99994940023" lon="9.00138138602" />
  <node id="2053" visible="true" version="1" lat="49.99994940014" lon="9.00138836272" />
  <node id="2054" visible="true" version="1" lat="49.99994940006" lon="9.00139533942" />
  <node id="2055" visible="true" version="1" lat="49.99994940006" lon="9.00139533942" />
  <node id="2056" visible="true" version="1" lat="49.99994940021" lon="9.00140251228" />
  <node id="2057" visible="true" version="1" lat="49.99994940112" lon="9.00140968515" />
  <node id="2058" visible="true" version="1" lat="49.99994940324" lon="9.00141685802" />
  <node id="2059" visible="true" version="1" lat="49.99994940704" lon="9.00142403088" />
  <node id="2060" visible="true" version="1" lat="49.99994941294" lon="9.00143120374" />
  <node id="2061" visible="true" version="1" lat="49.99994942141" lon="9.0014383766" />
  <node id="2062" visible="true" version="1" lat="49.9999494329" lon="9.00144554944" />
  <node id="2063" visible="true" version="1" lat="49.99994944785" lon="9.00145272227" />
  <node id="2064" visible="true" version="1" lat="49.99994946671" lon="9.00145989508" />
  <node id="2065" visible="true" version="1" lat="49.99994948993" lon="9.00146706785" />
  <node id="2066" visible="true" version="1" lat="49.99994951797" lon="9.00147424059" />
  <node id="2067" visible="true" version="1" lat="49.99994955127" lon="9.00148141327" />
  <node id="2068" visible="true" version="1" lat="49.99994959028" lon="9.00148858588" />
  <node id="2069" visible="true" version="1" lat="49.99994963545" lon="9.0014957584" />
  <node id="2070" visible="true" version="1" lat="49.99994968724" lon="9.00150293082" />
  <node id="2071" visible="true" version="1" lat="49.99994974608" lon="9.00151010311" />
  <node id="2072" visible="true" version="1" lat="49.99994981244" lon="9.00151727523" />
  <node id="2073" visible="true" version="1" lat="49.99994988675" lon="9.00152444717" />
  <node id="2074" visible="true" version="1" lat="49.99994996948" lon="9.00153161889" />
  <node id="2075" visible="true" version="1" lat="49.99995006106" lon="9.00153879035" />
  <node id="2076" visible="true" version="1" lat="49.99995016195" lon="9.00154596151" />
  <node id="2077" visible="true" version="1" lat="49.9999502726" lon="9.00155313232" />
  <node id="2078" visible="true" version="1" lat="49.99995039345" lon="9.00156030273" />
  <node id="2079" visible="true" version="1" lat="49.99995052496" lon="9.0015674727" />
  <node id="2080" visible="true" version="1" lat="49.99995066757" lon="9.00157464215" />
  <node id="2081" visible="true" version="1" lat="49.99995082174" lon="9.00158181103" />
  <node id="2082" visible="true" version="1" lat="49.9999509879" lon="9.00158897926" />
  <node id="2083" visible="true" version="1" lat="49.99995116651" lon="9.00159614677" />
  <node id="2084" visible="true" version="1" lat="49.99995135803" lon="9.00160331348" />
  <node id="2085" visible="true" version="1" lat="49.99995156288" lon="9.0016104793" />
  <node id="2086" visible="true" version="1" lat="49.99995178153" lon="9.00161764414" />
  <node id="2087" visible="true" version="1" lat="49.99995201442" lon="9.0016248079" />
  <node id="2088" visible="true" version="1" lat="49.99995226199" lon="9.00163197047" />
  <node id="2089" visible="true" version="1" lat="49.99995252469" lon="9.00163913174" />
  <node id="2090" visible="true" version="1" lat="49.99995280298" lon="9.0016462916" />
  <node id="2091" visible="true" version="1" lat="49.99995309729" lon="9.00165344992" />
  <node id="2092" visible="true" version="1" lat="49.99995340807" lon="9.00166060656" />
  <node id="2093" visible="true" version="1" lat="49.99995373576" lon="9.00166776139" />
  <node id="2094" visible="true" version="1" lat="49.99995408081" lon="9.00167491425" />
  <node id="2095" visible="true" version="1" lat="49.99995444366" lon="9.00168206499" />
  <node id="2096" visible="true" version="1" lat="49.99995482476" lon="9.00168921344" />
  <node id="2097" visible="true" version="1" lat="49.99995522454" lon="9.00169635944" />
  <node id="2098" visible="true" version="1" lat="49.99995564346" lon="9.0017035028" />
  <node id="2099" visible="true" version="1" lat="49.99995608194" lon="9.00171064333" />
  <node id="2100" visible="true" version="1" lat="49.99995654042" lon="9.00171778084" />
  <node id="2101" visible="true" version="1" lat="49.99995701936" lon="9.00172491511" />
  <node id="2102" visible="true" version="1" lat="49.99995751917" lon="9.00173204594" />
  <node id="2103" visible="true" version="1" lat="49.99995804031" lon="9.00173917309" />
  <node id="2104" visible="true" version="1" lat="49.9999585832" lon="9.00174629633" />
  <node id="2105" visible="true" version="1" lat="49.99995914829" lon="9.00175341542" />
  <node id="2106" visible="true" version="1" lat="49.99995914829" lon="9.00175341542" />
  <node id="2107" visible="true" version="1" lat="49.99995975216" lon="9.00176072475" />
  <node id="2108" visible="true" version="1" lat="49.99996037958" lon="9.00176802931" />
  <node id="2109" visible="true" version="1" lat="49.99996103054" lon="9.00177532891" />
  <node id="2110" visible="true" version="1" lat="49.99996170501" lon="9.00178262338" />
  <node id="2111" visible="true" version="1" lat="49.99996240298" lon="9.00178991252" />
  <node id="2112" visible="true" version="1" lat="49.99996312443" lon="9.00179719615" />
  <node id="2113" visible="true" version="1" lat="49.99996386935" lon="9.0018044741" />
  <node id="2114" visible="true" version="1" lat="49.99996463772" lon="9.00181174618" />
  <node id="2115" visible="true" version="1" lat="49.99996542951" lon="9.0018190122" />
  <node id="2116" visible="true" version="1" lat="49.99996624471" lon="9.001826272" />
  <node id="2117" visible="true" version="1" lat="49.9999670833" lon="9.00183352538" />
  <node id="2118" visible="true" version="1" lat="49.99996794525" lon="9.00184077216" />
  <node id="2119" visible="true" version="1" lat="49.99996883055" lon="9.00184801217" />
  <node id="2120" visible="true" version="1" lat="49.99996973917" lon="9.00185524522" />
  <node id="2121" visible="true" version="1" lat="49.99997067109" lon="9.00186247114" />
  <node id="2122" visible="true" version="1" lat="49.99997162628" lon="9.00186968973" />
  <node id="2123" visible="true" version="1" lat="49.99997260473" lon="9.00187690083" />
  <node id="2124" visible="true" version="1" lat="49.9999736064" lon="9.00188410424" />
  <node id="2125" visible="true" version="1" lat="49.99997463128" lon="9.0018912998" />
  <node id="2126" visible="true" version="1" lat="49.99997567933" lon="9.00189848731" />
  <node id="2127" visible="true" version="1" lat="49.99997675054" lon="9.00190566661" />
  <node id="2128" visible="true" version="1" lat="49.99997784487" lon="9.00191283751" />
  <node id="2129" visible="true" version="1" lat="49.99997896229" lon="9.00191999983" />
  <node id="2130" visible="true" version="1" lat="49.99998010279" lon="9.00192715339" />
  <node id="2131" visible="true" version="1" lat="49.99998126632" lon="9.00193429802" />
  <node id="2132" visible="true" version="1" lat="49.99998245287" lon="9.00194143353" />
  <node id="2133" visible="true" version="1" lat="49.9999836624" lon="9.00194855975" />
  <node id="2134" visible="true" version="1" lat="49.99998489488" lon="9.0019556765" />
  <node id="2135" visible="true" version="1" lat="49.99998615028" lon="9.0019627836" />
  <node id="2136" visible="true" version="1" lat="49.99998742857" lon="9.00196988087" />
  <node id="2137" visible="true" version="1" lat="49.99998872972" lon="9.00197696814" />
  <node id="2138" visible="true" version="1" lat="49.99999005369" lon="9.00198404523" />
  <node id="2139" visible="true" version="1" lat="49.99999140045" lon="9.00199111196" />
  <node id="2140" visible="true" version="1" lat="49.99999276997" lon="9.00199816815" />
  <node id="2141" visible="true" version="1" lat="49.99999416221" lon="9.00200521364" />
  <node id="2142" visible="true" version="1" lat="49.99999557715" lon="9.00201224824" />
  <node id="2143" visible="true" version="1" lat="49.99999701473" lon="9.00201927177" />
  <node id="2144" visible="true" version="1" lat="49.99999847494" lon="9.00202628406" />
  <node id="2145" visible="true" version="1" lat="49.99999995772" lon="9.00203328494" />
  <node id="2146" visible="true" version="1" lat="50.00000146305" lon="9.00204027424" />
  <node id="2147" visible="true" version="1" lat="50.00000299089" lon="9.00204725176" />
  <node id="2148" visible="true" version="1" lat="50.00000454119" lon="9.00205421735" />
  <node id="2149" visible="true" version="1" lat="50.00000611393" lon="9.00206117083" />
  <node id="2150" visible="true" version="1" lat="50.00000770905" lon="9.00206811202" />
  <node id="2151" visible="true" version="1" lat="50.00000932653" lon="9.00207504076" />
  <node id="2152" visible="true" version="1" lat="50.00001096631" lon="9.00208195685" />
  <node id="2153" visible="true" version="1" lat="50.00001262836" lon="9.00208886015" />
  <node id="2154" visible="true" version="1" lat="50.00001431264" lon="9.00209575046" />
  <node id="2155" visible="true" version="1" lat="50.00001601911" lon="9.00210262763" />
  <node id="2156" visible="true" version="1" lat="50.00001774771" lon="9.00210949147" />
  <node id="2157" visible="true" version="1" lat="50.00001949842" lon="9.00211634182" />
  <node id="2158" visible="true" version="1" lat="50.00002127118" lon="9.0021231785" />
  <node id="2159" visible="true" version="1" lat="50.00002306595" lon="9.00213000134" />
  <node id="2160" visible="true" version="1" lat="50.00002488269" lon="9.00213681018" />
  <node id="2161" visible="true" version="1" lat="50.00002672136" lon="9.00214360485" />
  <node id="2162" visible="true" version="1" lat="50.00002858189" lon="9.00215038516" />
  <node id="2163" visible="true" version="1" lat="50.00003046425" lon="9.00215715096" />
  <node id="2164" visible="true" version="1" lat="50.0000323684" lon="9.00216390207" />
  <node id="2165" visible="true" version="1" lat="50.00003429428" lon="9.00217063833" />
  <node id="2166" visible="true" version="1" lat="50.00003624184" lon="9.00217735957" />
  <node id="2167" visible="true" version="1" lat="50.00003821105" lon="9.00218406562" />
  <node id="2168" visible="true" version="1" lat="50.00004020183" lon="9.0021907563" />
  <node id="2169" visible="true" version="1" lat="50.00004221416" lon="9.00219743147" />
  <node id="2170" visible="true" version="1" lat="50.00004424798" lon="9.00220409093" />
  <node id="2171" visible="true" version="1" lat="50.00004630323" lon="9.00221073454" />
  <node id="2172" visible="true" version="1" lat="50.00004837987" lon="9.00221736213" />
  <node id="2173" visible="true" version="1" lat="50.00005047784" lon="9.00222397352" />
  <node id="2174" visible="true" version="1" lat="50.00005259709" lon="9.00223056856" />
  <node id="2175" visible="true" version="1" lat="50.00005473757" lon="9.00223714708" />
  <node id="2176" visible="true" version="1" lat="50.00005689922" lon="9.00224370891" />
  <node id="2177" visible="true" version="1" lat="50.000059082" lon="9.0022502539" />
  <node id="2178" visible="true" version="1" lat="50.00006128584" lon="9.00225678187" />
  <node id="2179" visible="true" version="1" lat="50.00006351069" lon="9.00226329266" />
  <node id="2180" visible="true" version="1" lat="50.0000657565" lon="9.00226978612" />
  <node id="2181" visible="true" version="1" lat="50.0000680232" lon="9.00227626207" />
  <node id="2182" visible="true" version="1" lat="50.00007031075" lon="9.00228272036" />
  <node id="2183" visible="true" version="1" lat="50.00007261909" lon="9.00228916082" />
  <node id="2184" visible="true" version="1" lat="50.00007494815" lon="9.0022955833" />
  <node id="2185" visible="true" version="1" lat="50.00007729788" lon="9.00230198764" />
  <node id="2186" visible="true" version="1" lat="50.00007966822" lon="9.00230837367" />
  <node id="2187" visible="true" version="1" lat="50.00008205911" lon="9.00231474123" />
  <node id="2188" visible="true" version="1" lat="50.0000844705" lon="9.00232109016" />
  <node id="2189" visible="true" version="1" lat="50.00008690231" lon="9.00232742032" />
  <node id="2190" visible="true" version="1" lat="50.0000893545" lon="9.00233373153" />
  <node id="2191" visible="true" version="1" lat="50.000091827" lon="9.00234002364" />
  <node id="2192" visible="true" version="1" lat="50.00009431974" lon="9.00234629649" />
  <node id="2193" visible="true" version="1" lat="50.00009683267" lon="9.00235254993" />
  <node id="2194" visible="true" version="1" lat="50.00009936572" lon="9.0023587838" />
  <node id="2195" visible="true" version="1" lat="50.00010191883" lon="9.00236499795" />
  <node id="2196" visible="true" version="1" lat="50.00010449193" lon="9.00237119221" />
  <node id="2197" visible="true" version="1" lat="50.00010708497" lon="9.00237736643" />
  <node id="2198" visible="true" version="1" lat="50.00010969787" lon="9.00238352047" />
  <node id="2199" visible="true" version="1" lat="50.00011233057" lon="9.00238965416" />
  <node id="2200" visible="true" version="1" lat="50.000114983" lon="9.00239576735" />
  <node id="2201" visible="true" version="1" lat="50.00011765511" lon="9.00240185989" />
  <node id="2202" visible="true" version="1" lat="50.00012034682" lon="9.00240793163" />
  <node id="2203" visible="true" version="1" lat="50.00012305806" lon="9.00241398241" />
  <node id="2204" visible="true" version="1" lat="50.00012578877" lon="9.00242001209" />
  <node id="2205" visible="true" version="1" lat="50.00012853887" lon="9.00242602051" />
  <node id="2206" visible="true" version="1" lat="50.00013130831" lon="9.00243200753" />
  <node id="2207" visible="true" version="1" lat="50.000134097" lon="9.00243797298" />
  <node id="2208" visible="true" version="1" lat="50.00013690489" lon="9.00244391674" />
  <node id="2209" visible="true" version="1" lat="50.0001397319" lon="9.00244983863" />
  <node id="2210" visible="true" version="1" lat="50.00014257796" lon="9.00245573853" />
  <node id="2211" visible="true" version="1" lat="50.00014544299" lon="9.00246161627" />
  <node id="2212" visible="true" version="1" lat="50.00014832694" lon="9.00246747172" />
  <node id="2213" visible="true" version="1" lat="50.00015122971" lon="9.00247330472" />
  <node id="2214" visible="true" version="1" lat="50.00015415125" lon="9.00247911514" />
  <node id="2215" visible="true" version="1" lat="50.00015709148" lon="9.00248490282" />
  <node id="2216" visible="true" version="1" lat="50.00016005033" lon="9.00249066762" />
  <node id="2217" visible="true" version="1" lat="50.00016302772" lon="9.0024964094" />
  <node id="2218" visible="true" version="1" lat="50.00016602357" lon="9.00250212801" />
  <node id="2219" visible="true" version="1" lat="50.00016903782" lon="9.00250782332" />
  <node id="2220" visible="true" version="1" lat="50.00017207038" lon="9.00251349517" />
  <node id="2221" visible="true" version="1" lat="50.00017512119" lon="9.00251914342" />
  <node id="2222" visible="true" version="1" lat="50.00017819016" lon="9.00252476794" />
  <node id="2223" visible="true" version="1" lat="50.00018127722" lon="9.00253036859" />
  <node id="2224" visible="true" version="1" lat="50.00018438229" lon="9.00253594522" />
  <node id="2225" visible="true" version="1" lat="50.0001875053" lon="9.0025414977" />
  <node id="2226" visible="true" version="1" lat="50.00019064616" lon="9.00254702588" />
  <node id="2227" visible="true" version="1" lat="50.0001938048" lon="9.00255252963" />
  <node id="2228" visible="true" version="1" lat="50.00019698113" lon="9.00255800881" />
  <node id="2229" visible="true" version="1" lat="50.00020017508" lon="9.00256346328" />
  <node id="2230" visible="true" version="1" lat="50.00020338658" lon="9.00256889291" />
  <node id="2231" visible="true" version="1" lat="50.00020661553" lon="9.00257429756" />
  <node id="2232" visible="true" version="1" lat="50.00020986186" lon="9.0025796771" />
  <node id="2233" visible="true" version="1" lat="50.00021312548" lon="9.00258503139" />
  <node id="2234" visible="true" version="1" lat="50.00021640633" lon="9.00259036029" />
  <node id="2235" visible="true" version="1" lat="50.0002197043" lon="9.00259566368" />
  <node id="2236" visible="true" version="1" lat="50.00022301932" lon="9.00260094143" />
  <node id="2237" visible="true" version="1" lat="50.00022635132" lon="9.00260619339" />
  <node id="2238" visible="true" version="1" lat="50.00022970019" lon="9.00261141944" />
  <node id="2239" visible="true" version="1" lat="50.00023306587" lon="9.00261661945" />
  <node id="2240" visible="true" version="1" lat="50.00023644827" lon="9.00262179329" />
  <node id="2241" visible="true" version="1" lat="50.00023984729" lon="9.00262694083" />
  <node id="2242" visible="true" version="1" lat="50.00024326286" lon="9.00263206193" />
  <node id="2243" visible="true" version="1" lat="50.0002466949" lon="9.00263715648" />
  <node id="2244" visible="true" version="1" lat="50.00025014331" lon="9.00264222435" />
  <node id="2245" visible="true" version="1" lat="50.00025360801" lon="9.0026472654" />
  <node id="2246" visible="true" version="1" lat="50.00025708891" lon="9.00265227951" />
  <node id="2247" visible="true" version="1" lat="50.00026058593" lon="9.00265726656" />
  <node id="2248" visible="true" version="1" lat="50.00026409898" lon="9.00266222642" />
  <node id="2249" visible="true" version="1" lat="50.00026762797" lon="9.00266715897" />
  <node id="2250" visible="true" version="1" lat="50.00027117281" lon="9.00267206409" />
  <node id="2251" visible="true" version="1" lat="50.00027473342" lon="9.00267694164" />
  <node id="2252" visible="true" version="1" lat="50.0002783097" lon="9.00268179152" />
  <node id="2253" visible="true" version="1" lat="50.00028190157" lon="9.0026866136" />
  <node id="2254" visible="true" version="1" lat="50.00028550893" lon="9.00269140775" />
  <node id="2255" visible="true" version="1" lat="50.00028913169" lon="9.00269617386" />
  <node id="2256" visible="true" version="1" lat="50.00029276978" lon="9.00270091181" />
  <node id="2257" visible="true" version="1" lat="50.00029642308" lon="9.00270562148" />
  <node id="2258" visible="true" version="1" lat="50.00030009152" lon="9.00271030276" />
  <node id="2259" visible="true" version="1" lat="50.000303775" lon="9.00271495552" />
  <node id="2260" visible="true" version="1" lat="50.00030747343" lon="9.00271957965" />
  <node id="2261" visible="true" version="1" lat="50.00031118672" lon="9.00272417504" />
  <node id="2262" visible="true" version="1" lat="50.00031491477" lon="9.00272874156" />
  <node id="2263" visible="true" version="1" lat="50.00031865749" lon="9.00273327911" />
  <node id="2264" visible="true" version="1" lat="50.00032241478" lon="9.00273778757" />
  <node id="2265" visible="true" version="1" lat="50.00032618656" lon="9.00274226683" />
  <node id="2266" visible="true" version="1" lat="50.00032997273" lon="9.00274671677" />
  <node id="2267" visible="true" version="1" lat="50.00033377319" lon="9.00275113729" />
  <node id="2268" visible="true" version="1" lat="50.00033758785" lon="9.00275552828" />
  <node id="2269" visible="true" version="1" lat="50.00034141662" lon="9.00275988962" />
  <node id="2270" visible="true" version="1" lat="50.00034525939" lon="9.00276422121" />
  <node id="2271" visible="true" version="1" lat="50.00034911608" lon="9.00276852294" />
  <node id="2272" visible="true" version="1" lat="50.00035298658" lon="9.00277279469" />
  <node id="2273" visible="true" version="1" lat="50.0003568708" lon="9.00277703638" />
  <node id="2274" visible="true" version="1" lat="50.00036076864" lon="9.00278124787" />
  <node id="2275" visible="true" version="1" lat="50.00036468" lon="9.00278542908" />
  <node id="2276" visible="true" version="1" lat="50.00036860479" lon="9.0027895799" />
  <node id="2277" visible="true" version="1" lat="50.00037254291" lon="9.00279370022" />
  <node id="2278" visible="true" version="1" lat="50.00037649426" lon="9.00279778995" />
  <node id="2279" visible="true" version="1" lat="50.00038045874" lon="9.00280184897" />
  <node id="2280" visible="true" version="1" lat="50.00038443625" lon="9.00280587719" />
  <node id="2281" visible="true" version="1" lat="50.0003884267" lon="9.0028098745" />
  <node id="2282" visible="true" version="1" lat="50.00039242997" lon="9.00281384082" />
  <node id="2283" visible="true" version="1" lat="50.00039644598" lon="9.00281777603" />
  <node id="2284" visible="true" version="1" lat="50.00040047463" lon="9.00282168003" />
  <node id="2285" visible="true" version="1" lat="50.0004045158" lon="9.00282555274" />
  <node id="2286" visible="true" version="1" lat="50.0004085694" lon="9.00282939406" />
  <node id="2287" visible="true" version="1" lat="50.00041263534" lon="9.00283320388" />
  <node id="2288" visible="true" version="1" lat="50.0004167135" lon="9.00283698212" />
  <node id="2289" visible="true" version="1" lat="50.00042080378" lon="9.00284072868" />
  <node id="2290" visible="true" version="1" lat="50.00042490609" lon="9.00284444346" />
  <node id="2291" visible="true" version="1" lat="50.00042902032" lon="9.00284812637" />
  <node id="2292" visible="true" version="1" lat="50.00043314637" lon="9.00285177732" />
  <node id="2293" visible="true" version="1" lat="50.00043728414" lon="9.00285539623" />
  <node id="2294" visible="true" version="1" lat="50.00044143351" lon="9.00285898299" />
  <node id="2295" visible="true" version="1" lat="50.00044559439" lon="9.00286253752" />
  <node id="2296" visible="true" version="1" lat="50.00044976668" lon="9.00286605973" />
  <node id="2297" visible="true" version="1" lat="50.00045395026" lon="9.00286954953" />
  <node id="2298" visible="true" version="1" lat="50.00045814504" lon="9.00287300684" />
  <node id="2299" visible="true" version="1" lat="50.00046235091" lon="9.00287643156" />
  <node id="2300" visible="true" version="1" lat="50.00046656777" lon="9.00287982362" />
  <node id="2301" visible="true" version="1" lat="50.0004707955" lon="9.00288318292" />
  <node id="2302" visible="true" version="1" lat="50.00047503401" lon="9.00288650939" />
  <node id="2303" visible="true" version="1" lat="50.00047928318" lon="9.00288980294" />
  <node id="2304" visible="true" version="1" lat="50.00048354292" lon="9.00289306349" />
  <node id="2305" visible="true" version="1" lat="50.00048781311" lon="9.00289629095" />
  <node id="2306" visible="true" version="1" lat="50.00049209365" lon="9.00289948525" />
  <node id="2307" visible="true" version="1" lat="50.00049638443" lon="9.00290264631" />
  <node id="2308" visible="true" version="1" lat="50.00050068534" lon="9.00290577405" />
  <node id="2309" visible="true" version="1" lat="50.00050499628" lon="9.00290886838" />
  <node id="2310" visible="true" version="1" lat="50.00050931714" lon="9.00291192923" />
  <node id="2311" visible="true" version="1" lat="50.00051364781" lon="9.00291495653" />
  <node id="2312" visible="true" version="1" lat="50.00051798818" lon="9.0029179502" />
  <node id="2313" visible="true" version="1" lat="50.00052233815" lon="9.00292091017" />
  <node id="2314" visible="true" version="1" lat="50.0005266976" lon="9.00292383635" />
  <node id="2315" visible="true" version="1" lat="50.00053106642" lon="9.00292672868" />
  <node id="2316" visible="true" version="1" lat="50.00053544452" lon="9.00292958709" />
  <node id="2317" visible="true" version="1" lat="50.00053983177" lon="9.0029324115" />
  <node id="2318" visible="true" version="1" lat="50.00054422807" lon="9.00293520184" />
  <node id="2319" visible="true" version="1" lat="50.0005486333" lon="9.00293795805" />
  <node id="2320" visible="true" version="1" lat="50.00055304737" lon="9.00294068005" />
  <node id="2321" visible="true" version="1" lat="50.00055747015" lon="9.00294336778" />
  <node id="2322" visible="true" version="1" lat="50.00056190154" lon="9.00294602116" />
  <node id="2323" visible="true" version="1" lat="50.00056634142" lon="9.00294864014" />
  <node id="2324" visible="true" version="1" lat="50.00057078969" lon="9.00295122465" />
  <node id="2325" visible="true" version="1" lat="50.00057524623" lon="9.00295377461" />
  <node id="2326" visible="true" version="1" lat="50.00057971094" lon="9.00295628998" />
  <node id="2327" visible="true" version="1" lat="50.00058418369" lon="9.00295877069" />
  <node id="2328" visible="true" version="1" lat="50.00058866439" lon="9.00296121666" />
  <node id="2329" visible="true" version="1" lat="50.00059315291" lon="9.00296362785" />
  <node id="2330" visible="true" version="1" lat="50.00059764915" lon="9.0029660042" />
  <node id="2331" visible="true" version="1" lat="50.00060215298" lon="9.00296834563" />
  <node id="2332" visible="true" version="1" lat="50.00060666431" lon="9.0029706521" />
  <node id="2333" visible="true" version="1" lat="50.00061118302" lon="9.00297292355" />
  <node id="2334" visible="true" version="1" lat="50.00061570899" lon="9.00297515991" />
  <node id="2335" visible="true" version="1" lat="50.00062024211" lon="9.00297736115" />
  <node id="2336" visible="true" version="1" lat="50.00062478227" lon="9.00297952719" />
  <node id="2337" visible="true" version="1" lat="50.00062932935" lon="9.00298165798" />
  <node id="2338" visible="true" version="1" lat="50.00063388324" lon="9.00298375348" />
  <node id="2339" visible="true" version="1" lat="50.00063844383" lon="9.00298581362" />
  <node id="2340" visible="true" version="1" lat="50.000643011" lon="9.00298783837" />
  <node id="2341" visible="true" version="1" lat="50.00064758464" lon="9.00298982766" />
  <node id="2342" visible="true" version="1" lat="50.00065216463" lon="9.00299178145" />
  <node id="2343" visible="true" version="1" lat="50.00065675086" lon="9.00299369968" />
  <node id="2344" visible="true" version="1" lat="50.00066134322" lon="9.00299558232" />
  <node id="2345" visible="true" version="1" lat="50.00066594159" lon="9.00299742931" />
  <node id="2346" visible="true" version="1" lat="50.00067054585" lon="9.00299924061" />
  <node id="2347" visible="true" version="1" lat="50.00067515589" lon="9.00300101617" />
  <node id="2348" visible="true" version="1" lat="50.0006797716" lon="9.00300275595" />
  <node id="2349" visible="true" version="1" lat="50.00068439285" lon="9.0030044599" />
  <node id="2350" visible="true" version="1" lat="50.00068901954" lon="9.00300612798" />
  <node id="2351" visible="true" version="1" lat="50.00069365155" lon="9.00300776015" />
  <node id="2352" visible="true" version="1" lat="50.00069828876" lon="9.00300935638" />
  <node id="2353" visible="true" version="1" lat="50.00070293106" lon="9.00301091661" />
  <node id="2354" visible="true" version="1" lat="50.00070757833" lon="9.00301244081" />
  <node id="2355" visible="true" version="1" lat="50.00071223045" lon="9.00301392894" />
  <node id="2356" visible="true" version="1" lat="50.00071688731" lon="9.00301538097" />
  <node id="2357" visible="true" version="1" lat="50.00072154879" lon="9.00301679686" />
  <node id="2358" visible="true" version="1" lat="50.00072621477" lon="9.00301817656" />
  <node id="2359" visible="true" version="1" lat="50.00073088515" lon="9.00301952006" />
  <node id="2360" visible="true" version="1" lat="50.00073555979" lon="9.00302082731" />
  <node id="2361" visible="true" version="1" lat="50.00074023859" lon="9.00302209829" />
  <node id="2362" visible="true" version="1" lat="50.00074492143" lon="9.00302333295" />
  <node id="2363" visible="true" version="1" lat="50.00074960818" lon="9.00302453128" />
  <node id="2364" visible="true" version="1" lat="50.00075429875" lon="9.00302569323" />
  <node id="2365" visible="true" version="1" lat="50.00075899299" lon="9.00302681879" />
  <node id="2366" visible="true" version="1" lat="50.00076369081" lon="9.00302790791" />
  <node id="2367" visible="true" version="1" lat="50.00076839208" lon="9.00302896059" />
  <node id="2368" visible="true" version="1" lat="50.00077309668" lon="9.00302997678" />
  <node id="2369" visible="true" version="1" lat="50.00077780449" lon="9.00303095646" />
  <node id="2370" visible="true" version="1" lat="50.00078251541" lon="9.00303189961" />
  <node id="2371" visible="true" version="1" lat="50.00078722931" lon="9.00303280621" />
  <node id="2372" visible="true" version="1" lat="50.00079194607" lon="9.00303367623" />
  <node id="2373" visible="true" version="1" lat="50.00079666557" lon="9.00303450966" />
  <node id="2374" visible="true" version="1" lat="50.0008013877" lon="9.00303530646" />
  <node id="2375" visible="true" version="1" lat="50.00080611234" lon="9.00303606662" />
  <node id="2376" visible="true" version="1" lat="50.00081083937" lon="9.00303679012" />
  <node id="2377" visible="true" version="1" lat="50.00081556868" lon="9.00303747695" />
  <node id="2378" visible="true" version="1" lat="50.00082030013" lon="9.00303812708" />
  <node id="2379" visible="true" version="1" lat="50.00082503363" lon="9.0030387405" />
  <node id="2380" visible="true" version="1" lat="50.00082976904" lon="9.0030393172" />
  <node id="2381" visible="true" version="1" lat="50.00083450625" lon="9.00303985715" />
  <node id="2382" visible="true" version="1" lat="50.00083924514" lon="9.00304036035" />
  <node id="2383" visible="true" version="1" lat="50.0008439856" lon="9.00304082679" />
  <node id="2384" visible="true" version="1" lat="50.0008487275" lon="9.00304125644" />
  <node id="2385" visible="true" version="1" lat="50.00085347072" lon="9.00304164931" />
  <node id="2386" visible="true" version="1" lat="50.00085821515" lon="9.00304200538" />
  <node id="2387" visible="true" version="1" lat="50.00086296067" lon="9.00304232464" />
  <node id="2388" visible="true" version="1" lat="50.00086770716" lon="9.00304260709" />
  <node id="2389" visible="true" version="1" lat="50.0008724545" lon="9.00304285271" />
  <node id="2390" visible="true" version="1" lat="50.00087720257" lon="9.00304306151" />
  <node id="2391" visible="true" version="1" lat="50.00088195126" lon="9.00304323347" />
  <node id="2392" visible="true" version="1" lat="50.00088670044" lon="9.00304336859" />
  <node id="2393" visible="true" version="1" lat="50.00089144999" lon="9.00304346688" />
  <node id="2394" visible="true" version="1" lat="50.00089619981" lon="9.00304352831" />
  <node id="2395" visible="true" version="1" lat="50.00090094976" lon="9.0030435529" />
  <node id="2396" visible="true" version="1" lat="50.00090569973" lon="9.00304354065" />
  <node id="2397" visible="true" version="1" lat="50.0009104496" lon="9.00304349155" />
  <node id="2398" visible="true" version="1" lat="50.00091519926" lon="9.0030434056" />
  <node id="2399" visible="true" version="1" lat="50.00091994858" lon="9.00304328281" />
  <node id="2400" visible="true" version="1" lat="50.00092469744" lon="9.00304312319" />
  <node id="2401" visible="true" version="1" lat="50.00092944573" lon="9.00304292672" />
  <node id="2402" visible="true" version="1" lat="50.00093419333" lon="9.00304269343" />
  <node id="2403" visible="true" version="1" lat="50.00093894012" lon="9.00304242331" />
  <node id="2404" visible="true" version="1" lat="50.00094368598" lon="9.00304211637" />
  <node id="2405" visible="true" version="1" lat="50.00094843078" lon="9.00304177262" />
  <node id="2406" visible="true" version="1" lat="50.00095317443" lon="9.00304139207" />
  <node id="2407" visible="true" version="1" lat="50.00095791678" lon="9.00304097473" />
  <node id="2408" visible="true" version="1" lat="50.00096265773" lon="9.00304052061" />
  <node id="2409" visible="true" version="1" lat="50.00096739716" lon="9.00304002971" />
  <node id="2410" visible="true" version="1" lat="50.00097213495" lon="9.00303950206" />
  <node id="2411" visible="true" version="1" lat="50.00097687097" lon="9.00303893766" />
  <node id="2412" visible="true" version="1" lat="50.00098160512" lon="9.00303833653" />
  <node id="2413" visible="true" version="1" lat="50.00098633728" lon="9.00303769868" />
  <node id="2414" visible="true" version="1" lat="50.00099106731" lon="9.00303702414" />
  <node id="2415" visible="true" version="1" lat="50.00099579512" lon="9.00303631291" />
  <node id="2416" visible="true" version="1" lat="50.00100052057" lon="9.00303556501" />
  <node id="2417" visible="true" version="1" lat="50.00100524356" lon="9.00303478047" />
  <node id="2418" visible="true" version="1" lat="50.00100996395" lon="9.0030339593" />
  <node id="2419" visible="true" version="1" lat="50.00101468164" lon="9.00303310153" />
  <node id="2420" visible="true" version="1" lat="50.00101939651" lon="9.00303220717" />
  <node id="2421" visible="true" version="1" lat="50.00102410844" lon="9.00303127624" />
  <node id="2422" visible="true" version="1" lat="50.00102881731" lon="9.00303030878" />
  <node id="2423" visible="true" version="1" lat="50.001033523" lon="9.0030293048" />
  <node id="2424" visible="true" version="1" lat="50.00103822539" lon="9.00302826433" />
  <node id="2425" visible="true" version="1" lat="50.00104292438" lon="9.0030271874" />
  <node id="2426" visible="true" version="1" lat="50.00104761983" lon="9.00302607403" />
  <node id="2427" visible="true" version="1" lat="50.00105231164" lon="9.00302492424" />
  <node id="2428" visible="true" version="1" lat="50.00105699968" lon="9.00302373808" />
  <node id="2429" visible="true" version="1" lat="50.00106168384" lon="9.00302251557" />
  <node id="2430" visible="true" version="1" lat="50.00106636401" lon="9.00302125674" />
  <node id="2431" visible="true" version="1" lat="50.00107104006" lon="9.00301996161" />
  <node id="2432" visible="true" version="1" lat="50.00107571187" lon="9.00301863023" />
  <node id="2433" visible="true" version="1" lat="50.00108037934" lon="9.00301726263" />
  <node id="2434" visible="true" version="1" lat="50.00108504234" lon="9.00301585883" />
  <node id="2435" visible="true" version="1" lat="50.00108970076" lon="9.00301441889" />
  <node id="2436" visible="true" version="1" lat="50.00109435448" lon="9.00301294282" />
  <node id="2437" visible="true" version="1" lat="50.00109900338" lon="9.00301143067" />
  <node id="2438" visible="true" version="1" lat="50.00110364735" lon="9.00300988248" />
  <node id="2439" visible="true" version="1" lat="50.00110828628" lon="9.00300829829" />
  <node id="2440" visible="true" version="1" lat="50.00111292004" lon="9.00300667812" />
  <node id="2441" visible="true" version="1" lat="50.00111754852" lon="9.00300502204" />
  <node id="2442" visible="true" version="1" lat="50.00112217161" lon="9.00300333007" />
  <node id="2443" visible="true" version="1" lat="50.00112678918" lon="9.00300160226" />
  <node id="2444" visible="true" version="1" lat="50.00113140113" lon="9.00299983865" />
  <node id="2445" visible="true" version="1" lat="50.00113600734" lon="9.00299803928" />
  <node id="2446" visible="true" version="1" lat="50.00114060769" lon="9.00299620421" />
  <node id="2447" visible="true" version="1" lat="50.00114520207" lon="9.00299433347" />
  <node id="2448" visible="true" version="1" lat="50.00114979037" lon="9.00299242712" />
  <node id="2449" visible="true" version="1" lat="50.00115437246" lon="9.0029904852" />
  <node id="2450" visible="true" version="1" lat="50.00115894824" lon="9.00298850776" />
  <node id="2451" visible="true" version="1" lat="50.00116351758" lon="9.00298649485" />
  <node id="2452" visible="true" version="1" lat="50.00116808039" lon="9.00298444652" />
  <node id="2453" visible="true" version="1" lat="50.00117263653" lon="9.00298236282" />
  <node id="2454" visible="true" version="1" lat="50.0011771859" lon="9.0029802438" />
  <node id="2455" visible="true" version="1" lat="50.00118172839" lon="9.00297808951" />
  <node id="2456" visible="true" version="1" lat="50.00118626387" lon="9.00297590002" />
  <node id="2457" visible="true" version="1" lat="50.00119079225" lon="9.00297367537" />
  <node id="2458" visible="true" version="1" lat="50.00119531339" lon="9.00297141562" />
  <node id="2459" visible="true" version="1" lat="50.0011998272" lon="9.00296912083" />
  <node id="2460" visible="true" version="1" lat="50.00120433356" lon="9.00296679105" />
  <node id="2461" visible="true" version="1" lat="50.00120883235" lon="9.00296442635" />
  <node id="2462" visible="true" version="1" lat="50.00121332346" lon="9.00296202677" />
  <node id="2463" visible="true" version="1" lat="50.00121780678" lon="9.00295959239" />
  <node id="2464" visible="true" version="1" lat="50.00122228221" lon="9.00295712326" />
  <node id="2465" visible="true" version="1" lat="50.00122674962" lon="9.00295461944" />
  <node id="2466" visible="true" version="1" lat="50.0012312089" lon="9.00295208099" />
  <node id="2467" visible="true" version="1" lat="50.00123565995" lon="9.00294950799" />
  <node id="2468" visible="true" version="1" lat="50.00124010265" lon="9.00294690049" />
  <node id="2469" visible="true" version="1" lat="50.00124453689" lon="9.00294425857" />
  <node id="2470" visible="true" version="1" lat="50.00124896256" lon="9.00294158227" />
  <node id="2471" visible="true" version="1" lat="50.00125337954" lon="9.00293887168" />
  <node id="2472" visible="true" version="1" lat="50.00125778774" lon="9.00293612686" />
  <node id="2473" visible="true" version="1" lat="50.00126218704" lon="9.00293334788" />
  <node id="2474" visible="true" version="1" lat="50.00126657733" lon="9.0029305348" />
  <node id="2475" visible="true" version="1" lat="50.00127095849" lon="9.0029276877" />
  <node id="2476" visible="true" version="1" lat="50.00127533043" lon="9.00292480666" />
  <node id="2477" visible="true" version="1" lat="50.00127969302" lon="9.00292189173" />
  <node id="2478" visible="true" version="1" lat="50.00128404617" lon="9.002918943" />
  <node id="2479" visible="true" version="1" lat="50.00128838976" lon="9.00291596054" />
  <node id="2480" visible="true" version="1" lat="50.00129272368" lon="9.00291294442" />
  <node id="2481" visible="true" version="1" lat="50.00129704783" lon="9.00290989472" />
  <node id="2482" visible="true" version="1" lat="50.00130136209" lon="9.00290681151" />
  <node id="2483" visible="true" version="1" lat="50.00130566637" lon="9.00290369487" />
  <node id="2484" visible="true" version="1" lat="50.00130996054" lon="9.00290054488" />
  <node id="2485" visible="true" version="1" lat="50.00131424452" lon="9.00289736163" />
  <node id="2486" visible="true" version="1" lat="50.00131851817" lon="9.00289414517" />
  <node id="2487" visible="true" version="1" lat="50.00132278141" lon="9.00289089561" />
  <node id="2488" visible="true" version="1" lat="50.00132703413" lon="9.00288761302" />
  <node id="2489" visible="true" version="1" lat="50.00133127621" lon="9.00288429747" />
  <node id="2490" visible="true" version="1" lat="50.00133550755" lon="9.00288094906" />
  <node id="2491" visible="true" version="1" lat="50.00133972805" lon="9.00287756787" />
  <node id="2492" visible="true" version="1" lat="50.0013439376" lon="9.00287415398" />
  <node id="2493" visible="true" version="1" lat="50.00134813609" lon="9.00287070748" />
  <node id="2494" visible="true" version="1" lat="50.00135232342" lon="9.00286722846" />
  <node id="2495" visible="true" version="1" lat="50.00135649949" lon="9.00286371699" />
  <node id="2496" visible="true" version="1" lat="50.00136066419" lon="9.00286017317" />
  <node id="2497" visible="true" version="1" lat="50.00136481742" lon="9.00285659709" />
  <node id="2498" visible="true" version="1" lat="50.00136895907" lon="9.00285298884" />
  <node id="2499" visible="true" version="1" lat="50.00137308904" lon="9.0028493485" />
  <node id="2500" visible="true" version="1" lat="50.00137720722" lon="9.00284567617" />
  <node id="2501" visible="true" version="1" lat="50.00138131352" lon="9.00284197195" />
  <node id="2502" visible="true" version="1" lat="50.00138540783" lon="9.00283823591" />
  <node id="2503" visible="true" version="1" lat="50.00138949005" lon="9.00283446816" />
  <node id="2504" visible="true" version="1" lat="50.00139356007" lon="9.00283066879" />
  <node id="2505" visible="true" version="1" lat="50.0013976178" lon="9.00282683789" />
  <node id="2506" visible="true" version="1" lat="50.00140166313" lon="9.00282297556" />
  <node id="2507" visible="true" version="1" lat="50.00140569597" lon="9.0028190819" />
  <node id="2508" visible="true" version="1" lat="50.0014097162" lon="9.00281515701" />
  <node id="2509" visible="true" version="1" lat="50.00141372374" lon="9.00281120098" />
  <node id="2510" visible="true" version="1" lat="50.00141771847" lon="9.00280721391" />
  <node id="2511" visible="true" version="1" lat="50.00142170031" lon="9.0028031959" />
  <node id="2512" visible="true" version="1" lat="50.00142566914" lon="9.00279914705" />
  <node id="2513" visible="true" version="1" lat="50.00142962488" lon="9.00279506747" />
  <node id="2514" visible="true" version="1" lat="50.00143356742" lon="9.00279095725" />
  <node id="2515" visible="true" version="1" lat="50.00143749667" lon="9.00278681649" />
  <node id="2516" visible="true" version="1" lat="50.00144141252" lon="9.00278264531" />
  <node id="2517" visible="true" version="1" lat="50.00144531488" lon="9.00277844381" />
  <node id="2518" visible="true" version="1" lat="50.00144920365" lon="9.00277421208" />
  <node id="2519" visible="true" version="1" lat="50.00145307873" lon="9.00276995024" />
  <node id="2520" visible="true" version="1" lat="50.00145694003" lon="9.00276565839" />
  <node id="2521" visible="true" version="1" lat="50.00146078745" lon="9.00276133665" />
  <node id="2522" visible="true" version="1" lat="50.0014646209" lon="9.00275698511" />
  <node id="2523" visible="true" version="1" lat="50.00146844027" lon="9.00275260389" />
  <node id="2524" visible="true" version="1" lat="50.00147224547" lon="9.00274819309" />
  <node id="2525" visible="true" version="1" lat="50.00147603641" lon="9.00274375283" />
  <node id="2526" visible="true" version="1" lat="50.001479813" lon="9.00273928322" />
  <node id="2527" visible="true" version="1" lat="50.00148357513" lon="9.00273478437" />
  <node id="2528" visible="true" version="1" lat="50.00148732271" lon="9.00273025639" />
  <node id="2529" visible="true" version="1" lat="50.00149105566" lon="9.00272569939" />
  <node id="2530" visible="true" version="1" lat="50.00149477387" lon="9.0027211135" />
  <node id="2531" visible="true" version="1" lat="50.00149847726" lon="9.00271649881" />
  <node id="2532" visible="true" version="1" lat="50.00150216573" lon="9.00271185546" />
  <node id="2533" visible="true" version="1" lat="50.00150583919" lon="9.00270718355" />
  <node id="2534" visible="true" version="1" lat="50.00150949754" lon="9.0027024832" />
  <node id="2535" visible="true" version="1" lat="50.0015131407" lon="9.00269775454" />
  <node id="2536" visible="true" version="1" lat="50.00151676858" lon="9.00269299767" />
  <node id="2537" visible="true" version="1" lat="50.00152038108" lon="9.00268821271" />
  <node id="2538" visible="true" version="1" lat="50.00152397811" lon="9.0026833998" />
  <node id="2539" visible="true" version="1" lat="50.00152755959" lon="9.00267855903" />
  <node id="2540" visible="true" version="1" lat="50.00153112542" lon="9.00267369055" />
  <node id="2541" visible="true" version="1" lat="50.00153467552" lon="9.00266879447" />
  <node id="2542" visible="true" version="1" lat="50.00153820979" lon="9.0026638709" />
  <node id="2543" visible="true" version="1" lat="50.00154172815" lon="9.00265891998" />
  <node id="2544" visible="true" version="1" lat="50.00154523052" lon="9.00265394183" />
  <node id="2545" visible="true" version="1" lat="50.00154871679" lon="9.00264893658" />
  <node id="2546" visible="true" version="1" lat="50.00155218689" lon="9.00264390434" />
  <node id="2547" visible="true" version="1" lat="50.00155564073" lon="9.00263884524" />
  <node id="2548" visible="true" version="1" lat="50.00155907822" lon="9.00263375942" />
  <node id="2549" visible="true" version="1" lat="50.00156249928" lon="9.00262864699" />
  <node id="2550" visible="true" version="1" lat="50.00156590381" lon="9.00262350809" />
  <node id="2551" visible="true" version="1" lat="50.00156929175" lon="9.00261834284" />
  <node id="2552" visible="true" version="1" lat="50.00157266299" lon="9.00261315137" />
  <node id="2553" visible="true" version="1" lat="50.00157601746" lon="9.00260793382" />
  <node id="2554" visible="true" version="1" lat="50.00157935508" lon="9.00260269031" />
  <node id="2555" visible="true" version="1" lat="50.00158267575" lon="9.00259742097" />
  <node id="2556" visible="true" version="1" lat="50.0015859794" lon="9.00259212594" />
  <node id="2557" visible="true" version="1" lat="50.00158926595" lon="9.00258680535" />
  <node id="2558" visible="true" version="1" lat="50.0015925353" lon="9.00258145933" />
  <node id="2559" visible="true" version="1" lat="50.00159578739" lon="9.00257608802" />
  <node id="2560" visible="true" version="1" lat="50.00159902212" lon="9.00257069154" />
  <node id="2561" visible="true" version="1" lat="50.00160223942" lon="9.00256527004" />
  <node id="2562" visible="true" version="1" lat="50.00160543921" lon="9.00255982364" />
  <node id="2563" visible="true" version="1" lat="50.00160862141" lon="9.0025543525" />
  <node id="2564" visible="true" version="1" lat="50.00161178593" lon="9.00254885673" />
  <node id="2565" visible="true" version="1" lat="50.00161493271" lon="9.00254333649" />
  <node id="2566" visible="true" version="1" lat="50.00161806165" lon="9.0025377919" />
  <node id="2567" visible="true" version="1" lat="50.00162117268" lon="9.00253222311" />
  <node id="2568" visible="true" version="1" lat="50.00162426573" lon="9.00252663026" />
  <node id="2569" visible="true" version="1" lat="50.00162734072" lon="9.00252101348" />
  <node id="2570" visible="true" version="1" lat="50.00163039756" lon="9.00251537292" />
  <node id="2571" visible="true" version="1" lat="50.00163343619" lon="9.00250970871" />
  <node id="2572" visible="true" version="1" lat="50.00163645653" lon="9.002504021" />
  <node id="2573" visible="true" version="1" lat="50.00163945849" lon="9.00249830994" />
  <node id="2574" visible="true" version="1" lat="50.00164244202" lon="9.00249257566" />
  <node id="2575" visible="true" version="1" lat="50.00164540702" lon="9.0024868183" />
  <node id="2576" visible="true" version="1" lat="50.00164835344" lon="9.00248103802" />
  <node id="2577" visible="true" version="1" lat="50.00165128119" lon="9.00247523495" />
  <node id="2578" visible="true" version="1" lat="50.0016541902" lon="9.00246940924" />
  <node id="2579" visible="true" version="1" lat="50.00165708039" lon="9.00246356104" />
  <node id="2580" visible="true" version="1" lat="50.00165995171" lon="9.00245769049" />
  <node id="2581" visible="true" version="1" lat="50.00166280407" lon="9.00245179774" />
  <node id="2582" visible="true" version="1" lat="50.0016656374" lon="9.00244588293" />
  <node id="2583" visible="true" version="1" lat="50.00166845163" lon="9.00243994622" />
  <node id="2584" visible="true" version="1" lat="50.0016712467" lon="9.00243398776" />
  <node id="2585" visible="true" version="1" lat="50.00167402253" lon="9.00242800768" />
  <node id="2586" visible="true" version="1" lat="50.00167677905" lon="9.00242200615" />
  <node id="2587" visible="true" version="1" lat="50.00167951619" lon="9.00241598331" />
  <node id="2588" visible="true" version="1" lat="50.00168223389" lon="9.00240993931" />
  <node id="2589" visible="true" version="1" lat="50.00168493208" lon="9.0024038743" />
  <node id="2590" visible="true" version="1" lat="50.00168761069" lon="9.00239778843" />
  <node id="2591" visible="true" version="1" lat="50.00169026965" lon="9.00239168187" />
  <node id="2592" visible="true" version="1" lat="50.0016929089" lon="9.00238555475" />
  <node id="2593" visible="true" version="1" lat="50.00169552836" lon="9.00237940724" />
  <node id="2594" visible="true" version="1" lat="50.00169812798" lon="9.00237323948" />
  <node id="2595" visible="true" version="1" lat="50.0017007077" lon="9.00236705163" />
  <node id="2596" visible="true" version="1" lat="50.00170326743" lon="9.00236084385" />
  <node id="2597" visible="true" version="1" lat="50.00170580713" lon="9.00235461629" />
  <node id="2598" visible="true" version="1" lat="50.00170832673" lon="9.0023483691" />
  <node id="2599" visible="true" version="1" lat="50.00171082616" lon="9.00234210245" />
  <node id="2600" visible="true" version="1" lat="50.00171330537" lon="9.00233581648" />
  <node id="2601" visible="true" version="1" lat="50.00171576428" lon="9.00232951136" />
  <node id="2602" visible="true" version="1" lat="50.00171820284" lon="9.00232318725" />
  <node id="2603" visible="true" version="1" lat="50.001720621" lon="9.0023168443" />
  <node id="2604" visible="true" version="1" lat="50.00172301868" lon="9.00231048266" />
  <node id="2605" visible="true" version="1" lat="50.00172539582" lon="9.00230410251" />
  <node id="2606" visible="true" version="1" lat="50.00172775238" lon="9.002297704" />
  <node id="2607" visible="true" version="1" lat="50.00173008828" lon="9.00229128728" />
  <node id="2608" visible="true" version="1" lat="50.00173240348" lon="9.00228485253" />
  <node id="2609" visible="true" version="1" lat="50.00173469791" lon="9.00227839989" />
  <node id="2610" visible="true" version="1" lat="50.00173697151" lon="9.00227192954" />
  <node id="2611" visible="true" version="1" lat="50.00173922424" lon="9.00226544162" />
  <node id="2612" visible="true" version="1" lat="50.00174145602" lon="9.00225893632" />
  <node id="2613" visible="true" version="1" lat="50.00174366681" lon="9.00225241378" />
  <node id="2614" visible="true" version="1" lat="50.00174585656" lon="9.00224587418" />
  <node id="2615" visible="true" version="1" lat="50.0017480252" lon="9.00223931766" />
  <node id="2616" visible="true" version="1" lat="50.00175017268" lon="9.00223274441" />
  <node id="2617" visible="true" version="1" lat="50.00175229895" lon="9.00222615458" />
  <node id="2618" visible="true" version="1" lat="50.00175440396" lon="9.00221954834" />
  <node id="2619" visible="true" version="1" lat="50.00175648765" lon="9.00221292585" />
  <node id="2620" visible="true" version="1" lat="50.00175854997" lon="9.00220628728" />
  <node id="2621" visible="true" version="1" lat="50.00176059087" lon="9.0021996328" />
  <node id="2622" visible="true" version="1" lat="50.0017626103" lon="9.00219296256" />
  <node id="2623" visible="true" version="1" lat="50.00176460821" lon="9.00218627674" />
  <node id="2624" visible="true" version="1" lat="50.00176658455" lon="9.00217957551" />
  <node id="2625" visible="true" version="1" lat="50.00176853926" lon="9.00217285903" />
  <node id="2626" visible="true" version="1" lat="50.0017704723" lon="9.00216612747" />
  <node id="2627" visible="true" version="1" lat="50.00177238363" lon="9.002159381" />
  <node id="2628" visible="true" version="1" lat="50.00177427318" lon="9.00215261978" />
  <node id="2629" visible="true" version="1" lat="50.00177614093" lon="9.00214584399" />
  <node id="2630" visible="true" version="1" lat="50.00177798681" lon="9.0021390538" />
  <node id="2631" visible="true" version="1" lat="50.00177981079" lon="9.00213224937" />
  <node id="2632" visible="true" version="1" lat="50.00178161281" lon="9.00212543088" />
  <node id="2633" visible="true" version="1" lat="50.00178339284" lon="9.00211859849" />
  <node id="2634" visible="true" version="1" lat="50.00178515083" lon="9.00211175238" />
  <node id="2635" visible="true" version="1" lat="50.00178688673" lon="9.00210489272" />
  <node id="2636" visible="true" version="1" lat="50.0017886005" lon="9.00209801968" />
  <node id="2637" visible="true" version="1" lat="50.0017902921" lon="9.00209113343" />
  <node id="2638" visible="true" version="1" lat="50.00179196148" lon="9.00208423414" />
  <node id="2639" visible="true" version="1" lat="50.00179360861" lon="9.00207732199" />
  <node id="2640" visible="true" version="1" lat="50.00179523344" lon="9.00207039714" />
  <node id="2641" visible="true" version="1" lat="50.00179683594" lon="9.00206345978" />
  <node id="2642" visible="true" version="1" lat="50.00179841605" lon="9.00205651007" />
  <node id="2643" visible="true" version="1" lat="50.00179997375" lon="9.0020495482" />
  <node id="2644" visible="true" version="1" lat="50.00180150899" lon="9.00204257432" />
  <node id="2645" visible="true" version="1" lat="50.00180302174" lon="9.00203558863" />
  <node id="2646" visible="true" version="1" lat="50.00180451196" lon="9.00202859128" />
  <node id="2647" visible="true" version="1" lat="50.0018059796" lon="9.00202158246" />
  <node id="2648" visible="true" version="1" lat="50.00180742464" lon="9.00201456235" />
  <node id="2649" visible="true" version="1" lat="50.00180884704" lon="9.00200753111" />
  <node id="2650" visible="true" version="1" lat="50.00181024675" lon="9.00200048893" />
  <node id="2651" visible="true" version="1" lat="50.00181162376" lon="9.00199343597" />
  <node id="2652" visible="true" version="1" lat="50.00181297802" lon="9.00198637242" />
  <node id="2653" visible="true" version="1" lat="50.00181430949" lon="9.00197929846" />
  <node id="2654" visible="true" version="1" lat="50.00181561815" lon="9.00197221425" />
  <node id="2655" visible="true" version="1" lat="50.00181690397" lon="9.00196511998" />
  <node id="2656" visible="true" version="1" lat="50.0018181669" lon="9.00195801583" />
  <node id="2657" visible="true" version="1" lat="50.00181940693" lon="9.00195090196" />
  <node id="2658" visible="true" version="1" lat="50.00182062401" lon="9.00194377857" />
  <node id="2659" visible="true" version="1" lat="50.00182181811" lon="9.00193664582" />
  <node id="2660" visible="true" version="1" lat="50.00182298922" lon="9.0019295039" />
  <node id="2661" visible="true" version="1" lat="50.0018241373" lon="9.00192235298" />
  <node id="2662" visible="true" version="1" lat="50.00182526231" lon="9.00191519324" />
  <node id="2663" visible="true" version="1" lat="50.00182636423" lon="9.00190802487" />
  <node id="2664" visible="true" version="1" lat="50.00182744304" lon="9.00190084804" />
  <node id="2665" visible="true" version="1" lat="50.00182849871" lon="9.00189366293" />
  <node id="2666" visible="true" version="1" lat="50.00182953121" lon="9.00188646972" />
  <node id="2667" visible="true" version="1" lat="50.00183054051" lon="9.00187926859" />
  <node id="2668" visible="true" version="1" lat="50.00183152659" lon="9.00187205972" />
  <node id="2669" visible="true" version="1" lat="50.00183248942" lon="9.00186484329" />
  <node id="2670" visible="true" version="1" lat="50.00183342899" lon="9.00185761948" />
  <node id="2671" visible="true" version="1" lat="50.00183434526" lon="9.00185038848" />
  <node id="2672" visible="true" version="1" lat="50.00183523822" lon="9.00184315045" />
  <node id="2673" visible="true" version="1" lat="50.00183610784" lon="9.00183590559" />
  <node id="2674" visible="true" version="1" lat="50.0018369541" lon="9.00182865407" />
  <node id="2675" visible="true" version="1" lat="50.00183777698" lon="9.00182139608" />
  <node id="2676" visible="true" version="1" lat="50.00183857646" lon="9.0018141318" />
  <node id="2677" visible="true" version="1" lat="50.00183935252" lon="9.00180686141" />
  <node id="2678" visible="true" version="1" lat="50.00184010513" lon="9.00179958508" />
  <node id="2679" visible="true" version="1" lat="50.00184083429" lon="9.00179230301" />
  <node id="2680" visible="true" version="1" lat="50.00184153997" lon="9.00178501537" />
  <node id="2681" visible="true" version="1" lat="50.00184222215" lon="9.00177772235" />
  <node id="2682" visible="true" version="1" lat="50.00184288082" lon="9.00177042413" />
  <node id="2683" visible="true" version="1" lat="50.00184351596" lon="9.00176312089" />
  <node id="2684" visible="true" version="1" lat="50.00184412756" lon="9.00175581281" />
  <node id="2685" visible="true" version="1" lat="50.0018447156" lon="9.00174850009" />
  <node id="2686" visible="true" version="1" lat="50.00184528006" lon="9.00174118289" />
  <node id="2687" visible="true" version="1" lat="50.00184582093" lon="9.0017338614" />
  <node id="2688" visible="true" version="1" lat="50.0018463382" lon="9.00172653581" />
  <node id="2689" visible="true" version="1" lat="50.00184683185" lon="9.0017192063" />
  <node id="2690" visible="true" version="1" lat="50.00184730188" lon="9.00171187305" />
  <node id="2691" visible="true" version="1" lat="50.00184774827" lon="9.00170453624" />
  <node id="2692" visible="true" version="1" lat="50.001848171" lon="9.00169719607" />
  <node id="2693" visible="true" version="1" lat="50.00184857008" lon="9.0016898527" />
  <node id="2694" visible="true" version="1" lat="50.00184894548" lon="9.00168250634" />
  <node id="2695" visible="true" version="1" lat="50.0018492972" lon="9.00167515715" />
  <node id="2696" visible="true" version="1" lat="50.00184962524" lon="9.00166780532" />
  <node id="2697" visible="true" version="1" lat="50.00184992957" lon="9.00166045105" />
  <node id="2698" visible="true" version="1" lat="50.0018502102" lon="9.0016530945" />
  <node id="2699" visible="true" version="1" lat="50.00185046712" lon="9.00164573587" />
  <node id="2700" visible="true" version="1" lat="50.00185070032" lon="9.00163837533" />
  <node id="2701" visible="true" version="1" lat="50.0018509098" lon="9.00163101308" />
  <node id="2702" visible="true" version="1" lat="50.00185109554" lon="9.0016236493" />
  <node id="2703" visible="true" version="1" lat="50.00185125755" lon="9.00161628417" />
  <node id="2704" visible="true" version="1" lat="50.00185139582" lon="9.00160891787" />
  <node id="2705" visible="true" version="1" lat="50.00185151035" lon="9.0016015506" />
  <node id="2706" visible="true" version="1" lat="50.00185160114" lon="9.00159418252" />
  <node id="2708" visible="true" version="1" lat="49.9999662723" lon="9" />
  <node id="2709" visible="true" version="1" lat="49.9999662723" lon="9.0000069767" />
  <node id="2710" visible="true" version="1" lat="49.9999662723" lon="9.0000139534" />
  <node id="2711" visible="true" version="1" lat="49.9999662723" lon="9.0000209301" />
  <node id="2712" visible="true" version="1" lat="49.9999662723" lon="9.0000279068" />
  <node id="2713" visible="true" version="1" lat="49.99996627229" lon="9.0000348835" />
  <node id="2714" visible="true" version="1" lat="49.99996627229" lon="9.0000418602" />
  <node id="2715" visible="true" version="1" lat="49.99996627229" lon="9.0000488369" />
  <node id="2716" visible="true" version="1" lat="49.99996627229" lon="9.0000558136" />
  <node id="2717" visible="true" version="1" lat="49.99996627228" lon="9.0000627903" />
  <node id="2718" visible="true" version="1" lat="49.99996627228" lon="9.000069767" />
  <node id="2719" visible="true" version="1" lat="49.99996627227" lon="9.00007674369" />
  <node id="2720" visible="true" version="1" lat="49.99996627227" lon="9.00008372039" />
  <node id="2721" visible="true" version="1" lat="49.99996627226" lon="9.00009069709" />
  <node id="2722" visible="true" version="1" lat="49.99996627226" lon="9.00009767379" />
  <node id="2723" visible="true" version="1" lat="49.99996627225" lon="9.00010465049" />
  <node id="2724" visible="true" version="1" lat="49.99996627225" lon="9.00011162719" />
  <node id="2725" visible="true" version="1" lat="49.99996627224" lon="9.00011860389" />
  <node id="2726" visible="true" version="1" lat="49.99996627223" lon="9.00012558059" />
  <node id="2727" visible="true" version="1" lat="49.99996627222" lon="9.00013255729" />
  <node id="2728" visible="true" version="1" lat="49.99996627222" lon="9.00013953399" />
  <node id="2729" visible="true" version="1" lat="49.99996627221" lon="9.00014651069" />
  <node id="2730" visible="true" version="1" lat="49.9999662722" lon="9.00015348739" />
  <node id="2731" visible="true" version="1" lat="49.99996627219" lon="9.00016046409" />
  <node id="2732" visible="true" version="1" lat="49.99996627218" lon="9.00016744079" />
  <node id="2733" visible="true" version="1" lat="49.99996627217" lon="9.00017441749" />
  <node id="2734" visible="true" version="1" lat="49.99996627216" lon="9.00018139419" />
  <node id="2735" visible="true" version="1" lat="49.99996627215" lon="9.00018837089" />
  <node id="2736" visible="true" version="1" lat="49.99996627213" lon="9.00019534759" />
  <node id="2737" visible="true" version="1" lat="49.99996627212" lon="9.00020232429" />
  <node id="2738" visible="true" version="1" lat="49.99996627211" lon="9.00020930099" />
  <node id="2739" visible="true" version="1" lat="49.9999662721" lon="9.00021627769" />
  <node id="2740" visible="true" version="1" lat="49.99996627208" lon="9.00022325438" />
  <node id="2741" visible="true" version="1" lat="49.99996627207" lon="9.00023023108" />
  <node id="2742" visible="true" version="1" lat="49.99996627206" lon="9.00023720778" />
  <node id="2743" visible="true" version="1" lat="49.99996627204" lon="9.00024418448" />
  <node id="2744" visible="true" version="1" lat="49.99996627203" lon="9.00025116118" />
  <node id="2745" visible="true" version="1" lat="49.99996627201" lon="9.00025813788" />
  <node id="2746" visible="true" version="1" lat="49.999966272" lon="9.00026511458" />
  <node id="2747" visible="true" version="1" lat="49.99996627198" lon="9.00027209128" />
  <node id="2748" visible="true" version="1" lat="49.99996627196" lon="9.00027906798" />
  <node id="2749" visible="true" version="1" lat="49.99996627195" lon="9.00028604468" />
  <node id="2750" visible="true" version="1" lat="49.99996627193" lon="9.00029302138" />
  <node id="2751" visible="true" version="1" lat="49.99996627191" lon="9.00029999808" />
  <node id="2752" visible="true" version="1" lat="49.99996627189" lon="9.00030697478" />
  <node id="2753" visible="true" version="1" lat="49.99996627187" lon="9.00031395148" />
  <node id="2754" visible="true" version="1" lat="49.99996627186" lon="9.00032092818" />
  <node id="2755" visible="true" version="1" lat="49.99996627184" lon="9.00032790488" />
  <node id="2756" visible="true" version="1" lat="49.99996627182" lon="9.00033488158" />
  <node id="2757" visible="true" version="1" lat="49.9999662718" lon="9.00034185828" />
  <node id="2758" visible="true" version="1" lat="49.99996627177" lon="9.00034883498" />
  <node id="2759" visible="true" version="1" lat="49.99996627175" lon="9.00035581168" />
  <node id="2760" visible="true" version="1" lat="49.99996627173" lon="9.00036278838" />
  <node id="2761" visible="true" version="1" lat="49.99996627171" lon="9.00036976507" />
  <node id="2762" visible="true" version="1" lat="49.99996627169" lon="9.00037674177" />
  <node id="2763" visible="true" version="1" lat="49.99996627166" lon="9.00038371847" />
  <node id="2764" visible="true" version="1" lat="49.99996627164" lon="9.00039069517" />
  <node id="2765" visible="true" version="1" lat="49.99996627162" lon="9.00039767187" />
  <node id="2766" visible="true" version="1" lat="49.99996627159" lon="9.00040464857" />
  <node id="2767" visible="true" version="1" lat="49.99996627157" lon="9.00041162527" />
  <node id="2768" visible="true" version="1" lat="49.99996627154" lon="9.00041860197" />
  <node id="2769" visible="true" version="1" lat="49.99996627152" lon="9.00042557867" />
  <node id="2770" visible="true" version="1" lat="49.99996627149" lon="9.00043255537" />
  <node id="2771" visible="true" version="1" lat="49.99996627147" lon="9.00043953207" />
  <node id="2772" visible="true" version="1" lat="49.99996627144" lon="9.00044650877" />
  <node id="2773" visible="true" version="1" lat="49.99996627141" lon="9.00045348547" />
  <node id="2774" visible="true" version="1" lat="49.99996627139" lon="9.00046046217" />
  <node id="2775" visible="true" version="1" lat="49.99996627136" lon="9.00046743887" />
  <node id="2776" visible="true" version="1" lat="49.99996627133" lon="9.00047441557" />
  <node id="2777" visible="true" version="1" lat="49.9999662713" lon="9.00048139227" />
  <node id="2778" visible="true" version="1" lat="49.99996627127" lon="9.00048836897" />
  <node id="2779" visible="true" version="1" lat="49.99996627124" lon="9.00049534567" />
  <node id="2780" visible="true" version="1" lat="49.99996627121" lon="9.00050232237" />
  <node id="2781" visible="true" version="1" lat="49.99996627118" lon="9.00050929907" />
  <node id="2782" visible="true" version="1" lat="49.99996627115" lon="9.00051627576" />
  <node id="2783" visible="true" version="1" lat="49.99996627112" lon="9.00052325246" />
  <node id="2784" visible="true" version="1" lat="49.99996627109" lon="9.00053022916" />
  <node id="2785" visible="true" version="1" lat="49.99996627106" lon="9.00053720586" />
  <node id="2786" visible="true" version="1" lat="49.99996627102" lon="9.00054418256" />
  <node id="2787" visible="true" version="1" lat="49.99996627099" lon="9.00055115926" />
  <node id="2788" visible="true" version="1" lat="49.99996627096" lon="9.00055813596" />
  <node id="2789" visible="true" version="1" lat="49.99996627092" lon="9.00056511266" />
  <node id="2790" visible="true" version="1" lat="49.99996627089" lon="9.00057208936" />
  <node id="2791" visible="true" version="1" lat="49.99996627085" lon="9.00057906606" />
  <node id="2792" visible="true" version="1" lat="49.99996627082" lon="9.00058604276" />
  <node id="2793" visible="true" version="1" lat="49.99996627078" lon="9.00059301946" />
  <node id="2794" visible="true" version="1" lat="49.99996627075" lon="9.00059999616" />
  <node id="2795" visible="true" version="1" lat="49.99996627071" lon="9.00060697286" />
  <node id="2796" visible="true" version="1" lat="49.99996627067" lon="9.00061394956" />
  <node id="2797" visible="true" version="1" lat="49.99996627064" lon="9.00062092626" />
  <node id="2798" visible="true" version="1" lat="49.9999662706" lon="9.00062790296" />
  <node id="2799" visible="true" version="1" lat="49.99996627056" lon="9.00063487966" />
  <node id="2800" visible="true" version="1" lat="49.99996627052" lon="9.00064185636" />
  <node id="2801" visible="true" version="1" lat="49.99996627048" lon="9.00064883306" />
  <node id="2802" visible="true" version="1" lat="49.99996627045" lon="9.00065580976" />
  <node id="2803" visible="true" version="1" lat="49.99996627041" lon="9.00066278645" />
  <node id="2804" visible="true" version="1" lat="49.99996627037" lon="9.00066976315" />
  <node id="2805" visible="true" version="1" lat="49.99996627033" lon="9.00067673985" />
  <node id="2806" visible="true" version="1" lat="49.99996627028" lon="9.00068371655" />
  <node id="2807" visible="true" version="1" lat="49.99996627024" lon="9.00069069325" />
  <node id="2808" visible="true" version="1" lat="49.9999662702" lon="9.00069766995" />
  <node id="2809" visible="true" version="1" lat="49.99996627016" lon="9.00070464665" />
  <node id="2810" visible="true" version="1" lat="49.99996627012" lon="9.00071162335" />
  <node id="2811" visible="true" version="1" lat="49.99996627007" lon="9.00071860005" />
  <node id="2812" visible="true" version="1" lat="49.99996627003" lon="9.00072557675" />
  <node id="2813" visible="true" version="1" lat="49.99996626999" lon="9.00073255345" />
  <node id="2814" visible="true" version="1" lat="49.99996626994" lon="9.00073953015" />
  <node id="2815" visible="true" version="1" lat="49.9999662699" lon="9.00074650685" />
  <node id="2816" visible="true" version="1" lat="49.99996626985" lon="9.00075348355" />
  <node id="2817" visible="true" version="1" lat="49.99996626981" lon="9.00076046025" />
  <node id="2818" visible="true" version="1" lat="49.99996626976" lon="9.00076743695" />
  <node id="2819" visible="true" version="1" lat="49.99996626971" lon="9.00077441365" />
  <node id="2820" visible="true" version="1" lat="49.99996626967" lon="9.00078139035" />
  <node id="2821" visible="true" version="1" lat="49.99996626962" lon="9.00078836705" />
  <node id="2822" visible="true" version="1" lat="49.99996626957" lon="9.00079534375" />
  <node id="2823" visible="true" version="1" lat="49.99996626953" lon="9.00080232045" />
  <node id="2824" visible="true" version="1" lat="49.99996626948" lon="9.00080929714" />
  <node id="2825" visible="true" version="1" lat="49.99996626943" lon="9.00081627384" />
  <node id="2826" visible="true" version="1" lat="49.99996626938" lon="9.00082325054" />
  <node id="2827" visible="true" version="1" lat="49.99996626933" lon="9.00083022724" />
  <node id="2828" visible="true" version="1" lat="49.99996626928" lon="9.00083720394" />
  <node id="2829" visible="true" version="1" lat="49.99996626923" lon="9.00084418064" />
  <node id="2830" visible="true" version="1" lat="49.99996626918" lon="9.00085115734" />
  <node id="2831" visible="true" version="1" lat="49.99996626913" lon="9.00085813404" />
  <node id="2832" visible="true" version="1" lat="49.99996626907" lon="9.00086511074" />
  <node id="2833" visible="true" version="1" lat="49.99996626902" lon="9.00087208744" />
  <node id="2834" visible="true" version="1" lat="49.99996626897" lon="9.00087906414" />
  <node id="2835" visible="true" version="1" lat="49.99996626892" lon="9.00088604084" />
  <node id="2836" visible="true" version="1" lat="49.99996626886" lon="9.00089301754" />
  <node id="2837" visible="true" version="1" lat="49.99996626881" lon="9.00089999424" />
  <node id="2838" visible="true" version="1" lat="49.99996626875" lon="9.00090697094" />
  <node id="2839" visible="true" version="1" lat="49.9999662687" lon="9.00091394764" />
  <node id="2840" visible="true" version="1" lat="49.99996626864" lon="9.00092092434" />
  <node id="2841" visible="true" version="1" lat="49.99996626859" lon="9.00092790104" />
  <node id="2842" visible="true" version="1" lat="49.99996626853" lon="9.00093487774" />
  <node id="2843" visible="true" version="1" lat="49.99996626848" lon="9.00094185444" />
  <node id="2844" visible="true" version="1" lat="49.99996626842" lon="9.00094883114" />
  <node id="2845" visible="true" version="1" lat="49.99996626836" lon="9.00095580783" />
  <node id="2846" visible="true" version="1" lat="49.9999662683" lon="9.00096278453" />
  <node id="2847" visible="true" version="1" lat="49.99996626825" lon="9.00096976123" />
  <node id="2848" visible="true" version="1" lat="49.99996626819" lon="9.00097673793" />
  <node id="2849" visible="true" version="1" lat="49.99996626813" lon="9.00098371463" />
  <node id="2850" visible="true" version="1" lat="49.99996626807" lon="9.00099069133" />
  <node id="2851" visible="true" version="1" lat="49.99996626801" lon="9.00099766803" />
  <node id="2852" visible="true" version="1" lat="49.99996626795" lon="9.00100464473" />
  <node id="2853" visible="true" version="1" lat="49.99996626789" lon="9.00101162143" />
  <node id="2854" visible="true" version="1" lat="49.99996626783" lon="9.00101859813" />
  <node id="2855" visible="true" version="1" lat="49.99996626777" lon="9.00102557483" />
  <node id="2856" visible="true" version="1" lat="49.9999662677" lon="9.00103255153" />
  <node id="2857" visible="true" version="1" lat="49.99996626764" lon="9.00103952823" />
  <node id="2858" visible="true" version="1" lat="49.99996626758" lon="9.00104650493" />
  <node id="2859" visible="true" version="1" lat="49.99996626752" lon="9.00105348163" />
  <node id="2860" visible="true" version="1" lat="49.99996626745" lon="9.00106045833" />
  <node id="2861" visible="true" version="1" lat="49.99996626739" lon="9.00106743503" />
  <node id="2862" visible="true" version="1" lat="49.99996626732" lon="9.00107441173" />
  <node id="2863" visible="true" version="1" lat="49.99996626726" lon="9.00108138843" />
  <node id="2864" visible="true" version="1" lat="49.99996626719" lon="9.00108836513" />
  <node id="2865" visible="true" version="1" lat="49.99996626713" lon="9.00109534183" />
  <node id="2866" visible="true" version="1" lat="49.99996626706" lon="9.00110231852" />
  <node id="2867" visible="true" version="1" lat="49.999966267" lon="9.00110929522" />
  <node id="2868" visible="true" version="1" lat="49.99996626693" lon="9.00111627192" />
  <node id="2869" visible="true" version="1" lat="49.99996626686" lon="9.00112324862" />
  <node id="2870" visible="true" version="1" lat="49.99996626679" lon="9.00113022532" />
  <node id="2871" visible="true" version="1" lat="49.99996626673" lon="9.00113720202" />
  <node id="2872" visible="true" version="1" lat="49.99996626666" lon="9.00114417872" />
  <node id="2873" visible="true" version="1" lat="49.99996626659" lon="9.00115115542" />
  <node id="2874" visible="true" version="1" lat="49.99996626652" lon="9.00115813212" />
  <node id="2875" visible="true" version="1" lat="49.99996626645" lon="9.00116510882" />
  <node id="2876" visible="true" version="1" lat="49.99996626638" lon="9.00117208552" />
  <node id="2877" visible="true" version="1" lat="49.99996626631" lon="9.00117906222" />
  <node id="2878" visible="true" version="1" lat="49.99996626624" lon="9.00118603892" />
  <node id="2879" visible="true" version="1" lat="49.99996626617" lon="9.00119301562" />
  <node id="2880" visible="true" version="1" lat="49.99996626609" lon="9.00119999232" />
  <node id="2881" visible="true" version="1" lat="49.99996626602" lon="9.00120696902" />
  <node id="2882" visible="true" version="1" lat="49.99996626595" lon="9.00121394572" />
  <node id="2883" visible="true" version="1" lat="49.99996626588" lon="9.00122092242" />
  <node id="2884" visible="true" version="1" lat="49.9999662658" lon="9.00122789912" />
  <node id="2885" visible="true" version="1" lat="49.99996626573" lon="9.00123487582" />
  <node id="2886" visible="true" version="1" lat="49.99996626565" lon="9.00124185252" />
  <node id="2887" visible="true" version="1" lat="49.99996626558" lon="9.00124882921" />
  <node id="2888" visible="true" version="1" lat="49.9999662655" lon="9.00125580591" />
  <node id="2889" visible="true" version="1" lat="49.99996626543" lon="9.00126278261" />
  <node id="2890" visible="true" version="1" lat="49.99996626535" lon="9.00126975931" />
  <node id="2891" visible="true" version="1" lat="49.99996626528" lon="9.00127673601" />
  <node id="2892" visible="true" version="1" lat="49.9999662652" lon="9.00128371271" />
  <node id="2893" visible="true" version="1" lat="49.99996626512" lon="9.00129068941" />
  <node id="2894" visible="true" version="1" lat="49.99996626504" lon="9.00129766611" />
  <node id="2895" visible="true" version="1" lat="49.99996626496" lon="9.00130464281" />
  <node id="2896" visible="true" version="1" lat="49.99996626489" lon="9.00131161951" />
  <node id="2897" visible="true" version="1" lat="49.99996626481" lon="9.00131859621" />
  <node id="2898" visible="true" version="1" lat="49.99996626473" lon="9.00132557291" />
  <node id="2899" visible="true" version="1" lat="49.99996626465" lon="9.00133254961" />
  <node id="2900" visible="true" version="1" lat="49.99996626457" lon="9.00133952631" />
  <node id="2901" visible="true" version="1" lat="49.99996626449" lon="9.00134650301" />
  <node id="2902" visible="true" version="1" lat="49.99996626441" lon="9.00135347971" />
  <node id="2903" visible="true" version="1" lat="49.99996626432" lon="9.00136045641" />
  <node id="2904" visible="true" version="1" lat="49.99996626424" lon="9.00136743311" />
  <node id="2905" visible="true" version="1" lat="49.99996626416" lon="9.00137440981" />
  <node id="2906" visible="true" version="1" lat="49.99996626408" lon="9.00138138651" />
  <node id="2907" visible="true" version="1" lat="49.99996626399" lon="9.0013883632" />
  <node id="2908" visible="true" version="1" lat="49.99996626391" lon="9.0013953399" />
  <node id="2909" visible="true" version="1" lat="49.99996626391" lon="9.0013953399" />
  <node id="2910" visible="true" version="1" lat="49.999966264" lon="9.00140244738" />
  <node id="2911" visible="true" version="1" lat="49.99996626476" lon="9.00140955486" />
  <node id="2912" visible="true" version="1" lat="49.99996626662" lon="9.00141666234" />
  <node id="2913" visible="true" version="1" lat="49.99996627005" lon="9.00142376982" />
  <node id="2914" visible="true" version="1" lat="49.99996627548" lon="9.00143087729" />
  <node id="2915" visible="true" version="1" lat="49.99996628337" lon="9.00143798476" />
  <node id="2916" visible="true" version="1" lat="49.99996629417" lon="9.00144509222" />
  <node id="2917" visible="true" version="1" lat="49.99996630833" lon="9.00145219967" />
  <node id="2918" visible="true" version="1" lat="49.9999663263" lon="9.00145930709" />
  <node id="2919" visible="true" version="1" lat="49.99996634852" lon="9.00146641449" />
  <node id="2920" visible="true" version="1" lat="49.99996637545" lon="9.00147352184" />
  <node id="2921" visible="true" version="1" lat="49.99996640754" lon="9.00148062915" />
  <node id="2922" visible="true" version="1" lat="49.99996644524" lon="9.00148773638" />
  <node id="2923" visible="true" version="1" lat="49.99996648899" lon="9.00149484354" />
  <node id="2924" visible="true" version="1" lat="49.99996653925" lon="9.00150195059" />
  <node id="2925" visible="true" version="1" lat="49.99996659646" lon="9.00150905751" />
  <node id="2926" visible="true" version="1" lat="49.99996666108" lon="9.00151616428" />
  <node id="2927" visible="true" version="1" lat="49.99996673355" lon="9.00152327087" />
  <node id="2928" visible="true" version="1" lat="49.99996681432" lon="9.00153037725" />
  <node id="2929" visible="true" version="1" lat="49.99996690385" lon="9.00153748337" />
  <node id="2930" visible="true" version="1" lat="49.99996700258" lon="9.0015445892" />
  <node id="2931" visible="true" version="1" lat="49.99996711097" lon="9.00155169468" />
  <node id="2932" visible="true" version="1" lat="49.99996722945" lon="9.00155879978" />
  <node id="2933" visible="true" version="1" lat="49.99996735848" lon="9.00156590444" />
  <node id="2934" visible="true" version="1" lat="49.99996749852" lon="9.0015730086" />
  <node id="2935" visible="true" version="1" lat="49.99996764999" lon="9.00158011219" />
  <node id="2936" visible="true" version="1" lat="49.99996781337" lon="9.00158721515" />
  <node id="2937" visible="true" version="1" lat="49.99996798909" lon="9.00159431739" />
  <node id="2938" visible="true" version="1" lat="49.9999681776" lon="9.00160141885" />
  <node id="2939" visible="true" version="1" lat="49.99996837935" lon="9.00160851943" />
  <node id="2940" visible="true" version="1" lat="49.99996859478" lon="9.00161561905" />
  <node id="2941" visible="true" version="1" lat="49.99996882435" lon="9.0016227176" />
  <node id="2942" visible="true" version="1" lat="49.99996906851" lon="9.00162981497" />
  <node id="2943" visible="true" version="1" lat="49.99996932769" lon="9.00163691106" />
  <node id="2944" visible="true" version="1" lat="49.99996960234" lon="9.00164400576" />
  <node id="2945" visible="true" version="1" lat="49.99996989291" lon="9.00165109892" />
  <node id="2946" visible="true" version="1" lat="49.99997019985" lon="9.00165819043" />
  <node id="2947" visible="true" version="1" lat="49.9999705236" lon="9.00166528014" />
  <node id="2948" visible="true" version="1" lat="49.9999708646" lon="9.0016723679" />
  <node id="2949" visible="true" version="1" lat="49.9999712233" lon="9.00167945355" />
  <node id="2950" visible="true" version="1" lat="49.99997160013" lon="9.00168653694" />
  <node id="2951" visible="true" version="1" lat="49.99997199555" lon="9.00169361789" />
  <node id="2952" visible="true" version="1" lat="49.99997240999" lon="9.00170069623" />
  <node id="2953" visible="true" version="1" lat="49.9999728439" lon="9.00170777175" />
  <node id="2954" visible="true" version="1" lat="49.99997329771" lon="9.00171484427" />
  <node id="2955" visible="true" version="1" lat="49.99997377186" lon="9.00172191358" />
  <node id="2956" visible="true" version="1" lat="49.99997426679" lon="9.00172897945" />
  <node id="2957" visible="true" version="1" lat="49.99997478293" lon="9.00173604167" />
  <node id="2958" visible="true" version="1" lat="49.99997532073" lon="9.00174310001" />
  <node id="2959" visible="true" version="1" lat="49.99997588061" lon="9.00175015421" />
  <node id="2960" visible="true" version="1" lat="49.99997588061" lon="9.00175015421" />
  <node id="2961" visible="true" version="1" lat="49.99997647376" lon="9.00175733379" />
  <node id="2962" visible="true" version="1" lat="49.99997709005" lon="9.00176450869" />
  <node id="2963" visible="true" version="1" lat="49.99997772945" lon="9.00177167872" />
  <node id="2964" visible="true" version="1" lat="49.99997839195" lon="9.00177884369" />
  <node id="2965" visible="true" version="1" lat="49.99997907753" lon="9.00178600344" />
  <node id="2966" visible="true" version="1" lat="49.99997978618" lon="9.00179315778" />
  <node id="2967" visible="true" version="1" lat="49.99998051787" lon="9.00180030654" />
  <node id="2968" visible="true" version="1" lat="49.9999812726" lon="9.00180744953" />
  <node id="2969" visible="true" version="1" lat="49.99998205034" lon="9.00181458657" />
  <node id="2970" visible="true" version="1" lat="49.99998285107" lon="9.0018217175" />
  <node id="2971" visible="true" version="1" lat="49.99998367477" lon="9.00182884212" />
  <node id="2972" visible="true" version="1" lat="49.99998452142" lon="9.00183596027" />
  <node id="2973" visible="true" version="1" lat="49.999985391" lon="9.00184307176" />
  <node id="2974" visible="true" version="1" lat="49.99998628349" lon="9.00185017642" />
  <node id="2975" visible="true" version="1" lat="49.99998719887" lon="9.00185727406" />
  <node id="2976" visible="true" version="1" lat="49.9999881371" lon="9.00186436452" />
  <node id="2977" visible="true" version="1" lat="49.99998909818" lon="9.00187144761" />
  <node id="2978" visible="true" version="1" lat="49.99999008208" lon="9.00187852315" />
  <node id="2979" visible="true" version="1" lat="49.99999108876" lon="9.00188559098" />
  <node id="2980" visible="true" version="1" lat="49.99999211821" lon="9.00189265091" />
  <node id="2981" visible="true" version="1" lat="49.9999931704" lon="9.00189970277" />
  <node id="2982" visible="true" version="1" lat="49.9999942453" lon="9.00190674637" />
  <node id="2983" visible="true" version="1" lat="49.9999953429" lon="9.00191378155" />
  <node id="2984" visible="true" version="1" lat="49.99999646315" lon="9.00192080813" />
  <node id="2985" visible="true" version="1" lat="49.99999760603" lon="9.00192782593" />
  <node id="2986" visible="true" version="1" lat="49.99999877151" lon="9.00193483478" />
  <node id="2987" visible="true" version="1" lat="49.99999995957" lon="9.0019418345" />
  <node id="2988" visible="true" version="1" lat="50.00000117017" lon="9.00194882492" />
  <node id="2989" visible="true" version="1" lat="50.00000240329" lon="9.00195580586" />
  <node id="2990" visible="true" version="1" lat="50.00000365888" lon="9.00196277715" />
  <node id="2991" visible="true" version="1" lat="50.00000493693" lon="9.00196973861" />
  <node id="2992" visible="true" version="1" lat="50.0000062374" lon="9.00197669007" />
  <node id="2993" visible="true" version="1" lat="50.00000756026" lon="9.00198363136" />
  <node id="2994" visible="true" version="1" lat="50.00000890547" lon="9.0019905623" />
  <node id="2995" visible="true" version="1" lat="50.000010273" lon="9.00199748272" />
  <node id="2996" visible="true" version="1" lat="50.00001166282" lon="9.00200439244" />
  <node id="2997" visible="true" version="1" lat="50.00001307488" lon="9.0020112913" />
  <node id="2998" visible="true" version="1" lat="50.00001450917" lon="9.00201817912" />
  <node id="2999" visible="true" version="1" lat="50.00001596563" lon="9.00202505572" />
  <node id="3000" visible="true" version="1" lat="50.00001744424" lon="9.00203192095" />
  <node id="3001" visible="true" version="1" lat="50.00001894496" lon="9.00203877462" />
  <node id="3002" visible="true" version="1" lat="50.00002046774" lon="9.00204561656" />
  <node id="3003" visible="true" version="1" lat="50.00002201256" lon="9.0020524466" />
  <node id="3004" visible="true" version="1" lat="50.00002357936" lon="9.00205926458" />
  <node id="3005" visible="true" version="1" lat="50.00002516813" lon="9.00206607032" />
  <node id="3006" visible="true" version="1" lat="50.0000267788" lon="9.00207286365" />
  <node id="3007" visible="true" version="1" lat="50.00002841135" lon="9.0020796444" />
  <node id="3008" visible="true" version="1" lat="50.00003006573" lon="9.0020864124" />
  <node id="3009" visible="true" version="1" lat="50.00003174191" lon="9.00209316749" />
  <node id="3010" visible="true" version="1" lat="50.00003343983" lon="9.00209990949" />
  <node id="3011" visible="true" version="1" lat="50.00003515946" lon="9.00210663824" />
  <node id="3012" visible="true" version="1" lat="50.00003690075" lon="9.00211335356" />
  <node id="3013" visible="true" version="1" lat="50.00003866367" lon="9.00212005529" />
  <node id="3014" visible="true" version="1" lat="50.00004044816" lon="9.00212674327" />
  <node id="3015" visible="true" version="1" lat="50.00004225418" lon="9.00213341732" />
  <node id="3016" visible="true" version="1" lat="50.00004408169" lon="9.00214007727" />
  <node id="3017" visible="true" version="1" lat="50.00004593064" lon="9.00214672297" />
  <node id="3018" visible="true" version="1" lat="50.00004780098" lon="9.00215335424" />
  <node id="3019" visible="true" version="1" lat="50.00004969267" lon="9.00215997093" />
  <node id="3020" visible="true" version="1" lat="50.00005160567" lon="9.00216657285" />
  <node id="3021" visible="true" version="1" lat="50.00005353991" lon="9.00217315986" />
  <node id="3022" visible="true" version="1" lat="50.00005549536" lon="9.00217973178" />
  <node id="3023" visible="true" version="1" lat="50.00005747197" lon="9.00218628845" />
  <node id="3024" visible="true" version="1" lat="50.00005946968" lon="9.0021928297" />
  <node id="3025" visible="true" version="1" lat="50.00006148845" lon="9.00219935538" />
  <node id="3026" visible="true" version="1" lat="50.00006352822" lon="9.00220586532" />
  <node id="3027" visible="true" version="1" lat="50.00006558895" lon="9.00221235935" />
  <node id="3028" visible="true" version="1" lat="50.00006767059" lon="9.00221883732" />
  <node id="3029" visible="true" version="1" lat="50.00006977307" lon="9.00222529906" />
  <node id="3030" visible="true" version="1" lat="50.00007189635" lon="9.00223174441" />
  <node id="3031" visible="true" version="1" lat="50.00007404038" lon="9.00223817321" />
  <node id="3032" visible="true" version="1" lat="50.0000762051" lon="9.0022445853" />
  <node id="3033" visible="true" version="1" lat="50.00007839046" lon="9.00225098052" />
  <node id="3034" visible="true" version="1" lat="50.0000805964" lon="9.00225735871" />
  <node id="3035" visible="true" version="1" lat="50.00008282287" lon="9.00226371971" />
  <node id="3036" visible="true" version="1" lat="50.00008506981" lon="9.00227006335" />
  <node id="3037" visible="true" version="1" lat="50.00008733717" lon="9.00227638949" />
  <node id="3038" visible="true" version="1" lat="50.00008962489" lon="9.00228269797" />
  <node id="3039" visible="true" version="1" lat="50.00009193291" lon="9.00228898862" />
  <node id="3040" visible="true" version="1" lat="50.00009426117" lon="9.00229526128" />
  <node id="3041" visible="true" version="1" lat="50.00009660963" lon="9.00230151581" />
  <node id="3042" visible="true" version="1" lat="50.00009897821" lon="9.00230775205" />
  <node id="3043" visible="true" version="1" lat="50.00010136685" lon="9.00231396983" />
  <node id="3044" visible="true" version="1" lat="50.00010377551" lon="9.00232016901" />
  <node id="3045" visible="true" version="1" lat="50.00010620412" lon="9.00232634943" />
  <node id="3046" visible="true" version="1" lat="50.00010865261" lon="9.00233251093" />
  <node id="3047" visible="true" version="1" lat="50.00011112093" lon="9.00233865336" />
  <node id="3048" visible="true" version="1" lat="50.00011360902" lon="9.00234477657" />
  <node id="3049" visible="true" version="1" lat="50.00011611681" lon="9.00235088041" />
  <node id="3050" visible="true" version="1" lat="50.00011864423" lon="9.00235696471" />
  <node id="3051" visible="true" version="1" lat="50.00012119124" lon="9.00236302934" />
  <node id="3052" visible="true" version="1" lat="50.00012375776" lon="9.00236907413" />
  <node id="3053" visible="true" version="1" lat="50.00012634373" lon="9.00237509894" />
  <node id="3054" visible="true" version="1" lat="50.00012894908" lon="9.00238110362" />
  <node id="3055" visible="true" version="1" lat="50.00013157375" lon="9.00238708801" />
  <node id="3056" visible="true" version="1" lat="50.00013421768" lon="9.00239305196" />
  <node id="3057" visible="true" version="1" lat="50.00013688079" lon="9.00239899534" />
  <node id="3058" visible="true" version="1" lat="50.00013956302" lon="9.00240491798" />
  <node id="3059" visible="true" version="1" lat="50.00014226431" lon="9.00241081974" />
  <node id="3060" visible="true" version="1" lat="50.00014498459" lon="9.00241670048" />
  <node id="3061" visible="true" version="1" lat="50.00014772378" lon="9.00242256004" />
  <node id="3062" visible="true" version="1" lat="50.00015048183" lon="9.00242839828" />
  <node id="3063" visible="true" version="1" lat="50.00015325865" lon="9.00243421506" />
  <node id="3064" visible="true" version="1" lat="50.00015605419" lon="9.00244001022" />
  <node id="3065" visible="true" version="1" lat="50.00015886836" lon="9.00244578363" />
  <node id="3066" visible="true" version="1" lat="50.00016170111" lon="9.00245153514" />
  <node id="3067" visible="true" version="1" lat="50.00016455236" lon="9.0024572646" />
  <node id="3068" visible="true" version="1" lat="50.00016742204" lon="9.00246297187" />
  <node id="3069" visible="true" version="1" lat="50.00017031008" lon="9.00246865681" />
  <node id="3070" visible="true" version="1" lat="50.0001732164" lon="9.00247431928" />
  <node id="3071" visible="true" version="1" lat="50.00017614094" lon="9.00247995913" />
  <node id="3072" visible="true" version="1" lat="50.00017908361" lon="9.00248557623" />
  <node id="3073" visible="true" version="1" lat="50.00018204436" lon="9.00249117044" />
  <node id="3074" visible="true" version="1" lat="50.00018502309" lon="9.0024967416" />
  <node id="3075" visible="true" version="1" lat="50.00018801974" lon="9.00250228959" />
  <node id="3076" visible="true" version="1" lat="50.00019103423" lon="9.00250781427" />
  <node id="3077" visible="true" version="1" lat="50.00019406649" lon="9.0025133155" />
  <node id="3078" visible="true" version="1" lat="50.00019711645" lon="9.00251879314" />
  <node id="3079" visible="true" version="1" lat="50.00020018401" lon="9.00252424705" />
  <node id="3080" visible="true" version="1" lat="50.00020326912" lon="9.0025296771" />
  <node id="3081" visible="true" version="1" lat="50.00020637169" lon="9.00253508315" />
  <node id="3082" visible="true" version="1" lat="50.00020949164" lon="9.00254046506" />
  <node id="3083" visible="true" version="1" lat="50.0002126289" lon="9.00254582271" />
  <node id="3084" visible="true" version="1" lat="50.00021578338" lon="9.00255115596" />
  <node id="3085" visible="true" version="1" lat="50.00021895501" lon="9.00255646467" />
  <node id="3086" visible="true" version="1" lat="50.00022214372" lon="9.00256174871" />
  <node id="3087" visible="true" version="1" lat="50.00022534941" lon="9.00256700795" />
  <node id="3088" visible="true" version="1" lat="50.00022857201" lon="9.00257224226" />
  <node id="3089" visible="true" version="1" lat="50.00023181144" lon="9.00257745151" />
  <node id="3090" visible="true" version="1" lat="50.00023506762" lon="9.00258263557" />
  <node id="3091" visible="true" version="1" lat="50.00023834047" lon="9.0025877943" />
  <node id="3092" visible="true" version="1" lat="50.0002416299" lon="9.00259292758" />
  <node id="3093" visible="true" version="1" lat="50.00024493583" lon="9.00259803528" />
  <node id="3094" visible="true" version="1" lat="50.00024825818" lon="9.00260311728" />
  <node id="3095" visible="true" version="1" lat="50.00025159687" lon="9.00260817344" />
  <node id="3096" visible="true" version="1" lat="50.00025495181" lon="9.00261320364" />
  <node id="3097" visible="true" version="1" lat="50.00025832293" lon="9.00261820775" />
  <node id="3098" visible="true" version="1" lat="50.00026171012" lon="9.00262318565" />
  <node id="3099" visible="true" version="1" lat="50.00026511332" lon="9.00262813722" />
  <node id="3100" visible="true" version="1" lat="50.00026853244" lon="9.00263306232" />
  <node id="3101" visible="true" version="1" lat="50.00027196738" lon="9.00263796085" />
  <node id="3102" visible="true" version="1" lat="50.00027541807" lon="9.00264283266" />
  <node id="3103" visible="true" version="1" lat="50.00027888441" lon="9.00264767765" />
  <node id="3104" visible="true" version="1" lat="50.00028236633" lon="9.00265249569" />
  <node id="3105" visible="true" version="1" lat="50.00028586373" lon="9.00265728667" />
  <node id="3106" visible="true" version="1" lat="50.00028937652" lon="9.00266205045" />
  <node id="3107" visible="true" version="1" lat="50.00029290463" lon="9.00266678693" />
  <node id="3108" visible="true" version="1" lat="50.00029644796" lon="9.00267149598" />
  <node id="3109" visible="true" version="1" lat="50.00030000642" lon="9.00267617748" />
  <node id="3110" visible="true" version="1" lat="50.00030357992" lon="9.00268083133" />
  <node id="3111" visible="true" version="1" lat="50.00030716837" lon="9.00268545739" />
  <node id="3112" visible="true" version="1" lat="50.00031077169" lon="9.00269005557" />
  <node id="3113" visible="true" version="1" lat="50.00031438979" lon="9.00269462574" />
  <node id="3114" visible="true" version="1" lat="50.00031802256" lon="9.00269916778" />
  <node id="3115" visible="true" version="1" lat="50.00032166993" lon="9.00270368159" />
  <node id="3116" visible="true" version="1" lat="50.00032533181" lon="9.00270816705" />
  <node id="3117" visible="true" version="1" lat="50.00032900809" lon="9.00271262405" />
  <node id="3118" visible="true" version="1" lat="50.00033269869" lon="9.00271705248" />
  <node id="3119" visible="true" version="1" lat="50.00033640351" lon="9.00272145222" />
  <node id="3120" visible="true" version="1" lat="50.00034012247" lon="9.00272582318" />
  <node id="3121" visible="true" version="1" lat="50.00034385547" lon="9.00273016523" />
  <node id="3122" visible="true" version="1" lat="50.00034760242" lon="9.00273447826" />
  <node id="3123" visible="true" version="1" lat="50.00035136322" lon="9.00273876219" />
  <node id="3124" visible="true" version="1" lat="50.00035513778" lon="9.00274301688" />
  <node id="3125" visible="true" version="1" lat="50.000358926" lon="9.00274724224" />
  <node id="3126" visible="true" version="1" lat="50.00036272779" lon="9.00275143817" />
  <node id="3127" visible="true" version="1" lat="50.00036654306" lon="9.00275560455" />
  <node id="3128" visible="true" version="1" lat="50.00037037171" lon="9.00275974129" />
  <node id="3129" visible="true" version="1" lat="50.00037421364" lon="9.00276384828" />
  <node id="3130" visible="true" version="1" lat="50.00037806876" lon="9.00276792541" />
  <node id="3131" visible="true" version="1" lat="50.00038193698" lon="9.00277197259" />
  <node id="3132" visible="true" version="1" lat="50.00038581818" lon="9.00277598971" />
  <node id="3133" visible="true" version="1" lat="50.00038971229" lon="9.00277997668" />
  <node id="3134" visible="true" version="1" lat="50.0003936192" lon="9.00278393339" />
  <node id="3135" visible="true" version="1" lat="50.00039753881" lon="9.00278785975" />
  <node id="3136" visible="true" version="1" lat="50.00040147102" lon="9.00279175565" />
  <node id="3137" visible="true" version="1" lat="50.00040541574" lon="9.00279562101" />
  <node id="3138" visible="true" version="1" lat="50.00040937287" lon="9.00279945571" />
  <node id="3139" visible="true" version="1" lat="50.00041334231" lon="9.00280325967" />
  <node id="3140" visible="true" version="1" lat="50.00041732395" lon="9.0028070328" />
  <node id="3141" visible="true" version="1" lat="50.00042131771" lon="9.00281077499" />
  <node id="3142" visible="true" version="1" lat="50.00042532348" lon="9.00281448616" />
  <node id="3143" visible="true" version="1" lat="50.00042934116" lon="9.0028181662" />
  <node id="3144" visible="true" version="1" lat="50.00043337065" lon="9.00282181504" />
  <node id="3145" visible="true" version="1" lat="50.00043741184" lon="9.00282543258" />
  <node id="3146" visible="true" version="1" lat="50.00044146465" lon="9.00282901872" />
  <node id="3147" visible="true" version="1" lat="50.00044552896" lon="9.00283257338" />
  <node id="3148" visible="true" version="1" lat="50.00044960468" lon="9.00283609647" />
  <node id="3149" visible="true" version="1" lat="50.0004536917" lon="9.0028395879" />
  <node id="3150" visible="true" version="1" lat="50.00045778992" lon="9.00284304758" />
  <node id="3151" visible="true" version="1" lat="50.00046189924" lon="9.00284647543" />
  <node id="3152" visible="true" version="1" lat="50.00046601956" lon="9.00284987137" />
  <node id="3153" visible="true" version="1" lat="50.00047015077" lon="9.0028532353" />
  <node id="3154" visible="true" version="1" lat="50.00047429277" lon="9.00285656714" />
  <node id="3155" visible="true" version="1" lat="50.00047844545" lon="9.00285986681" />
  <node id="3156" visible="true" version="1" lat="50.00048260872" lon="9.00286313423" />
  <node id="3157" visible="true" version="1" lat="50.00048678247" lon="9.00286636931" />
  <node id="3158" visible="true" version="1" lat="50.00049096659" lon="9.00286957198" />
  <node id="3159" visible="true" version="1" lat="50.00049516098" lon="9.00287274215" />
  <node id="3160" visible="true" version="1" lat="50.00049936553" lon="9.00287587974" />
  <node id="3161" visible="true" version="1" lat="50.00050358014" lon="9.00287898469" />
  <node id="3162" visible="true" version="1" lat="50.00050780471" lon="9.0028820569" />
  <node id="3163" visible="true" version="1" lat="50.00051203913" lon="9.0028850963" />
  <node id="3164" visible="true" version="1" lat="50.00051628328" lon="9.00288810282" />
  <node id="3165" visible="true" version="1" lat="50.00052053708" lon="9.00289107638" />
  <node id="3166" visible="true" version="1" lat="50.0005248004" lon="9.0028940169" />
  <node id="3167" visible="true" version="1" lat="50.00052907315" lon="9.00289692432" />
  <node id="3168" visible="true" version="1" lat="50.00053335521" lon="9.00289979856" />
  <node id="3169" visible="true" version="1" lat="50.00053764649" lon="9.00290263954" />
  <node id="3170" visible="true" version="1" lat="50.00054194686" lon="9.00290544721" />
  <node id="3171" visible="true" version="1" lat="50.00054625624" lon="9.00290822148" />
  <node id="3172" visible="true" version="1" lat="50.00055057449" lon="9.00291096229" />
  <node id="3173" visible="true" version="1" lat="50.00055490153" lon="9.00291366957" />
  <node id="3174" visible="true" version="1" lat="50.00055923724" lon="9.00291634325" />
  <node id="3175" visible="true" version="1" lat="50.00056358151" lon="9.00291898326" />
  <node id="3176" visible="true" version="1" lat="50.00056793424" lon="9.00292158954" />
  <node id="3177" visible="true" version="1" lat="50.00057229531" lon="9.00292416203" />
  <node id="3178" visible="true" version="1" lat="50.00057666461" lon="9.00292670065" />
  <node id="3179" visible="true" version="1" lat="50.00058104204" lon="9.00292920535" />
  <node id="3180" visible="true" version="1" lat="50.00058542749" lon="9.00293167607" />
  <node id="3181" visible="true" version="1" lat="50.00058982085" lon="9.00293411273" />
  <node id="3182" visible="true" version="1" lat="50.00059422201" lon="9.00293651529" />
  <node id="3183" visible="true" version="1" lat="50.00059863085" lon="9.00293888367" />
  <node id="3184" visible="true" version="1" lat="50.00060304728" lon="9.00294121783" />
  <node id="3185" visible="true" version="1" lat="50.00060747117" lon="9.0029435177" />
  <node id="3186" visible="true" version="1" lat="50.00061190241" lon="9.00294578323" />
  <node id="3187" visible="true" version="1" lat="50.0006163409" lon="9.00294801435" />
  <node id="3188" visible="true" version="1" lat="50.00062078653" lon="9.00295021102" />
  <node id="3189" visible="true" version="1" lat="50.00062523918" lon="9.00295237317" />
  <node id="3190" visible="true" version="1" lat="50.00062969875" lon="9.00295450076" />
  <node id="3191" visible="true" version="1" lat="50.00063416511" lon="9.00295659372" />
  <node id="3192" visible="true" version="1" lat="50.00063863816" lon="9.00295865202" />
  <node id="3193" visible="true" version="1" lat="50.0006431178" lon="9.00296067559" />
  <node id="3194" visible="true" version="1" lat="50.00064760389" lon="9.00296266439" />
  <node id="3195" visible="true" version="1" lat="50.00065209634" lon="9.00296461837" />
  <node id="3196" visible="true" version="1" lat="50.00065659504" lon="9.00296653747" />
  <node id="3197" visible="true" version="1" lat="50.00066109986" lon="9.00296842166" />
  <node id="3198" visible="true" version="1" lat="50.00066561069" lon="9.00297027087" />
  <node id="3199" visible="true" version="1" lat="50.00067012743" lon="9.00297208507" />
  <node id="3200" visible="true" version="1" lat="50.00067464996" lon="9.00297386422" />
  <node id="3201" visible="true" version="1" lat="50.00067917817" lon="9.00297560825" />
  <node id="3202" visible="true" version="1" lat="50.00068371194" lon="9.00297731715" />
  <node id="3203" visible="true" version="1" lat="50.00068825116" lon="9.00297899085" />
  <node id="3204" visible="true" version="1" lat="50.00069279572" lon="9.00298062932" />
  <node id="3205" visible="true" version="1" lat="50.00069734551" lon="9.00298223252" />
  <node id="3206" visible="true" version="1" lat="50.0007019004" lon="9.0029838004" />
  <node id="3207" visible="true" version="1" lat="50.00070646029" lon="9.00298533293" />
  <node id="3208" visible="true" version="1" lat="50.00071102506" lon="9.00298683007" />
  <node id="3209" visible="true" version="1" lat="50.0007155946" lon="9.00298829179" />
  <node id="3210" visible="true" version="1" lat="50.00072016879" lon="9.00298971804" />
  <node id="3211" visible="true" version="1" lat="50.00072474753" lon="9.00299110879" />
  <node id="3212" visible="true" version="1" lat="50.00072933068" lon="9.002992464" />
  <node id="3213" visible="true" version="1" lat="50.00073391815" lon="9.00299378365" />
  <node id="3214" visible="true" version="1" lat="50.00073850981" lon="9.00299506769" />
  <node id="3215" visible="true" version="1" lat="50.00074310556" lon="9.0029963161" />
  <node id="3216" visible="true" version="1" lat="50.00074770527" lon="9.00299752885" />
  <node id="3217" visible="true" version="1" lat="50.00075230883" lon="9.0029987059" />
  <node id="3218" visible="true" version="1" lat="50.00075691613" lon="9.00299984722" />
  <node id="3219" visible="true" version="1" lat="50.00076152704" lon="9.0030009528" />
  <node id="3220" visible="true" version="1" lat="50.00076614147" lon="9.00300202259" />
  <node id="3221" visible="true" version="1" lat="50.00077075928" lon="9.00300305657" />
  <node id="3222" visible="true" version="1" lat="50.00077538037" lon="9.00300405472" />
  <node id="3223" visible="true" version="1" lat="50.00078000461" lon="9.00300501701" />
  <node id="3224" visible="true" version="1" lat="50.0007846319" lon="9.00300594342" />
  <node id="3225" visible="true" version="1" lat="50.00078926212" lon="9.00300683392" />
  <node id="3226" visible="true" version="1" lat="50.00079389515" lon="9.0030076885" />
  <node id="3227" visible="true" version="1" lat="50.00079853088" lon="9.00300850712" />
  <node id="3228" visible="true" version="1" lat="50.00080316919" lon="9.00300928978" />
  <node id="3229" visible="true" version="1" lat="50.00080780996" lon="9.00301003644" />
  <node id="3230" visible="true" version="1" lat="50.00081245308" lon="9.0030107471" />
  <node id="3231" visible="true" version="1" lat="50.00081709843" lon="9.00301142173" />
  <node id="3232" visible="true" version="1" lat="50.00082174589" lon="9.00301206032" />
  <node id="3233" visible="true" version="1" lat="50.00082639536" lon="9.00301266285" />
  <node id="3234" visible="true" version="1" lat="50.00083104671" lon="9.0030132293" />
  <node id="3235" visible="true" version="1" lat="50.00083569983" lon="9.00301375967" />
  <node id="3236" visible="true" version="1" lat="50.0008403546" lon="9.00301425394" />
  <node id="3237" visible="true" version="1" lat="50.00084501091" lon="9.00301471209" />
  <node id="3238" visible="true" version="1" lat="50.00084966863" lon="9.00301513412" />
  <node id="3239" visible="true" version="1" lat="50.00085432766" lon="9.00301552001" />
  <node id="3240" visible="true" version="1" lat="50.00085898787" lon="9.00301586975" />
  <node id="3241" visible="true" version="1" lat="50.00086364914" lon="9.00301618335" />
  <node id="3242" visible="true" version="1" lat="50.00086831138" lon="9.00301646078" />
  <node id="3243" visible="true" version="1" lat="50.00087297444" lon="9.00301670204" />
  <node id="3244" visible="true" version="1" lat="50.00087763823" lon="9.00301690712" />
  <node id="3245" visible="true" version="1" lat="50.00088230262" lon="9.00301707603" />
  <node id="3246" visible="true" version="1" lat="50.00088696749" lon="9.00301720875" />
  <node id="3247" visible="true" version="1" lat="50.00089163274" lon="9.00301730529" />
  <node id="3248" visible="true" version="1" lat="50.00089629824" lon="9.00301736563" />
  <node id="3249" visible="true" version="1" lat="50.00090096387" lon="9.00301738978" />
  <node id="3250" visible="true" version="1" lat="50.00090562952" lon="9.00301737774" />
  <node id="3251" visible="true" version="1" lat="50.00091029508" lon="9.00301732951" />
  <node id="3252" visible="true" version="1" lat="50.00091496042" lon="9.00301724509" />
  <node id="3253" visible="true" version="1" lat="50.00091962543" lon="9.00301712448" />
  <node id="3254" visible="true" version="1" lat="50.00092429" lon="9.00301696768" />
  <node id="3255" visible="true" version="1" lat="50.000928954" lon="9.0030167747" />
  <node id="3256" visible="true" version="1" lat="50.00093361732" lon="9.00301654555" />
  <node id="3257" visible="true" version="1" lat="50.00093827985" lon="9.00301628022" />
  <node id="3258" visible="true" version="1" lat="50.00094294146" lon="9.00301597873" />
  <node id="3259" visible="true" version="1" lat="50.00094760204" lon="9.00301564108" />
  <node id="3260" visible="true" version="1" lat="50.00095226147" lon="9.00301526728" />
  <node id="3261" visible="true" version="1" lat="50.00095691964" lon="9.00301485735" />
  <node id="3262" visible="true" version="1" lat="50.00096157644" lon="9.00301441128" />
  <node id="3263" visible="true" version="1" lat="50.00096623173" lon="9.0030139291" />
  <node id="3264" visible="true" version="1" lat="50.00097088542" lon="9.00301341081" />
  <node id="3265" visible="true" version="1" lat="50.00097553737" lon="9.00301285642" />
  <node id="3266" visible="true" version="1" lat="50.00098018748" lon="9.00301226596" />
  <node id="3267" visible="true" version="1" lat="50.00098483563" lon="9.00301163944" />
  <node id="3268" visible="true" version="1" lat="50.00098948171" lon="9.00301097686" />
  <node id="3269" visible="true" version="1" lat="50.00099412558" lon="9.00301027826" />
  <node id="3270" visible="true" version="1" lat="50.00099876715" lon="9.00300954364" />
  <node id="3271" visible="true" version="1" lat="50.0010034063" lon="9.00300877302" />
  <node id="3272" visible="true" version="1" lat="50.0010080429" lon="9.00300796642" />
  <node id="3273" visible="true" version="1" lat="50.00101267685" lon="9.00300712387" />
  <node id="3274" visible="true" version="1" lat="50.00101730802" lon="9.00300624539" />
  <node id="3275" visible="true" version="1" lat="50.0010219363" lon="9.00300533099" />
  <node id="3276" visible="true" version="1" lat="50.00102656158" lon="9.00300438069" />
  <node id="3277" visible="true" version="1" lat="50.00103118373" lon="9.00300339453" />
  <node id="3278" visible="true" version="1" lat="50.00103580266" lon="9.00300237253" />
  <node id="3279" visible="true" version="1" lat="50.00104041823" lon="9.00300131471" />
  <node id="3280" visible="true" version="1" lat="50.00104503033" lon="9.0030002211" />
  <node id="3281" visible="true" version="1" lat="50.00104963885" lon="9.00299909173" />
  <node id="3282" visible="true" version="1" lat="50.00105424367" lon="9.00299792662" />
  <node id="3283" visible="true" version="1" lat="50.00105884468" lon="9.00299672581" />
  <node id="3284" visible="true" version="1" lat="50.00106344177" lon="9.00299548932" />
  <node id="3285" visible="true" version="1" lat="50.00106803481" lon="9.00299421718" />
  <node id="3286" visible="true" version="1" lat="50.00107262369" lon="9.00299290943" />
  <node id="3287" visible="true" version="1" lat="50.0010772083" lon="9.0029915661" />
  <node id="3288" visible="true" version="1" lat="50.00108178853" lon="9.00299018723" />
  <node id="3289" visible="true" version="1" lat="50.00108636425" lon="9.00298877284" />
  <node id="3290" visible="true" version="1" lat="50.00109093536" lon="9.00298732297" />
  <node id="3291" visible="true" version="1" lat="50.00109550174" lon="9.00298583767" />
  <node id="3292" visible="true" version="1" lat="50.00110006328" lon="9.00298431695" />
  <node id="3293" visible="true" version="1" lat="50.00110461985" lon="9.00298276088" />
  <node id="3294" visible="true" version="1" lat="50.00110917136" lon="9.00298116947" />
  <node id="3295" visible="true" version="1" lat="50.00111371768" lon="9.00297954278" />
  <node id="3296" visible="true" version="1" lat="50.0011182587" lon="9.00297788085" />
  <node id="3297" visible="true" version="1" lat="50.0011227943" lon="9.0029761837" />
  <node id="3298" visible="true" version="1" lat="50.00112732438" lon="9.0029744514" />
  <node id="3299" visible="true" version="1" lat="50.00113184882" lon="9.00297268397" />
  <node id="3300" visible="true" version="1" lat="50.00113636751" lon="9.00297088147" />
  <node id="3301" visible="true" version="1" lat="50.00114088034" lon="9.00296904394" />
  <node id="3302" visible="true" version="1" lat="50.00114538718" lon="9.00296717143" />
  <node id="3303" visible="true" version="1" lat="50.00114988793" lon="9.00296526398" />
  <node id="3304" visible="true" version="1" lat="50.00115438248" lon="9.00296332164" />
  <node id="3305" visible="true" version="1" lat="50.00115887072" lon="9.00296134446" />
  <node id="3306" visible="true" version="1" lat="50.00116335252" lon="9.00295933248" />
  <node id="3307" visible="true" version="1" lat="50.00116782779" lon="9.00295728577" />
  <node id="3308" visible="true" version="1" lat="50.0011722964" lon="9.00295520436" />
  <node id="3309" visible="true" version="1" lat="50.00117675825" lon="9.00295308832" />
  <node id="3310" visible="true" version="1" lat="50.00118121322" lon="9.00295093769" />
  <node id="3311" visible="true" version="1" lat="50.00118566121" lon="9.00294875253" />
  <node id="3312" visible="true" version="1" lat="50.0011901021" lon="9.0029465329" />
  <node id="3313" visible="true" version="1" lat="50.00119453578" lon="9.00294427884" />
  <node id="3314" visible="true" version="1" lat="50.00119896214" lon="9.00294199041" />
  <node id="3315" visible="true" version="1" lat="50.00120338107" lon="9.00293966768" />
  <node id="3316" visible="true" version="1" lat="50.00120779246" lon="9.0029373107" />
  <node id="3317" visible="true" version="1" lat="50.0012121962" lon="9.00293491953" />
  <node id="3318" visible="true" version="1" lat="50.00121659217" lon="9.00293249423" />
  <node id="3319" visible="true" version="1" lat="50.00122098028" lon="9.00293003485" />
  <node id="3320" visible="true" version="1" lat="50.0012253604" lon="9.00292754147" />
  <node id="3321" visible="true" version="1" lat="50.00122973244" lon="9.00292501414" />
  <node id="3322" visible="true" version="1" lat="50.00123409627" lon="9.00292245293" />
  <node id="3323" visible="true" version="1" lat="50.0012384518" lon="9.00291985789" />
  <node id="3324" visible="true" version="1" lat="50.0012427989" lon="9.00291722911" />
  <node id="3325" visible="true" version="1" lat="50.00124713748" lon="9.00291456663" />
  <node id="3326" visible="true" version="1" lat="50.00125146743" lon="9.00291187053" />
  <node id="3327" visible="true" version="1" lat="50.00125578863" lon="9.00290914088" />
  <node id="3328" visible="true" version="1" lat="50.00126010099" lon="9.00290637774" />
  <node id="3329" visible="true" version="1" lat="50.00126440438" lon="9.00290358118" />
  <node id="3330" visible="true" version="1" lat="50.0012686987" lon="9.00290075127" />
  <node id="3331" visible="true" version="1" lat="50.00127298386" lon="9.00289788809" />
  <node id="3332" visible="true" version="1" lat="50.00127725973" lon="9.0028949917" />
  <node id="3333" visible="true" version="1" lat="50.00128152621" lon="9.00289206218" />
  <node id="3334" visible="true" version="1" lat="50.0012857832" lon="9.0028890996" />
  <node id="3335" visible="true" version="1" lat="50.00129003059" lon="9.00288610403" />
  <node id="3336" visible="true" version="1" lat="50.00129426827" lon="9.00288307556" />
  <node id="3337" visible="true" version="1" lat="50.00129849613" lon="9.00288001424" />
  <node id="3338" visible="true" version="1" lat="50.00130271408" lon="9.00287692017" />
  <node id="3339" visible="true" version="1" lat="50.001306922" lon="9.00287379342" />
  <node id="3340" visible="true" version="1" lat="50.0013111198" lon="9.00287063406" />
  <node id="3341" visible="true" version="1" lat="50.00131530736" lon="9.00286744218" />
  <node id="3342" visible="true" version="1" lat="50.00131948458" lon="9.00286421786" />
  <node id="3343" visible="true" version="1" lat="50.00132365136" lon="9.00286096117" />
  <node id="3344" visible="true" version="1" lat="50.00132780758" lon="9.0028576722" />
  <node id="3345" visible="true" version="1" lat="50.00133195316" lon="9.00285435102" />
  <node id="3346" visible="true" version="1" lat="50.00133608798" lon="9.00285099774" />
  <node id="3347" visible="true" version="1" lat="50.00134021195" lon="9.00284761241" />
  <node id="3348" visible="true" version="1" lat="50.00134432495" lon="9.00284419514" />
  <node id="3349" visible="true" version="1" lat="50.00134842689" lon="9.00284074601" />
  <node id="3350" visible="true" version="1" lat="50.00135251766" lon="9.0028372651" />
  <node id="3351" visible="true" version="1" lat="50.00135659716" lon="9.0028337525" />
  <node id="3352" visible="true" version="1" lat="50.00136066528" lon="9.0028302083" />
  <node id="3353" visible="true" version="1" lat="50.00136472194" lon="9.00282663258" />
  <node id="3354" visible="true" version="1" lat="50.00136876702" lon="9.00282302544" />
  <node id="3355" visible="true" version="1" lat="50.00137280043" lon="9.00281938696" />
  <node id="3356" visible="true" version="1" lat="50.00137682205" lon="9.00281571725" />
  <node id="3357" visible="true" version="1" lat="50.00138083181" lon="9.00281201638" />
  <node id="3358" visible="true" version="1" lat="50.00138482958" lon="9.00280828445" />
  <node id="3359" visible="true" version="1" lat="50.00138881528" lon="9.00280452155" />
  <node id="3360" visible="true" version="1" lat="50.0013927888" lon="9.00280072779" />
  <node id="3361" visible="true" version="1" lat="50.00139675004" lon="9.00279690325" />
  <node id="3362" visible="true" version="1" lat="50.00140069891" lon="9.00279304802" />
  <node id="3363" visible="true" version="1" lat="50.00140463531" lon="9.00278916222" />
  <node id="3364" visible="true" version="1" lat="50.00140855913" lon="9.00278524592" />
  <node id="3365" visible="true" version="1" lat="50.00141247028" lon="9.00278129924" />
  <node id="3366" visible="true" version="1" lat="50.00141636866" lon="9.00277732226" />
  <node id="3367" visible="true" version="1" lat="50.00142025418" lon="9.00277331509" />
  <node id="3368" visible="true" version="1" lat="50.00142412673" lon="9.00276927784" />
  <node id="3369" visible="true" version="1" lat="50.00142798623" lon="9.00276521059" />
  <node id="3370" visible="true" version="1" lat="50.00143183257" lon="9.00276111345" />
  <node id="3371" visible="true" version="1" lat="50.00143566565" lon="9.00275698653" />
  <node id="3372" visible="true" version="1" lat="50.00143948539" lon="9.00275282992" />
  <node id="3373" visible="true" version="1" lat="50.00144329169" lon="9.00274864373" />
  <node id="3374" visible="true" version="1" lat="50.00144708444" lon="9.00274442807" />
  <node id="3375" visible="true" version="1" lat="50.00145086356" lon="9.00274018304" />
  <node id="3376" visible="true" version="1" lat="50.00145462896" lon="9.00273590875" />
  <node id="3377" visible="true" version="1" lat="50.00145838053" lon="9.0027316053" />
  <node id="3378" visible="true" version="1" lat="50.00146211818" lon="9.0027272728" />
  <node id="3379" visible="true" version="1" lat="50.00146584183" lon="9.00272291136" />
  <node id="3380" visible="true" version="1" lat="50.00146955137" lon="9.00271852109" />
  <node id="3381" visible="true" version="1" lat="50.00147324672" lon="9.0027141021" />
  <node id="3382" visible="true" version="1" lat="50.00147692778" lon="9.0027096545" />
  <node id="3383" visible="true" version="1" lat="50.00148059446" lon="9.00270517839" />
  <node id="3384" visible="true" version="1" lat="50.00148424667" lon="9.0027006739" />
  <node id="3385" visible="true" version="1" lat="50.00148788431" lon="9.00269614114" />
  <node id="3386" visible="true" version="1" lat="50.0014915073" lon="9.00269158021" />
  <node id="3387" visible="true" version="1" lat="50.00149511555" lon="9.00268699123" />
  <node id="3388" visible="true" version="1" lat="50.00149870896" lon="9.00268237432" />
  <node id="3389" visible="true" version="1" lat="50.00150228745" lon="9.0026777296" />
  <node id="3390" visible="true" version="1" lat="50.00150585093" lon="9.00267305717" />
  <node id="3391" visible="true" version="1" lat="50.0015093993" lon="9.00266835715" />
  <node id="3392" visible="true" version="1" lat="50.00151293248" lon="9.00266362967" />
  <node id="3393" visible="true" version="1" lat="50.00151645038" lon="9.00265887484" />
  <node id="3394" visible="true" version="1" lat="50.00151995291" lon="9.00265409278" />
  <node id="3395" visible="true" version="1" lat="50.00152343999" lon="9.00264928361" />
  <node id="3396" visible="true" version="1" lat="50.00152691152" lon="9.00264444745" />
  <node id="3397" visible="true" version="1" lat="50.00153036743" lon="9.00263958441" />
  <node id="3398" visible="true" version="1" lat="50.00153380762" lon="9.00263469463" />
  <node id="3399" visible="true" version="1" lat="50.001537232" lon="9.00262977823" />
  <node id="3400" visible="true" version="1" lat="50.0015406405" lon="9.00262483532" />
  <node id="3401" visible="true" version="1" lat="50.00154403303" lon="9.00261986603" />
  <node id="3402" visible="true" version="1" lat="50.0015474095" lon="9.00261487048" />
  <node id="3403" visible="true" version="1" lat="50.00155076983" lon="9.00260984881" />
  <node id="3404" visible="true" version="1" lat="50.00155411393" lon="9.00260480113" />
  <node id="3405" visible="true" version="1" lat="50.00155744172" lon="9.00259972757" />
  <node id="3406" visible="true" version="1" lat="50.00156075312" lon="9.00259462826" />
  <node id="3407" visible="true" version="1" lat="50.00156404804" lon="9.00258950333" />
  <node id="3408" visible="true" version="1" lat="50.00156732641" lon="9.0025843529" />
  <node id="3409" visible="true" version="1" lat="50.00157058814" lon="9.0025791771" />
  <node id="3410" visible="true" version="1" lat="50.00157383314" lon="9.00257397607" />
  <node id="3411" visible="true" version="1" lat="50.00157706134" lon="9.00256874992" />
  <node id="3412" visible="true" version="1" lat="50.00158027266" lon="9.0025634988" />
  <node id="3413" visible="true" version="1" lat="50.00158346702" lon="9.00255822283" />
  <node id="3414" visible="true" version="1" lat="50.00158664433" lon="9.00255292215" />
  <node id="3415" visible="true" version="1" lat="50.00158980452" lon="9.00254759689" />
  <node id="3416" visible="true" version="1" lat="50.00159294751" lon="9.00254224718" />
  <node id="3417" visible="true" version="1" lat="50.00159607321" lon="9.00253687315" />
  <node id="3418" visible="true" version="1" lat="50.00159918156" lon="9.00253147495" />
  <node id="3419" visible="true" version="1" lat="50.00160227247" lon="9.0025260527" />
  <node id="3420" visible="true" version="1" lat="50.00160534587" lon="9.00252060653" />
  <node id="3421" visible="true" version="1" lat="50.00160840168" lon="9.0025151366" />
  <node id="3422" visible="true" version="1" lat="50.00161143982" lon="9.00250964303" />
  <node id="3423" visible="true" version="1" lat="50.00161446022" lon="9.00250412595" />
  <node id="3424" visible="true" version="1" lat="50.0016174628" lon="9.00249858552" />
  <node id="3425" visible="true" version="1" lat="50.00162044749" lon="9.00249302186" />
  <node id="3426" visible="true" version="1" lat="50.00162341421" lon="9.00248743512" />
  <node id="3427" visible="true" version="1" lat="50.00162636289" lon="9.00248182544" />
  <node id="3428" visible="true" version="1" lat="50.00162929345" lon="9.00247619295" />
  <node id="3429" visible="true" version="1" lat="50.00163220582" lon="9.00247053779" />
  <node id="3430" visible="true" version="1" lat="50.00163509993" lon="9.00246486012" />
  <node id="3431" visible="true" version="1" lat="50.0016379757" lon="9.00245916006" />
  <node id="3432" visible="true" version="1" lat="50.00164083307" lon="9.00245343777" />
  <node id="3433" visible="true" version="1" lat="50.00164367197" lon="9.00244769339" />
  <node id="3434" visible="true" version="1" lat="50.00164649231" lon="9.00244192705" />
  <node id="3435" visible="true" version="1" lat="50.00164929404" lon="9.0024361389" />
  <node id="3436" visible="true" version="1" lat="50.00165207707" lon="9.0024303291" />
  <node id="3437" visible="true" version="1" lat="50.00165484135" lon="9.00242449777" />
  <node id="3438" visible="true" version="1" lat="50.0016575868" lon="9.00241864508" />
  <node id="3439" visible="true" version="1" lat="50.00166031335" lon="9.00241277116" />
  <node id="3440" visible="true" version="1" lat="50.00166302094" lon="9.00240687616" />
  <node id="3441" visible="true" version="1" lat="50.00166570949" lon="9.00240096024" />
  <node id="3442" visible="true" version="1" lat="50.00166837895" lon="9.00239502353" />
  <node id="3443" visible="true" version="1" lat="50.00167102924" lon="9.00238906618" />
  <node id="3444" visible="true" version="1" lat="50.0016736603" lon="9.00238308835" />
  <node id="3445" visible="true" version="1" lat="50.00167627205" lon="9.00237709019" />
  <node id="3446" visible="true" version="1" lat="50.00167886445" lon="9.00237107184" />
  <node id="3447" visible="true" version="1" lat="50.00168143742" lon="9.00236503345" />
  <node id="3448" visible="true" version="1" lat="50.00168399089" lon="9.00235897518" />
  <node id="3449" visible="true" version="1" lat="50.00168652481" lon="9.00235289718" />
  <node id="3450" visible="true" version="1" lat="50.00168903911" lon="9.00234679959" />
  <node id="3451" visible="true" version="1" lat="50.00169153372" lon="9.00234068258" />
  <node id="3452" visible="true" version="1" lat="50.00169400859" lon="9.00233454629" />
  <node id="3453" visible="true" version="1" lat="50.00169646365" lon="9.00232839088" />
  <node id="3454" visible="true" version="1" lat="50.00169889885" lon="9.00232221651" />
  <node id="3455" visible="true" version="1" lat="50.00170131411" lon="9.00231602331" />
  <node id="3456" visible="true" version="1" lat="50.00170370939" lon="9.00230981146" />
  <node id="3457" visible="true" version="1" lat="50.00170608461" lon="9.00230358111" />
  <node id="3458" visible="true" version="1" lat="50.00170843973" lon="9.0022973324" />
  <node id="3459" visible="true" version="1" lat="50.00171077468" lon="9.00229106551" />
  <node id="3460" visible="true" version="1" lat="50.0017130894" lon="9.00228478058" />
  <node id="3461" visible="true" version="1" lat="50.00171538384" lon="9.00227847777" />
  <node id="3462" visible="true" version="1" lat="50.00171765793" lon="9.00227215724" />
  <node id="3463" visible="true" version="1" lat="50.00171991163" lon="9.00226581915" />
  <node id="3464" visible="true" version="1" lat="50.00172214488" lon="9.00225946366" />
  <node id="3465" visible="true" version="1" lat="50.00172435761" lon="9.00225309092" />
  <node id="3466" visible="true" version="1" lat="50.00172654978" lon="9.00224670109" />
  <node id="3467" visible="true" version="1" lat="50.00172872133" lon="9.00224029434" />
  <node id="3468" visible="true" version="1" lat="50.0017308722" lon="9.00223387083" />
  <node id="3469" visible="true" version="1" lat="50.00173300234" lon="9.0022274307" />
  <node id="3470" visible="true" version="1" lat="50.0017351117" lon="9.00222097414" />
  <node id="3471" visible="true" version="1" lat="50.00173720023" lon="9.00221450129" />
  <node id="3472" visible="true" version="1" lat="50.00173926787" lon="9.00220801232" />
  <node id="3473" visible="true" version="1" lat="50.00174131457" lon="9.00220150739" />
  <node id="3474" visible="true" version="1" lat="50.00174334028" lon="9.00219498667" />
  <node id="3475" visible="true" version="1" lat="50.00174534495" lon="9.00218845031" />
  <node id="3476" visible="true" version="1" lat="50.00174732853" lon="9.00218189848" />
  <node id="3477" visible="true" version="1" lat="50.00174929097" lon="9.00217533135" />
  <node id="3478" visible="true" version="1" lat="50.00175123223" lon="9.00216874907" />
  <node id="3479" visible="true" version="1" lat="50.00175315224" lon="9.00216215182" />
  <node id="3480" visible="true" version="1" lat="50.00175505097" lon="9.00215553976" />
  <node id="3481" visible="true" version="1" lat="50.00175692836" lon="9.00214891305" />
  <node id="3482" visible="true" version="1" lat="50.00175878438" lon="9.00214227186" />
  <node id="3483" visible="true" version="1" lat="50.00176061897" lon="9.00213561635" />
  <node id="3484" visible="true" version="1" lat="50.00176243208" lon="9.00212894669" />
  <node id="3485" visible="true" version="1" lat="50.00176422368" lon="9.00212226306" />
  <node id="3486" visible="true" version="1" lat="50.00176599372" lon="9.0021155656" />
  <node id="3487" visible="true" version="1" lat="50.00176774214" lon="9.0021088545" />
  <node id="3488" visible="true" version="1" lat="50.00176946892" lon="9.00210212992" />
  <node id="3489" visible="true" version="1" lat="50.00177117401" lon="9.00209539203" />
  <node id="3490" visible="true" version="1" lat="50.00177285736" lon="9.002088641" />
  <node id="3491" visible="true" version="1" lat="50.00177451893" lon="9.00208187699" />
  <node id="3492" visible="true" version="1" lat="50.00177615868" lon="9.00207510018" />
  <node id="3493" visible="true" version="1" lat="50.00177777657" lon="9.00206831073" />
  <node id="3494" visible="true" version="1" lat="50.00177937255" lon="9.00206150881" />
  <node id="3495" visible="true" version="1" lat="50.0017809466" lon="9.0020546946" />
  <node id="3496" visible="true" version="1" lat="50.00178249867" lon="9.00204786826" />
  <node id="3497" visible="true" version="1" lat="50.00178402871" lon="9.00204102997" />
  <node id="3498" visible="true" version="1" lat="50.0017855367" lon="9.0020341799" />
  <node id="3499" visible="true" version="1" lat="50.00178702259" lon="9.00202731821" />
  <node id="3500" visible="true" version="1" lat="50.00178848636" lon="9.00202044508" />
  <node id="3501" visible="true" version="1" lat="50.00178992795" lon="9.00201356068" />
  <node id="3502" visible="true" version="1" lat="50.00179134733" lon="9.00200666519" />
  <node id="3503" visible="true" version="1" lat="50.00179274448" lon="9.00199975876" />
  <node id="3504" visible="true" version="1" lat="50.00179411935" lon="9.00199284159" />
  <node id="3505" visible="true" version="1" lat="50.00179547191" lon="9.00198591384" />
  <node id="3506" visible="true" version="1" lat="50.00179680213" lon="9.00197897568" />
  <node id="3507" visible="true" version="1" lat="50.00179810997" lon="9.00197202729" />
  <node id="3508" visible="true" version="1" lat="50.0017993954" lon="9.00196506884" />
  <node id="3509" visible="true" version="1" lat="50.00180065839" lon="9.00195810051" />
  <node id="3510" visible="true" version="1" lat="50.0018018989" lon="9.00195112246" />
  <node id="3511" visible="true" version="1" lat="50.00180311691" lon="9.00194413488" />
  <node id="3512" visible="true" version="1" lat="50.00180431239" lon="9.00193713794" />
  <node id="3513" visible="true" version="1" lat="50.0018054853" lon="9.00193013181" />
  <node id="3514" visible="true" version="1" lat="50.00180663562" lon="9.00192311667" />
  <node id="3515" visible="true" version="1" lat="50.00180776331" lon="9.0019160927" />
  <node id="3516" visible="true" version="1" lat="50.00180886835" lon="9.00190906006" />
  <node id="3517" visible="true" version="1" lat="50.00180995072" lon="9.00190201894" />
  <node id="3518" visible="true" version="1" lat="50.00181101038" lon="9.00189496951" />
  <node id="3519" visible="true" version="1" lat="50.0018120473" lon="9.00188791195" />
  <node id="3520" visible="true" version="1" lat="50.00181306147" lon="9.00188084643" />
  <node id="3521" visible="true" version="1" lat="50.00181405285" lon="9.00187377313" />
  <node id="3522" visible="true" version="1" lat="50.00181502143" lon="9.00186669223" />
  <node id="3523" visible="true" version="1" lat="50.00181596717" lon="9.00185960391" />
  <node id="3524" visible="true" version="1" lat="50.00181689006" lon="9.00185250834" />
  <node id="3525" visible="true" version="1" lat="50.00181779007" lon="9.00184540569" />
  <node id="3526" visible="true" version="1" lat="50.00181866718" lon="9.00183829616" />
  <node id="3527" visible="true" version="1" lat="50.00181952136" lon="9.00183117991" />
  <node id="3528" visible="true" version="1" lat="50.0018203526" lon="9.00182405712" />
  <node id="3529" visible="true" version="1" lat="50.00182116087" lon="9.00181692797" />
  <node id="3530" visible="true" version="1" lat="50.00182194616" lon="9.00180979264" />
  <node id="3531" visible="true" version="1" lat="50.00182270844" lon="9.00180265131" />
  <node id="3532" visible="true" version="1" lat="50.00182344769" lon="9.00179550415" />
  <node id="3533" visible="true" version="1" lat="50.0018241639" lon="9.00178835135" />
  <node id="3534" visible="true" version="1" lat="50.00182485705" lon="9.00178119308" />
  <node id="3535" visible="true" version="1" lat="50.00182552713" lon="9.00177402952" />
  <node id="3536" visible="true" version="1" lat="50.00182617411" lon="9.00176686086" />
  <node id="3537" visible="true" version="1" lat="50.00182679797" lon="9.00175968727" />
  <node id="3538" visible="true" version="1" lat="50.00182739871" lon="9.00175250892" />
  <node id="3539" visible="true" version="1" lat="50.00182797631" lon="9.00174532601" />
  <node id="3540" visible="true" version="1" lat="50.00182853075" lon="9.0017381387" />
  <node id="3541" visible="true" version="1" lat="50.00182906202" lon="9.00173094718" />
  <node id="3542" visible="true" version="1" lat="50.00182957011" lon="9.00172375164" />
  <node id="3543" visible="true" version="1" lat="50.001830055" lon="9.00171655224" />
  <node id="3544" visible="true" version="1" lat="50.00183051668" lon="9.00170934916" />
  <node id="3545" visible="true" version="1" lat="50.00183095514" lon="9.0017021426" />
  <node id="3546" visible="true" version="1" lat="50.00183137038" lon="9.00169493273" />
  <node id="3547" visible="true" version="1" lat="50.00183176237" lon="9.00168771972" />
  <node id="3548" visible="true" version="1" lat="50.00183213111" lon="9.00168050376" />
  <node id="3549" visible="true" version="1" lat="50.00183247659" lon="9.00167328504" />
  <node id="3550" visible="true" version="1" lat="50.0018327988" lon="9.00166606372" />
  <node id="3551" visible="true" version="1" lat="50.00183309773" lon="9.00165884" />
  <node id="3552" visible="true" version="1" lat="50.00183337338" lon="9.00165161404" />
  <node id="3553" visible="true" version="1" lat="50.00183362573" lon="9.00164438604" />
  <node id="3554" visible="true" version="1" lat="50.00183385479" lon="9.00163715617" />
  <node id="3555" visible="true" version="1" lat="50.00183406055" lon="9.00162992461" />
  <node id="3556" visible="true" version="1" lat="50.001834243" lon="9.00162269155" />
  <node id="3557" visible="true" version="1" lat="50.00183440213" lon="9.00161545716" />
  <node id="3558" visible="true" version="1" lat="50.00183453795" lon="9.00160822163" />
  <node id="3559" visible="true" version="1" lat="50.00183465045" lon="9.00160098514" />
  <node id="3560" visible="true" version="1" lat="50.00183473962" lon="9.00159374786" />
  <node id="3562" visible="true" version="1" lat="49.99998313615" lon="9" />
  <node id="3563" visible="true" version="1" lat="49.99998313615" lon="9.0000069767" />
  <node id="3564" visible="true" version="1" lat="49.99998313615" lon="9.0000139534" />
  <node id="3565" visible="true" version="1" lat="49.99998313615" lon="9.00002093011" />
  <node id="3566" visible="true" version="1" lat="49.99998313615" lon="9.00002790681" />
  <node id="3567" visible="true" version="1" lat="49.99998313614" lon="9.00003488351" />
  <node id="3568" visible="true" version="1" lat="49.99998313614" lon="9.00004186021" />
  <node id="3569" visible="true" version="1" lat="49.99998313614" lon="9.00004883691" />
  <node id="3570" visible="true" version="1" lat="49.99998313614" lon="9.00005581362" />
  <node id="3571" visible="true" version="1" lat="49.99998313613" lon="9.00006279032" />
  <node id="3572" visible="true" version="1" lat="49.99998313613" lon="9.00006976702" />
  <node id="3573" visible="true" version="1" lat="49.99998313612" lon="9.00007674372" />
  <node id="3574" visible="true" version="1" lat="49.99998313612" lon="9.00008372042" />
  <node id="3575" visible="true" version="1" lat="49.99998313611" lon="9.00009069713" />
  <node id="3576" visible="true" version="1" lat="49.99998313611" lon="9.00009767383" />
  <node id="3577" visible="true" version="1" lat="49.9999831361" lon="9.00010465053" />
  <node id="3578" visible="true" version="1" lat="49.9999831361" lon="9.00011162723" />
  <node id="3579" visible="true" version="1" lat="49.99998313609" lon="9.00011860393" />
  <node id="3580" visible="true" version="1" lat="49.99998313608" lon="9.00012558064" />
  <node id="3581" visible="true" version="1" lat="49.99998313607" lon="9.00013255734" />
  <node id="3582" visible="true" version="1" lat="49.99998313607" lon="9.00013953404" />
  <node id="3583" visible="true" version="1" lat="49.99998313606" lon="9.00014651074" />
  <node id="3584" visible="true" version="1" lat="49.99998313605" lon="9.00015348744" />
  <node id="3585" visible="true" version="1" lat="49.99998313604" lon="9.00016046415" />
  <node id="3586" visible="true" version="1" lat="49.99998313603" lon="9.00016744085" />
  <node id="3587" visible="true" version="1" lat="49.99998313602" lon="9.00017441755" />
  <node id="3588" visible="true" version="1" lat="49.99998313601" lon="9.00018139425" />
  <node id="3589" visible="true" version="1" lat="49.999983136" lon="9.00018837095" />
  <node id="3590" visible="true" version="1" lat="49.99998313599" lon="9.00019534765" />
  <node id="3591" visible="true" version="1" lat="49.99998313597" lon="9.00020232436" />
  <node id="3592" visible="true" version="1" lat="49.99998313596" lon="9.00020930106" />
  <node id="3593" visible="true" version="1" lat="49.99998313595" lon="9.00021627776" />
  <node id="3594" visible="true" version="1" lat="49.99998313593" lon="9.00022325446" />
  <node id="3595" visible="true" version="1" lat="49.99998313592" lon="9.00023023116" />
  <node id="3596" visible="true" version="1" lat="49.99998313591" lon="9.00023720787" />
  <node id="3597" visible="true" version="1" lat="49.99998313589" lon="9.00024418457" />
  <node id="3598" visible="true" version="1" lat="49.99998313588" lon="9.00025116127" />
  <node id="3599" visible="true" version="1" lat="49.99998313586" lon="9.00025813797" />
  <node id="3600" visible="true" version="1" lat="49.99998313585" lon="9.00026511467" />
  <node id="3601" visible="true" version="1" lat="49.99998313583" lon="9.00027209138" />
  <node id="3602" visible="true" version="1" lat="49.99998313581" lon="9.00027906808" />
  <node id="3603" visible="true" version="1" lat="49.9999831358" lon="9.00028604478" />
  <node id="3604" visible="true" version="1" lat="49.99998313578" lon="9.00029302148" />
  <node id="3605" visible="true" version="1" lat="49.99998313576" lon="9.00029999818" />
  <node id="3606" visible="true" version="1" lat="49.99998313574" lon="9.00030697489" />
  <node id="3607" visible="true" version="1" lat="49.99998313572" lon="9.00031395159" />
  <node id="3608" visible="true" version="1" lat="49.99998313571" lon="9.00032092829" />
  <node id="3609" visible="true" version="1" lat="49.99998313569" lon="9.00032790499" />
  <node id="3610" visible="true" version="1" lat="49.99998313567" lon="9.00033488169" />
  <node id="3611" visible="true" version="1" lat="49.99998313565" lon="9.0003418584" />
  <node id="3612" visible="true" version="1" lat="49.99998313563" lon="9.0003488351" />
  <node id="3613" visible="true" version="1" lat="49.9999831356" lon="9.0003558118" />
  <node id="3614" visible="true" version="1" lat="49.99998313558" lon="9.0003627885" />
  <node id="3615" visible="true" version="1" lat="49.99998313556" lon="9.0003697652" />
  <node id="3616" visible="true" version="1" lat="49.99998313554" lon="9.00037674191" />
  <node id="3617" visible="true" version="1" lat="49.99998313552" lon="9.00038371861" />
  <node id="3618" visible="true" version="1" lat="49.99998313549" lon="9.00039069531" />
  <node id="3619" visible="true" version="1" lat="49.99998313547" lon="9.00039767201" />
  <node id="3620" visible="true" version="1" lat="49.99998313544" lon="9.00040464871" />
  <node id="3621" visible="true" version="1" lat="49.99998313542" lon="9.00041162542" />
  <node id="3622" visible="true" version="1" lat="49.99998313539" lon="9.00041860212" />
  <node id="3623" visible="true" version="1" lat="49.99998313537" lon="9.00042557882" />
  <node id="3624" visible="true" version="1" lat="49.99998313534" lon="9.00043255552" />
  <node id="3625" visible="true" version="1" lat="49.99998313532" lon="9.00043953222" />
  <node id="3626" visible="true" version="1" lat="49.99998313529" lon="9.00044650893" />
  <node id="3627" visible="true" version="1" lat="49.99998313526" lon="9.00045348563" />
  <node id="3628" visible="true" version="1" lat="49.99998313524" lon="9.00046046233" />
  <node id="3629" visible="true" version="1" lat="49.99998313521" lon="9.00046743903" />
  <node id="3630" visible="true" version="1" lat="49.99998313518" lon="9.00047441573" />
  <node id="3631" visible="true" version="1" lat="49.99998313515" lon="9.00048139244" />
  <node id="3632" visible="true" version="1" lat="49.99998313512" lon="9.00048836914" />
  <node id="3633" visible="true" version="1" lat="49.99998313509" lon="9.00049534584" />
  <node id="3634" visible="true" version="1" lat="49.99998313506" lon="9.00050232254" />
  <node id="3635" visible="true" version="1" lat="49.99998313503" lon="9.00050929924" />
  <node id="3636" visible="true" version="1" lat="49.999983135" lon="9.00051627595" />
  <node id="3637" visible="true" version="1" lat="49.99998313497" lon="9.00052325265" />
  <node id="3638" visible="true" version="1" lat="49.99998313494" lon="9.00053022935" />
  <node id="3639" visible="true" version="1" lat="49.99998313491" lon="9.00053720605" />
  <node id="3640" visible="true" version="1" lat="49.99998313487" lon="9.00054418275" />
  <node id="3641" visible="true" version="1" lat="49.99998313484" lon="9.00055115946" />
  <node id="3642" visible="true" version="1" lat="49.99998313481" lon="9.00055813616" />
  <node id="3643" visible="true" version="1" lat="49.99998313477" lon="9.00056511286" />
  <node id="3644" visible="true" version="1" lat="49.99998313474" lon="9.00057208956" />
  <node id="3645" visible="true" version="1" lat="49.9999831347" lon="9.00057906626" />
  <node id="3646" visible="true" version="1" lat="49.99998313467" lon="9.00058604296" />
  <node id="3647" visible="true" version="1" lat="49.99998313463" lon="9.00059301967" />
  <node id="3648" visible="true" version="1" lat="49.9999831346" lon="9.00059999637" />
  <node id="3649" visible="true" version="1" lat="49.99998313456" lon="9.00060697307" />
  <node id="3650" visible="true" version="1" lat="49.99998313453" lon="9.00061394977" />
  <node id="3651" visible="true" version="1" lat="49.99998313449" lon="9.00062092647" />
  <node id="3652" visible="true" version="1" lat="49.99998313445" lon="9.00062790318" />
  <node id="3653" visible="true" version="1" lat="49.99998313441" lon="9.00063487988" />
  <node id="3654" visible="true" version="1" lat="49.99998313437" lon="9.00064185658" />
  <node id="3655" visible="true" version="1" lat="49.99998313434" lon="9.00064883328" />
  <node id="3656" visible="true" version="1" lat="49.9999831343" lon="9.00065580998" />
  <node id="3657" visible="true" version="1" lat="49.99998313426" lon="9.00066278669" />
  <node id="3658" visible="true" version="1" lat="49.99998313422" lon="9.00066976339" />
  <node id="3659" visible="true" version="1" lat="49.99998313418" lon="9.00067674009" />
  <node id="3660" visible="true" version="1" lat="49.99998313414" lon="9.00068371679" />
  <node id="3661" visible="true" version="1" lat="49.99998313409" lon="9.00069069349" />
  <node id="3662" visible="true" version="1" lat="49.99998313405" lon="9.0006976702" />
  <node id="3663" visible="true" version="1" lat="49.99998313401" lon="9.0007046469" />
  <node id="3664" visible="true" version="1" lat="49.99998313397" lon="9.0007116236" />
  <node id="3665" visible="true" version="1" lat="49.99998313392" lon="9.0007186003" />
  <node id="3666" visible="true" version="1" lat="49.99998313388" lon="9.000725577" />
  <node id="3667" visible="true" version="1" lat="49.99998313384" lon="9.00073255371" />
  <node id="3668" visible="true" version="1" lat="49.99998313379" lon="9.00073953041" />
  <node id="3669" visible="true" version="1" lat="49.99998313375" lon="9.00074650711" />
  <node id="3670" visible="true" version="1" lat="49.9999831337" lon="9.00075348381" />
  <node id="3671" visible="true" version="1" lat="49.99998313366" lon="9.00076046051" />
  <node id="3672" visible="true" version="1" lat="49.99998313361" lon="9.00076743722" />
  <node id="3673" visible="true" version="1" lat="49.99998313357" lon="9.00077441392" />
  <node id="3674" visible="true" version="1" lat="49.99998313352" lon="9.00078139062" />
  <node id="3675" visible="true" version="1" lat="49.99998313347" lon="9.00078836732" />
  <node id="3676" visible="true" version="1" lat="49.99998313342" lon="9.00079534402" />
  <node id="3677" visible="true" version="1" lat="49.99998313338" lon="9.00080232073" />
  <node id="3678" visible="true" version="1" lat="49.99998313333" lon="9.00080929743" />
  <node id="3679" visible="true" version="1" lat="49.99998313328" lon="9.00081627413" />
  <node id="3680" visible="true" version="1" lat="49.99998313323" lon="9.00082325083" />
  <node id="3681" visible="true" version="1" lat="49.99998313318" lon="9.00083022753" />
  <node id="3682" visible="true" version="1" lat="49.99998313313" lon="9.00083720424" />
  <node id="3683" visible="true" version="1" lat="49.99998313308" lon="9.00084418094" />
  <node id="3684" visible="true" version="1" lat="49.99998313303" lon="9.00085115764" />
  <node id="3685" visible="true" version="1" lat="49.99998313298" lon="9.00085813434" />
  <node id="3686" visible="true" version="1" lat="49.99998313292" lon="9.00086511104" />
  <node id="3687" visible="true" version="1" lat="49.99998313287" lon="9.00087208775" />
  <node id="3688" visible="true" version="1" lat="49.99998313282" lon="9.00087906445" />
  <node id="3689" visible="true" version="1" lat="49.99998313277" lon="9.00088604115" />
  <node id="3690" visible="true" version="1" lat="49.99998313271" lon="9.00089301785" />
  <node id="3691" visible="true" version="1" lat="49.99998313266" lon="9.00089999455" />
  <node id="3692" visible="true" version="1" lat="49.9999831326" lon="9.00090697126" />
  <node id="3693" visible="true" version="1" lat="49.99998313255" lon="9.00091394796" />
  <node id="3694" visible="true" version="1" lat="49.9999831325" lon="9.00092092466" />
  <node id="3695" visible="true" version="1" lat="49.99998313244" lon="9.00092790136" />
  <node id="3696" visible="true" version="1" lat="49.99998313238" lon="9.00093487806" />
  <node id="3697" visible="true" version="1" lat="49.99998313233" lon="9.00094185477" />
  <node id="3698" visible="true" version="1" lat="49.99998313227" lon="9.00094883147" />
  <node id="3699" visible="true" version="1" lat="49.99998313221" lon="9.00095580817" />
  <node id="3700" visible="true" version="1" lat="49.99998313216" lon="9.00096278487" />
  <node id="3701" visible="true" version="1" lat="49.9999831321" lon="9.00096976157" />
  <node id="3702" visible="true" version="1" lat="49.99998313204" lon="9.00097673827" />
  <node id="3703" visible="true" version="1" lat="49.99998313198" lon="9.00098371498" />
  <node id="3704" visible="true" version="1" lat="49.99998313192" lon="9.00099069168" />
  <node id="3705" visible="true" version="1" lat="49.99998313186" lon="9.00099766838" />
  <node id="3706" visible="true" version="1" lat="49.9999831318" lon="9.00100464508" />
  <node id="3707" visible="true" version="1" lat="49.99998313174" lon="9.00101162178" />
  <node id="3708" visible="true" version="1" lat="49.99998313168" lon="9.00101859849" />
  <node id="3709" visible="true" version="1" lat="49.99998313162" lon="9.00102557519" />
  <node id="3710" visible="true" version="1" lat="49.99998313156" lon="9.00103255189" />
  <node id="3711" visible="true" version="1" lat="49.99998313149" lon="9.00103952859" />
  <node id="3712" visible="true" version="1" lat="49.99998313143" lon="9.00104650529" />
  <node id="3713" visible="true" version="1" lat="49.99998313137" lon="9.001053482" />
  <node id="3714" visible="true" version="1" lat="49.9999831313" lon="9.0010604587" />
  <node id="3715" visible="true" version="1" lat="49.99998313124" lon="9.0010674354" />
  <node id="3716" visible="true" version="1" lat="49.99998313118" lon="9.0010744121" />
  <node id="3717" visible="true" version="1" lat="49.99998313111" lon="9.0010813888" />
  <node id="3718" visible="true" version="1" lat="49.99998313105" lon="9.00108836551" />
  <node id="3719" visible="true" version="1" lat="49.99998313098" lon="9.00109534221" />
  <node id="3720" visible="true" version="1" lat="49.99998313091" lon="9.00110231891" />
  <node id="3721" visible="true" version="1" lat="49.99998313085" lon="9.00110929561" />
  <node id="3722" visible="true" version="1" lat="49.99998313078" lon="9.00111627231" />
  <node id="3723" visible="true" version="1" lat="49.99998313071" lon="9.00112324902" />
  <node id="3724" visible="true" version="1" lat="49.99998313065" lon="9.00113022572" />
  <node id="3725" visible="true" version="1" lat="49.99998313058" lon="9.00113720242" />
  <node id="3726" visible="true" version="1" lat="49.99998313051" lon="9.00114417912" />
  <node id="3727" visible="true" version="1" lat="49.99998313044" lon="9.00115115582" />
  <node id="3728" visible="true" version="1" lat="49.99998313037" lon="9.00115813253" />
  <node id="3729" visible="true" version="1" lat="49.9999831303" lon="9.00116510923" />
  <node id="3730" visible="true" version="1" lat="49.99998313023" lon="9.00117208593" />
  <node id="3731" visible="true" version="1" lat="49.99998313016" lon="9.00117906263" />
  <node id="3732" visible="true" version="1" lat="49.99998313009" lon="9.00118603933" />
  <node id="3733" visible="true" version="1" lat="49.99998313002" lon="9.00119301604" />
  <node id="3734" visible="true" version="1" lat="49.99998312994" lon="9.00119999274" />
  <node id="3735" visible="true" version="1" lat="49.99998312987" lon="9.00120696944" />
  <node id="3736" visible="true" version="1" lat="49.9999831298" lon="9.00121394614" />
  <node id="3737" visible="true" version="1" lat="49.99998312973" lon="9.00122092284" />
  <node id="3738" visible="true" version="1" lat="49.99998312965" lon="9.00122789955" />
  <node id="3739" visible="true" version="1" lat="49.99998312958" lon="9.00123487625" />
  <node id="3740" visible="true" version="1" lat="49.9999831295" lon="9.00124185295" />
  <node id="3741" visible="true" version="1" lat="49.99998312943" lon="9.00124882965" />
  <node id="3742" visible="true" version="1" lat="49.99998312935" lon="9.00125580635" />
  <node id="3743" visible="true" version="1" lat="49.99998312928" lon="9.00126278306" />
  <node id="3744" visible="true" version="1" lat="49.9999831292" lon="9.00126975976" />
  <node id="3745" visible="true" version="1" lat="49.99998312913" lon="9.00127673646" />
  <node id="3746" visible="true" version="1" lat="49.99998312905" lon="9.00128371316" />
  <node id="3747" visible="true" version="1" lat="49.99998312897" lon="9.00129068986" />
  <node id="3748" visible="true" version="1" lat="49.99998312889" lon="9.00129766657" />
  <node id="3749" visible="true" version="1" lat="49.99998312882" lon="9.00130464327" />
  <node id="3750" visible="true" version="1" lat="49.99998312874" lon="9.00131161997" />
  <node id="3751" visible="true" version="1" lat="49.99998312866" lon="9.00131859667" />
  <node id="3752" visible="true" version="1" lat="49.99998312858" lon="9.00132557337" />
  <node id="3753" visible="true" version="1" lat="49.9999831285" lon="9.00133255007" />
  <node id="3754" visible="true" version="1" lat="49.99998312842" lon="9.00133952678" />
  <node id="3755" visible="true" version="1" lat="49.99998312834" lon="9.00134650348" />
  <node id="3756" visible="true" version="1" lat="49.99998312826" lon="9.00135348018" />
  <node id="3757" visible="true" version="1" lat="49.99998312817" lon="9.00136045688" />
  <node id="3758" visible="true" version="1" lat="49.99998312809" lon="9.00136743358" />
  <node id="3759" visible="true" version="1" lat="49.99998312801" lon="9.00137441029" />
  <node id="3760" visible="true" version="1" lat="49.99998312793" lon="9.00138138699" />
  <node id="3761" visible="true" version="1" lat="49.99998312784" lon="9.00138836369" />
  <node id="3762" visible="true" version="1" lat="49.99998312776" lon="9.00139534039" />
  <node id="3763" visible="true" version="1" lat="49.99998312776" lon="9.00139534039" />
  <node id="3764" visible="true" version="1" lat="49.9999831278" lon="9.00140238248" />
  <node id="3765" visible="true" version="1" lat="49.9999831284" lon="9.00140942458" />
  <node id="3766" visible="true" version="1" lat="49.99998313" lon="9.00141646667" />
  <node id="3767" visible="true" version="1" lat="49.99998313306" lon="9.00142350876" />
  <node id="3768" visible="true" version="1" lat="49.99998313802" lon="9.00143055084" />
  <node id="3769" visible="true" version="1" lat="49.99998314533" lon="9.00143759293" />
  <node id="3770" visible="true" version="1" lat="49.99998315545" lon="9.001444635" />
  <node id="3771" visible="true" version="1" lat="49.99998316882" lon="9.00145167706" />
  <node id="3772" visible="true" version="1" lat="49.99998318589" lon="9.0014587191" />
  <node id="3773" visible="true" version="1" lat="49.99998320711" lon="9.00146576112" />
  <node id="3774" visible="true" version="1" lat="49.99998323294" lon="9.0014728031" />
  <node id="3775" visible="true" version="1" lat="49.99998326382" lon="9.00147984502" />
  <node id="3776" visible="true" version="1" lat="49.99998330019" lon="9.00148688689" />
  <node id="3777" visible="true" version="1" lat="49.99998334252" lon="9.00149392867" />
  <node id="3778" visible="true" version="1" lat="49.99998339125" lon="9.00150097036" />
  <node id="3779" visible="true" version="1" lat="49.99998344683" lon="9.00150801192" />
  <node id="3780" visible="true" version="1" lat="49.99998350971" lon="9.00151505334" />
  <node id="3781" visible="true" version="1" lat="49.99998358034" lon="9.00152209458" />
  <node id="3782" visible="true" version="1" lat="49.99998365917" lon="9.0015291356" />
  <node id="3783" visible="true" version="1" lat="49.99998374664" lon="9.00153617639" />
  <node id="3784" visible="true" version="1" lat="49.99998384322" lon="9.00154321688" />
  <node id="3785" visible="true" version="1" lat="49.99998394933" lon="9.00155025705" />
  <node id="3786" visible="true" version="1" lat="49.99998406545" lon="9.00155729684" />
  <node id="3787" visible="true" version="1" lat="49.99998419201" lon="9.00156433619" />
  <node id="3788" visible="true" version="1" lat="49.99998432946" lon="9.00157137505" />
  <node id="3789" visible="true" version="1" lat="49.99998447825" lon="9.00157841335" />
  <node id="3790" visible="true" version="1" lat="49.99998463884" lon="9.00158545104" />
  <node id="3791" visible="true" version="1" lat="49.99998481166" lon="9.00159248802" />
  <node id="3792" visible="true" version="1" lat="49.99998499717" lon="9.00159952423" />
  <node id="3793" visible="true" version="1" lat="49.99998519581" lon="9.00160655957" />
  <node id="3794" visible="true" version="1" lat="49.99998540804" lon="9.00161359396" />
  <node id="3795" visible="true" version="1" lat="49.99998563429" lon="9.00162062729" />
  <node id="3796" visible="true" version="1" lat="49.99998587502" lon="9.00162765947" />
  <node id="3797" visible="true" version="1" lat="49.99998613068" lon="9.00163469038" />
  <node id="3798" visible="true" version="1" lat="49.9999864017" lon="9.00164171991" />
  <node id="3799" visible="true" version="1" lat="49.99998668854" lon="9.00164874792" />
  <node id="3800" visible="true" version="1" lat="49.99998699163" lon="9.00165577429" />
  <node id="3801" visible="true" version="1" lat="49.99998731143" lon="9.00166279888" />
  <node id="3802" visible="true" version="1" lat="49.99998764838" lon="9.00166982154" />
  <node id="3803" visible="true" version="1" lat="49.99998800293" lon="9.00167684211" />
  <node id="3804" visible="true" version="1" lat="49.9999883755" lon="9.00168386044" />
  <node id="3805" visible="true" version="1" lat="49.99998876656" lon="9.00169087635" />
  <node id="3806" visible="true" version="1" lat="49.99998917653" lon="9.00169788965" />
  <node id="3807" visible="true" version="1" lat="49.99998960586" lon="9.00170490017" />
  <node id="3808" visible="true" version="1" lat="49.99999005499" lon="9.0017119077" />
  <node id="3809" visible="true" version="1" lat="49.99999052436" lon="9.00171891204" />
  <node id="3810" visible="true" version="1" lat="49.9999910144" lon="9.00172591296" />
  <node id="3811" visible="true" version="1" lat="49.99999152555" lon="9.00173291026" />
  <node id="3812" visible="true" version="1" lat="49.99999205825" lon="9.00173990368" />
  <node id="3813" visible="true" version="1" lat="49.99999261293" lon="9.00174689299" />
  <node id="3814" visible="true" version="1" lat="49.99999261293" lon="9.00174689299" />
  <node id="3815" visible="true" version="1" lat="49.99999319537" lon="9.00175394283" />
  <node id="3816" visible="true" version="1" lat="49.99999380051" lon="9.00176098806" />
  <node id="3817" visible="true" version="1" lat="49.99999442836" lon="9.00176802851" />
  <node id="3818" visible="true" version="1" lat="49.99999507888" lon="9.001775064" />
  <node id="3819" visible="true" version="1" lat="49.99999575208" lon="9.00178209436" />
  <node id="3820" visible="true" version="1" lat="49.99999644792" lon="9.00178911941" />
  <node id="3821" visible="true" version="1" lat="49.99999716639" lon="9.00179613897" />
  <node id="3822" visible="true" version="1" lat="49.99999790748" lon="9.00180315288" />
  <node id="3823" visible="true" version="1" lat="49.99999867116" lon="9.00181016094" />
  <node id="3824" visible="true" version="1" lat="49.99999945742" lon="9.001817163" />
  <node id="3825" visible="true" version="1" lat="50.00000026623" lon="9.00182415887" />
  <node id="3826" visible="true" version="1" lat="50.00000109758" lon="9.00183114837" />
  <node id="3827" visible="true" version="1" lat="50.00000195145" lon="9.00183813135" />
  <node id="3828" visible="true" version="1" lat="50.00000282781" lon="9.00184510761" />
  <node id="3829" visible="true" version="1" lat="50.00000372664" lon="9.00185207698" />
  <node id="3830" visible="true" version="1" lat="50.00000464793" lon="9.0018590393" />
  <node id="3831" visible="true" version="1" lat="50.00000559164" lon="9.00186599439" />
  <node id="3832" visible="true" version="1" lat="50.00000655775" lon="9.00187294206" />
  <node id="3833" visible="true" version="1" lat="50.00000754624" lon="9.00187988216" />
  <node id="3834" visible="true" version="1" lat="50.00000855709" lon="9.0018868145" />
  <node id="3835" visible="true" version="1" lat="50.00000959026" lon="9.00189373892" />
  <node id="3836" visible="true" version="1" lat="50.00001064574" lon="9.00190065523" />
  <node id="3837" visible="true" version="1" lat="50.0000117235" lon="9.00190756327" />
  <node id="3838" visible="true" version="1" lat="50.0000128235" lon="9.00191446287" />
  <node id="3839" visible="true" version="1" lat="50.00001394573" lon="9.00192135384" />
  <node id="3840" visible="true" version="1" lat="50.00001509015" lon="9.00192823603" />
  <node id="3841" visible="true" version="1" lat="50.00001625674" lon="9.00193510925" />
  <node id="3842" visible="true" version="1" lat="50.00001744546" lon="9.00194197334" />
  <node id="3843" visible="true" version="1" lat="50.00001865629" lon="9.00194882812" />
  <node id="3844" visible="true" version="1" lat="50.0000198892" lon="9.00195567342" />
  <node id="3845" visible="true" version="1" lat="50.00002114415" lon="9.00196250908" />
  <node id="3846" visible="true" version="1" lat="50.00002242112" lon="9.00196933491" />
  <node id="3847" visible="true" version="1" lat="50.00002372007" lon="9.00197615076" />
  <node id="3848" visible="true" version="1" lat="50.00002504097" lon="9.00198295644" />
  <node id="3849" visible="true" version="1" lat="50.00002638378" lon="9.00198975179" />
  <node id="3850" visible="true" version="1" lat="50.00002774848" lon="9.00199653664" />
  <node id="3851" visible="true" version="1" lat="50.00002913503" lon="9.00200331082" />
  <node id="3852" visible="true" version="1" lat="50.0000305434" lon="9.00201007417" />
  <node id="3853" visible="true" version="1" lat="50.00003197354" lon="9.0020168265" />
  <node id="3854" visible="true" version="1" lat="50.00003342543" lon="9.00202356765" />
  <node id="3855" visible="true" version="1" lat="50.00003489902" lon="9.00203029746" />
  <node id="3856" visible="true" version="1" lat="50.00003639429" lon="9.00203701576" />
  <node id="3857" visible="true" version="1" lat="50.00003791118" lon="9.00204372237" />
  <node id="3858" visible="true" version="1" lat="50.00003944968" lon="9.00205041713" />
  <node id="3859" visible="true" version="1" lat="50.00004100973" lon="9.00205709988" />
  <node id="3860" visible="true" version="1" lat="50.00004259129" lon="9.00206377044" />
  <node id="3861" visible="true" version="1" lat="50.00004419434" lon="9.00207042865" />
  <node id="3862" visible="true" version="1" lat="50.00004581882" lon="9.00207707434" />
  <node id="3863" visible="true" version="1" lat="50.0000474647" lon="9.00208370735" />
  <node id="3864" visible="true" version="1" lat="50.00004913194" lon="9.00209032751" />
  <node id="3865" visible="true" version="1" lat="50.00005082049" lon="9.00209693465" />
  <node id="3866" visible="true" version="1" lat="50.00005253032" lon="9.00210352862" />
  <node id="3867" visible="true" version="1" lat="50.00005426137" lon="9.00211010923" />
  <node id="3868" visible="true" version="1" lat="50.00005601362" lon="9.00211667634" />
  <node id="3869" visible="true" version="1" lat="50.000057787" lon="9.00212322978" />
  <node id="3870" visible="true" version="1" lat="50.00005958148" lon="9.00212976938" />
  <node id="3871" visible="true" version="1" lat="50.00006139702" lon="9.00213629497" />
  <node id="3872" visible="true" version="1" lat="50.00006323356" lon="9.0021428064" />
  <node id="3873" visible="true" version="1" lat="50.00006509107" lon="9.00214930351" />
  <node id="3874" visible="true" version="1" lat="50.00006696949" lon="9.00215578613" />
  <node id="3875" visible="true" version="1" lat="50.00006886878" lon="9.00216225409" />
  <node id="3876" visible="true" version="1" lat="50.00007078889" lon="9.00216870724" />
  <node id="3877" visible="true" version="1" lat="50.00007272978" lon="9.00217514542" />
  <node id="3878" visible="true" version="1" lat="50.00007469138" lon="9.00218156846" />
  <node id="3879" visible="true" version="1" lat="50.00007667367" lon="9.00218797621" />
  <node id="3880" visible="true" version="1" lat="50.00007867658" lon="9.0021943685" />
  <node id="3881" visible="true" version="1" lat="50.00008070007" lon="9.00220074517" />
  <node id="3882" visible="true" version="1" lat="50.00008274408" lon="9.00220710607" />
  <node id="3883" visible="true" version="1" lat="50.00008480857" lon="9.00221345103" />
  <node id="3884" visible="true" version="1" lat="50.00008689348" lon="9.0022197799" />
  <node id="3885" visible="true" version="1" lat="50.00008899876" lon="9.00222609252" />
  <node id="3886" visible="true" version="1" lat="50.00009112436" lon="9.00223238873" />
  <node id="3887" visible="true" version="1" lat="50.00009327023" lon="9.00223866838" />
  <node id="3888" visible="true" version="1" lat="50.0000954363" lon="9.0022449313" />
  <node id="3889" visible="true" version="1" lat="50.00009762254" lon="9.00225117734" />
  <node id="3890" visible="true" version="1" lat="50.00009982887" lon="9.00225740634" />
  <node id="3891" visible="true" version="1" lat="50.00010205525" lon="9.00226361816" />
  <node id="3892" visible="true" version="1" lat="50.00010430163" lon="9.00226981262" />
  <node id="3893" visible="true" version="1" lat="50.00010656794" lon="9.00227598959" />
  <node id="3894" visible="true" version="1" lat="50.00010885413" lon="9.00228214889" />
  <node id="3895" visible="true" version="1" lat="50.00011116014" lon="9.00228829039" />
  <node id="3896" visible="true" version="1" lat="50.00011348591" lon="9.00229441392" />
  <node id="3897" visible="true" version="1" lat="50.00011583139" lon="9.00230051934" />
  <node id="3898" visible="true" version="1" lat="50.00011819652" lon="9.00230660648" />
  <node id="3899" visible="true" version="1" lat="50.00012058124" lon="9.00231267521" />
  <node id="3900" visible="true" version="1" lat="50.00012298548" lon="9.00231872536" />
  <node id="3901" visible="true" version="1" lat="50.00012540919" lon="9.00232475679" />
  <node id="3902" visible="true" version="1" lat="50.00012785231" lon="9.00233076934" />
  <node id="3903" visible="true" version="1" lat="50.00013031478" lon="9.00233676286" />
  <node id="3904" visible="true" version="1" lat="50.00013279653" lon="9.00234273721" />
  <node id="3905" visible="true" version="1" lat="50.00013529751" lon="9.00234869224" />
  <node id="3906" visible="true" version="1" lat="50.00013781765" lon="9.00235462779" />
  <node id="3907" visible="true" version="1" lat="50.00014035688" lon="9.00236054371" />
  <node id="3908" visible="true" version="1" lat="50.00014291515" lon="9.00236643987" />
  <node id="3909" visible="true" version="1" lat="50.00014549239" lon="9.00237231611" />
  <node id="3910" visible="true" version="1" lat="50.00014808853" lon="9.00237817229" />
  <node id="3911" visible="true" version="1" lat="50.00015070352" lon="9.00238400825" />
  <node id="3912" visible="true" version="1" lat="50.00015333728" lon="9.00238982386" />
  <node id="3913" visible="true" version="1" lat="50.00015598975" lon="9.00239561897" />
  <node id="3914" visible="true" version="1" lat="50.00015866087" lon="9.00240139343" />
  <node id="3915" visible="true" version="1" lat="50.00016135056" lon="9.00240714709" />
  <node id="3916" visible="true" version="1" lat="50.00016405876" lon="9.00241287983" />
  <node id="3917" visible="true" version="1" lat="50.0001667854" lon="9.00241859148" />
  <node id="3918" visible="true" version="1" lat="50.00016953041" lon="9.00242428191" />
  <node id="3919" visible="true" version="1" lat="50.00017229373" lon="9.00242995098" />
  <node id="3920" visible="true" version="1" lat="50.00017507529" lon="9.00243559854" />
  <node id="3921" visible="true" version="1" lat="50.00017787501" lon="9.00244122446" />
  <node id="3922" visible="true" version="1" lat="50.00018069283" lon="9.00244682859" />
  <node id="3923" visible="true" version="1" lat="50.00018352868" lon="9.00245241079" />
  <node id="3924" visible="true" version="1" lat="50.00018638248" lon="9.00245797093" />
  <node id="3925" visible="true" version="1" lat="50.00018925416" lon="9.00246350886" />
  <node id="3926" visible="true" version="1" lat="50.00019214365" lon="9.00246902444" />
  <node id="3927" visible="true" version="1" lat="50.00019505089" lon="9.00247451755" />
  <node id="3928" visible="true" version="1" lat="50.00019797579" lon="9.00247998803" />
  <node id="3929" visible="true" version="1" lat="50.00020091829" lon="9.00248543576" />
  <node id="3930" visible="true" version="1" lat="50.0002038783" lon="9.00249086059" />
  <node id="3931" visible="true" version="1" lat="50.00020685576" lon="9.0024962624" />
  <node id="3932" visible="true" version="1" lat="50.0002098506" lon="9.00250164104" />
  <node id="3933" visible="true" version="1" lat="50.00021286273" lon="9.00250699639" />
  <node id="3934" visible="true" version="1" lat="50.00021589208" lon="9.00251232831" />
  <node id="3935" visible="true" version="1" lat="50.00021893858" lon="9.00251763666" />
  <node id="3936" visible="true" version="1" lat="50.00022200214" lon="9.00252292131" />
  <node id="3937" visible="true" version="1" lat="50.0002250827" lon="9.00252818213" />
  <node id="3938" visible="true" version="1" lat="50.00022818018" lon="9.002533419" />
  <node id="3939" visible="true" version="1" lat="50.0002312945" lon="9.00253863177" />
  <node id="3940" visible="true" version="1" lat="50.00023442557" lon="9.00254382031" />
  <node id="3941" visible="true" version="1" lat="50.00023757333" lon="9.00254898451" />
  <node id="3942" visible="true" version="1" lat="50.0002407377" lon="9.00255412422" />
  <node id="3943" visible="true" version="1" lat="50.00024391858" lon="9.00255923933" />
  <node id="3944" visible="true" version="1" lat="50.00024711592" lon="9.0025643297" />
  <node id="3945" visible="true" version="1" lat="50.00025032962" lon="9.0025693952" />
  <node id="3946" visible="true" version="1" lat="50.0002535596" lon="9.00257443571" />
  <node id="3947" visible="true" version="1" lat="50.00025680579" lon="9.00257945111" />
  <node id="3948" visible="true" version="1" lat="50.0002600681" lon="9.00258444126" />
  <node id="3949" visible="true" version="1" lat="50.00026334645" lon="9.00258940604" />
  <node id="3950" visible="true" version="1" lat="50.00026664076" lon="9.00259434533" />
  <node id="3951" visible="true" version="1" lat="50.00026995095" lon="9.00259925901" />
  <node id="3952" visible="true" version="1" lat="50.00027327693" lon="9.00260414695" />
  <node id="3953" visible="true" version="1" lat="50.00027661863" lon="9.00260900903" />
  <node id="3954" visible="true" version="1" lat="50.00027997595" lon="9.00261384513" />
  <node id="3955" visible="true" version="1" lat="50.00028334882" lon="9.00261865512" />
  <node id="3956" visible="true" version="1" lat="50.00028673715" lon="9.00262343889" />
  <node id="3957" visible="true" version="1" lat="50.00029014085" lon="9.00262819632" />
  <node id="3958" visible="true" version="1" lat="50.00029355984" lon="9.00263292729" />
  <node id="3959" visible="true" version="1" lat="50.00029699403" lon="9.00263763168" />
  <node id="3960" visible="true" version="1" lat="50.00030044335" lon="9.00264230937" />
  <node id="3961" visible="true" version="1" lat="50.00030390769" lon="9.00264696025" />
  <node id="3962" visible="true" version="1" lat="50.00030738698" lon="9.00265158419" />
  <node id="3963" visible="true" version="1" lat="50.00031088113" lon="9.00265618109" />
  <node id="3964" visible="true" version="1" lat="50.00031439005" lon="9.00266075083" />
  <node id="3965" visible="true" version="1" lat="50.00031791366" lon="9.00266529329" />
  <node id="3966" visible="true" version="1" lat="50.00032145186" lon="9.00266980837" />
  <node id="3967" visible="true" version="1" lat="50.00032500457" lon="9.00267429594" />
  <node id="3968" visible="true" version="1" lat="50.00032857169" lon="9.0026787559" />
  <node id="3969" visible="true" version="1" lat="50.00033215315" lon="9.00268318814" />
  <node id="3970" visible="true" version="1" lat="50.00033574884" lon="9.00268759253" />
  <node id="3971" visible="true" version="1" lat="50.00033935868" lon="9.00269196898" />
  <node id="3972" visible="true" version="1" lat="50.00034298259" lon="9.00269631738" />
  <node id="3973" visible="true" version="1" lat="50.00034662046" lon="9.00270063761" />
  <node id="3974" visible="true" version="1" lat="50.00035027221" lon="9.00270492957" />
  <node id="3975" visible="true" version="1" lat="50.00035393775" lon="9.00270919315" />
  <node id="3976" visible="true" version="1" lat="50.00035761698" lon="9.00271342824" />
  <node id="3977" visible="true" version="1" lat="50.00036130981" lon="9.00271763474" />
  <node id="3978" visible="true" version="1" lat="50.00036501615" lon="9.00272181254" />
  <node id="3979" visible="true" version="1" lat="50.00036873592" lon="9.00272596154" />
  <node id="3980" visible="true" version="1" lat="50.000372469" lon="9.00273008164" />
  <node id="3981" visible="true" version="1" lat="50.00037621532" lon="9.00273417272" />
  <node id="3982" visible="true" version="1" lat="50.00037997478" lon="9.0027382347" />
  <node id="3983" visible="true" version="1" lat="50.00038374728" lon="9.00274226746" />
  <node id="3984" visible="true" version="1" lat="50.00038753273" lon="9.00274627091" />
  <node id="3985" visible="true" version="1" lat="50.00039133104" lon="9.00275024495" />
  <node id="3986" visible="true" version="1" lat="50.0003951421" lon="9.00275418947" />
  <node id="3987" visible="true" version="1" lat="50.00039896584" lon="9.00275810439" />
  <node id="3988" visible="true" version="1" lat="50.00040280214" lon="9.00276198959" />
  <node id="3989" visible="true" version="1" lat="50.00040665091" lon="9.00276584499" />
  <node id="3990" visible="true" version="1" lat="50.00041051206" lon="9.00276967048" />
  <node id="3991" visible="true" version="1" lat="50.00041438549" lon="9.00277346598" />
  <node id="3992" visible="true" version="1" lat="50.0004182711" lon="9.00277723138" />
  <node id="3993" visible="true" version="1" lat="50.00042216881" lon="9.0027809666" />
  <node id="3994" visible="true" version="1" lat="50.0004260785" lon="9.00278467153" />
  <node id="3995" visible="true" version="1" lat="50.00043000008" lon="9.00278834609" />
  <node id="3996" visible="true" version="1" lat="50.00043393345" lon="9.00279199019" />
  <node id="3997" visible="true" version="1" lat="50.00043787852" lon="9.00279560373" />
  <node id="3998" visible="true" version="1" lat="50.00044183519" lon="9.00279918662" />
  <node id="3999" visible="true" version="1" lat="50.00044580336" lon="9.00280273878" />
  <node id="4000" visible="true" version="1" lat="50.00044978292" lon="9.00280626011" />
  <node id="4001" visible="true" version="1" lat="50.00045377378" lon="9.00280975053" />
  <node id="4002" visible="true" version="1" lat="50.00045777584" lon="9.00281320994" />
  <node id="4003" visible="true" version="1" lat="50.000461789" lon="9.00281663827" />
  <node id="4004" visible="true" version="1" lat="50.00046581316" lon="9.00282003543" />
  <node id="4005" visible="true" version="1" lat="50.00046984822" lon="9.00282340133" />
  <node id="4006" visible="true" version="1" lat="50.00047389407" lon="9.00282673589" />
  <node id="4007" visible="true" version="1" lat="50.00047795062" lon="9.00283003903" />
  <node id="4008" visible="true" version="1" lat="50.00048201776" lon="9.00283331065" />
  <node id="4009" visible="true" version="1" lat="50.0004860954" lon="9.00283655069" />
  <node id="4010" visible="true" version="1" lat="50.00049018343" lon="9.00283975906" />
  <node id="4011" visible="true" version="1" lat="50.00049428175" lon="9.00284293567" />
  <node id="4012" visible="true" version="1" lat="50.00049839025" lon="9.00284608046" />
  <node id="4013" visible="true" version="1" lat="50.00050250884" lon="9.00284919333" />
  <node id="4014" visible="true" version="1" lat="50.00050663741" lon="9.00285227423" />
  <node id="4015" visible="true" version="1" lat="50.00051077585" lon="9.00285532305" />
  <node id="4016" visible="true" version="1" lat="50.00051492407" lon="9.00285833974" />
  <node id="4017" visible="true" version="1" lat="50.00051908196" lon="9.00286132421" />
  <node id="4018" visible="true" version="1" lat="50.00052324942" lon="9.00286427639" />
  <node id="4019" visible="true" version="1" lat="50.00052742634" lon="9.00286719621" />
  <node id="4020" visible="true" version="1" lat="50.00053161262" lon="9.00287008359" />
  <node id="4021" visible="true" version="1" lat="50.00053580815" lon="9.00287293847" />
  <node id="4022" visible="true" version="1" lat="50.00054001283" lon="9.00287576076" />
  <node id="4023" visible="true" version="1" lat="50.00054422655" lon="9.0028785504" />
  <node id="4024" visible="true" version="1" lat="50.00054844921" lon="9.00288130732" />
  <node id="4025" visible="true" version="1" lat="50.0005526807" lon="9.00288403145" />
  <node id="4026" visible="true" version="1" lat="50.00055692092" lon="9.00288672273" />
  <node id="4027" visible="true" version="1" lat="50.00056116975" lon="9.00288938108" />
  <node id="4028" visible="true" version="1" lat="50.00056542711" lon="9.00289200644" />
  <node id="4029" visible="true" version="1" lat="50.00056969287" lon="9.00289459874" />
  <node id="4030" visible="true" version="1" lat="50.00057396693" lon="9.00289715792" />
  <node id="4031" visible="true" version="1" lat="50.00057824919" lon="9.00289968391" />
  <node id="4032" visible="true" version="1" lat="50.00058253953" lon="9.00290217665" />
  <node id="4033" visible="true" version="1" lat="50.00058683785" lon="9.00290463609" />
  <node id="4034" visible="true" version="1" lat="50.00059114405" lon="9.00290706215" />
  <node id="4035" visible="true" version="1" lat="50.00059545801" lon="9.00290945478" />
  <node id="4036" visible="true" version="1" lat="50.00059977963" lon="9.00291181391" />
  <node id="4037" visible="true" version="1" lat="50.00060410879" lon="9.00291413949" />
  <node id="4038" visible="true" version="1" lat="50.0006084454" lon="9.00291643146" />
  <node id="4039" visible="true" version="1" lat="50.00061278934" lon="9.00291868977" />
  <node id="4040" visible="true" version="1" lat="50.0006171405" lon="9.00292091435" />
  <node id="4041" visible="true" version="1" lat="50.00062149878" lon="9.00292310515" />
  <node id="4042" visible="true" version="1" lat="50.00062586407" lon="9.00292526211" />
  <node id="4043" visible="true" version="1" lat="50.00063023625" lon="9.00292738519" />
  <node id="4044" visible="true" version="1" lat="50.00063461522" lon="9.00292947432" />
  <node id="4045" visible="true" version="1" lat="50.00063900087" lon="9.00293152946" />
  <node id="4046" visible="true" version="1" lat="50.00064339308" lon="9.00293355056" />
  <node id="4047" visible="true" version="1" lat="50.00064779176" lon="9.00293553756" />
  <node id="4048" visible="true" version="1" lat="50.00065219678" lon="9.00293749042" />
  <node id="4049" visible="true" version="1" lat="50.00065660804" lon="9.00293940908" />
  <node id="4050" visible="true" version="1" lat="50.00066102544" lon="9.00294129349" />
  <node id="4051" visible="true" version="1" lat="50.00066544884" lon="9.00294314362" />
  <node id="4052" visible="true" version="1" lat="50.00066987816" lon="9.00294495942" />
  <node id="4053" visible="true" version="1" lat="50.00067431327" lon="9.00294674083" />
  <node id="4054" visible="true" version="1" lat="50.00067875407" lon="9.00294848782" />
  <node id="4055" visible="true" version="1" lat="50.00068320044" lon="9.00295020034" />
  <node id="4056" visible="true" version="1" lat="50.00068765228" lon="9.00295187834" />
  <node id="4057" visible="true" version="1" lat="50.00069210947" lon="9.00295352179" />
  <node id="4058" visible="true" version="1" lat="50.0006965719" lon="9.00295513065" />
  <node id="4059" visible="true" version="1" lat="50.00070103946" lon="9.00295670487" />
  <node id="4060" visible="true" version="1" lat="50.00070551203" lon="9.00295824442" />
  <node id="4061" visible="true" version="1" lat="50.00070998951" lon="9.00295974925" />
  <node id="4062" visible="true" version="1" lat="50.00071447179" lon="9.00296121934" />
  <node id="4063" visible="true" version="1" lat="50.00071895875" lon="9.00296265463" />
  <node id="4064" visible="true" version="1" lat="50.00072345028" lon="9.0029640551" />
  <node id="4065" visible="true" version="1" lat="50.00072794626" lon="9.00296542072" />
  <node id="4066" visible="true" version="1" lat="50.00073244659" lon="9.00296675144" />
  <node id="4067" visible="true" version="1" lat="50.00073695115" lon="9.00296804723" />
  <node id="4068" visible="true" version="1" lat="50.00074145983" lon="9.00296930807" />
  <node id="4069" visible="true" version="1" lat="50.00074597252" lon="9.00297053391" />
  <node id="4070" visible="true" version="1" lat="50.0007504891" lon="9.00297172474" />
  <node id="4071" visible="true" version="1" lat="50.00075500947" lon="9.00297288052" />
  <node id="4072" visible="true" version="1" lat="50.0007595335" lon="9.00297400121" />
  <node id="4073" visible="true" version="1" lat="50.00076406109" lon="9.0029750868" />
  <node id="4074" visible="true" version="1" lat="50.00076859212" lon="9.00297613726" />
  <node id="4075" visible="true" version="1" lat="50.00077312648" lon="9.00297715255" />
  <node id="4076" visible="true" version="1" lat="50.00077766405" lon="9.00297813266" />
  <node id="4077" visible="true" version="1" lat="50.00078220473" lon="9.00297907756" />
  <node id="4078" visible="true" version="1" lat="50.00078674839" lon="9.00297998722" />
  <node id="4079" visible="true" version="1" lat="50.00079129493" lon="9.00298086163" />
  <node id="4080" visible="true" version="1" lat="50.00079584423" lon="9.00298170076" />
  <node id="4081" visible="true" version="1" lat="50.00080039618" lon="9.00298250458" />
  <node id="4082" visible="true" version="1" lat="50.00080495066" lon="9.00298327309" />
  <node id="4083" visible="true" version="1" lat="50.00080950757" lon="9.00298400626" />
  <node id="4084" visible="true" version="1" lat="50.00081406677" lon="9.00298470407" />
  <node id="4085" visible="true" version="1" lat="50.00081862817" lon="9.00298536651" />
  <node id="4086" visible="true" version="1" lat="50.00082319165" lon="9.00298599355" />
  <node id="4087" visible="true" version="1" lat="50.00082775709" lon="9.00298658519" />
  <node id="4088" visible="true" version="1" lat="50.00083232438" lon="9.00298714141" />
  <node id="4089" visible="true" version="1" lat="50.00083689341" lon="9.00298766219" />
  <node id="4090" visible="true" version="1" lat="50.00084146406" lon="9.00298814752" />
  <node id="4091" visible="true" version="1" lat="50.00084603621" lon="9.00298859739" />
  <node id="4092" visible="true" version="1" lat="50.00085060976" lon="9.00298901179" />
  <node id="4093" visible="true" version="1" lat="50.00085518458" lon="9.0029893907" />
  <node id="4094" visible="true" version="1" lat="50.00085976057" lon="9.00298973413" />
  <node id="4095" visible="true" version="1" lat="50.00086433761" lon="9.00299004205" />
  <node id="4096" visible="true" version="1" lat="50.00086891559" lon="9.00299031446" />
  <node id="4097" visible="true" version="1" lat="50.00087349438" lon="9.00299055136" />
  <node id="4098" visible="true" version="1" lat="50.00087807388" lon="9.00299075274" />
  <node id="4099" visible="true" version="1" lat="50.00088265398" lon="9.00299091859" />
  <node id="4100" visible="true" version="1" lat="50.00088723455" lon="9.00299104891" />
  <node id="4101" visible="true" version="1" lat="50.00089181548" lon="9.0029911437" />
  <node id="4102" visible="true" version="1" lat="50.00089639666" lon="9.00299120295" />
  <node id="4103" visible="true" version="1" lat="50.00090097798" lon="9.00299122666" />
  <node id="4104" visible="true" version="1" lat="50.00090555931" lon="9.00299121484" />
  <node id="4105" visible="true" version="1" lat="50.00091014055" lon="9.00299116747" />
  <node id="4106" visible="true" version="1" lat="50.00091472158" lon="9.00299108457" />
  <node id="4107" visible="true" version="1" lat="50.00091930228" lon="9.00299096614" />
  <node id="4108" visible="true" version="1" lat="50.00092388255" lon="9.00299081217" />
  <node id="4109" visible="true" version="1" lat="50.00092846226" lon="9.00299062268" />
  <node id="4110" visible="true" version="1" lat="50.00093304131" lon="9.00299039766" />
  <node id="4111" visible="true" version="1" lat="50.00093761957" lon="9.00299013713" />
  <node id="4112" visible="true" version="1" lat="50.00094219693" lon="9.00298984108" />
  <node id="4113" visible="true" version="1" lat="50.00094677329" lon="9.00298950954" />
  <node id="4114" visible="true" version="1" lat="50.00095134851" lon="9.00298914249" />
  <node id="4115" visible="true" version="1" lat="50.0009559225" lon="9.00298873996" />
  <node id="4116" visible="true" version="1" lat="50.00096049513" lon="9.00298830195" />
  <node id="4117" visible="true" version="1" lat="50.0009650663" lon="9.00298782848" />
  <node id="4118" visible="true" version="1" lat="50.00096963588" lon="9.00298731956" />
  <node id="4119" visible="true" version="1" lat="50.00097420376" lon="9.00298677519" />
  <node id="4120" visible="true" version="1" lat="50.00097876984" lon="9.0029861954" />
  <node id="4121" visible="true" version="1" lat="50.00098333398" lon="9.00298558019" />
  <node id="4122" visible="true" version="1" lat="50.00098789609" lon="9.00298492959" />
  <node id="4123" visible="true" version="1" lat="50.00099245604" lon="9.00298424361" />
  <node id="4124" visible="true" version="1" lat="50.00099701373" lon="9.00298352226" />
  <node id="4125" visible="true" version="1" lat="50.00100156903" lon="9.00298276557" />
  <node id="4126" visible="true" version="1" lat="50.00100612184" lon="9.00298197355" />
  <node id="4127" visible="true" version="1" lat="50.00101067204" lon="9.00298114622" />
  <node id="4128" visible="true" version="1" lat="50.00101521952" lon="9.00298028361" />
  <node id="4129" visible="true" version="1" lat="50.00101976415" lon="9.00297938573" />
  <node id="4130" visible="true" version="1" lat="50.00102430584" lon="9.00297845261" />
  <node id="4131" visible="true" version="1" lat="50.00102884447" lon="9.00297748427" />
  <node id="4132" visible="true" version="1" lat="50.00103337991" lon="9.00297648074" />
  <node id="4133" visible="true" version="1" lat="50.00103791207" lon="9.00297544203" />
  <node id="4134" visible="true" version="1" lat="50.00104244082" lon="9.00297436818" />
  <node id="4135" visible="true" version="1" lat="50.00104696605" lon="9.00297325922" />
  <node id="4136" visible="true" version="1" lat="50.00105148766" lon="9.00297211516" />
  <node id="4137" visible="true" version="1" lat="50.00105600552" lon="9.00297093605" />
  <node id="4138" visible="true" version="1" lat="50.00106051952" lon="9.0029697219" />
  <node id="4139" visible="true" version="1" lat="50.00106502956" lon="9.00296847276" />
  <node id="4140" visible="true" version="1" lat="50.00106953551" lon="9.00296718864" />
  <node id="4141" visible="true" version="1" lat="50.00107403726" lon="9.00296586958" />
  <node id="4142" visible="true" version="1" lat="50.00107853471" lon="9.00296451562" />
  <node id="4143" visible="true" version="1" lat="50.00108302774" lon="9.00296312679" />
  <node id="4144" visible="true" version="1" lat="50.00108751624" lon="9.00296170313" />
  <node id="4145" visible="true" version="1" lat="50.0010920001" lon="9.00296024466" />
  <node id="4146" visible="true" version="1" lat="50.00109647919" lon="9.00295875143" />
  <node id="4147" visible="true" version="1" lat="50.00110095342" lon="9.00295722347" />
  <node id="4148" visible="true" version="1" lat="50.00110542267" lon="9.00295566083" />
  <node id="4149" visible="true" version="1" lat="50.00110988683" lon="9.00295406353" />
  <node id="4150" visible="true" version="1" lat="50.00111434578" lon="9.00295243163" />
  <node id="4151" visible="true" version="1" lat="50.00111879942" lon="9.00295076516" />
  <node id="4152" visible="true" version="1" lat="50.00112324763" lon="9.00294906415" />
  <node id="4153" visible="true" version="1" lat="50.0011276903" lon="9.00294732867" />
  <node id="4154" visible="true" version="1" lat="50.00113212733" lon="9.00294555874" />
  <node id="4155" visible="true" version="1" lat="50.00113655859" lon="9.00294375442" />
  <node id="4156" visible="true" version="1" lat="50.00114098399" lon="9.00294191574" />
  <node id="4157" visible="true" version="1" lat="50.0011454034" lon="9.00294004276" />
  <node id="4158" visible="true" version="1" lat="50.00114981672" lon="9.00293813552" />
  <node id="4159" visible="true" version="1" lat="50.00115422384" lon="9.00293619407" />
  <node id="4160" visible="true" version="1" lat="50.00115862465" lon="9.00293421846" />
  <node id="4161" visible="true" version="1" lat="50.00116301904" lon="9.00293220873" />
  <node id="4162" visible="true" version="1" lat="50.00116740689" lon="9.00293016494" />
  <node id="4163" visible="true" version="1" lat="50.00117178811" lon="9.00292808713" />
  <node id="4164" visible="true" version="1" lat="50.00117616257" lon="9.00292597537" />
  <node id="4165" visible="true" version="1" lat="50.00118053017" lon="9.0029238297" />
  <node id="4166" visible="true" version="1" lat="50.0011848908" lon="9.00292165017" />
  <node id="4167" visible="true" version="1" lat="50.00118924436" lon="9.00291943685" />
  <node id="4168" visible="true" version="1" lat="50.00119359072" lon="9.00291718978" />
  <node id="4169" visible="true" version="1" lat="50.00119792979" lon="9.00291490903" />
  <node id="4170" visible="true" version="1" lat="50.00120226146" lon="9.00291259464" />
  <node id="4171" visible="true" version="1" lat="50.00120658561" lon="9.00291024668" />
  <node id="4172" visible="true" version="1" lat="50.00121090214" lon="9.0029078652" />
  <node id="4173" visible="true" version="1" lat="50.00121521094" lon="9.00290545027" />
  <node id="4174" visible="true" version="1" lat="50.0012195119" lon="9.00290300195" />
  <node id="4175" visible="true" version="1" lat="50.00122380492" lon="9.00290052029" />
  <node id="4176" visible="true" version="1" lat="50.00122808989" lon="9.00289800537" />
  <node id="4177" visible="true" version="1" lat="50.0012323667" lon="9.00289545723" />
  <node id="4178" visible="true" version="1" lat="50.00123663525" lon="9.00289287595" />
  <node id="4179" visible="true" version="1" lat="50.00124089542" lon="9.00289026159" />
  <node id="4180" visible="true" version="1" lat="50.00124514711" lon="9.00288761421" />
  <node id="4181" visible="true" version="1" lat="50.00124939022" lon="9.00288493389" />
  <node id="4182" visible="true" version="1" lat="50.00125362464" lon="9.00288222068" />
  <node id="4183" visible="true" version="1" lat="50.00125785026" lon="9.00287947466" />
  <node id="4184" visible="true" version="1" lat="50.00126206698" lon="9.0028766959" />
  <node id="4185" visible="true" version="1" lat="50.00126627468" lon="9.00287388446" />
  <node id="4186" visible="true" version="1" lat="50.00127047328" lon="9.00287104041" />
  <node id="4187" visible="true" version="1" lat="50.00127466266" lon="9.00286816383" />
  <node id="4188" visible="true" version="1" lat="50.00127884271" lon="9.00286525479" />
  <node id="4189" visible="true" version="1" lat="50.00128301334" lon="9.00286231336" />
  <node id="4190" visible="true" version="1" lat="50.00128717443" lon="9.00285933961" />
  <node id="4191" visible="true" version="1" lat="50.00129132589" lon="9.00285633362" />
  <node id="4192" visible="true" version="1" lat="50.00129546761" lon="9.00285329546" />
  <node id="4193" visible="true" version="1" lat="50.00129959949" lon="9.00285022522" />
  <node id="4194" visible="true" version="1" lat="50.00130372142" lon="9.00284712295" />
  <node id="4195" visible="true" version="1" lat="50.0013078333" lon="9.00284398876" />
  <node id="4196" visible="true" version="1" lat="50.00131193503" lon="9.0028408227" />
  <node id="4197" visible="true" version="1" lat="50.0013160265" lon="9.00283762487" />
  <node id="4198" visible="true" version="1" lat="50.00132010762" lon="9.00283439533" />
  <node id="4199" visible="true" version="1" lat="50.00132417827" lon="9.00283113418" />
  <node id="4200" visible="true" version="1" lat="50.00132823837" lon="9.00282784149" />
  <node id="4201" visible="true" version="1" lat="50.0013322878" lon="9.00282451735" />
  <node id="4202" visible="true" version="1" lat="50.00133632647" lon="9.00282116184" />
  <node id="4203" visible="true" version="1" lat="50.00134035427" lon="9.00281777504" />
  <node id="4204" visible="true" version="1" lat="50.00134437111" lon="9.00281435703" />
  <node id="4205" visible="true" version="1" lat="50.00134837689" lon="9.00281090791" />
  <node id="4206" visible="true" version="1" lat="50.0013523715" lon="9.00280742776" />
  <node id="4207" visible="true" version="1" lat="50.00135635484" lon="9.00280391666" />
  <node id="4208" visible="true" version="1" lat="50.00136032681" lon="9.00280037471" />
  <node id="4209" visible="true" version="1" lat="50.00136428733" lon="9.00279680199" />
  <node id="4210" visible="true" version="1" lat="50.00136823627" lon="9.00279319859" />
  <node id="4211" visible="true" version="1" lat="50.00137217356" lon="9.0027895646" />
  <node id="4212" visible="true" version="1" lat="50.00137609908" lon="9.00278590012" />
  <node id="4213" visible="true" version="1" lat="50.00138001275" lon="9.00278220523" />
  <node id="4214" visible="true" version="1" lat="50.00138391446" lon="9.00277848002" />
  <node id="4215" visible="true" version="1" lat="50.00138780411" lon="9.0027747246" />
  <node id="4216" visible="true" version="1" lat="50.00139168162" lon="9.00277093905" />
  <node id="4217" visible="true" version="1" lat="50.00139554687" lon="9.00276712346" />
  <node id="4218" visible="true" version="1" lat="50.00139939978" lon="9.00276327794" />
  <node id="4219" visible="true" version="1" lat="50.00140324025" lon="9.00275940258" />
  <node id="4220" visible="true" version="1" lat="50.00140706818" lon="9.00275549748" />
  <node id="4221" visible="true" version="1" lat="50.00141088347" lon="9.00275156273" />
  <node id="4222" visible="true" version="1" lat="50.00141468604" lon="9.00274759843" />
  <node id="4223" visible="true" version="1" lat="50.00141847578" lon="9.00274360469" />
  <node id="4224" visible="true" version="1" lat="50.00142225261" lon="9.00273958159" />
  <node id="4225" visible="true" version="1" lat="50.00142601642" lon="9.00273552925" />
  <node id="4226" visible="true" version="1" lat="50.00142976713" lon="9.00273144776" />
  <node id="4227" visible="true" version="1" lat="50.00143350463" lon="9.00272733723" />
  <node id="4228" visible="true" version="1" lat="50.00143722884" lon="9.00272319776" />
  <node id="4229" visible="true" version="1" lat="50.00144093967" lon="9.00271902944" />
  <node id="4230" visible="true" version="1" lat="50.00144463701" lon="9.00271483239" />
  <node id="4231" visible="true" version="1" lat="50.00144832078" lon="9.00271060672" />
  <node id="4232" visible="true" version="1" lat="50.00145199089" lon="9.00270635252" />
  <node id="4233" visible="true" version="1" lat="50.00145564724" lon="9.0027020699" />
  <node id="4234" visible="true" version="1" lat="50.00145928974" lon="9.00269775897" />
  <node id="4235" visible="true" version="1" lat="50.0014629183" lon="9.00269341984" />
  <node id="4236" visible="true" version="1" lat="50.00146653284" lon="9.00268905261" />
  <node id="4237" visible="true" version="1" lat="50.00147013325" lon="9.0026846574" />
  <node id="4238" visible="true" version="1" lat="50.00147371945" lon="9.00268023432" />
  <node id="4239" visible="true" version="1" lat="50.00147729136" lon="9.00267578347" />
  <node id="4240" visible="true" version="1" lat="50.00148084887" lon="9.00267130497" />
  <node id="4241" visible="true" version="1" lat="50.00148439191" lon="9.00266679893" />
  <node id="4242" visible="true" version="1" lat="50.00148792038" lon="9.00266226545" />
  <node id="4243" visible="true" version="1" lat="50.0014914342" lon="9.00265770467" />
  <node id="4244" visible="true" version="1" lat="50.00149493327" lon="9.00265311668" />
  <node id="4245" visible="true" version="1" lat="50.00149841752" lon="9.00264850161" />
  <node id="4246" visible="true" version="1" lat="50.00150188684" lon="9.00264385956" />
  <node id="4247" visible="true" version="1" lat="50.00150534117" lon="9.00263919066" />
  <node id="4248" visible="true" version="1" lat="50.0015087804" lon="9.00263449502" />
  <node id="4249" visible="true" version="1" lat="50.00151220446" lon="9.00262977276" />
  <node id="4250" visible="true" version="1" lat="50.00151561325" lon="9.002625024" />
  <node id="4251" visible="true" version="1" lat="50.0015190067" lon="9.00262024885" />
  <node id="4252" visible="true" version="1" lat="50.00152238472" lon="9.00261544744" />
  <node id="4253" visible="true" version="1" lat="50.00152574722" lon="9.00261061989" />
  <node id="4254" visible="true" version="1" lat="50.00152909411" lon="9.00260576631" />
  <node id="4255" visible="true" version="1" lat="50.00153242533" lon="9.00260088682" />
  <node id="4256" visible="true" version="1" lat="50.00153574078" lon="9.00259598156" />
  <node id="4257" visible="true" version="1" lat="50.00153904038" lon="9.00259105064" />
  <node id="4258" visible="true" version="1" lat="50.00154232404" lon="9.00258609418" />
  <node id="4259" visible="true" version="1" lat="50.00154559169" lon="9.00258111231" />
  <node id="4260" visible="true" version="1" lat="50.00154884325" lon="9.00257610516" />
  <node id="4261" visible="true" version="1" lat="50.00155207862" lon="9.00257107285" />
  <node id="4262" visible="true" version="1" lat="50.00155529774" lon="9.0025660155" />
  <node id="4263" visible="true" version="1" lat="50.00155850052" lon="9.00256093324" />
  <node id="4264" visible="true" version="1" lat="50.00156168688" lon="9.0025558262" />
  <node id="4265" visible="true" version="1" lat="50.00156485674" lon="9.0025506945" />
  <node id="4266" visible="true" version="1" lat="50.00156801002" lon="9.00254553828" />
  <node id="4267" visible="true" version="1" lat="50.00157114665" lon="9.00254035766" />
  <node id="4268" visible="true" version="1" lat="50.00157426654" lon="9.00253515278" />
  <node id="4269" visible="true" version="1" lat="50.00157736961" lon="9.00252992375" />
  <node id="4270" visible="true" version="1" lat="50.0015804558" lon="9.00252467072" />
  <node id="4271" visible="true" version="1" lat="50.00158352502" lon="9.00251939382" />
  <node id="4272" visible="true" version="1" lat="50.00158657719" lon="9.00251409317" />
  <node id="4273" visible="true" version="1" lat="50.00158961224" lon="9.00250876891" />
  <node id="4274" visible="true" version="1" lat="50.00159263009" lon="9.00250342118" />
  <node id="4275" visible="true" version="1" lat="50.00159563068" lon="9.0024980501" />
  <node id="4276" visible="true" version="1" lat="50.00159861391" lon="9.00249265581" />
  <node id="4277" visible="true" version="1" lat="50.00160157972" lon="9.00248723844" />
  <node id="4278" visible="true" version="1" lat="50.00160452804" lon="9.00248179813" />
  <node id="4279" visible="true" version="1" lat="50.00160745879" lon="9.00247633503" />
  <node id="4280" visible="true" version="1" lat="50.00161037189" lon="9.00247084925" />
  <node id="4281" visible="true" version="1" lat="50.00161326728" lon="9.00246534095" />
  <node id="4282" visible="true" version="1" lat="50.00161614487" lon="9.00245981025" />
  <node id="4283" visible="true" version="1" lat="50.00161900461" lon="9.0024542573" />
  <node id="4284" visible="true" version="1" lat="50.00162184642" lon="9.00244868223" />
  <node id="4285" visible="true" version="1" lat="50.00162467022" lon="9.00244308519" />
  <node id="4286" visible="true" version="1" lat="50.00162747595" lon="9.00243746631" />
  <node id="4287" visible="true" version="1" lat="50.00163026354" lon="9.00243182574" />
  <node id="4288" visible="true" version="1" lat="50.00163303291" lon="9.00242616362" />
  <node id="4289" visible="true" version="1" lat="50.001635784" lon="9.00242048008" />
  <node id="4290" visible="true" version="1" lat="50.00163851674" lon="9.00241477527" />
  <node id="4291" visible="true" version="1" lat="50.00164123106" lon="9.00240904933" />
  <node id="4292" visible="true" version="1" lat="50.00164392689" lon="9.00240330241" />
  <node id="4293" visible="true" version="1" lat="50.00164660417" lon="9.00239753464" />
  <node id="4294" visible="true" version="1" lat="50.00164926282" lon="9.00239174618" />
  <node id="4295" visible="true" version="1" lat="50.00165190279" lon="9.00238593717" />
  <node id="4296" visible="true" version="1" lat="50.001654524" lon="9.00238010775" />
  <node id="4297" visible="true" version="1" lat="50.00165712639" lon="9.00237425807" />
  <node id="4298" visible="true" version="1" lat="50.0016597099" lon="9.00236838828" />
  <node id="4299" visible="true" version="1" lat="50.00166227446" lon="9.00236249852" />
  <node id="4300" visible="true" version="1" lat="50.00166482" lon="9.00235658893" />
  <node id="4301" visible="true" version="1" lat="50.00166734647" lon="9.00235065967" />
  <node id="4302" visible="true" version="1" lat="50.00166985379" lon="9.00234471089" />
  <node id="4303" visible="true" version="1" lat="50.00167234192" lon="9.00233874273" />
  <node id="4304" visible="true" version="1" lat="50.00167481077" lon="9.00233275535" />
  <node id="4305" visible="true" version="1" lat="50.00167726031" lon="9.00232674888" />
  <node id="4306" visible="true" version="1" lat="50.00167969045" lon="9.00232072349" />
  <node id="4307" visible="true" version="1" lat="50.00168210114" lon="9.00231467933" />
  <node id="4308" visible="true" version="1" lat="50.00168449232" lon="9.00230861654" />
  <node id="4309" visible="true" version="1" lat="50.00168686394" lon="9.00230253527" />
  <node id="4310" visible="true" version="1" lat="50.00168921593" lon="9.00229643568" />
  <node id="4311" visible="true" version="1" lat="50.00169154822" lon="9.00229031792" />
  <node id="4312" visible="true" version="1" lat="50.00169386078" lon="9.00228418215" />
  <node id="4313" visible="true" version="1" lat="50.00169615353" lon="9.00227802851" />
  <node id="4314" visible="true" version="1" lat="50.00169842642" lon="9.00227185717" />
  <node id="4315" visible="true" version="1" lat="50.00170067939" lon="9.00226566827" />
  <node id="4316" visible="true" version="1" lat="50.00170291239" lon="9.00225946197" />
  <node id="4317" visible="true" version="1" lat="50.00170512536" lon="9.00225323842" />
  <node id="4318" visible="true" version="1" lat="50.00170731824" lon="9.00224699779" />
  <node id="4319" visible="true" version="1" lat="50.00170949098" lon="9.00224074022" />
  <node id="4320" visible="true" version="1" lat="50.00171164353" lon="9.00223446587" />
  <node id="4321" visible="true" version="1" lat="50.00171377583" lon="9.00222817491" />
  <node id="4322" visible="true" version="1" lat="50.00171588784" lon="9.00222186748" />
  <node id="4323" visible="true" version="1" lat="50.00171797948" lon="9.00221554375" />
  <node id="4324" visible="true" version="1" lat="50.00172005072" lon="9.00220920387" />
  <node id="4325" visible="true" version="1" lat="50.0017221015" lon="9.002202848" />
  <node id="4326" visible="true" version="1" lat="50.00172413178" lon="9.0021964763" />
  <node id="4327" visible="true" version="1" lat="50.00172614149" lon="9.00219008894" />
  <node id="4328" visible="true" version="1" lat="50.00172813059" lon="9.00218368606" />
  <node id="4329" visible="true" version="1" lat="50.00173009903" lon="9.00217726783" />
  <node id="4330" visible="true" version="1" lat="50.00173204676" lon="9.00217083441" />
  <node id="4331" visible="true" version="1" lat="50.00173397374" lon="9.00216438596" />
  <node id="4332" visible="true" version="1" lat="50.00173587991" lon="9.00215792264" />
  <node id="4333" visible="true" version="1" lat="50.00173776522" lon="9.00215144462" />
  <node id="4334" visible="true" version="1" lat="50.00173962963" lon="9.00214495205" />
  <node id="4335" visible="true" version="1" lat="50.0017414731" lon="9.00213844511" />
  <node id="4336" visible="true" version="1" lat="50.00174329557" lon="9.00213192394" />
  <node id="4337" visible="true" version="1" lat="50.001745097" lon="9.00212538871" />
  <node id="4338" visible="true" version="1" lat="50.00174687735" lon="9.00211883959" />
  <node id="4339" visible="true" version="1" lat="50.00174863657" lon="9.00211227675" />
  <node id="4340" visible="true" version="1" lat="50.00175037462" lon="9.00210570033" />
  <node id="4341" visible="true" version="1" lat="50.00175209145" lon="9.00209911052" />
  <node id="4342" visible="true" version="1" lat="50.00175378702" lon="9.00209250747" />
  <node id="4343" visible="true" version="1" lat="50.00175546129" lon="9.00208589135" />
  <node id="4344" visible="true" version="1" lat="50.00175711421" lon="9.00207926233" />
  <node id="4345" visible="true" version="1" lat="50.00175874575" lon="9.00207262056" />
  <node id="4346" visible="true" version="1" lat="50.00176035587" lon="9.00206596622" />
  <node id="4347" visible="true" version="1" lat="50.00176194452" lon="9.00205929948" />
  <node id="4348" visible="true" version="1" lat="50.00176351166" lon="9.00205262049" />
  <node id="4349" visible="true" version="1" lat="50.00176505726" lon="9.00204592943" />
  <node id="4350" visible="true" version="1" lat="50.00176658128" lon="9.00203922646" />
  <node id="4351" visible="true" version="1" lat="50.00176808367" lon="9.00203251176" />
  <node id="4352" visible="true" version="1" lat="50.00176956441" lon="9.00202578548" />
  <node id="4353" visible="true" version="1" lat="50.00177102345" lon="9.0020190478" />
  <node id="4354" visible="true" version="1" lat="50.00177246076" lon="9.00201229888" />
  <node id="4355" visible="true" version="1" lat="50.00177387629" lon="9.0020055389" />
  <node id="4356" visible="true" version="1" lat="50.00177527003" lon="9.00199876803" />
  <node id="4357" visible="true" version="1" lat="50.00177664193" lon="9.00199198642" />
  <node id="4358" visible="true" version="1" lat="50.00177799195" lon="9.00198519426" />
  <node id="4359" visible="true" version="1" lat="50.00177932007" lon="9.00197839171" />
  <node id="4360" visible="true" version="1" lat="50.00178062624" lon="9.00197157895" />
  <node id="4361" visible="true" version="1" lat="50.00178191045" lon="9.00196475613" />
  <node id="4362" visible="true" version="1" lat="50.00178317264" lon="9.00195792344" />
  <node id="4363" visible="true" version="1" lat="50.00178441281" lon="9.00195108104" />
  <node id="4364" visible="true" version="1" lat="50.0017856309" lon="9.00194422911" />
  <node id="4365" visible="true" version="1" lat="50.0017868269" lon="9.00193736781" />
  <node id="4366" visible="true" version="1" lat="50.00178800077" lon="9.00193049732" />
  <node id="4367" visible="true" version="1" lat="50.00178915248" lon="9.00192361781" />
  <node id="4368" visible="true" version="1" lat="50.00179028201" lon="9.00191672945" />
  <node id="4369" visible="true" version="1" lat="50.00179138933" lon="9.00190983242" />
  <node id="4370" visible="true" version="1" lat="50.0017924744" lon="9.00190292688" />
  <node id="4371" visible="true" version="1" lat="50.0017935372" lon="9.00189601301" />
  <node id="4372" visible="true" version="1" lat="50.00179457771" lon="9.00188909098" />
  <node id="4373" visible="true" version="1" lat="50.00179559589" lon="9.00188216097" />
  <node id="4374" visible="true" version="1" lat="50.00179659173" lon="9.00187522314" />
  <node id="4375" visible="true" version="1" lat="50.0017975652" lon="9.00186827768" />
  <node id="4376" visible="true" version="1" lat="50.00179851627" lon="9.00186132475" />
  <node id="4377" visible="true" version="1" lat="50.00179944492" lon="9.00185436453" />
  <node id="4378" visible="true" version="1" lat="50.00180035113" lon="9.00184739719" />
  <node id="4379" visible="true" version="1" lat="50.00180123488" lon="9.00184042291" />
  <node id="4380" visible="true" version="1" lat="50.00180209613" lon="9.00183344187" />
  <node id="4381" visible="true" version="1" lat="50.00180293488" lon="9.00182645422" />
  <node id="4382" visible="true" version="1" lat="50.00180375109" lon="9.00181946016" />
  <node id="4383" visible="true" version="1" lat="50.00180454476" lon="9.00181245986" />
  <node id="4384" visible="true" version="1" lat="50.00180531585" lon="9.00180545348" />
  <node id="4385" visible="true" version="1" lat="50.00180606435" lon="9.00179844121" />
  <node id="4386" visible="true" version="1" lat="50.00180679025" lon="9.00179142322" />
  <node id="4387" visible="true" version="1" lat="50.00180749352" lon="9.00178439969" />
  <node id="4388" visible="true" version="1" lat="50.00180817414" lon="9.00177737079" />
  <node id="4389" visible="true" version="1" lat="50.0018088321" lon="9.0017703367" />
  <node id="4390" visible="true" version="1" lat="50.00180946739" lon="9.00176329759" />
  <node id="4391" visible="true" version="1" lat="50.00181007998" lon="9.00175625364" />
  <node id="4392" visible="true" version="1" lat="50.00181066986" lon="9.00174920503" />
  <node id="4393" visible="true" version="1" lat="50.00181123702" lon="9.00174215193" />
  <node id="4394" visible="true" version="1" lat="50.00181178144" lon="9.00173509452" />
  <node id="4395" visible="true" version="1" lat="50.00181230311" lon="9.00172803297" />
  <node id="4396" visible="true" version="1" lat="50.00181280202" lon="9.00172096746" />
  <node id="4397" visible="true" version="1" lat="50.00181327814" lon="9.00171389818" />
  <node id="4398" visible="true" version="1" lat="50.00181373148" lon="9.00170682528" />
  <node id="4399" visible="true" version="1" lat="50.00181416202" lon="9.00169974896" />
  <node id="4400" visible="true" version="1" lat="50.00181456975" lon="9.00169266939" />
  <node id="4401" visible="true" version="1" lat="50.00181495466" lon="9.00168558674" />
  <node id="4402" visible="true" version="1" lat="50.00181531673" lon="9.0016785012" />
  <node id="4403" visible="true" version="1" lat="50.00181565597" lon="9.00167141293" />
  <node id="4404" visible="true" version="1" lat="50.00181597235" lon="9.00166432212" />
  <node id="4405" visible="true" version="1" lat="50.00181626588" lon="9.00165722895" />
  <node id="4406" visible="true" version="1" lat="50.00181653655" lon="9.00165013359" />
  <node id="4407" visible="true" version="1" lat="50.00181678435" lon="9.00164303621" />
  <node id="4408" visible="true" version="1" lat="50.00181700927" lon="9.00163593701" />
  <node id="4409" visible="true" version="1" lat="50.00181721131" lon="9.00162883614" />
  <node id="4410" visible="true" version="1" lat="50.00181739046" lon="9.0016217338" />
  <node id="4411" visible="true" version="1" lat="50.00181754672" lon="9.00161463016" />
  <node id="4412" visible="true" version="1" lat="50.00181768008" lon="9.00160752539" />
  <node id="4413" visible="true" version="1" lat="50.00181779054" lon="9.00160041968" />
  <node id="4414" visible="true" version="1" lat="50.00181787811" lon="9.0015933132" />
  <node id="4416" visible="true" version="1" lat="50" lon="9" />
  <node id="4417" visible="true" version="1" lat="50" lon="9.0000069767" />
  <node id="4418" visible="true" version="1" lat="50" lon="9.00001395341" />
  <node id="4419" visible="true" version="1" lat="50" lon="9.00002093011" />
  <node id="4420" visible="true" version="1" lat="50" lon="9.00002790682" />
  <node id="4421" visible="true" version="1" lat="49.99999999999" lon="9.00003488352" />
  <node id="4422" visible="true" version="1" lat="49.99999999999" lon="9.00004186023" />
  <node id="4423" visible="true" version="1" lat="49.99999999999" lon="9.00004883693" />
  <node id="4424" visible="true" version="1" lat="49.99999999999" lon="9.00005581364" />
  <node id="4425" visible="true" version="1" lat="49.99999999998" lon="9.00006279034" />
  <node id="4426" visible="true" version="1" lat="49.99999999998" lon="9.00006976704" />
  <node id="4427" visible="true" version="1" lat="49.99999999997" lon="9.00007674375" />
  <node id="4428" visible="true" version="1" lat="49.99999999997" lon="9.00008372045" />
  <node id="4429" visible="true" version="1" lat="49.99999999996" lon="9.00009069716" />
  <node id="4430" visible="true" version="1" lat="49.99999999996" lon="9.00009767386" />
  <node id="4431" visible="true" version="1" lat="49.99999999995" lon="9.00010465057" />
  <node id="4432" visible="true" version="1" lat="49.99999999995" lon="9.00011162727" />
  <node id="4433" visible="true" version="1" lat="49.99999999994" lon="9.00011860397" />
  <node id="4434" visible="true" version="1" lat="49.99999999993" lon="9.00012558068" />
  <node id="4435" visible="true" version="1" lat="49.99999999992" lon="9.00013255738" />
  <node id="4436" visible="true" version="1" lat="49.99999999992" lon="9.00013953409" />
  <node id="4437" visible="true" version="1" lat="49.99999999991" lon="9.00014651079" />
  <node id="4438" visible="true" version="1" lat="49.9999999999" lon="9.0001534875" />
  <node id="4439" visible="true" version="1" lat="49.99999999989" lon="9.0001604642" />
  <node id="4440" visible="true" version="1" lat="49.99999999988" lon="9.00016744091" />
  <node id="4441" visible="true" version="1" lat="49.99999999987" lon="9.00017441761" />
  <node id="4442" visible="true" version="1" lat="49.99999999986" lon="9.00018139431" />
  <node id="4443" visible="true" version="1" lat="49.99999999985" lon="9.00018837102" />
  <node id="4444" visible="true" version="1" lat="49.99999999984" lon="9.00019534772" />
  <node id="4445" visible="true" version="1" lat="49.99999999982" lon="9.00020232443" />
  <node id="4446" visible="true" version="1" lat="49.99999999981" lon="9.00020930113" />
  <node id="4447" visible="true" version="1" lat="49.9999999998" lon="9.00021627784" />
  <node id="4448" visible="true" version="1" lat="49.99999999979" lon="9.00022325454" />
  <node id="4449" visible="true" version="1" lat="49.99999999977" lon="9.00023023125" />
  <node id="4450" visible="true" version="1" lat="49.99999999976" lon="9.00023720795" />
  <node id="4451" visible="true" version="1" lat="49.99999999974" lon="9.00024418465" />
  <node id="4452" visible="true" version="1" lat="49.99999999973" lon="9.00025116136" />
  <node id="4453" visible="true" version="1" lat="49.99999999971" lon="9.00025813806" />
  <node id="4454" visible="true" version="1" lat="49.9999999997" lon="9.00026511477" />
  <node id="4455" visible="true" version="1" lat="49.99999999968" lon="9.00027209147" />
  <node id="4456" visible="true" version="1" lat="49.99999999966" lon="9.00027906818" />
  <node id="4457" visible="true" version="1" lat="49.99999999965" lon="9.00028604488" />
  <node id="4458" visible="true" version="1" lat="49.99999999963" lon="9.00029302158" />
  <node id="4459" visible="true" version="1" lat="49.99999999961" lon="9.00029999829" />
  <node id="4460" visible="true" version="1" lat="49.99999999959" lon="9.00030697499" />
  <node id="4461" visible="true" version="1" lat="49.99999999958" lon="9.0003139517" />
  <node id="4462" visible="true" version="1" lat="49.99999999956" lon="9.0003209284" />
  <node id="4463" visible="true" version="1" lat="49.99999999954" lon="9.00032790511" />
  <node id="4464" visible="true" version="1" lat="49.99999999952" lon="9.00033488181" />
  <node id="4465" visible="true" version="1" lat="49.9999999995" lon="9.00034185852" />
  <node id="4466" visible="true" version="1" lat="49.99999999948" lon="9.00034883522" />
  <node id="4467" visible="true" version="1" lat="49.99999999945" lon="9.00035581192" />
  <node id="4468" visible="true" version="1" lat="49.99999999943" lon="9.00036278863" />
  <node id="4469" visible="true" version="1" lat="49.99999999941" lon="9.00036976533" />
  <node id="4470" visible="true" version="1" lat="49.99999999939" lon="9.00037674204" />
  <node id="4471" visible="true" version="1" lat="49.99999999937" lon="9.00038371874" />
  <node id="4472" visible="true" version="1" lat="49.99999999934" lon="9.00039069545" />
  <node id="4473" visible="true" version="1" lat="49.99999999932" lon="9.00039767215" />
  <node id="4474" visible="true" version="1" lat="49.99999999929" lon="9.00040464886" />
  <node id="4475" visible="true" version="1" lat="49.99999999927" lon="9.00041162556" />
  <node id="4476" visible="true" version="1" lat="49.99999999924" lon="9.00041860226" />
  <node id="4477" visible="true" version="1" lat="49.99999999922" lon="9.00042557897" />
  <node id="4478" visible="true" version="1" lat="49.99999999919" lon="9.00043255567" />
  <node id="4479" visible="true" version="1" lat="49.99999999917" lon="9.00043953238" />
  <node id="4480" visible="true" version="1" lat="49.99999999914" lon="9.00044650908" />
  <node id="4481" visible="true" version="1" lat="49.99999999911" lon="9.00045348579" />
  <node id="4482" visible="true" version="1" lat="49.99999999909" lon="9.00046046249" />
  <node id="4483" visible="true" version="1" lat="49.99999999906" lon="9.0004674392" />
  <node id="4484" visible="true" version="1" lat="49.99999999903" lon="9.0004744159" />
  <node id="4485" visible="true" version="1" lat="49.999999999" lon="9.0004813926" />
  <node id="4486" visible="true" version="1" lat="49.99999999897" lon="9.00048836931" />
  <node id="4487" visible="true" version="1" lat="49.99999999894" lon="9.00049534601" />
  <node id="4488" visible="true" version="1" lat="49.99999999891" lon="9.00050232272" />
  <node id="4489" visible="true" version="1" lat="49.99999999888" lon="9.00050929942" />
  <node id="4490" visible="true" version="1" lat="49.99999999885" lon="9.00051627613" />
  <node id="4491" visible="true" version="1" lat="49.99999999882" lon="9.00052325283" />
  <node id="4492" visible="true" version="1" lat="49.99999999879" lon="9.00053022953" />
  <node id="4493" visible="true" version="1" lat="49.99999999876" lon="9.00053720624" />
  <node id="4494" visible="true" version="1" lat="49.99999999872" lon="9.00054418294" />
  <node id="4495" visible="true" version="1" lat="49.99999999869" lon="9.00055115965" />
  <node id="4496" visible="true" version="1" lat="49.99999999866" lon="9.00055813635" />
  <node id="4497" visible="true" version="1" lat="49.99999999862" lon="9.00056511306" />
  <node id="4498" visible="true" version="1" lat="49.99999999859" lon="9.00057208976" />
  <node id="4499" visible="true" version="1" lat="49.99999999856" lon="9.00057906647" />
  <node id="4500" visible="true" version="1" lat="49.99999999852" lon="9.00058604317" />
  <node id="4501" visible="true" version="1" lat="49.99999999848" lon="9.00059301987" />
  <node id="4502" visible="true" version="1" lat="49.99999999845" lon="9.00059999658" />
  <node id="4503" visible="true" version="1" lat="49.99999999841" lon="9.00060697328" />
  <node id="4504" visible="true" version="1" lat="49.99999999838" lon="9.00061394999" />
  <node id="4505" visible="true" version="1" lat="49.99999999834" lon="9.00062092669" />
  <node id="4506" visible="true" version="1" lat="49.9999999983" lon="9.0006279034" />
  <node id="4507" visible="true" version="1" lat="49.99999999826" lon="9.0006348801" />
  <node id="4508" visible="true" version="1" lat="49.99999999822" lon="9.00064185681" />
  <node id="4509" visible="true" version="1" lat="49.99999999819" lon="9.00064883351" />
  <node id="4510" visible="true" version="1" lat="49.99999999815" lon="9.00065581021" />
  <node id="4511" visible="true" version="1" lat="49.99999999811" lon="9.00066278692" />
  <node id="4512" visible="true" version="1" lat="49.99999999807" lon="9.00066976362" />
  <node id="4513" visible="true" version="1" lat="49.99999999803" lon="9.00067674033" />
  <node id="4514" visible="true" version="1" lat="49.99999999799" lon="9.00068371703" />
  <node id="4515" visible="true" version="1" lat="49.99999999794" lon="9.00069069374" />
  <node id="4516" visible="true" version="1" lat="49.9999999979" lon="9.00069767044" />
  <node id="4517" visible="true" version="1" lat="49.99999999786" lon="9.00070464714" />
  <node id="4518" visible="true" version="1" lat="49.99999999782" lon="9.00071162385" />
  <node id="4519" visible="true" version="1" lat="49.99999999777" lon="9.00071860055" />
  <node id="4520" visible="true" version="1" lat="49.99999999773" lon="9.00072557726" />
  <node id="4521" visible="true" version="1" lat="49.99999999769" lon="9.00073255396" />
  <node id="4522" visible="true" version="1" lat="49.99999999764" lon="9.00073953067" />
  <node id="4523" visible="true" version="1" lat="49.9999999976" lon="9.00074650737" />
  <node id="4524" visible="true" version="1" lat="49.99999999755" lon="9.00075348408" />
  <node id="4525" visible="true" version="1" lat="49.99999999751" lon="9.00076046078" />
  <node id="4526" visible="true" version="1" lat="49.99999999746" lon="9.00076743748" />
  <node id="4527" visible="true" version="1" lat="49.99999999742" lon="9.00077441419" />
  <node id="4528" visible="true" version="1" lat="49.99999999737" lon="9.00078139089" />
  <node id="4529" visible="true" version="1" lat="49.99999999732" lon="9.0007883676" />
  <node id="4530" visible="true" version="1" lat="49.99999999727" lon="9.0007953443" />
  <node id="4531" visible="true" version="1" lat="49.99999999723" lon="9.00080232101" />
  <node id="4532" visible="true" version="1" lat="49.99999999718" lon="9.00080929771" />
  <node id="4533" visible="true" version="1" lat="49.99999999713" lon="9.00081627442" />
  <node id="4534" visible="true" version="1" lat="49.99999999708" lon="9.00082325112" />
  <node id="4535" visible="true" version="1" lat="49.99999999703" lon="9.00083022782" />
  <node id="4536" visible="true" version="1" lat="49.99999999698" lon="9.00083720453" />
  <node id="4537" visible="true" version="1" lat="49.99999999693" lon="9.00084418123" />
  <node id="4538" visible="true" version="1" lat="49.99999999688" lon="9.00085115794" />
  <node id="4539" visible="true" version="1" lat="49.99999999683" lon="9.00085813464" />
  <node id="4540" visible="true" version="1" lat="49.99999999678" lon="9.00086511135" />
  <node id="4541" visible="true" version="1" lat="49.99999999672" lon="9.00087208805" />
  <node id="4542" visible="true" version="1" lat="49.99999999667" lon="9.00087906475" />
  <node id="4543" visible="true" version="1" lat="49.99999999662" lon="9.00088604146" />
  <node id="4544" visible="true" version="1" lat="49.99999999656" lon="9.00089301816" />
  <node id="4545" visible="true" version="1" lat="49.99999999651" lon="9.00089999487" />
  <node id="4546" visible="true" version="1" lat="49.99999999646" lon="9.00090697157" />
  <node id="4547" visible="true" version="1" lat="49.9999999964" lon="9.00091394828" />
  <node id="4548" visible="true" version="1" lat="49.99999999635" lon="9.00092092498" />
  <node id="4549" visible="true" version="1" lat="49.99999999629" lon="9.00092790169" />
  <node id="4550" visible="true" version="1" lat="49.99999999623" lon="9.00093487839" />
  <node id="4551" visible="true" version="1" lat="49.99999999618" lon="9.00094185509" />
  <node id="4552" visible="true" version="1" lat="49.99999999612" lon="9.0009488318" />
  <node id="4553" visible="true" version="1" lat="49.99999999606" lon="9.0009558085" />
  <node id="4554" visible="true" version="1" lat="49.99999999601" lon="9.00096278521" />
  <node id="4555" visible="true" version="1" lat="49.99999999595" lon="9.00096976191" />
  <node id="4556" visible="true" version="1" lat="49.99999999589" lon="9.00097673862" />
  <node id="4557" visible="true" version="1" lat="49.99999999583" lon="9.00098371532" />
  <node id="4558" visible="true" version="1" lat="49.99999999577" lon="9.00099069203" />
  <node id="4559" visible="true" version="1" lat="49.99999999571" lon="9.00099766873" />
  <node id="4560" visible="true" version="1" lat="49.99999999565" lon="9.00100464543" />
  <node id="4561" visible="true" version="1" lat="49.99999999559" lon="9.00101162214" />
  <node id="4562" visible="true" version="1" lat="49.99999999553" lon="9.00101859884" />
  <node id="4563" visible="true" version="1" lat="49.99999999547" lon="9.00102557555" />
  <node id="4564" visible="true" version="1" lat="49.99999999541" lon="9.00103255225" />
  <node id="4565" visible="true" version="1" lat="49.99999999534" lon="9.00103952896" />
  <node id="4566" visible="true" version="1" lat="49.99999999528" lon="9.00104650566" />
  <node id="4567" visible="true" version="1" lat="49.99999999522" lon="9.00105348236" />
  <node id="4568" visible="true" version="1" lat="49.99999999515" lon="9.00106045907" />
  <node id="4569" visible="true" version="1" lat="49.99999999509" lon="9.00106743577" />
  <node id="4570" visible="true" version="1" lat="49.99999999503" lon="9.00107441248" />
  <node id="4571" visible="true" version="1" lat="49.99999999496" lon="9.00108138918" />
  <node id="4572" visible="true" version="1" lat="49.9999999949" lon="9.00108836589" />
  <node id="4573" visible="true" version="1" lat="49.99999999483" lon="9.00109534259" />
  <node id="4574" visible="true" version="1" lat="49.99999999476" lon="9.0011023193" />
  <node id="4575" visible="true" version="1" lat="49.9999999947" lon="9.001109296" />
  <node id="4576" visible="true" version="1" lat="49.99999999463" lon="9.0011162727" />
  <node id="4577" visible="true" version="1" lat="49.99999999456" lon="9.00112324941" />
  <node id="4578" visible="true" version="1" lat="49.9999999945" lon="9.00113022611" />
  <node id="4579" visible="true" version="1" lat="49.99999999443" lon="9.00113720282" />
  <node id="4580" visible="true" version="1" lat="49.99999999436" lon="9.00114417952" />
  <node id="4581" visible="true" version="1" lat="49.99999999429" lon="9.00115115623" />
  <node id="4582" visible="true" version="1" lat="49.99999999422" lon="9.00115813293" />
  <node id="4583" visible="true" version="1" lat="49.99999999415" lon="9.00116510964" />
  <node id="4584" visible="true" version="1" lat="49.99999999408" lon="9.00117208634" />
  <node id="4585" visible="true" version="1" lat="49.99999999401" lon="9.00117906304" />
  <node id="4586" visible="true" version="1" lat="49.99999999394" lon="9.00118603975" />
  <node id="4587" visible="true" version="1" lat="49.99999999387" lon="9.00119301645" />
  <node id="4588" visible="true" version="1" lat="49.9999999938" lon="9.00119999316" />
  <node id="4589" visible="true" version="1" lat="49.99999999372" lon="9.00120696986" />
  <node id="4590" visible="true" version="1" lat="49.99999999365" lon="9.00121394657" />
  <node id="4591" visible="true" version="1" lat="49.99999999358" lon="9.00122092327" />
  <node id="4592" visible="true" version="1" lat="49.9999999935" lon="9.00122789998" />
  <node id="4593" visible="true" version="1" lat="49.99999999343" lon="9.00123487668" />
  <node id="4594" visible="true" version="1" lat="49.99999999335" lon="9.00124185338" />
  <node id="4595" visible="true" version="1" lat="49.99999999328" lon="9.00124883009" />
  <node id="4596" visible="true" version="1" lat="49.9999999932" lon="9.00125580679" />
  <node id="4597" visible="true" version="1" lat="49.99999999313" lon="9.0012627835" />
  <node id="4598" visible="true" version="1" lat="49.99999999305" lon="9.0012697602" />
  <node id="4599" visible="true" version="1" lat="49.99999999298" lon="9.00127673691" />
  <node id="4600" visible="true" version="1" lat="49.9999999929" lon="9.00128371361" />
  <node id="4601" visible="true" version="1" lat="49.99999999282" lon="9.00129069031" />
  <node id="4602" visible="true" version="1" lat="49.99999999274" lon="9.00129766702" />
  <node id="4603" visible="true" version="1" lat="49.99999999267" lon="9.00130464372" />
  <node id="4604" visible="true" version="1" lat="49.99999999259" lon="9.00131162043" />
  <node id="4605" visible="true" version="1" lat="49.99999999251" lon="9.00131859713" />
  <node id="4606" visible="true" version="1" lat="49.99999999243" lon="9.00132557384" />
  <node id="4607" visible="true" version="1" lat="49.99999999235" lon="9.00133255054" />
  <node id="4608" visible="true" version="1" lat="49.99999999227" lon="9.00133952725" />
  <node id="4609" visible="true" version="1" lat="49.99999999219" lon="9.00134650395" />
  <node id="4610" visible="true" version="1" lat="49.99999999211" lon="9.00135348065" />
  <node id="4611" visible="true" version="1" lat="49.99999999202" lon="9.00136045736" />
  <node id="4612" visible="true" version="1" lat="49.99999999194" lon="9.00136743406" />
  <node id="4613" visible="true" version="1" lat="49.99999999186" lon="9.00137441077" />
  <node id="4614" visible="true" version="1" lat="49.99999999178" lon="9.00138138747" />
  <node id="4615" visible="true" version="1" lat="49.99999999169" lon="9.00138836418" />
  <node id="4616" visible="true" version="1" lat="49.99999999161" lon="9.00139534088" />
  <node id="4617" visible="true" version="1" lat="49.99999999161" lon="9.00139534088" />
  <node id="4618" visible="true" version="1" lat="49.9999999916" lon="9.00140231759" />
  <node id="4619" visible="true" version="1" lat="49.99999999204" lon="9.00140929429" />
  <node id="4620" visible="true" version="1" lat="49.99999999338" lon="9.00141627099" />
  <node id="4621" visible="true" version="1" lat="49.99999999607" lon="9.0014232477" />
  <node id="4622" visible="true" version="1" lat="50.00000000055" lon="9.0014302244" />
  <node id="4623" visible="true" version="1" lat="50.00000000729" lon="9.00143720109" />
  <node id="4624" visible="true" version="1" lat="50.00000001672" lon="9.00144417778" />
  <node id="4625" visible="true" version="1" lat="50.0000000293" lon="9.00145115446" />
  <node id="4626" visible="true" version="1" lat="50.00000004548" lon="9.00145813112" />
  <node id="4627" visible="true" version="1" lat="50.0000000657" lon="9.00146510775" />
  <node id="4628" visible="true" version="1" lat="50.00000009042" lon="9.00147208435" />
  <node id="4629" visible="true" version="1" lat="50.00000012009" lon="9.0014790609" />
  <node id="4630" visible="true" version="1" lat="50.00000015515" lon="9.0014860374" />
  <node id="4631" visible="true" version="1" lat="50.00000019606" lon="9.00149301381" />
  <node id="4632" visible="true" version="1" lat="50.00000024326" lon="9.00149999013" />
  <node id="4633" visible="true" version="1" lat="50.00000029721" lon="9.00150696633" />
  <node id="4634" visible="true" version="1" lat="50.00000035835" lon="9.00151394239" />
  <node id="4635" visible="true" version="1" lat="50.00000042714" lon="9.00152091828" />
  <node id="4636" visible="true" version="1" lat="50.00000050401" lon="9.00152789396" />
  <node id="4637" visible="true" version="1" lat="50.00000058944" lon="9.00153486941" />
  <node id="4638" visible="true" version="1" lat="50.00000068385" lon="9.00154184457" />
  <node id="4639" visible="true" version="1" lat="50.0000007877" lon="9.00154881941" />
  <node id="4640" visible="true" version="1" lat="50.00000090145" lon="9.00155579389" />
  <node id="4641" visible="true" version="1" lat="50.00000102553" lon="9.00156276793" />
  <node id="4642" visible="true" version="1" lat="50.0000011604" lon="9.0015697415" />
  <node id="4643" visible="true" version="1" lat="50.00000130651" lon="9.00157671452" />
  <node id="4644" visible="true" version="1" lat="50.0000014643" lon="9.00158368692" />
  <node id="4645" visible="true" version="1" lat="50.00000163423" lon="9.00159065864" />
  <node id="4646" visible="true" version="1" lat="50.00000181674" lon="9.0015976296" />
  <node id="4647" visible="true" version="1" lat="50.00000201227" lon="9.0016045997" />
  <node id="4648" visible="true" version="1" lat="50.00000222129" lon="9.00161156886" />
  <node id="4649" visible="true" version="1" lat="50.00000244423" lon="9.00161853699" />
  <node id="4650" visible="true" version="1" lat="50.00000268154" lon="9.00162550397" />
  <node id="4651" visible="true" version="1" lat="50.00000293367" lon="9.00163246969" />
  <node id="4652" visible="true" version="1" lat="50.00000320106" lon="9.00163943405" />
  <node id="4653" visible="true" version="1" lat="50.00000348416" lon="9.00164639692" />
  <node id="4654" visible="true" version="1" lat="50.00000378342" lon="9.00165335815" />
  <node id="4655" visible="true" version="1" lat="50.00000409927" lon="9.00166031762" />
  <node id="4656" visible="true" version="1" lat="50.00000443217" lon="9.00166727518" />
  <node id="4657" visible="true" version="1" lat="50.00000478256" lon="9.00167423067" />
  <node id="4658" visible="true" version="1" lat="50.00000515087" lon="9.00168118393" />
  <node id="4659" visible="true" version="1" lat="50.00000553756" lon="9.00168813479" />
  <node id="4660" visible="true" version="1" lat="50.00000594307" lon="9.00169508307" />
  <node id="4661" visible="true" version="1" lat="50.00000636782" lon="9.00170202858" />
  <node id="4662" visible="true" version="1" lat="50.00000681228" lon="9.00170897112" />
  <node id="4663" visible="true" version="1" lat="50.00000727686" lon="9.00171591049" />
  <node id="4664" visible="true" version="1" lat="50.00000776201" lon="9.00172284647" />
  <node id="4665" visible="true" version="1" lat="50.00000826817" lon="9.00172977884" />
  <node id="4666" visible="true" version="1" lat="50.00000879578" lon="9.00173670736" />
  <node id="4667" visible="true" version="1" lat="50.00000934525" lon="9.00174363178" />
  <node id="4668" visible="true" version="1" lat="50.00000934525" lon="9.00174363178" />
  <node id="4669" visible="true" version="1" lat="50.00000991697" lon="9.00175055187" />
  <node id="4670" visible="true" version="1" lat="50.00001051098" lon="9.00175746743" />
  <node id="4671" visible="true" version="1" lat="50.00001112727" lon="9.00176437831" />
  <node id="4672" visible="true" version="1" lat="50.00001176582" lon="9.00177128431" />
  <node id="4673" visible="true" version="1" lat="50.00001242662" lon="9.00177818528" />
  <node id="4674" visible="true" version="1" lat="50.00001310966" lon="9.00178508104" />
  <node id="4675" visible="true" version="1" lat="50.00001381491" lon="9.00179197141" />
  <node id="4676" visible="true" version="1" lat="50.00001454236" lon="9.00179885622" />
  <node id="4677" visible="true" version="1" lat="50.00001529198" lon="9.00180573531" />
  <node id="4678" visible="true" version="1" lat="50.00001606377" lon="9.00181260849" />
  <node id="4679" visible="true" version="1" lat="50.0000168577" lon="9.00181947561" />
  <node id="4680" visible="true" version="1" lat="50.00001767375" lon="9.00182633648" />
  <node id="4681" visible="true" version="1" lat="50.0000185119" lon="9.00183319093" />
  <node id="4682" visible="true" version="1" lat="50.00001937213" lon="9.00184003879" />
  <node id="4683" visible="true" version="1" lat="50.00002025442" lon="9.0018468799" />
  <node id="4684" visible="true" version="1" lat="50.00002115875" lon="9.00185371408" />
  <node id="4685" visible="true" version="1" lat="50.00002208509" lon="9.00186054116" />
  <node id="4686" visible="true" version="1" lat="50.00002303342" lon="9.00186736097" />
  <node id="4687" visible="true" version="1" lat="50.00002400372" lon="9.00187417334" />
  <node id="4688" visible="true" version="1" lat="50.00002499596" lon="9.00188097809" />
  <node id="4689" visible="true" version="1" lat="50.00002601012" lon="9.00188777506" />
  <node id="4690" visible="true" version="1" lat="50.00002704618" lon="9.00189456409" />
  <node id="4691" visible="true" version="1" lat="50.0000281041" lon="9.00190134499" />
  <node id="4692" visible="true" version="1" lat="50.00002918386" lon="9.0019081176" />
  <node id="4693" visible="true" version="1" lat="50.00003028543" lon="9.00191488175" />
  <node id="4694" visible="true" version="1" lat="50.00003140879" lon="9.00192163727" />
  <node id="4695" visible="true" version="1" lat="50.0000325539" lon="9.00192838399" />
  <node id="4696" visible="true" version="1" lat="50.00003372075" lon="9.00193512175" />
  <node id="4697" visible="true" version="1" lat="50.0000349093" lon="9.00194185037" />
  <node id="4698" visible="true" version="1" lat="50.00003611951" lon="9.00194856969" />
  <node id="4699" visible="true" version="1" lat="50.00003735137" lon="9.00195527954" />
  <node id="4700" visible="true" version="1" lat="50.00003860483" lon="9.00196197974" />
  <node id="4701" visible="true" version="1" lat="50.00003987988" lon="9.00196867015" />
  <node id="4702" visible="true" version="1" lat="50.00004117647" lon="9.00197535057" />
  <node id="4703" visible="true" version="1" lat="50.00004249457" lon="9.00198202086" />
  <node id="4704" visible="true" version="1" lat="50.00004383415" lon="9.00198868084" />
  <node id="4705" visible="true" version="1" lat="50.00004519518" lon="9.00199533035" />
  <node id="4706" visible="true" version="1" lat="50.00004657763" lon="9.00200196921" />
  <node id="4707" visible="true" version="1" lat="50.00004798145" lon="9.00200859727" />
  <node id="4708" visible="true" version="1" lat="50.00004940661" lon="9.00201521436" />
  <node id="4709" visible="true" version="1" lat="50.00005085309" lon="9.00202182031" />
  <node id="4710" visible="true" version="1" lat="50.00005232083" lon="9.00202841495" />
  <node id="4711" visible="true" version="1" lat="50.00005380981" lon="9.00203499813" />
  <node id="4712" visible="true" version="1" lat="50.00005531999" lon="9.00204156968" />
  <node id="4713" visible="true" version="1" lat="50.00005685133" lon="9.00204812943" />
  <node id="4714" visible="true" version="1" lat="50.00005840379" lon="9.00205467722" />
  <node id="4715" visible="true" version="1" lat="50.00005997733" lon="9.00206121289" />
  <node id="4716" visible="true" version="1" lat="50.00006157191" lon="9.00206773627" />
  <node id="4717" visible="true" version="1" lat="50.0000631875" lon="9.0020742472" />
  <node id="4718" visible="true" version="1" lat="50.00006482406" lon="9.00208074552" />
  <node id="4719" visible="true" version="1" lat="50.00006648153" lon="9.00208723106" />
  <node id="4720" visible="true" version="1" lat="50.00006815989" lon="9.00209370366" />
  <node id="4721" visible="true" version="1" lat="50.00006985908" lon="9.00210016317" />
  <node id="4722" visible="true" version="1" lat="50.00007157907" lon="9.00210660941" />
  <node id="4723" visible="true" version="1" lat="50.00007331982" lon="9.00211304223" />
  <node id="4724" visible="true" version="1" lat="50.00007508128" lon="9.00211946147" />
  <node id="4725" visible="true" version="1" lat="50.0000768634" lon="9.00212586697" />
  <node id="4726" visible="true" version="1" lat="50.00007866614" lon="9.00213225856" />
  <node id="4727" visible="true" version="1" lat="50.00008048946" lon="9.00213863609" />
  <node id="4728" visible="true" version="1" lat="50.00008233331" lon="9.00214499939" />
  <node id="4729" visible="true" version="1" lat="50.00008419764" lon="9.00215134832" />
  <node id="4730" visible="true" version="1" lat="50.00008608242" lon="9.0021576827" />
  <node id="4731" visible="true" version="1" lat="50.00008798758" lon="9.00216400239" />
  <node id="4732" visible="true" version="1" lat="50.00008991309" lon="9.00217030721" />
  <node id="4733" visible="true" version="1" lat="50.00009185889" lon="9.00217659703" />
  <node id="4734" visible="true" version="1" lat="50.00009382494" lon="9.00218287167" />
  <node id="4735" visible="true" version="1" lat="50.00009581118" lon="9.00218913098" />
  <node id="4736" visible="true" version="1" lat="50.00009781758" lon="9.00219537481" />
  <node id="4737" visible="true" version="1" lat="50.00009984407" lon="9.002201603" />
  <node id="4738" visible="true" version="1" lat="50.00010189061" lon="9.00220781539" />
  <node id="4739" visible="true" version="1" lat="50.00010395714" lon="9.00221401182" />
  <node id="4740" visible="true" version="1" lat="50.00010604362" lon="9.00222019215" />
  <node id="4741" visible="true" version="1" lat="50.00010814999" lon="9.00222635622" />
  <node id="4742" visible="true" version="1" lat="50.0001102762" lon="9.00223250388" />
  <node id="4743" visible="true" version="1" lat="50.0001124222" lon="9.00223863496" />
  <node id="4744" visible="true" version="1" lat="50.00011458793" lon="9.00224474932" />
  <node id="4745" visible="true" version="1" lat="50.00011677333" lon="9.00225084681" />
  <node id="4746" visible="true" version="1" lat="50.00011897837" lon="9.00225692727" />
  <node id="4747" visible="true" version="1" lat="50.00012120296" lon="9.00226299055" />
  <node id="4748" visible="true" version="1" lat="50.00012344708" lon="9.00226903649" />
  <node id="4749" visible="true" version="1" lat="50.00012571065" lon="9.00227506496" />
  <node id="4750" visible="true" version="1" lat="50.00012799362" lon="9.00228107579" />
  <node id="4751" visible="true" version="1" lat="50.00013029593" lon="9.00228706884" />
  <node id="4752" visible="true" version="1" lat="50.00013261753" lon="9.00229304395" />
  <node id="4753" visible="true" version="1" lat="50.00013495835" lon="9.00229900098" />
  <node id="4754" visible="true" version="1" lat="50.00013731835" lon="9.00230493978" />
  <node id="4755" visible="true" version="1" lat="50.00013969745" lon="9.0023108602" />
  <node id="4756" visible="true" version="1" lat="50.00014209561" lon="9.00231676209" />
  <node id="4757" visible="true" version="1" lat="50.00014451276" lon="9.00232264531" />
  <node id="4758" visible="true" version="1" lat="50.00014694883" lon="9.0023285097" />
  <node id="4759" visible="true" version="1" lat="50.00014940378" lon="9.00233435512" />
  <node id="4760" visible="true" version="1" lat="50.00015187754" lon="9.00234018143" />
  <node id="4761" visible="true" version="1" lat="50.00015437004" lon="9.00234598848" />
  <node id="4762" visible="true" version="1" lat="50.00015688122" lon="9.00235177612" />
  <node id="4763" visible="true" version="1" lat="50.00015941103" lon="9.00235754421" />
  <node id="4764" visible="true" version="1" lat="50.00016195939" lon="9.0023632926" />
  <node id="4765" visible="true" version="1" lat="50.00016452625" lon="9.00236902116" />
  <node id="4766" visible="true" version="1" lat="50.00016711154" lon="9.00237472973" />
  <node id="4767" visible="true" version="1" lat="50.00016971519" lon="9.00238041818" />
  <node id="4768" visible="true" version="1" lat="50.00017233714" lon="9.00238608636" />
  <node id="4769" visible="true" version="1" lat="50.00017497733" lon="9.00239173413" />
  <node id="4770" visible="true" version="1" lat="50.00017763569" lon="9.00239736136" />
  <node id="4771" visible="true" version="1" lat="50.00018031215" lon="9.00240296789" />
  <node id="4772" visible="true" version="1" lat="50.00018300664" lon="9.00240855359" />
  <node id="4773" visible="true" version="1" lat="50.0001857191" lon="9.00241411832" />
  <node id="4774" visible="true" version="1" lat="50.00018844947" lon="9.00241966194" />
  <node id="4775" visible="true" version="1" lat="50.00019119766" lon="9.00242518431" />
  <node id="4776" visible="true" version="1" lat="50.00019396362" lon="9.0024306853" />
  <node id="4777" visible="true" version="1" lat="50.00019674727" lon="9.00243616476" />
  <node id="4778" visible="true" version="1" lat="50.00019954855" lon="9.00244162257" />
  <node id="4779" visible="true" version="1" lat="50.00020236738" lon="9.00244705857" />
  <node id="4780" visible="true" version="1" lat="50.00020520369" lon="9.00245247264" />
  <node id="4781" visible="true" version="1" lat="50.00020805742" lon="9.00245786465" />
  <node id="4782" visible="true" version="1" lat="50.00021092849" lon="9.00246323445" />
  <node id="4783" visible="true" version="1" lat="50.00021381683" lon="9.00246858191" />
  <node id="4784" visible="true" version="1" lat="50.00021672237" lon="9.0024739069" />
  <node id="4785" visible="true" version="1" lat="50.00021964503" lon="9.00247920929" />
  <node id="4786" visible="true" version="1" lat="50.00022258474" lon="9.00248448894" />
  <node id="4787" visible="true" version="1" lat="50.00022554144" lon="9.00248974572" />
  <node id="4788" visible="true" version="1" lat="50.00022851503" lon="9.00249497951" />
  <node id="4789" visible="true" version="1" lat="50.00023150546" lon="9.00250019016" />
  <node id="4790" visible="true" version="1" lat="50.00023451265" lon="9.00250537755" />
  <node id="4791" visible="true" version="1" lat="50.00023753651" lon="9.00251054155" />
  <node id="4792" visible="true" version="1" lat="50.00024057698" lon="9.00251568202" />
  <node id="4793" visible="true" version="1" lat="50.00024363398" lon="9.00252079885" />
  <node id="4794" visible="true" version="1" lat="50.00024670743" lon="9.00252589191" />
  <node id="4795" visible="true" version="1" lat="50.00024979725" lon="9.00253096106" />
  <node id="4796" visible="true" version="1" lat="50.00025290338" lon="9.00253600618" />
  <node id="4797" visible="true" version="1" lat="50.00025602572" lon="9.00254102714" />
  <node id="4798" visible="true" version="1" lat="50.00025916421" lon="9.00254602382" />
  <node id="4799" visible="true" version="1" lat="50.00026231876" lon="9.00255099609" />
  <node id="4800" visible="true" version="1" lat="50.0002654893" lon="9.00255594383" />
  <node id="4801" visible="true" version="1" lat="50.00026867574" lon="9.00256086692" />
  <node id="4802" visible="true" version="1" lat="50.00027187801" lon="9.00256576523" />
  <node id="4803" visible="true" version="1" lat="50.00027509602" lon="9.00257063864" />
  <node id="4804" visible="true" version="1" lat="50.00027832971" lon="9.00257548702" />
  <node id="4805" visible="true" version="1" lat="50.00028157897" lon="9.00258031026" />
  <node id="4806" visible="true" version="1" lat="50.00028484374" lon="9.00258510824" />
  <node id="4807" visible="true" version="1" lat="50.00028812393" lon="9.00258988083" />
  <node id="4808" visible="true" version="1" lat="50.00029141947" lon="9.00259462792" />
  <node id="4809" visible="true" version="1" lat="50.00029473026" lon="9.00259934939" />
  <node id="4810" visible="true" version="1" lat="50.00029805622" lon="9.00260404511" />
  <node id="4811" visible="true" version="1" lat="50.00030139728" lon="9.00260871498" />
  <node id="4812" visible="true" version="1" lat="50.00030475334" lon="9.00261335888" />
  <node id="4813" visible="true" version="1" lat="50.00030812433" lon="9.00261797668" />
  <node id="4814" visible="true" version="1" lat="50.00031151016" lon="9.00262256828" />
  <node id="4815" visible="true" version="1" lat="50.00031491075" lon="9.00262713356" />
  <node id="4816" visible="true" version="1" lat="50.00031832601" lon="9.0026316724" />
  <node id="4817" visible="true" version="1" lat="50.00032175585" lon="9.00263618469" />
  <node id="4818" visible="true" version="1" lat="50.00032520019" lon="9.00264067033" />
  <node id="4819" visible="true" version="1" lat="50.00032865894" lon="9.00264512919" />
  <node id="4820" visible="true" version="1" lat="50.00033213202" lon="9.00264956116" />
  <node id="4821" visible="true" version="1" lat="50.00033561934" lon="9.00265396614" />
  <node id="4822" visible="true" version="1" lat="50.00033912082" lon="9.00265834401" />
  <node id="4823" visible="true" version="1" lat="50.00034263636" lon="9.00266269467" />
  <node id="4824" visible="true" version="1" lat="50.00034616587" lon="9.00266701801" />
  <node id="4825" visible="true" version="1" lat="50.00034970928" lon="9.00267131391" />
  <node id="4826" visible="true" version="1" lat="50.00035326648" lon="9.00267558227" />
  <node id="4827" visible="true" version="1" lat="50.0003568374" lon="9.00267982299" />
  <node id="4828" visible="true" version="1" lat="50.00036042194" lon="9.00268403595" />
  <node id="4829" visible="true" version="1" lat="50.00036402002" lon="9.00268822106" />
  <node id="4830" visible="true" version="1" lat="50.00036763153" lon="9.00269237821" />
  <node id="4831" visible="true" version="1" lat="50.0003712564" lon="9.00269650728" />
  <node id="4832" visible="true" version="1" lat="50.00037489453" lon="9.00270060819" />
  <node id="4833" visible="true" version="1" lat="50.00037854583" lon="9.00270468083" />
  <node id="4834" visible="true" version="1" lat="50.00038221021" lon="9.0027087251" />
  <node id="4835" visible="true" version="1" lat="50.00038588758" lon="9.00271274089" />
  <node id="4836" visible="true" version="1" lat="50.00038957785" lon="9.0027167281" />
  <node id="4837" visible="true" version="1" lat="50.00039328092" lon="9.00272068664" />
  <node id="4838" visible="true" version="1" lat="50.0003969967" lon="9.00272461641" />
  <node id="4839" visible="true" version="1" lat="50.0004007251" lon="9.0027285173" />
  <node id="4840" visible="true" version="1" lat="50.00040446602" lon="9.00273238922" />
  <node id="4841" visible="true" version="1" lat="50.00040821938" lon="9.00273623208" />
  <node id="4842" visible="true" version="1" lat="50.00041198507" lon="9.00274004578" />
  <node id="4843" visible="true" version="1" lat="50.00041576301" lon="9.00274383022" />
  <node id="4844" visible="true" version="1" lat="50.00041955309" lon="9.0027475853" />
  <node id="4845" visible="true" version="1" lat="50.00042335524" lon="9.00275131094" />
  <node id="4846" visible="true" version="1" lat="50.00042716934" lon="9.00275500704" />
  <node id="4847" visible="true" version="1" lat="50.0004309953" lon="9.00275867351" />
  <node id="4848" visible="true" version="1" lat="50.00043483304" lon="9.00276231025" />
  <node id="4849" visible="true" version="1" lat="50.00043868244" lon="9.00276591718" />
  <node id="4850" visible="true" version="1" lat="50.00044254343" lon="9.00276949421" />
  <node id="4851" visible="true" version="1" lat="50.00044641589" lon="9.00277304124" />
  <node id="4852" visible="true" version="1" lat="50.00045029973" lon="9.00277655819" />
  <node id="4853" visible="true" version="1" lat="50.00045419487" lon="9.00278004497" />
  <node id="4854" visible="true" version="1" lat="50.00045810119" lon="9.00278350149" />
  <node id="4855" visible="true" version="1" lat="50.0004620186" lon="9.00278692766" />
  <node id="4856" visible="true" version="1" lat="50.000465947" lon="9.00279032341" />
  <node id="4857" visible="true" version="1" lat="50.0004698863" lon="9.00279368864" />
  <node id="4858" visible="true" version="1" lat="50.00047383639" lon="9.00279702327" />
  <node id="4859" visible="true" version="1" lat="50.00047779719" lon="9.00280032722" />
  <node id="4860" visible="true" version="1" lat="50.00048176858" lon="9.00280360041" />
  <node id="4861" visible="true" version="1" lat="50.00048575047" lon="9.00280684275" />
  <node id="4862" visible="true" version="1" lat="50.00048974276" lon="9.00281005416" />
  <node id="4863" visible="true" version="1" lat="50.00049374535" lon="9.00281323456" />
  <node id="4864" visible="true" version="1" lat="50.00049775814" lon="9.00281638388" />
  <node id="4865" visible="true" version="1" lat="50.00050178103" lon="9.00281950203" />
  <node id="4866" visible="true" version="1" lat="50.00050581391" lon="9.00282258893" />
  <node id="4867" visible="true" version="1" lat="50.0005098567" lon="9.00282564451" />
  <node id="4868" visible="true" version="1" lat="50.00051390928" lon="9.0028286687" />
  <node id="4869" visible="true" version="1" lat="50.00051797156" lon="9.00283166141" />
  <node id="4870" visible="true" version="1" lat="50.00052204343" lon="9.00283462258" />
  <node id="4871" visible="true" version="1" lat="50.0005261248" lon="9.00283755212" />
  <node id="4872" visible="true" version="1" lat="50.00053021555" lon="9.00284044996" />
  <node id="4873" visible="true" version="1" lat="50.0005343156" lon="9.00284331604" />
  <node id="4874" visible="true" version="1" lat="50.00053842483" lon="9.00284615028" />
  <node id="4875" visible="true" version="1" lat="50.00054254314" lon="9.00284895261" />
  <node id="4876" visible="true" version="1" lat="50.00054667043" lon="9.00285172295" />
  <node id="4877" visible="true" version="1" lat="50.0005508066" lon="9.00285446125" />
  <node id="4878" visible="true" version="1" lat="50.00055495154" lon="9.00285716743" />
  <node id="4879" visible="true" version="1" lat="50.00055910516" lon="9.00285984142" />
  <node id="4880" visible="true" version="1" lat="50.00056326733" lon="9.00286248316" />
  <node id="4881" visible="true" version="1" lat="50.00056743797" lon="9.00286509258" />
  <node id="4882" visible="true" version="1" lat="50.00057161697" lon="9.00286766962" />
  <node id="4883" visible="true" version="1" lat="50.00057580422" lon="9.00287021421" />
  <node id="4884" visible="true" version="1" lat="50.00057999962" lon="9.00287272628" />
  <node id="4885" visible="true" version="1" lat="50.00058420306" lon="9.00287520578" />
  <node id="4886" visible="true" version="1" lat="50.00058841444" lon="9.00287765265" />
  <node id="4887" visible="true" version="1" lat="50.00059263365" lon="9.00288006681" />
  <node id="4888" visible="true" version="1" lat="50.0005968606" lon="9.00288244822" />
  <node id="4889" visible="true" version="1" lat="50.00060109516" lon="9.00288479681" />
  <node id="4890" visible="true" version="1" lat="50.00060533724" lon="9.00288711252" />
  <node id="4891" visible="true" version="1" lat="50.00060958673" lon="9.0028893953" />
  <node id="4892" visible="true" version="1" lat="50.00061384352" lon="9.00289164509" />
  <node id="4893" visible="true" version="1" lat="50.00061810751" lon="9.00289386183" />
  <node id="4894" visible="true" version="1" lat="50.00062237859" lon="9.00289604546" />
  <node id="4895" visible="true" version="1" lat="50.00062665666" lon="9.00289819594" />
  <node id="4896" visible="true" version="1" lat="50.0006309416" lon="9.0029003132" />
  <node id="4897" visible="true" version="1" lat="50.00063523331" lon="9.0029023972" />
  <node id="4898" visible="true" version="1" lat="50.00063953169" lon="9.00290444788" />
  <node id="4899" visible="true" version="1" lat="50.00064383662" lon="9.0029064652" />
  <node id="4900" visible="true" version="1" lat="50.000648148" lon="9.00290844909" />
  <node id="4901" visible="true" version="1" lat="50.00065246572" lon="9.00291039952" />
  <node id="4902" visible="true" version="1" lat="50.00065678967" lon="9.00291231643" />
  <node id="4903" visible="true" version="1" lat="50.00066111974" lon="9.00291419978" />
  <node id="4904" visible="true" version="1" lat="50.00066545583" lon="9.00291604951" />
  <node id="4905" visible="true" version="1" lat="50.00066979783" lon="9.00291786559" />
  <node id="4906" visible="true" version="1" lat="50.00067414562" lon="9.00291964796" />
  <node id="4907" visible="true" version="1" lat="50.00067849911" lon="9.00292139658" />
  <node id="4908" visible="true" version="1" lat="50.00068285817" lon="9.00292311142" />
  <node id="4909" visible="true" version="1" lat="50.00068722271" lon="9.00292479241" />
  <node id="4910" visible="true" version="1" lat="50.00069159261" lon="9.00292643953" />
  <node id="4911" visible="true" version="1" lat="50.00069596777" lon="9.00292805274" />
  <node id="4912" visible="true" version="1" lat="50.00070034807" lon="9.00292963198" />
  <node id="4913" visible="true" version="1" lat="50.0007047334" lon="9.00293117723" />
  <node id="4914" visible="true" version="1" lat="50.00070912366" lon="9.00293268843" />
  <node id="4915" visible="true" version="1" lat="50.00071351873" lon="9.00293416557" />
  <node id="4916" visible="true" version="1" lat="50.00071791851" lon="9.00293560859" />
  <node id="4917" visible="true" version="1" lat="50.00072232289" lon="9.00293701747" />
  <node id="4918" visible="true" version="1" lat="50.00072673175" lon="9.00293839216" />
  <node id="4919" visible="true" version="1" lat="50.00073114499" lon="9.00293973264" />
  <node id="4920" visible="true" version="1" lat="50.00073556249" lon="9.00294103887" />
  <node id="4921" visible="true" version="1" lat="50.00073998415" lon="9.00294231081" />
  <node id="4922" visible="true" version="1" lat="50.00074440985" lon="9.00294354844" />
  <node id="4923" visible="true" version="1" lat="50.00074883948" lon="9.00294475172" />
  <node id="4924" visible="true" version="1" lat="50.00075327293" lon="9.00294592063" />
  <node id="4925" visible="true" version="1" lat="50.0007577101" lon="9.00294705513" />
  <node id="4926" visible="true" version="1" lat="50.00076215087" lon="9.0029481552" />
  <node id="4927" visible="true" version="1" lat="50.00076659513" lon="9.00294922081" />
  <node id="4928" visible="true" version="1" lat="50.00077104277" lon="9.00295025192" />
  <node id="4929" visible="true" version="1" lat="50.00077549367" lon="9.00295124853" />
  <node id="4930" visible="true" version="1" lat="50.00077994773" lon="9.0029522106" />
  <node id="4931" visible="true" version="1" lat="50.00078440484" lon="9.0029531381" />
  <node id="4932" visible="true" version="1" lat="50.00078886488" lon="9.00295403102" />
  <node id="4933" visible="true" version="1" lat="50.00079332774" lon="9.00295488933" />
  <node id="4934" visible="true" version="1" lat="50.00079779331" lon="9.00295571301" />
  <node id="4935" visible="true" version="1" lat="50.00080226148" lon="9.00295650204" />
  <node id="4936" visible="true" version="1" lat="50.00080673214" lon="9.00295725641" />
  <node id="4937" visible="true" version="1" lat="50.00081120517" lon="9.00295797608" />
  <node id="4938" visible="true" version="1" lat="50.00081568047" lon="9.00295866104" />
  <node id="4939" visible="true" version="1" lat="50.00082015791" lon="9.00295931129" />
  <node id="4940" visible="true" version="1" lat="50.0008246374" lon="9.00295992679" />
  <node id="4941" visible="true" version="1" lat="50.00082911881" lon="9.00296050754" />
  <node id="4942" visible="true" version="1" lat="50.00083360205" lon="9.00296105351" />
  <node id="4943" visible="true" version="1" lat="50.00083808698" lon="9.00296156471" />
  <node id="4944" visible="true" version="1" lat="50.0008425735" lon="9.0029620411" />
  <node id="4945" visible="true" version="1" lat="50.00084706151" lon="9.00296248269" />
  <node id="4946" visible="true" version="1" lat="50.00085155088" lon="9.00296288946" />
  <node id="4947" visible="true" version="1" lat="50.00085604151" lon="9.0029632614" />
  <node id="4948" visible="true" version="1" lat="50.00086053328" lon="9.0029635985" />
  <node id="4949" visible="true" version="1" lat="50.00086502608" lon="9.00296390075" />
  <node id="4950" visible="true" version="1" lat="50.00086951979" lon="9.00296416815" />
  <node id="4951" visible="true" version="1" lat="50.00087401432" lon="9.00296440068" />
  <node id="4952" visible="true" version="1" lat="50.00087850953" lon="9.00296459835" />
  <node id="4953" visible="true" version="1" lat="50.00088300533" lon="9.00296476115" />
  <node id="4954" visible="true" version="1" lat="50.0008875016" lon="9.00296488907" />
  <node id="4955" visible="true" version="1" lat="50.00089199822" lon="9.00296498211" />
  <node id="4956" visible="true" version="1" lat="50.00089649508" lon="9.00296504027" />
  <node id="4957" visible="true" version="1" lat="50.00090099208" lon="9.00296506354" />
  <node id="4958" visible="true" version="1" lat="50.00090548909" lon="9.00296505193" />
  <node id="4959" visible="true" version="1" lat="50.00090998601" lon="9.00296500544" />
  <node id="4960" visible="true" version="1" lat="50.00091448273" lon="9.00296492406" />
  <node id="4961" visible="true" version="1" lat="50.00091897913" lon="9.0029648078" />
  <node id="4962" visible="true" version="1" lat="50.00092347509" lon="9.00296465667" />
  <node id="4963" visible="true" version="1" lat="50.00092797052" lon="9.00296447066" />
  <node id="4964" visible="true" version="1" lat="50.00093246528" lon="9.00296424978" />
  <node id="4965" visible="true" version="1" lat="50.00093695928" lon="9.00296399404" />
  <node id="4966" visible="true" version="1" lat="50.0009414524" lon="9.00296370344" />
  <node id="4967" visible="true" version="1" lat="50.00094594453" lon="9.00296337799" />
  <node id="4968" visible="true" version="1" lat="50.00095043555" lon="9.0029630177" />
  <node id="4969" visible="true" version="1" lat="50.00095492535" lon="9.00296262258" />
  <node id="4970" visible="true" version="1" lat="50.00095941383" lon="9.00296219263" />
  <node id="4971" visible="true" version="1" lat="50.00096390086" lon="9.00296172787" />
  <node id="4972" visible="true" version="1" lat="50.00096838634" lon="9.00296122831" />
  <node id="4973" visible="true" version="1" lat="50.00097287015" lon="9.00296069396" />
  <node id="4974" visible="true" version="1" lat="50.00097735218" lon="9.00296012484" />
  <node id="4975" visible="true" version="1" lat="50.00098183233" lon="9.00295952095" />
  <node id="4976" visible="true" version="1" lat="50.00098631047" lon="9.00295888232" />
  <node id="4977" visible="true" version="1" lat="50.0009907865" lon="9.00295820896" />
  <node id="4978" visible="true" version="1" lat="50.0009952603" lon="9.00295750089" />
  <node id="4979" visible="true" version="1" lat="50.00099973176" lon="9.00295675812" />
  <node id="4980" visible="true" version="1" lat="50.00100420078" lon="9.00295598067" />
  <node id="4981" visible="true" version="1" lat="50.00100866723" lon="9.00295516857" />
  <node id="4982" visible="true" version="1" lat="50.00101313101" lon="9.00295432183" />
  <node id="4983" visible="true" version="1" lat="50.001017592" lon="9.00295344048" />
  <node id="4984" visible="true" version="1" lat="50.0010220501" lon="9.00295252453" />
  <node id="4985" visible="true" version="1" lat="50.00102650519" lon="9.00295157401" />
  <node id="4986" visible="true" version="1" lat="50.00103095717" lon="9.00295058894" />
  <node id="4987" visible="true" version="1" lat="50.00103540591" lon="9.00294956935" />
  <node id="4988" visible="true" version="1" lat="50.00103985131" lon="9.00294851527" />
  <node id="4989" visible="true" version="1" lat="50.00104429325" lon="9.00294742671" />
  <node id="4990" visible="true" version="1" lat="50.00104873164" lon="9.00294630371" />
  <node id="4991" visible="true" version="1" lat="50.00105316635" lon="9.00294514629" />
  <node id="4992" visible="true" version="1" lat="50.00105759727" lon="9.00294395449" />
  <node id="4993" visible="true" version="1" lat="50.0010620243" lon="9.00294272833" />
  <node id="4994" visible="true" version="1" lat="50.00106644732" lon="9.00294146785" />
  <node id="4995" visible="true" version="1" lat="50.00107086622" lon="9.00294017307" />
  <node id="4996" visible="true" version="1" lat="50.00107528089" lon="9.00293884402" />
  <node id="4997" visible="true" version="1" lat="50.00107969123" lon="9.00293748075" />
  <node id="4998" visible="true" version="1" lat="50.00108409712" lon="9.00293608329" />
  <node id="4999" visible="true" version="1" lat="50.00108849844" lon="9.00293465166" />
  <node id="5000" visible="true" version="1" lat="50.0010928951" lon="9.00293318591" />
  <node id="5001" visible="true" version="1" lat="50.00109728698" lon="9.00293168607" />
  <node id="5002" visible="true" version="1" lat="50.00110167398" lon="9.00293015219" />
  <node id="5003" visible="true" version="1" lat="50.00110605597" lon="9.00292858429" />
  <node id="5004" visible="true" version="1" lat="50.00111043286" lon="9.00292698242" />
  <node id="5005" visible="true" version="1" lat="50.00111480453" lon="9.00292534661" />
  <node id="5006" visible="true" version="1" lat="50.00111917087" lon="9.00292367692" />
  <node id="5007" visible="true" version="1" lat="50.00112353177" lon="9.00292197337" />
  <node id="5008" visible="true" version="1" lat="50.00112788714" lon="9.00292023602" />
  <node id="5009" visible="true" version="1" lat="50.00113223684" lon="9.0029184649" />
  <node id="5010" visible="true" version="1" lat="50.00113658079" lon="9.00291666006" />
  <node id="5011" visible="true" version="1" lat="50.00114091886" lon="9.00291482155" />
  <node id="5012" visible="true" version="1" lat="50.00114525096" lon="9.00291294941" />
  <node id="5013" visible="true" version="1" lat="50.00114957697" lon="9.00291104369" />
  <node id="5014" visible="true" version="1" lat="50.00115389678" lon="9.00290910444" />
  <node id="5015" visible="true" version="1" lat="50.00115821029" lon="9.00290713169" />
  <node id="5016" visible="true" version="1" lat="50.00116251738" lon="9.00290512552" />
  <node id="5017" visible="true" version="1" lat="50.00116681796" lon="9.00290308595" />
  <node id="5018" visible="true" version="1" lat="50.00117111191" lon="9.00290101305" />
  <node id="5019" visible="true" version="1" lat="50.00117539913" lon="9.00289890687" />
  <node id="5020" visible="true" version="1" lat="50.0011796795" lon="9.00289676746" />
  <node id="5021" visible="true" version="1" lat="50.00118395293" lon="9.00289459487" />
  <node id="5022" visible="true" version="1" lat="50.0011882193" lon="9.00289238915" />
  <node id="5023" visible="true" version="1" lat="50.0011924785" lon="9.00289015037" />
  <node id="5024" visible="true" version="1" lat="50.00119673044" lon="9.00288787858" />
  <node id="5025" visible="true" version="1" lat="50.00120097501" lon="9.00288557383" />
  <node id="5026" visible="true" version="1" lat="50.00120521209" lon="9.00288323619" />
  <node id="5027" visible="true" version="1" lat="50.00120944159" lon="9.0028808657" />
  <node id="5028" visible="true" version="1" lat="50.0012136634" lon="9.00287846244" />
  <node id="5029" visible="true" version="1" lat="50.00121787741" lon="9.00287602645" />
  <node id="5030" visible="true" version="1" lat="50.00122208351" lon="9.00287355781" />
  <node id="5031" visible="true" version="1" lat="50.0012262816" lon="9.00287105657" />
  <node id="5032" visible="true" version="1" lat="50.00123047159" lon="9.0028685228" />
  <node id="5033" visible="true" version="1" lat="50.00123465335" lon="9.00286595655" />
  <node id="5034" visible="true" version="1" lat="50.00123882679" lon="9.0028633579" />
  <node id="5035" visible="true" version="1" lat="50.0012429918" lon="9.0028607269" />
  <node id="5036" visible="true" version="1" lat="50.00124714829" lon="9.00285806363" />
  <node id="5037" visible="true" version="1" lat="50.00125129613" lon="9.00285536815" />
  <node id="5038" visible="true" version="1" lat="50.00125543524" lon="9.00285264053" />
  <node id="5039" visible="true" version="1" lat="50.00125956551" lon="9.00284988083" />
  <node id="5040" visible="true" version="1" lat="50.00126368683" lon="9.00284708913" />
  <node id="5041" visible="true" version="1" lat="50.0012677991" lon="9.00284426549" />
  <node id="5042" visible="true" version="1" lat="50.00127190222" lon="9.00284140999" />
  <node id="5043" visible="true" version="1" lat="50.00127599609" lon="9.00283852269" />
  <node id="5044" visible="true" version="1" lat="50.0012800806" lon="9.00283560367" />
  <node id="5045" visible="true" version="1" lat="50.00128415565" lon="9.002832653" />
  <node id="5046" visible="true" version="1" lat="50.00128822114" lon="9.00282967076" />
  <node id="5047" visible="true" version="1" lat="50.00129227697" lon="9.00282665702" />
  <node id="5048" visible="true" version="1" lat="50.00129632303" lon="9.00282361186" />
  <node id="5049" visible="true" version="1" lat="50.00130035923" lon="9.00282053534" />
  <node id="5050" visible="true" version="1" lat="50.00130438547" lon="9.00281742756" />
  <node id="5051" visible="true" version="1" lat="50.00130840164" lon="9.00281428858" />
  <node id="5052" visible="true" version="1" lat="50.00131240764" lon="9.00281111848" />
  <node id="5053" visible="true" version="1" lat="50.00131640338" lon="9.00280791735" />
  <node id="5054" visible="true" version="1" lat="50.00132038875" lon="9.00280468526" />
  <node id="5055" visible="true" version="1" lat="50.00132436365" lon="9.0028014223" />
  <node id="5056" visible="true" version="1" lat="50.00132832799" lon="9.00279812854" />
  <node id="5057" visible="true" version="1" lat="50.00133228166" lon="9.00279480407" />
  <node id="5058" visible="true" version="1" lat="50.00133622457" lon="9.00279144897" />
  <node id="5059" visible="true" version="1" lat="50.00134015662" lon="9.00278806333" />
  <node id="5060" visible="true" version="1" lat="50.0013440777" lon="9.00278464723" />
  <node id="5061" visible="true" version="1" lat="50.00134798773" lon="9.00278120075" />
  <node id="5062" visible="true" version="1" lat="50.0013518866" lon="9.00277772399" />
  <node id="5063" visible="true" version="1" lat="50.00135577422" lon="9.00277421702" />
  <node id="5064" visible="true" version="1" lat="50.00135965049" lon="9.00277067994" />
  <node id="5065" visible="true" version="1" lat="50.00136351531" lon="9.00276711284" />
  <node id="5066" visible="true" version="1" lat="50.00136736858" lon="9.0027635158" />
  <node id="5067" visible="true" version="1" lat="50.00137121022" lon="9.00275988891" />
  <node id="5068" visible="true" version="1" lat="50.00137504011" lon="9.00275623227" />
  <node id="5069" visible="true" version="1" lat="50.00137885818" lon="9.00275254596" />
  <node id="5070" visible="true" version="1" lat="50.00138266432" lon="9.00274883008" />
  <node id="5071" visible="true" version="1" lat="50.00138645843" lon="9.00274508472" />
  <node id="5072" visible="true" version="1" lat="50.00139024043" lon="9.00274130998" />
  <node id="5073" visible="true" version="1" lat="50.00139401021" lon="9.00273750594" />
  <node id="5074" visible="true" version="1" lat="50.00139776769" lon="9.00273367271" />
  <node id="5075" visible="true" version="1" lat="50.00140151276" lon="9.00272981038" />
  <node id="5076" visible="true" version="1" lat="50.00140524534" lon="9.00272591904" />
  <node id="5077" visible="true" version="1" lat="50.00140896534" lon="9.0027219988" />
  <node id="5078" visible="true" version="1" lat="50.00141267265" lon="9.00271804975" />
  <node id="5079" visible="true" version="1" lat="50.00141636719" lon="9.00271407199" />
  <node id="5080" visible="true" version="1" lat="50.00142004886" lon="9.00271006562" />
  <node id="5081" visible="true" version="1" lat="50.00142371758" lon="9.00270603074" />
  <node id="5082" visible="true" version="1" lat="50.00142737324" lon="9.00270196745" />
  <node id="5083" visible="true" version="1" lat="50.00143101577" lon="9.00269787585" />
  <node id="5084" visible="true" version="1" lat="50.00143464506" lon="9.00269375605" />
  <node id="5085" visible="true" version="1" lat="50.00143826103" lon="9.00268960815" />
  <node id="5086" visible="true" version="1" lat="50.00144186359" lon="9.00268543224" />
  <node id="5087" visible="true" version="1" lat="50.00144545264" lon="9.00268122845" />
  <node id="5088" visible="true" version="1" lat="50.00144902811" lon="9.00267699686" />
  <node id="5089" visible="true" version="1" lat="50.00145258989" lon="9.00267273759" />
  <node id="5090" visible="true" version="1" lat="50.00145613789" lon="9.00266845074" />
  <node id="5091" visible="true" version="1" lat="50.00145967204" lon="9.00266413642" />
  <node id="5092" visible="true" version="1" lat="50.00146319224" lon="9.00265979475" />
  <node id="5093" visible="true" version="1" lat="50.0014666984" lon="9.00265542581" />
  <node id="5094" visible="true" version="1" lat="50.00147019044" lon="9.00265102974" />
  <node id="5095" visible="true" version="1" lat="50.00147366827" lon="9.00264660663" />
  <node id="5096" visible="true" version="1" lat="50.0014771318" lon="9.00264215659" />
  <node id="5097" visible="true" version="1" lat="50.00148058094" lon="9.00263767975" />
  <node id="5098" visible="true" version="1" lat="50.00148401562" lon="9.0026331762" />
  <node id="5099" visible="true" version="1" lat="50.00148743573" lon="9.00262864607" />
  <node id="5100" visible="true" version="1" lat="50.0014908412" lon="9.00262408946" />
  <node id="5101" visible="true" version="1" lat="50.00149423195" lon="9.00261950649" />
  <node id="5102" visible="true" version="1" lat="50.00149760788" lon="9.00261489727" />
  <node id="5103" visible="true" version="1" lat="50.00150096892" lon="9.00261026192" />
  <node id="5104" visible="true" version="1" lat="50.00150431498" lon="9.00260560056" />
  <node id="5105" visible="true" version="1" lat="50.00150764597" lon="9.0026009133" />
  <node id="5106" visible="true" version="1" lat="50.00151096181" lon="9.00259620026" />
  <node id="5107" visible="true" version="1" lat="50.00151426242" lon="9.00259146155" />
  <node id="5108" visible="true" version="1" lat="50.00151754772" lon="9.0025866973" />
  <node id="5109" visible="true" version="1" lat="50.00152081763" lon="9.00258190763" />
  <node id="5110" visible="true" version="1" lat="50.00152407205" lon="9.00257709264" />
  <node id="5111" visible="true" version="1" lat="50.00152731092" lon="9.00257225247" />
  <node id="5112" visible="true" version="1" lat="50.00153053415" lon="9.00256738724" />
  <node id="5113" visible="true" version="1" lat="50.00153374166" lon="9.00256249707" />
  <node id="5114" visible="true" version="1" lat="50.00153693337" lon="9.00255758207" />
  <node id="5115" visible="true" version="1" lat="50.0015401092" lon="9.00255264237" />
  <node id="5116" visible="true" version="1" lat="50.00154326907" lon="9.0025476781" />
  <node id="5117" visible="true" version="1" lat="50.0015464129" lon="9.00254268938" />
  <node id="5118" visible="true" version="1" lat="50.00154954061" lon="9.00253767634" />
  <node id="5119" visible="true" version="1" lat="50.00155265213" lon="9.00253263909" />
  <node id="5120" visible="true" version="1" lat="50.00155574738" lon="9.00252757777" />
  <node id="5121" visible="true" version="1" lat="50.00155882627" lon="9.0025224925" />
  <node id="5122" visible="true" version="1" lat="50.00156188874" lon="9.00251738341" />
  <node id="5123" visible="true" version="1" lat="50.0015649347" lon="9.00251225063" />
  <node id="5124" visible="true" version="1" lat="50.00156796409" lon="9.00250709428" />
  <node id="5125" visible="true" version="1" lat="50.00157097681" lon="9.0025019145" />
  <node id="5126" visible="true" version="1" lat="50.00157397281" lon="9.00249671141" />
  <node id="5127" visible="true" version="1" lat="50.001576952" lon="9.00249148514" />
  <node id="5128" visible="true" version="1" lat="50.00157991431" lon="9.00248623583" />
  <node id="5129" visible="true" version="1" lat="50.00158285967" lon="9.0024809636" />
  <node id="5130" visible="true" version="1" lat="50.001585788" lon="9.00247566859" />
  <node id="5131" visible="true" version="1" lat="50.00158869922" lon="9.00247035093" />
  <node id="5132" visible="true" version="1" lat="50.00159159327" lon="9.00246501076" />
  <node id="5133" visible="true" version="1" lat="50.00159447008" lon="9.0024596482" />
  <node id="5134" visible="true" version="1" lat="50.00159732957" lon="9.00245426339" />
  <node id="5135" visible="true" version="1" lat="50.00160017166" lon="9.00244885646" />
  <node id="5136" visible="true" version="1" lat="50.0016029963" lon="9.00244342756" />
  <node id="5137" visible="true" version="1" lat="50.0016058034" lon="9.00243797681" />
  <node id="5138" visible="true" version="1" lat="50.00160859291" lon="9.00243250435" />
  <node id="5139" visible="true" version="1" lat="50.00161136474" lon="9.00242701033" />
  <node id="5140" visible="true" version="1" lat="50.00161411883" lon="9.00242149486" />
  <node id="5141" visible="true" version="1" lat="50.00161685511" lon="9.00241595811" />
  <node id="5142" visible="true" version="1" lat="50.00161957351" lon="9.00241040019" />
  <node id="5143" visible="true" version="1" lat="50.00162227396" lon="9.00240482126" />
  <node id="5144" visible="true" version="1" lat="50.00162495641" lon="9.00239922145" />
  <node id="5145" visible="true" version="1" lat="50.00162762077" lon="9.0023936009" />
  <node id="5146" visible="true" version="1" lat="50.00163026698" lon="9.00238795975" />
  <node id="5147" visible="true" version="1" lat="50.00163289498" lon="9.00238229814" />
  <node id="5148" visible="true" version="1" lat="50.0016355047" lon="9.00237661622" />
  <node id="5149" visible="true" version="1" lat="50.00163809608" lon="9.00237091412" />
  <node id="5150" visible="true" version="1" lat="50.00164066905" lon="9.00236519199" />
  <node id="5151" visible="true" version="1" lat="50.00164322355" lon="9.00235944997" />
  <node id="5152" visible="true" version="1" lat="50.0016457595" lon="9.00235368821" />
  <node id="5153" visible="true" version="1" lat="50.00164827686" lon="9.00234790685" />
  <node id="5154" visible="true" version="1" lat="50.00165077555" lon="9.00234210603" />
  <node id="5155" visible="true" version="1" lat="50.00165325552" lon="9.0023362859" />
  <node id="5156" visible="true" version="1" lat="50.0016557167" lon="9.00233044661" />
  <node id="5157" visible="true" version="1" lat="50.00165815903" lon="9.0023245883" />
  <node id="5158" visible="true" version="1" lat="50.00166058244" lon="9.00231871111" />
  <node id="5159" visible="true" version="1" lat="50.00166298689" lon="9.00231281519" />
  <node id="5160" visible="true" version="1" lat="50.0016653723" lon="9.0023069007" />
  <node id="5161" visible="true" version="1" lat="50.00166773863" lon="9.00230096778" />
  <node id="5162" visible="true" version="1" lat="50.0016700858" lon="9.00229501657" />
  <node id="5163" visible="true" version="1" lat="50.00167241377" lon="9.00228904723" />
  <node id="5164" visible="true" version="1" lat="50.00167472246" lon="9.00228305991" />
  <node id="5165" visible="true" version="1" lat="50.00167701184" lon="9.00227705475" />
  <node id="5166" visible="true" version="1" lat="50.00167928183" lon="9.00227103191" />
  <node id="5167" visible="true" version="1" lat="50.00168153238" lon="9.00226499153" />
  <node id="5168" visible="true" version="1" lat="50.00168376344" lon="9.00225893377" />
  <node id="5169" visible="true" version="1" lat="50.00168597494" lon="9.00225285877" />
  <node id="5170" visible="true" version="1" lat="50.00168816684" lon="9.0022467667" />
  <node id="5171" visible="true" version="1" lat="50.00169033908" lon="9.0022406577" />
  <node id="5172" visible="true" version="1" lat="50.0016924916" lon="9.00223453193" />
  <node id="5173" visible="true" version="1" lat="50.00169462436" lon="9.00222838953" />
  <node id="5174" visible="true" version="1" lat="50.00169673729" lon="9.00222223066" />
  <node id="5175" visible="true" version="1" lat="50.00169883034" lon="9.00221605549" />
  <node id="5176" visible="true" version="1" lat="50.00170090347" lon="9.00220986415" />
  <node id="5177" visible="true" version="1" lat="50.00170295662" lon="9.0022036568" />
  <node id="5178" visible="true" version="1" lat="50.00170498974" lon="9.00219743361" />
  <node id="5179" visible="true" version="1" lat="50.00170700278" lon="9.00219119472" />
  <node id="5180" visible="true" version="1" lat="50.00170899568" lon="9.0021849403" />
  <node id="5181" visible="true" version="1" lat="50.0017109684" lon="9.00217867049" />
  <node id="5182" visible="true" version="1" lat="50.0017129209" lon="9.00217238546" />
  <node id="5183" visible="true" version="1" lat="50.00171485311" lon="9.00216608536" />
  <node id="5184" visible="true" version="1" lat="50.00171676499" lon="9.00215977034" />
  <node id="5185" visible="true" version="1" lat="50.0017186565" lon="9.00215344058" />
  <node id="5186" visible="true" version="1" lat="50.00172052758" lon="9.00214709622" />
  <node id="5187" visible="true" version="1" lat="50.0017223782" lon="9.00214073743" />
  <node id="5188" visible="true" version="1" lat="50.0017242083" lon="9.00213436436" />
  <node id="5189" visible="true" version="1" lat="50.00172601783" lon="9.00212797717" />
  <node id="5190" visible="true" version="1" lat="50.00172780676" lon="9.00212157603" />
  <node id="5191" visible="true" version="1" lat="50.00172957504" lon="9.00211516108" />
  <node id="5192" visible="true" version="1" lat="50.00173132262" lon="9.0021087325" />
  <node id="5193" visible="true" version="1" lat="50.00173304946" lon="9.00210229045" />
  <node id="5194" visible="true" version="1" lat="50.00173475552" lon="9.00209583507" />
  <node id="5195" visible="true" version="1" lat="50.00173644075" lon="9.00208936655" />
  <node id="5196" visible="true" version="1" lat="50.00173810511" lon="9.00208288503" />
  <node id="5197" visible="true" version="1" lat="50.00173974857" lon="9.00207639068" />
  <node id="5198" visible="true" version="1" lat="50.00174137107" lon="9.00206988366" />
  <node id="5199" visible="true" version="1" lat="50.00174297258" lon="9.00206336414" />
  <node id="5200" visible="true" version="1" lat="50.00174455306" lon="9.00205683227" />
  <node id="5201" visible="true" version="1" lat="50.00174611247" lon="9.00205028823" />
  <node id="5202" visible="true" version="1" lat="50.00174765077" lon="9.00204373217" />
  <node id="5203" visible="true" version="1" lat="50.00174916793" lon="9.00203716426" />
  <node id="5204" visible="true" version="1" lat="50.00175066389" lon="9.00203058466" />
  <node id="5205" visible="true" version="1" lat="50.00175213863" lon="9.00202399354" />
  <node id="5206" visible="true" version="1" lat="50.00175359212" lon="9.00201739106" />
  <node id="5207" visible="true" version="1" lat="50.0017550243" lon="9.00201077739" />
  <node id="5208" visible="true" version="1" lat="50.00175643516" lon="9.00200415269" />
  <node id="5209" visible="true" version="1" lat="50.00175782464" lon="9.00199751713" />
  <node id="5210" visible="true" version="1" lat="50.00175919272" lon="9.00199087088" />
  <node id="5211" visible="true" version="1" lat="50.00176053937" lon="9.00198421409" />
  <node id="5212" visible="true" version="1" lat="50.00176186455" lon="9.00197754694" />
  <node id="5213" visible="true" version="1" lat="50.00176316822" lon="9.00197086959" />
  <node id="5214" visible="true" version="1" lat="50.00176445035" lon="9.00196418221" />
  <node id="5215" visible="true" version="1" lat="50.00176571092" lon="9.00195748497" />
  <node id="5216" visible="true" version="1" lat="50.00176694989" lon="9.00195077804" />
  <node id="5217" visible="true" version="1" lat="50.00176816723" lon="9.00194406158" />
  <node id="5218" visible="true" version="1" lat="50.0017693629" lon="9.00193733575" />
  <node id="5219" visible="true" version="1" lat="50.00177053689" lon="9.00193060074" />
  <node id="5220" visible="true" version="1" lat="50.00177168915" lon="9.0019238567" />
  <node id="5221" visible="true" version="1" lat="50.00177281967" lon="9.00191710381" />
  <node id="5222" visible="true" version="1" lat="50.00177392841" lon="9.00191034224" />
  <node id="5223" visible="true" version="1" lat="50.00177501534" lon="9.00190357214" />
  <node id="5224" visible="true" version="1" lat="50.00177608044" lon="9.0018967937" />
  <node id="5225" visible="true" version="1" lat="50.00177712368" lon="9.00189000709" />
  <node id="5226" visible="true" version="1" lat="50.00177814504" lon="9.00188321246" />
  <node id="5227" visible="true" version="1" lat="50.00177914449" lon="9.00187640999" />
  <node id="5228" visible="true" version="1" lat="50.001780122" lon="9.00186959986" />
  <node id="5229" visible="true" version="1" lat="50.00178107755" lon="9.00186278223" />
  <node id="5230" visible="true" version="1" lat="50.00178201111" lon="9.00185595727" />
  <node id="5231" visible="true" version="1" lat="50.00178292267" lon="9.00184912516" />
  <node id="5232" visible="true" version="1" lat="50.0017838122" lon="9.00184228605" />
  <node id="5233" visible="true" version="1" lat="50.00178467968" lon="9.00183544014" />
  <node id="5234" visible="true" version="1" lat="50.00178552508" lon="9.00182858758" />
  <node id="5235" visible="true" version="1" lat="50.00178634839" lon="9.00182172854" />
  <node id="5236" visible="true" version="1" lat="50.00178714958" lon="9.00181486321" />
  <node id="5237" visible="true" version="1" lat="50.00178792864" lon="9.00180799175" />
  <node id="5238" visible="true" version="1" lat="50.00178868554" lon="9.00180111433" />
  <node id="5239" visible="true" version="1" lat="50.00178942027" lon="9.00179423112" />
  <node id="5240" visible="true" version="1" lat="50.00179013281" lon="9.0017873423" />
  <node id="5241" visible="true" version="1" lat="50.00179082313" lon="9.00178044804" />
  <node id="5242" visible="true" version="1" lat="50.00179149123" lon="9.0017735485" />
  <node id="5243" visible="true" version="1" lat="50.00179213708" lon="9.00176664388" />
  <node id="5244" visible="true" version="1" lat="50.00179276067" lon="9.00175973432" />
  <node id="5245" visible="true" version="1" lat="50.00179336199" lon="9.00175282002" />
  <node id="5246" visible="true" version="1" lat="50.00179394101" lon="9.00174590114" />
  <node id="5247" visible="true" version="1" lat="50.00179449773" lon="9.00173897785" />
  <node id="5248" visible="true" version="1" lat="50.00179503214" lon="9.00173205034" />
  <node id="5249" visible="true" version="1" lat="50.0017955442" lon="9.00172511876" />
  <node id="5250" visible="true" version="1" lat="50.00179603393" lon="9.00171818329" />
  <node id="5251" visible="true" version="1" lat="50.00179650129" lon="9.00171124412" />
  <node id="5252" visible="true" version="1" lat="50.00179694629" lon="9.0017043014" />
  <node id="5253" visible="true" version="1" lat="50.0017973689" lon="9.00169735532" />
  <node id="5254" visible="true" version="1" lat="50.00179776912" lon="9.00169040605" />
  <node id="5255" visible="true" version="1" lat="50.00179814694" lon="9.00168345376" />
  <node id="5256" visible="true" version="1" lat="50.00179850236" lon="9.00167649863" />
  <node id="5257" visible="true" version="1" lat="50.00179883535" lon="9.00166954082" />
  <node id="5258" visible="true" version="1" lat="50.00179914591" lon="9.00166258052" />
  <node id="5259" visible="true" version="1" lat="50.00179943404" lon="9.0016556179" />
  <node id="5260" visible="true" version="1" lat="50.00179969973" lon="9.00164865313" />
  <node id="5261" visible="true" version="1" lat="50.00179994296" lon="9.00164168639" />
  <node id="5262" visible="true" version="1" lat="50.00180016374" lon="9.00163471784" />
  <node id="5263" visible="true" version="1" lat="50.00180036206" lon="9.00162774767" />
  <node id="5264" visible="true" version="1" lat="50.00180053791" lon="9.00162077605" />
  <node id="5265" visible="true" version="1" lat="50.0018006913" lon="9.00161380315" />
  <node id="5266" visible="true" version="1" lat="50.00180082221" lon="9.00160682915" />
  <node id="5267" visible="true" version="1" lat="50.00180093064" lon="9.00159985422" />
  <node id="5268" visible="true" version="1" lat="50.00180101659" lon="9.00159287854" />
  <way id="1853" visible="true" version="1">
    <nd ref="1000" />
    <nd ref="1001" />
    <nd ref="1002" />
    <nd ref="1003" />
    <nd ref="1004" />
    <nd ref="1005" />
    <nd ref="1006" />
    <nd ref="1007" />
    <nd ref="1008" />
    <nd ref="1009" />
    <nd ref="1010" />
    <nd ref="1011" />
    <nd ref="1012" />
    <nd ref="1013" />
    <nd ref="1014" />
    <nd ref="1015" />
    <nd ref="1016" />
    <nd ref="1017" />
    <nd ref="1018" />
    <nd ref="1019" />
    <nd ref="1020" />
    <nd ref="1021" />
    <nd ref="1022" />
    <nd ref="1023" />
    <nd ref="1024" />
    <nd ref="1025" />
    <nd ref="1026" />
    <nd ref="1027" />
    <nd ref="1028" />
    <nd ref="1029" />
    <nd ref="1030" />
    <nd ref="1031" />
    <nd ref="1032" />
    <nd ref="1033" />
    <nd ref="1034" />
    <nd ref="1035" />
    <nd ref="1036" />
    <nd ref="1037" />
    <nd ref="1038" />
    <nd ref="1039" />
    <nd ref="1040" />
    <nd ref="1041" />
    <nd ref="1042" />
    <nd ref="1043" />
    <nd ref="1044" />
    <nd ref="1045" />
    <nd ref="1046" />
    <nd ref="1047" />
    <nd ref="1048" />
    <nd ref="1049" />
    <nd ref="1050" />
    <nd ref="1051" />
    <nd ref="1052" />
    <nd ref="1053" />
    <nd ref="1054" />
    <nd ref="1055" />
    <nd ref="1056" />
    <nd ref="1057" />
    <nd ref="1058" />
    <nd ref="1059" />
    <nd ref="1060" />
    <nd ref="1061" />
    <nd ref="1062" />
    <nd ref="1063" />
    <nd ref="1064" />
    <nd ref="1065" />
    <nd ref="1066" />
    <nd ref="1067" />
    <nd ref="1068" />
    <nd ref="1069" />
    <nd ref="1070" />
    <nd ref="1071" />
    <nd ref="1072" />
    <nd ref="1073" />
    <nd ref="1074" />
    <nd ref="1075" />
    <nd ref="1076" />
    <nd ref="1077" />
    <nd ref="1078" />
    <nd ref="1079" />
    <nd ref="1080" />
    <nd ref="1081" />
    <nd ref="1082" />
    <nd ref="1083" />
    <nd ref="1084" />
    <nd ref="1085" />
    <nd ref="1086" />
    <nd ref="1087" />
    <nd ref="1088" />
    <nd ref="1089" />
    <nd ref="1090" />
    <nd ref="1091" />
    <nd ref="1092" />
    <nd ref="1093" />
    <nd ref="1094" />
    <nd ref="1095" />
    <nd ref="1096" />
    <nd ref="1097" />
    <nd ref="1098" />
    <nd ref="1099" />
    <nd ref="1100" />
    <nd ref="1101" />
    <nd ref="1102" />
    <nd ref="1103" />
    <nd ref="1104" />
    <nd ref="1105" />
    <nd ref="1106" />
    <nd ref="1107" />
    <nd ref="1108" />
    <nd ref="1109" />
    <nd ref="1110" />
    <nd ref="1111" />
    <nd ref="1112" />
    <nd ref="1113" />
    <nd ref="1114" />
    <nd ref="1115" />
    <nd ref="1116" />
    <nd ref="1117" />
    <nd ref="1118" />
    <nd ref="1119" />
    <nd ref="1120" />
    <nd ref="1121" />
    <nd ref="1122" />
    <nd ref="1123" />
    <nd ref="1124" />
    <nd ref="1125" />
    <nd ref="1126" />
    <nd ref="1127" />
    <nd ref="1128" />
    <nd ref="1129" />
    <nd ref="1130" />
    <nd ref="1131" />
    <nd ref="1132" />
    <nd ref="1133" />
    <nd ref="1134" />
    <nd ref="1135" />
    <nd ref="1136" />
    <nd ref="1137" />
    <nd ref="1138" />
    <nd ref="1139" />
    <nd ref="1140" />
    <nd ref="1141" />
    <nd ref="1142" />
    <nd ref="1143" />
    <nd ref="1144" />
    <nd ref="1145" />
    <nd ref="1146" />
    <nd ref="1147" />
    <nd ref="1148" />
    <nd ref="1149" />
    <nd ref="1150" />
    <nd ref="1151" />
    <nd ref="1152" />
    <nd ref="1153" />
    <nd ref="1154" />
    <nd ref="1155" />
    <nd ref="1156" />
    <nd ref="1157" />
    <nd ref="1158" />
    <nd ref="1159" />
    <nd ref="1160" />
    <nd ref="1161" />
    <nd ref="1162" />
    <nd ref="1163" />
    <nd ref="1164" />
    <nd ref="1165" />
    <nd ref="1166" />
    <nd ref="1167" />
    <nd ref="1168" />
    <nd ref="1169" />
    <nd ref="1170" />
    <nd ref="1171" />
    <nd ref="1172" />
    <nd ref="1173" />
    <nd ref="1174" />
    <nd ref="1175" />
    <nd ref="1176" />
    <nd ref="1177" />
    <nd ref="1178" />
    <nd ref="1179" />
    <nd ref="1180" />
    <nd ref="1181" />
    <nd ref="1182" />
    <nd ref="1183" />
    <nd ref="1184" />
    <nd ref="1185" />
    <nd ref="1186" />
    <nd ref="1187" />
    <nd ref="1188" />
    <nd ref="1189" />
    <nd ref="1190" />
    <nd ref="1191" />
    <nd ref="1192" />
    <nd ref="1193" />
    <nd ref="1194" />
    <nd ref="1195" />
    <nd ref="1196" />
    <nd ref="1197" />
    <nd ref="1198" />
    <nd ref="1199" />
    <nd ref="1200" />
    <nd ref="1201" />
    <nd ref="1202" />
    <nd ref="1203" />
    <nd ref="1204" />
    <nd ref="1205" />
    <nd ref="1206" />
    <nd ref="1207" />
    <nd ref="1208" />
    <nd ref="1209" />
    <nd ref="1210" />
    <nd ref="1211" />
    <nd ref="1212" />
    <nd ref="1213" />
    <nd ref="1214" />
    <nd ref="1215" />
    <nd ref="1216" />
    <nd ref="1217" />
    <nd ref="1218" />
    <nd ref="1219" />
    <nd ref="1220" />
    <nd ref="1221" />
    <nd ref="1222" />
    <nd ref="1223" />
    <nd ref="1224" />
    <nd ref="1225" />
    <nd ref="1226" />
    <nd ref="1227" />
    <nd ref="1228" />
    <nd ref="1229" />
    <nd ref="1230" />
    <nd ref="1231" />
    <nd ref="1232" />
    <nd ref="1233" />
    <nd ref="1234" />
    <nd ref="1235" />
    <nd ref="1236" />
    <nd ref="1237" />
    <nd ref="1238" />
    <nd ref="1239" />
    <nd ref="1240" />
    <nd ref="1241" />
    <nd ref="1242" />
    <nd ref="1243" />
    <nd ref="1244" />
    <nd ref="1245" />
    <nd ref="1246" />
    <nd ref="1247" />
    <nd ref="1248" />
    <nd ref="1249" />
    <nd ref="1250" />
    <nd ref="1251" />
    <nd ref="1252" />
    <nd ref="1253" />
    <nd ref="1254" />
    <nd ref="1255" />
    <nd ref="1256" />
    <nd ref="1257" />
    <nd ref="1258" />
    <nd ref="1259" />
    <nd ref="1260" />
    <nd ref="1261" />
    <nd ref="1262" />
    <nd ref="1263" />
    <nd ref="1264" />
    <nd ref="1265" />
    <nd ref="1266" />
    <nd ref="1267" />
    <nd ref="1268" />
    <nd ref="1269" />
    <nd ref="1270" />
    <nd ref="1271" />
    <nd ref="1272" />
    <nd ref="1273" />
    <nd ref="1274" />
    <nd ref="1275" />
    <nd ref="1276" />
    <nd ref="1277" />
    <nd ref="1278" />
    <nd ref="1279" />
    <nd ref="1280" />
    <nd ref="1281" />
    <nd ref="1282" />
    <nd ref="1283" />
    <nd ref="1284" />
    <nd ref="1285" />
    <nd ref="1286" />
    <nd ref="1287" />
    <nd ref="1288" />
    <nd ref="1289" />
    <nd ref="1290" />
    <nd ref="1291" />
    <nd ref="1292" />
    <nd ref="1293" />
    <nd ref="1294" />
    <nd ref="1295" />
    <nd ref="1296" />
    <nd ref="1297" />
    <nd ref="1298" />
    <nd ref="1299" />
    <nd ref="1300" />
    <nd ref="1301" />
    <nd ref="1302" />
    <nd ref="1303" />
    <nd ref="1304" />
    <nd ref="1305" />
    <nd ref="1306" />
    <nd ref="1307" />
    <nd ref="1308" />
    <nd ref="1309" />
    <nd ref="1310" />
    <nd ref="1311" />
    <nd ref="1312" />
    <nd ref="1313" />
    <nd ref="1314" />
    <nd ref="1315" />
    <nd ref="1316" />
    <nd ref="1317" />
    <nd ref="1318" />
    <nd ref="1319" />
    <nd ref="1320" />
    <nd ref="1321" />
    <nd ref="1322" />
    <nd ref="1323" />
    <nd ref="1324" />
    <nd ref="1325" />
    <nd ref="1326" />
    <nd ref="1327" />
    <nd ref="1328" />
    <nd ref="1329" />
    <nd ref="1330" />
    <nd ref="1331" />
    <nd ref="1332" />
    <nd ref="1333" />
    <nd ref="1334" />
    <nd ref="1335" />
    <nd ref="1336" />
    <nd ref="1337" />
    <nd ref="1338" />
    <nd ref="1339" />
    <nd ref="1340" />
    <nd ref="1341" />
    <nd ref="1342" />
    <nd ref="1343" />
    <nd ref="1344" />
    <nd ref="1345" />
    <nd ref="1346" />
    <nd ref="1347" />
    <nd ref="1348" />
    <nd ref="1349" />
    <nd ref="1350" />
    <nd ref="1351" />
    <nd ref="1352" />
    <nd ref="1353" />
    <nd ref="1354" />
    <nd ref="1355" />
    <nd ref="1356" />
    <nd ref="1357" />
    <nd ref="1358" />
    <nd ref="1359" />
    <nd ref="1360" />
    <nd ref="1361" />
    <nd ref="1362" />
    <nd ref="1363" />
    <nd ref="1364" />
    <nd ref="1365" />
    <nd ref="1366" />
    <nd ref="1367" />
    <nd ref="1368" />
    <nd ref="1369" />
    <nd ref="1370" />
    <nd ref="1371" />
    <nd ref="1372" />
    <nd ref="1373" />
    <nd ref="1374" />
    <nd ref="1375" />
    <nd ref="1376" />
    <nd ref="1377" />
    <nd ref="1378" />
    <nd ref="1379" />
    <nd ref="1380" />
    <nd ref="1381" />
    <nd ref="1382" />
    <nd ref="1383" />
    <nd ref="1384" />
    <nd ref="1385" />
    <nd ref="1386" />
    <nd ref="1387" />
    <nd ref="1388" />
    <nd ref="1389" />
    <nd ref="1390" />
    <nd ref="1391" />
    <nd ref="1392" />
    <nd ref="1393" />
    <nd ref="1394" />
    <nd ref="1395" />
    <nd ref="1396" />
    <nd ref="1397" />
    <nd ref="1398" />
    <nd ref="1399" />
    <nd ref="1400" />
    <nd ref="1401" />
    <nd ref="1402" />
    <nd ref="1403" />
    <nd ref="1404" />
    <nd ref="1405" />
    <nd ref="1406" />
    <nd ref="1407" />
    <nd ref="1408" />
    <nd ref="1409" />
    <nd ref="1410" />
    <nd ref="1411" />
    <nd ref="1412" />
    <nd ref="1413" />
    <nd ref="1414" />
    <nd ref="1415" />
    <nd ref="1416" />
    <nd ref="1417" />
    <nd ref="1418" />
    <nd ref="1419" />
    <nd ref="1420" />
    <nd ref="1421" />
    <nd ref="1422" />
    <nd ref="1423" />
    <nd ref="1424" />
    <nd ref="1425" />
    <nd ref="1426" />
    <nd ref="1427" />
    <nd ref="1428" />
    <nd ref="1429" />
    <nd ref="1430" />
    <nd ref="1431" />
    <nd ref="1432" />
    <nd ref="1433" />
    <nd ref="1434" />
    <nd ref="1435" />
    <nd ref="1436" />
    <nd ref="1437" />
    <nd ref="1438" />
    <nd ref="1439" />
    <nd ref="1440" />
    <nd ref="1441" />
    <nd ref="1442" />
    <nd ref="1443" />
    <nd ref="1444" />
    <nd ref="1445" />
    <nd ref="1446" />
    <nd ref="1447" />
    <nd ref="1448" />
    <nd ref="1449" />
    <nd ref="1450" />
    <nd ref="1451" />
    <nd ref="1452" />
    <nd ref="1453" />
    <nd ref="1454" />
    <nd ref="1455" />
    <nd ref="1456" />
    <nd ref="1457" />
    <nd ref="1458" />
    <nd ref="1459" />
    <nd ref="1460" />
    <nd ref="1461" />
    <nd ref="1462" />
    <nd ref="1463" />
    <nd ref="1464" />
    <nd ref="1465" />
    <nd ref="1466" />
    <nd ref="1467" />
    <nd ref="1468" />
    <nd ref="1469" />
    <nd ref="1470" />
    <nd ref="1471" />
    <nd ref="1472" />
    <nd ref="1473" />
    <nd ref="1474" />
    <nd ref="1475" />
    <nd ref="1476" />
    <nd ref="1477" />
    <nd ref="1478" />
    <nd ref="1479" />
    <nd ref="1480" />
    <nd ref="1481" />
    <nd ref="1482" />
    <nd ref="1483" />
    <nd ref="1484" />
    <nd ref="1485" />
    <nd ref="1486" />
    <nd ref="1487" />
    <nd ref="1488" />
    <nd ref="1489" />
    <nd ref="1490" />
    <nd ref="1491" />
    <nd ref="1492" />
    <nd ref="1493" />
    <nd ref="1494" />
    <nd ref="1495" />
    <nd ref="1496" />
    <nd ref="1497" />
    <nd ref="1498" />
    <nd ref="1499" />
    <nd ref="1500" />
    <nd ref="1501" />
    <nd ref="1502" />
    <nd ref="1503" />
    <nd ref="1504" />
    <nd ref="1505" />
    <nd ref="1506" />
    <nd ref="1507" />
    <nd ref="1508" />
    <nd ref="1509" />
    <nd ref="1510" />
    <nd ref="1511" />
    <nd ref="1512" />
    <nd ref="1513" />
    <nd ref="1514" />
    <nd ref="1515" />
    <nd ref="1516" />
    <nd ref="1517" />
    <nd ref="1518" />
    <nd ref="1519" />
    <nd ref="1520" />
    <nd ref="1521" />
    <nd ref="1522" />
    <nd ref="1523" />
    <nd ref="1524" />
    <nd ref="1525" />
    <nd ref="1526" />
    <nd ref="1527" />
    <nd ref="1528" />
    <nd ref="1529" />
    <nd ref="1530" />
    <nd ref="1531" />
    <nd ref="1532" />
    <nd ref="1533" />
    <nd ref="1534" />
    <nd ref="1535" />
    <nd ref="1536" />
    <nd ref="1537" />
    <nd ref="1538" />
    <nd ref="1539" />
    <nd ref="1540" />
    <nd ref="1541" />
    <nd ref="1542" />
    <nd ref="1543" />
    <nd ref="1544" />
    <nd ref="1545" />
    <nd ref="1546" />
    <nd ref="1547" />
    <nd ref="1548" />
    <nd ref="1549" />
    <nd ref="1550" />
    <nd ref="1551" />
    <nd ref="1552" />
    <nd ref="1553" />
    <nd ref="1554" />
    <nd ref="1555" />
    <nd ref="1556" />
    <nd ref="1557" />
    <nd ref="1558" />
    <nd ref="1559" />
    <nd ref="1560" />
    <nd ref="1561" />
    <nd ref="1562" />
    <nd ref="1563" />
    <nd ref="1564" />
    <nd ref="1565" />
    <nd ref="1566" />
    <nd ref="1567" />
    <nd ref="1568" />
    <nd ref="1569" />
    <nd ref="1570" />
    <nd ref="1571" />
    <nd ref="1572" />
    <nd ref="1573" />
    <nd ref="1574" />
    <nd ref="1575" />
    <nd ref="1576" />
    <nd ref="1577" />
    <nd ref="1578" />
    <nd ref="1579" />
    <nd ref="1580" />
    <nd ref="1581" />
    <nd ref="1582" />
    <nd ref="1583" />
    <nd ref="1584" />
    <nd ref="1585" />
    <nd ref="1586" />
    <nd ref="1587" />
    <nd ref="1588" />
    <nd ref="1589" />
    <nd ref="1590" />
    <nd ref="1591" />
    <nd ref="1592" />
    <nd ref="1593" />
    <nd ref="1594" />
    <nd ref="1595" />
    <nd ref="1596" />
    <nd ref="1597" />
    <nd ref="1598" />
    <nd ref="1599" />
    <nd ref="1600" />
    <nd ref="1601" />
    <nd ref="1602" />
    <nd ref="1603" />
    <nd ref="1604" />
    <nd ref="1605" />
    <nd ref="1606" />
    <nd ref="1607" />
    <nd ref="1608" />
    <nd ref="1609" />
    <nd ref="1610" />
    <nd ref="1611" />
    <nd ref="1612" />
    <nd ref="1613" />
    <nd ref="1614" />
    <nd ref="1615" />
    <nd ref="1616" />
    <nd ref="1617" />
    <nd ref="1618" />
    <nd ref="1619" />
    <nd ref="1620" />
    <nd ref="1621" />
    <nd ref="1622" />
    <nd ref="1623" />
    <nd ref="1624" />
    <nd ref="1625" />
    <nd ref="1626" />
    <nd ref="1627" />
    <nd ref="1628" />
    <nd ref="1629" />
    <nd ref="1630" />
    <nd ref="1631" />
    <nd ref="1632" />
    <nd ref="1633" />
    <nd ref="1634" />
    <nd ref="1635" />
    <nd ref="1636" />
    <nd ref="1637" />
    <nd ref="1638" />
    <nd ref="1639" />
    <nd ref="1640" />
    <nd ref="1641" />
    <nd ref="1642" />
    <nd ref="1643" />
    <nd ref="1644" />
    <nd ref="1645" />
    <nd ref="1646" />
    <nd ref="1647" />
    <nd ref="1648" />
    <nd ref="1649" />
    <nd ref="1650" />
    <nd ref="1651" />
    <nd ref="1652" />
    <nd ref="1653" />
    <nd ref="1654" />
    <nd ref="1655" />
    <nd ref="1656" />
    <nd ref="1657" />
    <nd ref="1658" />
    <nd ref="1659" />
    <nd ref="1660" />
    <nd ref="1661" />
    <nd ref="1662" />
    <nd ref="1663" />
    <nd ref="1664" />
    <nd ref="1665" />
    <nd ref="1666" />
    <nd ref="1667" />
    <nd ref="1668" />
    <nd ref="1669" />
    <nd ref="1670" />
    <nd ref="1671" />
    <nd ref="1672" />
    <nd ref="1673" />
    <nd ref="1674" />
    <nd ref="1675" />
    <nd ref="1676" />
    <nd ref="1677" />
    <nd ref="1678" />
    <nd ref="1679" />
    <nd ref="1680" />
    <nd ref="1681" />
    <nd ref="1682" />
    <nd ref="1683" />
    <nd ref="1684" />
    <nd ref="1685" />
    <nd ref="1686" />
    <nd ref="1687" />
    <nd ref="1688" />
    <nd ref="1689" />
    <nd ref="1690" />
    <nd ref="1691" />
    <nd ref="1692" />
    <nd ref="1693" />
    <nd ref="1694" />
    <nd ref="1695" />
    <nd ref="1696" />
    <nd ref="1697" />
    <nd ref="1698" />
    <nd ref="1699" />
    <nd ref="1700" />
    <nd ref="1701" />
    <nd ref="1702" />
    <nd ref="1703" />
    <nd ref="1704" />
    <nd ref="1705" />
    <nd ref="1706" />
    <nd ref="1707" />
    <nd ref="1708" />
    <nd ref="1709" />
    <nd ref="1710" />
    <nd ref="1711" />
    <nd ref="1712" />
    <nd ref="1713" />
    <nd ref="1714" />
    <nd ref="1715" />
    <nd ref="1716" />
    <nd ref="1717" />
    <nd ref="1718" />
    <nd ref="1719" />
    <nd ref="1720" />
    <nd ref="1721" />
    <nd ref="1722" />
    <nd ref="1723" />
    <nd ref="1724" />
    <nd ref="1725" />
    <nd ref="1726" />
    <nd ref="1727" />
    <nd ref="1728" />
    <nd ref="1729" />
    <nd ref="1730" />
    <nd ref="1731" />
    <nd ref="1732" />
    <nd ref="1733" />
    <nd ref="1734" />
    <nd ref="1735" />
    <nd ref="1736" />
    <nd ref="1737" />
    <nd ref="1738" />
    <nd ref="1739" />
    <nd ref="1740" />
    <nd ref="1741" />
    <nd ref="1742" />
    <nd ref="1743" />
    <nd ref="1744" />
    <nd ref="1745" />
    <nd ref="1746" />
    <nd ref="1747" />
    <nd ref="1748" />
    <nd ref="1749" />
    <nd ref="1750" />
    <nd ref="1751" />
    <nd ref="1752" />
    <nd ref="1753" />
    <nd ref="1754" />
    <nd ref="1755" />
    <nd ref="1756" />
    <nd ref="1757" />
    <nd ref="1758" />
    <nd ref="1759" />
    <nd ref="1760" />
    <nd ref="1761" />
    <nd ref="1762" />
    <nd ref="1763" />
    <nd ref="1764" />
    <nd ref="1765" />
    <nd ref="1766" />
    <nd ref="1767" />
    <nd ref="1768" />
    <nd ref="1769" />
    <nd ref="1770" />
    <nd ref="1771" />
    <nd ref="1772" />
    <nd ref="1773" />
    <nd ref="1774" />
    <nd ref="1775" />
    <nd ref="1776" />
    <nd ref="1777" />
    <nd ref="1778" />
    <nd ref="1779" />
    <nd ref="1780" />
    <nd ref="1781" />
    <nd ref="1782" />
    <nd ref="1783" />
    <nd ref="1784" />
    <nd ref="1785" />
    <nd ref="1786" />
    <nd ref="1787" />
    <nd ref="1788" />
    <nd ref="1789" />
    <nd ref="1790" />
    <nd ref="1791" />
    <nd ref="1792" />
    <nd ref="1793" />
    <nd ref="1794" />
    <nd ref="1795" />
    <nd ref="1796" />
    <nd ref="1797" />
    <nd ref="1798" />
    <nd ref="1799" />
    <nd ref="1800" />
    <nd ref="1801" />
    <nd ref="1802" />
    <nd ref="1803" />
    <nd ref="1804" />
    <nd ref="1805" />
    <nd ref="1806" />
    <nd ref="1807" />
    <nd ref="1808" />
    <nd ref="1809" />
    <nd ref="1810" />
    <nd ref="1811" />
    <nd ref="1812" />
    <nd ref="1813" />
    <nd ref="1814" />
    <nd ref="1815" />
    <nd ref="1816" />
    <nd ref="1817" />
    <nd ref="1818" />
    <nd ref="1819" />
    <nd ref="1820" />
    <nd ref="1821" />
    <nd ref="1822" />
    <nd ref="1823" />
    <nd ref="1824" />
    <nd ref="1825" />
    <nd ref="1826" />
    <nd ref="1827" />
    <nd ref="1828" />
    <nd ref="1829" />
    <nd ref="1830" />
    <nd ref="1831" />
    <nd ref="1832" />
    <nd ref="1833" />
    <nd ref="1834" />
    <nd ref="1835" />
    <nd ref="1836" />
    <nd ref="1837" />
    <nd ref="1838" />
    <nd ref="1839" />
    <nd ref="1840" />
    <nd ref="1841" />
    <nd ref="1842" />
    <nd ref="1843" />
    <nd ref="1844" />
    <nd ref="1845" />
    <nd ref="1846" />
    <nd ref="1847" />
    <nd ref="1848" />
    <nd ref="1849" />
    <nd ref="1850" />
    <nd ref="1851" />
    <nd ref="1852" />
    <tag k="subtype" v="solid" />
    <tag k="type" v="line_thin" />
  </way>
  <way id="2707" visible="true" version="1">
    <nd ref="1854" />
    <nd ref="1855" />
    <nd ref="1856" />
    <nd ref="1857" />
    <nd ref="1858" />
    <nd ref="1859" />
    <nd ref="1860" />
    <nd ref="1861" />
    <nd ref="1862" />
    <nd ref="1863" />
    <nd ref="1864" />
    <nd ref="1865" />
    <nd ref="1866" />
    <nd ref="1867" />
    <nd ref="1868" />
    <nd ref="1869" />
    <nd ref="1870" />
    <nd ref="1871" />
    <nd ref="1872" />
    <nd ref="1873" />
    <nd ref="1874" />
    <nd ref="1875" />
    <nd ref="1876" />
    <nd ref="1877" />
    <nd ref="1878" />
    <nd ref="1879" />
    <nd ref="1880" />
    <nd ref="1881" />
    <nd ref="1882" />
    <nd ref="1883" />
    <nd ref="1884" />
    <nd ref="1885" />
    <nd ref="1886" />
    <nd ref="1887" />
    <nd ref="1888" />
    <nd ref="1889" />
    <nd ref="1890" />
    <nd ref="1891" />
    <nd ref="1892" />
    <nd ref="1893" />
    <nd ref="1894" />
    <nd ref="1895" />
    <nd ref="1896" />
    <nd ref="1897" />
    <nd ref="1898" />
    <nd ref="1899" />
    <nd ref="1900" />
    <nd ref="1901" />
    <nd ref="1902" />
    <nd ref="1903" />
    <nd ref="1904" />
    <nd ref="1905" />
    <nd ref="1906" />
    <nd ref="1907" />
    <nd ref="1908" />
    <nd ref="1909" />
    <nd ref="1910" />
    <nd ref="1911" />
    <nd ref="1912" />
    <nd ref="1913" />
    <nd ref="1914" />
    <nd ref="1915" />
    <nd ref="1916" />
    <nd ref="1917" />
    <nd ref="1918" />
    <nd ref="1919" />
    <nd ref="1920" />
    <nd ref="1921" />
    <nd ref="1922" />
    <nd ref="1923" />
    <nd ref="1924" />
    <nd ref="1925" />
    <nd ref="1926" />
    <nd ref="1927" />
    <nd ref="1928" />
    <nd ref="1929" />
    <nd ref="1930" />
    <nd ref="1931" />
    <nd ref="1932" />
    <nd ref="1933" />
    <nd ref="1934" />
    <nd ref="1935" />
    <nd ref="1936" />
    <nd ref="1937" />
    <nd ref="1938" />
    <nd ref="1939" />
    <nd ref="1940" />
    <nd ref="1941" />
    <nd ref="1942" />
    <nd ref="1943" />
    <nd ref="1944" />
    <nd ref="1945" />
    <nd ref="1946" />
    <nd ref="1947" />
    <nd ref="1948" />
    <nd ref="1949" />
    <nd ref="1950" />
    <nd ref="1951" />
    <nd ref="1952" />
    <nd ref="1953" />
    <nd ref="1954" />
    <nd ref="1955" />
    <nd ref="1956" />
    <nd ref="1957" />
    <nd ref="1958" />
    <nd ref="1959" />
    <nd ref="1960" />
    <nd ref="1961" />
    <nd ref="1962" />
    <nd ref="1963" />
    <nd ref="1964" />
    <nd ref="1965" />
    <nd ref="1966" />
    <nd ref="1967" />
    <nd ref="1968" />
    <nd ref="1969" />
    <nd ref="1970" />
    <nd ref="1971" />
    <nd ref="1972" />
    <nd ref="1973" />
    <nd ref="1974" />
    <nd ref="1975" />
    <nd ref="1976" />
    <nd ref="1977" />
    <nd ref="1978" />
    <nd ref="1979" />
    <nd ref="1980" />
    <nd ref="1981" />
    <nd ref="1982" />
    <nd ref="1983" />
    <nd ref="1984" />
    <nd ref="1985" />
    <nd ref="1986" />
    <nd ref="1987" />
    <nd ref="1988" />
    <nd ref="1989" />
    <nd ref="1990" />
    <nd ref="1991" />
    <nd ref="1992" />
    <nd ref="1993" />
    <nd ref="1994" />
    <nd ref="1995" />
    <nd ref="1996" />
    <nd ref="1997" />
    <nd ref="1998" />
    <nd ref="1999" />
    <nd ref="2000" />
    <nd ref="2001" />
    <nd ref="2002" />
    <nd ref="2003" />
    <nd ref="2004" />
    <nd ref="2005" />
    <nd ref="2006" />
    <nd ref="2007" />
    <nd ref="2008" />
    <nd ref="2009" />
    <nd ref="2010" />
    <nd ref="2011" />
    <nd ref="2012" />
    <nd ref="2013" />
    <nd ref="2014" />
    <nd ref="2015" />
    <nd ref="2016" />
    <nd ref="2017" />
    <nd ref="2018" />
    <nd ref="2019" />
    <nd ref="2020" />
    <nd ref="2021" />
    <nd ref="2022" />
    <nd ref="2023" />
    <nd ref="2024" />
    <nd ref="2025" />
    <nd ref="2026" />
    <nd ref="2027" />
    <nd ref="2028" />
    <nd ref="2029" />
    <nd ref="2030" />
    <nd ref="2031" />
    <nd ref="2032" />
    <nd ref="2033" />
    <nd ref="2034" />
    <nd ref="2035" />
    <nd ref="2036" />
    <nd ref="2037" />
    <nd ref="2038" />
    <nd ref="2039" />
    <nd ref="2040" />
    <nd ref="2041" />
    <nd ref="2042" />
    <nd ref="2043" />
    <nd ref="2044" />
    <nd ref="2045" />
    <nd ref="2046" />
    <nd ref="2047" />
    <nd ref="2048" />
    <nd ref="2049" />
    <nd ref="2050" />
    <nd ref="2051" />
    <nd ref="2052" />
    <nd ref="2053" />
    <nd ref="2054" />
    <nd ref="2055" />
    <nd ref="2056" />
    <nd ref="2057" />
    <nd ref="2058" />
    <nd ref="2059" />
    <nd ref="2060" />
    <nd ref="2061" />
    <nd ref="2062" />
    <nd ref="2063" />
    <nd ref="2064" />
    <nd ref="2065" />
    <nd ref="2066" />
    <nd ref="2067" />
    <nd ref="2068" />
    <nd ref="2069" />
    <nd ref="2070" />
    <nd ref="2071" />
    <nd ref="2072" />
    <nd ref="2073" />
    <nd ref="2074" />
    <nd ref="2075" />
    <nd ref="2076" />
    <nd ref="2077" />
    <nd ref="2078" />
    <nd ref="2079" />
    <nd ref="2080" />
    <nd ref="2081" />
    <nd ref="2082" />
    <nd ref="2083" />
    <nd ref="2084" />
    <nd ref="2085" />
    <nd ref="2086" />
    <nd ref="2087" />
    <nd ref="2088" />
    <nd ref="2089" />
    <nd ref="2090" />
    <nd ref="2091" />
    <nd ref="2092" />
    <nd ref="2093" />
    <nd ref="2094" />
    <nd ref="2095" />
    <nd ref="2096" />
    <nd ref="2097" />
    <nd ref="2098" />
    <nd ref="2099" />
    <nd ref="2100" />
    <nd ref="2101" />
    <nd ref="2102" />
    <nd ref="2103" />
    <nd ref="2104" />
    <nd ref="2105" />
    <nd ref="2106" />
    <nd ref="2107" />
    <nd ref="2108" />
    <nd ref="2109" />
    <nd ref="2110" />
    <nd ref="2111" />
    <nd ref="2112" />
    <nd ref="2113" />
    <nd ref="2114" />
    <nd ref="2115" />
    <nd ref="2116" />
    <nd ref="2117" />
    <nd ref="2118" />
    <nd ref="2119" />
    <nd ref="2120" />
    <nd ref="2121" />
    <nd ref="2122" />
    <nd ref="2123" />
    <nd ref="2124" />
    <nd ref="2125" />
    <nd ref="2126" />
    <nd ref="2127" />
    <nd ref="2128" />
    <nd ref="2129" />
    <nd ref="2130" />
    <nd ref="2131" />
    <nd ref="2132" />
    <nd ref="2133" />
    <nd ref="2134" />
    <nd ref="2135" />
    <nd ref="2136" />
    <nd ref="2137" />
    <nd ref="2138" />
    <nd ref="2139" />
    <nd ref="2140" />
    <nd ref="2141" />
    <nd ref="2142" />
    <nd ref="2143" />
    <nd ref="2144" />
    <nd ref="2145" />
    <nd ref="2146" />
    <nd ref="2147" />
    <nd ref="2148" />
    <nd ref="2149" />
    <nd ref="2150" />
    <nd ref="2151" />
    <nd ref="2152" />
    <nd ref="2153" />
    <nd ref="2154" />
    <nd ref="2155" />
    <nd ref="2156" />
    <nd ref="2157" />
    <nd ref="2158" />
    <nd ref="2159" />
    <nd ref="2160" />
    <nd ref="2161" />
    <nd ref="2162" />
    <nd ref="2163" />
    <nd ref="2164" />
    <nd ref="2165" />
    <nd ref="2166" />
    <nd ref="2167" />
    <nd ref="2168" />
    <nd ref="2169" />
    <nd ref="2170" />
    <nd ref="2171" />
    <nd ref="2172" />
    <nd ref="2173" />
    <nd ref="2174" />
    <nd ref="2175" />
    <nd ref="2176" />
    <nd ref="2177" />
    <nd ref="2178" />
    <nd ref="2179" />
    <nd ref="2180" />
    <nd ref="2181" />
    <nd ref="2182" />
    <nd ref="2183" />
    <nd ref="2184" />
    <nd ref="2185" />
    <nd ref="2186" />
    <nd ref="2187" />
    <nd ref="2188" />
    <nd ref="2189" />
    <nd ref="2190" />
    <nd ref="2191" />
    <nd ref="2192" />
    <nd ref="2193" />
    <nd ref="2194" />
    <nd ref="2195" />
    <nd ref="2196" />
    <nd ref="2197" />
    <nd ref="2198" />
    <nd ref="2199" />
    <nd ref="2200" />
    <nd ref="2201" />
    <nd ref="2202" />
    <nd ref="2203" />
    <nd ref="2204" />
    <nd ref="2205" />
    <nd ref="2206" />
    <nd ref="2207" />
    <nd ref="2208" />
    <nd ref="2209" />
    <nd ref="2210" />
    <nd ref="2211" />
    <nd ref="2212" />
    <nd ref="2213" />
    <nd ref="2214" />
    <nd ref="2215" />
    <nd ref="2216" />
    <nd ref="2217" />
    <nd ref="2218" />
    <nd ref="2219" />
    <nd ref="2220" />
    <nd ref="2221" />
    <nd ref="2222" />
    <nd ref="2223" />
    <nd ref="2224" />
    <nd ref="2225" />
    <nd ref="2226" />
    <nd ref="2227" />
    <nd ref="2228" />
    <nd ref="2229" />
    <nd ref="2230" />
    <nd ref="2231" />
    <nd ref="2232" />
    <nd ref="2233" />
    <nd ref="2234" />
    <nd ref="2235" />
    <nd ref="2236" />
    <nd ref="2237" />
    <nd ref="2238" />
    <nd ref="2239" />
    <nd ref="2240" />
    <nd ref="2241" />
    <nd ref="2242" />
    <nd ref="2243" />
    <nd ref="2244" />
    <nd ref="2245" />
    <nd ref="2246" />
    <nd ref="2247" />
    <nd ref="2248" />
    <nd ref="2249" />
    <nd ref="2250" />
    <nd ref="2251" />
    <nd ref="2252" />
    <nd ref="2253" />
    <nd ref="2254" />
    <nd ref="2255" />
    <nd ref="2256" />
    <nd ref="2257" />
    <nd ref="2258" />
    <nd ref="2259" />
    <nd ref="2260" />
    <nd ref="2261" />
    <nd ref="2262" />
    <nd ref="2263" />
    <nd ref="2264" />
    <nd ref="2265" />
    <nd ref="2266" />
    <nd ref="2267" />
    <nd ref="2268" />
    <nd ref="2269" />
    <nd ref="2270" />
    <nd ref="2271" />
    <nd ref="2272" />
    <nd ref="2273" />
    <nd ref="2274" />
    <nd ref="2275" />
    <nd ref="2276" />
    <nd ref="2277" />
    <nd ref="2278" />
    <nd ref="2279" />
    <nd ref="2280" />
    <nd ref="2281" />
    <nd ref="2282" />
    <nd ref="2283" />
    <nd ref="2284" />
    <nd ref="2285" />
    <nd ref="2286" />
    <nd ref="2287" />
    <nd ref="2288" />
    <nd ref="2289" />
    <nd ref="2290" />
    <nd ref="2291" />
    <nd ref="2292" />
    <nd ref="2293" />
    <nd ref="2294" />
    <nd ref="2295" />
    <nd ref="2296" />
    <nd ref="2297" />
    <nd ref="2298" />
    <nd ref="2299" />
    <nd ref="2300" />
    <nd ref="2301" />
    <nd ref="2302" />
    <nd ref="2303" />
    <nd ref="2304" />
    <nd ref="2305" />
    <nd ref="2306" />
    <nd ref="2307" />
    <nd ref="2308" />
    <nd ref="2309" />
    <nd ref="2310" />
    <nd ref="2311" />
    <nd ref="2312" />
    <nd ref="2313" />
    <nd ref="2314" />
    <nd ref="2315" />
    <nd ref="2316" />
    <nd ref="2317" />
    <nd ref="2318" />
    <nd ref="2319" />
    <nd ref="2320" />
    <nd ref="2321" />
    <nd ref="2322" />
    <nd ref="2323" />
    <nd ref="2324" />
    <nd ref="2325" />
    <nd ref="2326" />
    <nd ref="2327" />
    <nd ref="2328" />
    <nd ref="2329" />
    <nd ref="2330" />
    <nd ref="2331" />
    <nd ref="2332" />
    <nd ref="2333" />
    <nd ref="2334" />
    <nd ref="2335" />
    <nd ref="2336" />
    <nd ref="2337" />
    <nd ref="2338" />
    <nd ref="2339" />
    <nd ref="2340" />
    <nd ref="2341" />
    <nd ref="2342" />
    <nd ref="2343" />
    <nd ref="2344" />
    <nd ref="2345" />
    <nd ref="2346" />
    <nd ref="2347" />
    <nd ref="2348" />
    <nd ref="2349" />
    <nd ref="2350" />
    <nd ref="2351" />
    <nd ref="2352" />
    <nd ref="2353" />
    <nd ref="2354" />
    <nd ref="2355" />
    <nd ref="2356" />
    <nd ref="2357" />
    <nd ref="2358" />
    <nd ref="2359" />
    <nd ref="2360" />
    <nd ref="2361" />
    <nd ref="2362" />
    <nd ref="2363" />
    <nd ref="2364" />
    <nd ref="2365" />
    <nd ref="2366" />
    <nd ref="2367" />
    <nd ref="2368" />
    <nd ref="2369" />
    <nd ref="2370" />
    <nd ref="2371" />
    <nd ref="2372" />
    <nd ref="2373" />
    <nd ref="2374" />
    <nd ref="2375" />
    <nd ref="2376" />
    <nd ref="2377" />
    <nd ref="2378" />
    <nd ref="2379" />
    <nd ref="2380" />
    <nd ref="2381" />
    <nd ref="2382" />
    <nd ref="2383" />
    <nd ref="2384" />
    <nd ref="2385" />
    <nd ref="2386" />
    <nd ref="2387" />
    <nd ref="2388" />
    <nd ref="2389" />
    <nd ref="2390" />
    <nd ref="2391" />
    <nd ref="2392" />
    <nd ref="2393" />
    <nd ref="2394" />
    <nd ref="2395" />
    <nd ref="2396" />
    <nd ref="2397" />
    <nd ref="2398" />
    <nd ref="2399" />
    <nd ref="2400" />
    <nd ref="2401" />
    <nd ref="2402" />
    <nd ref="2403" />
    <nd ref="2404" />
    <nd ref="2405" />
    <nd ref="2406" />
    <nd ref="2407" />
    <nd ref="2408" />
    <nd ref="2409" />
    <nd ref="2410" />
    <nd ref="2411" />
    <nd ref="2412" />
    <nd ref="2413" />
    <nd ref="2414" />
    <nd ref="2415" />
    <nd ref="2416" />
    <nd ref="2417" />
    <nd ref="2418" />
    <nd ref="2419" />
    <nd ref="2420" />
    <nd ref="2421" />
    <nd ref="2422" />
    <nd ref="2423" />
    <nd ref="2424" />
    <nd ref="2425" />
    <nd ref="2426" />
    <nd ref="2427" />
    <nd ref="2428" />
    <nd ref="2429" />
    <nd ref="2430" />
    <nd ref="2431" />
    <nd ref="2432" />
    <nd ref="2433" />
    <nd ref="2434" />
    <nd ref="2435" />
    <nd ref="2436" />
    <nd ref="2437" />
    <nd ref="2438" />
    <nd ref="2439" />
    <nd ref="2440" />
    <nd ref="2441" />
    <nd ref="2442" />
    <nd ref="2443" />
    <nd ref="2444" />
    <nd ref="2445" />
    <nd ref="2446" />
    <nd ref="2447" />
    <nd ref="2448" />
    <nd ref="2449" />
    <nd ref="2450" />
    <nd ref="2451" />
    <nd ref="2452" />
    <nd ref="2453" />
    <nd ref="2454" />
    <nd ref="2455" />
    <nd ref="2456" />
    <nd ref="2457" />
    <nd ref="2458" />
    <nd ref="2459" />
    <nd ref="2460" />
    <nd ref="2461" />
    <nd ref="2462" />
    <nd ref="2463" />
    <nd ref="2464" />
    <nd ref="2465" />
    <nd ref="2466" />
    <nd ref="2467" />
    <nd ref="2468" />
    <nd ref="2469" />
    <nd ref="2470" />
    <nd ref="2471" />
    <nd ref="2472" />
    <nd ref="2473" />
    <nd ref="2474" />
    <nd ref="2475" />
    <nd ref="2476" />
    <nd ref="2477" />
    <nd ref="2478" />
    <nd ref="2479" />
    <nd ref="2480" />
    <nd ref="2481" />
    <nd ref="2482" />
    <nd ref="2483" />
    <nd ref="2484" />
    <nd ref="2485" />
    <nd ref="2486" />
    <nd ref="2487" />
    <nd ref="2488" />
    <nd ref="2489" />
    <nd ref="2490" />
    <nd ref="2491" />
    <nd ref="2492" />
    <nd ref="2493" />
    <nd ref="2494" />
    <nd ref="2495" />
    <nd ref="2496" />
    <nd ref="2497" />
    <nd ref="2498" />
    <nd ref="2499" />
    <nd ref="2500" />
    <nd ref="2501" />
    <nd ref="2502" />
    <nd ref="2503" />
    <nd ref="2504" />
    <nd ref="2505" />
    <nd ref="2506" />
    <nd ref="2507" />
    <nd ref="2508" />
    <nd ref="2509" />
    <nd ref="2510" />
    <nd ref="2511" />
    <nd ref="2512" />
    <nd ref="2513" />
    <nd ref="2514" />
    <nd ref="2515" />
    <nd ref="2516" />
    <nd ref="2517" />
    <nd ref="2518" />
    <nd ref="2519" />
    <nd ref="2520" />
    <nd ref="2521" />
    <nd ref="2522" />
    <nd ref="2523" />
    <nd ref="2524" />
    <nd ref="2525" />
    <nd ref="2526" />
    <nd ref="2527" />
    <nd ref="2528" />
    <nd ref="2529" />
    <nd ref="2530" />
    <nd ref="2531" />
    <nd ref="2532" />
    <nd ref="2533" />
    <nd ref="2534" />
    <nd ref="2535" />
    <nd ref="2536" />
    <nd ref="2537" />
    <nd ref="2538" />
    <nd ref="2539" />
    <nd ref="2540" />
    <nd ref="2541" />
    <nd ref="2542" />
    <nd ref="2543" />
    <nd ref="2544" />
    <nd ref="2545" />
    <nd ref="2546" />
    <nd ref="2547" />
    <nd ref="2548" />
    <nd ref="2549" />
    <nd ref="2550" />
    <nd ref="2551" />
    <nd ref="2552" />
    <nd ref="2553" />
    <nd ref="2554" />
    <nd ref="2555" />
    <nd ref="2556" />
    <nd ref="2557" />
    <nd ref="2558" />
    <nd ref="2559" />
    <nd ref="2560" />
    <nd ref="2561" />
    <nd ref="2562" />
    <nd ref="2563" />
    <nd ref="2564" />
    <nd ref="2565" />
    <nd ref="2566" />
    <nd ref="2567" />
    <nd ref="2568" />
    <nd ref="2569" />
    <nd ref="2570" />
    <nd ref="2571" />
    <nd ref="2572" />
    <nd ref="2573" />
    <nd ref="2574" />
    <nd ref="2575" />
    <nd ref="2576" />
    <nd ref="2577" />
    <nd ref="2578" />
    <nd ref="2579" />
    <nd ref="2580" />
    <nd ref="2581" />
    <nd ref="2582" />
    <nd ref="2583" />
    <nd ref="2584" />
    <nd ref="2585" />
    <nd ref="2586" />
    <nd ref="2587" />
    <nd ref="2588" />
    <nd ref="2589" />
    <nd ref="2590" />
    <nd ref="2591" />
    <nd ref="2592" />
    <nd ref="2593" />
    <nd ref="2594" />
    <nd ref="2595" />
    <nd ref="2596" />
    <nd ref="2597" />
    <nd ref="2598" />
    <nd ref="2599" />
    <nd ref="2600" />
    <nd ref="2601" />
    <nd ref="2602" />
    <nd ref="2603" />
    <nd ref="2604" />
    <nd ref="2605" />
    <nd ref="2606" />
    <nd ref="2607" />
    <nd ref="2608" />
    <nd ref="2609" />
    <nd ref="2610" />
    <nd ref="2611" />
    <nd ref="2612" />
    <nd ref="2613" />
    <nd ref="2614" />
    <nd ref="2615" />
    <nd ref="2616" />
    <nd ref="2617" />
    <nd ref="2618" />
    <nd ref="2619" />
    <nd ref="2620" />
    <nd ref="2621" />
    <nd ref="2622" />
    <nd ref="2623" />
    <nd ref="2624" />
    <nd ref="2625" />
    <nd ref="2626" />
    <nd ref="2627" />
    <nd ref="2628" />
    <nd ref="2629" />
    <nd ref="2630" />
    <nd ref="2631" />
    <nd ref="2632" />
    <nd ref="2633" />
    <nd ref="2634" />
    <nd ref="2635" />
    <nd ref="2636" />
    <nd ref="2637" />
    <nd ref="2638" />
    <nd ref="2639" />
    <nd ref="2640" />
    <nd ref="2641" />
    <nd ref="2642" />
    <nd ref="2643" />
    <nd ref="2644" />
    <nd ref="2645" />
    <nd ref="2646" />
    <nd ref="2647" />
    <nd ref="2648" />
    <nd ref="2649" />
    <nd ref="2650" />
    <nd ref="2651" />
    <nd ref="2652" />
    <nd ref="2653" />
    <nd ref="2654" />
    <nd ref="2655" />
    <nd ref="2656" />
    <nd ref="2657" />
    <nd ref="2658" />
    <nd ref="2659" />
    <nd ref="2660" />
    <nd ref="2661" />
    <nd ref="2662" />
    <nd ref="2663" />
    <nd ref="2664" />
    <nd ref="2665" />
    <nd ref="2666" />
    <nd ref="2667" />
    <nd ref="2668" />
    <nd ref="2669" />
    <nd ref="2670" />
    <nd ref="2671" />
    <nd ref="2672" />
    <nd ref="2673" />
    <nd ref="2674" />
    <nd ref="2675" />
    <nd ref="2676" />
    <nd ref="2677" />
    <nd ref="2678" />
    <nd ref="2679" />
    <nd ref="2680" />
    <nd ref="2681" />
    <nd ref="2682" />
    <nd ref="2683" />
    <nd ref="2684" />
    <nd ref="2685" />
    <nd ref="2686" />
    <nd ref="2687" />
    <nd ref="2688" />
    <nd ref="2689" />
    <nd ref="2690" />
    <nd ref="2691" />
    <nd ref="2692" />
    <nd ref="2693" />
    <nd ref="2694" />
    <nd ref="2695" />
    <nd ref="2696" />
    <nd ref="2697" />
    <nd ref="2698" />
    <nd ref="2699" />
    <nd ref="2700" />
    <nd ref="2701" />
    <nd ref="2702" />
    <nd ref="2703" />
    <nd ref="2704" />
    <nd ref="2705" />
    <nd ref="2706" />
  </way>
  <way id="3561" visible="true" version="1">
    <nd ref="2708" />
    <nd ref="2709" />
    <nd ref="2710" />
    <nd ref="2711" />
    <nd ref="2712" />
    <nd ref="2713" />
    <nd ref="2714" />
    <nd ref="2715" />
    <nd ref="2716" />
    <nd ref="2717" />
    <nd ref="2718" />
    <nd ref="2719" />
    <nd ref="2720" />
    <nd ref="2721" />
    <nd ref="2722" />
    <nd ref="2723" />
    <nd ref="2724" />
    <nd ref="2725" />
    <nd ref="2726" />
    <nd ref="2727" />
    <nd ref="2728" />
    <nd ref="2729" />
    <nd ref="2730" />
    <nd ref="2731" />
    <nd ref="2732" />
    <nd ref="2733" />
    <nd ref="2734" />
    <nd ref="2735" />
    <nd ref="2736" />
    <nd ref="2737" />
    <nd ref="2738" />
    <nd ref="2739" />
    <nd ref="2740" />
    <nd ref="2741" />
    <nd ref="2742" />
    <nd ref="2743" />
    <nd ref="2744" />
    <nd ref="2745" />
    <nd ref="2746" />
    <nd ref="2747" />
    <nd ref="2748" />
    <nd ref="2749" />
    <nd ref="2750" />
    <nd ref="2751" />
    <nd ref="2752" />
    <nd ref="2753" />
    <nd ref="2754" />
    <nd ref="2755" />
    <nd ref="2756" />
    <nd ref="2757" />
    <nd ref="2758" />
    <nd ref="2759" />
    <nd ref="2760" />
    <nd ref="2761" />
    <nd ref="2762" />
    <nd ref="2763" />
    <nd ref="2764" />
    <nd ref="2765" />
    <nd ref="2766" />
    <nd ref="2767" />
    <nd ref="2768" />
    <nd ref="2769" />
    <nd ref="2770" />
    <nd ref="2771" />
    <nd ref="2772" />
    <nd ref="2773" />
    <nd ref="2774" />
    <nd ref="2775" />
    <nd ref="2776" />
    <nd ref="2777" />
    <nd ref="2778" />
    <nd ref="2779" />
    <nd ref="2780" />
    <nd ref="2781" />
    <nd ref="2782" />
    <nd ref="2783" />
    <nd ref="2784" />
    <nd ref="2785" />
    <nd ref="2786" />
    <nd ref="2787" />
    <nd ref="2788" />
    <nd ref="2789" />
    <nd ref="2790" />
    <nd ref="2791" />
    <nd ref="2792" />
    <nd ref="2793" />
    <nd ref="2794" />
    <nd ref="2795" />
    <nd ref="2796" />
    <nd ref="2797" />
    <nd ref="2798" />
    <nd ref="2799" />
    <nd ref="2800" />
    <nd ref="2801" />
    <nd ref="2802" />
    <nd ref="2803" />
    <nd ref="2804" />
    <nd ref="2805" />
    <nd ref="2806" />
    <nd ref="2807" />
    <nd ref="2808" />
    <nd ref="2809" />
    <nd ref="2810" />
    <nd ref="2811" />
    <nd ref="2812" />
    <nd ref="2813" />
    <nd ref="2814" />
    <nd ref="2815" />
    <nd ref="2816" />
    <nd ref="2817" />
    <nd ref="2818" />
    <nd ref="2819" />
    <nd ref="2820" />
    <nd ref="2821" />
    <nd ref="2822" />
    <nd ref="2823" />
    <nd ref="2824" />
    <nd ref="2825" />
    <nd ref="2826" />
    <nd ref="2827" />
    <nd ref="2828" />
    <nd ref="2829" />
    <nd ref="2830" />
    <nd ref="2831" />
    <nd ref="2832" />
    <nd ref="2833" />
    <nd ref="2834" />
    <nd ref="2835" />
    <nd ref="2836" />
    <nd ref="2837" />
    <nd ref="2838" />
    <nd ref="2839" />
    <nd ref="2840" />
    <nd ref="2841" />
    <nd ref="2842" />
    <nd ref="2843" />
    <nd ref="2844" />
    <nd ref="2845" />
    <nd ref="2846" />
    <nd ref="2847" />
    <nd ref="2848" />
    <nd ref="2849" />
    <nd ref="2850" />
    <nd ref="2851" />
    <nd ref="2852" />
    <nd ref="2853" />
    <nd ref="2854" />
    <nd ref="2855" />
    <nd ref="2856" />
    <nd ref="2857" />
    <nd ref="2858" />
    <nd ref="2859" />
    <nd ref="2860" />
    <nd ref="2861" />
    <nd ref="2862" />
    <nd ref="2863" />
    <nd ref="2864" />
    <nd ref="2865" />
    <nd ref="2866" />
    <nd ref="2867" />
    <nd ref="2868" />
    <nd ref="2869" />
    <nd ref="2870" />
    <nd ref="2871" />
    <nd ref="2872" />
    <nd ref="2873" />
    <nd ref="2874" />
    <nd ref="2875" />
    <nd ref="2876" />
    <nd ref="2877" />
    <nd ref="2878" />
    <nd ref="2879" />
    <nd ref="2880" />
    <nd ref="2881" />
    <nd ref="2882" />
    <nd ref="2883" />
    <nd ref="2884" />
    <nd ref="2885" />
    <nd ref="2886" />
    <nd ref="2887" />
    <nd ref="2888" />
    <nd ref="2889" />
    <nd ref="2890" />
    <nd ref="2891" />
    <nd ref="2892" />
    <nd ref="2893" />
    <nd ref="2894" />
    <nd ref="2895" />
    <nd ref="2896" />
    <nd ref="2897" />
    <nd ref="2898" />
    <nd ref="2899" />
    <nd ref="2900" />
    <nd ref="2901" />
    <nd ref="2902" />
    <nd ref="2903" />
    <nd ref="2904" />
    <nd ref="2905" />
    <nd ref="2906" />
    <nd ref="2907" />
    <nd ref="2908" />
    <nd ref="2909" />
    <nd ref="2910" />
    <nd ref="2911" />
    <nd ref="2912" />
    <nd ref="2913" />
    <nd ref="2914" />
    <nd ref="2915" />
    <nd ref="2916" />
    <nd ref="2917" />
    <nd ref="2918" />
    <nd ref="2919" />
    <nd ref="2920" />
    <nd ref="2921" />
    <nd ref="2922" />
    <nd ref="2923" />
    <nd ref="2924" />
    <nd ref="2925" />
    <nd ref="2926" />
    <nd ref="2927" />
    <nd ref="2928" />
    <nd ref="2929" />
    <nd ref="2930" />
    <nd ref="2931" />
    <nd ref="2932" />
    <nd ref="2933" />
    <nd ref="2934" />
    <nd ref="2935" />
    <nd ref="2936" />
    <nd ref="2937" />
    <nd ref="2938" />
    <nd ref="2939" />
    <nd ref="2940" />
    <nd ref="2941" />
    <nd ref="2942" />
    <nd ref="2943" />
    <nd ref="2944" />
    <nd ref="2945" />
    <nd ref="2946" />
    <nd ref="2947" />
    <nd ref="2948" />
    <nd ref="2949" />
    <nd ref="2950" />
    <nd ref="2951" />
    <nd ref="2952" />
    <nd ref="2953" />
    <nd ref="2954" />
    <nd ref="2955" />
    <nd ref="2956" />
    <nd ref="2957" />
    <nd ref="2958" />
    <nd ref="2959" />
    <nd ref="2960" />
    <nd ref="2961" />
    <nd ref="2962" />
    <nd ref="2963" />
    <nd ref="2964" />
    <nd ref="2965" />
    <nd ref="2966" />
    <nd ref="2967" />
    <nd ref="2968" />
    <nd ref="2969" />
    <nd ref="2970" />
    <nd ref="2971" />
    <nd ref="2972" />
    <nd ref="2973" />
    <nd ref="2974" />
    <nd ref="2975" />
    <nd ref="2976" />
    <nd ref="2977" />
    <nd ref="2978" />
    <nd ref="2979" />
    <nd ref="2980" />
    <nd ref="2981" />
    <nd ref="2982" />
    <nd ref="2983" />
    <nd ref="2984" />
    <nd ref="2985" />
    <nd ref="2986" />
    <nd ref="2987" />
    <nd ref="2988" />
    <nd ref="2989" />
    <nd ref="2990" />
    <nd ref="2991" />
    <nd ref="2992" />
    <nd ref="2993" />
    <nd ref="2994" />
    <nd ref="2995" />
    <nd ref="2996" />
    <nd ref="2997" />
    <nd ref="2998" />
    <nd ref="2999" />
    <nd ref="3000" />
    <nd ref="3001" />
    <nd ref="3002" />
    <nd ref="3003" />
    <nd ref="3004" />
    <nd ref="3005" />
    <nd ref="3006" />
    <nd ref="3007" />
    <nd ref="3008" />
    <nd ref="3009" />
    <nd ref="3010" />
    <nd ref="3011" />
    <nd ref="3012" />
    <nd ref="3013" />
    <nd ref="3014" />
    <nd ref="3015" />
    <nd ref="3016" />
    <nd ref="3017" />
    <nd ref="3018" />
    <nd ref="3019" />
    <nd ref="3020" />
    <nd ref="3021" />
    <nd ref="3022" />
    <nd ref="3023" />
    <nd ref="3024" />
    <nd ref="3025" />
    <nd ref="3026" />
    <nd ref="3027" />
    <nd ref="3028" />
    <nd ref="3029" />
    <nd ref="3030" />
    <nd ref="3031" />
    <nd ref="3032" />
    <nd ref="3033" />
    <nd ref="3034" />
    <nd ref="3035" />
    <nd ref="3036" />
    <nd ref="3037" />
    <nd ref="3038" />
    <nd ref="3039" />
    <nd ref="3040" />
    <nd ref="3041" />
    <nd ref="3042" />
    <nd ref="3043" />
    <nd ref="3044" />
    <nd ref="3045" />
    <nd ref="3046" />
    <nd ref="3047" />
    <nd ref="3048" />
    <nd ref="3049" />
    <nd ref="3050" />
    <nd ref="3051" />
    <nd ref="3052" />
    <nd ref="3053" />
    <nd ref="3054" />
    <nd ref="3055" />
    <nd ref="3056" />
    <nd ref="3057" />
    <nd ref="3058" />
    <nd ref="3059" />
    <nd ref="3060" />
    <nd ref="3061" />
    <nd ref="3062" />
    <nd ref="3063" />
    <nd ref="3064" />
    <nd ref="3065" />
    <nd ref="3066" />
    <nd ref="3067" />
    <nd ref="3068" />
    <nd ref="3069" />
    <nd ref="3070" />
    <nd ref="3071" />
    <nd ref="3072" />
    <nd ref="3073" />
    <nd ref="3074" />
    <nd ref="3075" />
    <nd ref="3076" />
    <nd ref="3077" />
    <nd ref="3078" />
    <nd ref="3079" />
    <nd ref="3080" />
    <nd ref="3081" />
    <nd ref="3082" />
    <nd ref="3083" />
    <nd ref="3084" />
    <nd ref="3085" />
    <nd ref="3086" />
    <nd ref="3087" />
    <nd ref="3088" />
    <nd ref="3089" />
    <nd ref="3090" />
    <nd ref="3091" />
    <nd ref="3092" />
    <nd ref="3093" />
    <nd ref="3094" />
    <nd ref="3095" />
    <nd ref="3096" />
    <nd ref="3097" />
    <nd ref="3098" />
    <nd ref="3099" />
    <nd ref="3100" />
    <nd ref="3101" />
    <nd ref="3102" />
    <nd ref="3103" />
    <nd ref="3104" />
    <nd ref="3105" />
    <nd ref="3106" />
    <nd ref="3107" />
    <nd ref="3108" />
    <nd ref="3109" />
    <nd ref="3110" />
    <nd ref="3111" />
    <nd ref="3112" />
    <nd ref="3113" />
    <nd ref="3114" />
    <nd ref="3115" />
    <nd ref="3116" />
    <nd ref="3117" />
    <nd ref="3118" />
    <nd ref="3119" />
    <nd ref="3120" />
    <nd ref="3121" />
    <nd ref="3122" />
    <nd ref="3123" />
    <nd ref="3124" />
    <nd ref="3125" />
    <nd ref="3126" />
    <nd ref="3127" />
    <nd ref="3128" />
    <nd ref="3129" />
    <nd ref="3130" />
    <nd ref="3131" />
    <nd ref="3132" />
    <nd ref="3133" />
    <nd ref="3134" />
    <nd ref="3135" />
    <nd ref="3136" />
    <nd ref="3137" />
    <nd ref="3138" />
    <nd ref="3139" />
    <nd ref="3140" />
    <nd ref="3141" />
    <nd ref="3142" />
    <nd ref="3143" />
    <nd ref="3144" />
    <nd ref="3145" />
    <nd ref="3146" />
    <nd ref="3147" />
    <nd ref="3148" />
    <nd ref="3149" />
    <nd ref="3150" />
    <nd ref="3151" />
    <nd ref="3152" />
    <nd ref="3153" />
    <nd ref="3154" />
    <nd ref="3155" />
    <nd ref="3156" />
    <nd ref="3157" />
    <nd ref="3158" />
    <nd ref="3159" />
    <nd ref="3160" />
    <nd ref="3161" />
    <nd ref="3162" />
    <nd ref="3163" />
    <nd ref="3164" />
    <nd ref="3165" />
    <nd ref="3166" />
    <nd ref="3167" />
    <nd ref="3168" />
    <nd ref="3169" />
    <nd ref="3170" />
    <nd ref="3171" />
    <nd ref="3172" />
    <nd ref="3173" />
    <nd ref="3174" />
    <nd ref="3175" />
    <nd ref="3176" />
    <nd ref="3177" />
    <nd ref="3178" />
    <nd ref="3179" />
    <nd ref="3180" />
    <nd ref="3181" />
    <nd ref="3182" />
    <nd ref="3183" />
    <nd ref="3184" />
    <nd ref="3185" />
    <nd ref="3186" />
    <nd ref="3187" />
    <nd ref="3188" />
    <nd ref="3189" />
    <nd ref="3190" />
    <nd ref="3191" />
    <nd ref="3192" />
    <nd ref="3193" />
    <nd ref="3194" />
    <nd ref="3195" />
    <nd ref="3196" />
    <nd ref="3197" />
    <nd ref="3198" />
    <nd ref="3199" />
    <nd ref="3200" />
    <nd ref="3201" />
    <nd ref="3202" />
    <nd ref="3203" />
    <nd ref="3204" />
    <nd ref="3205" />
    <nd ref="3206" />
    <nd ref="3207" />
    <nd ref="3208" />
    <nd ref="3209" />
    <nd ref="3210" />
    <nd ref="3211" />
    <nd ref="3212" />
    <nd ref="3213" />
    <nd ref="3214" />
    <nd ref="3215" />
    <nd ref="3216" />
    <nd ref="3217" />
    <nd ref="3218" />
    <nd ref="3219" />
    <nd ref="3220" />
    <nd ref="3221" />
    <nd ref="3222" />
    <nd ref="3223" />
    <nd ref="3224" />
    <nd ref="3225" />
    <nd ref="3226" />
    <nd ref="3227" />
    <nd ref="3228" />
    <nd ref="3229" />
    <nd ref="3230" />
    <nd ref="3231" />
    <nd ref="3232" />
    <nd ref="3233" />
    <nd ref="3234" />
    <nd ref="3235" />
    <nd ref="3236" />
    <nd ref="3237" />
    <nd ref="3238" />
    <nd ref="3239" />
    <nd ref="3240" />
    <nd ref="3241" />
    <nd ref="3242" />
    <nd ref="3243" />
    <nd ref="3244" />
    <nd ref="3245" />
    <nd ref="3246" />
    <nd ref="3247" />
    <nd ref="3248" />
    <nd ref="3249" />
    <nd ref="3250" />
    <nd ref="3251" />
    <nd ref="3252" />
    <nd ref="3253" />
    <nd ref="3254" />
    <nd ref="3255" />
    <nd ref="3256" />
    <nd ref="3257" />
    <nd ref="3258" />
    <nd ref="3259" />
    <nd ref="3260" />
    <nd ref="3261" />
    <nd ref="3262" />
    <nd ref="3263" />
    <nd ref="3264" />
    <nd ref="3265" />
    <nd ref="3266" />
    <nd ref="3267" />
    <nd ref="3268" />
    <nd ref="3269" />
    <nd ref="3270" />
    <nd ref="3271" />
    <nd ref="3272" />
    <nd ref="3273" />
    <nd ref="3274" />
    <nd ref="3275" />
    <nd ref="3276" />
    <nd ref="3277" />
    <nd ref="3278" />
    <nd ref="3279" />
    <nd ref="3280" />
    <nd ref="3281" />
    <nd ref="3282" />
    <nd ref="3283" />
    <nd ref="3284" />
    <nd ref="3285" />
    <nd ref="3286" />
    <nd ref="3287" />
    <nd ref="3288" />
    <nd ref="3289" />
    <nd ref="3290" />
    <nd ref="3291" />
    <nd ref="3292" />
    <nd ref="3293" />
    <nd ref="3294" />
    <nd ref="3295" />
    <nd ref="3296" />
    <nd ref="3297" />
    <nd ref="3298" />
    <nd ref="3299" />
    <nd ref="3300" />
    <nd ref="3301" />
    <nd ref="3302" />
    <nd ref="3303" />
    <nd ref="3304" />
    <nd ref="3305" />
    <nd ref="3306" />
    <nd ref="3307" />
    <nd ref="3308" />
    <nd ref="3309" />
    <nd ref="3310" />
    <nd ref="3311" />
    <nd ref="3312" />
    <nd ref="3313" />
    <nd ref="3314" />
    <nd ref="3315" />
    <nd ref="3316" />
    <nd ref="3317" />
    <nd ref="3318" />
    <nd ref="3319" />
    <nd ref="3320" />
    <nd ref="3321" />
    <nd ref="3322" />
    <nd ref="3323" />
    <nd ref="3324" />
    <nd ref="3325" />
    <nd ref="3326" />
    <nd ref="3327" />
    <nd ref="3328" />
    <nd ref="3329" />
    <nd ref="3330" />
    <nd ref="3331" />
    <nd ref="3332" />
    <nd ref="3333" />
    <nd ref="3334" />
    <nd ref="3335" />
    <nd ref="3336" />
    <nd ref="3337" />
    <nd ref="3338" />
    <nd ref="3339" />
    <nd ref="3340" />
    <nd ref="3341" />
    <nd ref="3342" />
    <nd ref="3343" />
    <nd ref="3344" />
    <nd ref="3345" />
    <nd ref="3346" />
    <nd ref="3347" />
    <nd ref="3348" />
    <nd ref="3349" />
    <nd ref="3350" />
    <nd ref="3351" />
    <nd ref="3352" />
    <nd ref="3353" />
    <nd ref="3354" />
    <nd ref="3355" />
    <nd ref="3356" />
    <nd ref="3357" />
    <nd ref="3358" />
    <nd ref="3359" />
    <nd ref="3360" />
    <nd ref="3361" />
    <nd ref="3362" />
    <nd ref="3363" />
    <nd ref="3364" />
    <nd ref="3365" />
    <nd ref="3366" />
    <nd ref="3367" />
    <nd ref="3368" />
    <nd ref="3369" />
    <nd ref="3370" />
    <nd ref="3371" />
    <nd ref="3372" />
    <nd ref="3373" />
    <nd ref="3374" />
    <nd ref="3375" />
    <nd ref="3376" />
    <nd ref="3377" />
    <nd ref="3378" />
    <nd ref="3379" />
    <nd ref="3380" />
    <nd ref="3381" />
    <nd ref="3382" />
    <nd ref="3383" />
    <nd ref="3384" />
    <nd ref="3385" />
    <nd ref="3386" />
    <nd ref="3387" />
    <nd ref="3388" />
    <nd ref="3389" />
    <nd ref="3390" />
    <nd ref="3391" />
    <nd ref="3392" />
    <nd ref="3393" />
    <nd ref="3394" />
    <nd ref="3395" />
    <nd ref="3396" />
    <nd ref="3397" />
    <nd ref="3398" />
    <nd ref="3399" />
    <nd ref="3400" />
    <nd ref="3401" />
    <nd ref="3402" />
    <nd ref="3403" />
    <nd ref="3404" />
    <nd ref="3405" />
    <nd ref="3406" />
    <nd ref="3407" />
    <nd ref="3408" />
    <nd ref="3409" />
    <nd ref="3410" />
    <nd ref="3411" />
    <nd ref="3412" />
    <nd ref="3413" />
    <nd ref="3414" />
    <nd ref="3415" />
    <nd ref="3416" />
    <nd ref="3417" />
    <nd ref="3418" />
    <nd ref="3419" />
    <nd ref="3420" />
    <nd ref="3421" />
    <nd ref="3422" />
    <nd ref="3423" />
    <nd ref="3424" />
    <nd ref="3425" />
    <nd ref="3426" />
    <nd ref="3427" />
    <nd ref="3428" />
    <nd ref="3429" />
    <nd ref="3430" />
    <nd ref="3431" />
    <nd ref="3432" />
    <nd ref="3433" />
    <nd ref="3434" />
    <nd ref="3435" />
    <nd ref="3436" />
    <nd ref="3437" />
    <nd ref="3438" />
    <nd ref="3439" />
    <nd ref="3440" />
    <nd ref="3441" />
    <nd ref="3442" />
    <nd ref="3443" />
    <nd ref="3444" />
    <nd ref="3445" />
    <nd ref="3446" />
    <nd ref="3447" />
    <nd ref="3448" />
    <nd ref="3449" />
    <nd ref="3450" />
    <nd ref="3451" />
    <nd ref="3452" />
    <nd ref="3453" />
    <nd ref="3454" />
    <nd ref="3455" />
    <nd ref="3456" />
    <nd ref="3457" />
    <nd ref="3458" />
    <nd ref="3459" />
    <nd ref="3460" />
    <nd ref="3461" />
    <nd ref="3462" />
    <nd ref="3463" />
    <nd ref="3464" />
    <nd ref="3465" />
    <nd ref="3466" />
    <nd ref="3467" />
    <nd ref="3468" />
    <nd ref="3469" />
    <nd ref="3470" />
    <nd ref="3471" />
    <nd ref="3472" />
    <nd ref="3473" />
    <nd ref="3474" />
    <nd ref="3475" />
    <nd ref="3476" />
    <nd ref="3477" />
    <nd ref="3478" />
    <nd ref="3479" />
    <nd ref="3480" />
    <nd ref="3481" />
    <nd ref="3482" />
    <nd ref="3483" />
    <nd ref="3484" />
    <nd ref="3485" />
    <nd ref="3486" />
    <nd ref="3487" />
    <nd ref="3488" />
    <nd ref="3489" />
    <nd ref="3490" />
    <nd ref="3491" />
    <nd ref="3492" />
    <nd ref="3493" />
    <nd ref="3494" />
    <nd ref="3495" />
    <nd ref="3496" />
    <nd ref="3497" />
    <nd ref="3498" />
    <nd ref="3499" />
    <nd ref="3500" />
    <nd ref="3501" />
    <nd ref="3502" />
    <nd ref="3503" />
    <nd ref="3504" />
    <nd ref="3505" />
    <nd ref="3506" />
    <nd ref="3507" />
    <nd ref="3508" />
    <nd ref="3509" />
    <nd ref="3510" />
    <nd ref="3511" />
    <nd ref="3512" />
    <nd ref="3513" />
    <nd ref="3514" />
    <nd ref="3515" />
    <nd ref="3516" />
    <nd ref="3517" />
    <nd ref="3518" />
    <nd ref="3519" />
    <nd ref="3520" />
    <nd ref="3521" />
    <nd ref="3522" />
    <nd ref="3523" />
    <nd ref="3524" />
    <nd ref="3525" />
    <nd ref="3526" />
    <nd ref="3527" />
    <nd ref="3528" />
    <nd ref="3529" />
    <nd ref="3530" />
    <nd ref="3531" />
    <nd ref="3532" />
    <nd ref="3533" />
    <nd ref="3534" />
    <nd ref="3535" />
    <nd ref="3536" />
    <nd ref="3537" />
    <nd ref="3538" />
    <nd ref="3539" />
    <nd ref="3540" />
    <nd ref="3541" />
    <nd ref="3542" />
    <nd ref="3543" />
    <nd ref="3544" />
    <nd ref="3545" />
    <nd ref="3546" />
    <nd ref="3547" />
    <nd ref="3548" />
    <nd ref="3549" />
    <nd ref="3550" />
    <nd ref="3551" />
    <nd ref="3552" />
    <nd ref="3553" />
    <nd ref="3554" />
    <nd ref="3555" />
    <nd ref="3556" />
    <nd ref="3557" />
    <nd ref="3558" />
    <nd ref="3559" />
    <nd ref="3560" />
    <tag k="subtype" v="dashed" />
    <tag k="type" v="line_thin" />
  </way>
  <way id="4415" visible="true" version="1">
    <nd ref="3562" />
    <nd ref="3563" />
    <nd ref="3564" />
    <nd ref="3565" />
    <nd ref="3566" />
    <nd ref="3567" />
    <nd ref="3568" />
    <nd ref="3569" />
    <nd ref="3570" />
    <nd ref="3571" />
    <nd ref="3572" />
    <nd ref="3573" />
    <nd ref="3574" />
    <nd ref="3575" />
    <nd ref="3576" />
    <nd ref="3577" />
    <nd ref="3578" />
    <nd ref="3579" />
    <nd ref="3580" />
    <nd ref="3581" />
    <nd ref="3582" />
    <nd ref="3583" />
    <nd ref="3584" />
    <nd ref="3585" />
    <nd ref="3586" />
    <nd ref="3587" />
    <nd ref="3588" />
    <nd ref="3589" />
    <nd ref="3590" />
    <nd ref="3591" />
    <nd ref="3592" />
    <nd ref="3593" />
    <nd ref="3594" />
    <nd ref="3595" />
    <nd ref="3596" />
    <nd ref="3597" />
    <nd ref="3598" />
    <nd ref="3599" />
    <nd ref="3600" />
    <nd ref="3601" />
    <nd ref="3602" />
    <nd ref="3603" />
    <nd ref="3604" />
    <nd ref="3605" />
    <nd ref="3606" />
    <nd ref="3607" />
    <nd ref="3608" />
    <nd ref="3609" />
    <nd ref="3610" />
    <nd ref="3611" />
    <nd ref="3612" />
    <nd ref="3613" />
    <nd ref="3614" />
    <nd ref="3615" />
    <nd ref="3616" />
    <nd ref="3617" />
    <nd ref="3618" />
    <nd ref="3619" />
    <nd ref="3620" />
    <nd ref="3621" />
    <nd ref="3622" />
    <nd ref="3623" />
    <nd ref="3624" />
    <nd ref="3625" />
    <nd ref="3626" />
    <nd ref="3627" />
    <nd ref="3628" />
    <nd ref="3629" />
    <nd ref="3630" />
    <nd ref="3631" />
    <nd ref="3632" />
    <nd ref="3633" />
    <nd ref="3634" />
    <nd ref="3635" />
    <nd ref="3636" />
    <nd ref="3637" />
    <nd ref="3638" />
    <nd ref="3639" />
    <nd ref="3640" />
    <nd ref="3641" />
    <nd ref="3642" />
    <nd ref="3643" />
    <nd ref="3644" />
    <nd ref="3645" />
    <nd ref="3646" />
    <nd ref="3647" />
    <nd ref="3648" />
    <nd ref="3649" />
    <nd ref="3650" />
    <nd ref="3651" />
    <nd ref="3652" />
    <nd ref="3653" />
    <nd ref="3654" />
    <nd ref="3655" />
    <nd ref="3656" />
    <nd ref="3657" />
    <nd ref="3658" />
    <nd ref="3659" />
    <nd ref="3660" />
    <nd ref="3661" />
    <nd ref="3662" />
    <nd ref="3663" />
    <nd ref="3664" />
    <nd ref="3665" />
    <nd ref="3666" />
    <nd ref="3667" />
    <nd ref="3668" />
    <nd ref="3669" />
    <nd ref="3670" />
    <nd ref="3671" />
    <nd ref="3672" />
    <nd ref="3673" />
    <nd ref="3674" />
    <nd ref="3675" />
    <nd ref="3676" />
    <nd ref="3677" />
    <nd ref="3678" />
    <nd ref="3679" />
    <nd ref="3680" />
    <nd ref="3681" />
    <nd ref="3682" />
    <nd ref="3683" />
    <nd ref="3684" />
    <nd ref="3685" />
    <nd ref="3686" />
    <nd ref="3687" />
    <nd ref="3688" />
    <nd ref="3689" />
    <nd ref="3690" />
    <nd ref="3691" />
    <nd ref="3692" />
    <nd ref="3693" />
    <nd ref="3694" />
    <nd ref="3695" />
    <nd ref="3696" />
    <nd ref="3697" />
    <nd ref="3698" />
    <nd ref="3699" />
    <nd ref="3700" />
    <nd ref="3701" />
    <nd ref="3702" />
    <nd ref="3703" />
    <nd ref="3704" />
    <nd ref="3705" />
    <nd ref="3706" />
    <nd ref="3707" />
    <nd ref="3708" />
    <nd ref="3709" />
    <nd ref="3710" />
    <nd ref="3711" />
    <nd ref="3712" />
    <nd ref="3713" />
    <nd ref="3714" />
    <nd ref="3715" />
    <nd ref="3716" />
    <nd ref="3717" />
    <nd ref="3718" />
    <nd ref="3719" />
    <nd ref="3720" />
    <nd ref="3721" />
    <nd ref="3722" />
    <nd ref="3723" />
    <nd ref="3724" />
    <nd ref="3725" />
    <nd ref="3726" />
    <nd ref="3727" />
    <nd ref="3728" />
    <nd ref="3729" />
    <nd ref="3730" />
    <nd ref="3731" />
    <nd ref="3732" />
    <nd ref="3733" />
    <nd ref="3734" />
    <nd ref="3735" />
    <nd ref="3736" />
    <nd ref="3737" />
    <nd ref="3738" />
    <nd ref="3739" />
    <nd ref="3740" />
    <nd ref="3741" />
    <nd ref="3742" />
    <nd ref="3743" />
    <nd ref="3744" />
    <nd ref="3745" />
    <nd ref="3746" />
    <nd ref="3747" />
    <nd ref="3748" />
    <nd ref="3749" />
    <nd ref="3750" />
    <nd ref="3751" />
    <nd ref="3752" />
    <nd ref="3753" />
    <nd ref="3754" />
    <nd ref="3755" />
    <nd ref="3756" />
    <nd ref="3757" />
    <nd ref="3758" />
    <nd ref="3759" />
    <nd ref="3760" />
    <nd ref="3761" />
    <nd ref="3762" />
    <nd ref="3763" />
    <nd ref="3764" />
    <nd ref="3765" />
    <nd ref="3766" />
    <nd ref="3767" />
    <nd ref="3768" />
    <nd ref="3769" />
    <nd ref="3770" />
    <nd ref="3771" />
    <nd ref="3772" />
    <nd ref="3773" />
    <nd ref="3774" />
    <nd ref="3775" />
    <nd ref="3776" />
    <nd ref="3777" />
    <nd ref="3778" />
    <nd ref="3779" />
    <nd ref="3780" />
    <nd ref="3781" />
    <nd ref="3782" />
    <nd ref="3783" />
    <nd ref="3784" />
    <nd ref="3785" />
    <nd ref="3786" />
    <nd ref="3787" />
    <nd ref="3788" />
    <nd ref="3789" />
    <nd ref="3790" />
    <nd ref="3791" />
    <nd ref="3792" />
    <nd ref="3793" />
    <nd ref="3794" />
    <nd ref="3795" />
    <nd ref="3796" />
    <nd ref="3797" />
    <nd ref="3798" />
    <nd ref="3799" />
    <nd ref="3800" />
    <nd ref="3801" />
    <nd ref="3802" />
    <nd ref="3803" />
    <nd ref="3804" />
    <nd ref="3805" />
    <nd ref="3806" />
    <nd ref="3807" />
    <nd ref="3808" />
    <nd ref="3809" />
    <nd ref="3810" />
    <nd ref="3811" />
    <nd ref="3812" />
    <nd ref="3813" />
    <nd ref="3814" />
    <nd ref="3815" />
    <nd ref="3816" />
    <nd ref="3817" />
    <nd ref="3818" />
    <nd ref="3819" />
    <nd ref="3820" />
    <nd ref="3821" />
    <nd ref="3822" />
    <nd ref="3823" />
    <nd ref="3824" />
    <nd ref="3825" />
    <nd ref="3826" />
    <nd ref="3827" />
    <nd ref="3828" />
    <nd ref="3829" />
    <nd ref="3830" />
    <nd ref="3831" />
    <nd ref="3832" />
    <nd ref="3833" />
    <nd ref="3834" />
    <nd ref="3835" />
    <nd ref="3836" />
    <nd ref="3837" />
    <nd ref="3838" />
    <nd ref="3839" />
    <nd ref="3840" />
    <nd ref="3841" />
    <nd ref="3842" />
    <nd ref="3843" />
    <nd ref="3844" />
    <nd ref="3845" />
    <nd ref="3846" />
    <nd ref="3847" />
    <nd ref="3848" />
    <nd ref="3849" />
    <nd ref="3850" />
    <nd ref="3851" />
    <nd ref="3852" />
    <nd ref="3853" />
    <nd ref="3854" />
    <nd ref="3855" />
    <nd ref="3856" />
    <nd ref="3857" />
    <nd ref="3858" />
    <nd ref="3859" />
    <nd ref="3860" />
    <nd ref="3861" />
    <nd ref="3862" />
    <nd ref="3863" />
    <nd ref="3864" />
    <nd ref="3865" />
    <nd ref="3866" />
    <nd ref="3867" />
    <nd ref="3868" />
    <nd ref="3869" />
    <nd ref="3870" />
    <nd ref="3871" />
    <nd ref="3872" />
    <nd ref="3873" />
    <nd ref="3874" />
    <nd ref="3875" />
    <nd ref="3876" />
    <nd ref="3877" />
    <nd ref="3878" />
    <nd ref="3879" />
    <nd ref="3880" />
    <nd ref="3881" />
    <nd ref="3882" />
    <nd ref="3883" />
    <nd ref="3884" />
    <nd ref="3885" />
    <nd ref="3886" />
    <nd ref="3887" />
    <nd ref="3888" />
    <nd ref="3889" />
    <nd ref="3890" />
    <nd ref="3891" />
    <nd ref="3892" />
    <nd ref="3893" />
    <nd ref="3894" />
    <nd ref="3895" />
    <nd ref="3896" />
    <nd ref="3897" />
    <nd ref="3898" />
    <nd ref="3899" />
    <nd ref="3900" />
    <nd ref="3901" />
    <nd ref="3902" />
    <nd ref="3903" />
    <nd ref="3904" />
    <nd ref="3905" />
    <nd ref="3906" />
    <nd ref="3907" />
    <nd ref="3908" />
    <nd ref="3909" />
    <nd ref="3910" />
    <nd ref="3911" />
    <nd ref="3912" />
    <nd ref="3913" />
    <nd ref="3914" />
    <nd ref="3915" />
    <nd ref="3916" />
    <nd ref="3917" />
    <nd ref="3918" />
    <nd ref="3919" />
    <nd ref="3920" />
    <nd ref="3921" />
    <nd ref="3922" />
    <nd ref="3923" />
    <nd ref="3924" />
    <nd ref="3925" />
    <nd ref="3926" />
    <nd ref="3927" />
    <nd ref="3928" />
    <nd ref="3929" />
    <nd ref="3930" />
    <nd ref="3931" />
    <nd ref="3932" />
    <nd ref="3933" />
    <nd ref="3934" />
    <nd ref="3935" />
    <nd ref="3936" />
    <nd ref="3937" />
    <nd ref="3938" />
    <nd ref="3939" />
    <nd ref="3940" />
    <nd ref="3941" />
    <nd ref="3942" />
    <nd ref="3943" />
    <nd ref="3944" />
    <nd ref="3945" />
    <nd ref="3946" />
    <nd ref="3947" />
    <nd ref="3948" />
    <nd ref="3949" />
    <nd ref="3950" />
    <nd ref="3951" />
    <nd ref="3952" />
    <nd ref="3953" />
    <nd ref="3954" />
    <nd ref="3955" />
    <nd ref="3956" />
    <nd ref="3957" />
    <nd ref="3958" />
    <nd ref="3959" />
    <nd ref="3960" />
    <nd ref="3961" />
    <nd ref="3962" />
    <nd ref="3963" />
    <nd ref="3964" />
    <nd ref="3965" />
    <nd ref="3966" />
    <nd ref="3967" />
    <nd ref="3968" />
    <nd ref="3969" />
    <nd ref="3970" />
    <nd ref="3971" />
    <nd ref="3972" />
    <nd ref="3973" />
    <nd ref="3974" />
    <nd ref="3975" />
    <nd ref="3976" />
    <nd ref="3977" />
    <nd ref="3978" />
    <nd ref="3979" />
    <nd ref="3980" />
    <nd ref="3981" />
    <nd ref="3982" />
    <nd ref="3983" />
    <nd ref="3984" />
    <nd ref="3985" />
    <nd ref="3986" />
    <nd ref="3987" />
    <nd ref="3988" />
    <nd ref="3989" />
    <nd ref="3990" />
    <nd ref="3991" />
    <nd ref="3992" />
    <nd ref="3993" />
    <nd ref="3994" />
    <nd ref="3995" />
    <nd ref="3996" />
    <nd ref="3997" />
    <nd ref="3998" />
    <nd ref="3999" />
    <nd ref="4000" />
    <nd ref="4001" />
    <nd ref="4002" />
    <nd ref="4003" />
    <nd ref="4004" />
    <nd ref="4005" />
    <nd ref="4006" />
    <nd ref="4007" />
    <nd ref="4008" />
    <nd ref="4009" />
    <nd ref="4010" />
    <nd ref="4011" />
    <nd ref="4012" />
    <nd ref="4013" />
    <nd ref="4014" />
    <nd ref="4015" />
    <nd ref="4016" />
    <nd ref="4017" />
    <nd ref="4018" />
    <nd ref="4019" />
    <nd ref="4020" />
    <nd ref="4021" />
    <nd ref="4022" />
    <nd ref="4023" />
    <nd ref="4024" />
    <nd ref="4025" />
    <nd ref="4026" />
    <nd ref="4027" />
    <nd ref="4028" />
    <nd ref="4029" />
    <nd ref="4030" />
    <nd ref="4031" />
    <nd ref="4032" />
    <nd ref="4033" />
    <nd ref="4034" />
    <nd ref="4035" />
    <nd ref="4036" />
    <nd ref="4037" />
    <nd ref="4038" />
    <nd ref="4039" />
    <nd ref="4040" />
    <nd ref="4041" />
    <nd ref="4042" />
    <nd ref="4043" />
    <nd ref="4044" />
    <nd ref="4045" />
    <nd ref="4046" />
    <nd ref="4047" />
    <nd ref="4048" />
    <nd ref="4049" />
    <nd ref="4050" />
    <nd ref="4051" />
    <nd ref="4052" />
    <nd ref="4053" />
    <nd ref="4054" />
    <nd ref="4055" />
    <nd ref="4056" />
    <nd ref="4057" />
    <nd ref="4058" />
    <nd ref="4059" />
    <nd ref="4060" />
    <nd ref="4061" />
    <nd ref="4062" />
    <nd ref="4063" />
    <nd ref="4064" />
    <nd ref="4065" />
    <nd ref="4066" />
    <nd ref="4067" />
    <nd ref="4068" />
    <nd ref="4069" />
    <nd ref="4070" />
    <nd ref="4071" />
    <nd ref="4072" />
    <nd ref="4073" />
    <nd ref="4074" />
    <nd ref="4075" />
    <nd ref="4076" />
    <nd ref="4077" />
    <nd ref="4078" />
    <nd ref="4079" />
    <nd ref="4080" />
    <nd ref="4081" />
    <nd ref="4082" />
    <nd ref="4083" />
    <nd ref="4084" />
    <nd ref="4085" />
    <nd ref="4086" />
    <nd ref="4087" />
    <nd ref="4088" />
    <nd ref="4089" />
    <nd ref="4090" />
    <nd ref="4091" />
    <nd ref="4092" />
    <nd ref="4093" />
    <nd ref="4094" />
    <nd ref="4095" />
    <nd ref="4096" />
    <nd ref="4097" />
    <nd ref="4098" />
    <nd ref="4099" />
    <nd ref="4100" />
    <nd ref="4101" />
    <nd ref="4102" />
    <nd ref="4103" />
    <nd ref="4104" />
    <nd ref="4105" />
    <nd ref="4106" />
    <nd ref="4107" />
    <nd ref="4108" />
    <nd ref="4109" />
    <nd ref="4110" />
    <nd ref="4111" />
    <nd ref="4112" />
    <nd ref="4113" />
    <nd ref="4114" />
    <nd ref="4115" />
    <nd ref="4116" />
    <nd ref="4117" />
    <nd ref="4118" />
    <nd ref="4119" />
    <nd ref="4120" />
    <nd ref="4121" />
    <nd ref="4122" />
    <nd ref="4123" />
    <nd ref="4124" />
    <nd ref="4125" />
    <nd ref="4126" />
    <nd ref="4127" />
    <nd ref="4128" />
    <nd ref="4129" />
    <nd ref="4130" />
    <nd ref="4131" />
    <nd ref="4132" />
    <nd ref="4133" />
    <nd ref="4134" />
    <nd ref="4135" />
    <nd ref="4136" />
    <nd ref="4137" />
    <nd ref="4138" />
    <nd ref="4139" />
    <nd ref="4140" />
    <nd ref="4141" />
    <nd ref="4142" />
    <nd ref="4143" />
    <nd ref="4144" />
    <nd ref="4145" />
    <nd ref="4146" />
    <nd ref="4147" />
    <nd ref="4148" />
    <nd ref="4149" />
    <nd ref="4150" />
    <nd ref="4151" />
    <nd ref="4152" />
    <nd ref="4153" />
    <nd ref="4154" />
    <nd ref="4155" />
    <nd ref="4156" />
    <nd ref="4157" />
    <nd ref="4158" />
    <nd ref="4159" />
    <nd ref="4160" />
    <nd ref="4161" />
    <nd ref="4162" />
    <nd ref="4163" />
    <nd ref="4164" />
    <nd ref="4165" />
    <nd ref="4166" />
    <nd ref="4167" />
    <nd ref="4168" />
    <nd ref="4169" />
    <nd ref="4170" />
    <nd ref="4171" />
    <nd ref="4172" />
    <nd ref="4173" />
    <nd ref="4174" />
    <nd ref="4175" />
    <nd ref="4176" />
    <nd ref="4177" />
    <nd ref="4178" />
    <nd ref="4179" />
    <nd ref="4180" />
    <nd ref="4181" />
    <nd ref="4182" />
    <nd ref="4183" />
    <nd ref="4184" />
    <nd ref="4185" />
    <nd ref="4186" />
    <nd ref="4187" />
    <nd ref="4188" />
    <nd ref="4189" />
    <nd ref="4190" />
    <nd ref="4191" />
    <nd ref="4192" />
    <nd ref="4193" />
    <nd ref="4194" />
    <nd ref="4195" />
    <nd ref="4196" />
    <nd ref="4197" />
    <nd ref="4198" />
    <nd ref="4199" />
    <nd ref="4200" />
    <nd ref="4201" />
    <nd ref="4202" />
    <nd ref="4203" />
    <nd ref="4204" />
    <nd ref="4205" />
    <nd ref="4206" />
    <nd ref="4207" />
    <nd ref="4208" />
    <nd ref="4209" />
    <nd ref="4210" />
    <nd ref="4211" />
    <nd ref="4212" />
    <nd ref="4213" />
    <nd ref="4214" />
    <nd ref="4215" />
    <nd ref="4216" />
    <nd ref="4217" />
    <nd ref="4218" />
    <nd ref="4219" />
    <nd ref="4220" />
    <nd ref="4221" />
    <nd ref="4222" />
    <nd ref="4223" />
    <nd ref="4224" />
    <nd ref="4225" />
    <nd ref="4226" />
    <nd ref="4227" />
    <nd ref="4228" />
    <nd ref="4229" />
    <nd ref="4230" />
    <nd ref="4231" />
    <nd ref="4232" />
    <nd ref="4233" />
    <nd ref="4234" />
    <nd ref="4235" />
    <nd ref="4236" />
    <nd ref="4237" />
    <nd ref="4238" />
    <nd ref="4239" />
    <nd ref="4240" />
    <nd ref="4241" />
    <nd ref="4242" />
    <nd ref="4243" />
    <nd ref="4244" />
    <nd ref="4245" />
    <nd ref="4246" />
    <nd ref="4247" />
    <nd ref="4248" />
    <nd ref="4249" />
    <nd ref="4250" />
    <nd ref="4251" />
    <nd ref="4252" />
    <nd ref="4253" />
    <nd ref="4254" />
    <nd ref="4255" />
    <nd ref="4256" />
    <nd ref="4257" />
    <nd ref="4258" />
    <nd ref="4259" />
    <nd ref="4260" />
    <nd ref="4261" />
    <nd ref="4262" />
    <nd ref="4263" />
    <nd ref="4264" />
    <nd ref="4265" />
    <nd ref="4266" />
    <nd ref="4267" />
    <nd ref="4268" />
    <nd ref="4269" />
    <nd ref="4270" />
    <nd ref="4271" />
    <nd ref="4272" />
    <nd ref="4273" />
    <nd ref="4274" />
    <nd ref="4275" />
    <nd ref="4276" />
    <nd ref="4277" />
    <nd ref="4278" />
    <nd ref="4279" />
    <nd ref="4280" />
    <nd ref="4281" />
    <nd ref="4282" />
    <nd ref="4283" />
    <nd ref="4284" />
    <nd ref="4285" />
    <nd ref="4286" />
    <nd ref="4287" />
    <nd ref="4288" />
    <nd ref="4289" />
    <nd ref="4290" />
    <nd ref="4291" />
    <nd ref="4292" />
    <nd ref="4293" />
    <nd ref="4294" />
    <nd ref="4295" />
    <nd ref="4296" />
    <nd ref="4297" />
    <nd ref="4298" />
    <nd ref="4299" />
    <nd ref="4300" />
    <nd ref="4301" />
    <nd ref="4302" />
    <nd ref="4303" />
    <nd ref="4304" />
    <nd ref="4305" />
    <nd ref="4306" />
    <nd ref="4307" />
    <nd ref="4308" />
    <nd ref="4309" />
    <nd ref="4310" />
    <nd ref="4311" />
    <nd ref="4312" />
    <nd ref="4313" />
    <nd ref="4314" />
    <nd ref="4315" />
    <nd ref="4316" />
    <nd ref="4317" />
    <nd ref="4318" />
    <nd ref="4319" />
    <nd ref="4320" />
    <nd ref="4321" />
    <nd ref="4322" />
    <nd ref="4323" />
    <nd ref="4324" />
    <nd ref="4325" />
    <nd ref="4326" />
    <nd ref="4327" />
    <nd ref="4328" />
    <nd ref="4329" />
    <nd ref="4330" />
    <nd ref="4331" />
    <nd ref="4332" />
    <nd ref="4333" />
    <nd ref="4334" />
    <nd ref="4335" />
    <nd ref="4336" />
    <nd ref="4337" />
    <nd ref="4338" />
    <nd ref="4339" />
    <nd ref="4340" />
    <nd ref="4341" />
    <nd ref="4342" />
    <nd ref="4343" />
    <nd ref="4344" />
    <nd ref="4345" />
    <nd ref="4346" />
    <nd ref="4347" />
    <nd ref="4348" />
    <nd ref="4349" />
    <nd ref="4350" />
    <nd ref="4351" />
    <nd ref="4352" />
    <nd ref="4353" />
    <nd ref="4354" />
    <nd ref="4355" />
    <nd ref="4356" />
    <nd ref="4357" />
    <nd ref="4358" />
    <nd ref="4359" />
    <nd ref="4360" />
    <nd ref="4361" />
    <nd ref="4362" />
    <nd ref="4363" />
    <nd ref="4364" />
    <nd ref="4365" />
    <nd ref="4366" />
    <nd ref="4367" />
    <nd ref="4368" />
    <nd ref="4369" />
    <nd ref="4370" />
    <nd ref="4371" />
    <nd ref="4372" />
    <nd ref="4373" />
    <nd ref="4374" />
    <nd ref="4375" />
    <nd ref="4376" />
    <nd ref="4377" />
    <nd ref="4378" />
    <nd ref="4379" />
    <nd ref="4380" />
    <nd ref="4381" />
    <nd ref="4382" />
    <nd ref="4383" />
    <nd ref="4384" />
    <nd ref="4385" />
    <nd ref="4386" />
    <nd ref="4387" />
    <nd ref="4388" />
    <nd ref="4389" />
    <nd ref="4390" />
    <nd ref="4391" />
    <nd ref="4392" />
    <nd ref="4393" />
    <nd ref="4394" />
    <nd ref="4395" />
    <nd ref="4396" />
    <nd ref="4397" />
    <nd ref="4398" />
    <nd ref="4399" />
    <nd ref="4400" />
    <nd ref="4401" />
    <nd ref="4402" />
    <nd ref="4403" />
    <nd ref="4404" />
    <nd ref="4405" />
    <nd ref="4406" />
    <nd ref="4407" />
    <nd ref="4408" />
    <nd ref="4409" />
    <nd ref="4410" />
    <nd ref="4411" />
    <nd ref="4412" />
    <nd ref="4413" />
    <nd ref="4414" />
  </way>
  <way id="5269" visible="true" version="1">
    <nd ref="4416" />
    <nd ref="4417" />
    <nd ref="4418" />
    <nd ref="4419" />
    <nd ref="4420" />
    <nd ref="4421" />
    <nd ref="4422" />
    <nd ref="4423" />
    <nd ref="4424" />
    <nd ref="4425" />
    <nd ref="4426" />
    <nd ref="4427" />
    <nd ref="4428" />
    <nd ref="4429" />
    <nd ref="4430" />
    <nd ref="4431" />
    <nd ref="4432" />
    <nd ref="4433" />
    <nd ref="4434" />
    <nd ref="4435" />
    <nd ref="4436" />
    <nd ref="4437" />
    <nd ref="4438" />
    <nd ref="4439" />
    <nd ref="4440" />
    <nd ref="4441" />
    <nd ref="4442" />
    <nd ref="4443" />
    <nd ref="4444" />
    <nd ref="4445" />
    <nd ref="4446" />
    <nd ref="4447" />
    <nd ref="4448" />
    <nd ref="4449" />
    <nd ref="4450" />
    <nd ref="4451" />
    <nd ref="4452" />
    <nd ref="4453" />
    <nd ref="4454" />
    <nd ref="4455" />
    <nd ref="4456" />
    <nd ref="4457" />
    <nd ref="4458" />
    <nd ref="4459" />
    <nd ref="4460" />
    <nd ref="4461" />
    <nd ref="4462" />
    <nd ref="4463" />
    <nd ref="4464" />
    <nd ref="4465" />
    <nd ref="4466" />
    <nd ref="4467" />
    <nd ref="4468" />
    <nd ref="4469" />
    <nd ref="4470" />
    <nd ref="4471" />
    <nd ref="4472" />
    <nd ref="4473" />
    <nd ref="4474" />
    <nd ref="4475" />
    <nd ref="4476" />
    <nd ref="4477" />
    <nd ref="4478" />
    <nd ref="4479" />
    <nd ref="4480" />
    <nd ref="4481" />
    <nd ref="4482" />
    <nd ref="4483" />
    <nd ref="4484" />
    <nd ref="4485" />
    <nd ref="4486" />
    <nd ref="4487" />
    <nd ref="4488" />
    <nd ref="4489" />
    <nd ref="4490" />
    <nd ref="4491" />
    <nd ref="4492" />
    <nd ref="4493" />
    <nd ref="4494" />
    <nd ref="4495" />
    <nd ref="4496" />
    <nd ref="4497" />
    <nd ref="4498" />
    <nd ref="4499" />
    <nd ref="4500" />
    <nd ref="4501" />
    <nd ref="4502" />
    <nd ref="4503" />
    <nd ref="4504" />
    <nd ref="4505" />
    <nd ref="4506" />
    <nd ref="4507" />
    <nd ref="4508" />
    <nd ref="4509" />
    <nd ref="4510" />
    <nd ref="4511" />
    <nd ref="4512" />
    <nd ref="4513" />
    <nd ref="4514" />
    <nd ref="4515" />
    <nd ref="4516" />
    <nd ref="4517" />
    <nd ref="4518" />
    <nd ref="4519" />
    <nd ref="4520" />
    <nd ref="4521" />
    <nd ref="4522" />
    <nd ref="4523" />
    <nd ref="4524" />
    <nd ref="4525" />
    <nd ref="4526" />
    <nd ref="4527" />
    <nd ref="4528" />
    <nd ref="4529" />
    <nd ref="4530" />
    <nd ref="4531" />
    <nd ref="4532" />
    <nd ref="4533" />
    <nd ref="4534" />
    <nd ref="4535" />
    <nd ref="4536" />
    <nd ref="4537" />
    <nd ref="4538" />
    <nd ref="4539" />
    <nd ref="4540" />
    <nd ref="4541" />
    <nd ref="4542" />
    <nd ref="4543" />
    <nd ref="4544" />
    <nd ref="4545" />
    <nd ref="4546" />
    <nd ref="4547" />
    <nd ref="4548" />
    <nd ref="4549" />
    <nd ref="4550" />
    <nd ref="4551" />
    <nd ref="4552" />
    <nd ref="4553" />
    <nd ref="4554" />
    <nd ref="4555" />
    <nd ref="4556" />
    <nd ref="4557" />
    <nd ref="4558" />
    <nd ref="4559" />
    <nd ref="4560" />
    <nd ref="4561" />
    <nd ref="4562" />
    <nd ref="4563" />
    <nd ref="4564" />
    <nd ref="4565" />
    <nd ref="4566" />
    <nd ref="4567" />
    <nd ref="4568" />
    <nd ref="4569" />
    <nd ref="4570" />
    <nd ref="4571" />
    <nd ref="4572" />
    <nd ref="4573" />
    <nd ref="4574" />
    <nd ref="4575" />
    <nd ref="4576" />
    <nd ref="4577" />
    <nd ref="4578" />
    <nd ref="4579" />
    <nd ref="4580" />
    <nd ref="4581" />
    <nd ref="4582" />
    <nd ref="4583" />
    <nd ref="4584" />
    <nd ref="4585" />
    <nd ref="4586" />
    <nd ref="4587" />
    <nd ref="4588" />
    <nd ref="4589" />
    <nd ref="4590" />
    <nd ref="4591" />
    <nd ref="4592" />
    <nd ref="4593" />
    <nd ref="4594" />
    <nd ref="4595" />
    <nd ref="4596" />
    <nd ref="4597" />
    <nd ref="4598" />
    <nd ref="4599" />
    <nd ref="4600" />
    <nd ref="4601" />
    <nd ref="4602" />
    <nd ref="4603" />
    <nd ref="4604" />
    <nd ref="4605" />
    <nd ref="4606" />
    <nd ref="4607" />
    <nd ref="4608" />
    <nd ref="4609" />
    <nd ref="4610" />
    <nd ref="4611" />
    <nd ref="4612" />
    <nd ref="4613" />
    <nd ref="4614" />
    <nd ref="4615" />
    <nd ref="4616" />
    <nd ref="4617" />
    <nd ref="4618" />
    <nd ref="4619" />
    <nd ref="4620" />
    <nd ref="4621" />
    <nd ref="4622" />
    <nd ref="4623" />
    <nd ref="4624" />
    <nd ref="4625" />
    <nd ref="4626" />
    <nd ref="4627" />
    <nd ref="4628" />
    <nd ref="4629" />
    <nd ref="4630" />
    <nd ref="4631" />
    <nd ref="4632" />
    <nd ref="4633" />
    <nd ref="4634" />
    <nd ref="4635" />
    <nd ref="4636" />
    <nd ref="4637" />
    <nd ref="4638" />
    <nd ref="4639" />
    <nd ref="4640" />
    <nd ref="4641" />
    <nd ref="4642" />
    <nd ref="4643" />
    <nd ref="4644" />
    <nd ref="4645" />
    <nd ref="4646" />
    <nd ref="4647" />
    <nd ref="4648" />
    <nd ref="4649" />
    <nd ref="4650" />
    <nd ref="4651" />
    <nd ref="4652" />
    <nd ref="4653" />
    <nd ref="4654" />
    <nd ref="4655" />
    <nd ref="4656" />
    <nd ref="4657" />
    <nd ref="4658" />
    <nd ref="4659" />
    <nd ref="4660" />
    <nd ref="4661" />
    <nd ref="4662" />
    <nd ref="4663" />
    <nd ref="4664" />
    <nd ref="4665" />
    <nd ref="4666" />
    <nd ref="4667" />
    <nd ref="4668" />
    <nd ref="4669" />
    <nd ref="4670" />
    <nd ref="4671" />
    <nd ref="4672" />
    <nd ref="4673" />
    <nd ref="4674" />
    <nd ref="4675" />
    <nd ref="4676" />
    <nd ref="4677" />
    <nd ref="4678" />
    <nd ref="4679" />
    <nd ref="4680" />
    <nd ref="4681" />
    <nd ref="4682" />
    <nd ref="4683" />
    <nd ref="4684" />
    <nd ref="4685" />
    <nd ref="4686" />
    <nd ref="4687" />
    <nd ref="4688" />
    <nd ref="4689" />
    <nd ref="4690" />
    <nd ref="4691" />
    <nd ref="4692" />
    <nd ref="4693" />
    <nd ref="4694" />
    <nd ref="4695" />
    <nd ref="4696" />
    <nd ref="4697" />
    <nd ref="4698" />
    <nd ref="4699" />
    <nd ref="4700" />
    <nd ref="4701" />
    <nd ref="4702" />
    <nd ref="4703" />
    <nd ref="4704" />
    <nd ref="4705" />
    <nd ref="4706" />
    <nd ref="4707" />
    <nd ref="4708" />
    <nd ref="4709" />
    <nd ref="4710" />
    <nd ref="4711" />
    <nd ref="4712" />
    <nd ref="4713" />
    <nd ref="4714" />
    <nd ref="4715" />
    <nd ref="4716" />
    <nd ref="4717" />
    <nd ref="4718" />
    <nd ref="4719" />
    <nd ref="4720" />
    <nd ref="4721" />
    <nd ref="4722" />
    <nd ref="4723" />
    <nd ref="4724" />
    <nd ref="4725" />
    <nd ref="4726" />
    <nd ref="4727" />
    <nd ref="4728" />
    <nd ref="4729" />
    <nd ref="4730" />
    <nd ref="4731" />
    <nd ref="4732" />
    <nd ref="4733" />
    <nd ref="4734" />
    <nd ref="4735" />
    <nd ref="4736" />
    <nd ref="4737" />
    <nd ref="4738" />
    <nd ref="4739" />
    <nd ref="4740" />
    <nd ref="4741" />
    <nd ref="4742" />
    <nd ref="4743" />
    <nd ref="4744" />
    <nd ref="4745" />
    <nd ref="4746" />
    <nd ref="4747" />
    <nd ref="4748" />
    <nd ref="4749" />
    <nd ref="4750" />
    <nd ref="4751" />
    <nd ref="4752" />
    <nd ref="4753" />
    <nd ref="4754" />
    <nd ref="4755" />
    <nd ref="4756" />
    <nd ref="4757" />
    <nd ref="4758" />
    <nd ref="4759" />
    <nd ref="4760" />
    <nd ref="4761" />
    <nd ref="4762" />
    <nd ref="4763" />
    <nd ref="4764" />
    <nd ref="4765" />
    <nd ref="4766" />
    <nd ref="4767" />
    <nd ref="4768" />
    <nd ref="4769" />
    <nd ref="4770" />
    <nd ref="4771" />
    <nd ref="4772" />
    <nd ref="4773" />
    <nd ref="4774" />
    <nd ref="4775" />
    <nd ref="4776" />
    <nd ref="4777" />
    <nd ref="4778" />
    <nd ref="4779" />
    <nd ref="4780" />
    <nd ref="4781" />
    <nd ref="4782" />
    <nd ref="4783" />
    <nd ref="4784" />
    <nd ref="4785" />
    <nd ref="4786" />
    <nd ref="4787" />
    <nd ref="4788" />
    <nd ref="4789" />
    <nd ref="4790" />
    <nd ref="4791" />
    <nd ref="4792" />
    <nd ref="4793" />
    <nd ref="4794" />
    <nd ref="4795" />
    <nd ref="4796" />
    <nd ref="4797" />
    <nd ref="4798" />
    <nd ref="4799" />
    <nd ref="4800" />
    <nd ref="4801" />
    <nd ref="4802" />
    <nd ref="4803" />
    <nd ref="4804" />
    <nd ref="4805" />
    <nd ref="4806" />
    <nd ref="4807" />
    <nd ref="4808" />
    <nd ref="4809" />
    <nd ref="4810" />
    <nd ref="4811" />
    <nd ref="4812" />
    <nd ref="4813" />
    <nd ref="4814" />
    <nd ref="4815" />
    <nd ref="4816" />
    <nd ref="4817" />
    <nd ref="4818" />
    <nd ref="4819" />
    <nd ref="4820" />
    <nd ref="4821" />
    <nd ref="4822" />
    <nd ref="4823" />
    <nd ref="4824" />
    <nd ref="4825" />
    <nd ref="4826" />
    <nd ref="4827" />
    <nd ref="4828" />
    <nd ref="4829" />
    <nd ref="4830" />
    <nd ref="4831" />
    <nd ref="4832" />
    <nd ref="4833" />
    <nd ref="4834" />
    <nd ref="4835" />
    <nd ref="4836" />
    <nd ref="4837" />
    <nd ref="4838" />
    <nd ref="4839" />
    <nd ref="4840" />
    <nd ref="4841" />
    <nd ref="4842" />
    <nd ref="4843" />
    <nd ref="4844" />
    <nd ref="4845" />
    <nd ref="4846" />
    <nd ref="4847" />
    <nd ref="4848" />
    <nd ref="4849" />
    <nd ref="4850" />
    <nd ref="4851" />
    <nd ref="4852" />
    <nd ref="4853" />
    <nd ref="4854" />
    <nd ref="4855" />
    <nd ref="4856" />
    <nd ref="4857" />
    <nd ref="4858" />
    <nd ref="4859" />
    <nd ref="4860" />
    <nd ref="4861" />
    <nd ref="4862" />
    <nd ref="4863" />
    <nd ref="4864" />
    <nd ref="4865" />
    <nd ref="4866" />
    <nd ref="4867" />
    <nd ref="4868" />
    <nd ref="4869" />
    <nd ref="4870" />
    <nd ref="4871" />
    <nd ref="4872" />
    <nd ref="4873" />
    <nd ref="4874" />
    <nd ref="4875" />
    <nd ref="4876" />
    <nd ref="4877" />
    <nd ref="4878" />
    <nd ref="4879" />
    <nd ref="4880" />
    <nd ref="4881" />
    <nd ref="4882" />
    <nd ref="4883" />
    <nd ref="4884" />
    <nd ref="4885" />
    <nd ref="4886" />
    <nd ref="4887" />
    <nd ref="4888" />
    <nd ref="4889" />
    <nd ref="4890" />
    <nd ref="4891" />
    <nd ref="4892" />
    <nd ref="4893" />
    <nd ref="4894" />
    <nd ref="4895" />
    <nd ref="4896" />
    <nd ref="4897" />
    <nd ref="4898" />
    <nd ref="4899" />
    <nd ref="4900" />
    <nd ref="4901" />
    <nd ref="4902" />
    <nd ref="4903" />
    <nd ref="4904" />
    <nd ref="4905" />
    <nd ref="4906" />
    <nd ref="4907" />
    <nd ref="4908" />
    <nd ref="4909" />
    <nd ref="4910" />
    <nd ref="4911" />
    <nd ref="4912" />
    <nd ref="4913" />
    <nd ref="4914" />
    <nd ref="4915" />
    <nd ref="4916" />
    <nd ref="4917" />
    <nd ref="4918" />
    <nd ref="4919" />
    <nd ref="4920" />
    <nd ref="4921" />
    <nd ref="4922" />
    <nd ref="4923" />
    <nd ref="4924" />
    <nd ref="4925" />
    <nd ref="4926" />
    <nd ref="4927" />
    <nd ref="4928" />
    <nd ref="4929" />
    <nd ref="4930" />
    <nd ref="4931" />
    <nd ref="4932" />
    <nd ref="4933" />
    <nd ref="4934" />
    <nd ref="4935" />
    <nd ref="4936" />
    <nd ref="4937" />
    <nd ref="4938" />
    <nd ref="4939" />
    <nd ref="4940" />
    <nd ref="4941" />
    <nd ref="4942" />
    <nd ref="4943" />
    <nd ref="4944" />
    <nd ref="4945" />
    <nd ref="4946" />
    <nd ref="4947" />
    <nd ref="4948" />
    <nd ref="4949" />
    <nd ref="4950" />
    <nd ref="4951" />
    <nd ref="4952" />
    <nd ref="4953" />
    <nd ref="4954" />
    <nd ref="4955" />
    <nd ref="4956" />
    <nd ref="4957" />
    <nd ref="4958" />
    <nd ref="4959" />
    <nd ref="4960" />
    <nd ref="4961" />
    <nd ref="4962" />
    <nd ref="4963" />
    <nd ref="4964" />
    <nd ref="4965" />
    <nd ref="4966" />
    <nd ref="4967" />
    <nd ref="4968" />
    <nd ref="4969" />
    <nd ref="4970" />
    <nd ref="4971" />
    <nd ref="4972" />
    <nd ref="4973" />
    <nd ref="4974" />
    <nd ref="4975" />
    <nd ref="4976" />
    <nd ref="4977" />
    <nd ref="4978" />
    <nd ref="4979" />
    <nd ref="4980" />
    <nd ref="4981" />
    <nd ref="4982" />
    <nd ref="4983" />
    <nd ref="4984" />
    <nd ref="4985" />
    <nd ref="4986" />
    <nd ref="4987" />
    <nd ref="4988" />
    <nd ref="4989" />
    <nd ref="4990" />
    <nd ref="4991" />
    <nd ref="4992" />
    <nd ref="4993" />
    <nd ref="4994" />
    <nd ref="4995" />
    <nd ref="4996" />
    <nd ref="4997" />
    <nd ref="4998" />
    <nd ref="4999" />
    <nd ref="5000" />
    <nd ref="5001" />
    <nd ref="5002" />
    <nd ref="5003" />
    <nd ref="5004" />
    <nd ref="5005" />
    <nd ref="5006" />
    <nd ref="5007" />
    <nd ref="5008" />
    <nd ref="5009" />
    <nd ref="5010" />
    <nd ref="5011" />
    <nd ref="5012" />
    <nd ref="5013" />
    <nd ref="5014" />
    <nd ref="5015" />
    <nd ref="5016" />
    <nd ref="5017" />
    <nd ref="5018" />
    <nd ref="5019" />
    <nd ref="5020" />
    <nd ref="5021" />
    <nd ref="5022" />
    <nd ref="5023" />
    <nd ref="5024" />
    <nd ref="5025" />
    <nd ref="5026" />
    <nd ref="5027" />
    <nd ref="5028" />
    <nd ref="5029" />
    <nd ref="5030" />
    <nd ref="5031" />
    <nd ref="5032" />
    <nd ref="5033" />
    <nd ref="5034" />
    <nd ref="5035" />
    <nd ref="5036" />
    <nd ref="5037" />
    <nd ref="5038" />
    <nd ref="5039" />
    <nd ref="5040" />
    <nd ref="5041" />
    <nd ref="5042" />
    <nd ref="5043" />
    <nd ref="5044" />
    <nd ref="5045" />
    <nd ref="5046" />
    <nd ref="5047" />
    <nd ref="5048" />
    <nd ref="5049" />
    <nd ref="5050" />
    <nd ref="5051" />
    <nd ref="5052" />
    <nd ref="5053" />
    <nd ref="5054" />
    <nd ref="5055" />
    <nd ref="5056" />
    <nd ref="5057" />
    <nd ref="5058" />
    <nd ref="5059" />
    <nd ref="5060" />
    <nd ref="5061" />
    <nd ref="5062" />
    <nd ref="5063" />
    <nd ref="5064" />
    <nd ref="5065" />
    <nd ref="5066" />
    <nd ref="5067" />
    <nd ref="5068" />
    <nd ref="5069" />
    <nd ref="5070" />
    <nd ref="5071" />
    <nd ref="5072" />
    <nd ref="5073" />
    <nd ref="5074" />
    <nd ref="5075" />
    <nd ref="5076" />
    <nd ref="5077" />
    <nd ref="5078" />
    <nd ref="5079" />
    <nd ref="5080" />
    <nd ref="5081" />
    <nd ref="5082" />
    <nd ref="5083" />
    <nd ref="5084" />
    <nd ref="5085" />
    <nd ref="5086" />
    <nd ref="5087" />
    <nd ref="5088" />
    <nd ref="5089" />
    <nd ref="5090" />
    <nd ref="5091" />
    <nd ref="5092" />
    <nd ref="5093" />
    <nd ref="5094" />
    <nd ref="5095" />
    <nd ref="5096" />
    <nd ref="5097" />
    <nd ref="5098" />
    <nd ref="5099" />
    <nd ref="5100" />
    <nd ref="5101" />
    <nd ref="5102" />
    <nd ref="5103" />
    <nd ref="5104" />
    <nd ref="5105" />
    <nd ref="5106" />
    <nd ref="5107" />
    <nd ref="5108" />
    <nd ref="5109" />
    <nd ref="5110" />
    <nd ref="5111" />
    <nd ref="5112" />
    <nd ref="5113" />
    <nd ref="5114" />
    <nd ref="5115" />
    <nd ref="5116" />
    <nd ref="5117" />
    <nd ref="5118" />
    <nd ref="5119" />
    <nd ref="5120" />
    <nd ref="5121" />
    <nd ref="5122" />
    <nd ref="5123" />
    <nd ref="5124" />
    <nd ref="5125" />
    <nd ref="5126" />
    <nd ref="5127" />
    <nd ref="5128" />
    <nd ref="5129" />
    <nd ref="5130" />
    <nd ref="5131" />
    <nd ref="5132" />
    <nd ref="5133" />
    <nd ref="5134" />
    <nd ref="5135" />
    <nd ref="5136" />
    <nd ref="5137" />
    <nd ref="5138" />
    <nd ref="5139" />
    <nd ref="5140" />
    <nd ref="5141" />
    <nd ref="5142" />
    <nd ref="5143" />
    <nd ref="5144" />
    <nd ref="5145" />
    <nd ref="5146" />
    <nd ref="5147" />
    <nd ref="5148" />
    <nd ref="5149" />
    <nd ref="5150" />
    <nd ref="5151" />
    <nd ref="5152" />
    <nd ref="5153" />
    <nd ref="5154" />
    <nd ref="5155" />
    <nd ref="5156" />
    <nd ref="5157" />
    <nd ref="5158" />
    <nd ref="5159" />
    <nd ref="5160" />
    <nd ref="5161" />
    <nd ref="5162" />
    <nd ref="5163" />
    <nd ref="5164" />
    <nd ref="5165" />
    <nd ref="5166" />
    <nd ref="5167" />
    <nd ref="5168" />
    <nd ref="5169" />
    <nd ref="5170" />
    <nd ref="5171" />
    <nd ref="5172" />
    <nd ref="5173" />
    <nd ref="5174" />
    <nd ref="5175" />
    <nd ref="5176" />
    <nd ref="5177" />
    <nd ref="5178" />
    <nd ref="5179" />
    <nd ref="5180" />
    <nd ref="5181" />
    <nd ref="5182" />
    <nd ref="5183" />
    <nd ref="5184" />
    <nd ref="5185" />
    <nd ref="5186" />
    <nd ref="5187" />
    <nd ref="5188" />
    <nd ref="5189" />
    <nd ref="5190" />
    <nd ref="5191" />
    <nd ref="5192" />
    <nd ref="5193" />
    <nd ref="5194" />
    <nd ref="5195" />
    <nd ref="5196" />
    <nd ref="5197" />
    <nd ref="5198" />
    <nd ref="5199" />
    <nd ref="5200" />
    <nd ref="5201" />
    <nd ref="5202" />
    <nd ref="5203" />
    <nd ref="5204" />
    <nd ref="5205" />
    <nd ref="5206" />
    <nd ref="5207" />
    <nd ref="5208" />
    <nd ref="5209" />
    <nd ref="5210" />
    <nd ref="5211" />
    <nd ref="5212" />
    <nd ref="5213" />
    <nd ref="5214" />
    <nd ref="5215" />
    <nd ref="5216" />
    <nd ref="5217" />
    <nd ref="5218" />
    <nd ref="5219" />
    <nd ref="5220" />
    <nd ref="5221" />
    <nd ref="5222" />
    <nd ref="5223" />
    <nd ref="5224" />
    <nd ref="5225" />
    <nd ref="5226" />
    <nd ref="5227" />
    <nd ref="5228" />
    <nd ref="5229" />
    <nd ref="5230" />
    <nd ref="5231" />
    <nd ref="5232" />
    <nd ref="5233" />
    <nd ref="5234" />
    <nd ref="5235" />
    <nd ref="5236" />
    <nd ref="5237" />
    <nd ref="5238" />
    <nd ref="5239" />
    <nd ref="5240" />
    <nd ref="5241" />
    <nd ref="5242" />
    <nd ref="5243" />
    <nd ref="5244" />
    <nd ref="5245" />
    <nd ref="5246" />
    <nd ref="5247" />
    <nd ref="5248" />
    <nd ref="5249" />
    <nd ref="5250" />
    <nd ref="5251" />
    <nd ref="5252" />
    <nd ref="5253" />
    <nd ref="5254" />
    <nd ref="5255" />
    <nd ref="5256" />
    <nd ref="5257" />
    <nd ref="5258" />
    <nd ref="5259" />
    <nd ref="5260" />
    <nd ref="5261" />
    <nd ref="5262" />
    <nd ref="5263" />
    <nd ref="5264" />
    <nd ref="5265" />
    <nd ref="5266" />
    <nd ref="5267" />
    <nd ref="5268" />
    <tag k="subtype" v="solid" />
    <tag k="type" v="line_thin" />
  </way>
  <relation id="1000" visible="true" version="1">
    <member type="way" ref="3561" role="left" />
    <member type="way" ref="1853" role="right" />
    <member type="way" ref="2707" role="centerline" />
    <tag k="location" v="nonurban" />
    <tag k="one_way" v="yes" />
    <tag k="region" v="de" />
    <tag k="speed_limit" v="18.0" />
    <tag k="subtype" v="highway" />
    <tag k="type" v="lanelet" />
  </relation>
  <relation id="1001" visible="true" version="1">
    <member type="way" ref="5269" role="left" />
    <member type="way" ref="3561" role="right" />
    <member type="way" ref="4415" role="centerline" />
    <tag k="location" v="nonurban" />
    <tag k="one_way" v="yes" />
    <tag k="region" v="de" />
    <tag k="speed_limit" v="18.0" />
    <tag k="subtype" v="highway" />
    <tag k="type" v="lanelet" />
  </relation>
</osm>
